timestep,reward
1,48.46719
2,48.58076
3,26.163706
4,-12.662107
5,-75.551315
6,-154.85158
7,-232.20026
8,-276.9922
9,-275.8039
10,-221.81798
11,-145.94823
12,-66.71283
13,-7.5781956
14,26.484594
15,46.881855
16,52.771683
17,54.636486
18,55.037563
19,54.95449
20,54.641296
21,54.15864
22,53.538918
23,52.787056
24,51.877094
25,50.734524
26,49.208942
27,47.067013
28,43.972366
29,39.45552
30,32.901337
31,23.5493
32,10.447915
33,-7.576786
34,-31.91044
35,-63.96293
36,-104.8783
37,-155.55675
38,-216.63718
39,-288.33185
40,-369.67697
41,2.5092123
42,-2.030678
43,-5.9824944
44,-24.081556
45,-11.069051
46,-11.724322
47,-10.9034
48,-8.56293
49,-24.35584
50,-16.557547
51,-34.58388
52,-22.088144
53,-24.214424
54,-26.113321
55,-27.861853
56,-27.980879
57,-26.0
58,-41.0
59,-26.0
60,-26.0
61,-26.0
62,-41.0
63,-26.0
64,-26.0
65,-26.0
66,-26.0
67,-26.0
68,-26.0
69,-41.0
70,-41.0
71,-26.0
72,-26.0
73,-41.0
74,-41.0
75,-26.0
76,-26.0
77,-26.0
78,-26.0
79,-26.0
80,-41.0
81,-41.0
82,-26.0
83,-41.0
84,-41.0
85,-41.0
86,-41.0
87,-41.0
88,-41.0
89,-41.0
90,-41.0
91,-26.0
92,-41.0
93,-26.0
94,-41.0
95,-26.0
96,-41.0
97,-26.0
98,-41.0
99,-26.0
100,-41.0
101,-26.0
102,-26.0
103,-41.0
104,-41.0
105,-41.0
106,-26.0
107,-26.0
108,-41.0
109,-26.0
110,-26.0
111,-26.0
112,-26.0
113,-26.0
114,-41.0
115,-26.0
116,43.467182
117,48.580463
118,26.158192
119,-12.7050905
120,-75.73684
121,-155.3879
122,-233.35153
123,-278.92728
124,-278.3855
125,-224.49556
126,-147.94778
127,-67.41615
128,-6.872293
129,28.159378
130,48.83175
131,54.286903
132,55.05241
133,53.648838
134,50.77038
135,46.17274
136,39.472813
137,30.29138
138,18.236525
139,2.9244118
140,-16.058725
141,-39.22658
142,-67.15987
143,-100.5078
144,-140.0053
145,-186.4061
146,-240.39307
147,-302.6897
148,-374.12442
149,2.7499113
150,-17.057701
151,-7.0667677
152,-27.238003
153,-32.53984
154,-22.930962
155,-28.274515
156,-45.53828
157,-42.14795
158,-41.0
159,-26.0
160,-26.0
161,-26.0
162,-41.0
163,-26.0
164,-26.0
165,-26.0
166,-41.0
167,-26.0
168,-26.0
169,-41.0
170,-26.0
171,-26.0
172,-26.0
173,-26.0
174,-26.0
175,-26.0
176,-26.0
177,-41.0
178,-41.0
179,-41.0
180,-26.0
181,-26.0
182,-41.0
183,-26.0
184,-41.0
185,-41.0
186,-41.0
187,-41.0
188,-41.0
189,-26.0
190,-41.0
191,-26.0
192,-26.0
193,-41.0
194,-26.0
195,-41.0
196,-26.0
197,-41.0
198,-41.0
199,-41.0
200,-41.0
201,-41.0
202,-26.0
203,-41.0
204,-41.0
205,-26.0
206,-41.0
207,-41.0
208,-41.0
209,43.467182
210,48.580463
211,26.158596
212,-12.698009
213,-75.68522
214,-155.17395
215,-232.76033
216,-277.73187
217,-276.53552
218,-222.28178
219,-145.92361
220,-66.1163
221,-6.5161996
222,27.76385
223,48.111237
224,53.709007
225,55.067066
226,54.73809
227,53.589043
228,51.673122
229,48.888805
230,45.11977
231,40.2153
232,33.98847
233,26.173346
234,16.354584
235,3.9644873
236,-11.726486
237,-31.615831
238,-56.719692
239,-88.112076
240,-126.994286
241,-174.7172
242,-232.71104
243,-302.13718
244,-383.4891
245,1.4215555
246,-3.9780312
247,-24.530796
248,-30.106699
249,-20.44851
250,-25.255335
251,-44.18109
252,-29.719044
253,-26.231436
254,-41.0
255,-26.0
256,-26.0
257,-41.0
258,-26.0
259,-41.0
260,-26.0
261,-41.0
262,-26.0
263,-41.0
264,-41.0
265,-26.0
266,-26.0
267,-41.0
268,-41.0
269,-41.0
270,-41.0
271,-26.0
272,-26.0
273,-26.0
274,-26.0
275,-41.0
276,-26.0
277,-41.0
278,-41.0
279,-26.0
280,-26.0
281,-26.0
282,-26.0
283,-26.0
284,-41.0
285,-26.0
286,-26.0
287,-26.0
288,-26.0
289,-26.0
290,-26.0
291,-26.0
292,-26.0
293,-26.0
294,-26.0
295,-26.0
296,-41.0
297,-41.0
298,-26.0
299,-41.0
300,-41.0
301,43.46719
302,48.580936
303,26.167473
304,-12.625864
305,-75.35181
306,-154.10992
307,-230.14827
308,-272.50497
309,-267.7804
310,-209.82803
311,-130.64871
312,-49.91344
313,8.16465
314,38.798847
315,49.31186
316,54.456715
317,50.01458
318,43.52846
319,35.526497
320,25.695263
321,13.94169
322,0.298863
323,-15.191623
324,-32.492043
325,-51.653683
326,-72.91898
327,-96.67798
328,-123.46074
329,-153.9391
330,-188.85309
331,-228.9427
332,-275.0785
333,-328.3244
334,-389.8833
335,2.701774
336,-1.4871914
337,-5.91008
338,-10.536635
339,-30.321148
340,-20.130476
341,-24.6927
342,-28.696714
343,-29.693792
344,-26.534502
345,-41.0
346,-41.0
347,-26.0
348,-26.0
349,-41.0
350,-26.0
351,-26.0
352,-41.0
353,-41.0
354,-26.0
355,-26.0
356,-26.0
357,-41.0
358,-26.0
359,-26.0
360,-26.0
361,-26.0
362,-26.0
363,-26.0
364,-26.0
365,-26.0
366,-26.0
367,-26.0
368,-26.0
369,-26.0
370,-26.0
371,-26.0
372,-26.0
373,-26.0
374,-26.0
375,-26.0
376,-26.0
377,-41.0
378,-26.0
379,-26.0
380,-26.0
381,-26.0
382,-26.0
383,-26.0
384,-26.0
385,-26.0
386,-26.0
387,-26.0
388,-26.0
389,-41.0
390,-26.0
391,-26.0
392,-26.0
393,-26.0
394,-41.0
395,-41.0
396,-26.0
397,-41.0
398,-26.0
399,-41.0
400,-26.0
401,-26.0
402,-41.0
403,-26.0
404,-26.0
405,-26.0
406,-26.0
407,43.467182
408,48.580463
409,26.158192
410,-12.705856
411,-75.74902
412,-155.47713
413,-233.7423
414,-280.11752
415,-281.13098
416,-229.54416
417,-155.62141
418,-77.25131
419,-17.621439
420,17.964458
421,40.200623
422,47.796364
423,51.017746
424,52.417336
425,53.1705
426,53.742542
427,54.218998
428,54.609093
429,54.89554
430,55.027557
431,54.90497
432,54.33967
433,53.01067
434,50.42591
435,45.88894
436,38.495274
437,27.16434
438,10.640003
439,-12.505495
440,-43.828968
441,-84.78989
442,-136.4133
443,-199.31152
444,-273.67957
445,-359.1373
446,-12.4313965
447,-2.5624778
448,-22.231276
449,-11.175882
450,-14.127752
451,-15.834555
452,-16.098236
453,-14.817556
454,-12.008664
455,-12.73763
456,-35.26724
457,-22.979027
458,-25.175524
459,-27.010216
460,-28.000647
461,-27.148144
462,-26.0
463,-26.0
464,-26.0
465,-26.0
466,-26.0
467,-41.0
468,-41.0
469,-26.0
470,-26.0
471,-41.0
472,-41.0
473,-26.0
474,-26.0
475,-41.0
476,-26.0
477,-26.0
478,-41.0
479,-26.0
480,-41.0
481,-41.0
482,-41.0
483,-25.777864
484,-25.62172
485,-26.179935
486,-41.101337
487,-41.0
488,-26.0
489,-26.0
490,-26.0
491,-26.0
492,-26.0
493,-26.0
494,-26.0
495,-41.0
496,-41.0
497,-26.0
498,-26.0
499,-26.0
500,-41.0
501,-26.0
502,-26.0
503,-26.0
504,-26.0
505,-41.0
506,-26.0
507,-26.0
508,-41.0
509,-26.0
510,-26.0
511,-26.0
512,-41.0
513,-26.0
514,-26.0
515,-26.0
516,-41.0
517,-26.0
518,-26.0
519,-26.0
520,-41.0
521,-26.0
522,-26.0
523,-41.0
524,-26.0
525,-26.0
526,-26.0
527,-41.0
528,43.467182
529,48.580463
530,26.158192
531,-12.705856
532,-75.74902
533,-155.47713
534,-233.7423
535,-280.11777
536,-281.13528
537,-229.58273
538,-155.78004
539,-77.64662
540,-18.31969
541,16.986067
542,38.996834
543,46.39107
544,49.356888
545,50.36261
546,50.563072
547,50.470493
548,50.192364
549,49.762043
550,49.216133
551,48.60189
552,48.001144
553,47.546783
554,47.390285
555,47.67223
556,48.4855
557,49.82117
558,51.52946
559,53.31416
560,54.70155
561,55.00344
562,53.31713
563,48.631893
564,39.934444
565,26.262974
566,6.8035645
567,-18.74117
568,-49.600502
569,-83.948204
570,-119.01138
571,-151.23463
572,-176.57591
573,-190.9381
574,-190.73416
575,-173.58224
576,-172.51656
577,-227.36015
578,-279.24442
579,-328.66843
580,-375.95963
581,-421.9897
582,2.842074
583,0.4487583
584,-2.0920315
585,-4.9052963
586,-8.086461
587,-11.501947
588,-29.682194
589,-32.149555
590,-18.444294
591,-18.246277
592,-16.83747
593,-30.071041
594,-28.457232
595,-12.310286
596,-11.85812
597,-12.019022
598,-12.382456
599,-12.698991
600,-27.761585
601,-27.409252
602,-11.774385
603,-11.296936
604,-11.274149
605,-11.960229
606,-28.586647
607,-31.107939
608,-19.102823
609,-22.215534
610,-25.080734
611,-27.333324
612,-43.180107
613,-27.020039
614,-26.0
615,-26.0
616,-41.0
617,-41.0
618,-26.0
619,-26.0
620,-26.0
621,-26.0
622,-26.0
623,-26.0
624,-41.0
625,-26.0
626,-26.0
627,-26.0
628,-26.0
629,-41.0
630,-26.0
631,-26.0
632,-26.0
633,-41.0
634,-41.0
635,-26.0
636,-26.0
637,-41.0
638,-41.0
639,-26.0
640,-26.0
641,-26.0
642,-26.0
643,-26.0
644,-26.0
645,-26.0
646,-26.0
647,-26.0
648,-26.0
649,-26.0
650,-26.0
651,-26.0
652,-26.0
653,-41.0
654,-26.0
655,-26.0
656,-26.0
657,-26.0
658,-41.0
659,-41.0
660,-26.0
661,-26.0
662,-26.0
663,-26.0
664,-41.0
665,-26.0
666,-26.0
667,-26.0
668,-41.0
669,-26.0
670,-26.0
671,-41.0
672,-26.0
673,-26.0
674,-26.0
675,-26.0
676,-26.0
677,-26.0
678,-26.0
679,-26.0
680,-26.0
681,-26.0
682,-26.0
683,-26.0
684,-26.0
685,-26.0
686,-41.0
687,-41.0
688,-26.0
689,-26.0
690,-26.0
691,-41.0
692,-26.0
693,-41.0
694,-26.0
695,-26.0
696,-26.0
697,-26.0
698,-26.0
699,-26.0
700,-26.0
701,-41.0
702,-26.0
703,-26.0
704,-26.0
705,-41.0
706,-41.0
707,-26.0
708,-41.0
709,-41.0
710,43.46719
711,48.580833
712,26.165588
713,-12.64142
714,-75.41588
715,-154.27713
716,-230.4684
717,-272.99783
718,-268.41672
719,-210.52603
720,-131.30305
721,-50.437756
722,7.808346
723,38.604137
724,49.252705
725,54.508038
726,50.15058
727,43.719948
728,35.744293
729,25.915552
730,14.15236
731,0.5090848
732,-14.944177
733,-32.137512
734,-51.088043
735,-71.99777
736,-95.20497
737,-121.17442
738,-150.5031
739,-183.85513
740,-221.90265
741,-265.44296
742,-315.4341
743,-372.9282
744,-438.6925
745,0.023073506
746,-4.079458
747,-8.332367
748,-12.687936
749,-32.016464
750,-21.061495
751,-24.540684
752,-27.15314
753,-28.442053
754,-42.65458
755,-26.0
756,-39.613537
757,-34.969677
758,-20.407354
759,-28.824932
760,-43.185047
761,-26.0
762,-26.0
763,-26.0
764,-26.0
765,-41.0
766,-26.0
767,-26.0
768,-26.0
769,-41.0
770,-26.0
771,-26.0
772,-26.0
773,-41.0
774,-26.0
775,-41.0
776,-26.0
777,-41.0
778,-26.0
779,-41.0
780,-26.0
781,-26.0
782,-26.0
783,-26.0
784,-26.0
785,-26.0
786,-41.0
787,-26.0
788,-41.0
789,-26.0
790,-26.0
791,-26.0
792,-26.0
793,-26.0
794,-26.0
795,-26.0
796,-26.0
797,-26.0
798,-26.0
799,-41.0
800,-41.0
801,-26.0
802,-41.0
803,-41.0
804,-26.0
805,-26.0
806,-41.0
807,-41.0
808,-41.0
809,-26.0
810,-26.0
811,-26.0
812,-26.0
813,-26.0
814,-26.0
815,-26.0
816,-41.0
817,-26.0
818,-26.0
819,-26.0
820,-41.0
821,-41.0
822,-26.0
823,-26.0
824,-26.0
825,-26.0
826,-26.0
827,-26.0
828,-26.0
829,-26.0
830,-26.0
831,43.467182
832,48.58048
833,26.159203
834,-12.689398
835,-75.63642
836,-155.01959
837,-232.43689
838,-277.24304
839,-275.99924
840,-221.91022
841,-145.92601
842,-66.586754
843,-7.3756065
844,26.72496
845,47.12416
846,52.9813
847,54.77435
848,55.052696
849,54.759792
850,54.08393
851,53.023285
852,51.552628
853,49.62262
854,47.15775
855,44.02782
856,40.003025
857,34.748917
858,27.80867
859,18.578266
860,6.3155174
861,-9.830249
862,-30.860329
863,-57.95007
864,-92.423546
865,-135.51459
866,-188.04094
867,-250.49677
868,-323.05826
869,-405.40683
870,0.511377
871,-19.178885
872,-8.438301
873,-12.013292
874,-14.644338
875,-16.087938
876,-31.152258
877,-14.736779
878,-11.850555
879,-12.533048
880,-35.003227
881,-22.695621
882,-24.901896
883,-26.7694
884,-27.975847
885,-27.390621
886,-26.0
887,-41.0
888,-26.0
889,-41.0
890,-41.0
891,-41.0
892,-26.0
893,-26.0
894,-26.0
895,-26.0
896,-26.0
897,-26.0
898,-41.0
899,-26.0
900,-26.0
901,-26.0
902,-26.0
903,-26.0
904,-26.0
905,-41.0
906,-26.0
907,-26.0
908,-26.0
909,-41.0
910,-26.0
911,-26.0
912,-26.0
913,-41.0
914,-26.0
915,-41.0
916,-26.0
917,-26.0
918,-26.0
919,-41.0
920,-26.0
921,-41.0
922,-41.0
923,-41.0
924,-26.0
925,-26.0
926,-26.0
927,-41.0
928,-41.0
929,-26.0
930,-41.0
931,-26.0
932,-26.0
933,-41.0
934,-26.0
935,-26.0
936,-26.0
937,-26.0
938,-41.0
939,-26.0
940,-26.0
941,-26.0
942,-41.0
943,-41.0
944,-26.0
945,-26.0
946,-26.0
947,-41.0
948,43.467182
949,48.580463
950,26.15846
951,-12.701168
952,-75.71312
953,-155.31442
954,-233.23465
955,-278.91864
956,-278.87305
957,-226.05281
958,-151.0848
959,-72.227165
960,-12.828218
961,22.000574
962,43.344807
963,50.155148
964,52.79395
965,53.792656
966,54.22555
967,54.47871
968,54.639507
969,54.743687
970,54.815445
971,54.871193
972,54.92364
973,54.977768
974,55.013996
975,54.96627
976,54.691067
977,53.933056
978,52.300163
979,49.23474
980,43.98106
981,35.569016
982,22.897116
983,4.921754
984,-19.290108
985,-50.510265
986,-89.21093
987,-135.03471
988,-186.14279
989,-239.48889
990,-291.0899
991,-336.29495
992,-370.13818
993,-387.77835
994,-385.0527
995,-359.146
996,-354.84845
997,-424.53067
998,-13.522702
999,-16.2777
1000,-3.743835
1001,-6.0335493
1002,-8.261279
1003,-10.544332
1004,-13.00518
1005,-15.776007
1006,-33.957382
1007,-22.374962
1008,-25.453451
1009,-27.631683
1010,-28.138792
1011,-26.898392
1012,-25.209223
1013,-22.822823
1014,-20.683212
1015,-19.38939
1016,-18.916128
1017,-19.063951
1018,-19.314209
1019,-19.413874
1020,-19.17027
1021,-18.44458
1022,-17.433748
1023,-31.648977
1024,-16.382393
1025,-31.869038
1026,-18.32545
1027,-35.671326
1028,-23.437508
1029,-41.26103
1030,-28.28995
1031,-27.803358
1032,-26.0
1033,-41.0
1034,-41.0
1035,-26.0
1036,-26.0
1037,-26.0
1038,-41.0
1039,-26.0
1040,-26.0
1041,-41.0
1042,-26.0
1043,-26.0
1044,-41.0
1045,-41.0
1046,-26.0
1047,-41.0
1048,-26.0
1049,-41.0
1050,-26.0
1051,-26.0
1052,-26.0
1053,-26.0
1054,-26.0
1055,-26.0
1056,-26.0
1057,-41.0
1058,-26.0
1059,-26.0
1060,-26.0
1061,-26.0
1062,-26.0
1063,-26.0
1064,-26.0
1065,-41.0
1066,-26.0
1067,-26.0
1068,-41.0
1069,-41.0
1070,-26.0
1071,-41.0
1072,-41.0
1073,-41.0
1074,-26.0
1075,-26.0
1076,-26.0
1077,-41.0
1078,-41.0
1079,-41.0
1080,-26.0
1081,-41.0
1082,-41.0
1083,-26.0
1084,-26.0
1085,-26.0
1086,-41.0
1087,-26.0
1088,-26.0
1089,-26.0
1090,-41.0
1091,-26.0
1092,-26.0
1093,-26.0
1094,-41.0
1095,-41.0
1096,-41.0
1097,-26.0
1098,-26.0
1099,-26.0
1100,-26.0
1101,-41.0
1102,-26.0
1103,-26.0
1104,-26.0
1105,-41.0
1106,-41.0
1107,-26.0
1108,-41.0
1109,-26.0
1110,-41.0
1111,-41.0
1112,-41.0
1113,-41.0
1114,-41.0
1115,-26.0
1116,-26.0
1117,-26.0
1118,-26.0
1119,-41.0
1120,-41.0
1121,-26.0
1122,-26.0
1123,-26.0
1124,43.467182
1125,48.58064
1126,26.161419
1127,-12.680058
1128,-75.631615
1129,-155.10185
1130,-232.79396
1131,-278.09958
1132,-277.45364
1133,-223.80872
1134,-147.91888
1135,-68.29989
1136,-8.5771885
1137,26.049484
1138,46.835716
1139,52.913303
1140,54.78952
1141,55.04813
1142,54.64092
1143,53.73048
1144,52.27766
1145,50.2153
1146,47.44728
1147,43.84825
1148,39.233562
1149,33.31118
1150,25.68003
1151,15.81263
1152,3.0344718
1153,-13.453554
1154,-34.546352
1155,-61.307327
1156,-95.002754
1157,-137.05757
1158,-188.76607
1159,-250.92729
1160,-323.96603
1161,-407.9481
1162,-14.893444
1163,-20.042656
1164,-9.992209
1165,-29.480345
1166,-18.22479
1167,-35.927677
1168,-22.30683
1169,-22.15021
1170,-35.37717
1171,-17.065248
1172,-33.031742
1173,-26.621758
1174,-28.878647
1175,-28.448357
1176,-26.0
1177,-26.0
1178,-41.0
1179,-26.0
1180,-41.0
1181,-26.0
1182,-26.0
1183,-41.0
1184,-26.0
1185,-26.0
1186,-26.0
1187,-41.0
1188,-26.0
1189,-26.0
1190,-41.0
1191,-41.0
1192,-41.0
1193,-26.0
1194,-26.0
1195,-26.0
1196,-26.0
1197,-41.0
1198,-26.0
1199,-41.0
1200,-41.0
1201,-26.0
1202,-26.0
1203,-26.0
1204,-41.0
1205,-26.0
1206,-26.0
1207,-26.0
1208,-26.0
1209,-41.0
1210,-41.0
1211,-26.0
1212,-26.0
1213,-41.0
1214,-26.0
1215,-41.0
1216,-41.0
1217,-26.0
1218,-41.0
1219,-26.0
1220,-26.0
1221,-26.0
1222,-26.0
1223,-26.0
1224,-26.0
1225,-26.0
1226,43.467182
1227,48.580585
1228,26.16142
1229,-12.669589
1230,-75.53656
1231,-154.67819
1232,-231.55782
1233,-275.42752
1234,-272.8824
1235,-217.35115
1236,-140.12941
1237,-60.15071
1238,-1.1692818
1239,31.892694
1240,50.777283
1241,54.86753
1242,54.763252
1243,53.006187
1244,50.337624
1245,46.662193
1246,41.817917
1247,35.64111
1248,27.924553
1249,18.422644
1250,6.8094373
1251,-7.3835897
1252,-24.739174
1253,-45.94902
1254,-71.81714
1255,-103.199974
1256,-140.93394
1257,-185.91423
1258,-239.13132
1259,-301.62903
1260,-374.1677
1261,2.6602132
1262,-2.156402
1263,-7.118451
1264,-12.176421
1265,-17.2013
1266,-21.933384
1267,-26.074919
1268,-29.179436
1269,-29.085695
1270,-26.0
1271,-41.0
1272,-26.0
1273,-24.483704
1274,-23.968367
1275,-42.92597
1276,-41.0
1277,-41.0
1278,-26.0
1279,-26.0
1280,-26.0
1281,-41.0
1282,-26.0
1283,-26.0
1284,-26.0
1285,-26.0
1286,-41.0
1287,-41.0
1288,-26.0
1289,-26.0
1290,-26.0
1291,-26.0
1292,-41.0
1293,-26.0
1294,-41.0
1295,-41.0
1296,-41.0
1297,-41.0
1298,-26.0
1299,-26.0
1300,-26.0
1301,-41.0
1302,-41.0
1303,-26.0
1304,-26.0
1305,-26.0
1306,-26.0
1307,-26.0
1308,-26.0
1309,-26.0
1310,-26.0
1311,-26.0
1312,-26.0
1313,-41.0
1314,-41.0
1315,-41.0
1316,-26.0
1317,-26.0
1318,-41.0
1319,-26.0
1320,-26.0
1321,-26.0
1322,-41.0
1323,-26.0
1324,-26.0
1325,-26.0
1326,-26.0
1327,-26.0
1328,-41.0
1329,-26.0
1330,-26.0
1331,-26.0
1332,43.467182
1333,48.5805
1334,26.15893
1335,-12.698668
1336,-75.70065
1337,-155.24574
1338,-232.94452
1339,-278.04556
1340,-276.90167
1341,-222.54233
1342,-145.93513
1343,-65.839455
1344,-6.0410805
1345,28.274649
1346,48.518333
1347,53.935085
1348,55.095226
1349,54.589485
1350,53.30086
1351,51.303654
1352,48.544037
1353,44.97058
1354,40.509506
1355,35.057915
1356,28.44345
1357,20.366623
1358,10.405348
1359,-1.9952953
1360,-17.531898
1361,-36.99648
1362,-61.2146
1363,-91.09952
1364,-127.679
1365,-172.05682
1366,-225.13036
1367,-287.2534
1368,-358.429
1369,-438.37393
1370,-15.940062
1371,-5.5205636
1372,-24.839909
1373,-13.65366
1374,-16.709103
1375,-18.752932
1376,-34.559574
1377,-18.972145
1378,-16.940327
1379,-28.524857
1380,-14.011696
1381,-21.466352
1382,-23.740744
1383,-40.582676
1384,-42.14348
1385,-42.805325
1386,-41.7746
1387,-26.0
1388,-41.0
1389,-41.0
1390,-26.0
1391,-41.0
1392,-26.0
1393,-26.0
1394,-26.0
1395,-26.0
1396,-41.0
1397,-41.0
1398,-26.0
1399,-26.0
1400,-26.0
1401,-41.0
1402,-41.0
1403,-41.0
1404,-26.0
1405,-26.0
1406,-26.0
1407,-26.0
1408,-26.0
1409,-26.0
1410,-41.0
1411,-41.0
1412,-26.0
1413,-26.0
1414,-26.0
1415,-41.0
1416,-41.0
1417,-26.0
1418,-26.0
1419,-26.0
1420,-41.0
1421,-26.0
1422,-26.0
1423,-26.0
1424,-26.0
1425,-41.0
1426,-41.0
1427,-41.0
1428,-26.0
1429,-26.0
1430,-26.0
1431,-26.0
1432,-26.0
1433,-26.0
1434,-26.0
1435,-41.0
1436,-41.0
1437,-41.0
1438,-26.0
1439,-26.0
1440,43.467182
1441,48.580463
1442,26.158194
1443,-12.704984
1444,-75.743324
1445,-155.45352
1446,-233.6746
1447,-279.96674
1448,-280.84882
1449,-229.08044
1450,-154.93188
1451,-76.32015
1452,-16.495535
1453,19.183516
1454,41.427303
1455,48.991875
1456,52.194183
1457,53.610344
1458,54.37196
1459,54.845985
1460,55.03527
1461,54.86219
1462,54.20847
1463,52.916634
1464,50.777374
1465,47.494366
1466,42.66866
1467,35.78408
1468,26.189613
1469,13.118185
1470,-4.272458
1471,-26.940212
1472,-55.991707
1473,-92.66087
1474,-138.06874
1475,-192.8968
1476,-257.4947
1477,-331.91748
1478,-415.76822
1479,-15.083424
1480,-4.7575717
1481,-8.978739
1482,-27.491093
1483,-15.031686
1484,-16.356108
1485,-16.278381
1486,-14.710869
1487,-11.677447
1488,-12.208346
1489,-19.45237
1490,-36.913525
1491,-23.884237
1492,-40.516186
1493,-41.96344
1494,-27.67203
1495,-41.795464
1496,-26.0
1497,-41.0
1498,-26.0
1499,-26.0
1500,-41.0
1501,-41.0
1502,-41.0
1503,-41.0
1504,-41.0
1505,-41.0
1506,-26.0
1507,-26.0
1508,-41.0
1509,-26.0
1510,-26.0
1511,-41.0
1512,-26.0
1513,-26.0
1514,-26.0
1515,-26.0
1516,-25.931034
1517,-25.906693
1518,-26.089098
1519,-26.0
1520,-26.0
1521,-26.0
1522,-26.0
1523,-26.0
1524,-41.0
1525,-26.0
1526,-26.0
1527,-26.0
1528,-41.0
1529,-26.0
1530,-26.0
1531,-26.0
1532,-41.0
1533,-26.0
1534,-26.0
1535,-26.0
1536,-26.0
1537,-26.0
1538,-41.0
1539,-26.0
1540,-26.0
1541,-26.0
1542,-41.0
1543,-26.0
1544,-41.0
1545,-26.0
1546,-26.0
1547,-26.0
1548,-26.0
1549,-26.0
1550,-26.0
1551,-26.0
1552,-26.0
1553,-26.0
1554,-26.0
1555,-41.0
1556,-26.0
1557,43.46719
1558,48.581116
1559,26.171305
1560,-12.592578
1561,-75.19494
1562,-153.63559
1563,-229.11551
1564,-270.7534
1565,-265.33743
1566,-206.91273
1567,-127.581505
1568,-47.061863
1569,10.439615
1570,40.23265
1571,49.76466
1572,53.81346
1573,48.130497
1574,40.1871
1575,30.385427
1576,18.2667
1577,3.6303236
1578,-13.5977125
1579,-33.4903
1580,-56.12553
1581,-81.68129
1582,-110.53894
1583,-143.21658
1584,-180.35616
1585,-222.73158
1586,-271.1524
1587,-326.35962
1588,-389.15152
1589,2.7059262
1590,-1.4983801
1591,-5.9711714
1592,-25.671478
1593,-15.561976
1594,-20.612495
1595,-25.781141
1596,-29.855244
1597,-44.288616
1598,-26.0
1599,-26.0
1600,-26.0
1601,-26.0
1602,-41.0
1603,-41.0
1604,-26.0
1605,-41.0
1606,-41.0
1607,-41.0
1608,-41.0
1609,-26.0
1610,-26.0
1611,-41.0
1612,-26.0
1613,-41.0
1614,-41.0
1615,-26.0
1616,-41.0
1617,-26.0
1618,-26.0
1619,-41.0
1620,-26.0
1621,-26.0
1622,-41.0
1623,-26.0
1624,-26.0
1625,-41.0
1626,-26.0
1627,-41.0
1628,-26.0
1629,-41.0
1630,-26.0
1631,-41.0
1632,-26.0
1633,-41.0
1634,-41.0
1635,-26.0
1636,-41.0
1637,-41.0
1638,-26.0
1639,-26.0
1640,-26.0
1641,-26.0
1642,-26.0
1643,-26.0
1644,-26.0
1645,-26.0
1646,-26.0
1647,-26.0
1648,-41.0
1649,-41.0
1650,43.467182
1651,48.58057
1652,26.160479
1653,-12.684517
1654,-75.632935
1655,-155.04428
1656,-232.53703
1657,-277.46466
1658,-276.35745
1659,-222.3717
1660,-146.43053
1661,-67.07919
1662,-7.812157
1663,26.374653
1664,46.868027
1665,52.815052
1666,54.691055
1667,55.052906
1668,54.8643
1669,54.34141
1670,53.50328
1671,52.339348
1672,50.803932
1673,48.80675
1674,46.18514
1675,42.665043
1676,37.855587
1677,31.231579
1678,22.109554
1679,9.65758
1680,-7.081035
1681,-29.245035
1682,-58.188126
1683,-95.44216
1684,-142.45387
1685,-200.22504
1686,-269.3766
1687,-350.14105
1688,-442.17667
1689,-2.0801983
1690,-22.21974
1691,-11.916924
1692,-15.890654
1693,-33.843594
1694,-35.49011
1695,-20.60792
1696,-34.09929
1697,-16.020664
1698,-17.007055
1699,-25.449183
1700,-43.208096
1701,-28.892614
1702,-26.634604
1703,-26.0
1704,-26.0
1705,-41.0
1706,-41.0
1707,-26.0
1708,-26.0
1709,-26.0
1710,-26.0
1711,-26.0
1712,-26.0
1713,-26.0
1714,-41.0
1715,-26.0
1716,-26.0
1717,-41.0
1718,-26.0
1719,-26.0
1720,-26.0
1721,-26.0
1722,-26.0
1723,-26.0
1724,-26.0
1725,-41.0
1726,-26.0
1727,-26.0
1728,-41.0
1729,-26.0
1730,-26.0
1731,-41.0
1732,-26.0
1733,-41.0
1734,-41.0
1735,-26.0
1736,-26.0
1737,-26.0
1738,-26.0
1739,-41.0
1740,-41.0
1741,-41.0
1742,-26.0
1743,-26.0
1744,-26.0
1745,-41.0
1746,-41.0
1747,-26.0
1748,-41.0
1749,-26.0
1750,-41.0
1751,-41.0
1752,-26.0
1753,43.467182
1754,48.580463
1755,26.158192
1756,-12.705856
1757,-75.74902
1758,-155.47397
1759,-233.70428
1760,-279.912
1761,-280.4472
1762,-227.93556
1763,-152.71765
1764,-73.0231
1765,-12.497537
1766,23.305773
1767,45.21579
1768,52.15535
1769,54.572773
1770,55.06833
1771,54.60939
1772,53.311394
1773,51.052113
1774,47.682335
1775,43.02483
1776,36.87155
1777,28.949188
1778,18.864328
1779,6.113451
1780,-9.920489
1781,-29.978249
1782,-54.8794
1783,-85.460335
1784,-122.639244
1785,-167.44983
1786,-221.00336
1787,-284.177
1788,-357.24435
1789,-440.0956
1790,-16.321495
1791,-6.257281
1792,-11.15186
1793,-30.765673
1794,-19.831585
1795,-23.061499
1796,-25.15654
1797,-25.849072
1798,-24.967764
1799,-22.49943
1800,-18.595987
1801,-34.41758
1802,-43.08967
1803,-28.85625
1804,-26.827755
1805,-26.0
1806,-41.0
1807,-41.0
1808,-26.0
1809,-26.0
1810,-26.0
1811,-26.0
1812,-26.0
1813,-26.0
1814,-26.0
1815,-26.0
1816,-26.0
1817,-26.0
1818,-26.0
1819,-26.0
1820,-26.0
1821,-41.0
1822,-26.0
1823,-26.0
1824,-26.0
1825,-26.0
1826,-26.0
1827,-41.0
1828,-26.0
1829,-26.0
1830,-26.0
1831,-26.0
1832,-26.0
1833,-26.0
1834,-26.0
1835,-41.0
1836,-26.0
1837,-41.0
1838,-26.0
1839,-26.0
1840,-26.0
1841,-41.0
1842,-26.0
1843,-26.0
1844,-41.0
1845,-26.0
1846,-26.0
1847,-26.0
1848,-41.0
1849,-26.0
1850,-26.0
1851,-26.0
1852,-26.0
1853,-26.0
1854,-26.0
1855,-41.0
1856,-26.0
1857,-26.0
1858,-26.0
1859,-26.0
1860,-26.0
1861,-26.0
1862,-26.0
1863,-26.0
1864,-26.0
1865,-26.0
1866,-26.0
1867,-41.0
1868,-26.0
1869,-26.0
1870,-26.0
1871,-26.0
1872,-26.0
1873,-26.0
1874,-26.0
1875,-26.0
1876,-26.0
1877,-26.0
1878,43.467182
1879,48.580463
1880,26.158192
1881,-12.705856
1882,-75.74888
1883,-155.4724
1884,-233.69806
1885,-279.90652
1886,-280.494
1887,-228.17903
1888,-153.37335
1889,-74.260574
1890,-14.301546
1891,21.15397
1892,42.999985
1893,50.14104
1894,52.973602
1895,54.087643
1896,54.591343
1897,54.86558
1898,54.994442
1899,55.01557
1900,54.952297
1901,54.81388
1902,54.591316
1903,54.24464
1904,53.69384
1905,52.805714
1906,51.37457
1907,49.111794
1908,45.647198
1909,40.50722
1910,33.093887
1911,22.684162
1912,8.534161
1913,-9.948605
1914,-33.225895
1915,-61.623486
1916,-95.22507
1917,-133.38194
1918,-174.15147
1919,-214.64684
1920,-251.30093
1921,-280.10727
1922,-296.9754
1923,-298.19553
1924,-281.00858
1925,-244.27295
1926,-226.6082
1927,-269.4658
1928,-305.89694
1929,-337.44553
1930,-365.06857
1931,-390.12756
1932,-414.30545
1933,-439.56006
1934,3.220835
1935,1.4045156
1936,-0.81632555
1937,-3.3310318
1938,-5.737119
1939,-7.6287327
1940,-8.617303
1941,-8.415973
1942,-7.1960773
1943,-5.5953083
1944,-4.0449653
1945,-2.8603413
1946,-2.2984118
1947,-17.349781
1948,-2.688494
1949,-3.0704722
1950,-3.279706
1951,-3.1404622
1952,-2.7264633
1953,-2.398964
1954,-2.443762
1955,-3.1179922
1956,-4.653511
1957,-7.035046
1958,-9.902158
1959,-12.918762
1960,-15.743348
1961,-33.04537
1962,-19.758764
1963,-21.178104
1964,-22.523563
1965,-23.966707
1966,-40.650906
1967,-27.536343
1968,-42.886288
1969,-26.0
1970,-26.0
1971,-26.0
1972,-26.0
1973,-41.0
1974,-26.0
1975,-26.0
1976,-26.0
1977,-26.0
1978,-26.0
1979,-26.0
1980,-26.0
1981,-26.0
1982,-26.0
1983,-26.0
1984,-26.0
1985,-26.0
1986,-26.0
1987,-26.0
1988,-26.0
1989,-41.0
1990,-26.0
1991,-41.0
1992,-26.0
1993,-26.0
1994,-26.0
1995,-26.0
1996,-26.0
1997,-26.0
1998,-26.0
1999,-23.573357
2000,-18.426737
2001,-17.874533
2002,-19.30014
2003,-21.117754
2004,-22.935799
2005,-24.336966
2006,-24.886364
2007,-24.595741
2008,-23.996786
2009,-23.36769
2010,-22.8592
2011,-22.587347
2012,-22.597925
2013,-22.879543
2014,-23.467594
2015,-24.417057
2016,-40.769566
2017,-27.107094
2018,-27.07283
2019,-26.0
2020,-26.0
2021,-41.0
2022,-26.0
2023,-26.0
2024,-26.0
2025,-26.0
2026,-26.0
2027,-26.0
2028,-26.0
2029,-26.0
2030,-26.0
2031,-26.0
2032,-26.0
2033,-26.0
2034,-26.0
2035,-26.0
2036,-26.0
2037,-26.0
2038,-26.0
2039,-26.0
2040,-26.0
2041,-25.330446
2042,-22.338058
2043,-18.87242
2044,-18.318567
2045,-18.696093
2046,-20.225847
2047,-22.667538
2048,-25.161718
2049,-41.97397
2050,-27.364714
2051,-40.815426
2052,-22.90584
2053,-20.08217
2054,-17.934319
2055,-16.697224
2056,-16.571945
2057,-17.50521
2058,-19.163757
2059,-21.448957
2060,-24.305374
2061,-27.63082
2062,-28.94429
2063,-26.396921
2064,-26.0
2065,-26.0
2066,-26.0
2067,-26.0
2068,-26.0
2069,-26.0
2070,-26.0
2071,-26.0
2072,-41.0
2073,-26.0
2074,-26.0
2075,-26.0
2076,-26.0
2077,-26.0
2078,-26.0
2079,-26.0
2080,-26.0
2081,-26.0
2082,-26.0
2083,-26.0
2084,-26.0
2085,-26.0
2086,-26.0
2087,-41.0
2088,-26.0
2089,-26.0
2090,-26.0
2091,-26.0
2092,-26.0
2093,-41.0
2094,-26.0
2095,-26.0
2096,-26.0
2097,-26.0
2098,-26.0
2099,-26.0
2100,-26.0
2101,-26.0
2102,-26.0
2103,-26.0
2104,-26.0
2105,-26.0
2106,-26.0
2107,-26.0
2108,-26.0
2109,-26.0
2110,-26.0
2111,-26.0
2112,-26.0
2113,-26.0
2114,-26.0
2115,-41.0
2116,-26.0
2117,-26.0
2118,-26.0
2119,-26.0
2120,-41.0
2121,-26.0
2122,-41.0
2123,-26.0
2124,-26.0
2125,-26.0
2126,-41.0
2127,-26.0
2128,-26.0
2129,-26.0
2130,-26.0
2131,-26.0
2132,-41.0
2133,-26.0
2134,-26.0
2135,-26.0
2136,-41.0
2137,-26.0
2138,-26.0
2139,43.467182
2140,48.580585
2141,26.160612
2142,-12.686261
2143,-75.65915
2144,-155.1928
2145,-233.0546
2146,-278.7642
2147,-278.8934
2148,-226.37772
2149,-151.7235
2150,-73.03777
2151,-13.595006
2152,21.433722
2153,43.014416
2154,50.02598
2155,52.81232
2156,53.920094
2157,54.44053
2158,54.754635
2159,54.938835
2160,55.016052
2161,54.990047
2162,54.845287
2163,54.541203
2164,53.993984
2165,53.060482
2166,51.520554
2167,49.05587
2168,45.24417
2169,39.57153
2170,31.41414
2171,20.01849
2172,4.501613
2173,-16.023905
2174,-42.24291
2175,-74.66848
2176,-113.637276
2177,-159.1816
2178,-210.4499
2179,-265.05972
2180,-319.52582
2181,-369.56097
2182,-410.33774
2183,-436.8678
2184,-444.49796
2185,-429.51306
2186,-389.84088
2187,-372.36526
2188,-428.75763
2189,2.4085534
2190,0.5703933
2191,-15.958716
2192,-2.2956762
2193,-18.555689
2194,-4.8536725
2195,-6.3062296
2196,-23.034393
2197,-10.125411
2198,-12.429638
2199,-14.476426
2200,-30.82847
2201,-16.092972
2202,-15.024974
2203,-12.92683
2204,-10.568819
2205,-8.374491
2206,-6.6081047
2207,-20.479101
2208,-4.935092
2209,-4.63169
2210,-4.347208
2211,-3.8914917
2212,-3.11131
2213,-2.0964618
2214,-1.2056773
2215,-0.70997363
2216,-0.8527725
2217,-1.8542784
2218,-3.6977131
2219,-6.0389504
2220,-8.556913
2221,-10.928725
2222,-12.84756
2223,-14.249625
2224,-15.393446
2225,-16.474314
2226,-17.644821
2227,-19.031836
2228,-20.623226
2229,-22.240597
2230,-23.757397
2231,-25.06759
2232,-26.06255
2233,-26.636448
2234,-26.694227
2235,-26.16096
2236,-39.98988
2237,-36.580322
2238,-17.185783
2239,-17.278637
2240,-17.614487
2241,-18.249006
2242,-19.123535
2243,-20.115194
2244,-21.061193
2245,-21.774252
2246,-22.0573
2247,-21.779398
2248,-36.1482
2249,-20.693754
2250,-20.729048
2251,-21.498604
2252,-23.18391
2253,-40.44275
2254,-27.26069
2255,-27.540518
2256,-26.065125
2257,-23.28281
2258,-18.318687
2259,-14.298044
2260,-11.267496
2261,-9.352457
2262,-8.783117
2263,-9.4459095
2264,-10.717974
2265,-12.183932
2266,-13.42318
2267,-14.022676
2268,-13.920385
2269,-13.476947
2270,-12.913962
2271,-12.374394
2272,-26.978395
2273,-11.791868
2274,-11.829609
2275,-12.131755
2276,-12.749748
2277,-13.722387
2278,-15.002339
2279,-16.431437
2280,-17.846832
2281,-19.057184
2282,-19.88093
2283,-20.15717
2284,-19.762104
2285,-18.620724
2286,-16.708467
2287,-16.05905
2288,-18.27872
2289,-19.402338
2290,-20.610514
2291,-36.79428
2292,-22.829054
2293,-23.5789
2294,-23.904293
2295,-38.673214
2296,-22.774662
2297,-21.166048
2298,-19.018024
2299,-16.652721
2300,-14.208527
2301,-11.748271
2302,-9.340416
2303,-7.133877
2304,-5.3589215
2305,-4.225646
2306,-3.971208
2307,-4.808142
2308,-6.5870643
2309,-8.655431
2310,-10.389043
2311,-11.167413
2312,-10.505561
2313,-8.615717
2314,-21.389048
2315,-19.362385
2316,-2.8996086
2317,-2.3229728
2318,-2.7172077
2319,-3.8731894
2320,-5.6727104
2321,-8.020009
2322,-10.790181
2323,-13.770627
2324,-16.6312
2325,-19.025034
2326,-20.599901
2327,-21.080467
2328,-20.578264
2329,-19.613249
2330,-18.519226
2331,-17.507895
2332,-16.75267
2333,-16.415205
2334,-16.667767
2335,-32.711483
2336,-19.796314
2337,-18.22974
2338,-11.031404
2339,-24.993792
2340,-9.290023
2341,-8.977327
2342,-9.036323
2343,-9.404862
2344,-9.994342
2345,-25.698425
2346,-11.398684
2347,-12.00242
2348,-12.599493
2349,-13.494278
2350,-14.930339
2351,-17.14335
2352,-20.321875
2353,-39.148846
2354,-27.542217
2355,-28.808847
2356,-27.178537
2357,-25.045958
2358,-21.140806
2359,-16.361027
2360,-14.2618065
2361,-29.224417
2362,-16.812033
2363,-21.980703
2364,-28.517996
2365,-31.07714
2366,-26.13105
2367,-26.0
2368,-41.0
2369,-26.0
2370,-26.0
2371,-41.0
2372,-26.0
2373,-26.0
2374,-26.0
2375,-26.0
2376,-26.0
2377,-26.0
2378,-26.0
2379,-26.0
2380,-26.0
2381,-26.0
2382,-26.0
2383,-26.0
2384,-26.0
2385,-26.0
2386,-26.0
2387,-26.0
2388,-23.211197
2389,-17.588629
2390,-18.29683
2391,-22.711031
2392,-27.890877
2393,-29.528986
2394,-26.0
2395,-26.0
2396,-26.0
2397,-26.0
2398,-26.0
2399,-26.0
2400,-26.0
2401,-26.0
2402,-26.0
2403,-26.0
2404,-26.0
2405,-26.0
2406,-41.0
2407,-26.0
2408,-26.0
2409,-26.0
2410,-26.0
2411,-26.0
2412,-26.0
2413,-26.0
2414,-26.0
2415,-26.0
2416,-26.0
2417,-26.0
2418,-26.0
2419,-26.0
2420,-26.0
2421,-26.0
2422,-26.0
2423,-26.0
2424,-26.0
2425,-26.0
2426,-26.0
2427,-26.0
2428,-26.0
2429,-26.0
2430,-41.0
2431,-26.0
2432,-26.0
2433,-26.0
2434,-26.0
2435,-26.0
2436,-26.0
2437,-26.0
2438,-26.0
2439,-26.0
2440,-26.0
2441,-26.0
2442,-26.0
2443,-26.0
2444,-26.0
2445,-26.0
2446,-26.0
2447,-26.0
2448,-26.0
2449,-26.0
2450,-26.0
2451,-26.0
2452,-26.0
2453,-41.0
2454,-26.0
2455,-26.0
2456,-26.0
2457,-26.0
2458,-26.0
2459,-26.0
2460,-26.0
2461,-26.0
2462,-26.0
2463,-26.0
2464,-26.0
2465,-26.0
2466,-26.0
2467,-41.0
2468,-26.0
2469,-26.0
2470,-26.0
2471,-26.0
2472,-26.0
2473,-41.0
2474,-26.0
2475,-26.0
2476,-41.0
2477,-26.0
2478,-26.0
2479,-26.0
2480,-26.0
2481,-26.0
2482,-26.0
2483,-26.0
2484,-26.0
2485,-26.0
2486,-26.0
2487,-26.0
2488,-26.0
2489,-26.0
2490,-26.0
2491,-26.0
2492,-26.0
2493,-26.0
2494,-26.0
2495,-26.0
2496,-41.0
2497,-26.0
2498,-26.0
2499,-26.0
2500,-26.0
2501,-26.0
2502,-26.0
2503,-26.0
2504,-26.0
2505,-26.0
2506,-26.0
2507,-26.0
2508,-26.0
2509,-26.0
2510,-26.0
2511,-26.0
2512,-23.704863
2513,-16.383602
2514,-14.795263
2515,-10.931657
2516,-6.8147707
2517,-17.519579
2518,-13.109431
2519,-367.49197
2520,-279.1884
2521,-197.84259
2522,-123.80519
2523,-60.044064
2524,-10.342893
2525,23.582602
2526,42.544548
2527,54.51309
2528,53.534336
2529,47.5943
2530,37.76252
2531,23.561522
2532,3.1706898
2533,-26.743889
2534,-71.546074
2535,-144.47896
2536,-247.87251
2537,-357.3248
2538,-410.0085
2539,-494.1106
2540,-602.5493
2541,-3.7174792
2542,-9.424456
2543,-15.021772
2544,-20.241158
2545,-19.81914
2546,-23.496134
2547,-26.059654
2548,-27.556667
2549,-28.387121
2550,-28.969896
2551,-29.707407
2552,-30.946512
2553,-32.712505
2554,-34.590782
2555,-36.142517
2556,-36.948524
2557,-36.649864
2558,-35.231632
2559,-33.168198
2560,-31.056036
2561,-29.533146
2562,-29.073078
2563,-29.831602
2564,-31.594267
2565,-34.11858
2566,-37.157642
2567,-40.45938
2568,-43.911896
2569,-47.617367
2570,-51.685402
2571,-56.22076
2572,-61.30931
2573,-71.87415
2574,-77.6107
2575,-83.213005
2576,-88.396454
2577,-87.89948
2578,-91.54511
2579,-94.266426
2580,-96.00809
2581,-96.71633
2582,-96.34284
2583,-94.84388
2584,-92.179535
2585,-88.31308
2586,-83.21046
2587,-78.266945
2588,-75.24647
2589,-72.15332
2590,-69.249374
2591,-66.50231
2592,-63.880123
2593,-61.35113
2594,-58.884
2595,-56.44771
2596,-54.01179
2597,-51.55683
2598,-49.12476
2599,-46.84063
2600,-44.834606
2601,-43.234623
2602,-42.144096
2603,-41.51734
2604,-41.102898
2605,-40.631855
2606,-39.83368
2607,-38.468506
2608,-36.53277
2609,-34.350266
2610,-32.256023
2611,-30.568108
2612,-29.564835
2613,-29.291864
2614,-29.477081
2615,-29.834208
2616,-30.093828
2617,-30.000826
2618,-29.36924
2619,-28.106155
2620,-26.12606
2621,-23.34197
2622,-19.709564
2623,-15.421095
2624,-10.988013
2625,-6.9369197
2626,-3.779992
2627,-1.9631053
2628,-1.5395081
2629,-2.0201766
2630,-2.8770945
2631,-3.60077
2632,-3.6805763
2633,-2.6073418
2634,0.12428616
2635,5.012926
2636,-526.1794
2637,-392.07544
2638,-356.78543
2639,-336.24078
2640,-323.40683
2641,-315.87012
2642,-311.44217
2643,-308.0628
2644,-303.7547
2645,-296.64056
2646,-285.05908
2647,-267.74634
2648,-244.2468
2649,-215.17345
2650,-181.53674
2651,-144.57144
2652,-105.83459
2653,-67.552986
2654,-32.422382
2655,-2.5456762
2656,20.86486
2657,37.498028
2658,47.872257
2659,53.164413
2660,54.959133
2661,54.957
2662,54.59995
2663,54.573265
2664,54.73853
2665,54.834698
2666,54.712246
2667,53.747746
2668,49.98692
2669,40.427956
2670,21.967197
2671,-7.814309
2672,-55.00824
2673,-108.78639
2674,-170.9283
2675,-230.93407
2676,-291.44803
2677,-339.5624
2678,-371.0515
2679,-388.53427
2680,-397.1571
2681,-402.70056
2682,-411.1969
2683,-428.9305
2684,3.374771
2685,-0.03416638
2686,-5.2827272
2687,-7.6244426
2688,-3.1665528
2689,-4.1414623
2690,-21.052383
2691,-8.730609
2692,-11.937977
2693,-15.382829
2694,-18.722519
2695,-21.564394
2696,-23.480011
2697,-24.094896
2698,-23.37581
2699,-21.684729
2700,-19.284
2701,-16.344894
2702,-13.038596
2703,-9.766749
2704,-7.0951567
2705,-20.366741
2706,-4.988415
2707,-6.415751
2708,-9.589592
2709,-13.639389
2710,-17.681507
2711,-20.702024
2712,-21.73287
2713,-35.909313
2714,-19.682732
2715,-18.964933
2716,-19.31569
2717,-21.127487
2718,-23.9573
2719,-41.266396
2720,-26.784872
2721,-24.48482
2722,-19.171825
2723,-12.6362705
2724,-12.160704
2725,-8.032355
2726,-0.41721392
2727,0.107874006
2728,-1.7054877
2729,-5.3700676
2730,-10.48496
2731,-16.563063
2732,-27.93408
2733,-28.6938
2734,-30.635351
2735,-27.124685
2736,-26.0
2737,-41.0
2738,-26.0
2739,-26.0
2740,-26.0
2741,-26.0
2742,-26.0
2743,-26.0
2744,-26.0
2745,-26.0
2746,-41.0
2747,-26.0
2748,-26.0
2749,-26.0
2750,-26.0
2751,-26.0
2752,-26.0
2753,-26.0
2754,-26.0
2755,-26.0
2756,-26.0
2757,-26.0
2758,-25.08525
2759,-20.040628
2760,-13.238656
2761,-11.1584015
2762,-25.052053
2763,-9.82876
2764,-10.020966
2765,-10.365527
2766,-10.58532
2767,-10.424935
2768,-10.035707
2769,-10.02899
2770,-10.843162
2771,-12.888912
2772,-16.569683
2773,-21.76769
2774,-27.498898
2775,-30.426579
2776,-27.581783
2777,-26.0
2778,-26.0
2779,-26.0
2780,-26.0
2781,-25.297894
2782,-22.2097
2783,-18.715689
2784,-18.360119
2785,-19.322126
2786,-22.115273
2787,-18.349854
2788,-12.13734
2789,-10.000038
2790,-13.923991
2791,-19.546022
2792,-41.639946
2793,-31.199837
2794,-28.115602
2795,-41.0
2796,-26.0
2797,-26.0
2798,-26.0
2799,-26.0
2800,-26.0
2801,-26.0
2802,-26.0
2803,-26.0
2804,-41.0
2805,-26.0
2806,-26.0
2807,-26.0
2808,-26.0
2809,-26.0
2810,-26.0
2811,-26.0
2812,-26.0
2813,-41.0
2814,-26.0
2815,-26.0
2816,-26.0
2817,-26.0
2818,-26.0
2819,-26.0
2820,-41.0
2821,-23.80959
2822,-19.099607
2823,-18.899515
2824,-21.089184
2825,-22.908527
2826,-38.733868
2827,-22.891045
2828,-20.67761
2829,-18.343098
2830,-16.432657
2831,-15.1909075
2832,-29.874685
2833,-15.8271265
2834,-18.533806
2835,-23.72248
2836,-29.669691
2837,-28.954794
2838,-22.160755
2839,-19.754751
2840,-21.789906
2841,-24.423952
2842,-27.410456
2843,-28.22472
2844,-26.0
2845,-26.0
2846,-26.0
2847,-26.0
2848,-26.0
2849,-41.0
2850,-26.0
2851,-26.0
2852,-26.0
2853,-26.0
2854,-26.0
2855,-26.0
2856,-26.0
2857,-22.497078
2858,-13.815923
2859,-13.877772
2860,-6.064469
2861,-4.521576
2862,-4.809299
2863,-7.0224085
2864,-10.479773
2865,-14.5346155
2866,-18.401089
2867,-36.222958
2868,-37.83326
2869,-24.096851
2870,-25.669926
2871,-27.64102
2872,-27.954718
2873,-26.0
2874,-26.0
2875,-26.0
2876,-26.0
2877,-26.0
2878,-26.0
2879,-26.0
2880,-26.0
2881,-26.0
2882,-26.0
2883,-26.0
2884,-26.0
2885,-26.0
2886,-26.0
2887,-26.0
2888,-26.0
2889,-26.0
2890,-26.0
2891,-26.0
2892,-26.0
2893,-26.0
2894,-23.433315
2895,-17.42681
2896,-15.558252
2897,-16.723068
2898,-19.42357
2899,-23.36044
2900,-28.254917
2901,-29.980156
2902,-26.0
2903,-26.0
2904,-26.0
2905,-26.0
2906,-26.0
2907,-26.0
2908,-26.0
2909,-26.0
2910,-26.0
2911,-26.0
2912,-26.0
2913,-26.0
2914,-26.0
2915,-26.0
2916,-26.0
2917,-26.0
2918,-26.0
2919,-26.0
2920,-26.0
2921,-26.0
2922,-26.0
2923,-26.0
2924,-26.0
2925,-26.0
2926,-26.0
2927,-26.0
2928,-26.0
2929,-26.0
2930,-26.0
2931,-26.0
2932,-26.0
2933,-26.0
2934,-26.0
2935,-26.0
2936,-26.0
2937,-26.0
2938,-26.0
2939,-26.0
2940,-26.0
2941,-26.0
2942,-26.0
2943,-26.0
2944,-26.0
2945,-26.0
2946,-26.0
2947,-26.0
2948,-26.0
2949,-26.0
2950,-26.0
2951,-26.0
2952,-26.0
2953,-26.0
2954,-26.0
2955,-26.0
2956,-26.0
2957,-26.0
2958,-26.0
2959,-26.0
2960,-26.0
2961,-26.0
2962,-26.0
2963,-26.0
2964,-25.2463
2965,-22.961588
2966,-21.82187
2967,-23.561722
2968,-26.55382
2969,-27.968098
2970,-26.202896
2971,-26.0
2972,-26.0
2973,-26.0
2974,-26.0
2975,-25.587633
2976,-23.962921
2977,-22.79813
2978,-24.180662
2979,-26.04985
2980,-27.206186
2981,-41.46425
2982,-26.0
2983,-26.0
2984,-26.0
2985,-26.0
2986,-26.0
2987,-26.0
2988,-23.966135
2989,-19.028316
2990,-32.104275
2991,-17.181513
2992,-17.492886
2993,-18.031172
2994,-18.700462
2995,-19.3542
2996,-19.816488
2997,-19.932798
2998,-19.738008
2999,-19.467808
3000,-19.249102
3001,-34.163742
3002,-19.285105
3003,-19.65377
3004,-20.279112
3005,-21.195812
3006,-22.451155
3007,-24.046373
3008,-25.685501
3009,-26.710333
3010,-41.59289
3011,-24.944263
3012,-21.736603
3013,-17.954239
3014,-15.065916
3015,-13.55565
3016,-13.8143
3017,-16.383595
3018,-21.121145
3019,-26.69159
3020,-29.996975
3021,-42.9181
3022,-26.0
3023,-26.0
3024,-26.0
3025,-23.755981
3026,-18.837189
3027,-32.693974
3028,-33.018536
3029,-18.94804
3030,-20.399654
3031,-22.351727
3032,-24.738102
3033,-27.461157
3034,-28.455177
3035,-26.288855
3036,-41.0
3037,-26.0
3038,-26.0
3039,-26.0
3040,-26.0
3041,-41.0
3042,-26.0
3043,-41.0
3044,-26.0
3045,-26.0
3046,-26.0
3047,-26.0
3048,-41.0
3049,-26.0
3050,-26.0
3051,-26.0
3052,-26.0
3053,-26.0
3054,-26.0
3055,-26.0
3056,-26.0
3057,-26.0
3058,-26.0
3059,-26.0
3060,-26.0
3061,-26.0
3062,-26.0
3063,-26.0
3064,-26.0
3065,-26.0
3066,-26.0
3067,-26.0
3068,-41.0
3069,-26.0
3070,-26.0
3071,-26.0
3072,-26.0
3073,-26.0
3074,-26.0
3075,-26.0
3076,-26.0
3077,-26.0
3078,-26.0
3079,-26.0
3080,-26.0
3081,-41.0
3082,-26.0
3083,-26.0
3084,-41.0
3085,-26.0
3086,-26.0
3087,-26.0
3088,-26.0
3089,-26.0
3090,-26.0
3091,-26.0
3092,-41.0
3093,-26.0
3094,-26.0
3095,-26.0
3096,-26.0
3097,-26.0
3098,-26.0
3099,-26.0
3100,-26.0
3101,-26.0
3102,-26.0
3103,-26.0
3104,-26.0
3105,-26.0
3106,-26.0
3107,-26.0
3108,-26.0
3109,-41.0
3110,-26.0
3111,-26.0
3112,-25.411724
3113,-37.715725
3114,-34.72325
3115,-20.178587
3116,-22.804956
3117,-42.396183
3118,-29.171896
3119,-26.0
3120,-26.0
3121,-26.0
3122,-41.0
3123,-26.0
3124,-26.0
3125,-41.0
3126,-26.0
3127,-26.0
3128,43.467182
3129,48.580463
3130,26.158394
3131,-12.702587
3132,-75.72699
3133,-155.38763
3134,-233.48618
3135,-279.55243
3136,-280.1204
3137,-228.0533
3138,-153.78883
3139,-75.37262
3140,-16.025414
3141,19.077232
3142,40.80909
3143,47.96255
3144,50.793053
3145,51.779575
3146,52.026314
3147,51.9817
3148,51.725048
3149,51.26203
3150,50.590744
3151,49.7109
3152,48.650127
3153,47.490314
3154,46.354893
3155,45.3993
3156,44.794193
3157,44.682602
3158,45.14188
3159,46.19209
3160,47.78487
3161,49.77508
3162,51.877182
3163,53.69555
3164,54.842403
3165,54.985806
3166,53.876774
3167,51.44218
3168,47.983532
3169,44.20824
3170,41.101486
3171,39.712498
3172,40.84657
3173,44.65791
3174,50.139454
3175,54.507053
3176,54.763515
3177,54.950783
3178,54.28124
3179,53.421047
3180,52.571407
3181,51.753887
3182,50.87684
3183,49.764782
3184,48.15137
3185,45.636208
3186,41.680515
3187,36.021904
3188,29.410118
3189,23.475044
3190,20.377916
3191,22.000631
3192,28.186234
3193,36.319195
3194,43.80084
3195,49.140987
3196,52.121166
3197,53.467686
3198,54.042137
3199,54.3155
3200,54.521313
3201,54.75661
3202,54.94283
3203,54.96725
3204,54.918797
3205,54.972294
3206,54.983078
3207,54.062027
3208,50.939358
3209,44.80127
3210,35.786976
3211,25.06545
3212,13.996356
3213,2.9468536
3214,-8.358513
3215,-20.561794
3216,-34.535187
3217,-50.831562
3218,-69.12647
3219,-88.68907
3220,-108.549675
3221,-127.52166
3222,-144.2553
3223,-157.31133
3224,-165.25182
3225,-166.7528
3226,-152.95065
3227,-124.35054
3228,-109.25681
3229,-103.789154
3230,-105.61643
3231,-112.94816
3232,-124.1615
3233,-137.53781
3234,-151.10876
3235,-162.61493
3236,-169.89717
3237,-172.68288
3238,-173.68642
3239,-176.30281
3240,-184.00793
3241,-200.0059
3242,-224.36551
3243,-251.38791
3244,-272.97626
3245,-280.08783
3246,-265.15173
3247,-229.07152
3248,-183.31812
3249,-139.38358
3250,-105.354904
3251,-85.74043
3252,-80.49924
3253,-85.391045
3254,-96.132164
3255,-108.42223
3256,-117.76048
3257,-121.44609
3258,-120.17124
3259,-115.56383
3260,-109.308495
3261,-102.96622
3262,-97.671486
3263,-94.02089
3264,-92.48131
3265,-93.524155
3266,-97.57842
3267,-104.61702
3268,-113.80985
3269,-123.9007
3270,-133.22487
3271,-139.93753
3272,-142.21913
3273,-138.49702
3274,-127.659874
3275,-109.26197
3276,-93.75475
3277,-94.23397
3278,-97.76368
3279,-103.61933
3280,-110.87997
3281,-118.50259
3282,-125.28247
3283,-129.86087
3284,-130.78497
3285,-126.62295
3286,-116.30437
3287,-100.08716
3288,-79.89703
3289,-57.8876
3290,-35.94769
3291,-15.644805
3292,1.6290038
3293,14.750025
3294,23.25922
3295,27.04626
3296,25.859442
3297,19.63589
3298,9.579442
3299,-1.9144461
3300,-11.07292
3301,-13.644317
3302,-8.28878
3303,1.6801965
3304,12.297243
3305,20.636778
3306,25.00262
3307,24.932083
3308,20.754671
3309,12.436368
3310,-0.3675798
3311,-17.938364
3312,-39.921577
3313,-64.73722
3314,-89.69691
3315,-111.2366
3316,-125.59103
3317,-130.88806
3318,-128.55594
3319,-121.110146
3320,-111.1959
3321,-101.32267
3322,-93.74369
3323,-90.506355
3324,-93.67788
3325,-105.73788
3326,-104.59482
3327,-68.92998
3328,-46.51181
3329,-33.01018
3330,-25.981697
3331,-23.778704
3332,-25.255865
3333,-29.526451
3334,-35.772346
3335,-43.109863
3336,-50.670303
3337,-58.416042
3338,-67.810905
3339,-80.908264
3340,-100.23428
3341,-128.56902
3342,-166.18817
3343,-207.4883
3344,-243.25851
3345,-262.31485
3346,-254.98093
3347,-222.62686
3348,-180.4986
3349,-143.63092
3350,-122.91408
3351,-126.34647
3352,-157.63786
3353,-212.91675
3354,-284.16714
3355,-357.81357
3356,-415.7257
3357,-10.720874
3358,4.484225
3359,-443.28043
3360,-428.2829
3361,-415.76
3362,-409.94586
3363,-409.42862
3364,-411.78976
3365,-414.68976
3366,-416.03207
3367,-415.1685
3368,-413.59583
3369,-413.2267
3370,-415.93933
3371,-423.62375
3372,-438.25867
3373,3.632736
3374,-13.366589
3375,-1.0972835
3376,1.8420632
3377,-374.3342
3378,-301.47937
3379,-286.8004
3380,-312.96558
3381,-374.3683
3382,1.9093199
3383,-9.579981
3384,-16.34218
3385,-22.597517
3386,-37.476646
3387,-25.579773
3388,-27.38196
3389,-28.14787
3390,-27.418293
3391,-26.0
3392,-26.0
3393,-26.0
3394,-26.0
3395,-39.822857
3396,-20.335613
3397,-14.880708
3398,-11.290002
3399,-8.67103
3400,-7.26767
3401,-7.483023
3402,-9.345339
3403,-12.28189
3404,-30.83379
3405,-19.474396
3406,-22.580328
3407,-24.714844
3408,-25.79709
3409,-25.716362
3410,-24.396706
3411,-21.958242
3412,-34.05436
3413,-16.625927
3414,-15.06348
3415,-14.649031
3416,-15.695709
3417,-18.106977
3418,-21.21322
3419,-24.51761
3420,-27.480326
3421,-28.567076
3422,-41.92166
3423,-26.0
3424,-24.201931
3425,-17.530807
3426,-16.227419
3427,-41.186317
3428,-28.866232
3429,-27.980608
3430,-26.0
3431,-26.0
3432,-26.0
3433,-26.0
3434,-41.0
3435,-26.0
3436,-26.0
3437,-26.0
3438,-26.0
3439,-26.0
3440,-26.0
3441,-26.0
3442,-26.0
3443,-24.0425
3444,-19.67351
3445,-19.417824
3446,-22.905455
3447,-27.761446
3448,-28.933641
3449,-26.0
3450,-26.0
3451,-26.0
3452,-26.0
3453,-26.0
3454,-26.0
3455,-26.0
3456,-26.0
3457,-26.0
3458,-41.0
3459,-26.0
3460,-26.0
3461,-26.0
3462,-26.0
3463,-26.0
3464,-26.0
3465,-26.0
3466,-26.0
3467,-41.0
3468,-26.0
3469,-41.0
3470,-26.0
3471,-26.0
3472,-26.0
3473,-26.0
3474,-26.0
3475,-26.0
3476,-26.0
3477,-26.0
3478,-26.0
3479,-26.0
3480,-26.0
3481,-26.0
3482,-26.0
3483,-26.0
3484,-26.0
3485,-41.0
3486,-26.0
3487,-26.0
3488,-26.0
3489,-26.0
3490,-26.0
3491,-26.0
3492,-26.0
3493,-41.0
3494,-41.0
3495,-26.0
3496,-26.0
3497,-26.0
3498,-26.0
3499,-26.0
3500,-21.938385
3501,-13.047693
3502,-9.194449
3503,-5.319853
3504,-1.270004
3505,2.8974113
3506,7.130406
3507,-359.93918
3508,-279.12448
3509,-206.89288
3510,-140.79279
3511,-85.88769
3512,-34.601532
3513,4.8962865
3514,31.254068
3515,50.327957
3516,54.81756
3517,53.238888
3518,48.0322
3519,39.965256
3520,28.523163
3521,11.945331
3522,-13.014419
3523,-51.600246
3524,-116.963974
3525,-211.45325
3526,-313.43652
3527,-363.4193
3528,-445.59393
3529,-558.7701
3530,-1.8766229
3531,-7.9845724
3532,-14.070915
3533,-19.863365
3534,-25.093723
3535,-24.49698
3536,-27.854734
3537,-30.208044
3538,-31.951408
3539,-33.49837
3540,-35.246056
3541,-37.536095
3542,-40.387703
3543,-43.37933
3544,-46.066116
3545,-48.02366
3546,-48.888092
3547,-48.64102
3548,-47.754932
3549,-46.824333
3550,-46.485847
3551,-47.211014
3552,-49.15378
3553,-52.100708
3554,-55.817265
3555,-60.068493
3556,-64.61597
3557,-69.36254
3558,-74.424774
3559,-84.923645
3560,-90.97324
3561,-97.66772
3562,-104.938354
3563,-112.49175
3564,-120.036705
3565,-127.304
3566,-134.04625
3567,-140.09807
3568,-145.4009
3569,-144.90434
3570,-148.55624
3571,-151.30692
3572,-153.10849
3573,-153.91444
3574,-153.67926
3575,-152.35828
3576,-151.3378
3577,-152.3747
3578,-153.45213
3579,-154.82039
3580,-156.42923
3581,-158.22577
3582,-160.15562
3583,-162.1645
3584,-164.19919
3585,-166.20834
3586,-168.15366
3587,-170.06062
3588,-172.04048
3589,-174.21127
3590,-176.6906
3591,-179.5732
3592,-182.80495
3593,-186.12668
3594,-189.26521
3595,-191.94777
3596,-193.93369
3597,-195.22142
3598,-196.13931
3599,-197.02585
3600,-198.20274
3601,-199.9516
3602,-202.31807
3603,-205.02794
3604,-207.79716
3605,-210.36032
3606,-212.46649
3607,-213.93422
3608,-214.67479
3609,-214.6054
3610,-213.64075
3611,-211.73811
3612,-209.0947
3613,-206.23312
3614,-203.6908
3615,-201.99054
3616,-201.58507
3617,-202.51807
3618,-204.27882
3619,-206.33405
3620,-208.17691
3621,-209.30064
3622,-209.1982
3623,-207.36183
3624,-203.28271
3625,-201.44942
3626,-195.69855
3627,-190.9186
3628,-190.611
3629,-190.65129
3630,-190.92458
3631,-191.31691
3632,-191.71567
3633,-192.00948
3634,-192.08846
3635,-191.84393
3636,-191.17532
3637,-190.02351
3638,-188.38496
3639,-186.25906
3640,-183.64307
3641,-180.54358
3642,-177.02307
3643,-173.22025
3644,-169.27528
3645,-165.32309
3646,-161.49686
3647,-157.92609
3648,-154.73587
3649,-152.05237
3650,-150.00351
3651,-148.6785
3652,-147.93396
3653,-147.31107
3654,-146.33987
3655,-144.56664
3656,-141.58554
3657,-137.26567
3658,-136.84724
3659,-130.58287
3660,-123.70516
3661,-116.44875
3662,-109.06726
3663,-101.84078
3664,-95.05069
3665,-88.977684
3666,-83.862495
3667,-74.710686
3668,-71.209465
3669,-68.03432
3670,-64.87647
3671,-61.42755
3672,-57.379677
3673,-52.425713
3674,-51.259754
3675,-43.578148
3676,-37.78268
3677,-31.885736
3678,-28.318491
3679,-23.674725
3680,-23.253576
3681,-17.343285
3682,-11.225797
3683,-5.1783733
3684,0.5264223
3685,-561.27563
3686,-462.70587
3687,-395.16263
3688,-349.4022
3689,-321.72345
3690,-309.56354
3691,-310.84244
3692,-321.28967
3693,-332.37436
3694,-334.21692
3695,-317.0865
3696,-274.3475
3697,-210.01457
3698,-144.51653
3699,-81.71431
3700,-34.541603
3701,0.30801684
3702,16.825047
3703,26.353647
3704,33.25132
3705,40.09671
3706,47.59378
3707,53.543495
3708,55.079784
3709,52.769936
3710,50.3497
3711,51.427204
3712,54.478573
3713,53.6888
3714,46.49092
3715,36.801926
3716,32.675453
3717,38.253517
3718,48.557526
3719,55.08285
3720,45.52243
3721,26.461473
3722,-5.2542057
3723,-37.511436
3724,-69.304756
3725,-83.47936
3726,-83.61914
3727,-89.321175
3728,-96.18287
3729,-104.558716
3730,-114.769714
3731,-127.16667
3732,-142.13979
3733,-160.12886
3734,-181.63649
3735,-207.24438
3736,-237.53331
3737,-272.56772
3738,-311.41104
3739,-352.62158
3740,-394.4
3741,-434.47644
3742,3.0081923
3743,1.9900472
3744,1.8480277
3745,2.7708888
3746,4.84696
3747,-411.61218
3748,-352.66873
3749,-296.82187
3750,-252.32993
3751,-224.64801
3752,-214.37514
3753,-216.82666
3754,-226.98474
3755,-239.97269
3756,-251.19125
3757,-259.52875
3758,-269.62296
3759,-287.66446
3760,-320.65863
3761,-376.35257
3762,2.6039991
3763,-2.8571055
3764,-8.040724
3765,-11.994447
3766,-13.820818
3767,-13.433823
3768,-11.788797
3769,-9.608603
3770,-7.3375893
3771,-5.297768
3772,-3.7709544
3773,-3.060437
3774,-3.527357
3775,-5.619922
3776,-3.4927816
3777,-0.18114215
3778,-10.8329735
3779,1.4615896
3780,-3.2084122
3781,-9.331906
3782,-21.144926
3783,-27.614304
3784,-27.371836
3785,-28.801414
3786,-25.895248
3787,-20.314034
3788,-15.417036
3789,-12.284242
3790,-11.1778345
3791,-12.52413
3792,-16.083082
3793,-20.398125
3794,-24.142015
3795,-25.75231
3796,-23.939688
3797,-34.733345
3798,-16.05868
3799,-14.060047
3800,-14.258449
3801,-17.2902
3802,-22.884798
3803,-29.049976
3804,-30.680117
3805,-26.0
3806,-26.0
3807,-22.96312
3808,-14.1714325
3809,-12.349405
3810,-8.931917
3811,-2.1829913
3812,-1.9970101
3813,-2.5911772
3814,-3.400684
3815,-3.769821
3816,-3.0615518
3817,-1.2581842
3818,0.9621208
3819,3.1601245
3820,5.020111
3821,-434.1724
3822,-422.4291
3823,-436.11697
3824,1.9986376
3825,-3.7292235
3826,-20.22427
3827,2.9653294
3828,4.116109
3829,4.2914968
3830,3.556456
3831,2.0887775
3832,0.12891486
3833,-2.0412233
3834,-4.1093984
3835,-20.744028
3836,-6.647484
3837,-6.749883
3838,-6.2586017
3839,-5.327988
3840,-4.068261
3841,-2.5506551
3842,-0.7065073
3843,1.672568
3844,4.7351255
3845,-406.1024
3846,-321.06006
3847,-237.74812
3848,-159.30132
3849,-99.46816
3850,-56.488132
3851,-40.099163
3852,-42.63893
3853,-59.731705
3854,-87.537125
3855,-120.8235
3856,-152.21498
3857,-176.65643
3858,-196.0271
3859,-214.70842
3860,-237.8698
3861,-270.9612
3862,-316.67834
3863,-371.97583
3864,-431.2592
3865,1.6705911
3866,-0.24713679
3867,-1.1944396
3868,-1.4398595
3869,-1.2216234
3870,-0.72879016
3871,-0.13185307
3872,0.4114713
3873,0.7491669
3874,0.72823787
3875,0.18867563
3876,-1.2224386
3877,-2.1723006
3878,0.16710421
3879,3.6990361
3880,-422.68152
3881,-338.24963
3882,-258.55655
3883,-191.1355
3884,-140.33112
3885,-108.12651
3886,-95.29809
3887,-101.317245
3888,-124.23897
3889,-162.98833
3890,-216.60863
3891,-283.05338
3892,-358.7678
3893,-438.76108
3894,-0.22758283
3895,-3.1737003
3896,-4.8729787
3897,-5.3076196
3898,-4.8235817
3899,-3.7151158
3900,-2.2061343
3901,-0.48132417
3902,1.3131006
3903,3.0568786
3904,4.625815
3905,-440.23438
3906,-419.62836
3907,-406.94705
3908,-398.44333
3909,-389.88196
3910,-377.21802
3911,-357.2027
3912,-330.06976
3913,-300.5728
3914,-273.7522
3915,-253.90442
3916,-244.46873
3917,-246.55544
3918,-258.1626
3919,-276.844
3920,-300.1123
3921,-325.18326
3922,-348.86838
3923,-367.60132
3924,-377.59827
3925,-375.15332
3926,-374.11423
3927,-392.7461
3928,-403.30334
3929,-407.0694
3930,-404.94193
3931,-397.93503
3932,-387.1208
3933,-373.58374
3934,-358.38373
3935,-342.5308
3936,-326.7986
3937,-310.90674
3938,-293.1575
3939,-271.75647
3940,-245.22617
3941,-212.89809
3942,-176.59334
3943,-140.80159
3944,-109.48184
3945,-85.36199
3946,-69.90205
3947,-62.171383
3948,-58.54036
3949,-55.227283
3950,-48.734604
3951,-36.50494
3952,-19.362465
3953,-1.7491108
3954,12.602308
3955,21.675106
3956,24.682365
3957,22.002535
3958,15.47975
3959,7.6683292
3960,2.1344292
3961,2.690311
3962,10.189865
3963,21.154352
3964,31.812136
3965,39.809383
3966,44.39337
3967,46.082523
3968,45.80598
3969,44.052418
3970,41.0957
3971,37.31958
3972,33.389397
3973,30.270887
3974,29.095888
3975,30.87497
3976,40.603996
3977,47.789616
3978,54.78584
3979,52.30838
3980,48.62637
3981,45.37626
3982,43.119484
3983,41.777184
3984,40.940342
3985,40.05498
3986,38.5352
3987,36.006607
3988,32.5136
3989,28.24995
3990,23.511946
3991,18.70637
3992,14.258165
3993,10.509691
3994,7.7832932
3995,6.3856983
3996,6.44838
3997,7.2561493
3998,6.9180765
3999,3.2312672
4000,-6.5556326
4001,-26.20404
4002,-58.437046
4003,-100.635185
4004,-145.06645
4005,-179.6162
4006,-191.31978
4007,-177.00908
4008,-148.4753
4009,-119.50176
4010,-100.87428
4011,-100.39605
4012,-121.56133
4013,-161.93152
4014,-216.97658
4015,-279.19452
4016,-337.83194
4017,-383.91364
4018,-415.44766
4019,-433.16824
4020,-438.73044
4021,-434.38406
4022,-422.69098
4023,-406.30948
4024,-387.83524
4025,-369.70972
4026,-389.1419
4027,-473.25186
4028,-522.55054
4029,-540.9561
4030,-535.2378
4031,-513.895
4032,-485.7436
4033,-459.09027
4034,-441.49222
4035,-440.11096
4036,-461.6746
4037,-508.66925
4038,-575.74347
4039,-654.57544
4040,1.5843645
4041,-1.0270342
4042,-2.8253508
4043,-4.020379
4044,-4.848942
4045,-5.532151
4046,-6.2816744
4047,-7.2581882
4048,-8.552472
4049,-10.2506895
4050,-12.441816
4051,-15.179387
4052,-18.309746
4053,-21.393703
4054,-23.973377
4055,-25.603798
4056,-25.904423
4057,-24.860405
4058,-22.953861
4059,-20.691948
4060,-18.558037
4061,-16.999258
4062,-16.257078
4063,-16.292345
4064,-17.050283
4065,-18.488106
4066,-20.546158
4067,-23.067389
4068,-25.761026
4069,-28.327906
4070,-30.47469
4071,-31.908722
4072,-32.338253
4073,-31.47283
4074,-29.023653
4075,-24.704472
4076,-23.604492
4077,-35.08886
4078,-32.84652
4079,-34.14871
4080,-34.39731
4081,-33.990494
4082,-33.324368
4083,-32.793854
4084,-32.79359
4085,-33.71867
4086,-35.900185
4087,-39.289978
4088,-43.319332
4089,-47.38989
4090,-50.925755
4091,-53.414974
4092,-54.71368
4093,-55.176666
4094,-55.178284
4095,-55.06609
4096,-55.163692
4097,-55.66764
4098,-56.60299
4099,-57.988228
4100,-59.8513
4101,-62.177853
4102,-64.69949
4103,-66.80175
4104,-67.85611
4105,-67.2523
4106,-64.48424
4107,-59.63901
4108,-58.604435
4109,-52.299213
4110,-46.601395
4111,-37.30578
4112,-34.73685
4113,-33.58221
4114,-33.50027
4115,-34.177185
4116,-35.30896
4117,-36.656994
4118,-38.072872
4119,-39.412598
4120,-40.52797
4121,-41.270702
4122,-41.492477
4123,-41.045
4124,-39.780155
4125,-37.550068
4126,-34.980156
4127,-33.17498
4128,-31.48329
4129,-29.956905
4130,-28.574467
4131,-27.314379
4132,-26.154875
4133,-25.073954
4134,-24.049475
4135,-23.059126
4136,-22.08785
4137,-21.163769
4138,-20.37395
4139,-19.808645
4140,-19.555513
4141,-19.694473
4142,-20.260086
4143,-21.224833
4144,-22.557398
4145,-24.22895
4146,-26.235846
4147,-28.722313
4148,-32.035385
4149,-36.534477
4150,-47.57108
4151,-55.39995
4152,-64.70711
4153,-74.3988
4154,-83.33995
4155,-90.43463
4156,-89.7252
4157,-91.03375
4158,-90.23574
4159,-88.24717
4160,-85.93284
4161,-84.082375
4162,-83.04986
4163,-82.599236
4164,-82.47211
4165,-82.439095
4166,-82.27814
4167,-81.80666
4168,-80.89497
4169,-79.416176
4170,-77.24135
4171,-74.24223
4172,-70.290924
4173,-65.26034
4174,-64.02411
4175,-56.456924
4176,-49.28382
4177,-62.42247
4178,-60.013443
4179,-60.250378
4180,-58.563972
4181,-55.382317
4182,-51.13311
4183,-46.244747
4184,-46.146637
4185,-36.269047
4186,-32.001858
4187,-28.495937
4188,-25.577583
4189,-23.05903
4190,-20.768124
4191,-18.556828
4192,-16.414486
4193,-14.517412
4194,-13.052397
4195,-12.198631
4196,-12.094694
4197,-12.639503
4198,-13.402008
4199,-13.929145
4200,-13.78097
4201,-12.576829
4202,-10.2810335
4203,-7.3279324
4204,-4.17612
4205,-1.2608517
4206,1.0413979
4207,2.6858063
4208,4.0820203
4209,-655.5901
4210,-606.13336
4211,-538.5571
4212,-456.0509
4213,-372.7538
4214,-301.54196
4215,-251.20288
4216,-227.00218
4217,-228.76768
4218,-250.06924
4219,-283.87143
4220,-322.37625
4221,-356.01855
4222,-373.6925
4223,-364.18683
4224,-318.82858
4225,-240.33917
4226,-165.37793
4227,-154.88925
4228,-135.29866
4229,-111.697395
4230,-87.93805
4231,-67.05343
4232,-51.227814
4233,-42.049774
4234,-41.050114
4235,-50.519375
4236,-73.97162
4237,-113.39001
4238,-164.24557
4239,-216.2546
4240,-254.30627
4241,-262.47485
4242,-235.5591
4243,-184.98964
4244,-125.855095
4245,-70.61914
4246,-26.904049
4247,3.517485
4248,22.894648
4249,34.009045
4250,39.158245
4251,39.78371
4252,36.7595
4253,31.41724
4254,25.941038
4255,23.548962
4256,27.211788
4257,36.321846
4258,46.194794
4259,52.856403
4260,55.103046
4261,54.46289
4262,53.45404
4263,53.300274
4264,53.89128
4265,54.61964
4266,54.956154
4267,54.699142
4268,53.842453
4269,52.43123
4270,50.545387
4271,48.29585
4272,45.820324
4273,43.2777
4274,40.84107
4275,38.68975
4276,36.996822
4277,36.011303
4278,35.97839
4279,36.746105
4280,38.12324
4281,39.900974
4282,41.875328
4283,43.864586
4284,45.720776
4285,47.335102
4286,48.641006
4287,49.622574
4288,50.3041
4289,50.709045
4290,50.846775
4291,50.728554
4292,50.478985
4293,50.429688
4294,50.947033
4295,52.23459
4296,53.97874
4297,55.052654
4298,54.58201
4299,53.324863
4300,53.081734
4301,54.47244
4302,54.280853
4303,47.444588
4304,32.439945
4305,13.550839
4306,-0.6480793
4307,-4.139493
4308,1.0402614
4309,9.905309
4310,17.942343
4311,22.21009
4312,21.999903
4313,18.610493
4314,13.604589
4315,8.834237
4316,6.3693237
4317,7.176374
4318,10.221232
4319,14.033396
4320,17.302755
4321,18.911139
4322,17.778688
4323,12.519255
4324,0.9056098
4325,-20.855751
4326,-52.2401
4327,-82.89918
4328,-112.38267
4329,-139.74869
4330,-164.3994
4331,-186.01524
4332,-204.5055
4333,-219.9634
4334,-232.62671
4335,-242.844
4336,-251.04741
4337,-257.7383
4338,-263.47455
4339,-268.84644
4340,-274.46732
4341,-280.93845
4342,-288.68393
4343,-297.84497
4344,-308.5079
4345,-320.77063
4346,-334.67264
4347,-349.84763
4348,-365.27084
4349,-379.7031
4350,-391.826
4351,-400.59647
4352,-406.93253
4353,-414.76434
4354,-428.8129
4355,-454.14728
4356,-495.71353
4357,-554.053
4358,-621.236
4359,3.6765537
4360,1.885
4361,1.4146626
4362,2.275593
4363,3.8826036
4364,-657.4786
4365,-626.2652
4366,-616.8559
4367,-634.431
4368,4.302563
4369,1.8819801
4370,-0.7823796
4371,-3.3678718
4372,-5.55174
4373,-7.0122285
4374,-7.429198
4375,-6.484893
4376,-6.5140877
4377,-10.03285
4378,-12.2906475
4379,-14.140436
4380,-15.715426
4381,-17.148369
4382,-18.571753
4383,-20.117924
4384,-21.919218
4385,-24.108097
4386,-26.78193
4387,-29.832333
4388,-32.86846
4389,-35.48301
4390,-37.281403
4391,-37.915916
4392,-37.305447
4393,-35.730896
4394,-33.490574
4395,-30.865475
4396,-28.132093
4397,-25.544697
4398,-23.327982
4399,-21.705305
4400,-20.901846
4401,-21.108894
4402,-22.315344
4403,-24.23165
4404,-26.550892
4405,-28.976944
4406,-31.230928
4407,-33.13741
4408,-34.662544
4409,-35.780457
4410,-36.459087
4411,-36.68598
4412,-36.562252
4413,-36.343704
4414,-36.293743
4415,-36.668854
4416,-37.692917
4417,-39.398712
4418,-41.557762
4419,-43.927704
4420,-46.277576
4421,-48.37631
4422,-49.993073
4423,-50.897316
4424,-50.858974
4425,-49.6486
4426,-47.395798
4427,-45.422207
4428,-44.996414
4429,-45.54825
4430,-46.83553
4431,-48.614666
4432,-50.640972
4433,-52.669094
4434,-54.453503
4435,-55.748886
4436,-56.355213
4437,-56.333794
4438,-56.100555
4439,-56.08727
4440,-56.70946
4441,-58.333485
4442,-61.03691
4443,-64.50368
4444,-68.39927
4445,-72.40703
4446,-76.217964
4447,-79.56793
4448,-82.25365
4449,-84.07457
4450,-84.82771
4451,-84.356995
4452,-82.77878
4453,-80.57803
4454,-78.25401
4455,-76.28804
4456,-75.10363
4457,-74.78899
4458,-74.977646
4459,-75.28422
4460,-75.344574
4461,-74.84344
4462,-73.749756
4463,-72.41761
4464,-71.216835
4465,-70.498825
4466,-70.57127
4467,-71.487
4468,-72.95262
4469,-74.65999
4470,-76.3168
4471,-77.63074
4472,-78.30948
4473,-78.06104
4474,-76.593636
4475,-73.61605
4476,-70.575935
4477,-69.82563
4478,-69.56809
4479,-69.870514
4480,-70.58888
4481,-71.57903
4482,-72.696594
4483,-73.79722
4484,-74.73645
4485,-75.36985
4486,-75.58251
4487,-75.43084
4488,-75.20352
4489,-75.19879
4490,-75.70386
4491,-76.94241
4492,-78.76802
4493,-80.53166
4494,-81.56321
4495,-81.21651
4496,-78.96054
4497,-74.92886
4498,-70.153595
4499,-65.70074
4500,-62.592144
4501,-61.726837
4502,-63.290478
4503,-66.49763
4504,-70.51794
4505,-74.56373
4506,-77.91607
4507,-80.260895
4508,-81.83318
4509,-82.89094
4510,-83.66603
4511,-84.361404
4512,-85.0129
4513,-85.43013
4514,-85.41348
4515,-84.77418
4516,-83.36468
4517,-81.27617
4518,-78.9231
4519,-76.7325
4520,-75.11584
4521,-74.4848
4522,-75.25153
4523,-77.82908
4524,-82.63147
4525,-95.073326
4526,-102.28144
4527,-99.86449
4528,-101.502396
4529,-101.97319
4530,-101.51615
4531,-100.37033
4532,-98.774574
4533,-96.96759
4534,-95.18812
4535,-93.674736
4536,-92.6423
4537,-92.167496
4538,-92.13997
4539,-92.44187
4540,-92.964355
4541,-93.60358
4542,-94.28494
4543,-94.97378
4544,-95.636894
4545,-96.23926
4546,-96.757965
4547,-97.24094
4548,-97.832054
4549,-98.67882
4550,-99.923294
4551,-101.673935
4552,-103.853325
4553,-106.13362
4554,-108.17703
4555,-109.65801
4556,-110.29473
4557,-110.055435
4558,-109.24669
4559,-108.188995
4560,-107.1875
4561,-106.52438
4562,-106.34368
4563,-106.60235
4564,-107.25056
4565,-108.247986
4566,-109.55174
4567,-111.10299
4568,-112.82082
4569,-114.62369
4570,-116.43124
4571,-118.16307
4572,-119.73896
4573,-121.07858
4574,-122.10163
4575,-122.72766
4576,-122.53551
4577,-121.58142
4578,-121.28391
4579,-121.29154
4580,-121.53563
4581,-121.94728
4582,-122.45748
4583,-122.99713
4584,-123.496956
4585,-123.88752
4586,-124.114655
4587,-124.213165
4588,-124.338425
4589,-124.65031
4590,-125.30275
4591,-126.40905
4592,-127.84695
4593,-129.17519
4594,-129.94023
4595,-129.70383
4596,-128.13185
4597,-125.49621
4598,-122.889305
4599,-121.434654
4600,-122.216324
4601,-126.12241
4602,-137.90154
4603,-145.759
4604,-152.84155
4605,-157.37138
4606,-152.78537
4607,-148.76584
4608,-146.68382
4609,-137.97699
4610,-129.00346
4611,-121.02259
4612,-114.72073
4613,-110.01037
4614,-101.77528
4615,-99.93736
4616,-99.40339
4617,-99.98883
4618,-101.38519
4619,-103.279106
4620,-105.363304
4621,-107.33052
4622,-108.873795
4623,-109.68628
4624,-109.46134
4625,-107.89251
4626,-106.21537
4627,-106.312485
4628,-106.30192
4629,-106.38473
4630,-106.49675
4631,-106.573814
4632,-106.55176
4633,-106.36632
4634,-105.95325
4635,-105.24826
4636,-104.19897
4637,-102.82243
4638,-101.22982
4639,-99.53582
4640,-97.85057
4641,-96.27847
4642,-94.89091
4643,-93.714745
4644,-92.774994
4645,-92.0988
4646,-91.7047
4647,-91.5613
4648,-91.56971
4649,-91.62833
4650,-91.638626
4651,-91.51807
4652,-91.27687
4653,-91.05078
4654,-90.98059
4655,-91.20096
4656,-91.84131
4657,-93.00059
4658,-94.736855
4659,-97.10627
4660,-100.16684
4661,-103.93274
4662,-108.163
4663,-112.27099
4664,-115.65673
4665,-117.73742
4666,-118.01035
4667,-116.43716
4668,-113.60754
4669,-110.13522
4670,-106.60384
4671,-103.59684
4672,-101.69757
4673,-101.489586
4674,-103.55712
4675,-108.48513
4676,-110.429184
4677,-103.82258
4678,-101.2619
4679,-100.22014
4680,-100.38353
4681,-101.43811
4682,-103.06973
4683,-104.96398
4684,-106.80642
4685,-108.28242
4686,-109.11574
4687,-109.252235
4688,-108.93853
4689,-108.43283
4690,-107.97881
4691,-107.8031
4692,-108.03325
4693,-108.66263
4694,-109.67939
4695,-111.078186
4696,-112.8372
4697,-114.83947
4698,-116.83928
4699,-118.58593
4700,-119.834885
4701,-120.379974
4702,-120.23784
4703,-119.72678
4704,-119.17661
4705,-118.90262
4706,-119.1808
4707,-120.05902
4708,-121.27603
4709,-122.55886
4710,-123.64924
4711,-124.32395
4712,-124.56284
4713,-124.62075
4714,-124.763054
4715,-125.24188
4716,-126.27709
4717,-127.90078
4718,-129.89093
4719,-132.01578
4720,-134.05585
4721,-135.79153
4722,-137.00343
4723,-137.472
4724,-136.97768
4725,-135.30092
4726,-131.99919
4727,-128.02777
4728,-126.0944
4729,-125.338104
4730,-125.50006
4731,-126.3215
4732,-127.54371
4733,-128.90793
4734,-130.15536
4735,-131.02731
4736,-131.29453
4737,-130.89894
4738,-130.01442
4739,-128.8236
4740,-127.49808
4741,-126.20011
4742,-125.03838
4743,-124.048706
4744,-123.26423
4745,-122.72155
4746,-122.44916
4747,-122.42829
4748,-122.57628
4749,-122.80808
4750,-123.04163
4751,-123.20683
4752,-123.303024
4753,-123.42356
4754,-123.665344
4755,-124.12077
4756,-124.86278
4757,-125.85098
4758,-126.891754
4759,-127.78553
4760,-128.34013
4761,-128.40631
4762,-128.08382
4763,-127.80975
4764,-128.0341
4765,-129.19057
4766,-131.64528
4767,-135.37137
4768,-139.80977
4769,-144.38129
4770,-148.53241
4771,-151.70975
4772,-153.36
4773,-152.92958
4774,-149.8644
4775,-148.60986
4776,-142.60352
4777,-136.86957
4778,-136.50745
4779,-137.02806
4780,-138.2591
4781,-140.02826
4782,-142.16324
4783,-144.49176
4784,-146.84163
4785,-149.04053
4786,-150.94173
4787,-152.54597
4788,-154.05386
4789,-155.67366
4790,-157.60402
4791,-159.98378
4792,-162.6039
4793,-164.78459
4794,-165.82794
4795,-165.0582
4796,-161.94138
4797,-156.7696
4798,-155.95547
4799,-150.95667
4800,-143.17705
4801,-143.82558
4802,-147.98366
4803,-159.20692
4804,-165.99304
4805,-171.91321
4806,-170.6889
4807,-171.91362
4808,-171.36226
4809,-169.85616
4810,-168.16129
4811,-166.97589
4812,-166.6007
4813,-166.79733
4814,-167.30669
4815,-167.89578
4816,-168.35056
4817,-168.56462
4818,-168.57768
4819,-168.4353
4820,-168.1762
4821,-167.83928
4822,-167.46349
4823,-167.08788
4824,-166.75154
4825,-166.49362
4826,-161.92792
4827,-155.83965
4828,-150.15353
4829,-142.07376
4830,-141.06003
4831,-141.57333
4832,-143.0751
4833,-145.02695
4834,-146.89064
4835,-148.12784
4836,-148.26854
4837,-147.23917
4838,-145.50323
4839,-143.54411
4840,-141.81772
4841,-140.72906
4842,-140.39835
4843,-140.5611
4844,-140.93849
4845,-141.27077
4846,-141.33641
4847,-141.13206
4848,-140.94952
4849,-141.09268
4850,-141.852
4851,-143.47441
4852,-145.95079
4853,-148.92493
4854,-152.02791
4855,-154.90776
4856,-157.2384
4857,-158.84262
4858,-159.74455
4859,-159.9761
4860,-159.55962
4861,-158.5208
4862,-156.90521
4863,-154.78519
4864,-152.23415
4865,-149.32407
4866,-146.1348
4867,-142.79189
4868,-139.48291
4869,-136.39764
4870,-133.7228
4871,-131.6448
4872,-130.35007
4873,-130.02472
4874,-130.85457
4875,-133.0246
4876,-133.10997
4877,-127.71959
4878,-123.73224
4879,-120.12111
4880,-116.9893
4881,-114.43923
4882,-112.57309
4883,-111.4931
4884,-111.301605
4885,-112.10089
4886,-113.952034
4887,-116.67789
4888,-119.77891
4889,-122.74366
4890,-125.07688
4891,-126.34299
4892,-126.44876
4893,-125.76438
4894,-124.67806
4895,-123.55631
4896,-122.71829
4897,-122.20652
4898,-121.68883
4899,-120.818985
4900,-119.26871
4901,-116.776825
4902,-113.47106
4903,-110.00541
4904,-107.053764
4905,-105.26458
4906,-105.18325
4907,-106.7574
4908,-109.124306
4909,-111.389366
4910,-112.69639
4911,-112.31796
4912,-110.27426
4913,-107.597336
4914,-105.35758
4915,-104.576515
4916,-106.145515
4917,-110.199356
4918,-120.8468
4919,-127.15575
4920,-133.24287
4921,-138.22536
4922,-136.22093
4923,-136.34729
4924,-132.7216
4925,-129.46057
4926,-118.28934
4927,-109.921555
4928,-100.93714
4929,-99.907
4930,-101.08978
4931,-103.7438
4932,-107.12611
4933,-110.49309
4934,-113.10097
4935,-114.206116
4936,-113.22536
4937,-110.50562
4938,-107.6526
4939,-106.31963
4940,-108.099815
4941,-119.30155
4942,-129.56996
4943,-141.29356
4944,-151.77382
4945,-158.42526
4946,-154.00905
4947,-148.28497
4948,-143.72353
4949,-132.90488
4950,-123.28123
4951,-117.045044
4952,-109.896034
4953,-110.519035
4954,-112.52284
4955,-114.6122
4956,-115.61874
4957,-115.1142
4958,-113.67269
4959,-111.90674
4960,-110.38056
4961,-109.59208
4962,-109.653534
4963,-110.15524
4964,-110.66732
4965,-110.78492
4966,-110.15081
4967,-108.68487
4968,-106.68189
4969,-104.45108
4970,-102.28355
4971,-100.47043
4972,-99.302795
4973,-99.07185
4974,-100.069
4975,-102.58586
4976,-107.653564
4977,-119.24196
4978,-117.58624
4979,-119.112976
4980,-119.22845
4981,-118.33852
4982,-116.8487
4983,-115.16462
4984,-113.69169
4985,-112.83547
4986,-112.95222
4987,-114.11248
4988,-115.99976
4989,-118.28262
4990,-120.648094
4991,-122.798805
4992,-124.52793
4993,-125.75107
4994,-126.38859
4995,-126.35498
4996,-125.589714
4997,-124.1775
4998,-122.399796
4999,-120.54551
5000,-118.89407
5001,-117.698875
5002,-117.06127
5003,-116.877144
5004,-117.0344
5005,-117.430916
5006,-117.966225
5007,-118.549706
5008,-119.10415
5009,-119.55286
5010,-119.81846
5011,-119.83747
5012,-119.62667
5013,-119.311386
5014,-119.021286
5015,-118.88068
5016,-119.00126
5017,-119.42137
5018,-120.07974
5019,-120.91125
5020,-121.85542
5021,-122.85152
5022,-123.838684
5023,-124.75615
5024,-125.54309
5025,-126.13873
5026,-126.73324
5027,-127.5151
5028,-127.98976
5029,-128.26385
5030,-128.35472
5031,-128.27966
5032,-128.0561
5033,-127.70158
5034,-127.233505
5035,-126.66954
5036,-126.02969
5037,-125.34865
5038,-124.68086
5039,-124.08141
5040,-123.60449
5041,-123.295975
5042,-123.15766
5043,-123.13198
5044,-123.158195
5045,-123.177956
5046,-123.14909
5047,-123.12147
5048,-123.269615
5049,-123.77374
5050,-124.80905
5051,-126.5151
5052,-128.81917
5053,-131.36003
5054,-133.76363
5055,-135.66756
5056,-136.73813
5057,-136.81303
5058,-135.96283
5059,-134.26814
5060,-131.79977
5061,-128.65268
5062,-125.05492
5063,-121.41397
5064,-118.14517
5065,-115.656044
5066,-114.30241
5067,-114.1359
5068,-114.796005
5069,-115.90679
5070,-117.11212
5071,-118.05598
5072,-118.382454
5073,-117.73556
5074,-115.75928
5075,-112.097595
5076,-107.041695
5077,-102.49811
5078,-99.87108
5079,-98.47637
5080,-98.02999
5081,-98.2476
5082,-98.84443
5083,-99.53527
5084,-100.03434
5085,-100.054565
5086,-99.35391
5087,-97.96584
5088,-96.29875
5089,-94.7751
5090,-93.79954
5091,-93.71266
5092,-94.479095
5093,-95.553604
5094,-96.37169
5095,-96.39417
5096,-95.15459
5097,-92.604164
5098,-89.25914
5099,-85.657715
5100,-82.31119
5101,-79.68527
5102,-77.98145
5103,-77.043144
5104,-76.69965
5105,-76.79721
5106,-77.193214
5107,-77.811035
5108,-78.66367
5109,-79.76767
5110,-81.13515
5111,-82.75375
5112,-84.46901
5113,-85.934
5114,-86.793686
5115,-86.70223
5116,-85.36108
5117,-82.746216
5118,-79.20536
5119,-75.10035
5120,-70.77487
5121,-66.57196
5122,-62.834087
5123,-59.903473
5124,-58.12247
5125,-57.83411
5126,-58.826443
5127,-59.44763
5128,-58.447998
5129,-56.515972
5130,-53.980316
5131,-51.168915
5132,-48.409023
5133,-46.027447
5134,-44.350967
5135,-43.706776
5136,-44.36074
5137,-46.21678
5138,-48.684025
5139,-51.14578
5140,-53.00699
5141,-53.748295
5142,-53.28898
5143,-52.14333
5144,-50.85185
5145,-49.926773
5146,-49.83188
5147,-50.750065
5148,-52.48188
5149,-54.809715
5150,-57.532978
5151,-60.4423
5152,-63.27902
5153,-65.717705
5154,-67.43016
5155,-68.09173
5156,-67.43435
5157,-65.51606
5158,-62.836338
5159,-59.912376
5160,-57.2399
5161,-55.266552
5162,-54.163128
5163,-53.724678
5164,-53.72979
5165,-53.97415
5166,-54.27081
5167,-54.534927
5168,-54.8207
5169,-55.18858
5170,-55.692722
5171,-56.387253
5172,-57.326344
5173,-58.56427
5174,-60.155304
5175,-62.15377
5176,-62.76376
5177,-61.073166
5178,-61.987827
5179,-64.18408
5180,-67.28457
5181,-70.91064
5182,-74.68295
5183,-78.22203
5184,-81.14856
5185,-83.08365
5186,-83.703865
5187,-83.00645
5188,-81.42274
5189,-79.401276
5190,-77.369484
5191,-75.72728
5192,-74.715614
5193,-74.36031
5194,-74.67862
5195,-75.698074
5196,-77.41584
5197,-79.65258
5198,-81.98913
5199,-83.99617
5200,-85.25584
5201,-85.41764
5202,-84.521286
5203,-83.13462
5204,-81.84636
5205,-81.21987
5206,-81.74194
5207,-83.453804
5208,-85.79199
5209,-88.167854
5210,-90.0211
5211,-90.84689
5212,-90.46259
5213,-89.121574
5214,-87.09446
5215,-84.630875
5216,-81.97887
5217,-79.37813
5218,-77.05716
5219,-75.244064
5220,-74.16747
5221,-74.05631
5222,-75.13986
5223,-77.64785
5224,-81.81046
5225,-92.85799
5226,-91.61934
5227,-89.12095
5228,-88.96251
5229,-89.58867
5230,-90.90986
5231,-92.8363
5232,-95.278275
5233,-98.14584
5234,-101.34905
5235,-104.79791
5236,-108.39461
5237,-111.99525
5238,-115.393906
5239,-118.382195
5240,-120.75487
5241,-122.33283
5242,-123.0894
5243,-123.2041
5244,-122.8643
5245,-122.24748
5246,-121.52333
5247,-120.81668
5248,-120.19156
5249,-119.70968
5250,-119.435646
5251,-119.425735
5252,-119.687355
5253,-120.1621
5254,-120.78892
5255,-121.509964
5256,-122.26107
5257,-122.941246
5258,-123.39981
5259,-123.48411
5260,-123.0439
5261,-121.97019
5262,-120.393524
5263,-118.76878
5264,-117.56311
5265,-117.22816
5266,-118.156166
5267,-120.39406
5268,-123.52105
5269,-127.09831
5270,-130.70944
5271,-133.93814
5272,-136.3682
5273,-137.58337
5274,-137.16745
5275,-134.7041
5276,-133.00623
5277,-135.48096
5278,-136.97408
5279,-138.25851
5280,-139.28503
5281,-140.00446
5282,-140.36687
5283,-140.32103
5284,-139.81427
5285,-138.79305
5286,-137.23953
5287,-135.34415
5288,-133.57957
5289,-132.43001
5290,-132.36671
5291,-133.77986
5292,-136.5849
5293,-140.05432
5294,-143.43661
5295,-146.01189
5296,-147.13887
5297,-146.63113
5298,-144.91809
5299,-142.45299
5300,-139.65999
5301,-136.93257
5302,-134.485
5303,-132.28882
5304,-130.30621
5305,-128.51106
5306,-126.888435
5307,-125.488625
5308,-124.45016
5309,-123.91491
5310,-124.02042
5311,-124.86937
5312,-126.36209
5313,-128.12491
5314,-129.77365
5315,-130.93721
5316,-131.28633
5317,-130.73537
5318,-129.52863
5319,-127.922905
5320,-126.15905
5321,-124.477875
5322,-123.12004
5323,-122.32622
5324,-122.33683
5325,-123.39243
5326,-134.93825
5327,-147.85985
5328,-153.41953
5329,-150.14806
5330,-148.85268
5331,-145.34033
5332,-140.41862
5333,-139.896
5334,-134.58095
5335,-125.281746
5336,-122.70244
5337,-121.9438
5338,-122.29036
5339,-122.99556
5340,-123.35192
5341,-122.7331
5342,-120.98475
5343,-118.59146
5344,-116.06215
5345,-113.87498
5346,-112.460846
5347,-111.97617
5348,-112.206055
5349,-112.921295
5350,-113.91036
5351,-114.97298
5352,-115.9733
5353,-116.863075
5354,-117.597305
5355,-118.12686
5356,-118.40481
5357,-118.3966
5358,-118.08465
5359,-117.45207
5360,-116.481064
5361,-115.1712
5362,-113.62218
5363,-112.06937
5364,-110.75332
5365,-109.90806
5366,-109.74193
5367,-110.31344
5368,-111.47855
5369,-113.08532
5370,-114.99147
5371,-117.05471
5372,-119.132744
5373,-121.08336
5374,-122.76424
5375,-124.033226
5376,-126.01017
5377,-129.28647
5378,-130.59833
5379,-130.85721
5380,-130.32571
5381,-129.26637
5382,-127.94176
5383,-126.61439
5384,-125.54688
5385,-125.00173
5386,-125.19602
5387,-126.08176
5388,-127.25244
5389,-128.28786
5390,-128.78499
5391,-128.40454
5392,-127.17743
5393,-125.63581
5394,-124.33101
5395,-123.79017
5396,-124.46813
5397,-126.398705
5398,-129.04584
5399,-131.8516
5400,-134.28554
5401,-135.87502
5402,-136.48367
5403,-136.43015
5404,-136.05049
5405,-135.65894
5406,-135.54047
5407,-135.81041
5408,-136.35396
5409,-137.04718
5410,-137.77702
5411,-138.43839
5412,-138.9725
5413,-139.38377
5414,-139.67902
5415,-139.86227
5416,-139.93854
5417,-139.91766
5418,-139.81587
5419,-139.64984
5420,-139.43599
5421,-139.19084
5422,-138.9311
5423,-138.67339
5424,-138.43452
5425,-138.23126
5426,-137.6674
5427,-136.33998
5428,-135.04013
5429,-133.72752
5430,-132.47678
5431,-131.36252
5432,-130.45932
5433,-129.84184
5434,-129.5846
5435,-129.76219
5436,-130.43333
5437,-131.56505
5438,-133.00003
5439,-134.57622
5440,-136.13757
5441,-137.5588
5442,-138.89406
5443,-140.44023
5444,-142.50352
5445,-145.37831
5446,-149.29141
5447,-154.07672
5448,-159.0368
5449,-163.45415
5450,-166.63683
5451,-167.97343
5452,-167.32007
5453,-165.16658
5454,-162.02798
5455,-158.38939
5456,-154.70659
5457,-151.26302
5458,-148.10849
5459,-145.28365
5460,-142.84036
5461,-140.82886
5462,-139.29037
5463,-138.25412
5464,-137.74876
5465,-137.8035
5466,-138.4343
5467,-139.57951
5468,-141.07256
5469,-142.74283
5470,-144.42485
5471,-145.953
5472,-147.1618
5473,-147.88568
5474,-147.9591
5475,-147.21646
5476,-147.38345
5477,-149.77252
5478,-150.14745
5479,-149.55759
5480,-148.25325
5481,-146.48462
5482,-144.50217
5483,-142.55624
5484,-140.8973
5485,-139.77565
5486,-139.40672
5487,-139.80246
5488,-140.69942
5489,-141.82365
5490,-142.91454
5491,-143.7344
5492,-144.17996
5493,-144.32965
5494,-144.26886
5495,-144.07425
5496,-143.82382
5497,-143.60324
5498,-143.50833
5499,-143.63547
5500,-144.0804
5501,-144.91093
5502,-146.03159
5503,-147.12607
5504,-147.86964
5505,-147.94814
5506,-147.09477
5507,-145.31847
5508,-143.00163
5509,-140.54106
5510,-138.31577
5511,-136.67462
5512,-135.7917
5513,-135.60449
5514,-136.04132
5515,-137.04196
5516,-138.54486
5517,-140.4808
5518,-142.77026
5519,-145.33328
5520,-148.09045
5521,-150.96237
5522,-153.86967
5523,-156.73293
5524,-159.47275
5525,-162.00983
5526,-162.65999
5527,-160.24405
5528,-158.62784
5529,-157.23775
5530,-156.15524
5531,-155.46172
5532,-155.23866
5533,-155.56754
5534,-156.52971
5535,-158.2066
5536,-160.63445
5537,-163.58778
5538,-166.48666
5539,-168.73756
5540,-169.76399
5541,-169.07323
5542,-166.66173
5543,-163.18883
5544,-159.34074
5545,-155.77222
5546,-153.0768
5547,-151.4915
5548,-150.77078
5549,-150.65025
5550,-150.88872
5551,-151.253
5552,-151.5588
5553,-151.6881
5554,-151.52487
5555,-150.94963
5556,-149.87021
5557,-148.35225
5558,-146.67516
5559,-145.12714
5560,-143.98682
5561,-143.49812
5562,-143.70062
5563,-144.35713
5564,-145.22021
5565,-146.05624
5566,-146.65366
5567,-146.92796
5568,-146.9665
5569,-146.86339
5570,-146.70457
5571,-146.57616
5572,-146.5643
5573,-146.75523
5574,-147.23512
5575,-148.09013
5576,-151.39404
5577,-162.63231
5578,-160.48482
5579,-161.63501
5580,-161.50636
5581,-160.52254
5582,-159.10736
5583,-157.68472
5584,-156.67856
5585,-156.51263
5586,-157.52846
5587,-159.59059
5588,-161.91794
5589,-163.70462
5590,-164.17555
5591,-162.66794
5592,-159.17288
5593,-154.56834
5594,-149.7676
5595,-145.64183
5596,-142.9703
5597,-141.99979
5598,-142.25627
5599,-143.23807
5600,-144.47826
5601,-145.55283
5602,-146.28783
5603,-146.84758
5604,-147.40952
5605,-148.13466
5606,-149.15741
5607,-150.4574
5608,-151.80449
5609,-152.9606
5610,-153.69774
5611,-153.82591
5612,-153.37746
5613,-152.68546
5614,-152.09485
5615,-151.93597
5616,-152.49417
5617,-153.79271
5618,-155.50021
5619,-157.27156
5620,-158.77878
5621,-159.69385
5622,-159.68864
5623,-158.43503
5624,-155.60455
5625,-150.86868
5626,-149.77295
5627,-161.81033
5628,-159.20058
5629,-159.66588
5630,-158.61856
5631,-156.47101
5632,-153.63617
5633,-150.5271
5634,-147.55698
5635,-145.13904
5636,-143.63042
5637,-143.06314
5638,-143.02904
5639,-143.10309
5640,-142.8814
5641,-142.01178
5642,-140.44226
5643,-138.52733
5644,-136.6372
5645,-135.12256
5646,-134.30899
5647,-134.376
5648,-135.30548
5649,-137.07173
5650,-139.65857
5651,-143.01103
5652,-146.84915
5653,-150.58836
5654,-153.63274
5655,-155.4009
5656,-155.40791
5657,-153.72935
5658,-151.20033
5659,-148.68588
5660,-147.01479
5661,-146.9166
5662,-148.54382
5663,-151.26823
5664,-154.43169
5665,-157.41376
5666,-159.64781
5667,-160.87949
5668,-161.27682
5669,-161.02429
5670,-160.28618
5671,-159.22682
5672,-158.01057
5673,-156.80191
5674,-155.7652
5675,-155.06491
5676,-154.77777
5677,-154.28046
5678,-152.66283
5679,-150.41664
5680,-147.78456
5681,-145.0094
5682,-142.33394
5683,-140.00095
5684,-138.2532
5685,-137.3334
5686,-137.44608
5687,-138.57399
5688,-140.39983
5689,-142.59473
5690,-144.84444
5691,-146.86633
5692,-148.56252
5693,-150.08508
5694,-151.59561
5695,-153.24371
5696,-155.14835
5697,-157.25043
5698,-159.24982
5699,-160.83708
5700,-161.71431
5701,-161.63048
5702,-160.6071
5703,-159.035
5704,-157.3195
5705,-155.84846
5706,-154.9682
5707,-154.7844
5708,-155.07661
5709,-155.61151
5710,-156.16988
5711,-156.5429
5712,-156.59966
5713,-156.31766
5714,-155.67824
5715,-154.65807
5716,-153.2491
5717,-151.52573
5718,-149.67334
5719,-147.88354
5720,-146.34435
5721,-145.2453
5722,-144.77736
5723,-145.1325
5724,-146.50377
5725,-149.08488
5726,-152.86685
5727,-156.26295
5728,-157.091
5729,-156.37518
5730,-154.56726
5731,-152.11935
5732,-149.4839
5733,-147.1134
5734,-145.46022
5735,-144.97647
5736,-146.03018
5737,-148.50166
5738,-151.6114
5739,-154.55452
5740,-156.5578
5741,-156.9447
5742,-155.60237
5743,-153.18143
5744,-150.36234
5745,-147.7889
5746,-146.02289
5747,-145.15012
5748,-144.61201
5749,-143.825
5750,-142.23619
5751,-139.37103
5752,-135.21158
5753,-130.35826
5754,-125.43534
5755,-121.03695
5756,-117.70078
5757,-115.6376
5758,-114.61636
5759,-114.38905
5760,-114.728806
5761,-115.40219
5762,-116.13908
5763,-116.61933
5764,-116.52098
5765,-115.52425
5766,-113.36034
5767,-110.05836
5768,-106.05116
5769,-101.78622
5770,-97.691216
5771,-94.19378
5772,-91.72179
5773,-90.703766
5774,-91.569374
5775,-94.74965
5776,-95.26835
5777,-93.534706
5778,-85.39751
5779,-83.72914
5780,-83.301704
5781,-83.887566
5782,-85.25885
5783,-87.18767
5784,-89.445854
5785,-91.80527
5786,-94.05215
5787,-96.056274
5788,-97.80064
5789,-99.272896
5790,-100.45513
5791,-101.33969
5792,-101.97789
5793,-102.501015
5794,-103.04335
5795,-103.73538
5796,-104.673744
5797,-105.75882
5798,-106.62513
5799,-106.89692
5800,-106.21114
5801,-104.28123
5802,-101.26515
5803,-97.921875
5804,-95.03236
5805,-93.348
5806,-93.51788
5807,-95.59595
5808,-98.829025
5809,-102.43161
5810,-105.6564
5811,-107.83019
5812,-108.708275
5813,-108.62584
5814,-107.94059
5815,-106.98263
5816,-106.065
5817,-105.401596
5818,-105.07202
5819,-105.150795
5820,-105.718925
5821,-106.857544
5822,-108.64778
5823,-111.17083
5824,-114.507805
5825,-118.73982
5826,-121.56259
5827,-120.39195
5828,-119.2249
5829,-117.56404
5830,-115.53062
5831,-113.245895
5832,-110.83102
5833,-108.40714
5834,-106.09527
5835,-104.016426
5836,-102.28688
5837,-100.996056
5838,-100.196915
5839,-99.94103
5840,-100.28174
5841,-101.247925
5842,-102.7266
5843,-104.412575
5844,-105.99307
5845,-107.16447
5846,-107.660355
5847,-107.43038
5848,-106.716675
5849,-105.77172
5850,-104.83356
5851,-104.11369
5852,-103.670494
5853,-103.35513
5854,-103.01105
5855,-102.49202
5856,-101.675095
5857,-100.57091
5858,-99.3709
5859,-98.273735
5860,-97.46965
5861,-97.1182
5862,-97.19974
5863,-97.45171
5864,-97.602135
5865,-97.39067
5866,-96.582146
5867,-95.08702
5868,-93.01296
5869,-90.47531
5870,-87.57988
5871,-84.432556
5872,-81.139046
5873,-77.80506
5874,-74.536125
5875,-71.43775
5876,-72.79418
5877,-86.393234
5878,-91.9066
5879,-91.329216
5880,-94.83077
5881,-97.58018
5882,-99.74573
5883,-101.49539
5884,-102.99699
5885,-104.418144
5886,-105.90467
5887,-107.475395
5888,-108.97738
5889,-110.25099
5890,-111.14477
5891,-111.52628
5892,-111.37367
5893,-110.81482
5894,-109.98331
5895,-109.00546
5896,-108.00409
5897,-107.08178
5898,-106.31353
5899,-105.773346
5900,-105.536545
5901,-105.66582
5902,-106.1507
5903,-106.88164
5904,-107.74523
5905,-108.6328
5906,-109.456276
5907,-110.24741
5908,-111.20013
5909,-112.514725
5910,-114.383675
5911,-116.95479
5912,-120.116356
5913,-123.40513
5914,-126.3444
5915,-128.47435
5916,-129.39027
5917,-129.00659
5918,-127.669914
5919,-125.743286
5920,-123.56913
5921,-121.48979
5922,-119.84757
5923,-118.98477
5924,-119.2438
5925,-120.96699
5926,-124.94968
5927,-130.06503
5928,-132.34622
5929,-133.02423
5930,-132.46211
5931,-131.02295
5932,-129.06978
5933,-126.96567
5934,-125.07369
5935,-123.756996
5936,-123.32992
5937,-123.82426
5938,-124.88899
5939,-126.15852
5940,-127.285675
5941,-127.96438
5942,-128.1282
5943,-128.03493
5944,-127.95483
5945,-128.14246
5946,-128.81891
5947,-130.01013
5948,-131.47768
5949,-132.97325
5950,-134.26106
5951,-135.14511
5952,-135.65973
5953,-136.15134
5954,-136.97818
5955,-138.48363
5956,-140.94489
5957,-144.25562
5958,-147.7902
5959,-150.90332
5960,-152.97472
5961,-153.46901
5962,-152.34415
5963,-150.22662
5964,-147.76889
5965,-145.5917
5966,-144.25468
5967,-143.96217
5968,-144.43758
5969,-145.38582
5970,-146.53493
5971,-147.61299
5972,-148.34811
5973,-148.46838
5974,-147.70183
5975,-145.77632
5976,-143.19736
5977,-141.43614
5978,-140.57703
5979,-140.3446
5980,-140.57288
5981,-141.09608
5982,-141.74896
5983,-142.36682
5984,-142.78564
5985,-142.84196
5986,-142.39062
5987,-141.38972
5988,-139.93683
5989,-138.13531
5990,-136.08223
5991,-133.88388
5992,-131.69908
5993,-129.75742
5994,-128.2914
5995,-127.53017
5996,-127.66062
5997,-128.62373
5998,-130.02652
5999,-131.46129
6000,-132.53389
6001,-132.89467
6002,-132.45905
6003,-131.50189
6004,-130.31113
6005,-129.15523
6006,-128.27197
6007,-127.731705
6008,-127.37988
6009,-127.054825
6010,-126.60767
6011,-125.901886
6012,-124.86151
6013,-123.49194
6014,-121.80348
6015,-119.80408
6016,-117.51092
6017,-114.987366
6018,-112.358765
6019,-109.7535
6020,-107.29738
6021,-105.11653
6022,-103.33726
6023,-102.08594
6024,-101.488846
6025,-101.672264
6026,-102.99397
6027,-104.70184
6028,-104.53643
6029,-103.262024
6030,-101.13262
6031,-98.401215
6032,-95.32009
6033,-92.1403
6034,-89.11073
6035,-86.47834
6036,-84.455986
6037,-83.0644
6038,-82.06362
6039,-81.20208
6040,-80.24042
6041,-78.96122
6042,-77.271706
6043,-75.24736
6044,-72.97235
6045,-70.524574
6046,-67.99874
6047,-65.579216
6048,-63.571014
6049,-62.28511
6050,-62.027824
6051,-63.040356
6052,-65.17952
6053,-67.778465
6054,-70.146194
6055,-71.615776
6056,-71.58569
6057,-69.832634
6058,-66.64523
6059,-62.332924
6060,-57.18006
6061,-56.470886
6062,-50.49289
6063,-44.538036
6064,-38.89583
6065,-33.851166
6066,-24.651926
6067,-21.351606
6068,-18.741772
6069,-16.601267
6070,-14.721479
6071,-12.894794
6072,-10.9149885
6073,-8.577249
6074,-5.678308
6075,-2.0163121
6076,-1.5885179
6077,-579.8216
6078,-486.38333
6079,-440.27032
6080,-422.46725
6081,-422.45853
6082,-431.1488
6083,-439.6277
6084,-438.77502
6085,-419.7
6086,-376.27762
6087,-312.5413
6088,-243.83626
6089,-184.01865
6090,-142.0547
6091,-122.58289
6092,-124.522285
6093,-140.47456
6094,-161.87694
6095,-178.75252
6096,-180.76518
6097,-164.31725
6098,-136.42879
6099,-105.76226
6100,-79.16896
6101,-60.99812
6102,-51.969986
6103,-49.517826
6104,-51.056767
6105,-54.30001
6106,-56.993908
6107,-57.15562
6108,-53.383812
6109,-44.65051
6110,-30.45306
6111,-11.431957
6112,9.333806
6113,27.206654
6114,39.53322
6115,46.111748
6116,48.042957
6117,46.09026
6118,39.670506
6119,27.014462
6120,6.389378
6121,-22.835314
6122,-59.519016
6123,-100.471115
6124,-140.56453
6125,-173.24315
6126,-228.22736
6127,-338.25412
6128,-371.55106
6129,-348.13773
6130,-281.79626
6131,-201.13327
6132,-117.370834
6133,-49.920536
6134,-4.7429876
6135,24.498146
6136,32.941185
6137,30.502487
6138,20.452753
6139,6.0600057
6140,-6.1403337
6141,-7.565567
6142,4.3568163
6143,22.29379
6144,38.277184
6145,48.240685
6146,52.46072
6147,53.555553
6148,53.53052
6149,53.178486
6150,53.169563
6151,54.043007
6152,55.045868
6153,54.121006
6154,49.613785
6155,41.242863
6156,30.320803
6157,18.775948
6158,7.6030464
6159,-2.923318
6160,-12.936392
6161,-22.771498
6162,-32.311142
6163,-40.42649
6164,-45.635326
6165,-46.452396
6166,-41.809875
6167,-32.201633
6168,-20.006237
6169,-7.6607623
6170,2.970185
6171,10.617741
6172,14.398958
6173,13.36536
6174,5.808518
6175,-11.673741
6176,-34.424667
6177,-44.498135
6178,-45.6944
6179,-39.8495
6180,-29.49794
6181,-17.214933
6182,-5.208809
6183,4.8735185
6184,11.930136
6185,15.174088
6186,13.927161
6187,8.3355665
6188,0.44332054
6189,-6.5612316
6190,-8.72319
6191,-2.7432015
6192,10.3581
6193,24.851295
6194,36.12266
6195,42.333317
6196,43.33905
6197,39.00402
6198,28.949062
6199,13.41356
6200,-5.114876
6201,-21.729832
6202,-32.190506
6203,-36.195065
6204,-35.22593
6205,-31.249773
6206,-26.190922
6207,-21.228601
6208,-16.547693
6209,-12.131187
6210,-7.965266
6211,-4.075943
6212,-0.69836533
6213,1.6507258
6214,2.4190855
6215,1.0197519
6216,-3.1908512
6217,-10.566944
6218,-20.79101
6219,-33.248367
6220,-47.05978
6221,-61.02029
6222,-73.611305
6223,-83.08409
6224,-87.61532
6225,-85.53441
6226,-78.009415
6227,-67.33417
6228,-51.18964
6229,-32.899914
6230,-15.201674
6231,-0.061231993
6232,11.354182
6233,18.481146
6234,20.939102
6235,17.88242
6236,7.4666533
6237,-11.852365
6238,-38.09605
6239,-65.39795
6240,-84.473404
6241,-85.700455
6242,-67.402664
6243,-39.06998
6244,-10.992568
6245,10.236258
6246,22.289171
6247,26.542418
6248,26.135489
6249,23.55791
6250,21.220703
6251,21.57507
6252,25.36772
6253,30.739065
6254,35.6568
6255,38.745003
6256,39.192024
6257,36.91357
6258,32.97822
6259,29.16747
6260,27.867096
6261,31.14047
6262,38.364887
6263,46.04378
6264,51.469986
6265,54.024117
6266,54.72006
6267,54.686672
6268,53.940727
6269,51.87158
6270,48.226627
6271,43.66527
6272,39.795166
6273,38.685337
6274,41.855373
6275,48.743263
6276,52.382843
6277,49.64266
6278,45.203724
6279,38.865913
6280,30.524544
6281,20.263542
6282,8.372863
6283,-4.65009
6284,-18.114061
6285,-31.164114
6286,-42.83418
6287,-52.146263
6288,-58.21352
6289,-60.274014
6290,-57.75763
6291,-50.62428
6292,-40.576424
6293,-31.273905
6294,-26.165377
6295,-28.432682
6296,-41.648582
6297,-68.19784
6298,-105.96207
6299,-149.10272
6300,-188.05058
6301,-211.35944
6302,-213.31989
6303,-199.10419
6304,-176.86716
6305,-154.21979
6306,-137.03323
6307,-127.25839
6308,-122.43318
6309,-119.53365
6310,-115.72454
6311,-108.48607
6312,-96.62551
6313,-80.80336
6314,-62.160217
6315,-41.90121
6316,-21.318169
6317,-2.028324
6318,14.252847
6319,26.571512
6320,34.77254
6321,39.157833
6322,39.94472
6323,36.522175
6324,26.50531
6325,4.5858006
6326,-29.191078
6327,-57.201405
6328,-74.00077
6329,-78.964195
6330,-73.66406
6331,-60.878372
6332,-43.794636
6333,-25.417957
6334,-8.1815195
6335,6.244095
6336,17.032278
6337,24.348667
6338,29.064745
6339,31.925293
6340,33.449783
6341,33.995438
6342,33.74477
6343,32.697166
6344,30.778679
6345,27.868498
6346,23.814585
6347,18.540854
6348,12.167392
6349,4.940515
6350,-2.780368
6351,-10.456118
6352,-17.04667
6353,-20.791418
6354,-19.798515
6355,-12.590259
6356,0.9929924
6357,18.09238
6358,33.65318
6359,44.492702
6360,50.188347
6361,52.12448
6362,51.77291
6363,49.745087
6364,46.538723
6365,43.66205
6366,43.331406
6367,46.27686
6368,50.582664
6369,53.91835
6370,54.901043
6371,53.565186
6372,51.27232
6373,50.05623
6374,51.401596
6375,54.454876
6376,54.916206
6377,54.48095
6378,54.4715
6379,54.747917
6380,54.962505
6381,54.776672
6382,54.040348
6383,52.87575
6384,51.66488
6385,50.941456
6386,51.131123
6387,52.05941
6388,52.98208
6389,53.374725
6390,52.856617
6391,50.424366
6392,44.12405
6393,32.831287
6394,17.945116
6395,3.8825078
6396,-3.4088848
6397,-1.4105804
6398,6.075581
6399,14.067797
6400,18.722948
6401,17.327236
6402,8.689623
6403,-5.644669
6404,-22.181118
6405,-35.24891
6406,-38.511387
6407,-30.757875
6408,-18.517216
6409,-8.783946
6410,-6.9635787
6411,-18.177073
6412,-46.390934
6413,-89.55918
6414,-139.11513
6415,-179.48656
6416,-192.36746
6417,-170.95882
6418,-127.68167
6419,-78.757706
6420,-36.499462
6421,-7.4602046
6422,6.481429
6423,4.0622745
6424,-22.400715
6425,-102.00002
6426,-141.50801
6427,-46.99697
6428,-8.113559
6429,7.0051155
6430,-0.36323777
6431,-23.220392
6432,-62.177063
6433,-120.79716
6434,-177.93558
6435,-237.06163
6436,-278.59882
6437,-293.54572
6438,-285.03528
6439,-260.6803
6440,-228.64154
6441,-195.92474
6442,-166.03787
6443,-138.58488
6444,-112.61874
6445,-87.44708
6446,-62.770817
6447,-39.221416
6448,-18.268581
6449,-0.9977663
6450,12.108466
6451,21.062897
6452,26.31939
6453,28.528433
6454,28.033642
6455,24.776134
6456,18.389256
6457,8.745552
6458,-3.2859247
6459,-15.952633
6460,-26.717266
6461,-32.762447
6462,-32.728565
6463,-27.84298
6464,-20.091007
6465,-11.397571
6466,-3.3164406
6467,3.410079
6468,8.890347
6469,13.359326
6470,17.016645
6471,20.038004
6472,22.579369
6473,24.7774
6474,26.749573
6475,28.595268
6476,21.009146
6477,-6.6692953
6478,-21.89461
6479,-22.084457
6480,-9.827568
6481,9.4341
6482,29.586195
6483,45.473843
6484,53.981075
6485,54.556442
6486,49.10786
6487,40.628777
6488,30.916666
6489,20.313835
6490,8.168459
6491,-6.822364
6492,-25.557638
6493,-47.2407
6494,-69.98069
6495,-91.12903
6496,-107.774826
6497,-118.6404
6498,-125.479515
6499,-131.04605
6500,-138.33508
6501,-150.21428
6502,-167.56479
6503,-187.73898
6504,-206.7972
6505,-220.22313
6506,-223.89728
6507,-217.90926
6508,-208.49306
6509,-202.83606
6510,-207.87247
6511,-230.34776
6512,-273.31235
6513,-331.98996
6514,-397.63013
6515,3.0365689
6516,1.3549267
6517,1.2115713
6518,2.035016
6519,3.3373013
6520,4.750366
6521,-437.21414
6522,-420.4909
6523,-418.4681
6524,-438.05307
6525,1.7873853
6526,1.1836452
6527,-441.4383
6528,-393.3291
6529,-360.22958
6530,-338.84073
6531,-326.5424
6532,-321.1657
6533,-320.80743
6534,-323.69116
6535,-328.0744
6536,-332.403
6537,-336.3473
6538,-341.44702
6539,-349.66354
6540,-363.0395
6541,-383.5099
6542,-411.48663
6543,-444.73108
6544,2.4787765
6545,0.8645574
6546,-0.37321818
6547,-1.2220347
6548,-1.8724775
6549,-2.4896154
6550,-3.215997
6551,-4.1702385
6552,-5.3393483
6553,-6.544491
6554,-7.6328306
6555,-8.467333
6556,-8.928321
6557,-8.988944
6558,-8.729764
6559,-8.203852
6560,-7.4481363
6561,-6.488643
6562,-5.306477
6563,-3.8367465
6564,-17.034351
6565,0.1370012
6566,2.6918223
6567,5.536123
6568,-402.4584
6569,-346.5697
6570,-297.40536
6571,-257.37076
6572,-228.24399
6573,-211.53854
6574,-209.01575
6575,-223.34753
6576,-268.27896
6577,-349.30344
6578,-422.7252
6579,1.528615
6580,-0.7968712
6581,-2.4312358
6582,-3.45747
6583,-3.9598005
6584,-4.0206985
6585,-3.7184367
6586,-3.119926
6587,-2.2547872
6588,-1.1127688
6589,0.3075823
6590,2.0041103
6591,3.94944
6592,5.975463
6593,-406.779
6594,-378.8112
6595,-365.2283
6596,-370.12766
6597,-392.54822
6598,-422.96176
6599,4.238034
6600,4.237482
6601,-434.74753
6602,-384.81866
6603,-325.16565
6604,-273.73923
6605,-244.00925
6606,-246.1112
6607,-283.5403
6608,-348.65546
6609,-428.78204
6610,0.31507975
6611,-1.6106627
6612,-1.4612685
6613,-0.36946917
6614,0.7475601
6615,1.2091149
6616,0.44749752
6617,-1.6436067
6618,-19.55089
6619,-7.808777
6620,-10.945476
6621,-13.431162
6622,-14.714516
6623,-14.300312
6624,-11.859714
6625,-7.305107
6626,-7.049506
6627,-13.015438
6628,-8.232437
6629,-1.728731
6630,0.1823071
6631,-376.94122
6632,-248.72757
6633,-153.17438
6634,-93.60405
6635,-63.46011
6636,-72.79082
6637,-119.59851
6638,-206.17822
6639,-308.9618
6640,-403.61343
6641,3.868193
6642,-430.69055
6643,-373.12134
6644,-304.498
6645,-249.2223
6646,-223.13037
6647,-230.43416
6648,-263.91122
6649,-314.90933
6650,-372.88104
6651,-424.77734
6652,3.373755
6653,2.6077504
6654,2.3231623
6655,2.2642813
6656,2.2150402
6657,2.0912015
6658,1.9612905
6659,1.871415
6660,1.8529997
6661,1.9317645
6662,2.101929
6663,-12.680313
6664,2.5479374
6665,2.7535627
6666,2.9029243
6667,2.9613795
6668,2.8932111
6669,2.662133
6670,2.231055
6671,-13.438263
6672,0.61432844
6673,-0.65369743
6674,-2.2891245
6675,-4.344394
6676,-6.6989355
6677,-8.489556
6678,-8.920691
6679,-8.718424
6680,-8.09185
6681,-7.2222357
6682,-6.266498
6683,-5.36534
6684,-19.652452
6685,-4.2626624
6686,-4.2965026
6687,-4.630547
6688,-4.867433
6689,-4.672669
6690,-3.7531962
6691,-1.9237196
6692,-14.447965
6693,2.9844086
6694,4.8894286
6695,-440.92145
6696,-438.39996
6697,3.656427
6698,1.352786
6699,-0.7382151
6700,-1.834246
6701,-1.3018214
6702,0.6814734
6703,3.0914974
6704,5.2115116
6705,-429.7038
6706,-421.1651
6707,-438.47482
6708,2.8755503
6709,0.84211224
6710,-0.4203217
6711,-0.30547875
6712,1.1196866
6713,3.0397816
6714,4.854371
6715,-436.06384
6716,-423.78076
6717,-431.95074
6718,3.8150594
6719,1.5794126
6720,-0.9650267
6721,-3.5394156
6722,-5.8431416
6723,-7.563527
6724,-8.394709
6725,-8.067021
6726,-7.707895
6727,-7.8140426
6728,-5.232653
6729,-2.0153177
6730,1.4649199
6731,4.9399543
6732,-413.6765
6733,-355.818
6734,-315.5469
6735,-296.9671
6736,-304.03488
6737,-337.72058
6738,-392.86884
6739,2.6776028
6740,-1.0218227
6741,-3.8443794
6742,-5.3924313
6743,-5.6890807
6744,-4.7830844
6745,-2.7240937
6746,0.37902492
6747,4.1919894
6748,-418.01553
6749,-341.34363
6750,-277.5779
6751,-231.57904
6752,-203.5846
6753,-189.6972
6754,-186.3547
6755,-190.8468
6756,-200.86073
6757,-214.2816
6758,-229.08441
6759,-243.07767
6760,-253.85994
6761,-259.21915
6762,-258.8386
6763,-255.28093
6764,-251.695
6765,-251.16035
6766,-256.44183
6767,-268.48248
6768,-285.3629
6769,-304.4002
6770,-322.63596
6771,-336.8188
6772,-343.52753
6773,-339.423
6774,-321.61807
6775,-288.16446
6776,-225.91885
6777,-147.96626
6778,-87.498886
6779,-50.92869
6780,-27.767021
6781,-14.158576
6782,-7.567288
6783,-6.48191
6784,-10.146019
6785,-18.314594
6786,-30.920586
6787,-47.18742
6788,-64.685844
6789,-79.7985
6790,-88.194954
6791,-86.04049
6792,-73.32875
6793,-55.096214
6794,-36.713753
6795,-22.207672
6796,-14.009628
6797,-12.092525
6798,-13.811052
6799,-16.14774
6800,-15.981678
6801,-10.642441
6802,-0.20474811
6803,11.911213
6804,22.50081
6805,29.640635
6806,32.476227
6807,31.080639
6808,26.336079
6809,19.245205
6810,11.284757
6811,4.51599
6812,0.57790023
6813,-0.32350639
6814,1.4448706
6815,5.332189
6816,10.713877
6817,17.020437
6818,23.796
6819,30.63025
6820,37.14815
6821,43.016792
6822,47.948036
6823,51.699333
6824,54.07545
6825,54.933517
6826,53.68121
6827,17.042286
6828,-22.016123
6829,-39.240734
6830,-40.12656
6831,-25.247458
6832,-3.581694
6833,16.928978
6834,31.623407
6835,39.20657
6836,39.91744
6837,33.009132
6838,15.85653
6839,-15.349071
6840,-68.46937
6841,-133.69957
6842,-213.21718
6843,-301.8542
6844,-392.01422
6845,2.040823
6846,-0.71880895
6847,-1.9826658
6848,-2.1277394
6849,-1.5110757
6850,-0.42150182
6851,0.90145516
6852,2.2907596
6853,3.64151
6854,4.838156
6855,-439.3113
6856,-425.8308
6857,-422.47208
6858,-432.13904
6859,3.7660658
6860,0.9699031
6861,-3.145518
6862,-23.516548
6863,-29.633253
6864,-25.906918
6865,-26.628803
6866,-30.156485
6867,-28.967129
6868,-26.0
6869,-26.0
6870,-41.0
6871,-26.0
6872,-41.0
6873,-26.0
6874,-26.0
6875,-26.0
6876,-25.50773
6877,-22.737747
6878,-20.423431
6879,-23.84832
6880,-27.313425
6881,-28.035532
6882,-41.0
6883,-41.0
6884,-26.0
6885,-26.0
6886,-26.0
6887,-26.0
6888,-26.0
6889,-26.0
6890,-26.0
6891,-26.0
6892,-25.491444
6893,-24.574017
6894,-25.285633
6895,-41.470467
6896,-26.460375
6897,-26.0
6898,-26.0
6899,-41.0
6900,-26.0
6901,-41.0
6902,-41.0
6903,-26.0
6904,-26.0
6905,-26.0
6906,-26.0
6907,-26.0
6908,-26.0
6909,-26.0
6910,-26.0
6911,-26.0
6912,-26.0
6913,-26.0
6914,-41.0
6915,-26.0
6916,-26.0
6917,-26.0
6918,-26.0
6919,-26.0
6920,-26.0
6921,-26.0
6922,-26.0
6923,-26.0
6924,-41.0
6925,-26.0
6926,-26.0
6927,-25.446718
6928,-24.110302
6929,-25.141718
6930,-27.476696
6931,-26.0
6932,-26.0
6933,-26.0
6934,-26.0
6935,-26.0
6936,-26.0
6937,-26.0
6938,-41.0
6939,-26.0
6940,-41.0
6941,-26.0
6942,-26.0
6943,-26.0
6944,-26.0
6945,-41.0
6946,-26.0
6947,-26.0
6948,-26.0
6949,-26.0
6950,-26.0
6951,-26.0
6952,-26.0
6953,-26.0
6954,-26.0
6955,-41.0
6956,-41.0
6957,-26.0
6958,-26.0
6959,-26.0
6960,-26.0
6961,-26.0
6962,-26.0
6963,-26.0
6964,-26.0
6965,-41.0
6966,-26.0
6967,-26.0
6968,-26.0
6969,-26.0
6970,-26.0
6971,-26.0
6972,-41.0
6973,-26.0
6974,-26.0
6975,-26.0
6976,-26.0
6977,-26.0
6978,-26.0
6979,-26.0
6980,-26.0
6981,-26.0
6982,-26.0
6983,-26.0
6984,-26.0
6985,-26.0
6986,43.467182
6987,48.580463
6988,26.158192
6989,-12.705856
6990,-75.74902
6991,-155.47713
6992,-233.7423
6993,-280.11728
6994,-281.1338
6995,-229.57834
6996,-155.77214
6997,-77.64061
6998,-18.333458
6999,16.928104
7000,38.87323
7001,46.180855
7002,49.023132
7003,49.833317
7004,49.728783
7005,49.19337
7006,48.293274
7007,47.008266
7008,45.315884
7009,43.203785
7010,40.707123
7011,37.947205
7012,35.115063
7013,32.4635
7014,30.29013
7015,28.88046
7016,28.454765
7017,29.181301
7018,31.154902
7019,34.342636
7020,38.484344
7021,43.08657
7022,47.58907
7023,51.432213
7024,54.08189
7025,55.087204
7026,54.307823
7027,52.108227
7028,49.30476
7029,46.985115
7030,46.21813
7031,47.650673
7032,50.99013
7033,54.372486
7034,54.94532
7035,53.944756
7036,51.394863
7037,48.209553
7038,44.73957
7039,41.05033
7040,36.98968
7041,32.222492
7042,26.230562
7043,18.277174
7044,7.477229
7045,-6.395544
7046,-21.79781
7047,-35.92039
7048,-45.180725
7049,-46.215855
7050,-38.498833
7051,-25.454618
7052,-11.059138
7053,1.5722355
7054,10.565464
7055,15.806919
7056,18.692118
7057,20.588816
7058,22.660038
7059,25.79243
7060,29.940086
7061,33.98753
7062,36.90919
7063,37.94854
7064,36.383755
7065,31.637007
7066,23.737263
7067,13.183626
7068,1.1563488
7069,-10.509579
7070,-20.39529
7071,-28.605444
7072,-35.8783
7073,-43.184753
7074,-51.575684
7075,-61.620193
7076,-72.95144
7077,-84.88047
7078,-96.57593
7079,-107.07067
7080,-115.293785
7081,-120.12888
7082,-120.49586
7083,-115.45973
7084,-97.6883
7085,-68.474144
7086,-51.661545
7087,-43.241135
7088,-40.804398
7089,-42.627766
7090,-47.28939
7091,-53.39974
7092,-59.445755
7093,-63.749958
7094,-64.776535
7095,-62.44363
7096,-58.820805
7097,-56.336582
7098,-57.329136
7099,-63.882378
7100,-76.01277
7101,-89.88807
7102,-99.99028
7103,-100.193825
7104,-85.7851
7105,-58.513832
7106,-27.285002
7107,0.002518772
7108,19.1889
7109,29.618036
7110,33.146645
7111,32.42828
7112,29.26282
7113,25.297071
7114,22.43132
7115,21.89243
7116,23.352804
7117,26.00685
7118,29.052977
7119,31.821585
7120,33.887863
7121,35.059933
7122,35.17411
7123,34.003662
7124,31.228727
7125,26.568512
7126,19.990555
7127,11.700712
7128,2.264205
7129,-7.406311
7130,-16.11226
7131,-22.505798
7132,-25.28127
7133,-23.394878
7134,-23.509382
7135,-35.901566
7136,-52.275826
7137,-72.43596
7138,-95.8363
7139,-121.55253
7140,-148.21971
7141,-174.02553
7142,-196.76561
7143,-213.96928
7144,-223.30548
7145,-223.88248
7146,-217.02347
7147,-204.68726
7148,-188.88316
7149,-171.63211
7150,-155.35202
7151,-143.0007
7152,-137.39761
7153,-141.42043
7154,-158.09743
7155,-188.26575
7156,-227.7963
7157,-269.85397
7158,-305.46194
7159,-325.0727
7160,-325.06284
7161,-311.74316
7162,-293.66055
7163,-278.81152
7164,-274.03577
7165,-282.97186
7166,-305.09152
7167,-339.40494
7168,-385.12094
7169,-441.19232
7170,0.6093809
7171,-2.7155328
7172,-5.6560807
7173,-7.896621
7174,-9.174843
7175,-9.517658
7176,-9.2948265
7177,-8.795902
7178,-23.24064
7179,-7.8249617
7180,-7.7351813
7181,-8.162228
7182,-9.314542
7183,-11.432942
7184,-10.638504
7185,-4.826145
7186,-18.612783
7187,-2.8840623
7188,-2.6273763
7189,-2.7847102
7190,-3.271228
7191,-3.9847183
7192,-4.8111105
7193,-5.6283226
7194,-21.338858
7195,-7.010802
7196,-7.9148703
7197,-9.281672
7198,-11.334034
7199,-14.244938
7200,-17.729822
7201,-20.826336
7202,-22.577509
7203,-22.109665
7204,-19.047737
7205,-14.561361
7206,-10.6843195
7207,-8.140068
7208,-7.3778787
7209,-9.004269
7210,-13.009556
7211,-18.286827
7212,-23.744562
7213,-28.001917
7214,-29.31787
7215,-27.536802
7216,-40.567642
7217,-38.78676
7218,-21.572758
7219,-20.63702
7220,-20.33804
7221,-20.158377
7222,-19.916246
7223,-19.513794
7224,-18.872417
7225,-18.064009
7226,-17.304232
7227,-16.705597
7228,-16.347626
7229,-16.314938
7230,-16.701088
7231,-17.612545
7232,-19.17433
7233,-21.53975
7234,-15.234275
7235,-5.7014546
7236,-0.8432067
7237,-1.5841001
7238,-3.9007385
7239,-7.8468795
7240,-13.134177
7241,-19.286541
7242,-25.649387
7243,-30.354158
7244,-29.614674
7245,-26.0
7246,-26.0
7247,-26.0
7248,-26.0
7249,-26.0
7250,-26.0
7251,-26.0
7252,-26.0
7253,-26.0
7254,-25.404823
7255,-20.601295
7256,-12.876255
7257,-10.2162695
7258,-8.692849
7259,-8.69128
7260,-10.237121
7261,-12.7652025
7262,-15.843985
7263,-18.967058
7264,-21.534399
7265,-23.143547
7266,-38.746696
7267,-23.26398
7268,-36.643806
7269,-19.003529
7270,-15.931131
7271,-13.269619
7272,-11.38125
7273,-10.551351
7274,-11.097247
7275,-12.9531145
7276,-15.514678
7277,-18.312775
7278,-20.849285
7279,-22.53764
7280,-22.774424
7281,-21.072514
7282,-17.221424
7283,-11.340287
7284,-10.28469
7285,-18.180523
7286,-21.650505
7287,-25.317404
7288,-28.753633
7289,-44.152626
7290,-41.0
7291,-26.0
7292,-26.0
7293,-41.0
7294,-26.0
7295,-41.0
7296,-26.0
7297,-26.0
7298,-26.0
7299,-22.776434
7300,-15.435343
7301,-12.44985
7302,-26.1298
7303,-11.427588
7304,-13.9504595
7305,-18.747309
7306,-39.910652
7307,-30.08033
7308,-29.51474
7309,-26.0
7310,-26.0
7311,-26.0
7312,-26.0
7313,-26.0
7314,-26.0
7315,-26.0
7316,-26.0
7317,-41.0
7318,-41.0
7319,-26.0
7320,-26.0
7321,-26.0
7322,-26.0
7323,-26.0
7324,-26.0
7325,-26.0
7326,-26.0
7327,-26.0
7328,-26.0
7329,-26.0
7330,-26.0
7331,-26.0
7332,-26.0
7333,-26.0
7334,-26.0
7335,-26.0
7336,-26.0
7337,-26.0
7338,-41.0
7339,-26.0
7340,-26.0
7341,-26.0
7342,-26.0
7343,-26.0
7344,-26.0
7345,-26.0
7346,-26.0
7347,-26.0
7348,-26.0
7349,-26.0
7350,-26.0
7351,-26.0
7352,-26.0
7353,-26.0
7354,-26.0
7355,-26.0
7356,-41.0
7357,-26.0
7358,-22.170177
7359,-28.480652
7360,-9.279133
7361,-5.3856554
7362,-6.308165
7363,-12.107079
7364,7.1629324
7365,-358.98236
7366,-277.5723
7367,-205.05272
7368,-138.98747
7369,-84.41558
7370,-33.672867
7371,5.2229323
7372,31.101892
7373,49.99079
7374,54.71192
7375,53.863304
7376,50.01544
7377,44.179832
7378,36.29045
7379,25.415754
7380,9.640612
7381,-14.367928
7382,-52.026875
7383,-116.785416
7384,-170.82529
7385,-186.23349
7386,-215.96971
7387,-257.1079
7388,-306.9458
7389,-361.8425
7390,-417.0197
7391,-466.6364
7392,-504.11176
7393,-522.6849
7394,-516.97986
7395,-487.70215
7396,-443.61316
7397,-394.6112
7398,-349.23944
7399,-313.65128
7400,-288.3426
7401,-267.21628
7402,-243.59628
7403,-211.83315
7404,-168.61633
7405,-116.735596
7406,-65.123344
7407,-21.948915
7408,8.447361
7409,26.505964
7410,35.536728
7411,39.190598
7412,39.58324
7413,37.772778
7414,34.4469
7415,29.87987
7416,23.52908
7417,14.450216
7418,1.2991779
7419,-17.7091
7420,-43.83959
7421,-76.307976
7422,-112.73173
7423,-149.41925
7424,-181.76402
7425,-205.52606
7426,-218.04944
7427,-217.7057
7428,-203.78479
7429,-176.6733
7430,-138.05368
7431,-91.09957
7432,-45.642357
7433,1.6806256
7434,33.123737
7435,51.022877
7436,55.2009
7437,52.049385
7438,42.76885
7439,28.298307
7440,9.354309
7441,-13.540488
7442,-40.03724
7443,-69.946655
7444,-103.1329
7445,-138.91827
7446,-175.42993
7447,-210.10406
7448,-239.99503
7449,-262.3303
7450,-276.56787
7451,-285.79794
7452,-294.33072
7453,-306.9439
7454,-328.409
7455,-360.5625
7456,-399.85962
7457,-440.87198
7458,2.5995278
7459,1.6288995
7460,1.4147972
7461,-13.433579
7462,1.756884
7463,-13.282855
7464,1.1999184
7465,0.03168596
7466,-1.8746759
7467,-19.638296
7468,-8.415418
7469,-28.349146
7470,-19.262796
7471,-25.415255
7472,-45.16652
7473,-29.78528
7474,-26.0
7475,-26.0
7476,-41.0
7477,-26.0
7478,-26.0
7479,-26.0
7480,-26.0
7481,-26.0
7482,-41.0
7483,-26.0
7484,-26.0
7485,-41.0
7486,-26.0
7487,-26.0
7488,-26.0
7489,-41.0
7490,-41.0
7491,-26.0
7492,-41.0
7493,-26.0
7494,-26.0
7495,43.467182
7496,48.580463
7497,26.158192
7498,-12.705856
7499,-75.74872
7500,-155.47162
7501,-233.70755
7502,-279.98352
7503,-280.77115
7504,-228.8338
7505,-154.54742
7506,-75.96678
7507,-16.383057
7508,18.941242
7509,40.834713
7510,48.100018
7511,51.03029
7512,52.151043
7513,52.60675
7514,52.87413
7515,53.06965
7516,53.243248
7517,53.434372
7518,53.671177
7519,53.973793
7520,54.344692
7521,54.73433
7522,55.01006
7523,54.919666
7524,54.0554
7525,51.840916
7526,47.519943
7527,40.133526
7528,28.513502
7529,11.393759
7530,-12.36171
7531,-43.705345
7532,-83.36733
7533,-131.72116
7534,-188.20479
7535,-250.61201
7536,-315.41727
7537,-378.04965
7538,-433.15628
7539,-12.417054
7540,1.8752674
7541,2.4553633
7542,4.4118457
7543,-10.90681
7544,-1.5356387
7545,-19.637701
7546,-7.315536
7547,-9.692327
7548,-11.891639
7549,-14.037187
7550,-31.254297
7551,-18.67358
7552,-21.43763
7553,-24.656202
7554,-28.130375
7555,-29.144346
7556,-26.33406
7557,-26.0
7558,-41.0
7559,-26.0
7560,-26.0
7561,-26.0
7562,-25.15479
7563,-23.265453
7564,-22.940521
7565,-23.240326
7566,-23.323158
7567,-38.006313
7568,-22.164999
7569,-36.04428
7570,-20.213997
7571,-19.968496
7572,-20.535803
7573,-22.130344
7574,-24.650906
7575,-27.586338
7576,-28.498997
7577,-26.078209
7578,-26.0
7579,-26.0
7580,-26.0
7581,-26.0
7582,-26.0
7583,-41.0
7584,-26.0
7585,-26.0
7586,-26.0
7587,-26.0
7588,-26.0
7589,-41.0
7590,-26.0
7591,-41.0
7592,-26.0
7593,-26.0
7594,-26.0
7595,-26.0
7596,-41.0
7597,-26.0
7598,-41.0
7599,-26.0
7600,-26.0
7601,-26.0
7602,-41.0
7603,-41.0
7604,-26.0
7605,-26.0
7606,-26.0
7607,-26.0
7608,-26.0
7609,-26.0
7610,-26.0
7611,-26.0
7612,-26.0
7613,-26.0
7614,-26.0
7615,-41.0
7616,-26.0
7617,-26.0
7618,-26.0
7619,-26.0
7620,-26.0
7621,-26.0
7622,-26.0
7623,-26.0
7624,-26.0
7625,-26.0
7626,-26.0
7627,-41.0
7628,-26.0
7629,-41.0
7630,-41.0
7631,-26.0
7632,-41.0
7633,-26.0
7634,-26.0
7635,-26.0
7636,-26.0
7637,-26.0
7638,-26.0
7639,-41.0
7640,-26.0
7641,-41.0
7642,-41.0
7643,-41.0
7644,-26.0
7645,-41.0
7646,-41.0
7647,-41.0
7648,-26.0
7649,-26.0
7650,-26.0
7651,-41.0
7652,-26.0
7653,-26.0
7654,-41.0
7655,-41.0
7656,-26.0
7657,-26.0
7658,-41.0
7659,-26.0
7660,-26.0
7661,-26.0
7662,-26.0
7663,-41.0
7664,-26.0
7665,-26.0
7666,-41.0
7667,-26.0
7668,-26.0
7669,-41.0
7670,-26.0
7671,-26.0
7672,-26.0
7673,-41.0
7674,-41.0
7675,-26.0
7676,43.467182
7677,48.580463
7678,26.158192
7679,-12.705528
7680,-75.746864
7681,-155.46828
7682,-233.71664
7683,-280.06104
7684,-281.03354
7685,-229.42894
7686,-155.57303
7687,-77.38933
7688,-18.025496
7689,17.297478
7690,39.31617
7691,46.72514
7692,49.73257
7693,50.827896
7694,51.17972
7695,51.30862
7696,51.341747
7697,51.335835
7698,51.346725
7699,51.43012
7700,51.650208
7701,52.074158
7702,52.729515
7703,53.568626
7704,54.43131
7705,55.005924
7706,54.813114
7707,53.20187
7708,49.328518
7709,42.14586
7710,30.485878
7711,13.259986
7712,-10.461525
7713,-41.401108
7714,-79.95732
7715,-125.70518
7716,-176.7562
7717,-230.01254
7718,-281.4122
7719,-326.17825
7720,-359.19525
7721,-375.5071
7722,-370.93353
7723,-342.79404
7724,-335.06198
7725,-398.33652
7726,3.3447783
7727,0.9765085
7728,-16.069023
7729,-2.9131448
7730,-4.6774445
7731,-6.4847593
7732,-8.460474
7733,-10.734848
7734,-13.403775
7735,-16.312046
7736,-18.951807
7737,-20.83555
7738,-36.510277
7739,-20.68783
7740,-18.727472
7741,-16.544891
7742,-14.624095
7743,-13.233733
7744,-12.565486
7745,-12.510611
7746,-27.647686
7747,-12.734373
7748,-12.571606
7749,-12.005392
7750,-11.171037
7751,-10.501292
7752,-10.2826605
7753,-10.759711
7754,-27.154995
7755,-29.420258
7756,-17.14283
7757,-19.974977
7758,-37.56474
7759,-39.568306
7760,-25.947668
7761,-27.070288
7762,-42.45393
7763,-41.50123
7764,-26.0
7765,-26.0
7766,-26.0
7767,-26.0
7768,-26.0
7769,-26.0
7770,-26.0
7771,-26.0
7772,-26.0
7773,-26.0
7774,-26.0
7775,-41.0
7776,-41.0
7777,-26.0
7778,-26.0
7779,-26.0
7780,-41.0
7781,-26.0
7782,-41.0
7783,-26.0
7784,-26.0
7785,-26.0
7786,-26.0
7787,-26.0
7788,-26.0
7789,-26.0
7790,-41.0
7791,-26.0
7792,-41.0
7793,-26.0
7794,-26.0
7795,-26.0
7796,-26.0
7797,-41.0
7798,-26.0
7799,-26.0
7800,-26.0
7801,-26.0
7802,-26.0
7803,-26.0
7804,-41.0
7805,-26.0
7806,-26.0
7807,-26.0
7808,-41.0
7809,-26.0
7810,-41.0
7811,-26.0
7812,-26.0
7813,-26.0
7814,-41.0
7815,-41.0
7816,-26.0
7817,-26.0
7818,-26.0
7819,-26.0
7820,-26.0
7821,-26.0
7822,-26.0
7823,-26.0
7824,-41.0
7825,-26.0
7826,-26.0
7827,-26.0
7828,-41.0
7829,-41.0
7830,-26.0
7831,-26.0
7832,-26.0
7833,-26.0
7834,-26.0
7835,-26.0
7836,-26.0
7837,-26.0
7838,-41.0
7839,-26.0
7840,-26.0
7841,-26.0
7842,-26.0
7843,-26.0
7844,-41.0
7845,-41.0
7846,-26.0
7847,-41.0
7848,-26.0
7849,-26.0
7850,-41.0
7851,-26.0
7852,-41.0
7853,-41.0
7854,-41.0
7855,-26.0
7856,-41.0
7857,-26.0
7858,-26.0
7859,-41.0
7860,-41.0
7861,-26.0
7862,-41.0
7863,-26.0
7864,-26.0
7865,-26.0
7866,43.467182
7867,48.58062
7868,26.161148
7869,-12.681585
7870,-75.63143
7871,-155.0715
7872,-232.66447
7873,-277.80518
7874,-277.01416
7875,-223.36227
7876,-147.65578
7877,-68.35151
7878,-8.926563
7879,25.553259
7880,46.3641
7881,52.580654
7882,54.6353
7883,55.058937
7884,54.780926
7885,53.94153
7886,52.458424
7887,50.21682
7888,47.07472
7889,42.865784
7890,37.3727
7891,30.279692
7892,21.174768
7893,9.540235
7894,-5.2625213
7895,-23.965364
7896,-47.35415
7897,-76.33907
7898,-111.99207
7899,-155.51059
7900,-207.93771
7901,-269.81525
7902,-341.34406
7903,-422.421
7904,-0.3009289
7905,-5.0935884
7906,-9.650265
7907,-13.716241
7908,-17.021437
7909,-19.289076
7910,-20.268179
7911,-19.7823
7912,-17.775797
7913,-14.322307
7914,-14.830303
7915,-37.387173
7916,-24.537107
7917,-26.196007
7918,-42.52481
7919,-42.69423
7920,-26.27343
7921,-26.0
7922,-41.0
7923,-26.0
7924,-26.0
7925,-26.0
7926,-26.0
7927,-41.0
7928,-26.0
7929,-41.0
7930,-41.0
7931,-26.0
7932,-26.0
7933,-26.0
7934,-26.0
7935,-26.0
7936,-26.0
7937,-26.0
7938,-26.0
7939,-26.0
7940,-25.419401
7941,-23.864983
7942,-23.166441
7943,-23.802526
7944,-40.521614
7945,-27.183678
7946,-41.75206
7947,-41.0
7948,-26.0
7949,-26.0
7950,-41.0
7951,-41.0
7952,-26.0
7953,-26.0
7954,-26.0
7955,-26.0
7956,-41.0
7957,-26.0
7958,-26.0
7959,-41.0
7960,-26.0
7961,-41.0
7962,-26.0
7963,-41.0
7964,-26.0
7965,-41.0
7966,-41.0
7967,-26.0
7968,-26.0
7969,-26.0
7970,-26.0
7971,-26.0
7972,-41.0
7973,-26.0
7974,-26.0
7975,-41.0
7976,-26.0
7977,-26.0
7978,-26.0
7979,-26.0
7980,-26.0
7981,-26.0
7982,-26.0
7983,-26.0
7984,-41.0
7985,-26.0
7986,-26.0
7987,-26.0
7988,-26.0
7989,-26.0
7990,-26.0
7991,-26.0
7992,-41.0
7993,-26.0
7994,-26.0
7995,-26.0
7996,-26.0
7997,-26.0
7998,-26.0
7999,-26.0
8000,-26.0
8001,-26.0
8002,-26.0
8003,-41.0
8004,-26.0
8005,-26.0
8006,-26.0
8007,-26.0
8008,-26.0
8009,-26.0
8010,-26.0
8011,-26.0
8012,-26.0
8013,-26.0
8014,-26.0
8015,-26.0
8016,-41.0
8017,-26.0
8018,-41.0
8019,-26.0
8020,-26.0
8021,-41.0
8022,-26.0
8023,-41.0
8024,-26.0
8025,-41.0
8026,-26.0
8027,-26.0
8028,-41.0
8029,-41.0
8030,-26.0
8031,-26.0
8032,-26.0
8033,-26.0
8034,-26.0
8035,-26.0
8036,-26.0
8037,-26.0
8038,-26.0
8039,-26.0
8040,-41.0
8041,43.467182
8042,48.580463
8043,26.158192
8044,-12.705856
8045,-75.74902
8046,-155.47713
8047,-233.7423
8048,-280.11777
8049,-281.13528
8050,-229.58273
8051,-155.78143
8052,-77.65648
8053,-18.355587
8054,16.906042
8055,38.86332
8056,46.200222
8057,49.09799
8058,50.01066
8059,50.087936
8060,49.850212
8061,49.412758
8062,48.818882
8063,48.119137
8064,47.37677
8065,46.689293
8066,46.20246
8067,46.075245
8068,46.451767
8069,47.426407
8070,48.98442
8071,50.954647
8072,53.003334
8073,54.60775
8074,55.02649
8075,53.312176
8076,48.44296
8077,39.456818
8078,25.52405
8079,6.047143
8080,-18.98365
8081,-48.478443
8082,-80.33231
8083,-111.609535
8084,-138.77107
8085,-158.01242
8086,-165.71788
8087,-159.02824
8088,-136.5231
8089,-128.87154
8090,-170.83488
8091,-209.17111
8092,-244.44604
8093,-277.09274
8094,-307.99072
8095,-338.37445
8096,-369.78094
8097,-404.03305
8098,-443.25867
8099,1.7822169
8100,-15.886762
8101,-3.358512
8102,-20.22747
8103,-6.1149874
8104,-5.752638
8105,-4.3173103
8106,-2.432322
8107,-0.52842665
8108,1.0753833
8109,2.1170185
8110,2.5848176
8111,-12.232726
8112,2.8888576
8113,3.1514163
8114,3.7210593
8115,4.540728
8116,5.28913
8117,-435.6887
8118,-435.23154
8119,4.4964514
8120,2.6623614
8121,0.31192333
8122,-2.249005
8123,-19.712624
8124,-6.7875466
8125,-8.39995
8126,-9.771916
8127,-11.08676
8128,-27.49451
8129,-14.122804
8130,-15.974539
8131,-17.89694
8132,-19.771976
8133,-21.495697
8134,-22.958685
8135,-39.049587
8136,-24.66125
8137,-24.699722
8138,-39.094288
8139,-36.275154
8140,-17.344484
8141,-17.75121
8142,-18.515553
8143,-34.649136
8144,-21.067236
8145,-22.626862
8146,-24.144907
8147,-25.409636
8148,-26.193762
8149,-26.339489
8150,-26.073704
8151,-26.003359
8152,-41.221733
8153,-26.224047
8154,-41.0
8155,-26.0
8156,-26.0
8157,-26.0
8158,-26.0
8159,-26.0
8160,-26.0
8161,-25.182089
8162,-21.350449
8163,-17.110886
8164,-32.40841
8165,-18.937485
8166,-20.92798
8167,-22.95917
8168,-24.591707
8169,-25.370756
8170,-25.290777
8171,-39.88308
8172,-24.436045
8173,-24.111286
8174,-24.034693
8175,-24.258373
8176,-39.77335
8177,-25.619007
8178,-41.662132
8179,-26.86459
8180,-41.0
8181,-26.0
8182,-26.0
8183,-26.0
8184,-26.0
8185,-41.0
8186,-26.0
8187,-41.0
8188,-41.0
8189,-41.0
8190,-26.0
8191,-26.0
8192,-41.0
8193,-41.0
8194,-41.0
8195,-26.0
8196,-26.0
8197,-26.0
8198,-41.0
8199,-26.0
8200,-41.0
8201,-26.0
8202,-41.0
8203,-26.0
8204,-41.0
8205,-26.0
8206,-26.0
8207,-26.0
8208,-41.0
8209,-26.0
8210,-26.0
8211,-26.0
8212,-26.0
8213,-26.0
8214,-26.0
8215,-26.0
8216,-41.0
8217,-41.0
8218,-26.0
8219,-26.0
8220,-26.0
8221,-26.0
8222,-26.0
8223,-26.0
8224,-26.0
8225,-26.0
8226,-26.0
8227,-26.0
8228,-26.0
8229,-26.0
8230,-26.0
8231,-26.0
8232,-26.0
8233,-26.0
8234,-41.0
8235,-26.0
8236,-26.0
8237,-26.0
8238,-26.0
8239,-41.0
8240,-26.0
8241,-26.0
8242,-26.0
8243,-26.0
8244,-26.0
8245,43.467182
8246,48.580536
8247,26.159403
8248,-12.695842
8249,-75.70424
8250,-155.338
8251,-233.41023
8252,-279.4721
8253,-280.08182
8254,-228.11145
8255,-153.98524
8256,-75.71535
8257,-16.481365
8258,18.563572
8259,40.279255
8260,47.43243
8261,50.251293
8262,51.201725
8263,51.40963
8264,51.371574
8265,51.217834
8266,51.019714
8267,50.854965
8268,50.804516
8269,50.95703
8270,51.399693
8271,52.168045
8272,53.199417
8273,54.282303
8274,55.005177
8275,54.735706
8276,52.618473
8277,47.55615
8278,38.205753
8279,23.08061
8280,0.77475184
8281,-29.957733
8282,-70.1448
8283,-120.43723
8284,-180.50589
8285,-248.28658
8286,-320.24677
8287,-391.63632
8288,3.0168748
8289,0.6670099
8290,-15.496917
8291,-0.3089238
8292,1.3354101
8293,0.6022422
8294,-20.665121
8295,-24.057335
8296,-11.944152
8297,-14.45127
8298,-31.710426
8299,-33.857544
8300,-21.032623
8301,-23.382746
8302,-41.068832
8303,-28.372082
8304,-27.959864
8305,-26.0
8306,-26.0
8307,-26.0
8308,-26.0
8309,-41.0
8310,-26.0
8311,-41.0
8312,-41.0
8313,-41.0
8314,-25.855803
8315,-40.376965
8316,-24.926655
8317,-24.534164
8318,-23.611504
8319,-37.428726
8320,-36.579807
8321,-21.355074
8322,-36.977657
8323,-23.662657
8324,-26.303314
8325,-27.994364
8326,-26.835476
8327,-26.0
8328,-26.0
8329,-41.0
8330,-41.0
8331,-41.0
8332,-26.0
8333,-26.0
8334,-41.0
8335,-26.0
8336,-26.0
8337,-41.0
8338,-26.0
8339,-26.0
8340,-26.0
8341,-26.0
8342,-26.0
8343,-41.0
8344,-26.0
8345,-26.0
8346,-26.0
8347,-26.0
8348,-26.0
8349,-26.0
8350,-41.0
8351,-26.0
8352,-26.0
8353,-26.0
8354,-26.0
8355,-26.0
8356,-26.0
8357,-41.0
8358,-41.0
8359,-26.0
8360,-26.0
8361,-41.0
8362,-26.0
8363,-41.0
8364,-41.0
8365,-26.0
8366,-41.0
8367,-26.0
8368,-41.0
8369,-26.0
8370,43.46719
8371,48.581043
8372,26.169018
8373,-12.620118
8374,-75.3636
8375,-154.2819
8376,-230.8964
8377,-274.59317
8378,-272.1059
8379,-216.89447
8380,-140.12753
8381,-60.53184
8382,-1.7042899
8383,31.44014
8384,50.526627
8385,54.811047
8386,54.795666
8387,52.962147
8388,50.01485
8389,45.82749
8390,40.235306
8391,33.11628
8392,24.346825
8393,13.799089
8394,1.2848582
8395,-13.524179
8396,-31.082508
8397,-51.974895
8398,-76.91884
8399,-106.69747
8400,-142.08997
8401,-183.96571
8402,-233.33118
8403,-291.28308
8404,-358.66446
8405,-435.68378
8406,-0.70259696
8407,-5.4331684
8408,-10.262976
8409,-30.061045
8410,-34.572628
8411,-23.511736
8412,-26.567984
8413,-28.42026
8414,-28.153822
8415,-26.245111
8416,-39.937416
8417,-20.843225
8418,-21.241571
8419,-29.18769
8420,-27.373306
8421,-26.0
8422,-26.0
8423,-26.0
8424,-26.0
8425,-26.0
8426,-26.0
8427,-26.0
8428,-26.0
8429,-41.0
8430,-26.0
8431,-26.0
8432,-26.0
8433,-26.0
8434,-26.0
8435,-41.0
8436,-26.0
8437,-26.0
8438,-26.0
8439,-41.0
8440,-26.0
8441,-26.0
8442,-26.0
8443,-26.0
8444,-26.0
8445,-26.0
8446,-41.0
8447,-41.0
8448,-26.0
8449,-26.0
8450,-41.0
8451,-26.0
8452,-26.0
8453,-26.0
8454,-26.0
8455,-41.0
8456,-26.0
8457,-41.0
8458,-41.0
8459,-26.0
8460,-26.0
8461,-26.0
8462,-41.0
8463,-26.0
8464,-26.0
8465,-41.0
8466,-26.0
8467,-26.0
8468,-41.0
8469,-26.0
8470,-26.0
8471,-26.0
8472,-26.0
8473,-26.0
8474,-26.0
8475,-26.0
8476,-26.0
8477,-41.0
8478,-26.0
8479,-41.0
8480,-41.0
8481,-26.0
8482,-41.0
8483,-26.0
8484,-26.0
8485,-26.0
8486,-26.0
8487,-26.0
8488,-26.0
8489,-26.0
8490,-41.0
8491,-26.0
8492,-41.0
8493,-26.0
8494,-41.0
8495,43.467182
8496,48.580605
8497,26.160679
8498,-12.685717
8499,-75.65407
8500,-155.16151
8501,-232.93153
8502,-278.4159
8503,-278.12097
8504,-224.99931
8505,-149.69833
8506,-70.5536
8507,-11.020154
8508,23.74418
8509,44.88948
8510,51.446968
8511,53.85242
8512,54.67615
8513,54.961452
8514,55.024673
8515,54.922535
8516,54.662724
8517,54.22116
8518,53.53727
8519,52.496586
8520,50.89797
8521,48.430534
8522,44.64375
8523,38.915546
8524,30.449799
8525,18.299557
8526,1.3408519
8527,-21.74857
8528,-52.463573
8529,-92.24561
8530,-142.15343
8531,-202.90579
8532,-274.8803
8533,-357.94626
8534,-12.21856
8535,-17.298264
8536,-21.96973
8537,-10.968527
8538,-14.018211
8539,-15.852949
8540,-16.256475
8541,-15.108322
8542,-12.410418
8543,-13.268432
8544,-21.009783
8545,-38.86953
8546,-26.198412
8547,-28.149057
8548,-28.275879
8549,-26.05068
8550,-41.0
8551,-26.0
8552,-26.0
8553,-41.0
8554,-26.0
8555,-26.0
8556,-26.0
8557,-26.0
8558,-41.0
8559,-26.0
8560,-41.0
8561,-26.0
8562,-26.0
8563,-26.0
8564,-26.0
8565,-41.0
8566,-41.0
8567,-26.0
8568,-41.0
8569,-26.0
8570,-41.0
8571,-26.0
8572,-26.0
8573,-41.0
8574,-41.0
8575,-26.0
8576,-41.0
8577,-41.0
8578,-26.0
8579,-26.0
8580,-26.0
8581,-26.0
8582,-41.0
8583,-41.0
8584,-41.0
8585,-26.0
8586,-26.0
8587,-41.0
8588,-26.0
8589,-26.0
8590,-26.0
8591,-26.0
8592,-41.0
8593,-41.0
8594,-41.0
8595,-41.0
8596,-26.0
8597,-41.0
8598,-26.0
8599,-41.0
8600,-26.0
8601,-26.0
8602,-41.0
8603,-26.0
8604,-26.0
8605,-41.0
8606,-41.0
8607,43.467182
8608,48.58057
8609,26.16014
8610,-12.690401
8611,-75.679306
8612,-155.25626
8613,-233.19218
8614,-278.96533
8615,-279.05966
8616,-226.34
8617,-151.3194
8618,-72.203
8619,-12.406467
8620,22.80542
8621,44.411022
8622,51.33651
8623,53.972385
8624,54.873917
8625,55.03762
8626,54.648487
8627,53.593037
8628,51.6871
8629,48.691135
8630,44.308067
8631,38.14687
8632,29.661278
8633,18.143715
8634,2.7198174
8635,-17.649714
8636,-44.102036
8637,-77.77683
8638,-119.84457
8639,-171.52135
8640,-234.01945
8641,-308.23273
8642,-394.36908
8643,-14.450436
8644,-19.975372
8645,-10.59511
8646,-31.179274
8647,-36.469585
8648,-26.164198
8649,-29.53528
8650,-44.1606
8651,-41.0
8652,-26.0
8653,-41.0
8654,-41.0
8655,-41.0
8656,-41.0
8657,-41.0
8658,-26.0
8659,-41.0
8660,-26.0
8661,-26.0
8662,-41.0
8663,-26.0
8664,-26.0
8665,-26.0
8666,-41.0
8667,-26.0
8668,-26.0
8669,-41.0
8670,-26.0
8671,-26.0
8672,-26.0
8673,-26.0
8674,-41.0
8675,-26.0
8676,-26.0
8677,-26.0
8678,-41.0
8679,-41.0
8680,-26.0
8681,-41.0
8682,-41.0
8683,-26.0
8684,-41.0
8685,-26.0
8686,-41.0
8687,-41.0
8688,-26.0
8689,-26.0
8690,-41.0
8691,-26.0
8692,-26.0
8693,-26.0
8694,-26.0
8695,-26.0
8696,-26.0
8697,-26.0
8698,-26.0
8699,-26.0
8700,-26.0
8701,43.46719
8702,48.58078
8703,26.163975
8704,-12.659934
8705,-75.54131
8706,-154.81819
8707,-232.10907
8708,-276.78418
8709,-275.404
8710,-221.16241
8711,-145.01927
8712,-65.575836
8713,-6.3849516
8714,27.56612
8715,47.74922
8716,53.373062
8717,54.93901
8718,54.989574
8719,54.424664
8720,53.3673
8721,51.756134
8722,49.493492
8723,46.431705
8724,42.364895
8725,36.992207
8726,29.86601
8727,20.396236
8728,7.8468447
8729,-8.6717825
8730,-30.165861
8731,-57.705227
8732,-92.47495
8733,-135.79762
8734,-189.09479
8735,-253.5874
8736,-329.90363
8737,-418.22812
8738,-0.80456483
8739,-6.3422995
8740,-26.895977
8741,-32.214035
8742,-22.004679
8743,-25.93852
8744,-28.654606
8745,-43.79634
8746,-26.448158
8747,-26.0
8748,-23.902016
8749,-23.199677
8750,-28.646778
8751,-26.0
8752,-41.0
8753,-41.0
8754,-26.0
8755,-26.0
8756,-26.0
8757,-26.0
8758,-26.0
8759,-26.0
8760,-41.0
8761,-26.0
8762,-41.0
8763,-26.0
8764,-26.0
8765,-26.0
8766,-26.0
8767,-41.0
8768,-26.0
8769,-41.0
8770,-41.0
8771,-26.0
8772,-26.0
8773,-26.0
8774,-41.0
8775,-41.0
8776,-41.0
8777,-41.0
8778,-41.0
8779,-26.0
8780,-26.0
8781,-26.0
8782,-26.0
8783,-26.0
8784,-26.0
8785,-26.0
8786,-41.0
8787,-26.0
8788,-41.0
8789,-41.0
8790,-41.0
8791,-26.0
8792,-26.0
8793,-41.0
8794,-26.0
8795,-26.0
8796,-41.0
8797,-26.0
8798,-26.0
8799,-26.0
8800,-26.0
8801,-41.0
8802,43.46719
8803,48.581043
8804,26.16969
8805,-12.608349
8806,-75.27745
8807,-153.91264
8808,-229.78027
8809,-271.9888
8810,-267.22482
8811,-209.3781
8812,-130.41312
8813,-49.92664
8814,7.9597964
8815,38.54205
8816,49.176044
8817,54.61317
8818,50.61463
8819,44.698246
8820,37.380867
8821,28.341537
8822,17.451193
8823,4.6857386
8824,-9.98853
8825,-26.629698
8826,-45.402096
8827,-66.66525
8828,-90.92241
8829,-118.813484
8830,-151.11443
8831,-188.64745
8832,-232.19264
8833,-282.595
8834,-340.80673
8835,-407.83112
8836,1.3867724
8837,-17.999376
8838,-7.566337
8839,-12.2771015
8840,-17.083471
8841,-21.850128
8842,-26.299765
8843,-44.458164
8844,-43.832134
8845,-26.0
8846,-26.0
8847,-41.0
8848,-26.0
8849,-26.0
8850,-26.0
8851,-26.0
8852,-41.0
8853,-26.0
8854,-41.0
8855,-26.0
8856,-26.0
8857,-26.0
8858,-26.0
8859,-26.0
8860,-41.0
8861,-41.0
8862,-41.0
8863,-41.0
8864,-26.0
8865,-26.0
8866,-26.0
8867,-41.0
8868,-41.0
8869,-26.0
8870,-26.0
8871,-41.0
8872,-26.0
8873,-26.0
8874,-26.0
8875,-41.0
8876,-41.0
8877,-26.0
8878,-26.0
8879,-41.0
8880,-26.0
8881,-26.0
8882,-26.0
8883,-41.0
8884,-41.0
8885,-26.0
8886,-41.0
8887,-26.0
8888,-26.0
8889,-41.0
8890,-26.0
8891,-41.0
8892,-26.0
8893,-26.0
8894,-26.0
8895,-26.0
8896,-26.0
8897,-41.0
8898,-26.0
8899,-41.0
8900,-26.0
8901,-26.0
8902,-26.0
8903,-26.0
8904,-26.0
8905,43.467182
8906,48.580463
8907,26.158394
8908,-12.70193
8909,-75.72206
8910,-155.36578
8911,-233.41922
8912,-279.39572
8913,-279.8276
8914,-227.59369
8915,-153.15276
8916,-74.581894
8917,-15.139908
8918,19.985575
8919,41.70427
8920,48.85074
8921,51.726753
8922,52.85364
8923,53.34688
8924,53.642082
8925,53.83551
8926,53.96293
8927,54.051033
8928,54.12124
8929,54.198624
8930,54.314064
8931,54.488052
8932,54.715298
8933,54.940876
8934,55.025387
8935,54.717438
8936,53.632526
8937,51.22401
8938,46.763744
8939,39.396564
8940,28.291517
8941,12.705808
8942,-7.969335
8943,-34.10229
8944,-65.4013
8945,-100.377266
8946,-136.54468
8947,-170.64195
8948,-198.8803
8949,-217.31369
8950,-222.31293
8951,-211.12805
8952,-182.5456
8953,-170.91402
8954,-214.18741
8955,-253.07121
8956,-288.7119
8957,-321.89526
8958,-353.78894
8959,-385.85968
8960,-419.83124
8961,-11.456763
8962,1.2310605
8963,-16.454971
8964,-19.393757
8965,-7.1675506
8966,-9.3543415
8967,-10.553339
8968,-10.47479
8969,-9.313979
8970,-22.754642
8971,-21.251705
8972,-5.128253
8973,-19.643345
8974,-4.7807274
8975,-20.203047
8976,-5.668365
8977,-5.963506
8978,-5.9149466
8979,-5.6082106
8980,-5.423762
8981,-5.6527047
8982,-6.5547876
8983,-8.366037
8984,-26.064707
8985,-14.267539
8986,-17.62455
8987,-20.775171
8988,-23.36107
8989,-25.311543
8990,-26.960562
8991,-27.854927
8992,-27.006338
8993,-26.0
8994,-26.0
8995,-41.0
8996,-26.0
8997,-26.0
8998,-26.0
8999,-26.0
9000,-26.0
9001,-41.0
9002,-26.0
9003,-26.0
9004,-26.0
9005,-26.0
9006,-26.0
9007,-26.0
9008,-26.0
9009,-41.0
9010,-26.0
9011,-26.0
9012,-26.0
9013,-26.0
9014,-26.0
9015,-41.0
9016,-26.0
9017,-41.0
9018,-26.0
9019,-26.0
9020,-26.0
9021,-26.0
9022,-26.0
9023,-26.0
9024,-41.0
9025,-41.0
9026,-26.0
9027,-26.0
9028,-41.0
9029,-26.0
9030,-41.0
9031,-26.0
9032,-26.0
9033,-41.0
9034,-26.0
9035,-26.0
9036,-26.0
9037,-41.0
9038,-41.0
9039,-26.0
9040,-41.0
9041,-41.0
9042,-41.0
9043,-41.0
9044,-41.0
9045,-26.0
9046,-26.0
9047,-41.0
9048,-26.0
9049,-26.0
9050,-26.0
9051,-26.0
9052,-41.0
9053,-26.0
9054,-26.0
9055,-41.0
9056,-41.0
9057,-26.0
9058,-26.0
9059,-26.0
9060,-26.0
9061,-26.0
9062,-26.0
9063,-26.0
9064,-41.0
9065,-26.0
9066,-26.0
9067,-26.0
9068,-26.0
9069,-26.0
9070,-26.0
9071,-41.0
9072,-41.0
9073,-26.0
9074,-41.0
9075,-41.0
9076,-41.0
9077,-26.0
9078,-26.0
9079,-26.0
9080,-26.0
9081,-26.0
9082,-41.0
9083,-41.0
9084,-41.0
9085,-26.0
9086,-41.0
9087,-26.0
9088,43.467182
9089,48.580463
9090,26.158192
9091,-12.7052
9092,-75.741005
9093,-155.42593
9094,-233.53699
9095,-279.5225
9096,-279.80423
9097,-227.19652
9098,-152.22673
9099,-73.148285
9100,-13.3998
9101,21.77313
9102,43.36865
9103,50.329903
9104,53.051365
9105,54.103573
9106,54.576485
9107,54.843323
9108,54.981953
9109,55.018234
9110,54.957863
9111,54.786526
9112,54.46348
9113,53.901283
9114,52.94529
9115,51.346386
9116,48.723156
9117,44.53559
9118,38.078175
9119,28.445131
9120,14.499355
9121,-5.1223774
9122,-31.843378
9123,-66.86853
9124,-111.168564
9125,-165.44832
9126,-229.99385
9127,-303.98566
9128,-384.6932
9129,2.0773084
9130,-1.8373444
9131,-19.942444
9132,-21.998795
9133,-7.7978706
9134,-7.191685
9135,-5.112487
9136,-5.8809047
9137,-12.728408
9138,-15.946499
9139,-18.669811
9140,-21.029337
9141,-23.162025
9142,-25.209702
9143,-27.320004
9144,-43.19762
9145,-26.592878
9146,-26.0
9147,-26.0
9148,-26.0
9149,-41.0
9150,-26.0
9151,-26.0
9152,-26.0
9153,-26.0
9154,-41.0
9155,-26.0
9156,-26.0
9157,-41.0
9158,-26.0
9159,-41.0
9160,-26.0
9161,-41.0
9162,-41.0
9163,-40.65039
9164,-24.732473
9165,-39.73876
9166,-26.156706
9167,-26.817766
9168,-41.0
9169,-41.0
9170,-26.0
9171,-26.0
9172,-26.0
9173,-41.0
9174,-26.0
9175,-41.0
9176,-26.0
9177,-26.0
9178,-26.0
9179,-41.0
9180,-26.0
9181,-41.0
9182,-26.0
9183,-26.0
9184,-26.0
9185,-26.0
9186,-41.0
9187,-26.0
9188,-26.0
9189,-26.0
9190,-26.0
9191,-26.0
9192,-26.0
9193,-26.0
9194,-26.0
9195,-26.0
9196,-26.0
9197,-26.0
9198,-26.0
9199,-26.0
9200,-26.0
9201,-41.0
9202,-26.0
9203,-26.0
9204,-26.0
9205,-26.0
9206,-26.0
9207,-26.0
9208,-41.0
9209,-26.0
9210,-41.0
9211,-26.0
9212,-26.0
9213,43.46719
9214,48.580727
9215,26.163033
9216,-12.6674385
9217,-75.57607
9218,-154.9403
9219,-232.46156
9220,-277.62082
9221,-277.01468
9222,-223.68442
9223,-148.28793
9224,-69.12951
9225,-9.650389
9226,24.993711
9227,45.96919
9228,52.312077
9229,54.47047
9230,55.020405
9231,54.96575
9232,54.5531
9233,53.805584
9234,52.70474
9235,51.190872
9236,49.159134
9237,46.43791
9238,42.752457
9239,37.72013
9240,30.831686
9241,21.421648
9242,8.670887
9243,-8.363351
9244,-30.781607
9245,-59.854256
9246,-96.97809
9247,-143.41656
9248,-199.95776
9249,-267.0067
9250,-344.60272
9251,-432.25644
9252,-1.1975715
9253,-6.0264597
9254,-10.384614
9255,-14.003963
9256,-31.608303
9257,-32.941853
9258,-17.814844
9259,-16.150366
9260,-12.998208
9261,-13.572515
9262,-21.04232
9263,-23.45906
9264,-25.39053
9265,-26.994095
9266,-27.823069
9267,-27.003368
9268,-41.0
9269,-26.0
9270,-26.0
9271,-26.0
9272,-26.0
9273,-41.0
9274,-26.0
9275,-26.0
9276,-26.0
9277,-26.0
9278,-41.0
9279,-41.0
9280,-41.0
9281,-26.0
9282,-41.0
9283,-26.0
9284,-26.0
9285,-26.0
9286,-26.0
9287,-41.0
9288,-40.581184
9289,-24.569807
9290,-24.668983
9291,-26.160116
9292,-26.898287
9293,-41.0
9294,-41.0
9295,-41.0
9296,-26.0
9297,-26.0
9298,-26.0
9299,-26.0
9300,-26.0
9301,-26.0
9302,-41.0
9303,-41.0
9304,-41.0
9305,-26.0
9306,-41.0
9307,-26.0
9308,-41.0
9309,-41.0
9310,-26.0
9311,-26.0
9312,-26.0
9313,-26.0
9314,-41.0
9315,-41.0
9316,-26.0
9317,-26.0
9318,-26.0
9319,-26.0
9320,-26.0
9321,-41.0
9322,-41.0
9323,-41.0
9324,-41.0
9325,-26.0
9326,-26.0
9327,-26.0
9328,-41.0
9329,-26.0
9330,-26.0
9331,-41.0
9332,-26.0
9333,-26.0
9334,-26.0
9335,43.467182
9336,48.580463
9337,26.158192
9338,-12.705856
9339,-75.74902
9340,-155.47594
9341,-233.72745
9342,-280.03876
9343,-280.88345
9344,-229.01895
9345,-154.8031
9346,-76.26498
9347,-16.677427
9348,18.689703
9349,40.638638
9350,47.94993
9351,50.901234
9352,52.00698
9353,52.399662
9354,52.541084
9355,52.527397
9356,52.386856
9357,52.14318
9358,51.82493
9359,51.485966
9360,51.218853
9361,51.13272
9362,51.32977
9363,51.872356
9364,52.73421
9365,53.76429
9366,54.681606
9367,55.05654
9368,54.29101
9369,51.641644
9370,46.340744
9371,37.69483
9372,25.137
9373,8.31156
9374,-12.602728
9375,-36.448723
9376,-61.21696
9377,-84.24357
9378,-102.450005
9379,-112.69233
9380,-112.220024
9381,-99.24338
9382,-73.60745
9383,-60.96714
9384,-87.564125
9385,-110.719925
9386,-130.8781
9387,-148.47884
9388,-164.30855
9389,-179.40742
9390,-195.01463
9391,-212.55289
9392,-233.65744
9393,-259.8867
9394,-290.80606
9395,-322.2841
9396,-348.65927
9397,-363.6585
9398,-361.72144
9399,-342.3485
9400,-312.083
9401,-278.44662
9402,-247.92752
9403,-225.39491
9404,-212.16116
9405,-205.41357
9406,-201.85005
9407,-198.36423
9408,-192.31174
9409,-183.38298
9410,-174.53113
9411,-169.16527
9412,-170.56812
9413,-181.88368
9414,-204.50275
9415,-236.54962
9416,-274.97595
9417,-315.87064
9418,-354.69818
9419,-388.62836
9420,-418.51804
9421,4.325368
9422,2.9124882
9423,1.3550059
9424,-15.369484
9425,-2.1521337
9426,-3.891928
9427,-20.49672
9428,-21.873432
9429,-7.93013
9430,-8.579309
9431,-23.741623
9432,-8.348847
9433,-21.287819
9434,-18.063421
9435,-2.5068512
9436,-17.542553
9437,-3.0941331
9438,-4.0422707
9439,-5.2401843
9440,-6.521272
9441,-7.704152
9442,-8.598454
9443,-9.056008
9444,-9.179265
9445,-9.35751
9446,-9.890626
9447,-11.042621
9448,-13.022187
9449,-15.607071
9450,-17.981287
9451,-19.39314
9452,-19.164095
9453,-16.925182
9454,-13.35827
9455,-24.86758
9456,-7.0516496
9457,-5.2435412
9458,-4.780632
9459,-5.6153216
9460,-7.16024
9461,-8.971615
9462,-10.606407
9463,-11.634978
9464,-11.962863
9465,-11.916855
9466,-26.71831
9467,-11.5199
9468,-26.452341
9469,-26.591715
9470,-11.960113
9471,-27.601501
9472,-13.570639
9473,-29.90996
9474,-16.574171
9475,-18.402096
9476,-20.22447
9477,-21.838741
9478,-38.04824
9479,-23.67462
9480,-23.579147
9481,-22.681093
9482,-20.963505
9483,-20.718494
9484,-23.730322
9485,-25.432096
9486,-27.255642
9487,-27.733559
9488,-26.096813
9489,-26.0
9490,-26.0
9491,-26.0
9492,-26.0
9493,-26.0
9494,-26.0
9495,-26.0
9496,-26.0
9497,-24.89684
9498,-21.621437
9499,-19.058073
9500,-33.021847
9501,-17.732817
9502,-18.429605
9503,-20.342396
9504,-23.24367
9505,-26.265636
9506,-28.255676
9507,-27.682463
9508,-26.0
9509,-25.94765
9510,-24.38044
9511,-21.093386
9512,-20.17653
9513,-20.4542
9514,-21.83851
9515,-23.941084
9516,-41.65547
9517,-28.196041
9518,-26.66785
9519,-26.0
9520,-26.0
9521,-41.0
9522,-26.0
9523,-26.0
9524,-26.0
9525,-26.0
9526,-26.0
9527,-26.0
9528,-26.0
9529,-26.0
9530,-26.0
9531,-26.0
9532,-26.0
9533,-26.0
9534,-26.0
9535,-26.0
9536,-26.0
9537,-26.0
9538,-26.0
9539,-26.0
9540,-26.0
9541,-26.0
9542,-26.0
9543,-26.0
9544,-26.0
9545,-41.0
9546,-26.0
9547,-41.0
9548,-26.0
9549,-26.0
9550,-26.0
9551,-26.0
9552,-26.0
9553,-26.0
9554,-41.0
9555,-26.0
9556,-26.0
9557,-26.0
9558,-41.0
9559,-26.0
9560,-26.0
9561,-26.0
9562,-26.0
9563,-26.0
9564,-26.0
9565,-26.0
9566,-26.0
9567,-26.0
9568,-26.0
9569,-26.0
9570,-26.0
9571,-26.0
9572,-26.0
9573,-41.0
9574,-26.0
9575,-26.0
9576,-26.0
9577,-26.0
9578,-26.0
9579,-41.0
9580,-26.0
9581,43.467182
9582,48.580463
9583,26.158192
9584,-12.705856
9585,-75.74902
9586,-155.47713
9587,-233.7423
9588,-280.11777
9589,-281.13528
9590,-229.58273
9591,-155.78143
9592,-77.657265
9593,-18.360987
9594,16.88704
9595,38.81683
9596,46.10585
9597,48.920734
9598,49.6866
9599,49.51597
9600,48.893986
9601,47.889515
9602,46.48862
9603,44.681343
9604,42.476173
9605,39.93829
9606,37.22672
9607,34.56935
9608,32.244385
9609,30.55296
9610,29.755985
9611,30.017914
9612,31.424824
9613,33.97761
9614,37.55927
9615,41.851322
9616,46.32856
9617,50.40731
9618,53.496677
9619,55.020386
9620,54.500164
9621,51.819473
9622,47.41283
9623,42.230015
9624,37.589405
9625,34.92732
9626,35.43423
9627,39.571968
9628,46.468323
9629,48.954746
9630,40.77607
9631,30.739637
9632,19.563995
9633,7.4420495
9634,-5.793469
9635,-20.61412
9636,-37.77507
9637,-58.32799
9638,-83.66766
9639,-115.340454
9640,-153.51259
9641,-195.15596
9642,-235.24261
9643,-267.4656
9644,-285.52988
9645,-287.40244
9646,-277.83252
9647,-263.20673
9648,-249.61754
9649,-242.17813
9650,-242.80266
9651,-249.091
9652,-257.8009
9653,-265.59427
9654,-269.41272
9655,-268.74203
9656,-266.94894
9657,-268.1874
9658,-276.66583
9659,-296.4939
9660,-329.52692
9661,-373.4288
9662,-424.3455
9663,2.2271993
9664,-0.12773238
9665,-1.9855897
9666,-3.534094
9667,-4.9460254
9668,-21.368969
9669,-7.9297996
9670,-9.642053
9671,-11.375138
9672,-13.021728
9673,-14.487685
9674,-15.677456
9675,-16.497122
9676,-31.858856
9677,-16.68616
9678,-30.918987
9679,-13.276381
9680,-24.52202
9681,-24.058697
9682,-9.054673
9683,-9.4744425
9684,-10.217879
9685,-11.146537
9686,-12.096821
9687,-12.889
9688,-13.336179
9689,-13.302548
9690,-12.9267645
9691,-12.636775
9692,-12.729943
9693,-13.457104
9694,-15.010947
9695,-32.138603
9696,-18.999002
9697,-19.862625
9698,-19.09981
9699,-16.405704
9700,-27.498516
9701,-8.737116
9702,-5.6529346
9703,-18.547586
9704,-2.7526689
9705,-3.2362537
9706,-4.444007
9707,-5.9499593
9708,-7.3266373
9709,-8.160514
9710,-8.351796
9711,-23.194597
9712,-7.89323
9713,-7.5924463
9714,-22.418695
9715,-7.4490304
9716,-7.709588
9717,-8.243869
9718,-9.10399
9719,-10.329785
9720,-11.879589
9721,-13.602934
9722,-15.337493
9723,-16.890305
9724,-18.073948
9725,-18.71798
9726,-18.685787
9727,-17.888044
9728,-16.287655
9729,-15.884544
9730,-18.337145
9731,-19.752111
9732,-36.258877
9733,-22.743778
9734,-24.076035
9735,-25.111383
9736,-25.699278
9737,-25.694855
9738,-24.975567
9739,-23.49492
9740,-21.440475
9741,-34.16671
9742,-16.826872
9743,-14.487163
9744,-12.21592
9745,-25.164387
9746,-8.565915
9747,-7.6279244
9748,-22.588594
9749,-23.664434
9750,-10.691823
9751,-12.980434
9752,-14.884193
9753,-30.756407
9754,-15.096214
9755,-13.178185
9756,-26.010834
9757,-9.159482
9758,-7.9788003
9759,-7.778489
9760,-23.616777
9761,-10.249652
9762,-12.560308
9763,-15.462393
9764,-18.836578
9765,-37.45989
9766,-25.962597
9767,-28.74007
9768,-28.659626
9769,-41.0
9770,-26.0
9771,-26.0
9772,-26.0
9773,-26.0
9774,-26.0
9775,-26.0
9776,-26.0
9777,-26.0
9778,-26.0
9779,-26.0
9780,-41.0
9781,-25.898306
9782,-25.077866
9783,-24.156654
9784,-25.105717
9785,-26.257788
9786,-26.76706
9787,-26.06033
9788,-41.0
9789,-26.0
9790,-26.0
9791,-26.0
9792,-26.0
9793,-26.0
9794,-26.0
9795,-41.0
9796,-26.0
9797,-41.0
9798,-26.0
9799,-26.0
9800,-41.0
9801,-26.0
9802,-26.0
9803,-26.0
9804,-26.0
9805,-26.0
9806,-26.0
9807,-26.0
9808,-26.0
9809,-26.0
9810,-41.0
9811,-26.0
9812,-41.0
9813,-26.0
9814,-26.0
9815,-41.0
9816,-26.0
9817,-26.0
9818,-26.0
9819,-26.0
9820,-26.0
9821,-26.0
9822,-26.0
9823,-26.0
9824,-26.0
9825,-41.0
9826,-41.0
9827,-26.0
9828,-26.0
9829,-26.0
9830,-26.0
9831,43.467182
9832,48.580463
9833,26.158192
9834,-12.705308
9835,-75.74209
9836,-155.4338
9837,-233.58002
9838,-279.68903
9839,-280.26364
9840,-228.14572
9841,-153.76994
9842,-75.189545
9843,-15.654105
9844,19.614977
9845,41.475563
9846,48.738773
9847,51.707043
9848,52.917
9849,53.49976
9850,53.894146
9851,54.19527
9852,54.437542
9853,54.64321
9854,54.821774
9855,54.964878
9856,55.02174
9857,54.854485
9858,54.18816
9859,52.55556
9860,49.258934
9861,43.370037
9862,33.728565
9863,18.945301
9864,-2.561575
9865,-32.37188
9866,-71.748795
9867,-121.59687
9868,-182.42445
9869,-254.18755
9870,-335.59723
9871,-423.32764
9872,-0.2906133
9873,-4.240803
9874,-22.274118
9875,-24.149214
9876,-9.668435
9877,-8.710558
9878,-21.246367
9879,-6.7197447
9880,-28.28122
9881,-15.992874
9882,-18.197046
9883,-20.042648
9884,-21.67919
9885,-23.254042
9886,-39.913033
9887,-26.804647
9888,-42.905186
9889,-41.80657
9890,-41.0
9891,-26.0
9892,-41.0
9893,-26.0
9894,-26.0
9895,-41.0
9896,-41.0
9897,-26.0
9898,-41.0
9899,-26.0
9900,-26.0
9901,-25.688911
9902,-24.975117
9903,-24.535812
9904,-23.624102
9905,-22.46139
9906,-21.63909
9907,-21.445278
9908,-22.101336
9909,-23.820847
9910,-41.4945
9911,-28.0472
9912,-26.652046
9913,-26.0
9914,-26.0
9915,-26.0
9916,-26.0
9917,-41.0
9918,-26.0
9919,-26.0
9920,-26.0
9921,-26.0
9922,-26.0
9923,-26.0
9924,-26.0
9925,-26.0
9926,-26.0
9927,-41.0
9928,-26.0
9929,-41.0
9930,-41.0
9931,-26.0
9932,-26.0
9933,-26.0
9934,-41.0
9935,-26.0
9936,-26.0
9937,-26.0
9938,-41.0
9939,-26.0
9940,-26.0
9941,-26.0
9942,-26.0
9943,-26.0
9944,-26.0
9945,-26.0
9946,-26.0
9947,-26.0
9948,-26.0
9949,-26.0
9950,-26.0
9951,-26.0
9952,-26.0
9953,-26.0
9954,-26.0
9955,-26.0
9956,-26.0
9957,-26.0
9958,-26.0
9959,-26.0
9960,-26.0
9961,-26.0
9962,-26.0
9963,-26.0
9964,-26.0
9965,-26.0
9966,-26.0
9967,-26.0
9968,-26.0
9969,-26.0
9970,-26.0
9971,-41.0
9972,-26.0
9973,-26.0
9974,-26.0
9975,-41.0
9976,-26.0
9977,-26.0
9978,-41.0
9979,-41.0
9980,-26.0
9981,-26.0
9982,-26.0
9983,-41.0
9984,-26.0
9985,-41.0
9986,-26.0
9987,-41.0
9988,-26.0
9989,-26.0
9990,-26.0
9991,-41.0
9992,-26.0
9993,-41.0
9994,-26.0
9995,-26.0
9996,-26.0
9997,-26.0
9998,-26.0
9999,-41.0
10000,-41.0
10001,-26.0
10002,-41.0
10003,-26.0
10004,-26.0
10005,-41.0
10006,-26.0
10007,-41.0
10008,-26.0
10009,-26.0
10010,43.467182
10011,48.580463
10012,26.158192
10013,-12.705856
10014,-75.74902
10015,-155.47536
10016,-233.71956
10017,-279.99677
10018,-280.74982
10019,-228.72061
10020,-154.29361
10021,-75.5628
10022,-15.862606
10023,19.530655
10024,41.4676
10025,48.776543
10026,51.778774
10027,53.02644
10028,53.658604
10029,54.110195
10030,54.46617
10031,54.743595
10032,54.93791
10033,55.02252
10034,54.945175
10035,54.60928
10036,53.850815
10037,52.418133
10038,49.949165
10039,45.963924
10040,39.878284
10041,30.987026
10042,18.43793
10043,1.2310134
10044,-21.63995
10045,-50.953293
10046,-87.27799
10047,-130.96376
10048,-182.00742
10049,-239.44583
10050,-300.6768
10051,-361.9171
10052,-418.5289
10053,2.963576
10054,-13.263408
10055,1.6597139
10056,2.8538618
10057,5.393471
10058,-438.75024
10059,0.848567
10060,-1.517905
10061,-3.4563053
10062,-5.090413
10063,-6.5417724
10064,-7.929487
10065,-9.371181
10066,-10.985267
10067,-12.894632
10068,-15.185962
10069,-32.686577
10070,-19.87189
10071,-36.262154
10072,-21.431818
10073,-20.137083
10074,-17.775433
10075,-15.250536
10076,-13.003418
10077,-11.268374
10078,-10.219072
10079,-9.753403
10080,-9.479305
10081,-9.172317
10082,-8.646129
10083,-7.7542233
10084,-21.61333
10085,-5.6151576
10086,-5.0308475
10087,-5.0984945
10088,-21.03482
10089,-7.8085027
10090,-10.053608
10091,-12.449371
10092,-14.676311
10093,-16.430988
10094,-17.669489
10095,-33.684612
10096,-19.683857
10097,-20.824001
10098,-22.234568
10099,-23.896982
10100,-25.61736
10101,-42.2631
10102,-42.676373
10103,-41.25684
10104,-26.0
10105,-26.0
10106,-41.0
10107,-41.0
10108,-26.0
10109,-24.822655
10110,-22.528013
10111,-22.911009
10112,-24.112246
10113,-25.533527
10114,-26.896168
10115,-27.065714
10116,-26.0
10117,-26.0
10118,-26.0
10119,-26.0
10120,-41.0
10121,-41.0
10122,-26.0
10123,-26.0
10124,-26.0
10125,-26.0
10126,-26.0
10127,-41.0
10128,-26.0
10129,-26.0
10130,-26.0
10131,-24.506535
10132,-20.600641
10133,-34.21467
10134,-20.883238
10135,-22.940483
10136,-39.981617
10137,-26.57433
10138,-27.262697
10139,-26.840122
10140,-26.042742
10141,-41.0
10142,-25.86511
10143,-40.60844
10144,-25.770267
10145,-26.107376
10146,-26.155247
10147,-41.0
10148,-26.0
10149,-41.0
10150,-26.0
10151,-26.0
10152,-26.0
10153,-26.0
10154,-26.0
10155,-26.0
10156,-26.0
10157,-26.0
10158,-26.0
10159,-41.0
10160,-41.0
10161,-41.0
10162,-26.0
10163,-26.0
10164,-41.0
10165,-26.0
10166,-26.0
10167,-41.0
10168,-26.0
10169,-41.0
10170,-26.0
10171,-26.0
10172,-26.0
10173,-41.0
10174,-26.0
10175,-41.0
10176,-26.0
10177,-26.0
10178,-26.0
10179,-26.0
10180,-41.0
10181,-41.0
10182,-26.0
10183,-26.0
10184,-26.0
10185,-26.0
10186,-41.0
10187,-26.0
10188,-26.0
10189,-26.0
10190,-26.0
10191,-26.0
10192,-26.0
10193,-41.0
10194,-26.0
10195,-26.0
10196,-26.0
10197,-26.0
10198,-26.0
10199,-26.0
10200,-26.0
10201,-26.0
10202,-26.0
10203,-41.0
10204,-26.0
10205,-26.0
10206,-26.0
10207,-26.0
10208,-26.0
10209,-26.0
10210,-26.0
10211,-41.0
10212,-26.0
10213,-26.0
10214,-26.0
10215,-26.0
10216,-26.0
10217,43.467182
10218,48.58048
10219,26.159132
10220,-12.689071
10221,-75.61867
10222,-154.88383
10223,-231.88367
10224,-275.7066
10225,-272.7679
10226,-216.47186
10227,-138.32286
10228,-57.610832
10229,1.5822256
10230,34.238655
10231,47.255985
10232,55.170517
10233,53.66737
10234,50.284912
10235,45.65911
10236,39.570854
10237,31.845003
10238,22.365099
10239,11.003139
10240,-2.3820968
10241,-18.00296
10242,-36.22146
10243,-57.518757
10244,-82.498405
10245,-111.8945
10246,-146.5045
10247,-187.11499
10248,-234.59753
10249,-289.94424
10250,-354.21323
10251,-428.16467
10252,-0.13601728
10253,-4.7935796
10254,-9.6041
10255,-29.519648
10256,-19.408985
10257,-24.00508
10258,-28.002882
10259,-29.54994
10260,-42.229305
10261,-41.0
10262,-26.0
10263,-26.0
10264,-25.475899
10265,-40.293118
10266,-26.673471
10267,-26.0
10268,-26.0
10269,-41.0
10270,-41.0
10271,-41.0
10272,-26.0
10273,-26.0
10274,-26.0
10275,-41.0
10276,-26.0
10277,-26.0
10278,-41.0
10279,-41.0
10280,-26.0
10281,-26.0
10282,-26.0
10283,-26.0
10284,-26.0
10285,-26.0
10286,-26.0
10287,-26.0
10288,-26.0
10289,-26.0
10290,-26.0
10291,-26.0
10292,-41.0
10293,-26.0
10294,-41.0
10295,-26.0
10296,-41.0
10297,-41.0
10298,-26.0
10299,-26.0
10300,-26.0
10301,-41.0
10302,-41.0
10303,-26.0
10304,-26.0
10305,-26.0
10306,-26.0
10307,-41.0
10308,-26.0
10309,-26.0
10310,-26.0
10311,-26.0
10312,-26.0
10313,-26.0
10314,-41.0
10315,-26.0
10316,-26.0
10317,-26.0
10318,-41.0
10319,-26.0
10320,-26.0
10321,-26.0
10322,-26.0
10323,-26.0
10324,-26.0
10325,-26.0
10326,-26.0
10327,-26.0
10328,-26.0
10329,43.467182
10330,48.580463
10331,26.158192
10332,-12.705856
10333,-75.74902
10334,-155.47713
10335,-233.7423
10336,-280.11777
10337,-281.13528
10338,-229.58273
10339,-155.78123
10340,-77.65648
10341,-18.358234
10342,16.893122
10343,38.827194
10344,46.121452
10345,48.94354
10346,49.719513
10347,49.56001
10348,48.9439
10349,47.930485
10350,46.493275
10351,44.611332
10352,42.29176
10353,39.61521
10354,36.775513
10355,34.052135
10356,31.782434
10357,30.322739
10358,29.974195
10359,30.919508
10360,33.227486
10361,36.82135
10362,41.415787
10363,46.427437
10364,51.00178
10365,54.193295
10366,55.055504
10367,52.711117
10368,46.529648
10369,36.49904
10370,23.381344
10371,8.656846
10372,-5.6088386
10373,-16.98576
10374,-23.00572
10375,-21.610933
10376,-11.739
10377,-11.378672
10378,-43.36596
10379,-77.33252
10380,-112.87274
10381,-149.93279
10382,-188.96371
10383,-230.85455
10384,-276.89365
10385,-328.76834
10386,-388.59818
10387,2.832303
10388,-1.3229103
10389,-20.322329
10390,-8.712286
10391,-26.037508
10392,-26.940916
10393,-11.573443
10394,-25.648548
10395,-9.684954
10396,-9.055696
10397,-9.04533
10398,-9.6249075
10399,-25.413626
10400,-11.148587
10401,-11.606202
10402,-26.612164
10403,-11.285951
10404,-11.06548
10405,-11.261021
10406,-27.138657
10407,-28.938475
10408,-16.619913
10409,-19.759737
10410,-22.997797
10411,-40.963478
10412,-28.285105
10413,-28.390137
10414,-26.104204
10415,-26.0
10416,-41.0
10417,-26.0
10418,-26.0
10419,-41.0
10420,-26.0
10421,-26.0
10422,-26.0
10423,-26.0
10424,-26.0
10425,-26.0
10426,-26.0
10427,-26.0
10428,-26.0
10429,-26.0
10430,-41.0
10431,-26.0
10432,-26.0
10433,-26.0
10434,-26.0
10435,-26.0
10436,-26.0
10437,-41.0
10438,-41.0
10439,-26.0
10440,-26.0
10441,-26.0
10442,-26.0
10443,-26.0
10444,-26.0
10445,-41.0
10446,-41.0
10447,-26.0
10448,-26.0
10449,-26.0
10450,-41.0
10451,-26.0
10452,-26.0
10453,-26.0
10454,-26.0
10455,-26.0
10456,-26.0
10457,-26.0
10458,-26.0
10459,-26.0
10460,-26.0
10461,-41.0
10462,-26.0
10463,-26.0
10464,-41.0
10465,-26.0
10466,-41.0
10467,-26.0
10468,-26.0
10469,-26.0
10470,-26.0
10471,-26.0
10472,-26.0
10473,-26.0
10474,-26.0
10475,-26.0
10476,-26.0
10477,-26.0
10478,-26.0
10479,-26.0
10480,-26.0
10481,-26.0
10482,-26.0
10483,-26.0
10484,-26.0
10485,-26.0
10486,-26.0
10487,-26.0
10488,-26.0
10489,-26.0
10490,-26.0
10491,-26.0
10492,-26.0
10493,-26.0
10494,-26.0
10495,-26.0
10496,-26.0
10497,-41.0
10498,-26.0
10499,-26.0
10500,-41.0
10501,-41.0
10502,-41.0
10503,-26.0
10504,-26.0
10505,-41.0
10506,-26.0
10507,-26.0
10508,-26.0
10509,-26.0
10510,-26.0
10511,-41.0
10512,-26.0
10513,-26.0
10514,43.467182
10515,48.580463
10516,26.158192
10517,-12.705856
10518,-75.74902
10519,-155.47536
10520,-233.71817
10521,-279.97537
10522,-280.63364
10523,-228.35324
10524,-153.47652
10525,-74.167046
10526,-13.935719
10527,21.784697
10528,43.82869
10529,51.068478
10530,53.891567
10531,54.87446
10532,55.033497
10533,54.563614
10534,53.376797
10535,51.345833
10536,48.32248
10537,44.13961
10538,38.584602
10539,31.349972
10540,22.030197
10541,10.107847
10542,-5.0625334
10543,-24.21627
10544,-48.11926
10545,-77.61614
10546,-113.65889
10547,-157.27553
10548,-209.30252
10549,-270.05618
10550,-339.5173
10551,-417.3897
10552,-14.734309
10553,-4.243432
10554,-23.475195
10555,-12.18627
10556,-15.126523
10557,-17.048876
10558,-17.73829
10559,-17.049824
10560,-14.939443
10561,-11.461137
10562,-11.635201
10563,-18.406229
10564,-35.376102
10565,-36.900368
10566,-23.128582
10567,-24.20747
10568,-40.279793
10569,-26.485186
10570,-27.310686
10571,-26.750854
10572,-26.0
10573,-26.0
10574,-26.0
10575,-26.0
10576,-26.0
10577,-26.0
10578,-26.0
10579,-26.0
10580,-26.0
10581,-41.0
10582,-25.064472
10583,-23.065327
10584,-22.709728
10585,-37.491863
10586,-21.891047
10587,-20.80257
10588,-19.470604
10589,-18.438103
10590,-17.978456
10591,-18.306408
10592,-19.625483
10593,-21.839012
10594,-24.462397
10595,-27.133646
10596,-28.311472
10597,-41.77785
10598,-26.0
10599,-26.0
10600,-26.0
10601,-26.0
10602,-26.0
10603,-26.0
10604,-26.0
10605,-26.0
10606,-26.0
10607,-41.0
10608,-26.0
10609,-41.0
10610,-26.0
10611,-26.0
10612,-26.0
10613,-26.0
10614,-26.0
10615,-26.0
10616,-26.0
10617,-26.0
10618,-26.0
10619,-26.0
10620,-26.0
10621,-26.0
10622,-26.0
10623,-26.0
10624,-26.0
10625,-26.0
10626,-41.0
10627,-26.0
10628,-26.0
10629,-26.0
10630,-26.0
10631,-26.0
10632,-41.0
10633,-26.0
10634,-26.0
10635,-26.0
10636,-26.0
10637,-25.788574
10638,-25.711046
10639,-26.268324
10640,-41.004147
10641,-26.0
10642,-26.0
10643,-26.0
10644,-26.0
10645,-26.0
10646,-26.0
10647,-26.0
10648,-26.0
10649,-26.0
10650,-26.0
10651,-41.0
10652,-41.0
10653,-26.0
10654,-26.0
10655,-26.0
10656,-26.0
10657,-26.0
10658,-26.0
10659,-26.0
10660,-26.0
10661,-26.0
10662,-26.0
10663,-26.0
10664,-26.0
10665,-26.0
10666,-26.0
10667,-26.0
10668,-41.0
10669,-26.0
10670,-26.0
10671,-26.0
10672,-41.0
10673,-26.0
10674,-26.0
10675,-26.0
10676,-26.0
10677,-26.0
10678,-26.0
10679,-26.0
10680,-26.0
10681,-26.0
10682,-26.0
10683,-26.0
10684,-26.0
10685,-26.0
10686,-26.0
10687,-26.0
10688,-26.0
10689,-26.0
10690,-26.0
10691,-26.0
10692,-26.0
10693,-26.0
10694,-26.0
10695,-26.0
10696,-26.0
10697,-26.0
10698,-26.0
10699,-26.0
10700,-26.0
10701,-26.0
10702,-26.0
10703,-26.0
10704,-26.0
10705,-26.0
10706,-26.0
10707,-26.0
10708,-26.0
10709,-26.0
10710,-26.0
10711,-26.0
10712,-26.0
10713,-26.0
10714,-26.0
10715,-26.0
10716,-26.0
10717,-26.0
10718,-26.0
10719,-26.0
10720,-41.0
10721,-41.0
10722,-26.0
10723,-41.0
10724,-26.0
10725,-26.0
10726,-26.0
10727,-41.0
10728,-26.0
10729,-41.0
10730,-26.0
10731,-41.0
10732,-26.0
10733,-26.0
10734,-26.0
10735,-26.0
10736,-41.0
10737,-26.0
10738,-26.0
10739,-26.0
10740,-26.0
10741,-26.0
10742,-26.0
10743,43.46719
10744,48.581116
10745,26.170362
10746,-12.609566
10747,-75.316284
10748,-154.13535
10749,-230.54903
10750,-273.93158
10751,-271.08624
10752,-215.64151
10753,-138.93666
10754,-59.752808
10755,-1.5508254
10756,31.035706
10757,49.878796
10758,54.37262
10759,55.0846
10760,54.548027
10761,53.609436
10762,52.380043
10763,50.871426
10764,49.089443
10765,47.011322
10766,44.58463
10767,41.702656
10768,38.16993
10769,33.709316
10770,27.94263
10771,20.357443
10772,10.312288
10773,-2.9380913
10774,-20.290657
10775,-42.82
10776,-71.75626
10777,-108.27032
10778,-153.18192
10779,-207.04485
10780,-270.14453
10781,-342.3262
10782,-422.23477
10783,0.11398651
10784,-3.9029365
10785,-7.276817
10786,-9.760241
10787,-11.122765
10788,-11.181042
10789,-9.828358
10790,-7.0447693
10791,-7.34256
10792,-13.787026
10793,-16.258698
10794,-18.249603
10795,-19.900288
10796,-36.35167
10797,-22.743101
10798,-24.213467
10799,-25.905367
10800,-27.59539
10801,-42.625317
10802,-41.0
10803,-26.0
10804,-41.0
10805,-26.0
10806,-26.0
10807,-26.0
10808,-26.0
10809,-26.0
10810,-25.42815
10811,-23.548592
10812,-22.144165
10813,-22.23683
10814,-22.1299
10815,-21.660849
10816,-20.713737
10817,-19.520796
10818,-18.621552
10819,-18.296284
10820,-33.7671
10821,-20.244057
10822,-22.633356
10823,-40.44486
10824,-28.055906
10825,-28.26604
10826,-26.0
10827,-41.0
10828,-41.0
10829,-26.0
10830,-26.0
10831,-26.0
10832,-26.0
10833,-26.0
10834,-26.0
10835,-26.0
10836,-26.0
10837,-26.0
10838,-26.0
10839,-26.0
10840,-26.0
10841,-41.0
10842,-26.0
10843,-26.0
10844,-26.0
10845,-26.0
10846,-26.0
10847,-26.0
10848,-26.0
10849,-26.0
10850,-26.0
10851,-26.0
10852,-26.0
10853,-26.0
10854,-26.0
10855,-26.0
10856,-41.0
10857,-26.0
10858,-26.0
10859,-26.0
10860,-26.0
10861,-26.0
10862,-26.0
10863,-26.0
10864,-41.0
10865,-26.0
10866,-26.0
10867,-26.0
10868,-26.0
10869,-26.0
10870,-26.0
10871,-26.0
10872,-26.0
10873,-26.0
10874,-26.0
10875,-26.0
10876,-26.0
10877,-26.0
10878,-26.0
10879,-26.0
10880,-26.0
10881,-26.0
10882,-26.0
10883,-26.0
10884,-26.0
10885,-41.0
10886,-26.0
10887,-26.0
10888,-41.0
10889,-26.0
10890,-26.0
10891,-26.0
10892,-26.0
10893,-26.0
10894,-26.0
10895,-26.0
10896,-26.0
10897,-26.0
10898,-26.0
10899,-26.0
10900,-26.0
10901,-26.0
10902,-26.0
10903,-26.0
10904,-26.0
10905,-26.0
10906,-26.0
10907,-26.0
10908,-26.0
10909,-41.0
10910,-26.0
10911,-26.0
10912,-26.0
10913,-26.0
10914,-26.0
10915,-26.0
10916,-26.0
10917,-26.0
10918,-26.0
10919,-26.0
10920,-26.0
10921,-26.0
10922,-26.0
10923,-26.0
10924,-26.0
10925,-26.0
10926,-41.0
10927,-26.0
10928,-26.0
10929,-26.0
10930,-26.0
10931,-26.0
10932,-26.0
10933,-26.0
10934,-26.0
10935,-41.0
10936,-41.0
10937,-26.0
10938,-26.0
10939,-26.0
10940,-26.0
10941,-26.0
10942,-26.0
10943,-26.0
10944,-26.0
10945,-26.0
10946,-26.0
10947,-26.0
10948,-26.0
10949,-26.0
10950,-41.0
10951,-26.0
10952,-41.0
10953,-26.0
10954,-26.0
10955,-26.0
10956,-26.0
10957,-26.0
10958,-26.0
10959,-26.0
10960,-26.0
10961,-26.0
10962,-26.0
10963,-26.0
10964,-26.0
10965,-26.0
10966,43.467182
10967,48.580536
10968,26.159603
10969,-12.694644
10970,-75.69869
10971,-155.32051
10972,-233.36617
10973,-279.36557
10974,-279.82513
10975,-227.56311
10976,-153.00764
10977,-74.25915
10978,-14.630489
10979,20.638325
10980,42.44132
10981,49.627365
10982,52.535183
10983,53.72184
10984,54.298107
10985,54.65947
10986,54.885284
10987,55.000504
10988,55.011013
10989,54.901237
10990,54.626724
10991,54.09353
10992,53.137318
10993,51.500263
10994,48.802113
10995,44.522385
10996,38.000927
10997,28.411629
10998,14.740858
10999,-4.201446
11000,-29.622377
11001,-62.487648
11002,-103.53249
11003,-153.25598
11004,-211.79309
11005,-278.26862
11006,-350.04852
11007,-423.1846
11008,1.1103967
11009,-16.594994
11010,-3.2898455
11011,-3.7861793
11012,-2.9481642
11013,-0.7032157
11014,-1.0252744
11015,-6.9739747
11016,-24.829308
11017,-12.217088
11018,-14.265101
11019,-16.103218
11020,-32.862232
11021,-19.674313
11022,-21.675877
11023,-24.013605
11024,-26.794746
11025,-43.52608
11026,-27.167463
11027,-26.0
11028,-26.0
11029,-26.0
11030,-26.0
11031,-26.0
11032,-25.459831
11033,-38.16041
11034,-20.768024
11035,-20.73486
11036,-20.74345
11037,-35.56509
11038,-20.032839
11039,-19.028883
11040,-17.77062
11041,-16.774382
11042,-16.317007
11043,-16.619642
11044,-17.888515
11045,-20.036911
11046,-22.597754
11047,-40.2134
11048,-27.52185
11049,-28.160358
11050,-26.534544
11051,-26.0
11052,-26.0
11053,-26.0
11054,-26.0
11055,-26.0
11056,-26.0
11057,-41.0
11058,-26.0
11059,-26.0
11060,-26.0
11061,-26.0
11062,-26.0
11063,-26.0
11064,-26.0
11065,-26.0
11066,-26.0
11067,-26.0
11068,-41.0
11069,-41.0
11070,-26.0
11071,-26.0
11072,-26.0
11073,-26.0
11074,-41.0
11075,-26.0
11076,-41.0
11077,-26.0
11078,-41.0
11079,-26.0
11080,-26.0
11081,-26.0
11082,-26.0
11083,-26.0
11084,-26.0
11085,-26.0
11086,-26.0
11087,-26.0
11088,-40.12501
11089,-23.212053
11090,-23.599327
11091,-25.885384
11092,-27.199778
11093,-41.47002
11094,-26.0
11095,-26.0
11096,-26.0
11097,-26.0
11098,-26.0
11099,-26.0
11100,-26.0
11101,-41.0
11102,-41.0
11103,-26.0
11104,-26.0
11105,-26.0
11106,-26.0
11107,-26.0
11108,-26.0
11109,-26.0
11110,-26.0
11111,-26.0
11112,-26.0
11113,-26.0
11114,-26.0
11115,-26.0
11116,-41.0
11117,-26.0
11118,-26.0
11119,-26.0
11120,-26.0
11121,-26.0
11122,-26.0
11123,-26.0
11124,-26.0
11125,-41.0
11126,-26.0
11127,-26.0
11128,-26.0
11129,-26.0
11130,-26.0
11131,-26.0
11132,-26.0
11133,-26.0
11134,-26.0
11135,-26.0
11136,-26.0
11137,-26.0
11138,-26.0
11139,-26.0
11140,-26.0
11141,-26.0
11142,-26.0
11143,-26.0
11144,-26.0
11145,-26.0
11146,-26.0
11147,-26.0
11148,-26.0
11149,-26.0
11150,-26.0
11151,-26.0
11152,-26.0
11153,-26.0
11154,-26.0
11155,-26.0
11156,-26.0
11157,-41.0
11158,-41.0
11159,-26.0
11160,-41.0
11161,-26.0
11162,-26.0
11163,-26.0
11164,-26.0
11165,-26.0
11166,-41.0
11167,-26.0
11168,-26.0
11169,-41.0
11170,-41.0
11171,-41.0
11172,-26.0
11173,-26.0
11174,-26.0
11175,-26.0
11176,-26.0
11177,-26.0
11178,-41.0
11179,-26.0
11180,-26.0
11181,-26.0
11182,-26.0
11183,-26.0
11184,-41.0
11185,-26.0
11186,-26.0
11187,-26.0
11188,43.467182
11189,48.580463
11190,26.158258
11191,-12.7046585
11192,-75.741005
11193,-155.44427
11194,-233.64737
11195,-279.9012
11196,-280.72092
11197,-228.90123
11198,-154.80605
11199,-76.43513
11200,-17.010138
11201,18.240961
11202,40.11989
11203,47.380676
11204,50.260628
11205,51.235382
11206,51.42175
11207,51.28319
11208,50.897446
11209,50.264267
11210,49.37659
11211,48.230694
11212,46.855217
11213,45.340996
11214,43.826847
11215,42.490044
11216,41.52921
11217,41.118397
11218,41.36571
11219,42.324688
11220,43.984398
11221,46.23881
11222,48.83104
11223,51.371887
11224,53.468395
11225,54.775097
11226,55.018932
11227,54.071526
11228,52.131542
11229,49.78377
11230,47.864567
11231,47.22765
11232,48.41611
11233,51.239883
11234,54.259975
11235,54.178776
11236,51.01752
11237,53.276302
11238,54.235313
11239,54.672947
11240,54.871906
11241,54.967834
11242,55.011845
11243,54.991932
11244,54.815025
11245,54.251312
11246,52.8715
11247,50.225563
11248,46.457302
11249,42.534206
11250,40.03687
11251,40.464954
11252,43.819263
11253,48.25933
11254,51.97884
11255,54.11749
11256,54.865044
11257,54.97012
11258,54.94933
11259,54.93559
11260,54.910122
11261,54.80928
11262,54.554615
11263,54.19053
11264,53.955734
11265,54.15938
11266,54.787106
11267,54.99738
11268,53.422245
11269,49.112915
11270,42.050423
11271,33.22686
11272,23.889608
11273,14.422396
11274,4.5884104
11275,-6.228293
11276,-18.897911
11277,-34.045704
11278,-51.5238
11279,-70.810165
11280,-91.140465
11281,-111.50365
11282,-130.66408
11283,-147.21019
11284,-159.63158
11285,-166.42879
11286,-158.36462
11287,-135.21872
11288,-125.731155
11289,-126.40346
11290,-135.20663
11291,-150.54283
11292,-170.84709
11293,-194.30417
11294,-218.68153
11295,-241.28212
11296,-259.3966
11297,-272.4539
11298,-283.50848
11299,-296.6462
11300,-316.2756
11301,-346.61276
11302,-387.92026
11303,-433.05167
11304,2.8179867
11305,2.2078936
11306,3.2385824
11307,-9.334522
11308,-396.49747
11309,-344.7592
11310,-304.39597
11311,-283.70602
11312,-284.70676
11313,-301.9912
11314,-329.14758
11315,-359.41248
11316,-385.67413
11317,-403.6153
11318,-414.19284
11319,-419.806
11320,-423.03384
11321,-426.43057
11322,-432.0166
11323,-441.00833
11324,4.2327724
11325,3.1660843
11326,1.7668729
11327,0.065961346
11328,-1.808618
11329,-18.70758
11330,-5.453968
11331,-21.873676
11332,-7.8065577
11333,-8.118806
11334,-7.711849
11335,-6.5251966
11336,-6.145979
11337,-8.104087
11338,-9.487126
11339,-10.987688
11340,-12.49908
11341,-13.902071
11342,-15.066637
11343,-15.856479
11344,-16.13658
11345,-15.783438
11346,-14.724685
11347,-13.068476
11348,-11.079679
11349,-8.905457
11350,-6.6359005
11351,-4.362523
11352,-2.245049
11353,-15.518844
11354,-14.403845
11355,0.8603413
11356,0.062083773
11357,-1.6688995
11358,-3.7200031
11359,-5.484401
11360,-6.359923
11361,-5.8673096
11362,-4.1592183
11363,-2.035023
11364,-0.023282457
11365,1.4915981
11366,2.1679242
11367,1.8958244
11368,0.86003315
11369,-0.8172157
11370,-3.031451
11371,-5.652533
11372,-8.471388
11373,-11.173653
11374,-13.432664
11375,-29.923079
11376,-15.391696
11377,-14.92373
11378,-13.965837
11379,-27.82135
11380,-11.696272
11381,-10.767433
11382,-10.204171
11383,-10.185016
11384,-10.91036
11385,-12.616035
11386,-11.321183
11387,-5.0529437
11388,-18.60488
11389,-17.622532
11390,-2.1181715
11391,-2.0502996
11392,-2.3482668
11393,-2.923049
11394,-3.6720834
11395,-4.4822054
11396,-5.260827
11397,-6.0741944
11398,-7.1873913
11399,-23.830479
11400,-11.229924
11401,-29.568394
11402,-18.57557
11403,-22.28366
11404,-24.687464
11405,-24.812445
11406,-22.168703
11407,-17.96654
11408,-14.463305
11409,-12.488944
11410,-12.513425
11411,-15.172494
11412,-20.463583
11413,-42.20727
11414,-30.992336
11415,-27.505648
11416,-41.0
11417,-26.0
11418,-26.0
11419,-26.0
11420,-26.0
11421,-26.0
11422,-26.0
11423,-26.0
11424,-26.0
11425,-26.0
11426,-26.0
11427,-26.0
11428,-26.0
11429,-26.0
11430,-26.0
11431,-26.0
11432,-26.0
11433,-26.0
11434,-26.0
11435,-41.0
11436,-26.0
11437,-23.217009
11438,-17.536829
11439,-18.100197
11440,-22.443941
11441,-27.76779
11442,-29.75361
11443,-26.0
11444,-41.0
11445,-26.0
11446,-26.0
11447,-26.0
11448,-26.0
11449,-26.0
11450,-26.0
11451,-41.0
11452,-26.0
11453,-26.0
11454,-26.0
11455,-26.0
11456,-26.0
11457,-26.0
11458,-41.0
11459,-26.0
11460,-41.0
11461,-26.0
11462,-26.0
11463,-26.0
11464,-26.0
11465,-26.0
11466,-26.0
11467,-26.0
11468,-26.0
11469,-26.0
11470,-26.0
11471,-26.0
11472,-26.0
11473,-26.0
11474,-26.0
11475,-26.0
11476,-26.0
11477,-26.0
11478,-26.0
11479,-26.0
11480,43.467182
11481,48.580463
11482,26.158192
11483,-12.705856
11484,-75.74902
11485,-155.47713
11486,-233.7423
11487,-280.11777
11488,-281.13528
11489,-229.58273
11490,-155.78143
11491,-77.657265
11492,-18.360987
11493,16.88704
11494,38.81683
11495,46.10585
11496,48.92051
11497,49.684498
11498,49.505623
11499,48.859276
11500,47.798504
11501,46.286068
11502,44.280365
11503,41.74919
11504,38.71038
11505,35.275433
11506,31.632954
11507,28.039814
11508,24.803967
11509,22.226511
11510,20.546244
11511,19.962353
11512,20.628305
11513,22.61151
11514,25.787155
11515,29.809254
11516,34.285446
11517,38.844986
11518,43.14122
11519,46.800926
11520,49.498837
11521,51.14708
11522,51.800827
11523,51.4141
11524,49.492985
11525,44.64535
11526,34.027344
11527,12.6866665
11528,-7.7437677
11529,-2.5599465
11530,-1.0720685
11531,-2.0413516
11532,-4.8420486
11533,-8.893838
11534,-13.575793
11535,-18.180105
11536,-21.904257
11537,-23.88354
11538,-23.44539
11539,-21.100037
11540,-18.997375
11541,-19.530365
11542,-25.211325
11543,-38.960995
11544,-63.021248
11545,-97.0931
11546,-139.12355
11547,-185.17722
11548,-229.7617
11549,-269.00507
11550,-303.73373
11551,-336.6544
11552,-371.20984
11553,-410.99872
11554,-457.07858
11555,-505.66895
11556,-551.1161
11557,-586.95215
11558,-606.9506
11559,-609.18335
11560,-598.47565
11561,-581.2846
11562,-563.92163
11563,-551.9049
11564,-547.64813
11565,-549.2633
11566,-554.0118
11567,-559.1661
11568,-562.21155
11569,-562.12616
11570,-560.1587
11571,-558.0493
11572,-557.52405
11573,-560.3109
11574,-568.1729
11575,-582.9671
11576,-606.7282
11577,-641.7754
11578,2.875499
11579,-1.2116457
11580,-3.8832793
11581,-5.7479863
11582,-6.979353
11583,-7.749165
11584,-8.228077
11585,-8.586012
11586,-8.99247
11587,-9.616631
11588,-10.599091
11589,-11.916339
11590,-13.319291
11591,-14.543782
11592,-15.334967
11593,-15.489232
11594,-15.099147
11595,-14.661822
11596,-14.698221
11597,-15.713108
11598,-18.13502
11599,-21.935244
11600,-26.451654
11601,-30.980656
11602,-34.852474
11603,-37.483818
11604,-38.7276
11605,-39.022717
11606,-38.8316
11607,-38.582436
11608,-38.659588
11609,-39.22905
11610,-40.162704
11611,-41.314816
11612,-42.551456
11613,-43.744747
11614,-44.800343
11615,-45.66946
11616,-46.307655
11617,-46.670452
11618,-46.72481
11619,-46.495403
11620,-46.087482
11621,-45.627644
11622,-45.261753
11623,-45.13405
11624,-45.38179
11625,-46.13163
11626,-47.498287
11627,-49.58447
11628,-51.353146
11629,-51.47107
11630,-51.595325
11631,-51.59379
11632,-51.565014
11633,-51.610966
11634,-51.837593
11635,-52.35474
11636,-53.2757
11637,-54.71673
11638,-56.779835
11639,-59.471592
11640,-62.66744
11641,-66.237625
11642,-70.05929
11643,-74.000725
11644,-77.876015
11645,-81.4251
11646,-84.3853
11647,-86.497955
11648,-87.55744
11649,-87.66513
11650,-87.337776
11651,-87.1086
11652,-87.49096
11653,-88.931145
11654,-91.4844
11655,-94.675385
11656,-98.00722
11657,-101.00836
11658,-103.248634
11659,-104.53661
11660,-105.003944
11661,-104.79532
11662,-104.04049
11663,-102.87742
11664,-101.49052
11665,-100.12627
11666,-99.03169
11667,-98.44835
11668,-98.58554
11669,-99.47892
11670,-100.929504
11671,-102.72633
11672,-104.66737
11673,-106.54971
11674,-108.17084
11675,-109.329346
11676,-109.82481
11677,-109.457016
11678,-110.672165
11679,-115.55999
11680,-118.512856
11681,-120.632965
11682,-122.03276
11683,-122.826355
11684,-123.129456
11685,-123.059326
11686,-122.734406
11687,-122.273994
11688,-121.77742
11689,-121.22386
11690,-120.42981
11691,-119.206
11692,-117.371346
11693,-114.79749
11694,-111.66376
11695,-108.56586
11696,-106.11466
11697,-104.900665
11698,-105.40797
11699,-107.500015
11700,-110.19898
11701,-112.49435
11702,-113.41559
11703,-112.121155
11704,-108.51924
11705,-103.532646
11706,-103.12309
11707,-93.20338
11708,-89.59241
11709,-87.56641
11710,-86.66733
11711,-86.408745
11712,-86.339066
11713,-86.04631
11714,-85.34967
11715,-84.38159
11716,-83.28547
11717,-82.18649
11718,-81.19162
11719,-80.31958
11720,-79.47129
11721,-78.54348
11722,-77.43944
11723,-76.063774
11724,-74.32246
11725,-72.12285
11726,-69.37358
11727,-65.98446
11728,-66.88883
11729,-79.91544
11730,-77.106926
11731,-76.40863
11732,-73.38221
11733,-68.58608
11734,-67.57695
11735,-60.909943
11736,-54.137764
11737,-47.809708
11738,-42.42048
11739,-33.16469
11740,-29.83256
11741,-27.196562
11742,-25.047737
11743,-23.205757
11744,-21.657198
11745,-20.61633
11746,-20.310217
11747,-20.957142
11748,-22.718563
11749,-25.41818
11750,-28.414742
11751,-31.037796
11752,-32.637
11753,-32.641155
11754,-30.929955
11755,-27.994446
11756,-24.354832
11757,-20.501312
11758,-16.89716
11759,-13.8613205
11760,-11.517865
11761,-9.980997
11762,-9.3740225
11763,-9.779185
11764,-11.03389
11765,-12.637298
11766,-14.064468
11767,-14.803599
11768,-14.406329
11769,-12.789057
11770,-10.364703
11771,-7.573447
11772,-4.8318353
11773,-2.5548716
11774,-1.15772
11775,-1.0576923
11776,-2.6766512
11777,-6.442508
11778,-8.727794
11779,-5.140398
11780,-2.1996162
11781,0.86499685
11782,3.9146876
11783,-634.2411
11784,-573.1678
11785,-523.69434
11786,-487.63602
11787,-466.7347
11788,-462.79544
11789,-477.04367
11790,-509.7332
11791,-561.5399
11792,-633.8258
11793,1.7594244
11794,-2.6425934
11795,-6.8104634
11796,-10.092652
11797,-11.8538065
11798,-11.559531
11799,-9.2352085
11800,-5.664708
11801,-1.6710087
11802,1.9619087
11803,4.5295887
11804,-652.8539
11805,-642.5234
11806,-647.9974
11807,-660.6642
11808,4.602245
11809,4.371382
11810,4.3016343
11811,4.280332
11812,4.2044783
11813,3.9825935
11814,3.5904136
11815,3.0965075
11816,2.5764635
11817,2.1023445
11818,1.7360214
11819,1.4799644
11820,1.2546817
11821,0.9747027
11822,0.55778515
11823,-0.07839736
11824,-1.0163528
11825,-2.3387663
11826,-4.1285567
11827,-6.468902
11828,-8.399644
11829,-9.046974
11830,-10.530352
11831,-12.395993
11832,-14.53079
11833,-16.82123
11834,-19.153347
11835,-21.412888
11836,-23.48548
11837,-25.256887
11838,-26.629202
11839,-27.598438
11840,-28.288885
11841,-28.834093
11842,-29.372211
11843,-30.054558
11844,-31.01065
11845,-32.32818
11846,-34.10554
11847,-36.45188
11848,-39.469738
11849,-43.207508
11850,-47.627647
11851,-52.64929
11852,-63.153355
11853,-68.99502
11854,-75.05819
11855,-81.28788
11856,-87.63441
11857,-94.05419
11858,-100.515816
11859,-106.99714
11860,-113.50606
11861,-120.1698
11862,-127.20428
11863,-134.69572
11864,-142.55103
11865,-150.49507
11866,-158.24605
11867,-165.53517
11868,-172.13783
11869,-178.0588
11870,-183.60414
11871,-189.0777
11872,-194.7627
11873,-200.92113
11874,-207.81015
11875,-215.69315
11876,-224.84479
11877,-235.55222
11878,-245.00974
11879,-250.56851
11880,-258.2816
11881,-266.77866
11882,-275.77304
11883,-284.98395
11884,-294.1352
11885,-302.95435
11886,-311.17163
11887,-318.51953
11888,-324.77615
11889,-329.9781
11890,-329.51312
11891,-333.78784
11892,-338.19427
11893,-343.07007
11894,-353.43243
11895,-358.8619
11896,-363.91672
11897,-363.17508
11898,-366.27457
11899,-368.19324
11900,-369.3967
11901,-370.477
11902,-372.0715
11903,-374.65488
11904,-378.38568
11905,-383.05652
11906,-393.4362
11907,-399.29214
11908,-405.38712
11909,-411.62158
11910,-417.61118
11911,43.467182
11912,48.580463
11913,26.158192
11914,-12.705856
11915,-75.74902
11916,-155.47713
11917,-233.7423
11918,-280.11777
11919,-281.13452
11920,-229.57741
11921,-155.75908
11922,-77.60144
11923,-18.261349
11924,17.028086
11925,38.993362
11926,46.318615
11927,49.185776
11928,50.037495
11929,49.994503
11930,49.539078
11931,48.738937
11932,47.575703
11933,46.027092
11934,44.07898
11935,41.761524
11936,39.186897
11937,36.53189
11938,34.027733
11939,31.941795
11940,30.523596
11941,29.954815
11942,30.367836
11943,31.837973
11944,34.34665
11945,37.697132
11946,41.5071
11947,45.367676
11948,48.906307
11949,51.80187
11950,53.790913
11951,54.79295
11952,55.04159
11953,54.967358
11954,54.947685
11955,54.953335
11956,54.09089
11957,50.04191
11958,38.399162
11959,25.635284
11960,29.847376
11961,31.406631
11962,31.314121
11963,30.007423
11964,27.853815
11965,25.239908
11966,22.622555
11967,20.539402
11968,19.580612
11969,20.198057
11970,22.027847
11971,23.630701
11972,23.465202
11973,19.883747
11974,10.731201
11975,-6.0989947
11976,-31.118954
11977,-63.286957
11978,-99.65807
11979,-135.61407
11980,-167.60246
11981,-195.95705
11982,-222.70813
11983,-250.61177
11984,-282.63135
11985,-319.6115
11986,-358.24878
11987,-393.58096
11988,-419.9353
11989,-431.92245
11990,-428.00482
11991,-412.55356
11992,-391.29776
11993,-369.69827
11994,-352.35306
11995,-341.13583
11996,-334.3816
11997,-329.81625
11998,-325.26047
11999,-318.78882
12000,-309.7137
12001,-299.11655
12002,-288.39914
12003,-278.87955
12004,-271.80484
12005,-268.38263
12006,-269.84045
12007,-277.50848
12008,-292.9286
12009,-328.32706
12010,-388.1746
12011,-432.13605
12012,-461.31378
12013,-477.774
12014,-484.41333
12015,-484.57358
12016,-481.76874
12017,-479.53143
12018,-481.3717
12019,-490.36002
12020,-506.77618
12021,-526.48785
12022,-544.12866
12023,-554.0288
12024,-551.37714
12025,-537.22986
12026,-521.0668
12027,-513.7229
12028,-525.87024
12029,-567.88385
12030,-643.8893
12031,0.99720633
12032,-3.383342
12033,-7.1503673
12034,-9.715763
12035,-10.924894
12036,-11.208554
12037,-11.028603
12038,-10.8132305
12039,-10.944973
12040,-11.586494
12041,-12.603639
12042,-13.838158
12043,-15.141561
12044,-16.37171
12045,-17.421045
12046,-18.229263
12047,-18.742744
12048,-18.909573
12049,-18.690548
12050,-18.105131
12051,-17.254503
12052,-16.263147
12053,-15.276207
12054,-14.438697
12055,-13.889805
12056,-13.759287
12057,-14.165797
12058,-15.216805
12059,-15.89786
12060,-14.889288
12061,-13.809345
12062,-12.550267
12063,-11.215677
12064,-9.912537
12065,-8.7516775
12066,-7.8477244
12067,-7.3187866
12068,-7.286047
12069,-7.8569813
12070,-9.045758
12071,-10.736592
12072,-12.805402
12073,-15.133602
12074,-17.592745
12075,-19.998991
12076,-22.092756
12077,-23.609392
12078,-24.287899
12079,-23.92044
12080,-22.602585
12081,-20.842499
12082,-19.16997
12083,-18.09643
12084,-18.06873
12085,-19.15214
12086,-20.886982
12087,-22.781044
12088,-24.363462
12089,-25.204123
12090,-25.109123
12091,-24.206696
12092,-22.643377
12093,-20.551683
12094,-18.071768
12095,-15.388733
12096,-12.748348
12097,-10.397427
12098,-8.577436
12099,-7.4989166
12100,-7.2040563
12101,-7.504937
12102,-8.197456
12103,-9.085798
12104,-9.973803
12105,-10.665571
12106,-10.9661045
12107,-10.681611
12108,-9.619817
12109,-10.162108
12110,-14.406668
12111,-16.957466
12112,-18.773455
12113,-19.973446
12114,-20.675617
12115,-20.997845
12116,-21.057735
12117,-20.972778
12118,-20.860352
12119,-20.81752
12120,-20.822878
12121,-20.692995
12122,-20.235243
12123,-19.264156
12124,-17.646723
12125,-15.552997
12126,-13.565603
12127,-12.289374
12128,-12.312455
12129,-14.1228075
12130,-17.604317
12131,-21.801573
12132,-25.698536
12133,-28.31283
12134,-28.793718
12135,-27.036737
12136,-23.94816
12137,-20.482248
12138,-17.542662
12139,-15.938949
12140,-15.95102
12141,-17.134527
12142,-19.000696
12143,-21.088554
12144,-22.97472
12145,-24.464256
12146,-25.675701
12147,-26.746387
12148,-27.800554
12149,-28.948019
12150,-30.213402
12151,-31.50472
12152,-32.723732
12153,-33.777588
12154,-34.573685
12155,-35.019596
12156,-35.023193
12157,-34.49258
12158,-33.33609
12159,-36.437912
12160,-51.655262
12161,-56.145435
12162,-52.726894
12163,-51.96713
12164,-49.425037
12165,-45.6549
12166,-41.207764
12167,-36.631275
12168,-32.470234
12169,-29.216583
12170,-27.064693
12171,-25.805155
12172,-25.208662
12173,-25.062859
12174,-25.181993
12175,-25.545536
12176,-26.360714
12177,-27.847822
12178,-30.218178
12179,-33.62629
12180,-37.88767
12181,-42.352123
12182,-46.34387
12183,-49.20973
12184,-50.377205
12185,-49.72753
12186,-47.756012
12187,-44.985367
12188,-41.90759
12189,-38.98586
12190,-36.535442
12191,-34.673798
12192,-33.509422
12193,-33.16096
12194,-33.70612
12195,-34.97612
12196,-36.464363
12197,-37.646885
12198,-38.015915
12199,-37.12846
12200,-34.909573
12201,-31.782888
12202,-28.195091
12203,-24.568758
12204,-21.32548
12205,-18.886711
12206,-17.675186
12207,-18.116617
12208,-20.641323
12209,-21.59013
12210,-16.58281
12211,-12.234299
12212,-7.7293234
12213,-3.2129064
12214,1.1707598
12215,5.2782235
12216,-587.7577
12217,-516.4757
12218,-463.27646
12219,-428.7026
12220,-412.44586
12221,-413.2038
12222,-430.17886
12223,-463.35245
12224,-512.65045
12225,-573.934
12226,-635.2685
12227,4.006722
12228,3.7323565
12229,-658.9959
12230,-579.13354
12231,-475.29904
12232,-374.98212
12233,-284.83
12234,-214.12169
12235,-172.62059
12236,-147.67542
12237,-132.38487
12238,-121.3888
12239,-110.42482
12240,-97.515175
12241,-83.517204
12242,-69.710815
12243,-57.155376
12244,-46.61077
12245,-38.174706
12246,-31.195383
12247,-24.970158
12248,-18.895504
12249,-12.521377
12250,-5.8485146
12251,0.58852375
12252,6.252207
12253,10.720557
12254,13.649431
12255,14.710435
12256,13.499572
12257,9.420783
12258,1.540303
12259,-5.2949095
12260,-4.734898
12261,-8.161318
12262,-14.871846
12263,-24.442924
12264,-36.38418
12265,-50.019413
12266,-64.41891
12267,-78.38202
12268,-90.47076
12269,-99.24302
12270,-104.15091
12271,-106.14307
12272,-106.6127
12273,-107.10042
12274,-109.3056
12275,-114.80116
12276,-124.88065
12277,-141.14375
12278,-165.75365
12279,-201.498
12280,-251.38068
12281,-317.96564
12282,-403.35022
12283,-513.76245
12284,-639.2056
12285,-5.627073
12286,-11.776788
12287,-18.053288
12288,-24.406061
12289,-30.797316
12290,-37.20036
12291,-43.619793
12292,-50.180775
12293,-57.10177
12294,-64.47702
12295,-72.22265
12296,-80.071785
12297,-87.749115
12298,-94.99187
12299,-101.581085
12300,-107.52708
12301,-113.137474
12302,-118.69863
12303,-124.460335
12304,-130.66672
12305,-137.56764
12306,-145.43076
12307,-154.55675
12308,-165.26924
12309,-174.7659
12310,-180.40294
12311,-188.29102
12312,-197.03229
12313,-206.34125
12314,-215.93675
12315,-225.54132
12316,-234.88036
12317,-243.68172
12318,-251.67491
12319,-258.63528
12320,-264.5976
12321,-269.94775
12322,-275.08734
12323,-280.40198
12324,-286.22235
12325,-292.55713
12326,-298.9774
12327,-305.0351
12328,-310.30365
12329,-309.4163
12330,-312.34894
12331,-314.5634
12332,-316.63943
12333,-319.19437
12334,-322.67773
12335,-327.22092
12336,-337.59033
12337,-343.53378
12338,-349.80283
12339,-356.1497
12340,-362.46942
12341,-368.87094
12342,-375.47183
12343,-382.3857
12344,-389.70853
12345,-397.3785
12346,-405.1136
12347,-412.63138
12348,-418.58176
12349,-415.5398
12350,-415.0
12351,-415.0
12352,43.467182
12353,48.580463
12354,26.158192
12355,-12.705856
12356,-75.74902
12357,-155.47713
12358,-233.7423
12359,-280.11777
12360,-281.13528
12361,-229.58273
12362,-155.78143
12363,-77.657265
12364,-18.360987
12365,16.88704
12366,38.81683
12367,46.10585
12368,48.92051
12369,49.684498
12370,49.505623
12371,48.859276
12372,47.798504
12373,46.286068
12374,44.280365
12375,41.74919
12376,38.71038
12377,35.275433
12378,31.632954
12379,28.039814
12380,24.803967
12381,22.226511
12382,20.546244
12383,19.962353
12384,20.628305
12385,22.611355
12386,25.78633
12387,29.805218
12388,34.273846
12389,38.81994
12390,43.09736
12391,46.735313
12392,49.410664
12393,51.034264
12394,51.652454
12395,51.19797
12396,49.13839
12397,44.02192
12398,32.921703
12399,10.779447
12400,-10.505533
12401,-5.652323
12402,-4.5682044
12403,-6.015041
12404,-9.362693
12405,-14.016172
12406,-19.329382
12407,-24.55991
12408,-28.862236
12409,-31.32162
12410,-31.219536
12411,-29.073618
12412,-27.133545
12413,-27.926725
12414,-34.11184
12415,-48.74517
12416,-74.10019
12417,-109.74617
12418,-153.4523
12419,-201.09962
12420,-247.02641
12421,-287.28528
12422,-322.7653
12423,-356.2659
12424,-391.32056
12425,-431.60263
12426,-478.17358
12427,-527.16046
12428,-572.8052
12429,-608.5489
12430,-628.10266
12431,-629.5509
12432,-617.82886
12433,-599.5104
12434,-581.00916
12435,-567.9216
12436,-562.6866
12437,-563.3822
12438,-567.2302
12439,-571.47015
12440,-573.567
12441,-572.4977
12442,-569.5313
12443,-566.4258
12444,-564.9209
12445,-566.75183
12446,-573.68353
12447,-587.5695
12448,-610.43604
12449,-644.5887
12450,2.8047316
12451,-1.2416785
12452,-3.8731658
12453,-5.698661
12454,-6.891696
12455,-7.6240807
12456,-8.066455
12457,-8.388742
12458,-8.760307
12459,-9.349994
12460,-10.298388
12461,-11.582334
12462,-12.953471
12463,-14.148441
12464,-14.91337
12465,-15.045482
12466,-14.63793
12467,-14.188221
12468,-14.217726
12469,-15.231482
12470,-17.6582
12471,-21.469051
12472,-26.001495
12473,-30.551046
12474,-34.446617
12475,-37.10324
12476,-38.371902
12477,-38.68959
12478,-38.517117
12479,-38.28113
12480,-38.364758
12481,-38.932964
12482,-39.856873
12483,-40.990147
12484,-42.19846
12485,-43.35373
12486,-44.361557
12487,-45.17326
12488,-45.744568
12489,-46.031315
12490,-46.000843
12491,-45.67824
12492,-45.169266
12493,-44.60098
12494,-44.1198
12495,-43.87052
12496,-43.990917
12497,-44.60823
12498,-45.83773
12499,-47.782692
12500,-49.40726
12501,-49.37913
12502,-49.354237
12503,-49.201626
12504,-49.02026
12505,-48.912533
12506,-48.98479
12507,-49.347275
12508,-50.113625
12509,-51.40048
12510,-53.31024
12511,-55.84993
12512,-58.895477
12513,-62.31751
12514,-65.993416
12515,-69.79177
12516,-73.52686
12517,-76.93888
12518,-79.764854
12519,-81.74507
12520,-82.672104
12521,-82.644806
12522,-82.17734
12523,-81.80051
12524,-82.02558
12525,-83.29701
12526,-85.66793
12527,-88.659256
12528,-91.768196
12529,-94.5162
12530,-96.46617
12531,-97.42029
12532,-97.50491
12533,-96.86074
12534,-95.614685
12535,-93.90321
12536,-91.910126
12537,-89.88227
12538,-88.06787
12539,-86.71029
12540,-86.02137
12541,-86.04006
12542,-86.57211
12543,-87.41358
12544,-88.37141
12545,-89.25306
12546,-89.8667
12547,-90.02135
12548,-89.5269
12549,-88.194244
12550,-88.47697
12551,-92.4758
12552,-94.60448
12553,-95.966034
12554,-96.68038
12555,-96.86755
12556,-96.64758
12557,-96.14054
12558,-95.466446
12559,-94.74532
12560,-94.0763
12561,-93.437805
12562,-92.644684
12563,-91.50496
12564,-89.83425
12565,-87.50114
12566,-84.682526
12567,-81.97294
12568,-79.98275
12569,-79.30263
12570,-80.417206
12571,-83.19168
12572,-86.64947
12573,-89.77797
12574,-91.60397
12575,-91.28405
12576,-88.724266
12577,-84.84487
12578,-80.604836
12579,-76.9133
12580,-74.58531
12581,-73.89443
12582,-74.38038
12583,-75.55259
12584,-76.95442
12585,-78.16829
12586,-79.007675
12587,-79.59962
12588,-80.084
12589,-80.585884
12590,-81.2153
12591,-81.995674
12592,-82.833084
12593,-83.62871
12594,-84.28935
12595,-84.72163
12596,-84.83222
12597,-84.52779
12598,-83.71504
12599,-82.30066
12600,-85.22851
12601,-100.32231
12602,-104.57536
12603,-100.96252
12604,-100.03792
12605,-97.35322
12606,-93.45896
12607,-88.905106
12608,-84.24104
12609,-80.01556
12610,-76.72506
12611,-74.56406
12612,-73.318565
12613,-72.75839
12614,-72.67244
12615,-72.87855
12616,-73.36384
12617,-74.345116
12618,-76.04897
12619,-78.691376
12620,-82.429375
12621,-87.076645
12622,-91.980194
12623,-96.467514
12624,-99.888435
12625,-101.671585
12626,-101.69933
12627,-100.46785
12628,-98.49664
12629,-96.27412
12630,-94.25957
12631,-92.76239
12632,-91.89197
12633,-91.74966
12634,-92.44696
12635,-94.0537
12636,-96.390076
12637,-98.93753
12638,-101.16567
12639,-102.561966
12640,-102.67929
12641,-101.44214
12642,-99.27696
12643,-96.63054
12644,-93.926254
12645,-91.587814
12646,-90.0395
12647,-89.70606
12648,-91.01302
12649,-94.386665
12650,-96.081154
12651,-91.68882
12652,-88.0347
12653,-84.19629
12654,-80.319595
12655,-76.55034
12656,-73.03398
12657,-69.91573
12658,-67.34053
12659,-65.45319
12660,-64.38608
12661,-64.19916
12662,-64.85431
12663,-66.308975
12664,-68.52479
12665,-71.42301
12666,-74.69135
12667,-77.700386
12668,-79.80691
12669,-80.382965
12670,-78.89872
12671,-75.38987
12672,-70.656845
12673,-70.52926
12674,-60.79842
12675,-57.175407
12676,-54.913567
12677,-53.646507
12678,-52.981358
12679,-52.553375
12680,-52.029045
12681,-51.260002
12682,-50.349632
12683,-49.412334
12684,-48.55048
12685,-47.854355
12686,-47.345173
12687,-46.950394
12688,-46.593147
12689,-46.200966
12690,-45.71192
12691,-45.12491
12692,-44.521595
12693,-43.987587
12694,-43.604774
12695,-43.45523
12696,-43.62108
12697,-44.18463
12698,-45.228336
12699,-46.83481
12700,-48.02261
12701,-47.92074
12702,-48.70696
12703,-49.88445
12704,-51.340576
12705,-52.96257
12706,-54.637596
12707,-56.252754
12708,-57.69517
12709,-58.852016
12710,-59.6268
12711,-60.017544
12712,-60.150696
12713,-60.160393
12714,-60.185036
12715,-60.37614
12716,-60.862896
12717,-61.73224
12718,-63.08218
12719,-65.021484
12720,-67.652145
12721,-71.02179
12722,-75.09206
12723,-79.78191
12724,-89.97233
12725,-95.51878
12726,-101.30573
12727,-107.27858
12728,-113.38757
12729,-119.5889
12730,-125.8508
12731,-132.15068
12732,-138.4961
12733,-145.01485
12734,-151.92583
12735,-159.32079
12736,-167.1135
12737,-175.03566
12738,-182.81133
12739,-190.17604
12740,-196.90826
12741,-203.01727
12742,-208.82611
12743,-214.65634
12744,-220.7803
12745,-227.45273
12746,-234.9276
12747,-243.4666
12748,-253.34315
12749,-264.84326
12750,-275.16916
12751,-281.6738
12752,-290.3816
12753,-299.9369
12754,-310.05057
12755,-320.4391
12756,-330.82318
12757,-340.92697
12758,-350.4773
12759,-359.20285
12760,-366.8778
12761,-373.53375
12762,-379.5524
12763,-385.33582
12764,-391.27176
12765,-397.69385
12766,-404.61743
12767,-411.6219
12768,-417.81174
12769,-415.69952
12770,-415.0
12771,43.467182
12772,48.580463
12773,26.158192
12774,-12.705856
12775,-75.74902
12776,-155.47713
12777,-233.7423
12778,-280.11777
12779,-281.13528
12780,-229.58273
12781,-155.78143
12782,-77.657265
12783,-18.360987
12784,16.88704
12785,38.81683
12786,46.10585
12787,48.92051
12788,49.684498
12789,49.505623
12790,48.859276
12791,47.798523
12792,46.286213
12793,44.281963
12794,41.75822
12795,38.743496
12796,35.367188
12797,31.841955
12798,28.450884
12799,25.526068
12800,23.384726
12801,22.269627
12802,22.367455
12803,23.797743
12804,26.571081
12805,30.489319
12806,35.130238
12807,40.02535
12808,44.72976
12809,48.83575
12810,51.96522
12811,53.90378
12812,54.786674
12813,55.011173
12814,55.00674
12815,54.900154
12816,54.074623
12817,50.622936
12818,40.695084
12819,30.424942
12820,35.88138
12821,38.783978
12822,40.247025
12823,40.78089
12824,40.766083
12825,40.53566
12826,40.419537
12827,40.750877
12828,41.834053
12829,43.80471
12830,46.261276
12831,48.334755
12832,49.407978
12833,49.01908
12834,46.330566
12835,39.963013
12836,28.870596
12837,12.999108
12838,-6.138773
12839,-25.546318
12840,-42.687412
12841,-57.640594
12842,-71.75396
12843,-86.95147
12844,-105.370155
12845,-127.763695
12846,-151.9903
12847,-174.60498
12848,-191.50427
12849,-198.71089
12850,-195.07814
12851,-183.81744
12852,-169.10017
12853,-154.80122
12854,-144.0703
12855,-138.10472
12856,-135.67192
12857,-135.15796
12858,-135.01358
12859,-133.84174
12860,-131.09953
12861,-127.50268
12862,-124.009926
12863,-121.54303
12864,-121.00294
12865,-123.30863
12866,-129.45874
12867,-140.61813
12868,-158.22824
12869,-192.4414
12870,-248.04774
12871,-292.24384
12872,-325.0399
12873,-347.5654
12874,-361.9029
12875,-370.70364
12876,-376.92197
12877,-383.65747
12878,-394.11697
12879,-411.2314
12880,-435.44247
12881,-463.03656
12882,-488.96024
12883,-507.679
12884,-514.3163
12885,-509.59607
12886,-502.57648
12887,-503.9412
12888,-524.53827
12889,-575.2173
12890,-660.71497
12891,-0.15081276
12892,-4.8926325
12893,-9.007403
12894,-11.904299
12895,-13.426116
12896,-14.00168
12897,-14.090484
12898,-14.118795
12899,-14.469097
12900,-15.3066845
12901,-16.501442
12902,-17.899584
12903,-19.356657
12904,-20.733992
12905,-21.926796
12906,-22.876907
12907,-23.532309
12908,-23.843027
12909,-23.772049
12910,-23.341154
12911,-22.653276
12912,-21.833555
12913,-21.026253
12914,-20.374033
12915,-20.012873
12916,-20.06886
12917,-20.65698
12918,-21.880922
12919,-22.717754
12920,-21.841558
12921,-20.878014
12922,-19.711014
12923,-18.441334
12924,-17.173758
12925,-16.017546
12926,-15.08635
12927,-14.497837
12928,-14.373126
12929,-14.819969
12930,-15.852658
12931,-17.355656
12932,-19.206173
12933,-21.287434
12934,-23.473732
12935,-25.585484
12936,-27.36919
12937,-28.567366
12938,-28.926348
12939,-28.245237
12940,-26.62635
12941,-24.58384
12942,-22.651806
12943,-21.344994
12944,-21.112549
12945,-22.0207
12946,-23.61006
12947,-25.389118
12948,-26.887491
12949,-27.675035
12950,-27.557375
12951,-26.660997
12952,-25.127804
12953,-23.0831
12954,-20.658579
12955,-18.030611
12956,-15.436823
12957,-13.116635
12958,-11.305189
12959,-10.207765
12960,-9.862003
12961,-10.076347
12962,-10.644561
12963,-11.369817
12964,-12.055804
12965,-12.507201
12966,-12.530146
12967,-11.932392
12968,-10.523648
12969,-10.688664
12970,-14.52524
12971,-16.637756
12972,-17.991014
12973,-18.70604
12974,-18.903336
12975,-18.703056
12976,-18.225069
12977,-17.589052
12978,-16.914526
12979,-16.300543
12980,-15.727851
12981,-15.015523
12982,-13.973136
12983,-12.417377
12984,-10.217168
12985,-7.54305
12986,-4.9761333
12987,-3.1203282
12988,-2.5632372
12989,-3.7937586
12990,-6.702318
12991,-10.343065
12992,-13.702501
12993,-15.798207
12994,-15.779193
12995,-13.537947
12996,-9.974697
12997,-6.041134
12998,-2.6376739
12999,-0.57055086
13000,-0.122909784
13001,-0.8603103
13002,-2.2973907
13003,-3.9732008
13004,-5.463017
13005,-6.568128
13006,-7.402266
13007,-8.101344
13008,-8.789072
13009,-9.575047
13010,-10.484701
13011,-11.427363
13012,-12.305151
13013,-13.025191
13014,-13.494973
13015,-13.622314
13016,-13.315378
13017,-12.482694
13018,-11.033076
13019,-13.7891
13020,-28.631163
13021,-27.881737
13022,-29.197523
13023,-28.149088
13024,-25.293505
13025,-21.180977
13026,-16.357569
13027,-11.366434
13028,-6.7484913
13029,-2.9933136
13030,-0.2988357
13031,1.5353518
13032,2.7352192
13033,3.5127861
13034,4.0537114
13035,4.380004
13036,4.286822
13037,3.5511203
13038,1.9561043
13039,-0.6607505
13040,-4.129545
13041,-7.8158784
13042,-11.048663
13043,-13.1767435
13044,-13.629904
13045,-12.287727
13046,-9.640458
13047,-6.2122974
13048,-2.4975793
13049,1.0369204
13050,4.0676203
13051,-640.7058
13052,-599.39746
13053,-578.6463
13054,-579.5669
13055,-599.43835
13056,-628.86176
13057,-656.32
13058,4.718695
13059,-656.90466
13060,-616.0953
13061,-556.6502
13062,-490.18268
13063,-426.6839
13064,-374.1106
13065,-338.66684
13066,-325.79663
13067,-341.88763
13068,-396.685
13069,-436.36942
13070,-377.96643
13071,-318.99384
13072,-262.0386
13073,-209.74632
13074,-163.99373
13075,-125.92834
13076,-96.08665
13077,-74.59094
13078,-61.42673
13079,-56.70104
13080,-60.573734
13081,-73.24341
13082,-95.58564
13083,-129.18713
13084,-175.74791
13085,-234.15839
13086,-296.9223
13087,-351.91748
13088,-384.30573
13089,-380.73425
13090,-340.26413
13091,-278.59024
13092,-213.18785
13093,-157.27017
13094,-118.37316
13095,-96.73839
13096,-86.87686
13097,-83.76586
13098,-83.28488
13099,-81.83069
13100,-77.538574
13101,-71.09247
13102,-63.683815
13103,-56.408474
13104,-50.153423
13105,-45.18371
13106,-40.977707
13107,-36.9045
13108,-32.390224
13109,-26.99316
13110,-20.751207
13111,-14.306659
13112,-8.332729
13113,-3.3892853
13114,0.051991146
13115,1.5544112
13116,0.6349903
13117,-3.3468475
13118,-11.329081
13119,-17.82052
13120,-15.973734
13121,-18.311255
13122,-23.95893
13123,-32.349594
13124,-42.87653
13125,-54.78261
13126,-67.09804
13127,-78.62681
13128,-87.983635
13129,-93.82709
13130,-95.73116
13131,-94.72865
13132,-92.241585
13133,-89.77933
13134,-88.940186
13135,-91.144966
13136,-97.512146
13137,-109.42166
13138,-128.75041
13139,-157.91733
13140,-199.50935
13141,-255.68486
13142,-328.1418
13143,-417.73514
13144,-529.13727
13145,-651.4451
13146,-5.7652564
13147,-11.449043
13148,-17.150637
13149,-22.832094
13150,-28.46592
13151,-34.05676
13152,-39.730484
13153,-45.707077
13154,-52.083794
13155,-58.78022
13156,-65.53292
13157,-72.069275
13158,-78.129
13159,-83.495544
13160,-83.1814
13161,-87.49646
13162,-91.730125
13163,-96.135315
13164,-100.95934
13165,-111.455444
13166,-117.88924
13167,-125.54119
13168,-134.70659
13169,-142.56969
13170,-141.49072
13171,-152.61653
13172,-159.56172
13173,-167.05197
13174,-174.8141
13175,-182.57686
13176,-190.07054
13177,-197.02718
13178,-203.17986
13179,-208.30742
13180,-207.44923
13181,-210.99739
13182,-214.3589
13183,-217.9247
13184,-222.03026
13185,-226.68701
13186,-231.4669
13187,-235.92424
13188,-239.63484
13189,-242.23445
13190,-243.70343
13191,-244.5127
13192,-245.25542
13193,-246.56802
13194,-248.92146
13195,-252.46777
13196,-256.9918
13197,-267.25983
13198,-273.03943
13199,-279.0955
13200,-285.3335
13201,-291.87027
13202,-298.8263
13203,-306.31476
13204,-314.42862
13205,-323.10013
13206,-332.0389
13207,-340.9549
13208,-349.5788
13209,-357.6621
13210,-365.0367
13211,-371.64017
13212,-377.41934
13213,-382.3202
13214,-381.29135
13215,-384.28333
13216,-386.2484
13217,-387.13995
13218,-386.91217
13219,-386.91922
13220,-388.9032
13221,-390.9275
13222,-393.20932
13223,-395.70316
13224,-398.36404
13225,-401.14774
13226,-404.01053
13227,43.467182
13228,48.580463
13229,26.158192
13230,-12.705856
13231,-75.74902
13232,-155.47713
13233,-233.7423
13234,-280.11777
13235,-281.13528
13236,-229.58273
13237,-155.78143
13238,-77.657265
13239,-18.360987
13240,16.88704
13241,38.81683
13242,46.10585
13243,48.92051
13244,49.684498
13245,49.505623
13246,48.859276
13247,47.798504
13248,46.286068
13249,44.280365
13250,41.74919
13251,38.71038
13252,35.275433
13253,31.632954
13254,28.039814
13255,24.803967
13256,22.226511
13257,20.546244
13258,19.962353
13259,20.628305
13260,22.611355
13261,25.78633
13262,29.805218
13263,34.273846
13264,38.81994
13265,43.09736
13266,46.735313
13267,49.410664
13268,51.034264
13269,51.652454
13270,51.19793
13271,49.13795
13272,44.01899
13273,32.90844
13274,10.733691
13275,-10.618979
13276,-5.8488574
13277,-4.8868876
13278,-6.50689
13279,-10.09149
13280,-15.0578
13281,-20.768724
13282,-26.484058
13283,-31.351488
13284,-34.43684
13285,-34.99077
13286,-33.513805
13287,-32.293488
13288,-33.9464
13289,-41.27312
13290,-57.517944
13291,-85.105385
13292,-123.611336
13293,-170.72247
13294,-222.16219
13295,-272.05194
13296,-316.28268
13297,-355.76123
13298,-393.38455
13299,-432.82907
13300,-477.93588
13301,-529.82355
13302,-584.4378
13303,-635.73303
13304,4.2074003
13305,3.3426392
13306,3.2711465
13307,3.7285101
13308,4.430482
13309,5.1049547
13310,-654.7504
13311,-652.4689
13312,-656.4731
13313,-663.8159
13314,4.6715384
13315,4.466466
13316,4.413879
13317,4.439569
13318,4.4613776
13319,4.401252
13320,4.1811285
13321,3.7228494
13322,2.948078
13323,1.778244
13324,0.13453393
13325,-2.7639716
13326,-6.906639
13327,-9.617826
13328,-11.520858
13329,-12.788963
13330,-13.593709
13331,-14.10566
13332,-14.494699
13333,-14.930171
13334,-15.581344
13335,-16.589512
13336,-17.932009
13337,-19.36067
13338,-20.613264
13339,-21.437136
13340,-21.630913
13341,-21.289856
13342,-20.913965
13343,-21.02565
13344,-22.130335
13345,-24.656492
13346,-28.573284
13347,-33.215946
13348,-37.881115
13349,-41.900143
13350,-44.690926
13351,-46.10799
13352,-46.591858
13353,-46.60521
13354,-46.57608
13355,-46.888615
13356,-47.707836
13357,-48.904152
13358,-50.330826
13359,-51.853104
13360,-53.341843
13361,-54.70077
13362,-55.87835
13363,-56.826756
13364,-57.498043
13365,-57.855732
13366,-57.921516
13367,-57.79817
13368,-57.609993
13369,-57.50099
13370,-57.61385
13371,-58.084557
13372,-59.03879
13373,-60.590427
13374,-62.84104
13375,-64.74782
13376,-64.97346
13377,-65.18125
13378,-65.231445
13379,-65.21941
13380,-65.24448
13381,-65.410515
13382,-65.82582
13383,-66.60258
13384,-67.8561
13385,-69.68744
13386,-72.10222
13387,-74.975296
13388,-78.17722
13389,-81.58594
13390,-85.07106
13391,-88.44825
13392,-91.45944
13393,-93.84425
13394,-95.34651
13395,-95.76323
13396,-95.19855
13397,-94.17151
13398,-93.21611
13399,-92.84499
13400,-93.50295
13401,-95.24335
13402,-97.589325
13403,-100.04338
13404,-102.133896
13405,-103.431076
13406,-103.74449
13407,-103.207085
13408,-101.96533
13409,-100.15113
13410,-97.90489
13411,-95.41371
13412,-92.926765
13413,-90.69397
13414,-88.9596
13415,-87.935974
13416,-87.661835
13417,-87.94245
13418,-88.57304
13419,-89.35947
13420,-90.107834
13421,-90.62475
13422,-90.717575
13423,-90.19443
13424,-88.86419
13425,-89.17876
13426,-93.23685
13427,-95.44978
13428,-96.91894
13429,-97.7623
13430,-98.09797
13431,-98.04415
13432,-97.719086
13433,-97.2411
13434,-96.72853
13435,-96.27902
13436,-95.86952
13437,-95.313805
13438,-94.41913
13439,-93.00056
13440,-90.92625
13441,-88.37284
13442,-85.93454
13443,-84.22163
13444,-83.82439
13445,-85.22693
13446,-88.293434
13447,-92.04593
13448,-95.471054
13449,-97.59509
13450,-97.57393
13451,-95.31322
13452,-91.73282
13453,-87.79129
13454,-84.39757
13455,-82.36656
13456,-81.97097
13457,-82.748955
13458,-84.209015
13459,-85.89375
13460,-87.38522
13461,-88.49675
13462,-89.355385
13463,-90.10075
13464,-90.85758
13465,-91.73556
13466,-92.757805
13467,-93.829994
13468,-94.85311
13469,-95.73369
13470,-96.378296
13471,-96.69349
13472,-96.5858
13473,-95.96187
13474,-94.72825
13475,-97.83511
13476,-113.10249
13477,-117.50789
13478,-114.04242
13479,-113.25862
13480,-110.707375
13481,-106.938934
13482,-102.50334
13483,-97.950294
13484,-93.82857
13485,-90.633514
13486,-88.5569
13487,-87.38063
13488,-86.8707
13489,-86.81263
13490,-87.02145
13491,-87.48229
13492,-88.41073
13493,-90.03218
13494,-92.56178
13495,-96.15609
13496,-100.62831
13497,-105.32558
13498,-109.57673
13499,-112.73337
13500,-114.22583
13501,-113.93813
13502,-112.368126
13503,-110.037224
13504,-107.43729
13505,-105.0348
13506,-103.14989
13507,-101.90441
13508,-101.41265
13509,-101.798485
13510,-103.14262
13511,-105.27432
13512,-107.68235
13513,-109.84191
13514,-111.244484
13515,-111.44529
13516,-110.36969
13517,-108.443855
13518,-106.11275
13519,-103.79623
13520,-101.9132
13521,-100.88201
13522,-101.12099
13523,-103.048836
13524,-107.08491
13525,-109.473145
13526,-105.79872
13527,-102.88916
13528,-99.81234
13529,-96.7095
13530,-93.72192
13531,-90.99116
13532,-88.65894
13533,-86.86703
13534,-85.75749
13535,-85.45994
13536,-86.03102
13537,-87.42786
13538,-89.602135
13539,-92.50935
13540,-96.06458
13541,-99.94937
13542,-103.52899
13543,-106.15691
13544,-107.20265
13545,-106.134285
13546,-102.986404
13547,-98.56021
13548,-93.68625
13549,-89.158005
13550,-85.689384
13551,-83.53437
13552,-82.32455
13553,-81.66727
13554,-81.19931
13555,-80.589424
13556,-79.69265
13557,-78.61657
13558,-77.47889
13559,-76.38536
13560,-75.4296
13561,-74.635826
13562,-73.93409
13563,-73.25053
13564,-72.51553
13565,-71.669975
13566,-70.71563
13567,-69.73699
13568,-68.821815
13569,-68.05386
13570,-67.5168
13571,-67.29421
13572,-67.469604
13573,-68.12648
13574,-69.34831
13575,-70.14871
13576,-69.65788
13577,-70.07022
13578,-70.87781
13579,-71.968544
13580,-73.23023
13581,-74.550476
13582,-75.8168
13583,-76.9168
13584,-77.73788
13585,-78.183815
13586,-78.25308
13587,-78.07264
13588,-77.77678
13589,-77.50383
13590,-77.405334
13591,-77.61038
13592,-78.205635
13593,-79.28892
13594,-80.96889
13595,-83.347206
13596,-86.47097
13597,-90.30084
13598,-94.754684
13599,-99.71238
13600,-110.02831
13601,-115.585915
13602,-121.32971
13603,-127.209045
13604,-133.17935
13605,-139.20825
13606,-145.2726
13607,-151.37962
13608,-157.65681
13609,-164.32283
13610,-171.46936
13611,-179.01082
13612,-186.68042
13613,-194.20448
13614,-201.32147
13615,-207.81288
13616,-213.69568
13617,-219.30458
13618,-224.96039
13619,-230.93135
13620,-237.4713
13621,-244.8339
13622,-253.281
13623,-263.08618
13624,-274.53574
13625,-284.83508
13626,-291.3377
13627,-300.05914
13628,-309.64932
13629,-319.81873
13630,-330.28323
13631,-340.763
13632,-350.98148
13633,-360.66458
13634,-369.5402
13635,-377.38156
13636,-384.21896
13637,-390.43277
13638,-396.4238
13639,-402.5788
13640,-409.23038
13641,-416.39328
13642,-415.86282
13643,43.467182
13644,48.580463
13645,26.158192
13646,-12.705856
13647,-75.74902
13648,-155.47713
13649,-233.7423
13650,-280.11777
13651,-281.13528
13652,-229.58273
13653,-155.78143
13654,-77.657265
13655,-18.360987
13656,16.88704
13657,38.81683
13658,46.10585
13659,48.92051
13660,49.684498
13661,49.505623
13662,48.859276
13663,47.798504
13664,46.286068
13665,44.280365
13666,41.74919
13667,38.71038
13668,35.275433
13669,31.632954
13670,28.039814
13671,24.803967
13672,22.226511
13673,20.546244
13674,19.962353
13675,20.628305
13676,22.611355
13677,25.78633
13678,29.805218
13679,34.273846
13680,38.81994
13681,43.09736
13682,46.735313
13683,49.410664
13684,51.034264
13685,51.652454
13686,51.19793
13687,49.13795
13688,44.01899
13689,32.90844
13690,10.733691
13691,-10.618979
13692,-5.8488574
13693,-4.8868876
13694,-6.50689
13695,-10.09149
13696,-15.0578
13697,-20.768724
13698,-26.484058
13699,-31.351488
13700,-34.43684
13701,-34.99077
13702,-33.513805
13703,-32.293488
13704,-33.9464
13705,-41.27312
13706,-57.517944
13707,-85.105385
13708,-123.611336
13709,-170.72247
13710,-222.16219
13711,-272.05194
13712,-316.28268
13713,-355.76123
13714,-393.38455
13715,-432.82907
13716,-477.93588
13717,-529.82355
13718,-584.4378
13719,-635.73303
13720,4.2075095
13721,3.3437955
13722,3.276696
13723,3.7459304
13724,4.472333
13725,-663.46136
13726,-651.4399
13727,-647.0621
13728,-648.214
13729,-651.8586
13730,-654.9856
13731,-654.8519
13732,-650.36176
13733,-642.88116
13734,-634.3017
13735,-626.4859
13736,-621.26526
13737,-620.4604
13738,-625.92737
13739,-639.6301
13740,-663.7368
13741,2.5613205
13742,-0.9720739
13743,-3.0656822
13744,-4.3326654
13745,-4.9486494
13746,-5.0875645
13747,-4.9221554
13748,-4.624352
13749,-4.365635
13750,-4.317261
13751,-4.6225758
13752,-5.262149
13753,-5.9920726
13754,-6.552725
13755,-6.693432
13756,-6.21427
13757,-5.209269
13758,-4.174707
13759,-3.6317992
13760,-4.0859003
13761,-5.9672527
13762,-9.253
13763,-13.288757
13764,-17.372765
13765,-20.834896
13766,-23.091234
13767,-23.992325
13768,-23.973883
13769,-23.498194
13770,-22.993542
13771,-22.844255
13772,-23.217455
13773,-23.986927
13774,-25.0064
13775,-26.140251
13776,-27.258423
13777,-28.263977
13778,-29.105288
13779,-29.735434
13780,-30.107677
13781,-30.186758
13782,-29.995071
13783,-29.635565
13784,-29.232986
13785,-28.931604
13786,-28.874386
13787,-29.197487
13788,-30.026781
13789,-31.476347
13790,-33.64845
13791,-35.511925
13792,-35.73458
13793,-35.95713
13794,-36.05424
13795,-36.124092
13796,-36.268307
13797,-36.592587
13798,-37.20652
13799,-38.22325
13800,-39.758995
13801,-41.91588
13802,-44.700977
13803,-47.99038
13804,-51.654278
13805,-55.56956
13806,-59.604343
13807,-63.572563
13808,-67.214195
13809,-70.26632
13810,-72.47006
13811,-73.619835
13812,-73.81644
13813,-73.576126
13814,-73.43198
13815,-73.89748
13816,-75.419174
13817,-78.05324
13818,-81.32553
13819,-84.73914
13820,-87.82228
13821,-90.14438
13822,-91.51365
13823,-92.061485
13824,-91.93269
13825,-91.25709
13826,-90.17272
13827,-88.864
13828,-87.57732
13829,-86.559685
13830,-86.05256
13831,-86.26537
13832,-87.234146
13833,-88.761284
13834,-90.638985
13835,-92.67027
13836,-94.65844
13837,-96.40749
13838,-97.72225
13839,-98.40844
13840,-98.27279
13841,-99.7673
13842,-104.98955
13843,-108.34225
13844,-110.92961
13845,-112.86819
13846,-114.2747
13847,-115.26616
13848,-115.95976
13849,-116.47292
13850,-116.923225
13851,-117.4075
13852,-117.902145
13853,-118.22023
13854,-118.168594
13855,-117.56191
13856,-116.26809
13857,-114.46402
13858,-112.74476
13859,-111.72132
13860,-111.98458
13861,-114.0186
13862,-117.68579
13863,-122.006226
13864,-125.96734
13865,-128.59703
13866,-129.05238
13867,-127.23983
13868,-124.07996
13869,-120.53222
13870,-117.50719
13871,-115.82153
13872,-115.748
13873,-116.822876
13874,-118.55421
13875,-120.48529
13876,-122.19911
13877,-123.51041
13878,-124.547554
13879,-125.45103
13880,-126.34603
13881,-127.34277
13882,-128.4634
13883,-129.60983
13884,-130.67659
13885,-131.56235
13886,-132.16528
13887,-132.3842
13888,-132.1188
13889,-131.27023
13890,-129.7409
13891,-132.48418
13892,-147.3126
13893,-146.19382
13894,-147.13478
13895,-145.6865
13896,-142.4007
13897,-137.83023
13898,-137.52884
13899,-132.05078
13900,-126.950485
13901,-117.73023
13902,-114.58906
13903,-112.31617
13904,-110.68511
13905,-109.48928
13906,-108.5511
13907,-107.86288
13908,-107.64665
13909,-108.13332
13910,-109.542625
13911,-112.034904
13912,-115.42644
13913,-119.06722
13914,-122.28905
13915,-124.446014
13916,-124.97014
13917,-123.74659
13918,-121.27403
13919,-118.074394
13920,-114.63986
13921,-111.437164
13922,-108.786316
13923,-106.80886
13924,-105.61871
13925,-105.33917
13926,-106.050224
13927,-107.58047
13928,-109.41787
13929,-111.0369
13930,-111.92821
13931,-111.64597
13932,-110.11418
13933,-107.75774
13934,-105.02061
13935,-102.32245
13936,-100.08284
13937,-98.72133
13938,-98.657616
13939,-100.31177
13940,-104.10433
13941,-106.28091
13942,-102.42725
13943,-99.36952
13944,-96.176216
13945,-92.98805
13946,-89.94563
13947,-87.18957
13948,-84.86039
13949,-83.098694
13950,-82.04517
13951,-81.82811
13952,-82.50351
13953,-84.029076
13954,-86.358536
13955,-89.450134
13956,-93.22186
13957,-97.3579
13958,-101.22568
13959,-104.18
13960,-105.59123
13961,-104.92752
13962,-102.22318
13963,-98.27836
13964,-93.92221
13965,-89.94656
13966,-87.06346
13967,-85.524796
13968,-84.95966
13969,-84.97275
13970,-85.19804
13971,-85.30147
13972,-85.13522
13973,-84.80443
13974,-84.42413
13975,-84.09754
13976,-83.915825
13977,-83.90074
13978,-83.979904
13979,-84.07722
13980,-84.1209
13981,-84.04988
13982,-83.86415
13983,-83.646675
13984,-83.48373
13985,-83.45762
13986,-83.650826
13987,-84.14565
13988,-85.02459
13989,-86.3701
13990,-88.26474
13991,-89.71836
13992,-89.86025
13993,-90.89243
13994,-92.30075
13995,-93.97267
13996,-95.79553
13997,-97.65674
13998,-99.443634
13999,-101.04366
14000,-102.3442
14001,-103.249054
14002,-103.75694
14003,-103.99527
14004,-104.09842
14005,-104.204994
14006,-104.46645
14007,-105.00984
14008,-105.9153
14009,-107.26977
14010,-109.16846
14011,-111.69909
14012,-114.89546
14013,-118.70696
14014,-123.04273
14015,-127.776276
14016,-132.75803
14017,-142.86931
14018,-148.05415
14019,-153.26266
14020,-158.45215
14021,-163.59312
14022,-168.66609
14023,-173.68265
14024,-178.77509
14025,-184.1674
14026,-189.95718
14027,-196.06506
14028,-202.23071
14029,-208.18655
14030,-213.67702
14031,-213.48943
14032,-217.6464
14033,-221.48453
14034,-225.32225
14035,-229.42839
14036,-234.0592
14037,-244.47183
14038,-250.93213
14039,-258.71808
14040,-268.12048
14041,-276.347
14042,-280.7526
14043,-287.36536
14044,-294.83572
14045,-302.87805
14046,-311.21204
14047,-319.56143
14048,-327.65308
14049,-335.21634
14050,-341.98215
14051,-347.72687
14052,-347.48428
14053,-351.6392
14054,-355.59564
14055,-359.74304
14056,-364.4166
14057,-374.6314
14058,-379.96643
14059,-384.97714
14060,-384.23886
14061,-387.38608
14062,-389.39316
14063,-390.7205
14064,-391.95352
14065,-393.7203
14066,-396.4855
14067,-400.3978
14068,-405.24042
14069,-415.77386
14070,-414.89932
14071,43.467182
14072,48.580463
14073,26.158192
14074,-12.705856
14075,-75.74902
14076,-155.47713
14077,-233.7423
14078,-280.11777
14079,-281.13504
14080,-229.58089
14081,-155.76656
14082,-77.60042
14083,-18.228128
14084,17.112173
14085,39.136036
14086,46.52637
14087,49.479244
14088,50.46285
14089,50.62011
14090,50.44707
14091,50.034634
14092,49.39408
14093,48.533787
14094,47.46824
14095,46.245987
14096,44.975796
14097,43.806667
14098,42.913853
14099,42.478844
14100,42.64266
14101,43.466694
14102,44.945374
14103,46.995594
14104,49.4248
14105,51.88291
14106,53.89596
14107,54.990314
14108,54.74345
14109,52.82072
14110,49.100998
14111,43.927017
14112,38.15174
14113,33.010483
14114,29.898924
14115,30.047138
14116,34.08748
14117,41.51627
14118,50.04823
14119,53.33276
14120,50.732162
14121,47.871254
14122,45.30453
14123,43.149406
14124,41.31085
14125,39.56028
14126,37.57744
14127,34.955086
14128,31.16671
14129,25.608225
14130,18.192163
14131,10.1463785
14132,3.5769129
14133,1.0222347
14134,4.5658703
14135,13.843524
14136,25.599176
14137,36.598507
14138,44.860874
14139,49.906525
14140,52.53352
14141,53.877934
14142,54.598904
14143,54.940613
14144,54.80243
14145,53.837147
14146,51.941387
14147,49.589973
14148,47.755077
14149,47.478092
14150,48.969208
14151,51.284344
14152,53.36646
14153,54.61496
14154,55.025295
14155,54.988495
14156,54.836727
14157,54.683506
14158,54.51882
14159,54.271584
14160,53.86524
14161,53.29583
14162,52.632236
14163,52.006798
14164,51.5973
14165,51.58546
14166,52.0913
14167,53.08349
14168,54.265484
14169,54.8738
14170,51.518925
14171,45.944294
14172,40.6016
14173,36.605495
14174,34.162334
14175,32.947052
14176,32.372955
14177,31.753012
14178,30.350708
14179,27.430872
14180,22.743418
14181,17.082876
14182,11.806094
14183,8.618443
14184,9.049583
14185,12.779554
14186,17.067696
14187,19.125153
14188,16.362537
14189,5.5295525
14190,-16.58094
14191,-50.11843
14192,-91.68534
14193,-133.81796
14194,-166.3441
14195,-182.81657
14196,-185.72305
14197,-180.66577
14198,-173.52443
14199,-169.46037
14200,-170.96219
14201,-176.94444
14202,-185.58989
14203,-195.02571
14204,-203.34088
14205,-208.95178
14206,-210.89111
14207,-208.42871
14208,-200.99596
14209,-188.34818
14210,-171.13036
14211,-151.09157
14212,-130.2446
14213,-110.56571
14214,-93.678795
14215,-80.80871
14216,-72.882614
14217,-70.7258
14218,-75.315475
14219,-78.239006
14220,-66.871315
14221,-53.686733
14222,-39.851986
14223,-26.47556
14224,-14.445145
14225,-4.420529
14226,3.1348243
14227,7.873899
14228,9.428368
14229,7.294709
14230,1.0527967
14231,-9.344521
14232,-23.905233
14233,-42.52865
14234,-64.75766
14235,-89.21482
14236,-113.07464
14237,-132.55534
14238,-143.4318
14239,-142.22156
14240,-129.59666
14241,-111.65982
14242,-94.907364
14243,-84.69146
14244,-85.21955
14245,-97.95112
14246,-120.0987
14247,-147.36807
14248,-174.08679
14249,-193.56795
14250,-201.32657
14251,-197.67467
14252,-184.61066
14253,-164.56868
14254,-140.19785
14255,-114.4607
14256,-90.47147
14257,-70.68336
14258,-56.82958
14259,-50.04689
14260,-50.32395
14261,-56.223152
14262,-66.20226
14263,-78.6515
14264,-91.65087
14265,-102.90104
14266,-109.820854
14267,-109.80403
14268,-100.63142
14269,-104.64544
14270,-147.80338
14271,-182.33691
14272,-207.51123
14273,-223.31134
14274,-230.61429
14275,-230.88171
14276,-225.90536
14277,-217.60133
14278,-207.86276
14279,-198.2333
14280,-188.71931
14281,-177.24806
14282,-161.54193
14283,-139.7779
14284,-111.40454
14285,-79.56528
14286,-50.82201
14287,-30.136984
14288,-20.455122
14289,-24.056206
14290,-41.64836
14291,-69.22568
14292,-98.82249
14293,-118.42393
14294,-115.53634
14295,-88.235725
14296,-49.352974
14297,-12.411904
14298,14.504024
14299,29.477797
14300,35.25169
14301,35.67652
14302,32.89878
14303,28.410755
14304,23.938156
14305,20.767965
14306,18.77814
14307,17.387201
14308,15.93323
14309,13.767783
14310,10.604167
14311,6.7798676
14312,2.8368814
14313,-0.5942227
14314,-2.8110464
14315,-3.0957203
14316,-0.80384094
14317,4.509014
14318,12.927697
14319,-0.21732222
14320,-77.14549
14321,-132.17932
14322,-152.14026
14323,-146.79118
14324,-118.74565
14325,-78.76403
14326,-37.241455
14327,-1.9000372
14328,23.30999
14329,38.259
14330,45.736298
14331,49.119827
14332,50.433037
14333,50.668144
14334,50.28906
14335,49.31867
14336,47.183186
14337,42.738533
14338,33.883495
14339,17.174446
14340,-10.784196
14341,-49.60974
14342,-94.128654
14343,-134.69345
14344,-159.6197
14345,-162.63538
14346,-147.94868
14347,-123.24698
14348,-95.979614
14349,-71.934906
14350,-54.079464
14351,-42.869106
14352,-38.46933
14353,-41.520237
14354,-53.18502
14355,-73.62019
14356,-99.87268
14357,-126.777245
14358,-147.33287
14359,-154.20203
14360,-144.77083
14361,-123.95411
14362,-98.299416
14363,-73.457275
14364,-53.641354
14365,-41.780075
14366,-40.376793
14367,-53.086567
14368,-87.00443
14369,-113.59783
14370,-82.91217
14371,-52.514378
14372,-24.232483
14373,0.17032245
14374,19.679966
14375,34.02442
14376,43.584045
14377,49.222973
14378,52.042316
14379,53.068253
14380,52.91814
14381,51.537697
14382,48.11397
14383,41.176907
14384,28.873066
14385,10.316243
14386,-12.000699
14387,-32.119255
14388,-42.011036
14389,-35.003197
14390,-12.47607
14391,15.071971
14392,37.73809
14393,50.716652
14394,54.937054
14395,54.75393
14396,53.619934
14397,52.758217
14398,52.197567
14399,51.534008
14400,50.403687
14401,48.758087
14402,46.716015
14403,44.526443
14404,42.537502
14405,40.983547
14406,39.78729
14407,38.74622
14408,37.615387
14409,36.14638
14410,34.25683
14411,32.17512
14412,30.246986
14413,28.864262
14414,28.4361
14415,29.337278
14416,31.8325
14417,35.975685
14418,41.483166
14419,45.30957
14420,45.68846
14421,47.34542
14422,49.659798
14423,51.983276
14424,53.791435
14425,54.77948
14426,54.90479
14427,54.37951
14428,53.611797
14429,53.072243
14430,53.033627
14431,53.408424
14432,53.957478
14433,54.45218
14434,54.763508
14435,54.894104
14436,54.90415
14437,54.779778
14438,54.292812
14439,52.8145
14440,49.178047
14441,41.768456
14442,28.762526
14443,8.507767
14444,-20.08037
14445,-57.529896
14446,-104.21698
14447,-160.24838
14448,-225.47035
14449,-299.594
14450,-382.2714
14451,-473.54117
14452,-575.8045
14453,-2.1032224
14454,-7.6941276
14455,-13.658224
14456,-19.736544
14457,-25.65422
14458,-31.14631
14459,-30.99168
14460,-35.1973
14461,-39.06821
14462,-42.89349
14463,-46.92611
14464,-51.41325
14465,-61.607937
14466,-67.775925
14467,-75.19814
14468,-84.17071
14469,-91.88239
14470,-90.6663
14471,-101.62243
14472,-108.35252
14473,-115.55733
14474,-122.94869
14475,-130.25201
14476,-137.19157
14477,-143.48979
14478,-148.87054
14479,-148.10472
14480,-151.22638
14481,-153.62506
14482,-155.70619
14483,-157.86038
14484,-160.42313
14485,-163.40321
14486,-166.36745
14487,-168.86557
14488,-170.4697
14489,-170.81326
14490,-169.87784
14491,-168.13881
14492,-166.19386
14493,-164.68462
14494,-164.08698
14495,-164.55724
14496,-165.88423
14497,-167.84038
14498,-170.19981
14499,-172.7341
14500,-175.35678
14501,-178.19429
14502,-181.3759
14503,-185.02347
14504,-189.23862
14505,-193.96042
14506,-198.90381
14507,-203.78604
14508,-208.34564
14509,-212.34218
14510,-215.61641
14511,-218.11517
14512,-219.79352
14513,-220.60474
14514,-220.50444
14515,-219.44983
14516,-217.3993
14517,-214.31206
14518,-210.14786
14519,-206.29222
14520,-204.5056
14521,-202.78828
14522,-201.38957
14523,-200.2672
14524,-199.37898
14525,-198.68301
14526,-198.13757
14527,-197.70157
14528,-197.33438
14529,-197.00606
14530,-196.74692
14531,-196.66891
14532,-196.88594
14533,-197.50392
14534,-198.59877
14535,-200.09387
14536,-201.70648
14537,-203.14047
14538,-204.10207
14539,-204.33238
14540,-203.81447
14541,-202.86447
14542,-201.81198
14543,-200.97249
14544,-200.62393
14545,-200.8103
14546,-201.25734
14547,-201.68228
14548,-201.82214
14549,-201.42848
14550,-200.32108
14551,-198.41095
14552,-195.61436
14553,-191.84528
14554,-187.06097
14555,-186.46036
14556,-180.56921
14557,-174.92891
14558,-170.0671
14559,-161.44185
14560,-159.10216
14561,-157.54216
14562,-156.23497
14563,-154.68063
14564,-152.3794
14565,-148.83134
14566,-143.53622
14567,-140.99344
14568,-130.70247
14569,-121.5281
14570,-113.37819
14571,-109.756584
14572,-106.58601
14573,-103.77476
14574,-101.22711
14575,-98.84476
14576,-96.5274
14577,-94.173256
14578,-91.679375
14579,-88.94884
14580,-85.92432
14581,-82.60254
14582,-78.98177
14583,-75.057076
14584,-70.832985
14585,-66.37127
14586,-61.81144
14587,-57.295475
14588,-52.961178
14589,-48.94519
14590,-45.379974
14591,-42.39264
14592,-40.110016
14593,-38.65925
14594,-38.12813
14595,-38.373386
14596,-38.936348
14597,-39.34169
14598,-39.12785
14599,-37.880383
14600,-35.45755
14601,-32.087368
14602,-28.01507
14603,-23.468416
14604,-18.6778
14605,-13.89168
14606,-9.383387
14607,-5.4268756
14608,-2.2949586
14609,-0.2222161
14610,0.78358257
14611,1.0275853
14612,0.8373914
14613,0.53014416
14614,0.4246374
14615,0.84026897
14616,2.0956497
14617,4.507144
14618,-600.41754
14619,-548.62494
14620,-593.4882
14621,-605.5622
14622,-591.18176
14623,-557.2489
14624,-511.1747
14625,-460.05865
14626,-410.16733
14627,-366.70483
14628,-333.88354
14629,-314.99542
14630,-311.5622
14631,-323.0992
14632,-349.40692
14633,-391.02286
14634,-448.49286
14635,-518.9798
14636,-592.8676
14637,-656.65356
14638,3.4946718
14639,3.852899
14640,-650.48364
14641,-583.88544
14642,-512.42975
14643,-452.08112
14644,-414.15924
14645,-400.50537
14646,-401.8465
14647,-407.27704
14648,-405.95718
14649,-388.64746
14650,-355.5208
14651,-319.2702
14652,-293.29962
14653,-289.32062
14654,-318.31686
14655,-384.883
14656,-478.93164
14657,-581.41046
14658,-665.3651
14659,3.265074
14660,4.8585105
14661,-594.93396
14662,-486.98877
14663,-374.6215
14664,-264.4954
14665,-172.85399
14666,-105.13142
14667,-56.971912
14668,-36.678764
14669,-28.58865
14670,-16.356188
14671,-4.1178074
14672,7.9088593
14673,19.419922
14674,30.065235
14675,39.44202
14676,47.088875
14677,52.480007
14678,55.017952
14679,54.029438
14680,48.862343
14681,39.196136
14682,25.219967
14683,7.641212
14684,-12.302114
14685,-32.619877
14686,-50.363926
14687,-62.1542
14688,-64.81151
14689,-56.46303
14690,-39.001953
14691,-18.251463
14692,0.5260346
14693,14.119307
14694,21.256317
14695,22.420708
14696,19.237436
14697,13.084445
14698,5.4664044
14699,-1.808111
14700,-8.109924
14701,-15.425683
14702,-26.859095
14703,-46.552845
14704,-80.06367
14705,-131.76962
14706,-204.88904
14707,-282.0234
14708,-350.54248
14709,-404.8508
14710,-430.2527
14711,-429.77713
14712,-410.99753
14713,-382.21143
14714,-351.3449
14715,-325.42255
14716,-310.62347
14717,-312.92432
14718,-339.34103
14719,-330.79083
14720,-249.00317
14721,-223.26256
14722,-247.02098
14723,-307.89957
14724,-406.08298
14725,-21.198292
14726,-12.598391
14727,-12.6326
14728,-15.045242
14729,-13.972943
14730,-10.309505
14731,-6.385184
14732,-3.3918827
14733,-2.015855
14734,-2.9365718
14735,-6.113365
14736,-10.312539
14737,-14.279764
14738,-16.59498
14739,-31.038166
14740,-13.170232
14741,-10.271552
14742,-8.559831
14743,-8.800961
14744,-11.768744
14745,-17.324442
14746,-23.699106
14747,-28.877306
14748,-44.920784
14749,-25.632505
14750,-19.091335
14751,-11.719732
14752,-11.74234
14753,-23.387089
14754,-1.8302273
14755,-1.9731258
14756,-17.99771
14757,-4.291023
14758,-20.161076
14759,-4.938439
14760,-3.5963795
14761,-1.8481246
14762,-15.165935
14763,1.1130685
14764,-13.349618
14765,1.0704658
14766,-1.0696164
14767,-5.32833
14768,-17.496195
14769,-14.762995
14770,-5.764647
14771,-5.9775443
14772,-7.137515
14773,-9.227196
14774,-12.087004
14775,-30.473686
14776,-19.078388
14777,-22.528336
14778,-40.3877
14779,-27.23044
14780,-27.890886
14781,-27.237553
14782,-26.0
14783,-26.0
14784,-40.794914
14785,-39.489723
14786,-21.825447
14787,-33.87444
14788,-15.10406
14789,-25.607204
14790,-20.915909
14791,-1.776904
14792,1.4707646
14793,3.374391
14794,-11.636662
14795,-13.679231
14796,-2.1212704
14797,-6.2993703
14798,-10.445613
14799,-13.751249
14800,-15.999694
14801,-17.881868
14802,-34.98397
14803,-22.801111
14804,-26.794907
14805,-29.509752
14806,-42.34558
14807,-41.0
14808,-26.0
14809,-26.0
14810,-26.0
14811,-26.0
14812,-26.0
14813,-26.0
14814,-26.0
14815,-26.0
14816,-26.0
14817,-26.0
14818,-26.0
14819,-41.0
14820,-26.0
14821,-41.0
14822,-26.0
14823,-26.0
14824,-26.0
14825,-26.0
14826,-26.0
14827,-24.405241
14828,-21.023022
14829,-21.50574
14830,-40.027798
14831,-27.985195
14832,-27.249071
14833,-41.0
14834,-26.0
14835,-26.0
14836,-26.0
14837,-26.0
14838,-26.0
14839,-26.0
14840,-41.0
14841,-26.0
14842,-41.0
14843,-26.0
14844,-26.0
14845,-26.0
14846,-26.0
14847,-26.0
14848,-26.0
14849,-26.0
14850,-26.0
14851,43.46719
14852,48.580883
14853,26.166126
14854,-12.642522
14855,-75.45689
14856,-154.52875
14857,-231.34283
14858,-275.14713
14859,-272.51642
14860,-216.88939
14861,-139.61343
14862,-59.676376
14863,-0.8437567
14864,32.021317
14865,50.75471
14866,54.81671
14867,54.864464
14868,53.497124
14869,51.554314
14870,49.10069
14871,46.157482
14872,42.762817
14873,38.928947
14874,34.639362
14875,29.813368
14876,24.262608
14877,17.715033
14878,9.815852
14879,0.120260686
14880,-11.872693
14881,-26.683195
14882,-44.92338
14883,-67.35765
14884,-94.90175
14885,-128.40758
14886,-168.39354
14887,-215.18782
14888,-268.95193
14889,-329.52643
14890,-395.7105
14891,2.5454154
14892,-0.755293
14893,-3.467542
14894,-5.376534
14895,-6.283504
14896,-6.026352
14897,-4.4973245
14898,-1.6459552
14899,-1.5081445
14900,-6.9980483
14901,-9.280349
14902,-11.138613
14903,-12.698335
14904,-14.083869
14905,-15.417805
14906,-16.821964
14907,-18.420202
14908,-20.343298
14909,-22.681973
14910,-25.224648
14911,-42.35433
14912,-27.993942
14913,-26.728615
14914,-26.0
14915,-24.451262
14916,-20.538795
14917,-18.121264
14918,-16.374008
14919,-15.381825
14920,-14.961188
14921,-14.654178
14922,-14.242356
14923,-13.554889
14924,-12.462951
14925,-11.124053
14926,-24.97218
14927,-9.274248
14928,-9.256362
14929,-10.126099
14930,-11.830709
14931,-13.97368
14932,-16.22613
14933,-18.260788
14934,-19.766935
14935,-20.715837
14936,-21.43418
14937,-22.13865
14938,-22.985191
14939,-24.098103
14940,-25.444593
14941,-26.814754
14942,-27.344433
14943,-26.406502
14944,-26.0
14945,-26.0
14946,-26.0
14947,-26.0
14948,-26.0
14949,-24.919373
14950,-36.56407
14951,-19.322401
14952,-19.717394
14953,-20.33717
14954,-21.147766
14955,-22.037489
14956,-22.848547
14957,-23.39649
14958,-23.48772
14959,-23.00009
14960,-22.163097
14961,-36.526314
14962,-21.395906
14963,-37.003807
14964,-23.518719
14965,-25.582413
14966,-27.175774
14967,-27.331472
14968,-40.697018
14969,-22.493214
14970,-17.594898
14971,-13.505924
14972,-10.380541
14973,-8.341647
14974,-22.627594
14975,-8.14185
14976,-9.284807
14977,-10.650746
14978,-11.82733
14979,-12.409181
14980,-12.32835
14981,-11.926151
14982,-26.416573
14983,-10.941169
14984,-10.621197
14985,-10.526338
14986,-10.675625
14987,-11.110331
14988,-11.881705
14989,-13.028365
14990,-14.503809
14991,-16.149801
14992,-17.799797
14993,-19.256344
14994,-35.329075
14995,-20.846325
14996,-35.673378
14997,-19.727327
14998,-17.98228
14999,-17.542595
15000,-20.089758
15001,-21.50347
15002,-38.028557
15003,-24.556547
15004,-40.95909
15005,-27.090973
15006,-27.251957
15007,-26.249865
15008,-26.0
15009,-26.0
15010,-24.983006
15011,-22.184507
15012,-19.92423
15013,-17.878323
15014,-30.951239
15015,-14.298969
15016,-13.164308
15017,-12.757339
15018,-13.324267
15019,-15.094928
15020,-17.881453
15021,-20.903334
15022,-23.429379
15023,-24.696934
15024,-24.104082
15025,-22.046247
15026,-19.849566
15027,-18.180523
15028,-17.375374
15029,-17.7004
15030,-19.128763
15031,-21.31534
15032,-39.144043
15033,-27.552313
15034,-28.984783
15035,-26.40127
15036,-26.0
15037,-26.0
15038,-26.0
15039,-26.0
15040,-41.0
15041,-41.0
15042,-26.0
15043,-26.0
15044,-26.0
15045,-26.0
15046,-41.0
15047,-26.0
15048,-26.0
15049,-26.0
15050,-26.0
15051,-26.0
15052,-26.0
15053,-26.0
15054,-26.0
15055,-26.0
15056,-26.0
15057,-26.0
15058,-26.0
15059,-26.0
15060,-26.0
15061,-41.0
15062,-26.0
15063,-26.0
15064,-26.0
15065,-26.0
15066,-26.0
15067,-41.0
15068,-26.0
15069,-26.0
15070,-26.0
15071,-26.0
15072,-26.0
15073,-26.0
15074,-41.0
15075,-26.0
15076,-26.0
15077,-26.0
15078,-26.0
15079,-26.0
15080,-26.0
15081,-26.0
15082,-26.0
15083,-41.0
15084,-26.0
15085,-26.0
15086,-26.0
15087,-26.0
15088,-26.0
15089,-26.0
15090,-26.0
15091,-26.0
15092,-26.0
15093,-26.0
15094,-26.0
15095,43.467182
15096,48.580463
15097,26.158192
15098,-12.705856
15099,-75.74902
15100,-155.47713
15101,-233.7423
15102,-280.117
15103,-281.12772
15104,-229.54976
15105,-155.69194
15106,-77.485855
15107,-18.105625
15108,17.205313
15109,39.179024
15110,46.511326
15111,49.397102
15112,50.28986
15113,50.315414
15114,49.95932
15115,49.3006
15116,48.33719
15117,47.06605
15118,45.4941
15119,43.670887
15120,41.72066
15121,39.82186
15122,38.19303
15123,37.072342
15124,36.666866
15125,37.105484
15126,38.450405
15127,40.68205
15128,43.66034
15129,47.057343
15130,50.37736
15131,53.104397
15132,54.76557
15133,54.96653
15134,53.482212
15135,50.480125
15136,46.613907
15137,42.91288
15138,40.563995
15139,40.58993
15140,43.438374
15141,48.502018
15142,53.573
15143,54.827995
15144,53.35938
15145,50.53579
15146,46.954372
15147,42.71063
15148,37.631493
15149,31.30348
15150,23.063942
15151,11.958302
15152,-3.3368332
15153,-24.443138
15154,-52.20775
15155,-85.09419
15156,-119.61897
15157,-150.74716
15158,-172.91081
15159,-183.63675
15160,-186.06735
15161,-185.02028
15162,-185.4271
15163,-191.79604
15164,-206.15962
15165,-226.6481
15166,-250.31465
15167,-273.76895
15168,-293.57718
15169,-308.73373
15170,-322.42847
15171,-339.06042
15172,-363.4503
15173,-400.57132
15174,3.4854703
15175,-0.02305125
15176,-18.677908
15177,-7.1464233
15178,-10.108463
15179,-12.4723215
15180,-14.473521
15181,-16.316908
15182,-18.174402
15183,-20.194138
15184,-22.382042
15185,-24.56435
15186,-26.61036
15187,-27.93049
15188,-27.334152
15189,-26.0
15190,-26.0
15191,-26.0
15192,-26.0
15193,-26.0
15194,-24.9842
15195,-22.838982
15196,-22.865303
15197,-23.90964
15198,-25.131407
15199,-26.406233
15200,-27.005953
15201,-26.355654
15202,-26.0
15203,-41.0
15204,-26.0
15205,-41.0
15206,-26.0
15207,-26.0
15208,-26.0
15209,-26.0
15210,-26.0
15211,-41.0
15212,-26.0
15213,-41.0
15214,-26.0
15215,-22.746288
15216,-15.792641
15217,-28.964205
15218,-13.724009
15219,-29.656141
15220,-16.075117
15221,-17.58923
15222,-18.79363
15223,-19.280107
15224,-19.0302
15225,-18.481146
15226,-17.87621
15227,-17.359158
15228,-17.047306
15229,-16.998495
15230,-17.217558
15231,-32.74314
15232,-18.62841
15233,-19.913874
15234,-21.543974
15235,-23.339066
15236,-25.117554
15237,-26.66111
15238,-27.494713
15239,-26.95109
15240,-26.0
15241,-26.0
15242,-25.338728
15243,-25.098454
15244,-26.833815
15245,-41.013752
15246,-26.0
15247,-26.0
15248,-26.0
15249,-26.0
15250,-26.0
15251,-26.0
15252,-26.0
15253,-26.0
15254,-41.0
15255,-26.0
15256,-26.0
15257,-25.896467
15258,-23.654425
15259,-19.280989
15260,-18.134619
15261,-32.727306
15262,-18.295118
15263,-20.068289
15264,-22.82296
15265,-25.706696
15266,-27.965178
15267,-28.04146
15268,-26.098959
15269,-25.396751
15270,-23.142752
15271,-20.670536
15272,-19.828306
15273,-20.188753
15274,-36.68077
15275,-23.928133
15276,-26.827682
15277,-28.37819
15278,-26.595528
15279,-26.0
15280,-26.0
15281,-26.0
15282,-26.0
15283,-26.0
15284,-26.0
15285,-26.0
15286,-26.0
15287,-26.0
15288,-26.0
15289,-26.0
15290,-26.0
15291,-26.0
15292,-26.0
15293,-26.0
15294,-41.0
15295,-26.0
15296,-26.0
15297,-26.0
15298,-26.0
15299,-26.0
15300,-41.0
15301,-26.0
15302,-26.0
15303,-41.0
15304,-26.0
15305,-26.0
15306,-41.0
15307,-26.0
15308,-26.0
15309,-26.0
15310,-26.0
15311,-26.0
15312,-26.0
15313,-41.0
15314,-26.0
15315,-26.0
15316,-26.0
15317,-26.0
15318,-26.0
15319,-26.0
15320,-26.0
15321,-26.0
15322,-26.0
15323,-26.0
15324,-26.0
15325,-26.0
15326,-26.0
15327,-41.0
15328,-41.0
15329,-26.0
15330,-26.0
15331,-26.0
15332,-26.0
15333,-41.0
15334,43.467182
15335,48.580463
15336,26.158192
15337,-12.705856
15338,-75.74795
15339,-155.46274
15340,-233.6599
15341,-279.8323
15342,-280.43713
15343,-228.25041
15344,-153.66354
15345,-74.765686
15346,-14.923677
15347,20.53788
15348,42.46613
15349,49.714256
15350,52.644066
15351,53.833447
15352,54.40041
15353,54.738934
15354,54.931786
15355,55.012394
15356,55.00154
15357,54.908115
15358,54.725895
15359,54.421364
15360,53.924374
15361,53.116215
15362,51.81061
15363,49.741142
15364,46.557755
15365,41.79674
15366,34.848656
15367,24.947927
15368,11.2705145
15369,-6.887654
15370,-30.110704
15371,-58.84143
15372,-93.26315
15373,-132.79936
15374,-175.53168
15375,-218.52734
15376,-258.09644
15377,-290.0393
15378,-310.01062
15379,-314.0008
15380,-298.9263
15381,-263.3249
15382,-246.91377
15383,-292.88754
15384,-331.91696
15385,-365.5686
15386,-394.7752
15387,-420.86172
15388,-445.44556
15389,3.1884143
15390,1.8000484
15391,0.16655299
15392,-16.791847
15393,-3.9461923
15394,-5.8810034
15395,-7.1960974
15396,-7.5284905
15397,-6.6335373
15398,-4.715603
15399,-2.402362
15400,-0.09942627
15401,1.899102
15402,3.3475552
15403,4.2387443
15404,4.852137
15405,-442.73474
15406,-429.2912
15407,-411.8052
15408,-390.0419
15409,-368.2143
15410,-351.02594
15411,-342.82556
15412,-347.4724
15413,-366.16074
15414,-395.79626
15415,-432.14612
15416,-12.101301
15417,-13.742694
15418,0.031128036
15419,-0.9685515
15420,-1.9095508
15421,-2.934019
15422,-19.163935
15423,-20.614578
15424,-7.165817
15425,-8.716981
15426,-10.180225
15427,-11.466419
15428,-12.485207
15429,-28.146751
15430,-13.365326
15431,-13.064375
15432,-11.016582
15433,-7.835865
15434,-7.741262
15435,-8.23238
15436,-9.241502
15437,-10.644159
15438,-12.279441
15439,-13.960257
15440,-15.480367
15441,-16.622644
15442,-17.222317
15443,-17.416542
15444,-17.67435
15445,-18.327955
15446,-19.657476
15447,-21.880013
15448,-24.701738
15449,-27.133156
15450,-28.047297
15451,-26.9888
15452,-24.495554
15453,-20.03201
15454,-16.015022
15455,-13.182328
15456,-11.535951
15457,-26.294062
15458,-12.308462
15459,-13.906503
15460,-15.655007
15461,-32.11868
15462,-17.868164
15463,-17.855629
15464,-17.492205
15465,-17.023525
15466,-16.60236
15467,-31.353704
15468,-31.341518
15469,-16.57475
15470,-17.093826
15471,-32.953342
15472,-19.195194
15473,-20.766283
15474,-37.49163
15475,-24.19498
15476,-40.665955
15477,-26.703718
15478,-27.129728
15479,-26.740568
15480,-25.581158
15481,-23.81218
15482,-23.468493
15483,-26.729788
15484,-27.219301
15485,-26.0
15486,-26.0
15487,-26.0
15488,-26.0
15489,-26.0
15490,-26.0
15491,-26.0
15492,-26.0
15493,-26.0
15494,-26.0
15495,-41.0
15496,-41.0
15497,-25.191442
15498,-22.430466
15499,-20.02351
15500,-19.841993
15501,-20.674223
15502,-22.758009
15503,-25.853481
15504,-43.147213
15505,-27.468256
15506,-26.0
15507,-26.0
15508,-26.0
15509,-26.0
15510,-25.611452
15511,-24.191973
15512,-23.41106
15513,-25.106213
15514,-26.827223
15515,-26.864134
15516,-26.0
15517,-26.0
15518,-26.0
15519,-26.0
15520,-26.0
15521,-26.0
15522,-26.0
15523,-26.0
15524,-26.0
15525,-26.0
15526,-26.0
15527,-26.0
15528,-26.0
15529,-26.0
15530,-26.0
15531,-41.0
15532,-26.0
15533,-26.0
15534,-26.0
15535,-26.0
15536,-41.0
15537,-41.0
15538,-26.0
15539,-26.0
15540,-26.0
15541,-26.0
15542,-26.0
15543,-26.0
15544,-26.0
15545,-26.0
15546,-26.0
15547,-26.0
15548,-41.0
15549,-26.0
15550,-26.0
15551,-26.0
15552,-26.0
15553,-26.0
15554,-26.0
15555,-26.0
15556,-26.0
15557,-26.0
15558,-26.0
15559,-26.0
15560,-26.0
15561,-26.0
15562,-26.0
15563,-26.0
15564,-26.0
15565,-26.0
15566,-41.0
15567,-26.0
15568,-26.0
15569,-26.0
15570,-41.0
15571,43.467182
15572,48.580463
15573,26.158192
15574,-12.705199
15575,-75.74039
15576,-155.42355
15577,-233.54163
15578,-279.58713
15579,-280.05197
15580,-227.77734
15581,-153.21278
15582,-74.46071
15583,-14.833751
15584,20.427372
15585,42.217976
15586,49.390396
15587,52.281044
15588,53.441708
15589,53.988747
15590,54.336773
15591,54.577354
15592,54.746246
15593,54.866505
15594,54.95059
15595,55.00222
15596,55.009388
15597,54.929276
15598,54.672035
15599,54.07829
15600,52.89942
15601,50.790554
15602,47.291107
15603,41.79587
15604,33.538197
15605,21.670044
15606,5.4310303
15607,-15.831576
15608,-42.633778
15609,-75.23826
15610,-113.17218
15611,-154.64856
15612,-196.85098
15613,-236.1771
15614,-268.48422
15615,-289.4515
15616,-295.0561
15617,-282.16016
15618,-249.20296
15619,-234.94153
15620,-281.99344
15621,-322.58823
15622,-358.13785
15623,-389.4853
15624,-417.88892
15625,-444.93442
15626,3.0268812
15627,1.4993911
15628,-15.280706
15629,-2.3968713
15630,-4.7222333
15631,-6.8384495
15632,-8.3386545
15633,-8.849366
15634,-8.115718
15635,-21.346294
15636,-4.189642
15637,-2.0625648
15638,-0.26322842
15639,0.9624196
15640,-13.3840065
15641,1.992201
15642,2.309627
15643,2.7611134
15644,-11.496636
15645,4.471276
15646,-9.660322
15647,-433.8134
15648,-431.87592
15649,-444.9112
15650,2.8843968
15651,0.48800394
15652,-2.1555693
15653,-4.7344084
15654,-6.9503417
15655,-8.720682
15656,-10.25992
15657,-26.746166
15658,-13.326222
15659,-15.126437
15660,-17.14764
15661,-19.230907
15662,-21.251778
15663,-23.099848
15664,-24.658861
15665,-25.810808
15666,-26.443138
15667,-26.458977
15668,-25.788574
15669,-22.792269
15670,-18.681765
15671,-19.161085
15672,-34.93443
15673,-21.02622
15674,-37.35704
15675,-23.786266
15676,-25.132833
15677,-26.1892
15678,-26.73633
15679,-26.63104
15680,-26.121773
15681,-25.827028
15682,-25.977251
15683,-26.162594
15684,-26.0
15685,-26.0
15686,-26.0
15687,-26.0
15688,-26.0
15689,-26.0
15690,-26.0
15691,-38.373753
15692,-17.26364
15693,-29.995
15694,-14.943769
15695,-31.089499
15696,-17.71441
15697,-19.41115
15698,-20.759912
15699,-36.336296
15700,-36.12686
15701,-20.600935
15702,-20.019928
15703,-19.537586
15704,-19.277283
15705,-19.297722
15706,-34.602005
15707,-20.231184
15708,-21.243
15709,-37.683216
15710,-24.4963
15711,-41.495075
15712,-42.759476
15713,-42.006454
15714,-26.0
15715,-26.0
15716,-26.0
15717,-26.0
15718,-26.0
15719,-26.0
15720,-26.0
15721,-26.0
15722,-41.0
15723,-26.0
15724,-26.0
15725,-26.0
15726,-26.0
15727,-26.0
15728,-26.0
15729,-41.0
15730,-26.0
15731,-26.0
15732,-26.0
15733,-26.0
15734,-26.0
15735,-26.0
15736,-26.0
15737,-26.0
15738,-41.0
15739,-26.0
15740,-26.0
15741,-26.0
15742,-26.0
15743,-26.0
15744,-26.0
15745,-41.0
15746,-26.0
15747,-26.0
15748,-26.0
15749,-26.0
15750,-41.0
15751,-26.0
15752,-26.0
15753,-26.0
15754,-26.0
15755,-26.0
15756,-26.0
15757,-26.0
15758,-26.0
15759,-26.0
15760,-26.0
15761,-41.0
15762,-26.0
15763,-26.0
15764,-26.0
15765,-26.0
15766,-26.0
15767,-26.0
15768,-26.0
15769,-26.0
15770,-26.0
15771,-26.0
15772,-26.0
15773,-26.0
15774,-26.0
15775,-26.0
15776,-26.0
15777,-26.0
15778,-26.0
15779,-26.0
15780,-41.0
15781,-26.0
15782,-26.0
15783,-41.0
15784,-26.0
15785,-26.0
15786,-26.0
15787,43.467182
15788,48.580585
15789,26.160543
15790,-12.686914
15791,-75.659904
15792,-155.18117
15793,-232.98479
15794,-278.5466
15795,-278.42258
15796,-225.60928
15797,-150.7357
15798,-72.02746
15799,-12.785637
15800,21.915718
15801,43.17365
15802,49.92991
15803,52.526806
15804,53.4712
15805,53.8245
15806,53.97553
15807,54.00404
15808,53.93056
15809,53.762512
15810,53.501656
15811,53.160995
15812,52.7822
15813,52.43081
15814,52.189926
15815,52.146206
15816,52.35962
15817,52.83628
15818,53.52443
15819,54.29434
15820,54.907436
15821,54.993443
15822,54.09307
15823,51.72639
15824,47.426464
15825,40.792755
15826,31.697634
15827,20.610327
15828,8.589425
15829,-2.8195837
15830,-11.739699
15831,-16.214785
15832,-14.56909
15833,-5.8800507
15834,9.429449
15835,15.906933
15836,-1.854057
15837,-19.754063
15838,-37.57866
15839,-55.403343
15840,-73.64974
15841,-93.03064
15842,-114.52597
15843,-139.39206
15844,-169.2043
15845,-205.60216
15846,-248.45808
15847,-293.9548
15848,-336.30646
15849,-368.62286
15850,-384.28662
15851,-381.58176
15852,-366.28445
15853,-345.7754
15854,-326.9611
15855,-315.56583
15856,-313.66837
15857,-318.5152
15858,-326.45746
15859,-333.78677
15860,-337.13092
15861,-335.91702
15862,-333.81598
15863,-335.35013
15864,-345.1033
15865,-367.53497
15866,-404.58145
15867,3.5209978
15868,0.5408583
15869,-2.310779
15870,-4.733011
15871,-6.637435
15872,-8.231509
15873,-9.697432
15874,-11.188328
15875,-12.835519
15876,-14.647092
15877,-16.476086
15878,-18.207035
15879,-19.73958
15880,-35.97104
15881,-21.800724
15882,-22.136024
15883,-21.899689
15884,-21.036352
15885,-18.10608
15886,-14.098663
15887,-13.978143
15888,-14.221848
15889,-14.827908
15890,-15.708529
15891,-16.72596
15892,-17.710798
15893,-18.474354
15894,-18.821138
15895,-33.617588
15896,-18.043663
15897,-17.588507
15898,-17.559877
15899,-18.204254
15900,-19.704878
15901,-21.75678
15902,-23.42996
15903,-23.963116
15904,-22.727236
15905,-19.482124
15906,-15.117109
15907,-11.108443
15908,-7.905772
15909,-20.717274
15910,-4.8227897
15911,-5.1560965
15912,-6.1445513
15913,-7.3758035
15914,-8.435841
15915,-8.924532
15916,-8.761599
15917,-23.255806
15918,-22.610445
15919,-6.9655957
15920,-6.444233
15921,-6.122779
15922,-6.029761
15923,-6.2111597
15924,-6.7206097
15925,-7.599046
15926,-23.809061
15927,-10.209898
15928,-26.649332
15929,-27.94734
15930,-13.92998
15931,-14.439932
15932,-14.3504095
15933,-13.573688
15934,-12.062326
15935,-11.609608
15936,-13.794578
15937,-15.209703
15938,-16.77715
15939,-18.387619
15940,-19.91491
15941,-21.21767
15942,-22.144402
15943,-22.542807
15944,-22.273788
15945,-21.261776
15946,-19.64949
15947,-17.758524
15948,-15.7508135
15949,-13.712344
15950,-11.72789
15951,-9.959203
15952,-8.648071
15953,-23.009113
15954,-8.283671
15955,-9.690038
15956,-27.060099
15957,-14.681131
15958,-16.876692
15959,-17.963743
15960,-17.411488
15961,-15.518351
15962,-13.368178
15963,-11.556712
15964,-10.43752
15965,-10.308476
15966,-11.203859
15967,-12.852559
15968,-15.133816
15969,-17.961876
15970,-21.215454
15971,-39.663258
15972,-27.920732
15973,-28.971079
15974,-26.651947
15975,-26.0
15976,-41.0
15977,-26.0
15978,-26.0
15979,-26.0
15980,-26.0
15981,-26.0
15982,-26.0
15983,-26.0
15984,-26.0
15985,-26.0
15986,-24.838243
15987,-21.79641
15988,-20.422653
15989,-20.810448
15990,-21.458622
15991,-22.335524
15992,-23.361683
15993,-24.426504
15994,-25.398056
15995,-26.177046
15996,-26.800192
15997,-41.79435
15998,-26.0
15999,-26.0
16000,-26.0
16001,-41.0
16002,-26.0
16003,-26.0
16004,-41.0
16005,-26.0
16006,-26.0
16007,-26.0
16008,-26.0
16009,-26.0
16010,-26.0
16011,-26.0
16012,-26.0
16013,-26.0
16014,-26.0
16015,-26.0
16016,-26.0
16017,-26.0
16018,-26.0
16019,-26.0
16020,-26.0
16021,-26.0
16022,-26.0
16023,-26.0
16024,-26.0
16025,-26.0
16026,-26.0
16027,-26.0
16028,-41.0
16029,-26.0
16030,-26.0
16031,-26.0
16032,-26.0
16033,-26.0
16034,-26.0
16035,-26.0
16036,-26.0
16037,-24.870455
16038,-23.337093
16039,-25.834925
16040,-27.497879
16041,-41.0
16042,-26.0
16043,-26.0
16044,-26.0
16045,-26.0
16046,-26.0
16047,-26.0
16048,-26.0
16049,-26.0
16050,-26.0
16051,-26.0
16052,-26.0
16053,-26.0
16054,-26.0
16055,-26.0
16056,-26.0
16057,-26.0
16058,-26.0
16059,-26.0
16060,-26.0
16061,-26.0
16062,-26.0
16063,-26.0
16064,-26.0
16065,-26.0
16066,-26.0
16067,-41.0
16068,-26.0
16069,-26.0
16070,-26.0
16071,-41.0
16072,-26.0
16073,-26.0
16074,-26.0
16075,-26.0
16076,-26.0
16077,-41.0
16078,-26.0
16079,-26.0
16080,-26.0
16081,-26.0
16082,-41.0
16083,-26.0
16084,-26.0
16085,-26.0
16086,-41.0
16087,-26.0
16088,-26.0
16089,-26.0
16090,-26.0
16091,-26.0
16092,-26.0
16093,-26.0
16094,-26.0
16095,-26.0
16096,-26.0
16097,-26.0
16098,43.467182
16099,48.580463
16100,26.158192
16101,-12.705199
16102,-75.73993
16103,-155.41628
16104,-233.49908
16105,-279.43927
16106,-279.69537
16107,-227.13313
16108,-152.29893
16109,-73.41124
16110,-13.835125
16111,21.239473
16112,42.811966
16113,49.80012
16114,52.56426
16115,53.650803
16116,54.15673
16117,54.48054
16118,54.70725
16119,54.86568
16120,54.96879
16121,55.01481
16122,54.985905
16123,54.83527
16124,54.469162
16125,53.728733
16126,52.368103
16127,50.042305
16128,46.31243
16129,40.631393
16130,32.32669
16131,20.603434
16132,4.6605024
16133,-16.114084
16134,-42.154984
16135,-73.71731
16136,-110.77177
16137,-152.49872
16138,-196.71341
16139,-240.25305
16140,-279.2729
16141,-309.52048
16142,-326.7168
16143,-327.04053
16144,-307.71082
16145,-267.6694
16146,-247.14284
16147,-288.76096
16148,-322.91806
16149,-351.36545
16150,-375.15897
16151,-395.7002
16152,-414.6355
16153,-433.79486
16154,4.023845
16155,2.652029
16156,0.9587619
16157,-0.93263257
16158,-2.6241808
16159,-3.7302706
16160,-3.899966
16161,-17.8908
16162,-0.87519836
16163,1.5719271
16164,4.058897
16165,-441.27603
16166,-402.63065
16167,-375.4944
16168,-356.21252
16169,-340.5566
16170,-324.68854
16171,-305.52658
16172,-282.957
16173,-260.7199
16174,-242.85753
16175,-232.96986
16176,-234.15797
16177,-247.28514
16178,-269.66904
16179,-297.69095
16180,-327.18738
16181,-353.6751
16182,-374.6039
16183,-391.10223
16184,-405.30698
16185,-419.52527
16186,-435.98657
16187,4.035049
16188,2.9008837
16189,1.790146
16190,0.78894085
16191,-0.016259545
16192,-0.5402562
16193,-0.7011501
16194,-0.42243
16195,-14.634794
16196,-12.367875
16197,6.042489
16198,-415.0533
16199,-395.10886
16200,-387.77313
16201,-389.61026
16202,-397.50708
16203,-408.40286
16204,-419.1306
16205,-426.3727
16206,-427.19855
16207,-421.55035
16208,-413.59344
16209,-408.23077
16210,-410.26038
16211,-423.8433
16212,4.2862372
16213,2.819926
16214,1.969873
16215,2.2760742
16216,4.1137843
16217,-423.23273
16218,-360.03894
16219,-299.30228
16220,-251.74886
16221,-224.19194
16222,-217.39285
16223,-225.70634
16224,-243.0732
16225,-263.43973
16226,-280.6121
16227,-290.91434
16228,-295.2664
16229,-295.79688
16230,-294.73178
16231,-294.22153
16232,-295.92334
16233,-300.79877
16234,-309.68558
16235,-323.48007
16236,-343.03723
16237,-368.4574
16238,-398.4695
16239,-431.03894
16240,3.373034
16241,2.018847
16242,1.1033983
16243,0.75900525
16244,1.0907046
16245,2.1740162
16246,2.6626477
16247,1.126841
16248,-0.083029404
16249,-1.4095482
16250,-2.747569
16251,-3.983299
16252,-4.9957085
16253,-5.6598597
16254,-5.8520327
16255,-5.4560266
16256,-4.3926506
16257,-2.7253447
16258,-0.6573522
16259,1.6763254
16260,4.177447
16261,-434.2662
16262,-383.94775
16263,-340.96216
16264,-308.9224
16265,-290.9321
16266,-289.52518
16267,-303.79593
16268,-327.0517
16269,-350.74445
16270,-365.3358
16271,-361.87704
16272,-338.38974
16273,-302.90143
16274,-264.75235
16275,-231.75226
16276,-209.68317
16277,-200.73494
16278,-203.30023
16279,-215.6442
16280,-236.47691
16281,-264.5197
16282,-297.6831
16283,-332.3854
16284,-364.11148
16285,-387.75345
16286,-398.45264
16287,-394.4833
16288,-378.9015
16289,-355.92023
16290,-329.6262
16291,-303.74042
16292,-281.51913
16293,-265.8116
16294,-259.2705
16295,-264.71454
16296,-250.50166
16297,-188.22612
16298,-145.0122
16299,-114.75437
16300,-93.93538
16301,-79.92859
16302,-70.73446
16303,-64.76437
16304,-60.677868
16305,-57.272003
16306,-53.584015
16307,-49.64688
16308,-46.861637
16309,-46.856388
16310,-51.33667
16311,-61.965034
16312,-78.36821
16313,-95.91453
16314,-107.780624
16315,-106.43369
16316,-86.66599
16317,-52.376606
16318,-16.409298
16319,11.387697
16320,27.363913
16321,32.011322
16322,26.653269
16323,12.278329
16324,-9.405187
16325,-33.065327
16326,-49.874878
16327,-53.76892
16328,-46.85127
16329,-34.0614
16330,-20.171438
16331,-8.69388
16332,-0.82412463
16333,4.38009
16334,7.9963136
16335,10.897452
16336,13.769243
16337,16.810295
16338,19.614285
16339,21.718462
16340,22.717041
16341,22.199272
16342,19.657528
16343,14.36504
16344,5.2238784
16345,-9.416506
16346,-0.9093741
16347,33.59404
16348,49.779716
16349,51.595768
16350,48.734894
16351,38.718555
16352,16.689869
16353,-25.982288
16354,-79.28137
16355,-143.30246
16356,-203.8268
16357,-262.2248
16358,-310.93747
16359,-350.5478
16360,-383.0576
16361,-410.94626
16362,-434.39722
16363,4.4461064
16364,4.654409
16365,-434.8825
16366,-398.46634
16367,-346.40634
16368,-291.09833
16369,-243.89484
16370,-213.20346
16371,-205.11063
16372,-221.55998
16373,-258.89102
16374,-312.42938
16375,-376.15802
16376,-441.98428
16377,0.8631279
16378,-16.219385
16379,-2.3556948
16380,-2.4311516
16381,-1.4253004
16382,0.33816898
16383,-12.797732
16384,3.6698313
16385,4.2995462
16386,3.6800368
16387,1.758892
16388,-15.995474
16389,-4.122264
16390,-7.141673
16391,-9.522254
16392,-10.717296
16393,-10.236569
16394,-7.7427826
16395,-3.1106417
16396,-1.8586818
16397,-8.362717
16398,-12.163829
16399,-16.177763
16400,-20.228653
16401,-24.113337
16402,-42.59533
16403,-29.136452
16404,-27.293772
16405,-26.0
16406,-41.0
16407,-26.0
16408,-26.0
16409,-26.0
16410,-23.277054
16411,-16.776878
16412,-13.290083
16413,-10.746558
16414,-9.38881
16415,-9.677083
16416,-12.204868
16417,-17.01521
16418,-38.207077
16419,-29.602154
16420,-46.08167
16421,-26.0
16422,-26.0
16423,-26.0
16424,-26.0
16425,-26.0
16426,-26.0
16427,-26.0
16428,-26.0
16429,-26.0
16430,-26.0
16431,-26.0
16432,-26.0
16433,-26.0
16434,-26.0
16435,-26.0
16436,-26.0
16437,-26.0
16438,-26.0
16439,-26.0
16440,-26.0
16441,-26.0
16442,-26.0
16443,-26.0
16444,-26.0
16445,-26.0
16446,-26.0
16447,-41.0
16448,-26.0
16449,-26.0
16450,-26.0
16451,-26.0
16452,-26.0
16453,-26.0
16454,-26.0
16455,-26.0
16456,-26.0
16457,-26.0
16458,-26.0
16459,-26.0
16460,-26.0
16461,-26.0
16462,-26.0
16463,-26.0
16464,-26.0
16465,-26.0
16466,-26.0
16467,-26.0
16468,-22.814987
16469,-15.15543
16470,-10.682804
16471,-6.5873446
16472,-7.3500304
16473,-2.9264405
16474,1.6519511
16475,-370.33658
16476,-279.72134
16477,-200.72517
16478,-133.04358
16479,-75.33326
16480,-26.419125
16481,12.562414
16482,38.774975
16483,49.610195
16484,44.741444
16485,26.407099
16486,-1.100364
16487,-28.577961
16488,-64.7913
16489,-105.75665
16490,-153.98396
16491,-213.4955
16492,-290.31717
16493,-398.31433
16494,-539.9375
16495,-4.2153482
16496,-11.810753
16497,-10.521259
16498,-21.219524
16499,-27.700722
16500,-34.666924
16501,-41.824955
16502,-48.88712
16503,-55.5714
16504,-61.600975
16505,-66.70358
16506,-65.655174
16507,-68.4941
16508,-70.61256
16509,-72.41644
16510,-74.29304
16511,-76.57288
16512,-79.25995
16513,-81.91406
16514,-84.07445
16515,-85.301384
16516,-85.21673
16517,-83.791435
16518,-81.49156
16519,-78.90676
16520,-76.66979
16521,-75.24517
16522,-74.77627
16523,-75.039024
16524,-75.79319
16525,-76.80161
16526,-77.82688
16527,-78.775856
16528,-79.77112
16529,-80.94109
16530,-82.40939
16531,-84.28138
16532,-86.50052
16533,-88.784225
16534,-90.85035
16535,-92.43796
16536,-93.30864
16537,-93.30734
16538,-92.38788
16539,-90.51436
16540,-87.65126
16541,-83.76713
16542,-78.833664
16543,-77.82513
16544,-70.71751
16545,-62.48703
16546,-54.525665
16547,-48.580597
16548,-42.663033
16549,-37.012417
16550,-31.578804
16551,-26.311136
16552,-21.158436
16553,-16.070791
16554,-11.000856
16555,-5.9053445
16556,-0.7551626
16557,-588.20514
16558,-477.60568
16559,-376.15683
16560,-294.94266
16561,-229.05177
16562,-176.22664
16563,-132.04372
16564,-92.72958
16565,-55.742016
16566,-20.255798
16567,11.586479
16568,35.81141
16569,50.23096
16570,55.154984
16571,53.03393
16572,47.16077
16573,39.581593
16574,30.747227
16575,19.984758
16576,5.7333703
16577,-14.15899
16578,-42.134876
16579,-81.30216
16580,-135.72249
16581,-215.13544
16582,-311.87628
16583,-426.27536
16584,-7.46153
16585,-7.6018624
16586,-25.75578
16587,-11.902546
16588,-11.994246
16589,-26.84759
16590,-27.074444
16591,-13.226446
16592,-15.898691
16593,-35.871597
16594,-43.696133
16595,-32.45515
16596,-26.0
16597,-26.0
16598,-41.0
16599,-26.0
16600,-26.0
16601,-41.0
16602,-26.0
16603,-41.0
16604,-41.0
16605,-26.0
16606,-26.0
16607,-26.0
16608,-26.0
16609,-26.0
16610,-41.0
16611,-26.0
16612,-26.0
16613,-41.0
16614,-26.0
16615,43.467182
16616,48.580463
16617,26.158192
16618,-12.705199
16619,-75.740074
16620,-155.41904
16621,-233.5148
16622,-279.49246
16623,-279.82266
16624,-227.36555
16625,-152.64206
16626,-73.83349
16627,-14.280004
16628,20.826208
16629,42.456932
16630,49.50364
16631,52.307716
16632,53.40724
16633,53.904564
16634,54.21132
16635,54.42051
16636,54.57111
16637,54.692223
16638,54.80371
16639,54.91444
16640,55.00514
16641,54.992092
16642,54.68558
16643,53.741253
16644,51.61592
16645,47.546303
16646,40.526314
16647,29.290546
16648,12.332676
16649,-11.929442
16650,-44.865562
16651,-87.576866
16652,-140.84386
16653,-204.95724
16654,-279.04147
16655,-360.2603
16656,-444.2495
16657,-15.753568
16658,-3.9516678
16659,-6.070841
16660,-6.9074793
16661,-6.3189716
16662,-4.2413664
16663,-4.927594
16664,-11.580039
16665,-29.698263
16666,-17.30866
16667,-19.545322
16668,-21.547161
16669,-38.45628
16670,-25.418314
16671,-27.58659
16672,-28.255178
16673,-41.199463
16674,-26.0
16675,-41.0
16676,-26.0
16677,-26.0
16678,-26.0
16679,-26.0
16680,-26.0
16681,-26.0
16682,-26.0
16683,-41.0
16684,-41.0
16685,-26.0
16686,-26.0
16687,-26.0
16688,-25.558456
16689,-24.074818
16690,-22.708046
16691,-37.445045
16692,-38.043198
16693,-39.708992
16694,-27.053247
16695,-27.678442
16696,-26.0
16697,-41.0
16698,-26.0
16699,-26.0
16700,-41.0
16701,-26.0
16702,-26.0
16703,-41.0
16704,-41.0
16705,-41.0
16706,-41.0
16707,-26.0
16708,-26.0
16709,-26.0
16710,-26.0
16711,-26.0
16712,-26.0
16713,-26.0
16714,-26.0
16715,-41.0
16716,-26.0
16717,-26.0
16718,-26.0
16719,-41.0
16720,-41.0
16721,-41.0
16722,-26.0
16723,-41.0
16724,-26.0
16725,-26.0
16726,-41.0
16727,-41.0
16728,-26.0
16729,-26.0
16730,-26.0
16731,-26.0
16732,-26.0
16733,-26.0
16734,-26.0
16735,-41.0
16736,-41.0
16737,-26.0
16738,-26.0
16739,-26.0
16740,43.467182
16741,48.580463
16742,26.158192
16743,-12.705856
16744,-75.74902
16745,-155.47713
16746,-233.74088
16747,-280.10315
16748,-281.0647
16749,-229.37631
16750,-155.35458
16751,-76.97441
16752,-17.467148
16753,17.898603
16754,39.882484
16755,47.22263
16756,50.15817
16757,51.17639
16758,51.41084
16759,51.34357
16760,51.076275
16761,50.642933
16762,50.082966
16763,49.454323
16764,48.861645
16765,48.47133
16766,48.471714
16767,49.024757
16768,50.199833
16769,51.881165
16770,53.69024
16771,54.94949
16772,54.638058
16773,51.36484
16774,43.432102
16775,29.059885
16776,6.5658207
16777,-25.509075
16778,-68.215904
16779,-121.633026
16780,-184.11563
16781,-252.45164
16782,-322.08762
16783,-387.38104
16784,-442.0034
16785,-12.547224
16786,-12.738675
16787,3.5307274
16788,2.5593555
16789,-3.8457398
16790,-22.615036
16791,-10.890575
16792,-28.792545
16793,-16.446554
16794,-18.983675
16795,-36.541824
16796,-24.269388
16797,-27.33284
16798,-43.896652
16799,-26.889235
16800,-26.0
16801,-41.0
16802,-41.0
16803,-26.0
16804,-26.0
16805,-26.0
16806,-26.0
16807,-26.0
16808,-26.0
16809,-26.0
16810,-26.0
16811,-26.0
16812,-26.0
16813,-41.0
16814,-41.0
16815,-25.52279
16816,-39.575367
16817,-40.059837
16818,-26.339287
16819,-41.631813
16820,-41.0
16821,-26.0
16822,-26.0
16823,-41.0
16824,-26.0
16825,-26.0
16826,-26.0
16827,-26.0
16828,-26.0
16829,-26.0
16830,-41.0
16831,-41.0
16832,-41.0
16833,-41.0
16834,-41.0
16835,-26.0
16836,-26.0
16837,-26.0
16838,-26.0
16839,-26.0
16840,-26.0
16841,-41.0
16842,-26.0
16843,-41.0
16844,-26.0
16845,-41.0
16846,-26.0
16847,-26.0
16848,-41.0
16849,-26.0
16850,-26.0
16851,-26.0
16852,-26.0
16853,-26.0
16854,-26.0
16855,-41.0
16856,-26.0
16857,43.467182
16858,48.580463
16859,26.158258
16860,-12.704547
16861,-75.73963
16862,-155.43245
16863,-233.58536
16864,-279.6907
16865,-280.19727
16866,-227.86298
16867,-153.09152
16868,-74.03468
16869,-14.116254
16870,21.341671
16871,43.23436
16872,50.44159
16873,53.33366
16874,54.48088
16875,54.94718
16876,55.020218
16877,54.682556
16878,53.861107
16879,52.44847
16880,50.29948
16881,47.21052
16882,42.880142
16883,36.901154
16884,28.750093
16885,17.775167
16886,3.2252712
16887,-15.698605
16888,-39.876015
16889,-70.28963
16890,-107.99694
16891,-153.88611
16892,-208.36276
16893,-271.493
16894,-343.06497
16895,-422.46848
16896,0.020509386
16897,-19.231672
16898,-7.9991183
16899,-11.044471
16900,-28.131407
16901,-14.048555
16902,-13.64159
16903,-11.840755
16904,-8.662022
16905,-8.79137
16906,-15.204064
16907,-32.368996
16908,-19.091343
16909,-20.513664
16910,-21.776361
16911,-23.016418
16912,-24.368526
16913,-25.969297
16914,-27.522606
16915,-27.456137
16916,-26.0
16917,-26.0
16918,-41.0
16919,-26.0
16920,-26.0
16921,-26.0
16922,-26.0
16923,-26.0
16924,-24.999498
16925,-22.476244
16926,-21.385818
16927,-21.313604
16928,-21.03317
16929,-20.389534
16930,-19.273703
16931,-17.911324
16932,-16.820274
16933,-16.270018
16934,-16.474903
16935,-17.635744
16936,-19.662117
16937,-22.08798
16938,-24.559258
16939,-26.719963
16940,-27.916353
16941,-42.281597
16942,-41.0
16943,-26.0
16944,-26.0
16945,-26.0
16946,-26.0
16947,-26.0
16948,-26.0
16949,-26.0
16950,-26.0
16951,-26.0
16952,-26.0
16953,-26.0
16954,-41.0
16955,-26.0
16956,-26.0
16957,-41.0
16958,-26.0
16959,-26.0
16960,-26.0
16961,-26.0
16962,-26.0
16963,-41.0
16964,-26.0
16965,-26.0
16966,-26.0
16967,-26.0
16968,-26.0
16969,-26.0
16970,-41.0
16971,-26.0
16972,-26.0
16973,-26.0
16974,-26.0
16975,-26.0
16976,-26.0
16977,-26.0
16978,-23.682045
16979,-18.682278
16980,-18.04555
16981,-19.5006
16982,-21.343903
16983,-23.180285
16984,-24.588968
16985,-25.13181
16986,-24.821508
16987,-24.19512
16988,-23.533342
16989,-22.987652
16990,-22.6739
16991,-22.636889
16992,-22.86418
16993,-38.390575
16994,-24.270416
16995,-25.544535
16996,-27.007647
16997,-27.261318
16998,-41.0
16999,-26.0
17000,-41.0
17001,-41.0
17002,-26.0
17003,-26.0
17004,-26.0
17005,-26.0
17006,-26.0
17007,-26.0
17008,-26.0
17009,-26.0
17010,-26.0
17011,-41.0
17012,-26.0
17013,-26.0
17014,-26.0
17015,-41.0
17016,-26.0
17017,-26.0
17018,-26.0
17019,-41.0
17020,-26.0
17021,-25.29382
17022,-23.044643
17023,-21.57991
17024,-22.550274
17025,-39.80017
17026,-27.3915
17027,-27.554298
17028,-26.0
17029,-26.0
17030,-26.0
17031,-26.0
17032,-26.0
17033,-41.0
17034,-26.0
17035,-26.0
17036,-26.0
17037,-26.0
17038,-26.0
17039,-26.0
17040,-26.0
17041,-26.0
17042,-26.0
17043,-26.0
17044,-26.0
17045,-26.0
17046,-26.0
17047,-26.0
17048,-26.0
17049,-41.0
17050,-41.0
17051,-26.0
17052,-26.0
17053,-26.0
17054,-26.0
17055,-26.0
17056,-26.0
17057,-26.0
17058,-26.0
17059,-26.0
17060,-26.0
17061,-26.0
17062,-26.0
17063,-26.0
17064,-26.0
17065,-26.0
17066,-26.0
17067,-26.0
17068,-26.0
17069,-26.0
17070,-26.0
17071,-26.0
17072,-26.0
17073,-26.0
17074,-26.0
17075,-41.0
17076,-26.0
17077,-26.0
17078,-26.0
17079,-26.0
17080,-26.0
17081,-26.0
17082,-26.0
17083,-26.0
17084,-26.0
17085,-26.0
17086,-26.0
17087,-26.0
17088,43.46719
17089,48.58085
17090,26.165722
17091,-12.641641
17092,-75.4387
17093,-154.45317
17094,-231.1786
17095,-274.94464
17096,-272.45
17097,-217.19888
17098,-140.46156
17099,-61.028145
17100,-2.4438443
17101,30.52882
17102,49.66195
17103,54.322308
17104,55.0879
17105,54.51778
17106,53.47618
17107,52.07029
17108,50.295193
17109,48.131138
17110,45.521484
17111,42.373783
17112,38.532803
17113,33.741062
17114,27.649353
17115,19.810005
17116,9.663882
17117,-3.4323828
17118,-20.165411
17119,-41.31566
17120,-67.78881
17121,-100.59623
17122,-140.625
17123,-188.34474
17124,-243.94463
17125,-307.36826
17126,-378.1601
17127,2.8927703
17128,-16.084274
17129,-19.60462
17130,-7.4383707
17131,-9.36064
17132,-10.172666
17133,-24.72668
17134,-7.944584
17135,-4.816064
17136,-4.6494327
17137,-10.339515
17138,-12.379354
17139,-28.99374
17140,-15.320008
17141,-16.492025
17142,-17.640072
17143,-18.891985
17144,-20.37617
17145,-22.227358
17146,-24.538443
17147,-27.087229
17148,-28.24221
17149,-26.837591
17150,-26.0
17151,-26.0
17152,-26.0
17153,-24.238726
17154,-20.080635
17155,-18.269161
17156,-17.446012
17157,-17.207596
17158,-17.063883
17159,-16.790852
17160,-16.21629
17161,-15.212416
17162,-13.9564705
17163,-12.912963
17164,-12.353917
17165,-27.504448
17166,-13.57147
17167,-15.487459
17168,-17.82559
17169,-20.24331
17170,-22.398258
17171,-23.961712
17172,-24.914381
17173,-25.627533
17174,-41.338673
17175,-26.943539
17176,-26.734941
17177,-26.0
17178,-26.0
17179,-26.0
17180,-26.0
17181,-26.0
17182,-26.0
17183,-41.0
17184,-26.0
17185,-26.0
17186,-41.0
17187,-41.0
17188,-40.83284
17189,-25.179426
17190,-24.912891
17191,-26.042282
17192,-26.592001
17193,-26.051256
17194,-26.0
17195,-26.0
17196,-41.0
17197,-26.0
17198,-26.0
17199,-26.0
17200,-26.0
17201,-26.0
17202,-26.0
17203,-41.0
17204,-26.0
17205,-26.0
17206,-26.0
17207,-26.0
17208,-25.9761
17209,-23.080336
17210,-17.650925
17211,-18.01377
17212,-19.59266
17213,-36.6094
17214,-23.647757
17215,-25.268778
17216,-26.015665
17217,-25.889448
17218,-25.435827
17219,-39.947414
17220,-24.585468
17221,-24.474157
17222,-24.663069
17223,-25.141039
17224,-25.947025
17225,-26.654102
17226,-41.43799
17227,-26.0
17228,-41.0
17229,-41.0
17230,-26.0
17231,-26.0
17232,-26.0
17233,-26.0
17234,-26.0
17235,-26.0
17236,-26.0
17237,-26.0
17238,-41.0
17239,-41.0
17240,-26.0
17241,-26.0
17242,-26.0
17243,-26.0
17244,-26.0
17245,-26.0
17246,-26.0
17247,-26.0
17248,-41.0
17249,-26.0
17250,-41.0
17251,-26.0
17252,-26.0
17253,-26.0
17254,-41.0
17255,-26.0
17256,-26.0
17257,-26.0
17258,-26.0
17259,-26.0
17260,-26.0
17261,-26.0
17262,-41.0
17263,-26.0
17264,-26.0
17265,-26.0
17266,-26.0
17267,-41.0
17268,-26.0
17269,-41.0
17270,-26.0
17271,-41.0
17272,-26.0
17273,-26.0
17274,-26.0
17275,-26.0
17276,-26.0
17277,-26.0
17278,-41.0
17279,-26.0
17280,-26.0
17281,-41.0
17282,-26.0
17283,-26.0
17284,-26.0
17285,-41.0
17286,-26.0
17287,-26.0
17288,-41.0
17289,-26.0
17290,-41.0
17291,-41.0
17292,-26.0
17293,-26.0
17294,-26.0
17295,-26.0
17296,-41.0
17297,-41.0
17298,-26.0
17299,-26.0
17300,-26.0
17301,-26.0
17302,-41.0
17303,43.467182
17304,48.58048
17305,26.15927
17306,-12.688198
17307,-75.62748
17308,-154.98344
17309,-232.3341
17310,-277.01697
17311,-275.59668
17312,-221.31444
17313,-145.18288
17314,-65.81175
17315,-6.7063026
17316,27.206003
17317,47.415756
17318,53.125397
17319,54.822495
17320,55.046238
17321,54.72443
17322,54.035133
17323,52.966835
17324,51.46563
17325,49.417355
17326,46.635063
17327,42.827232
17328,37.551926
17329,30.213564
17330,20.053331
17331,6.1418114
17332,-12.577793
17333,-37.21731
17334,-68.96398
17335,-109.08558
17336,-158.88152
17337,-219.39005
17338,-291.0223
17339,-373.72876
17340,-13.080373
17341,-3.3788831
17342,-8.630007
17343,-13.592332
17344,-32.99518
17345,-21.546
17346,-23.939804
17347,-24.900635
17348,-24.24686
17349,-21.955154
17350,-18.172256
17351,-18.97065
17352,-42.525288
17353,-28.786837
17354,-27.426441
17355,-41.0
17356,-26.0
17357,-26.0
17358,-26.0
17359,-26.0
17360,-26.0
17361,-26.0
17362,-26.0
17363,-41.0
17364,-26.0
17365,-26.0
17366,-26.0
17367,-26.0
17368,-26.0
17369,-26.0
17370,-41.0
17371,-26.0
17372,-26.0
17373,-26.0
17374,-26.0
17375,-41.0
17376,-41.0
17377,-26.0
17378,-41.0
17379,-26.0
17380,-41.0
17381,-26.0
17382,-26.0
17383,-41.0
17384,-26.0
17385,-41.0
17386,-26.0
17387,-26.0
17388,-41.0
17389,-26.0
17390,-26.0
17391,-41.0
17392,-26.0
17393,-41.0
17394,-41.0
17395,-41.0
17396,-26.0
17397,-26.0
17398,-41.0
17399,-41.0
17400,-26.0
17401,-26.0
17402,-26.0
17403,-26.0
17404,-41.0
17405,-41.0
17406,-26.0
17407,-26.0
17408,-41.0
17409,-26.0
17410,-26.0
17411,-26.0
17412,-26.0
17413,-26.0
17414,-26.0
17415,-26.0
17416,-26.0
17417,-26.0
17418,-26.0
17419,-41.0
17420,43.467182
17421,48.580463
17422,26.158192
17423,-12.705856
17424,-75.748405
17425,-155.46805
17426,-233.68929
17427,-279.93155
17428,-280.65625
17429,-228.58696
17430,-154.03676
17431,-75.05544
17432,-15.030601
17433,20.65238
17434,42.784855
17435,50.19185
17436,53.23048
17437,54.474293
17438,54.977985
17439,54.97867
17440,54.368942
17441,52.955704
17442,50.48124
17443,46.61841
17444,40.942135
17445,32.87763
17446,21.698872
17447,6.5313125
17448,-13.64192
17449,-39.91657
17450,-73.374
17451,-115.10914
17452,-166.25114
17453,-227.92407
17454,-300.94098
17455,-385.445
17456,-13.848942
17457,-4.2786407
17458,-9.789124
17459,-15.252178
17460,-20.412586
17461,-24.973436
17462,-43.598614
17463,-29.407888
17464,-41.71375
17465,-26.0
17466,-26.0
17467,-24.794586
17468,-24.381584
17469,-42.536663
17470,-26.0
17471,-26.0
17472,-26.0
17473,-41.0
17474,-26.0
17475,-26.0
17476,-26.0
17477,-26.0
17478,-26.0
17479,-26.0
17480,-26.0
17481,-26.0
17482,-26.0
17483,-41.0
17484,-26.0
17485,-41.0
17486,-41.0
17487,-41.0
17488,-41.0
17489,-26.0
17490,-41.0
17491,-41.0
17492,-26.0
17493,-26.0
17494,-41.0
17495,-41.0
17496,-41.0
17497,-41.0
17498,-41.0
17499,-26.0
17500,-41.0
17501,-26.0
17502,-26.0
17503,-26.0
17504,-26.0
17505,-41.0
17506,-41.0
17507,-26.0
17508,-41.0
17509,-26.0
17510,-41.0
17511,-41.0
17512,-41.0
17513,-41.0
17514,-26.0
17515,-26.0
17516,-26.0
17517,-41.0
17518,-41.0
17519,-26.0
17520,-26.0
17521,-41.0
17522,-26.0
17523,-26.0
17524,-26.0
17525,-41.0
17526,43.467182
17527,48.58062
17528,26.160948
17529,-12.682998
17530,-75.63543
17531,-155.06297
17532,-232.54953
17533,-277.326
17534,-275.7333
17535,-220.81427
17536,-143.6129
17537,-63.06308
17538,-3.1582417
17539,30.826906
17540,50.379646
17541,54.817707
17542,54.75923
17543,52.788025
17544,49.673584
17545,45.32962
17546,39.62592
17547,32.459057
17548,23.692646
17549,13.1461525
17550,0.54215515
17551,-14.566224
17552,-32.777905
17553,-54.848274
17554,-81.68574
17555,-114.27257
17556,-153.57646
17557,-200.62592
17558,-256.5395
17559,-322.4699
17560,-399.24567
17561,-13.979845
17562,-3.996549
17563,-24.177397
17564,-14.471424
17565,-19.747232
17566,-39.736374
17567,-44.125565
17568,-30.036348
17569,-41.296707
17570,-41.0
17571,-41.0
17572,-26.0
17573,-41.0
17574,-26.0
17575,-41.0
17576,-26.0
17577,-41.0
17578,-41.0
17579,-41.0
17580,-41.0
17581,-26.0
17582,-26.0
17583,-26.0
17584,-26.0
17585,-26.0
17586,-26.0
17587,-26.0
17588,-26.0
17589,-26.0
17590,-26.0
17591,-26.0
17592,-26.0
17593,-26.0
17594,-26.0
17595,-26.0
17596,-26.0
17597,-41.0
17598,-26.0
17599,-26.0
17600,-26.0
17601,-41.0
17602,-41.0
17603,-26.0
17604,-26.0
17605,-26.0
17606,-41.0
17607,-26.0
17608,-41.0
17609,-26.0
17610,-26.0
17611,-26.0
17612,-26.0
17613,-41.0
17614,-26.0
17615,-26.0
17616,-41.0
17617,-26.0
17618,-26.0
17619,43.467182
17620,48.580463
17621,26.158192
17622,-12.705633
17623,-75.746864
17624,-155.46156
17625,-233.67268
17626,-279.88885
17627,-280.56604
17628,-228.46866
17629,-153.98918
17630,-75.210434
17631,-15.458542
17632,19.97758
17633,41.936737
17634,49.245216
17635,52.237247
17636,53.47732
17637,54.094822
17638,54.50262
17639,54.781868
17640,54.953724
17641,55.02032
17642,54.964737
17643,54.74629
17644,54.28146
17645,53.422813
17646,51.935
17647,49.46467
17648,45.52325
17649,39.486034
17650,30.555838
17651,17.722725
17652,-0.2451703
17653,-24.664654
17654,-56.694023
17655,-97.329895
17656,-147.36723
17657,-207.23853
17658,-276.3563
17659,-352.33594
17660,-431.38074
17661,-14.834614
17662,-2.9745877
17663,-5.119549
17664,-6.054336
17665,-20.617392
17666,-3.7209759
17667,-4.5611696
17668,-26.375593
17669,-29.759102
17670,-17.653345
17671,-35.18664
17672,-37.494305
17673,-24.717756
17674,-27.006329
17675,-28.28378
17676,-27.02638
17677,-41.0
17678,-26.0
17679,-26.0
17680,-41.0
17681,-26.0
17682,-26.0
17683,-26.0
17684,-26.0
17685,-41.0
17686,-26.0
17687,-26.0
17688,-26.0
17689,-41.0
17690,-26.0
17691,-41.0
17692,-26.0
17693,-26.0
17694,-26.0
17695,-26.0
17696,-26.0
17697,-26.0
17698,-26.0
17699,-41.0
17700,-41.0
17701,-26.0
17702,-26.0
17703,-26.0
17704,-26.0
17705,-26.0
17706,-26.0
17707,-26.0
17708,-26.0
17709,-41.0
17710,-26.0
17711,-26.0
17712,-26.0
17713,-41.0
17714,-26.0
17715,-41.0
17716,-26.0
17717,-41.0
17718,-26.0
17719,-26.0
17720,-41.0
17721,-26.0
17722,-26.0
17723,-26.0
17724,-41.0
17725,-26.0
17726,-26.0
17727,-26.0
17728,-41.0
17729,-26.0
17730,-26.0
17731,43.467182
17732,48.580463
17733,26.158192
17734,-12.705856
17735,-75.74902
17736,-155.47713
17737,-233.7423
17738,-280.11728
17739,-281.13022
17740,-229.56042
17741,-155.721
17742,-77.54127
17743,-18.187922
17744,17.105186
17745,39.07204
17746,46.40511
17747,49.29402
17748,50.191216
17749,50.22839
17750,49.899822
17751,49.292473
17752,48.41396
17753,47.272545
17754,45.88752
17755,44.320583
17756,42.706783
17757,41.23215
17758,40.115433
17759,39.58134
17760,39.80419
17761,40.860836
17762,42.74268
17763,45.341682
17764,48.407223
17765,51.481388
17766,53.92926
17767,55.072525
17768,54.244106
17769,50.829433
17770,44.424164
17771,35.164574
17772,23.832712
17773,11.794967
17774,0.8683386
17775,-6.9015026
17776,-9.553785
17777,-5.628339
17778,5.2967277
17779,7.495869
17780,-18.026567
17781,-45.73605
17782,-75.27583
17783,-106.59301
17784,-140.03584
17785,-176.3246
17786,-216.5498
17787,-262.19153
17788,-315.16452
17789,-377.4542
17790,-11.688222
17791,-0.523902
17792,-3.7793515
17793,-6.0268326
17794,-6.931076
17795,-6.614429
17796,-5.7137165
17797,-19.714275
17798,-18.982445
17799,-3.8081634
17800,-19.19384
17801,-19.806454
17802,-5.3976274
17803,-5.7521043
17804,-20.700447
17805,-5.336518
17806,-5.0507593
17807,-5.14389
17808,-5.882511
17809,-7.5064635
17810,-24.998611
17811,-12.985838
17812,-31.12868
17813,-34.079536
17814,-21.49658
17815,-23.31742
17816,-24.86558
17817,-26.37725
17818,-27.6142
17819,-27.323269
17820,-26.0
17821,-41.0
17822,-26.0
17823,-26.0
17824,-26.0
17825,-26.0
17826,-26.0
17827,-41.0
17828,-26.0
17829,-41.0
17830,-26.0
17831,-26.0
17832,-26.0
17833,-26.0
17834,-26.0
17835,-26.0
17836,-41.0
17837,-26.0
17838,-26.0
17839,-26.0
17840,-41.0
17841,-26.0
17842,-26.0
17843,-26.0
17844,-41.0
17845,-41.0
17846,-41.0
17847,-41.0
17848,-41.0
17849,-41.0
17850,-26.0
17851,-26.0
17852,-26.0
17853,-26.0
17854,-41.0
17855,-41.0
17856,-26.0
17857,-26.0
17858,-41.0
17859,-26.0
17860,-26.0
17861,-26.0
17862,-26.0
17863,-41.0
17864,-26.0
17865,-41.0
17866,-26.0
17867,-26.0
17868,-26.0
17869,-41.0
17870,-26.0
17871,-26.0
17872,-26.0
17873,-26.0
17874,-41.0
17875,-26.0
17876,-26.0
17877,-26.0
17878,-41.0
17879,-41.0
17880,-26.0
17881,-26.0
17882,-26.0
17883,-26.0
17884,-26.0
17885,-41.0
17886,-26.0
17887,-41.0
17888,-26.0
17889,-41.0
17890,-26.0
17891,-41.0
17892,-26.0
17893,-41.0
17894,-26.0
17895,-26.0
17896,-26.0
17897,-26.0
17898,-41.0
17899,-41.0
17900,-41.0
17901,-26.0
17902,-26.0
17903,-41.0
17904,-26.0
17905,-26.0
17906,-41.0
17907,-26.0
17908,43.467182
17909,48.580463
17910,26.158192
17911,-12.704329
17912,-75.726654
17913,-155.32433
17914,-233.11665
17915,-278.31927
17916,-277.17978
17917,-222.57945
17918,-145.42662
17919,-64.62405
17920,-4.263478
17921,30.204418
17922,50.1271
17923,54.77692
17924,54.770287
17925,52.703297
17926,49.353634
17927,44.63223
17928,38.41317
17929,30.615173
17930,21.15121
17931,9.925951
17932,-3.2190826
17933,-18.57992
17934,-36.56683
17935,-57.713425
17936,-82.68746
17937,-112.22255
17938,-147.03787
17939,-187.92206
17940,-235.77199
17941,-291.55023
17942,-355.94766
17943,-429.02246
17944,-0.019934664
17945,-4.4594584
17946,-23.961485
17947,-13.397683
17948,-17.52295
17949,-36.069305
17950,-38.75502
17951,-25.29915
17952,-40.4681
17953,-24.136147
17954,-21.328924
17955,-17.20672
17956,-17.7044
17957,-40.702133
17958,-27.416166
17959,-28.008905
17960,-41.8642
17961,-26.0
17962,-26.0
17963,-41.0
17964,-41.0
17965,-41.0
17966,-26.0
17967,-26.0
17968,-41.0
17969,-41.0
17970,-26.0
17971,-26.0
17972,-41.0
17973,-26.0
17974,-26.0
17975,-41.0
17976,-26.0
17977,-26.0
17978,-26.0
17979,-41.0
17980,-26.0
17981,-26.0
17982,-26.0
17983,-41.0
17984,-41.0
17985,-26.0
17986,-26.0
17987,-41.0
17988,-26.0
17989,-26.0
17990,-41.0
17991,-26.0
17992,-26.0
17993,-26.0
17994,-41.0
17995,-26.0
17996,-26.0
17997,-26.0
17998,-41.0
17999,-26.0
18000,-26.0
18001,-41.0
18002,-26.0
18003,-41.0
18004,-26.0
18005,-26.0
18006,-26.0
18007,-26.0
18008,-26.0
18009,-26.0
18010,-26.0
18011,-26.0
18012,-26.0
18013,-41.0
18014,-26.0
18015,-26.0
18016,-26.0
18017,-26.0
18018,-41.0
18019,-41.0
18020,-26.0
18021,-26.0
18022,43.467182
18023,48.58057
18024,26.160074
18025,-12.6896305
18026,-75.66342
18027,-155.13893
18028,-232.69197
18029,-277.51108
18030,-275.8909
18031,-220.87117
18032,-143.52884
18033,-62.82362
18034,-2.783068
18035,31.262726
18036,45.75259
18037,54.96484
18038,54.48645
18039,51.866856
18040,47.814987
18041,42.172337
18042,34.780342
18043,25.535677
18044,14.319232
18045,0.98532826
18046,-14.699855
18047,-33.13326
18048,-54.836708
18049,-80.450676
18050,-110.73726
18051,-146.5057
18052,-188.53046
18053,-237.6464
18054,-294.79266
18055,-360.96414
18056,-436.84174
18057,-0.692301
18058,-5.3918424
18059,-10.219431
18060,-15.121246
18061,-19.959658
18062,-39.46081
18063,-43.31503
18064,-29.517612
18065,-26.902254
18066,-26.0
18067,-26.0
18068,-26.0
18069,-39.872505
18070,-24.485418
18071,-27.438639
18072,-26.0
18073,-41.0
18074,-26.0
18075,-41.0
18076,-26.0
18077,-26.0
18078,-41.0
18079,-26.0
18080,-26.0
18081,-41.0
18082,-26.0
18083,-41.0
18084,-26.0
18085,-41.0
18086,-26.0
18087,-26.0
18088,-26.0
18089,-26.0
18090,-26.0
18091,-26.0
18092,-26.0
18093,-41.0
18094,-41.0
18095,-26.0
18096,-26.0
18097,-41.0
18098,-26.0
18099,-26.0
18100,-41.0
18101,-26.0
18102,-26.0
18103,-26.0
18104,-26.0
18105,-41.0
18106,-41.0
18107,-26.0
18108,-26.0
18109,-26.0
18110,-26.0
18111,-26.0
18112,-41.0
18113,-26.0
18114,-26.0
18115,-41.0
18116,-26.0
18117,-26.0
18118,-26.0
18119,-41.0
18120,-26.0
18121,-26.0
18122,-26.0
18123,-26.0
18124,-26.0
18125,-26.0
18126,-26.0
18127,-26.0
18128,-26.0
18129,-41.0
18130,-26.0
18131,-26.0
18132,-26.0
18133,-26.0
18134,-26.0
18135,-26.0
18136,-26.0
18137,-26.0
18138,-26.0
18139,-41.0
18140,-41.0
18141,43.46719
18142,48.58076
18143,26.16377
18144,-12.661891
18145,-75.549934
18146,-154.84488
18147,-232.17352
18148,-276.91293
18149,-275.62146
18150,-221.47548
18151,-145.39809
18152,-65.945145
18153,-6.6495137
18154,27.459587
18155,47.78052
18156,53.470745
18157,55.00203
18158,54.89273
18159,53.993214
18160,52.336277
18161,49.761677
18162,46.06101
18163,40.952232
18164,34.068783
18165,24.922878
18166,12.856328
18167,-2.9344122
18168,-23.381832
18169,-49.531357
18170,-82.460304
18171,-123.175446
18172,-172.66554
18173,-231.94069
18174,-302.0024
18175,-383.50696
18176,1.4530615
18177,-3.8684368
18178,-9.311215
18179,-29.82345
18180,-20.272144
18181,-25.384737
18182,-44.59804
18183,-29.84201
18184,-41.0
18185,-26.0
18186,-26.0
18187,-41.0
18188,-26.0
18189,-26.0
18190,-26.0
18191,-26.0
18192,-26.0
18193,-26.0
18194,-41.0
18195,-26.0
18196,-26.0
18197,-41.0
18198,-41.0
18199,-41.0
18200,-26.0
18201,-26.0
18202,-41.0
18203,-41.0
18204,-41.0
18205,-26.0
18206,-26.0
18207,-26.0
18208,-26.0
18209,-26.0
18210,-26.0
18211,-26.0
18212,-26.0
18213,-26.0
18214,-41.0
18215,-26.0
18216,-41.0
18217,-26.0
18218,-26.0
18219,-41.0
18220,-41.0
18221,-41.0
18222,-41.0
18223,-26.0
18224,-26.0
18225,-26.0
18226,-26.0
18227,-26.0
18228,-41.0
18229,-41.0
18230,-41.0
18231,-26.0
18232,-41.0
18233,-41.0
18234,-41.0
18235,-41.0
18236,-26.0
18237,-26.0
18238,-41.0
18239,-26.0
18240,-26.0
18241,-41.0
18242,43.467182
18243,48.580463
18244,26.158192
18245,-12.705856
18246,-75.748566
18247,-155.47023
18248,-233.6997
18249,-279.9589
18250,-280.70572
18251,-228.66176
18252,-154.15335
18253,-75.24604
18254,-15.325325
18255,20.241087
18256,42.264053
18257,49.58513
18258,52.567024
18259,53.79517
18260,54.396664
18261,54.765644
18262,54.971363
18263,55.021664
18264,54.898277
18265,54.55415
18266,53.89843
18267,52.7616
18268,50.86577
18269,47.792934
18270,42.947487
18271,35.542065
18272,24.612488
18273,8.996457
18274,-12.676758
18275,-41.95082
18276,-80.315674
18277,-128.87103
18278,-188.3412
18279,-259.06818
18280,-340.87
18281,-432.2898
18282,-1.3115704
18283,-20.983463
18284,-24.980036
18285,-13.028324
18286,-14.866967
18287,-30.284561
18288,-14.1629505
18289,-26.501219
18290,-12.296174
18291,-34.845695
18292,-22.695368
18293,-25.031143
18294,-27.006296
18295,-43.102455
18296,-42.228424
18297,-26.0
18298,-41.0
18299,-26.0
18300,-26.0
18301,-41.0
18302,-26.0
18303,-26.0
18304,-41.0
18305,-26.0
18306,-26.0
18307,-41.0
18308,-26.0
18309,-26.0
18310,-41.0
18311,-26.0
18312,-26.0
18313,-41.0
18314,-41.0
18315,-26.0
18316,-26.0
18317,-41.0
18318,-41.0
18319,-41.0
18320,-26.0
18321,-41.0
18322,-26.0
18323,-26.0
18324,-41.0
18325,-26.0
18326,-26.0
18327,-41.0
18328,-26.0
18329,-41.0
18330,-26.0
18331,-41.0
18332,-26.0
18333,-26.0
18334,-26.0
18335,-26.0
18336,-26.0
18337,-26.0
18338,-41.0
18339,-26.0
18340,-26.0
18341,-41.0
18342,-41.0
18343,-41.0
18344,-26.0
18345,-41.0
18346,-26.0
18347,-41.0
18348,-41.0
18349,-41.0
18350,-41.0
18351,-26.0
18352,43.467182
18353,48.580463
18354,26.158663
18355,-12.697681
18356,-75.68707
18357,-155.19307
18358,-232.81728
18359,-277.77426
18360,-276.3452
18361,-221.51535
18362,-144.31287
18363,-63.688946
18364,-3.6669827
18365,30.452785
18366,50.1488
18367,54.741447
18368,54.832413
18369,52.96701
18370,49.85414
18371,45.301605
18372,39.01676
18373,30.699732
18374,20.013039
18375,6.598603
18376,-9.959474
18377,-30.199463
18378,-54.747406
18379,-84.30818
18380,-119.66566
18381,-161.6095
18382,-210.8575
18383,-268.16592
18384,-334.39398
18385,-410.46902
18386,0.5421591
18387,-4.3591824
18388,-24.42908
18389,-14.633378
18390,-19.927217
18391,-25.174889
18392,-44.66539
18393,-44.938747
18394,-41.0
18395,-26.0
18396,-26.0
18397,-26.0
18398,-26.0
18399,-41.0
18400,-26.0
18401,-41.0
18402,-41.0
18403,-41.0
18404,-26.0
18405,-41.0
18406,-26.0
18407,-26.0
18408,-26.0
18409,-41.0
18410,-26.0
18411,-26.0
18412,-41.0
18413,-41.0
18414,-26.0
18415,-41.0
18416,-41.0
18417,-26.0
18418,-41.0
18419,-41.0
18420,-41.0
18421,-41.0
18422,-26.0
18423,-41.0
18424,-26.0
18425,-41.0
18426,-26.0
18427,-26.0
18428,-41.0
18429,-41.0
18430,-26.0
18431,-26.0
18432,-26.0
18433,-41.0
18434,-41.0
18435,-26.0
18436,-26.0
18437,-41.0
18438,-41.0
18439,-41.0
18440,-26.0
18441,-26.0
18442,-26.0
18443,-41.0
18444,-41.0
18445,-26.0
18446,43.467182
18447,48.580463
18448,26.158663
18449,-12.698335
18450,-75.6974
18451,-155.26707
18452,-233.1381
18453,-278.746
18454,-278.52637
18455,-225.319
18456,-149.69395
18457,-70.01852
18458,-9.920669
18459,25.228188
18460,46.478992
18461,52.858345
18462,54.841938
18463,55.011887
18464,54.294292
18465,52.772026
18466,50.29742
18467,46.649837
18468,41.50416
18469,34.416615
18470,24.793709
18471,11.849288
18472,-5.365234
18473,-27.936695
18474,-57.065434
18475,-93.96946
18476,-139.7639
18477,-195.50635
18478,-262.23438
18479,-340.93457
18480,-432.1957
18481,-16.738033
18482,-12.433688
18483,-33.26292
18484,-24.179707
18485,-25.052021
18486,-44.989174
18487,-30.170696
18488,-26.0
18489,-26.0
18490,-41.0
18491,-41.0
18492,-41.0
18493,-26.0
18494,-26.0
18495,-41.0
18496,-41.0
18497,-26.0
18498,-41.0
18499,-26.0
18500,-26.0
18501,-26.0
18502,-26.0
18503,-26.0
18504,-41.0
18505,-41.0
18506,-41.0
18507,-26.0
18508,-41.0
18509,-41.0
18510,-41.0
18511,-26.0
18512,-26.0
18513,-41.0
18514,-41.0
18515,-41.0
18516,-26.0
18517,-26.0
18518,-41.0
18519,-41.0
18520,-26.0
18521,-26.0
18522,-26.0
18523,-41.0
18524,-26.0
18525,-41.0
18526,-41.0
18527,-41.0
18528,-41.0
18529,-26.0
18530,-26.0
18531,-26.0
18532,-41.0
18533,43.467182
18534,48.580463
18535,26.158192
18536,-12.704984
18537,-75.736374
18538,-155.38516
18539,-233.3414
18540,-278.90524
18541,-278.36053
18542,-224.52739
18543,-148.14847
18544,-67.87153
18545,-7.5457296
18546,27.42523
18547,48.217415
18548,53.9438
18549,55.108177
18550,54.257515
18551,52.19134
18552,48.834793
18553,43.986847
18554,37.4684
18555,29.09437
18556,18.664635
18557,5.908561
18558,-9.586741
18559,-28.352905
18560,-51.038307
18561,-78.411285
18562,-111.29545
18563,-150.49506
18564,-196.88914
18565,-251.49806
18566,-315.46252
18567,-389.69232
18568,-13.284835
18569,-18.183153
18570,-8.2607355
18571,-13.473386
18572,-33.69761
18573,-23.675585
18574,-28.10463
18575,-29.855766
18576,-27.259377
18577,-26.0
18578,-26.0
18579,-26.0
18580,-26.0
18581,-26.0
18582,-26.0
18583,-41.0
18584,-26.0
18585,-41.0
18586,-41.0
18587,-41.0
18588,-26.0
18589,-26.0
18590,-41.0
18591,-26.0
18592,-41.0
18593,-26.0
18594,-26.0
18595,-26.0
18596,-26.0
18597,-41.0
18598,-26.0
18599,-26.0
18600,-26.0
18601,-26.0
18602,-26.0
18603,-41.0
18604,-41.0
18605,-26.0
18606,-26.0
18607,-26.0
18608,-26.0
18609,-26.0
18610,-26.0
18611,-41.0
18612,-41.0
18613,-26.0
18614,-41.0
18615,-41.0
18616,-26.0
18617,-41.0
18618,-26.0
18619,-41.0
18620,-26.0
18621,-41.0
18622,-26.0
18623,-26.0
18624,-41.0
18625,43.467182
18626,48.580463
18627,26.158192
18628,-12.705856
18629,-75.74902
18630,-155.47655
18631,-233.73302
18632,-280.0652
18633,-280.95795
18634,-229.16542
18635,-155.02582
18636,-76.53377
18637,-16.915838
18638,18.577885
18639,40.722702
18640,48.26804
18641,51.49373
18642,52.954468
18643,53.804974
18644,54.452484
18645,54.899883
18646,55.032192
18647,54.648808
18648,53.44881
18649,51.007782
18650,46.733944
18651,39.848873
18652,29.386013
18653,14.202385
18654,-6.9579153
18655,-35.365
18656,-72.30167
18657,-119.0723
18658,-176.96852
18659,-246.98123
18660,-329.42578
18661,-429.1219
18662,-6.5355754
18663,-12.299677
18664,-33.0118
18665,-18.418442
18666,-23.225243
18667,-42.100517
18668,-29.240118
18669,-28.230759
18670,-41.0
18671,-41.0
18672,-39.24068
18673,-23.646511
18674,-43.228317
18675,-41.0
18676,-41.0
18677,-26.0
18678,-26.0
18679,-41.0
18680,-26.0
18681,-41.0
18682,-26.0
18683,-26.0
18684,-41.0
18685,-26.0
18686,-26.0
18687,-26.0
18688,-41.0
18689,-41.0
18690,-41.0
18691,-26.0
18692,-26.0
18693,-41.0
18694,-26.0
18695,-26.0
18696,-26.0
18697,-41.0
18698,-41.0
18699,-41.0
18700,-41.0
18701,-26.0
18702,-26.0
18703,-26.0
18704,-41.0
18705,-26.0
18706,-41.0
18707,-26.0
18708,-26.0
18709,-41.0
18710,-26.0
18711,-41.0
18712,-26.0
18713,-41.0
18714,-41.0
18715,-41.0
18716,-26.0
18717,-26.0
18718,-26.0
18719,-26.0
18720,-26.0
18721,-26.0
18722,-41.0
18723,-41.0
18724,-26.0
18725,-26.0
18726,-26.0
18727,43.46719
18728,48.580975
18729,26.168344
18730,-12.619992
18731,-75.33385
18732,-154.09343
18733,-230.20651
18734,-272.7925
18735,-268.49454
18736,-211.09502
18737,-132.41142
18738,-51.89898
18739,6.3600206
18740,37.542988
18741,48.820618
18742,54.837128
18743,51.310875
18744,45.760067
18745,38.720867
18746,29.876562
18747,19.073565
18748,6.257583
18749,-8.633096
18750,-25.676144
18751,-45.04021
18752,-67.079575
18753,-92.28909
18754,-121.29257
18755,-154.83905
18756,-193.72147
18757,-238.70082
18758,-290.6221
18759,-350.45557
18760,-419.23642
18761,-14.320558
18762,-3.7770984
18763,-23.426056
18764,-28.2357
18765,-33.163616
18766,-38.079895
18767,-42.709435
18768,-44.920303
18769,-27.559048
18770,-41.0
18771,-41.0
18772,-41.0
18773,-26.0
18774,-41.0
18775,-41.0
18776,-26.0
18777,-26.0
18778,-26.0
18779,-26.0
18780,-26.0
18781,-26.0
18782,-41.0
18783,-26.0
18784,-41.0
18785,-26.0
18786,-41.0
18787,-41.0
18788,-26.0
18789,-41.0
18790,-41.0
18791,-26.0
18792,-26.0
18793,-26.0
18794,-41.0
18795,-26.0
18796,-41.0
18797,-26.0
18798,-26.0
18799,-26.0
18800,-26.0
18801,-26.0
18802,-26.0
18803,-26.0
18804,-41.0
18805,-26.0
18806,-41.0
18807,-41.0
18808,-41.0
18809,-26.0
18810,-41.0
18811,-26.0
18812,-26.0
18813,-41.0
18814,-41.0
18815,-41.0
18816,43.467182
18817,48.580463
18818,26.158525
18819,-12.700297
18820,-75.708336
18821,-155.28883
18822,-233.10591
18823,-278.45386
18824,-277.64148
18825,-223.52159
18826,-146.87021
18827,-66.40389
18828,-6.068286
18829,28.695658
18830,49.12158
18831,54.38382
18832,55.028862
18833,53.609318
18834,50.88088
18835,46.706287
18836,40.84359
18837,33.065422
18838,23.123362
18839,10.747973
18840,-4.400068
18841,-22.801582
18842,-45.052044
18843,-71.8557
18844,-104.02119
18845,-142.38052
18846,-187.69603
18847,-240.75049
18848,-302.3988
18849,-373.52853
18850,-12.197897
18851,-1.9441488
18852,-6.8394566
18853,-11.844303
18854,-16.909533
18855,-21.900118
18856,-41.538074
18857,-44.633186
18858,-43.68782
18859,-26.0
18860,-41.0
18861,-26.0
18862,-26.0
18863,-26.0
18864,-41.0
18865,-26.0
18866,-26.0
18867,-41.0
18868,-26.0
18869,-26.0
18870,-26.0
18871,-41.0
18872,-41.0
18873,-26.0
18874,-41.0
18875,-26.0
18876,-41.0
18877,-26.0
18878,-41.0
18879,-26.0
18880,-26.0
18881,-26.0
18882,-41.0
18883,-41.0
18884,-26.0
18885,-41.0
18886,-26.0
18887,-41.0
18888,-26.0
18889,-26.0
18890,-41.0
18891,-26.0
18892,-26.0
18893,-41.0
18894,-26.0
18895,-26.0
18896,-26.0
18897,-41.0
18898,-26.0
18899,-41.0
18900,-41.0
18901,-41.0
18902,-26.0
18903,-26.0
18904,-26.0
18905,-41.0
18906,-41.0
18907,-26.0
18908,-41.0
18909,-26.0
18910,-41.0
18911,-41.0
18912,-26.0
18913,-41.0
18914,-41.0
18915,-41.0
18916,43.46719
18917,48.580883
18918,26.16599
18919,-12.643283
18920,-75.455795
18921,-154.49745
18922,-231.16566
18923,-274.52826
18924,-270.94342
18925,-213.78152
18926,-134.62625
18927,-53.058327
18928,6.3684287
18929,38.247692
18930,49.36183
18931,54.15745
18932,48.214813
18933,38.88138
18934,26.396866
18935,10.078412
18936,-10.443711
18937,-35.303734
18938,-64.52418
18939,-98.02636
18940,-135.75282
18941,-177.82889
18942,-224.5259
18943,-276.25793
18944,-333.5851
18945,-397.11038
18946,2.3725245
18947,-1.6128607
18948,-20.795652
18949,-10.213229
18950,-14.876419
18951,-34.752552
18952,-24.819572
18953,-29.536917
18954,-30.083752
18955,-26.0
18956,-41.0
18957,-26.0
18958,-26.0
18959,-41.0
18960,-41.0
18961,-26.0
18962,-41.0
18963,-41.0
18964,-41.0
18965,-41.0
18966,-41.0
18967,-41.0
18968,-41.0
18969,-26.0
18970,-41.0
18971,-41.0
18972,-26.0
18973,-41.0
18974,-41.0
18975,-41.0
18976,-41.0
18977,-41.0
18978,-41.0
18979,-41.0
18980,-41.0
18981,-41.0
18982,-41.0
18983,-26.0
18984,-41.0
18985,-26.0
18986,-41.0
18987,-26.0
18988,-26.0
18989,-41.0
18990,-41.0
18991,-41.0
18992,-26.0
18993,-41.0
18994,-41.0
18995,-41.0
18996,-26.0
18997,43.467182
18998,48.580463
18999,26.158258
19000,-12.7043295
19001,-75.73592
19002,-155.39601
19003,-233.3779
19004,-278.93408
19005,-278.24683
19006,-224.05278
19007,-147.13213
19008,-66.31871
19009,-5.7096877
19010,29.160414
19011,49.522335
19012,54.58184
19013,54.917267
19014,53.095844
19015,49.855946
19016,45.028324
19017,38.36186
19018,29.636063
19019,18.62706
19020,5.1141725
19021,-11.173976
19022,-30.641787
19023,-53.805313
19024,-81.29771
19025,-113.87428
19026,-152.33362
19027,-197.42992
19028,-249.97032
19029,-310.8706
19030,-381.11618
19031,-12.525488
19032,-17.215221
19033,-22.082003
19034,-27.090483
19035,-17.194775
19036,-37.26292
19037,-27.019022
19038,-44.832962
19039,-28.257923
19040,-26.0
19041,-26.0
19042,-26.0
19043,-26.0
19044,-26.0
19045,-26.0
19046,-41.0
19047,-41.0
19048,-26.0
19049,-41.0
19050,-26.0
19051,-26.0
19052,-26.0
19053,-41.0
19054,-26.0
19055,-26.0
19056,-26.0
19057,-41.0
19058,-26.0
19059,-26.0
19060,-41.0
19061,-41.0
19062,-41.0
19063,-41.0
19064,-26.0
19065,-26.0
19066,-26.0
19067,-41.0
19068,-41.0
19069,-41.0
19070,-41.0
19071,-26.0
19072,-41.0
19073,-41.0
19074,-26.0
19075,-41.0
19076,-41.0
19077,-26.0
19078,-26.0
19079,-26.0
19080,-26.0
19081,-26.0
19082,-41.0
19083,-26.0
19084,-26.0
19085,-26.0
19086,-26.0
19087,-41.0
19088,-41.0
19089,-41.0
19090,-26.0
19091,-26.0
19092,-26.0
19093,43.46719
19094,48.581097
19095,26.17043
19096,-12.606512
19097,-75.28181
19098,-153.95013
19099,-229.90562
19100,-272.27792
19101,-267.7207
19102,-210.02202
19103,-131.0419
19104,-50.346195
19105,7.8642263
19106,38.704453
19107,49.337032
19108,54.35976
19109,49.415203
19110,41.909016
19111,32.190685
19112,19.71654
19113,4.1748443
19114,-14.6032
19115,-36.773174
19116,-62.493134
19117,-92.00975
19118,-125.760796
19119,-164.31386
19120,-208.34547
19121,-258.6247
19122,-315.90094
19123,-380.7942
19124,-11.997872
19125,-1.2801701
19126,-5.806762
19127,-25.577347
19128,-15.551471
19129,-20.697548
19130,-40.996204
19131,-30.010002
19132,-29.106554
19133,-26.0
19134,-26.0
19135,-41.0
19136,-26.0
19137,-41.0
19138,-26.0
19139,-26.0
19140,-26.0
19141,-26.0
19142,-41.0
19143,-26.0
19144,-26.0
19145,-26.0
19146,-41.0
19147,-26.0
19148,-26.0
19149,-26.0
19150,-26.0
19151,-41.0
19152,-26.0
19153,-41.0
19154,-41.0
19155,-26.0
19156,-41.0
19157,-41.0
19158,-41.0
19159,-41.0
19160,-41.0
19161,-26.0
19162,-41.0
19163,-26.0
19164,-26.0
19165,-41.0
19166,-41.0
19167,-41.0
19168,-26.0
19169,-26.0
19170,-41.0
19171,-26.0
19172,-26.0
19173,-41.0
19174,-26.0
19175,-26.0
19176,-26.0
19177,-26.0
19178,-41.0
19179,43.467182
19180,48.580463
19181,26.158663
19182,-12.697463
19183,-75.6826
19184,-155.16885
19185,-232.7532
19186,-277.6807
19187,-276.26736
19188,-221.48076
19189,-144.28084
19190,-63.556763
19191,-3.3521137
19192,30.920889
19193,45.613625
19194,54.95003
19195,54.477024
19196,51.70425
19197,47.283928
19198,40.971348
19199,32.503456
19200,21.657654
19201,8.187096
19202,-8.177496
19203,-27.785475
19204,-51.150562
19205,-78.907715
19206,-111.79667
19207,-150.65623
19208,-196.33371
19209,-249.57915
19210,-311.14813
19211,-381.86118
19212,2.4054806
19213,-2.3340037
19214,-22.276258
19215,-12.380151
19216,-32.612858
19217,-22.932182
19218,-28.20068
19219,-30.473095
19220,-27.195322
19221,-41.0
19222,-26.0
19223,-26.0
19224,-41.0
19225,-41.0
19226,-26.0
19227,-26.0
19228,-41.0
19229,-26.0
19230,-41.0
19231,-41.0
19232,-26.0
19233,-26.0
19234,-26.0
19235,-26.0
19236,-41.0
19237,-41.0
19238,-26.0
19239,-41.0
19240,-26.0
19241,-26.0
19242,-26.0
19243,-26.0
19244,-41.0
19245,-26.0
19246,-41.0
19247,-41.0
19248,-26.0
19249,-41.0
19250,-26.0
19251,-41.0
19252,-41.0
19253,-26.0
19254,-41.0
19255,-26.0
19256,-26.0
19257,-26.0
19258,-41.0
19259,-26.0
19260,-26.0
19261,-26.0
19262,-26.0
19263,-41.0
19264,-41.0
19265,-26.0
19266,-41.0
19267,-41.0
19268,-26.0
19269,-26.0
19270,-41.0
19271,-26.0
19272,43.46719
19273,48.581253
19274,26.173185
19275,-12.587484
19276,-75.21612
19277,-153.81453
19278,-229.74104
19279,-272.25217
19280,-268.15552
19281,-211.29933
19282,-133.3848
19283,-53.588985
19284,4.349735
19285,35.80829
19286,47.905415
19287,55.148468
19288,53.10063
19289,49.15364
19290,43.775833
19291,36.562557
19292,27.154282
19293,15.2391205
19294,0.49270615
19295,-17.407738
19296,-38.842274
19297,-64.33139
19298,-94.48554
19299,-129.99353
19300,-171.62881
19301,-220.16812
19302,-276.29285
19303,-340.70416
19304,-414.18375
19305,-14.418523
19306,-19.162119
19307,-9.101483
19308,-29.19789
19309,-19.422823
19310,-39.738285
19311,-44.63321
19312,-45.26281
19313,-41.0
19314,-26.0
19315,-41.0
19316,-26.0
19317,-26.0
19318,-26.0
19319,-26.0
19320,-26.0
19321,-41.0
19322,-41.0
19323,-41.0
19324,-26.0
19325,-26.0
19326,-41.0
19327,-26.0
19328,-41.0
19329,-26.0
19330,-26.0
19331,-26.0
19332,-26.0
19333,-26.0
19334,-26.0
19335,-41.0
19336,-26.0
19337,-26.0
19338,-26.0
19339,-41.0
19340,-26.0
19341,-26.0
19342,-41.0
19343,-26.0
19344,-26.0
19345,-26.0
19346,-41.0
19347,-26.0
19348,-26.0
19349,-26.0
19350,-26.0
19351,-26.0
19352,-41.0
19353,-41.0
19354,-26.0
19355,-26.0
19356,-26.0
19357,-26.0
19358,-41.0
19359,-41.0
19360,-26.0
19361,-41.0
19362,-26.0
19363,-41.0
19364,43.46719
19365,48.580814
19366,26.164984
19367,-12.650138
19368,-75.48885
19369,-154.63171
19370,-231.61559
19371,-275.74786
19372,-273.61554
19373,-218.57729
19374,-141.82317
19375,-62.153927
19376,-3.195581
19377,30.165792
19378,49.588917
19379,54.376804
19380,55.072784
19381,54.214363
19382,52.622776
19383,50.324863
19384,47.24239
19385,43.281895
19386,38.28986
19387,32.041683
19388,24.198862
19389,14.253392
19390,1.5461423
19391,-14.732856
19392,-35.547165
19393,-61.95885
19394,-95.051605
19395,-135.97736
19396,-185.96928
19397,-246.28687
19398,-317.88626
19399,-401.03506
19400,-14.551607
19401,-19.884348
19402,-10.3271885
19403,-15.749191
19404,-35.893917
19405,-40.464195
19406,-29.122017
19407,-44.52886
19408,-41.200916
19409,-26.0
19410,-41.0
19411,-40.483562
19412,-25.303423
19413,-26.66368
19414,-26.0
19415,-26.0
19416,-26.0
19417,-26.0
19418,-26.0
19419,-26.0
19420,-26.0
19421,-41.0
19422,-26.0
19423,-41.0
19424,-41.0
19425,-26.0
19426,-26.0
19427,-41.0
19428,-26.0
19429,-26.0
19430,-41.0
19431,-41.0
19432,-41.0
19433,-26.0
19434,-41.0
19435,-41.0
19436,-26.0
19437,-26.0
19438,-41.0
19439,-26.0
19440,-26.0
19441,-26.0
19442,-41.0
19443,-41.0
19444,-26.0
19445,-41.0
19446,-26.0
19447,-41.0
19448,-26.0
19449,-26.0
19450,-26.0
19451,-41.0
19452,-41.0
19453,-26.0
19454,-26.0
19455,-41.0
19456,-26.0
19457,-26.0
19458,-26.0
19459,43.46719
19460,48.580692
19461,26.162495
19462,-12.669504
19463,-75.56309
19464,-154.79468
19465,-231.82343
19466,-275.80063
19467,-273.1598
19468,-217.24284
19469,-139.43164
19470,-58.884823
19471,0.3924469
19472,33.354015
19473,46.78822
19474,55.134705
19475,54.003544
19476,50.878273
19477,46.342873
19478,40.09195
19479,31.823513
19480,21.287308
19481,8.227282
19482,-7.6182847
19483,-26.5781
19484,-49.132835
19485,-75.8803
19486,-107.527664
19487,-144.88931
19488,-188.80145
19489,-240.0224
19490,-299.33405
19491,-367.59943
19492,-445.72403
19493,-1.3349174
19494,-6.2068176
19495,-11.245462
19496,-31.416304
19497,-21.674343
19498,-41.88044
19499,-45.113518
19500,-28.39804
19501,-26.0
19502,-41.0
19503,-26.0
19504,-26.0
19505,-41.0
19506,-41.0
19507,-41.0
19508,-26.0
19509,-26.0
19510,-26.0
19511,-41.0
19512,-41.0
19513,-26.0
19514,-26.0
19515,-41.0
19516,-26.0
19517,-26.0
19518,-26.0
19519,-26.0
19520,-41.0
19521,-26.0
19522,-41.0
19523,-26.0
19524,-41.0
19525,-26.0
19526,-26.0
19527,-26.0
19528,-26.0
19529,-26.0
19530,-26.0
19531,-26.0
19532,-26.0
19533,-41.0
19534,-41.0
19535,-26.0
19536,-26.0
19537,-41.0
19538,-26.0
19539,-26.0
19540,-41.0
19541,-26.0
19542,-26.0
19543,-26.0
19544,-26.0
19545,-26.0
19546,-41.0
19547,-26.0
19548,-26.0
19549,-26.0
19550,-41.0
19551,-26.0
19552,-26.0
19553,-41.0
19554,-41.0
19555,-26.0
19556,-41.0
19557,-41.0
19558,-26.0
19559,-41.0
19560,-26.0
19561,-41.0
19562,43.467182
19563,48.58048
19564,26.159065
19565,-12.691582
19566,-75.649345
19567,-155.06024
19568,-232.51163
19569,-277.30374
19570,-275.9059
19571,-221.45413
19572,-144.93698
19573,-65.06808
19574,-5.551372
19575,28.517319
19576,48.600243
19577,53.941242
19578,55.091896
19579,54.63029
19580,53.44462
19581,51.630398
19582,49.15367
19583,45.97155
19584,42.00452
19585,37.13212
19586,31.158361
19587,23.76231
19588,14.508533
19589,2.840953
19590,-11.927708
19591,-30.578093
19592,-53.929283
19593,-82.89157
19594,-118.49259
19595,-161.84227
19596,-213.86687
19597,-275.00305
19598,-345.40137
19599,-424.99026
19600,-15.306149
19601,-5.010667
19602,-24.506626
19603,-28.553644
19604,-16.89598
19605,-19.267302
19606,-35.4173
19607,-20.155136
19608,-18.397154
19609,-15.186848
19610,-31.025778
19611,-24.166832
19612,-41.79626
19613,-28.515583
19614,-27.932354
19615,-41.0
19616,-26.0
19617,-26.0
19618,-26.0
19619,-41.0
19620,-26.0
19621,-26.0
19622,-26.0
19623,-41.0
19624,-26.0
19625,-26.0
19626,-41.0
19627,-26.0
19628,-41.0
19629,-41.0
19630,-41.0
19631,-26.0
19632,-41.0
19633,-41.0
19634,-26.0
19635,-41.0
19636,-26.0
19637,-26.0
19638,-26.0
19639,-41.0
19640,-41.0
19641,-26.0
19642,-41.0
19643,-41.0
19644,-41.0
19645,-26.0
19646,-26.0
19647,-41.0
19648,-41.0
19649,-41.0
19650,-26.0
19651,-26.0
19652,-41.0
19653,-41.0
19654,-26.0
19655,-41.0
19656,-26.0
19657,-26.0
19658,-26.0
19659,-26.0
19660,-26.0
19661,-41.0
19662,-26.0
19663,-26.0
19664,-26.0
19665,43.467182
19666,48.580585
19667,26.160543
19668,-12.68419
19669,-75.62878
19670,-154.99684
19671,-232.27913
19672,-276.60367
19673,-274.3181
19674,-218.65614
19675,-140.93806
19676,-60.3124
19677,-0.8086821
19678,32.474293
19679,46.271946
19680,55.034454
19681,54.430267
19682,52.047955
19683,48.64642
19684,44.160793
19685,38.537304
19686,31.778921
19687,23.884562
19688,14.8408
19689,4.5657396
19690,-7.1618514
19691,-20.680208
19692,-36.455624
19693,-55.099957
19694,-77.31856
19695,-103.847534
19696,-135.52888
19697,-173.34286
19698,-218.36429
19699,-271.46188
19700,-332.9739
19701,-402.9557
19702,-13.495186
19703,-2.8599188
19704,-7.2179747
19705,-26.343807
19706,-14.991336
19707,-32.903145
19708,-19.819788
19709,-20.511002
19710,-19.819044
19711,-32.696194
19712,-29.206947
19713,-14.733464
19714,-37.336033
19715,-39.598698
19716,-26.43744
19717,-27.899042
19718,-27.783264
19719,-26.0
19720,-41.0
19721,-41.0
19722,-41.0
19723,-41.0
19724,-26.0
19725,-26.0
19726,-26.0
19727,-26.0
19728,-41.0
19729,-26.0
19730,-26.0
19731,-26.0
19732,-26.0
19733,-41.0
19734,-26.0
19735,-26.0
19736,-41.0
19737,-26.0
19738,-26.0
19739,-26.0
19740,-26.0
19741,-41.0
19742,-26.0
19743,-26.0
19744,-26.0
19745,-26.0
19746,-26.0
19747,-26.0
19748,-26.0
19749,-41.0
19750,-26.0
19751,-26.0
19752,-26.0
19753,-26.0
19754,-26.0
19755,-26.0
19756,-26.0
19757,-26.0
19758,-26.0
19759,-26.0
19760,-26.0
19761,-41.0
19762,-26.0
19763,-41.0
19764,-26.0
19765,-41.0
19766,-41.0
19767,-26.0
19768,-26.0
19769,-41.0
19770,-26.0
19771,-26.0
19772,-26.0
19773,43.467182
19774,48.580463
19775,26.158192
19776,-12.705856
19777,-75.74902
19778,-155.47713
19779,-233.7423
19780,-280.11728
19781,-281.12897
19782,-229.5472
19783,-155.66322
19784,-77.38929
19785,-17.895243
19786,17.563305
19787,39.70583
19788,47.23334
19789,50.38398
19790,51.688545
19791,52.338245
19792,52.846336
19793,53.33374
19794,53.833458
19795,54.337795
19796,54.783184
19797,55.03198
19798,54.831345
19799,53.76042
19800,51.193253
19801,46.272846
19802,37.91923
19803,24.882835
19804,5.768098
19805,-20.950546
19806,-56.882458
19807,-103.480156
19808,-161.68382
19809,-231.96059
19810,-319.32
19811,-413.1655
19812,-5.5343738
19813,-5.8551135
19814,-25.676819
19815,-29.721607
19816,-32.699917
19817,-19.34203
19818,-19.447483
19819,-17.93628
19820,-29.869144
19821,-15.715375
19822,-38.79497
19823,-26.446047
19824,-28.454382
19825,-43.31325
19826,-26.0
19827,-26.0
19828,-26.0
19829,-41.0
19830,-26.0
19831,-26.0
19832,-41.0
19833,-41.0
19834,-26.0
19835,-41.0
19836,-26.0
19837,-41.0
19838,-41.0
19839,-26.0
19840,-41.0
19841,-26.0
19842,-26.0
19843,-26.0
19844,-26.0
19845,-26.0
19846,-41.0
19847,-41.0
19848,-41.0
19849,-41.0
19850,-26.0
19851,-26.0
19852,-41.0
19853,-26.0
19854,-26.0
19855,-41.0
19856,-26.0
19857,-26.0
19858,-26.0
19859,-41.0
19860,-26.0
19861,-41.0
19862,-26.0
19863,-26.0
19864,-26.0
19865,-26.0
19866,-26.0
19867,-41.0
19868,-26.0
19869,-26.0
19870,-26.0
19871,-41.0
19872,-26.0
19873,-41.0
19874,-26.0
19875,-41.0
19876,-26.0
19877,-26.0
19878,43.467182
19879,48.580517
19880,26.159267
19881,-12.697363
19882,-75.711006
19883,-155.35764
19884,-233.44597
19885,-279.49466
19886,-280.00067
19887,-227.78015
19888,-153.2433
19889,-74.460846
19890,-14.746083
19891,20.62913
19892,42.530094
19893,49.79496
19894,52.763943
19895,54.000443
19896,54.604992
19897,54.934826
19898,55.02889
19899,54.87214
19900,54.429237
19901,53.64255
19902,52.416275
19903,50.583305
19904,47.888397
19905,43.96932
19906,38.329437
19907,30.325443
19908,19.170397
19909,3.88838
19910,-16.717247
19911,-44.051918
19912,-79.52816
19913,-124.26513
19914,-179.14194
19915,-244.79614
19916,-321.43732
19917,-408.04678
19918,0.17120473
19919,-19.481817
19920,-8.531205
19921,-11.700551
19922,-28.719322
19923,-29.358667
19924,-13.475003
19925,-11.039277
19926,-11.976358
19927,-19.64403
19928,-37.717346
19929,-25.257133
19930,-27.410322
19931,-43.30526
19932,-26.930956
19933,-41.0
19934,-41.0
19935,-26.0
19936,-26.0
19937,-26.0
19938,-26.0
19939,-26.0
19940,-26.0
19941,-26.0
19942,-26.0
19943,-41.0
19944,-41.0
19945,-26.0
19946,-26.0
19947,-26.0
19948,-41.0
19949,-26.0
19950,-26.0
19951,-26.0
19952,-26.0
19953,-41.0
19954,-41.0
19955,-41.0
19956,-26.0
19957,-26.0
19958,-26.0
19959,-26.0
19960,-41.0
19961,-41.0
19962,-41.0
19963,-26.0
19964,-41.0
19965,-26.0
19966,-26.0
19967,-41.0
19968,-26.0
19969,-26.0
19970,-26.0
19971,-41.0
19972,-41.0
19973,-26.0
19974,-26.0
19975,-41.0
19976,-26.0
19977,-41.0
19978,-41.0
19979,-26.0
19980,-26.0
19981,-41.0
19982,-26.0
19983,-26.0
19984,-41.0
19985,-26.0
19986,43.467182
19987,48.580463
19988,26.15846
19989,-12.700081
19990,-75.70125
19991,-155.24634
19992,-232.98064
19993,-278.21606
19994,-277.33295
19995,-223.27634
19996,-146.85927
19997,-66.739845
19998,-6.7249384
19999,27.881975
20000,48.369213
20001,53.923576
20002,55.10129
20003,54.494854
20004,52.97242
20005,50.562325
20006,47.15367
20007,42.632885
20008,36.861866
20009,29.676567
20010,20.846039
20011,10.011283
20012,-3.3042789
20013,-19.705278
20014,-39.938965
20015,-64.84381
20016,-95.27573
20017,-132.16806
20018,-176.5588
20019,-229.54628
20020,-291.9753
20021,-364.07486
20022,-445.69128
20023,-1.4849066
20024,-6.3097095
20025,-11.083137
20026,-15.560154
20027,-19.469025
20028,-22.520435
20029,-24.4203
20030,-24.91418
20031,-38.851063
20032,-36.236546
20033,-17.22759
20034,-32.756813
20035,-40.790573
20036,-27.57302
20037,-43.09198
20038,-26.770927
20039,-26.0
20040,-41.0
20041,-41.0
20042,-41.0
20043,-26.0
20044,-26.0
20045,-41.0
20046,-26.0
20047,-26.0
20048,-41.0
20049,-26.0
20050,-41.0
20051,-26.0
20052,-26.0
20053,-26.0
20054,-26.0
20055,-26.0
20056,-41.0
20057,-41.0
20058,-26.0
20059,-26.0
20060,-41.0
20061,-26.0
20062,-41.0
20063,-26.0
20064,-41.0
20065,-26.0
20066,-26.0
20067,-41.0
20068,-26.0
20069,-26.0
20070,-26.0
20071,-26.0
20072,-26.0
20073,-26.0
20074,-26.0
20075,-26.0
20076,-26.0
20077,-26.0
20078,-26.0
20079,-41.0
20080,-26.0
20081,-26.0
20082,-26.0
20083,-26.0
20084,-26.0
20085,-41.0
20086,-26.0
20087,-41.0
20088,-41.0
20089,-26.0
20090,-26.0
20091,-26.0
20092,-26.0
20093,-41.0
20094,-41.0
20095,43.467182
20096,48.580463
20097,26.158192
20098,-12.705198
20099,-75.73838
20100,-155.39993
20101,-233.41306
20102,-279.15216
20103,-279.0113
20104,-225.87482
20105,-150.41174
20106,-71.0241
20107,-11.2330065
20108,23.749033
20109,45.040726
20110,51.668266
20111,54.07801
20112,54.854816
20113,55.03613
20114,54.909874
20115,54.519047
20116,53.86971
20117,52.939987
20118,51.671616
20119,49.946625
20120,47.5519
20121,44.166515
20122,39.33858
20123,32.455494
20124,22.743868
20125,9.294136
20126,-8.9708
20127,-33.311428
20128,-65.137505
20129,-105.77502
20130,-156.14215
20131,-216.81207
20132,-288.01508
20133,-369.47345
20134,-12.633407
20135,-2.4758942
20136,-6.8889103
20137,-10.616635
20138,-13.395944
20139,-29.978233
20140,-15.165974
20141,-28.853132
20142,-26.044172
20143,-26.684584
20144,-33.989014
20145,-21.66256
20146,-23.844439
20147,-25.689735
20148,-27.355186
20149,-42.904335
20150,-26.521982
20151,-26.0
20152,-26.0
20153,-26.0
20154,-26.0
20155,-41.0
20156,-26.0
20157,-26.0
20158,-26.0
20159,-26.0
20160,-26.0
20161,-26.0
20162,-41.0
20163,-41.0
20164,-26.0
20165,-26.0
20166,-41.0
20167,-26.0
20168,-26.0
20169,-26.0
20170,-26.0
20171,-26.0
20172,-26.0
20173,-26.0
20174,-41.0
20175,-41.0
20176,-26.0
20177,-26.0
20178,-26.0
20179,-26.0
20180,-26.0
20181,-41.0
20182,-26.0
20183,-41.0
20184,-41.0
20185,-26.0
20186,-41.0
20187,-26.0
20188,-41.0
20189,-26.0
20190,-26.0
20191,-26.0
20192,-41.0
20193,-26.0
20194,-26.0
20195,-26.0
20196,-41.0
20197,-26.0
20198,-26.0
20199,-41.0
20200,-26.0
20201,-41.0
20202,-26.0
20203,-41.0
20204,-41.0
20205,-41.0
20206,-26.0
20207,-26.0
20208,-26.0
20209,-26.0
20210,-41.0
20211,-41.0
20212,-26.0
20213,-26.0
20214,43.467182
20215,48.580463
20216,26.158192
20217,-12.705746
20218,-75.74748
20219,-155.45644
20220,-233.61223
20221,-279.6298
20222,-279.8652
20223,-227.08331
20224,-151.82896
20225,-72.442375
20226,-12.476052
20227,22.760628
20228,44.294018
20229,51.12239
20230,53.694035
20231,54.609894
20232,54.943714
20233,55.027336
20234,54.92065
20235,54.63284
20236,54.141983
20237,53.391357
20238,52.27311
20239,50.597866
20240,48.078957
20241,44.311172
20242,38.746178
20243,30.694212
20244,19.347963
20245,3.7546716
20246,-17.207039
20247,-44.808193
20248,-80.26418
20249,-124.43449
20250,-177.87163
20251,-240.82014
20252,-313.06595
20253,-393.21887
20254,-13.462608
20255,-2.607588
20256,-21.103392
20257,-8.712401
20258,-25.212315
20259,-10.422821
20260,-9.23361
20261,-6.616241
20262,-7.038811
20263,-13.613826
20264,-16.318033
20265,-18.557615
20266,-20.468714
20267,-37.18905
20268,-38.856876
20269,-25.612387
20270,-42.60241
20271,-28.0973
20272,-26.017235
20273,-41.0
20274,-26.0
20275,-26.0
20276,-41.0
20277,-41.0
20278,-41.0
20279,-41.0
20280,-41.0
20281,-26.0
20282,-26.0
20283,-41.0
20284,-41.0
20285,-26.0
20286,-40.91589
20287,-25.075436
20288,-38.404865
20289,-37.579575
20290,-37.405483
20291,-23.103266
20292,-39.889507
20293,-42.19414
20294,-27.581745
20295,-41.0
20296,-26.0
20297,-26.0
20298,-26.0
20299,-26.0
20300,-41.0
20301,-41.0
20302,-26.0
20303,-26.0
20304,-26.0
20305,-26.0
20306,-26.0
20307,-41.0
20308,-41.0
20309,-26.0
20310,-26.0
20311,-26.0
20312,-26.0
20313,-26.0
20314,-26.0
20315,-26.0
20316,-41.0
20317,-26.0
20318,-26.0
20319,-26.0
20320,-26.0
20321,-41.0
20322,-26.0
20323,-26.0
20324,-41.0
20325,-26.0
20326,-26.0
20327,-26.0
20328,-26.0
20329,-41.0
20330,-26.0
20331,-41.0
20332,43.467182
20333,48.580605
20334,26.162094
20335,-12.660987
20336,-75.482376
20337,-154.46976
20338,-230.98572
20339,-274.19995
20340,-270.72916
20341,-214.20276
20342,-136.22379
20343,-56.0204
20344,2.5146487
20345,34.59613
20346,47.278553
20347,55.15698
20348,53.95348
20349,51.26568
20350,47.85002
20351,43.672924
20352,38.740925
20353,33.09783
20354,26.746738
20355,19.639362
20356,11.63019
20357,2.4254067
20358,-8.379663
20359,-21.294424
20360,-36.945854
20361,-56.045383
20362,-79.344246
20363,-107.707146
20364,-142.14586
20365,-183.78918
20366,-233.60452
20367,-292.0695
20368,-359.36948
20369,-435.45517
20370,-0.5460587
20371,-5.0183053
20372,-9.292231
20373,-13.124303
20374,-16.255335
20375,-33.417507
20376,-19.364122
20377,-18.914509
20378,-16.997543
20379,-28.661652
20380,-14.204582
20381,-36.7314
20382,-24.037973
20383,-25.875387
20384,-42.39736
20385,-27.82158
20386,-41.516525
20387,-26.0
20388,-41.0
20389,-26.0
20390,-41.0
20391,-26.0
20392,-41.0
20393,-41.0
20394,-26.0
20395,-26.0
20396,-26.0
20397,-26.0
20398,-41.0
20399,-26.0
20400,-41.0
20401,-41.0
20402,-26.0
20403,-41.0
20404,-41.0
20405,-26.0
20406,-26.0
20407,-41.0
20408,-26.0
20409,-26.0
20410,-41.0
20411,-26.0
20412,-26.0
20413,-41.0
20414,-26.0
20415,-41.0
20416,-26.0
20417,-41.0
20418,-41.0
20419,-41.0
20420,-26.0
20421,-26.0
20422,-41.0
20423,-26.0
20424,-41.0
20425,-41.0
20426,-26.0
20427,-26.0
20428,-26.0
20429,-41.0
20430,-26.0
20431,-41.0
20432,-41.0
20433,-41.0
20434,-26.0
20435,-26.0
20436,-41.0
20437,-26.0
20438,-26.0
20439,-26.0
20440,-41.0
20441,-41.0
20442,-26.0
20443,43.467182
20444,48.580517
20445,26.159403
20446,-12.694096
20447,-75.68681
20448,-155.2544
20449,-233.1424
20450,-278.8227
20451,-278.81128
20452,-226.02542
20453,-151.02861
20454,-72.0526
20455,-12.482536
20456,22.503382
20457,43.950993
20458,50.80549
20459,53.451763
20460,54.449768
20461,54.863018
20462,55.021587
20463,54.970524
20464,54.7
20465,54.166763
20466,53.28843
20467,51.922123
20468,49.82397
20469,46.624306
20470,41.801517
20471,34.65514
20472,24.308994
20473,9.740944
20474,-10.241246
20475,-37.01426
20476,-72.10303
20477,-116.9357
20478,-172.50075
20479,-239.4009
20480,-317.84845
20481,-407.49753
20482,-15.204607
20483,-5.3609943
20484,-25.0747
20485,-14.072048
20486,-32.064552
20487,-18.776377
20488,-18.991142
20489,-32.605522
20490,-14.656407
20491,-30.566706
20492,-38.691826
20493,-26.449257
20494,-28.52203
20495,-28.355404
20496,-26.0
20497,-26.0
20498,-26.0
20499,-26.0
20500,-26.0
20501,-26.0
20502,-41.0
20503,-41.0
20504,-41.0
20505,-26.0
20506,-41.0
20507,-26.0
20508,-26.0
20509,-41.0
20510,-41.0
20511,-26.0
20512,-26.0
20513,-26.0
20514,-26.0
20515,-41.0
20516,-41.0
20517,-26.0
20518,-41.0
20519,-41.0
20520,-26.0
20521,-41.0
20522,-26.0
20523,-26.0
20524,-26.0
20525,-26.0
20526,-41.0
20527,-41.0
20528,-26.0
20529,-41.0
20530,-41.0
20531,-26.0
20532,-41.0
20533,-26.0
20534,-26.0
20535,-41.0
20536,-26.0
20537,-26.0
20538,-26.0
20539,-26.0
20540,-26.0
20541,-26.0
20542,-26.0
20543,-26.0
20544,-41.0
20545,-41.0
20546,-26.0
20547,-26.0
20548,-26.0
20549,-26.0
20550,-26.0
20551,-26.0
20552,43.467182
20553,48.580463
20554,26.158192
20555,-12.704983
20556,-75.7373
20557,-155.4025
20558,-233.45032
20559,-279.2975
20560,-279.35345
20561,-226.43651
20562,-151.0682
20563,-71.528595
20564,-11.370159
20565,24.028688
20566,45.629097
20567,52.372677
20568,54.6685
20569,55.058537
20570,54.43508
20571,52.800938
20572,49.868134
20573,45.250732
20574,38.463734
20575,28.937017
20576,15.999296
20577,-1.1615555
20578,-23.457628
20579,-51.870377
20580,-87.42758
20581,-131.11479
20582,-183.77336
20583,-246.18445
20584,-319.1335
20585,-403.39163
20586,-14.773046
20587,-5.2008166
20588,-25.777838
20589,-16.473894
20590,-22.251469
20591,-27.97982
20592,-45.714
20593,-42.53253
20594,-41.0
20595,-26.0
20596,-26.0
20597,-26.0
20598,-26.0
20599,-26.0
20600,-26.0
20601,-41.0
20602,-41.0
20603,-26.0
20604,-26.0
20605,-26.0
20606,-26.0
20607,-26.0
20608,-26.0
20609,-26.0
20610,-26.0
20611,-41.0
20612,-41.0
20613,-26.0
20614,-26.0
20615,-41.0
20616,-26.0
20617,-26.0
20618,-26.0
20619,-41.0
20620,-41.0
20621,-26.0
20622,-26.0
20623,-41.0
20624,-41.0
20625,-41.0
20626,-26.0
20627,-41.0
20628,-26.0
20629,-41.0
20630,-26.0
20631,-41.0
20632,-26.0
20633,-26.0
20634,-26.0
20635,-26.0
20636,-26.0
20637,-41.0
20638,-41.0
20639,-41.0
20640,-26.0
20641,43.46719
20642,48.581306
20643,26.174868
20644,-12.566922
20645,-75.08671
20646,-153.30841
20647,-228.33632
20648,-269.23804
20649,-262.89658
20650,-203.60051
20651,-123.7096
20652,-43.147427
20653,13.761564
20654,42.357174
20655,50.219284
20656,52.153164
20657,43.866764
20658,32.726284
20659,18.948454
20660,1.8961663
20661,-18.655073
20662,-42.713192
20663,-70.23823
20664,-101.16274
20665,-135.50897
20666,-173.5204
20667,-215.59189
20668,-262.24905
20669,-314.14203
20670,-371.92786
20671,-436.16312
20672,-14.652073
20673,-18.605404
20674,-22.788557
20675,-12.207066
20676,-31.82402
20677,-21.610909
20678,-26.549263
20679,-44.935627
20680,-43.504295
20681,-41.0
20682,-26.0
20683,-26.0
20684,-26.0
20685,-41.0
20686,-26.0
20687,-26.0
20688,-41.0
20689,-26.0
20690,-41.0
20691,-26.0
20692,-26.0
20693,-26.0
20694,-26.0
20695,-26.0
20696,-26.0
20697,-26.0
20698,-26.0
20699,-41.0
20700,-26.0
20701,-26.0
20702,-26.0
20703,-26.0
20704,-41.0
20705,-26.0
20706,-26.0
20707,-41.0
20708,-26.0
20709,-26.0
20710,-41.0
20711,-41.0
20712,-41.0
20713,-26.0
20714,-26.0
20715,-26.0
20716,-41.0
20717,-26.0
20718,-41.0
20719,-41.0
20720,-26.0
20721,-26.0
20722,-26.0
20723,-26.0
20724,-41.0
20725,-41.0
20726,-41.0
20727,-26.0
20728,-41.0
20729,-26.0
20730,-26.0
20731,-41.0
20732,-26.0
20733,43.46719
20734,48.581097
20735,26.170294
20736,-12.60836
20737,-75.301346
20738,-154.06276
20739,-230.32391
20740,-273.40262
20741,-270.0684
20742,-213.96417
20743,-136.49113
20744,-56.58788
20745,2.0028741
20746,34.38416
20747,47.335983
20748,55.176136
20749,53.38676
20750,49.33187
20751,43.44351
20752,35.22768
20753,24.212347
20754,9.9889145
20755,-7.8345685
20756,-29.609892
20757,-55.701702
20758,-86.57314
20759,-122.7388
20760,-164.76433
20761,-213.28737
20762,-268.94
20763,-332.25537
20764,-403.80725
20765,1.3060375
20766,-3.2932606
20767,-8.118923
20768,-13.131441
20769,-18.297773
20770,-23.594803
20771,-43.98895
20772,-45.78079
20773,-26.402067
20774,-26.0
20775,-26.0
20776,-26.0
20777,-26.0
20778,-26.0
20779,-41.0
20780,-41.0
20781,-26.0
20782,-41.0
20783,-26.0
20784,-41.0
20785,-26.0
20786,-26.0
20787,-26.0
20788,-41.0
20789,-41.0
20790,-26.0
20791,-26.0
20792,-26.0
20793,-26.0
20794,-26.0
20795,-41.0
20796,-26.0
20797,-26.0
20798,-41.0
20799,-26.0
20800,-26.0
20801,-26.0
20802,-41.0
20803,-26.0
20804,-26.0
20805,-41.0
20806,-26.0
20807,-26.0
20808,-41.0
20809,-26.0
20810,-41.0
20811,-41.0
20812,-26.0
20813,-41.0
20814,-26.0
20815,-41.0
20816,-41.0
20817,-41.0
20818,-41.0
20819,-41.0
20820,-26.0
20821,-26.0
20822,-26.0
20823,-41.0
20824,-26.0
20825,-26.0
20826,-41.0
20827,43.467182
20828,48.580463
20829,26.158192
20830,-12.705856
20831,-75.74902
20832,-155.47713
20833,-233.73903
20834,-280.082
20835,-280.9616
20836,-229.07422
20837,-154.72995
20838,-75.97384
20839,-16.153881
20840,19.386717
20841,41.4414
20842,48.826843
20843,51.87699
20844,53.1596
20845,53.819084
20846,54.284348
20847,54.635147
20848,54.883152
20849,55.013912
20850,54.982075
20851,54.700756
20852,54.01427
20853,52.66969
20854,50.289963
20855,46.342205
20856,40.12604
20857,30.791756
20858,17.325024
20859,-1.4708273
20860,-26.959501
20861,-60.481754
20862,-103.054855
20863,-155.38797
20864,-217.86299
20865,-290.37204
20866,-371.59537
20867,2.5092132
20868,-1.8534924
20869,-5.5656266
20870,-23.379028
20871,-25.059336
20872,-10.415444
20873,-9.331221
20874,-6.7795825
20875,-22.249361
20876,-28.880905
20877,-31.604147
20878,-18.844446
20879,-20.748096
20880,-37.465332
20881,-39.14635
20882,-25.940771
20883,-27.708147
20884,-27.781483
20885,-26.0
20886,-41.0
20887,-26.0
20888,-41.0
20889,-26.0
20890,-41.0
20891,-26.0
20892,-26.0
20893,-41.0
20894,-26.0
20895,-41.0
20896,-26.0
20897,-26.0
20898,-26.0
20899,-41.0
20900,-26.0
20901,-41.0
20902,-26.0
20903,-40.77268
20904,-40.692787
20905,-26.293123
20906,-26.0
20907,-26.0
20908,-26.0
20909,-41.0
20910,-41.0
20911,-41.0
20912,-41.0
20913,-26.0
20914,-41.0
20915,-26.0
20916,-26.0
20917,-41.0
20918,-41.0
20919,-41.0
20920,-26.0
20921,-26.0
20922,-41.0
20923,-26.0
20924,-26.0
20925,-26.0
20926,-26.0
20927,-26.0
20928,-41.0
20929,-26.0
20930,-41.0
20931,-41.0
20932,-26.0
20933,-26.0
20934,-26.0
20935,-26.0
20936,-41.0
20937,-26.0
20938,-26.0
20939,43.467182
20940,48.580463
20941,26.158394
20942,-12.702586
20943,-75.726685
20944,-155.38644
20945,-233.48227
20946,-279.53336
20947,-280.03357
20948,-227.77173
20949,-153.14072
20950,-74.24704
20951,-14.46591
20952,20.901163
20953,42.740147
20954,49.92705
20955,52.832767
20956,54.031597
20957,54.62141
20958,54.948536
20959,55.02509
20960,54.78605
20961,54.121098
20962,52.87183
20963,50.80944
20964,47.584957
20965,42.696712
20966,35.459846
20967,24.976673
20968,10.147938
20969,-10.281631
20970,-37.744118
20971,-73.84528
20972,-120.29647
20973,-178.61696
20974,-249.74506
20975,-339.12167
20976,-436.69702
20977,-22.167019
20978,-13.050493
20979,-18.712017
20980,-33.864883
20981,-23.186905
20982,-41.322475
20983,-27.922337
20984,-42.72487
20985,-25.658476
20986,-21.89537
20987,-38.03415
20988,-44.881577
20989,-41.0
20990,-41.0
20991,-26.0
20992,-26.0
20993,-26.0
20994,-26.0
20995,-26.0
20996,-41.0
20997,-41.0
20998,-41.0
20999,-26.0
21000,-41.0
21001,-26.0
21002,-26.0
21003,-26.0
21004,-41.0
21005,-26.0
21006,-26.0
21007,-26.0
21008,-26.0
21009,-26.0
21010,-26.0
21011,-41.0
21012,-26.0
21013,-26.0
21014,-41.0
21015,-41.0
21016,-26.0
21017,-26.0
21018,-41.0
21019,-26.0
21020,-41.0
21021,-41.0
21022,-26.0
21023,-26.0
21024,-26.0
21025,-26.0
21026,-41.0
21027,-26.0
21028,-41.0
21029,-26.0
21030,-41.0
21031,-26.0
21032,-41.0
21033,-26.0
21034,43.46719
21035,48.58071
21036,26.163033
21037,-12.664168
21038,-75.540184
21039,-154.74905
21040,-231.78853
21041,-275.81775
21042,-273.12994
21043,-216.83005
21044,-138.21187
21045,-56.672253
21046,3.2874234
21047,36.16632
21048,48.56507
21049,54.821415
21050,50.42941
21051,42.650448
21052,31.637293
21053,16.565344
21054,-3.162794
21055,-27.905079
21056,-57.853527
21057,-93.01944
21058,-133.33823
21059,-178.82315
21060,-229.54384
21061,-285.65616
21062,-347.44403
21063,-415.23178
21064,-13.810972
21065,-2.8678727
21066,-7.067991
21067,-26.453163
21068,-16.040165
21069,-20.801588
21070,-40.720634
21071,-44.705315
21072,-44.25406
21073,-41.0
21074,-41.0
21075,-26.0
21076,-26.0
21077,-41.0
21078,-26.0
21079,-26.0
21080,-41.0
21081,-41.0
21082,-41.0
21083,-26.0
21084,-26.0
21085,-26.0
21086,-41.0
21087,-26.0
21088,-26.0
21089,-26.0
21090,-41.0
21091,-41.0
21092,-26.0
21093,-26.0
21094,-26.0
21095,-41.0
21096,-26.0
21097,-26.0
21098,-26.0
21099,-26.0
21100,-26.0
21101,-26.0
21102,-26.0
21103,-41.0
21104,-26.0
21105,-26.0
21106,-41.0
21107,-26.0
21108,-26.0
21109,-41.0
21110,-41.0
21111,-26.0
21112,-41.0
21113,-26.0
21114,-41.0
21115,-41.0
21116,-41.0
21117,-26.0
21118,-26.0
21119,-41.0
21120,43.467182
21121,48.58048
21122,26.158798
21123,-12.695721
21124,-75.675995
21125,-155.14844
21126,-232.67055
21127,-277.42215
21128,-275.71384
21129,-220.61305
21130,-143.22202
21131,-62.529583
21132,-2.5641558
21133,31.385256
21134,45.8021
21135,54.974186
21136,54.463715
21137,51.766228
21138,47.505302
21139,41.39858
21140,33.13681
21141,22.461687
21142,9.115588
21143,-7.1573834
21144,-26.671898
21145,-49.884655
21146,-77.35629
21147,-109.741936
21148,-147.79245
21149,-192.27702
21150,-243.89197
21151,-303.36807
21152,-371.52942
21153,3.1529808
21154,-1.4543734
21155,-6.260454
21156,-11.225605
21157,-31.316954
21158,-36.490433
21159,-41.6083
21160,-29.988667
21161,-28.624197
21162,-26.0
21163,-26.0
21164,-41.0
21165,-41.0
21166,-41.0
21167,-26.0
21168,-41.0
21169,-26.0
21170,-41.0
21171,-26.0
21172,-26.0
21173,-26.0
21174,-26.0
21175,-41.0
21176,-41.0
21177,-26.0
21178,-41.0
21179,-26.0
21180,-41.0
21181,-41.0
21182,-26.0
21183,-26.0
21184,-41.0
21185,-26.0
21186,-41.0
21187,-41.0
21188,-26.0
21189,-26.0
21190,-41.0
21191,-26.0
21192,-26.0
21193,-26.0
21194,-41.0
21195,-26.0
21196,-41.0
21197,-26.0
21198,-41.0
21199,-41.0
21200,-41.0
21201,-41.0
21202,-41.0
21203,-41.0
21204,-41.0
21205,-41.0
21206,-26.0
21207,-26.0
21208,-41.0
21209,-26.0
21210,43.46719
21211,48.580868
21212,26.166262
21213,-12.637293
21214,-75.41824
21215,-154.38907
21216,-231.02881
21217,-274.66385
21218,-272.0105
21219,-216.60399
21220,-139.71649
21221,-60.118595
21222,-1.387315
21223,31.62026
21224,50.59008
21225,54.813374
21226,54.809948
21227,53.06771
21228,50.293728
21229,46.360134
21230,41.081
21231,34.291748
21232,25.806526
21233,15.417342
21234,2.8447745
21235,-12.332603
21236,-30.65685
21237,-52.790783
21238,-79.517685
21239,-111.66997
21240,-150.0534
21241,-195.54231
21242,-249.12793
21243,-311.8681
21244,-384.53094
21245,-12.872235
21246,-17.641165
21247,-22.551888
21248,-12.55368
21249,-32.51901
21250,-22.19293
21251,-26.285156
21252,-44.20735
21253,-28.872404
21254,-26.0
21255,-41.0
21256,-26.0
21257,-24.762428
21258,-24.338768
21259,-42.57706
21260,-26.0
21261,-26.0
21262,-26.0
21263,-26.0
21264,-26.0
21265,-41.0
21266,-26.0
21267,-26.0
21268,-26.0
21269,-41.0
21270,-26.0
21271,-26.0
21272,-41.0
21273,-26.0
21274,-26.0
21275,-26.0
21276,-26.0
21277,-41.0
21278,-26.0
21279,-26.0
21280,-26.0
21281,-26.0
21282,-41.0
21283,-26.0
21284,-26.0
21285,-26.0
21286,-41.0
21287,-26.0
21288,-26.0
21289,-41.0
21290,-26.0
21291,-41.0
21292,-26.0
21293,-41.0
21294,-26.0
21295,-41.0
21296,-26.0
21297,-26.0
21298,-26.0
21299,-26.0
21300,-41.0
21301,-41.0
21302,-26.0
21303,-41.0
21304,-41.0
21305,-41.0
21306,-26.0
21307,-41.0
21308,-41.0
21309,-26.0
21310,-41.0
21311,-41.0
21312,43.46719
21313,48.580727
21314,26.16337
21315,-12.660356
21316,-75.51987
21317,-154.6792
21318,-231.60376
21319,-275.4318
21320,-272.48502
21321,-215.92805
21322,-137.09984
21323,-55.444866
21324,4.466338
21325,37.078022
21326,48.981834
21327,54.50608
21328,49.14516
21329,40.16886
21330,27.730312
21331,11.025614
21332,-10.453581
21333,-36.943893
21334,-68.51023
21335,-105.05305
21336,-146.43863
21337,-192.66484
21338,-243.82652
21339,-300.12967
21340,-361.91833
21341,-429.5839
21342,0.48798835
21343,-18.524136
21344,-7.694681
21345,-12.066765
21346,-16.65755
21347,-21.439575
21348,-26.396273
21349,-44.911457
21350,-28.638449
21351,-26.0
21352,-26.0
21353,-41.0
21354,-26.0
21355,-26.0
21356,-41.0
21357,-41.0
21358,-41.0
21359,-26.0
21360,-26.0
21361,-26.0
21362,-26.0
21363,-41.0
21364,-26.0
21365,-41.0
21366,-26.0
21367,-41.0
21368,-41.0
21369,-26.0
21370,-26.0
21371,-26.0
21372,-26.0
21373,-41.0
21374,-26.0
21375,-26.0
21376,-26.0
21377,-26.0
21378,-26.0
21379,-26.0
21380,-41.0
21381,-41.0
21382,-41.0
21383,-26.0
21384,-26.0
21385,-26.0
21386,-26.0
21387,-26.0
21388,-41.0
21389,-26.0
21390,-26.0
21391,-41.0
21392,-41.0
21393,-41.0
21394,-26.0
21395,-26.0
21396,-26.0
21397,-41.0
21398,-26.0
21399,-26.0
21400,43.467182
21401,48.580517
21402,26.159267
21403,-12.697145
21404,-75.707306
21405,-155.32455
21406,-233.27621
21407,-278.92502
21408,-278.59763
21409,-225.05687
21410,-148.88618
21411,-68.589424
21412,-8.01344
21413,27.290264
21414,48.32559
21415,54.104965
21416,55.087074
21417,53.789997
21418,50.955147
21419,46.41786
21420,39.908943
21421,31.197493
21422,20.052158
21423,6.2260475
21424,-10.6109
21425,-30.950367
21426,-55.407246
21427,-84.70283
21428,-119.65919
21429,-161.11752
21430,-209.84346
21431,-266.62305
21432,-332.31717
21433,-407.81863
21434,0.72311074
21435,-4.1416755
21436,-9.160306
21437,-29.293594
21438,-19.491913
21439,-24.61547
21440,-44.372414
21441,-45.34569
21442,-41.064617
21443,-26.0
21444,-41.0
21445,-26.0
21446,-26.0
21447,-26.0
21448,-26.0
21449,-26.0
21450,-26.0
21451,-41.0
21452,-41.0
21453,-41.0
21454,-41.0
21455,-26.0
21456,-26.0
21457,-41.0
21458,-41.0
21459,-26.0
21460,-26.0
21461,-26.0
21462,-26.0
21463,-41.0
21464,-41.0
21465,-26.0
21466,-26.0
21467,-41.0
21468,-26.0
21469,-41.0
21470,-41.0
21471,-26.0
21472,-41.0
21473,-41.0
21474,-26.0
21475,-26.0
21476,-41.0
21477,-41.0
21478,-41.0
21479,-41.0
21480,-41.0
21481,-41.0
21482,-26.0
21483,-26.0
21484,-41.0
21485,-26.0
21486,-41.0
21487,-26.0
21488,-41.0
21489,-26.0
21490,-26.0
21491,-41.0
21492,-26.0
21493,-26.0
21494,-41.0
21495,-41.0
21496,-26.0
21497,-26.0
21498,-41.0
21499,-26.0
21500,-41.0
21501,-26.0
21502,43.46719
21503,48.580868
21504,26.16606
21505,-12.642737
21506,-75.45672
21507,-154.52422
21508,-231.30779
21509,-274.9989
21510,-272.09027
21511,-215.95772
21512,-137.96933
21513,-57.28451
21514,2.0177035
21515,34.773785
21516,47.693542
21517,55.152706
21518,52.714893
21519,47.80354
21520,40.88039
21521,31.497025
21522,19.297644
21523,4.022879
21524,-14.566764
21525,-36.67929
21526,-62.55516
21527,-92.56201
21528,-127.149345
21529,-166.8458
21530,-212.27187
21531,-264.05365
21532,-322.72925
21533,-388.89258
21534,2.4977229
21535,-1.821748
21536,-6.369494
21537,-11.110812
21538,-16.015814
21539,-36.061604
21540,-26.212414
21541,-29.963367
21542,-43.90137
21543,-41.0
21544,-41.0
21545,-26.0
21546,-41.0
21547,-26.0
21548,-26.0
21549,-26.0
21550,-41.0
21551,-41.0
21552,-41.0
21553,-26.0
21554,-26.0
21555,-26.0
21556,-26.0
21557,-26.0
21558,-41.0
21559,-26.0
21560,-26.0
21561,-26.0
21562,-26.0
21563,-41.0
21564,-41.0
21565,-26.0
21566,-41.0
21567,-26.0
21568,-41.0
21569,-26.0
21570,-41.0
21571,-26.0
21572,-26.0
21573,-26.0
21574,-41.0
21575,-41.0
21576,-26.0
21577,-41.0
21578,-41.0
21579,-41.0
21580,-26.0
21581,-26.0
21582,-41.0
21583,-26.0
21584,-41.0
21585,-26.0
21586,-41.0
21587,-26.0
21588,-26.0
21589,-26.0
21590,-26.0
21591,-41.0
21592,-26.0
21593,-26.0
21594,43.467182
21595,48.58048
21596,26.159874
21597,-12.677303
21598,-75.53968
21599,-154.5677
21600,-230.98465
21601,-273.72147
21602,-269.21097
21603,-211.1599
21604,-131.56328
21605,-50.239895
21606,8.362329
21607,39.232193
21608,49.56265
21609,54.029003
21610,48.326164
21611,39.865128
21612,28.957993
21613,15.0233
21614,-2.2366707
21615,-22.939924
21616,-47.15809
21617,-74.93523
21618,-106.400635
21619,-141.90337
21620,-181.9563
21621,-227.20847
21622,-278.4235
21623,-336.3574
21624,-401.64145
21625,1.927771
21626,-17.279953
21627,-6.733505
21628,-11.435041
21629,-31.345715
21630,-36.435593
21631,-41.68671
21632,-30.167463
21633,-28.462786
21634,-41.0
21635,-26.0
21636,-26.0
21637,-26.0
21638,-26.0
21639,-26.0
21640,-26.0
21641,-26.0
21642,-41.0
21643,-26.0
21644,-41.0
21645,-26.0
21646,-26.0
21647,-26.0
21648,-26.0
21649,-26.0
21650,-41.0
21651,-26.0
21652,-26.0
21653,-26.0
21654,-26.0
21655,-26.0
21656,-41.0
21657,-41.0
21658,-41.0
21659,-26.0
21660,-26.0
21661,-26.0
21662,-41.0
21663,-41.0
21664,-26.0
21665,-26.0
21666,-26.0
21667,-41.0
21668,-41.0
21669,-26.0
21670,-26.0
21671,-26.0
21672,-26.0
21673,-26.0
21674,-26.0
21675,-41.0
21676,-26.0
21677,-41.0
21678,-41.0
21679,-41.0
21680,-26.0
21681,-26.0
21682,-41.0
21683,43.467182
21684,48.580498
21685,26.158728
21686,-12.700302
21687,-75.71915
21688,-155.36563
21689,-233.40599
21690,-279.24207
21691,-279.2122
21692,-226.0813
21693,-150.43257
21694,-70.69729
21695,-10.533304
21696,24.705881
21697,46.085297
21698,52.62144
21699,54.756824
21700,55.04065
21701,54.372307
21702,52.797413
21703,50.12437
21704,46.112415
21705,40.467064
21706,32.846485
21707,22.833607
21708,9.879999
21709,-6.6811934
21710,-27.631767
21711,-53.86435
21712,-86.317024
21713,-125.89614
21714,-173.55185
21715,-230.3231
21716,-297.2956
21717,-375.25165
21718,2.15038
21719,-18.016775
21720,-23.326498
21721,-13.728045
21722,-34.090466
21723,-39.146828
21724,-43.585663
21725,-29.9607
21726,-41.843906
21727,-26.0
21728,-41.0
21729,-26.0
21730,-41.0
21731,-26.0
21732,-26.0
21733,-41.0
21734,-26.0
21735,-26.0
21736,-26.0
21737,-26.0
21738,-41.0
21739,-26.0
21740,-26.0
21741,-26.0
21742,-41.0
21743,-41.0
21744,-26.0
21745,-26.0
21746,-41.0
21747,-26.0
21748,-41.0
21749,-41.0
21750,-26.0
21751,-41.0
21752,-26.0
21753,-26.0
21754,-26.0
21755,-26.0
21756,-41.0
21757,-41.0
21758,-41.0
21759,-26.0
21760,-41.0
21761,-26.0
21762,-41.0
21763,-41.0
21764,-26.0
21765,-26.0
21766,-26.0
21767,-41.0
21768,-26.0
21769,-26.0
21770,-41.0
21771,-41.0
21772,-26.0
21773,-41.0
21774,-41.0
21775,-26.0
21776,-41.0
21777,-41.0
21778,-26.0
21779,-26.0
21780,43.467182
21781,48.580463
21782,26.158192
21783,-12.705856
21784,-75.748566
21785,-155.47043
21786,-233.7034
21787,-279.9831
21788,-280.80496
21789,-228.94623
21790,-154.74525
21791,-76.17558
21792,-16.461765
21793,19.116268
21794,41.311134
21795,48.86999
21796,52.087425
21797,53.52758
21798,54.32183
21799,54.833126
21800,55.038628
21801,54.80614
21802,53.92753
21803,52.115376
21804,48.986004
21805,44.017654
21806,36.532204
21807,25.679623
21808,10.425867
21809,-10.40529
21810,-38.049644
21811,-73.808556
21812,-119.04983
21813,-175.1566
21814,-243.22258
21815,-323.66302
21816,-421.38483
21817,-21.022541
21818,-26.743343
21819,-32.428497
21820,-17.82702
21821,-22.649115
21822,-26.568846
21823,-29.13822
21824,-28.724731
21825,-41.0
21826,-26.0
21827,-24.155624
21828,-23.534105
21829,-28.333729
21830,-41.0
21831,-41.0
21832,-41.0
21833,-41.0
21834,-26.0
21835,-41.0
21836,-26.0
21837,-26.0
21838,-26.0
21839,-26.0
21840,-26.0
21841,-41.0
21842,-41.0
21843,-41.0
21844,-41.0
21845,-41.0
21846,-26.0
21847,-26.0
21848,-26.0
21849,-41.0
21850,-26.0
21851,-26.0
21852,-41.0
21853,-26.0
21854,-26.0
21855,-41.0
21856,-41.0
21857,-26.0
21858,-41.0
21859,-41.0
21860,-26.0
21861,-26.0
21862,-26.0
21863,-26.0
21864,-41.0
21865,-26.0
21866,-26.0
21867,-26.0
21868,-41.0
21869,-26.0
21870,-41.0
21871,-26.0
21872,-26.0
21873,-26.0
21874,-26.0
21875,-41.0
21876,-41.0
21877,43.467182
21878,48.580463
21879,26.158192
21880,-12.705856
21881,-75.74902
21882,-155.47615
21883,-233.72975
21884,-280.0453
21885,-280.8842
21886,-228.97522
21887,-154.64647
21888,-75.91952
21889,-16.103924
21890,19.472055
21891,41.585903
21892,49.031597
21893,52.135986
21894,53.47228
21895,54.17924
21896,54.656937
21897,54.95079
21898,55.024776
21899,54.790836
21900,54.0916
21901,52.665245
21902,50.08568
21903,45.718422
21904,38.69137
21905,27.882488
21906,11.963835
21907,-10.504818
21908,-41.044815
21909,-81.22829
21910,-132.60654
21911,-196.40999
21912,-278.1595
21913,-367.80054
21914,-3.1339645
21915,-23.983038
21916,-29.78242
21917,-15.285249
21918,-20.208597
21919,-39.23805
21920,-27.033066
21921,-28.271145
21922,-42.71822
21923,-40.367733
21924,-21.448769
21925,-22.623886
21926,-29.881723
21927,-26.218998
21928,-26.0
21929,-26.0
21930,-26.0
21931,-26.0
21932,-26.0
21933,-41.0
21934,-26.0
21935,-26.0
21936,-41.0
21937,-41.0
21938,-41.0
21939,-26.0
21940,-26.0
21941,-41.0
21942,-26.0
21943,-26.0
21944,-41.0
21945,-26.0
21946,-41.0
21947,-26.0
21948,-26.0
21949,-26.0
21950,-41.0
21951,-26.0
21952,-41.0
21953,-26.0
21954,-26.0
21955,-26.0
21956,-26.0
21957,-26.0
21958,-41.0
21959,-26.0
21960,-41.0
21961,-26.0
21962,-41.0
21963,-41.0
21964,-26.0
21965,-26.0
21966,-41.0
21967,-41.0
21968,-26.0
21969,-41.0
21970,-26.0
21971,-26.0
21972,-26.0
21973,-26.0
21974,-41.0
21975,-41.0
21976,-26.0
21977,43.46719
21978,48.580746
21979,26.163708
21980,-12.6577425
21981,-75.513275
21982,-154.68872
21983,-231.7273
21984,-275.89954
21985,-273.6473
21986,-218.10294
21987,-140.33377
21988,-59.34392
21989,0.66723204
21990,34.199112
21991,47.629116
21992,55.138584
21993,52.172207
21994,46.04601
21995,37.062702
21996,24.565231
21997,8.044233
21998,-12.828717
21999,-38.277367
22000,-68.42508
22001,-103.3913
22002,-143.41605
22003,-188.81866
22004,-240.00198
22005,-297.47772
22006,-361.78598
22007,-433.392
22008,-15.091594
22009,-19.470598
22010,-24.069357
22011,-28.898605
22012,-33.92882
22013,-39.142513
22014,-44.41402
22015,-45.715965
22016,-26.0
22017,-41.0
22018,-26.0
22019,-26.0
22020,-41.0
22021,-41.0
22022,-41.0
22023,-26.0
22024,-41.0
22025,-41.0
22026,-41.0
22027,-26.0
22028,-26.0
22029,-41.0
22030,-26.0
22031,-26.0
22032,-41.0
22033,-41.0
22034,-41.0
22035,-26.0
22036,-41.0
22037,-26.0
22038,-41.0
22039,-41.0
22040,-26.0
22041,-26.0
22042,-41.0
22043,-26.0
22044,-41.0
22045,-41.0
22046,-26.0
22047,-26.0
22048,-41.0
22049,-41.0
22050,-41.0
22051,-41.0
22052,-26.0
22053,-26.0
22054,-41.0
22055,43.467182
22056,48.580517
22057,26.159403
22058,-12.694641
22059,-75.69083
22060,-155.26953
22061,-233.17189
22062,-278.82465
22063,-278.64337
22064,-225.46043
22065,-149.85161
22066,-70.19479
22067,-10.116546
22068,25.027782
22069,46.2992
22070,52.726574
22071,54.7811
22072,55.03824
22073,54.416103
22074,52.975365
22075,50.527214
22076,46.82165
22077,41.552086
22078,34.365555
22079,24.833082
22080,12.39374
22081,-3.6333802
22082,-24.05918
22083,-49.849632
22084,-82.07886
22085,-121.84525
22086,-170.31886
22087,-228.74823
22088,-298.388
22089,-380.12912
22090,-13.452169
22091,-18.906399
22092,-9.522135
22093,-30.244463
22094,-20.938988
22095,-41.330383
22096,-30.03668
22097,-29.048721
22098,-41.0
22099,-41.0
22100,-41.0
22101,-26.0
22102,-41.0
22103,-41.0
22104,-26.0
22105,-41.0
22106,-26.0
22107,-26.0
22108,-26.0
22109,-26.0
22110,-26.0
22111,-26.0
22112,-41.0
22113,-26.0
22114,-26.0
22115,-26.0
22116,-26.0
22117,-26.0
22118,-26.0
22119,-41.0
22120,-41.0
22121,-26.0
22122,-26.0
22123,-26.0
22124,-26.0
22125,-26.0
22126,-26.0
22127,-41.0
22128,-41.0
22129,-41.0
22130,-26.0
22131,-26.0
22132,-41.0
22133,-41.0
22134,-26.0
22135,-26.0
22136,-26.0
22137,-41.0
22138,-26.0
22139,-26.0
22140,-26.0
22141,-41.0
22142,-41.0
22143,-26.0
22144,-41.0
22145,-41.0
22146,-26.0
22147,43.46719
22148,48.580956
22149,26.16774
22150,-12.627833
22151,-75.384155
22152,-154.30309
22153,-230.8567
22154,-274.3729
22155,-271.57684
22156,-215.9999
22157,-138.90073
22158,-59.080563
22159,-0.20800963
22160,32.76465
22161,46.46347
22162,55.10051
22163,54.090065
22164,50.757454
22165,45.523376
22166,37.8731
22167,27.283636
22168,13.312824
22169,-4.4336724
22170,-26.277952
22171,-52.52488
22172,-83.55795
22173,-119.80913
22174,-161.77019
22175,-210.01146
22176,-265.10303
22177,-327.53183
22178,-397.8441
22179,1.721672
22180,-17.795929
22181,-7.528176
22182,-12.437018
22183,-32.49058
22184,-22.666172
22185,-27.929813
22186,-30.463669
22187,-42.361675
22188,-26.0
22189,-41.0
22190,-26.0
22191,-26.0
22192,-26.0
22193,-41.0
22194,-41.0
22195,-41.0
22196,-41.0
22197,-26.0
22198,-26.0
22199,-26.0
22200,-26.0
22201,-41.0
22202,-26.0
22203,-41.0
22204,-41.0
22205,-26.0
22206,-26.0
22207,-26.0
22208,-26.0
22209,-26.0
22210,-41.0
22211,-41.0
22212,-41.0
22213,-41.0
22214,-26.0
22215,-26.0
22216,-41.0
22217,-41.0
22218,-41.0
22219,-26.0
22220,-41.0
22221,-26.0
22222,-26.0
22223,-41.0
22224,-41.0
22225,-26.0
22226,-26.0
22227,-26.0
22228,-41.0
22229,-41.0
22230,-26.0
22231,-26.0
22232,-26.0
22233,-41.0
22234,-41.0
22235,-41.0
22236,-26.0
22237,-41.0
22238,-41.0
22239,43.467182
22240,48.580463
22241,26.158192
22242,-12.704983
22243,-75.73715
22244,-155.40211
22245,-233.45682
22246,-279.34424
22247,-279.5158
22248,-226.8355
22249,-151.86288
22250,-72.85005
22251,-13.199529
22252,21.893047
22253,43.45008
22254,50.405724
22255,53.137295
22256,54.20435
22257,54.687027
22258,54.940643
22259,55.02465
22260,54.94653
22261,54.69213
22262,54.225555
22263,53.479797
22264,52.333397
22265,50.596157
22266,47.990036
22267,44.123894
22268,38.485416
22269,30.444578
22270,19.209219
22271,3.7789924
22272,-17.070467
22273,-44.643948
22274,-80.08722
22275,-124.42045
22276,-178.49988
22277,-242.81815
22278,-316.7626
22279,-397.7759
22280,1.3569402
22281,-17.58449
22282,-5.7361884
22283,-7.8436074
22284,-8.683896
22285,-8.098794
22286,-6.0171046
22287,-6.8366475
22288,-13.815837
22289,-17.021713
22290,-34.708294
22291,-22.009794
22292,-24.06803
22293,-26.030783
22294,-27.877926
22295,-42.984234
22296,-26.0
22297,-41.0
22298,-26.0
22299,-26.0
22300,-41.0
22301,-41.0
22302,-41.0
22303,-26.0
22304,-26.0
22305,-41.0
22306,-26.0
22307,-26.0
22308,-26.0
22309,-26.0
22310,-26.0
22311,-26.0
22312,-26.0
22313,-26.0
22314,-26.0
22315,-41.0
22316,-26.0
22317,-41.0
22318,-26.0
22319,-41.0
22320,-41.0
22321,-26.0
22322,-26.0
22323,-41.0
22324,-41.0
22325,-41.0
22326,-26.0
22327,-26.0
22328,-26.0
22329,-26.0
22330,-26.0
22331,-26.0
22332,-26.0
22333,-41.0
22334,-26.0
22335,-26.0
22336,-26.0
22337,-41.0
22338,-26.0
22339,-26.0
22340,-26.0
22341,-26.0
22342,-26.0
22343,-26.0
22344,-41.0
22345,-26.0
22346,-41.0
22347,-26.0
22348,-26.0
22349,-41.0
22350,-26.0
22351,-26.0
22352,-26.0
22353,-41.0
22354,43.46719
22355,48.581078
22356,26.170498
22357,-12.600738
22358,-75.23858
22359,-153.77554
22360,-229.4098
22361,-271.17755
22362,-265.72638
22363,-207.00615
22364,-127.177536
22365,-46.16266
22366,11.574169
22367,41.167416
22368,50.042442
22369,53.001675
22370,45.81543
22371,35.936836
22372,23.690958
22373,8.54091
22374,-9.686867
22375,-30.970587
22376,-55.257637
22377,-82.48677
22378,-112.688835
22379,-146.1064
22380,-183.13757
22381,-224.32797
22382,-270.36768
22383,-321.986
22384,-379.85886
22385,-444.76453
22386,-0.18398415
22387,-19.267921
22388,-8.61657
22389,-28.193617
22390,-32.96782
22391,-37.91614
22392,-43.00406
22393,-45.369118
22394,-27.205774
22395,-41.0
22396,-26.0
22397,-26.0
22398,-26.0
22399,-41.0
22400,-41.0
22401,-26.0
22402,-41.0
22403,-26.0
22404,-41.0
22405,-41.0
22406,-26.0
22407,-26.0
22408,-26.0
22409,-26.0
22410,-26.0
22411,-41.0
22412,-41.0
22413,-26.0
22414,-26.0
22415,-26.0
22416,-41.0
22417,-26.0
22418,-41.0
22419,-26.0
22420,-41.0
22421,-26.0
22422,-41.0
22423,-41.0
22424,-41.0
22425,-41.0
22426,-26.0
22427,-41.0
22428,-41.0
22429,-26.0
22430,-26.0
22431,-41.0
22432,-41.0
22433,-41.0
22434,-26.0
22435,-26.0
22436,-26.0
22437,-41.0
22438,-41.0
22439,-26.0
22440,-41.0
22441,-41.0
22442,43.467182
22443,48.580463
22444,26.158394
22445,-12.701824
22446,-75.713875
22447,-155.30276
22448,-233.16296
22449,-278.68112
22450,-278.30054
22451,-224.95815
22452,-149.33452
22453,-69.81313
22454,-9.922463
22455,25.088442
22456,46.317707
22457,52.76045
22458,54.82302
22459,55.006493
22460,54.135353
22461,52.14151
22462,48.697746
22463,43.417786
22464,35.855
22465,25.509283
22466,11.800293
22467,-5.9852066
22468,-28.659939
22469,-57.112476
22470,-92.289185
22471,-135.1066
22472,-186.3501
22473,-246.75865
22474,-317.08508
22475,-398.07184
22476,0.774893
22477,-4.440252
22478,-9.784214
22479,-15.220766
22480,-20.70542
22481,-26.10237
22482,-45.016582
22483,-44.167786
22484,-26.0
22485,-26.0
22486,-26.0
22487,-26.0
22488,-26.0
22489,-26.0
22490,-26.0
22491,-41.0
22492,-41.0
22493,-26.0
22494,-26.0
22495,-41.0
22496,-41.0
22497,-41.0
22498,-26.0
22499,-26.0
22500,-26.0
22501,-41.0
22502,-26.0
22503,-41.0
22504,-41.0
22505,-41.0
22506,-26.0
22507,-41.0
22508,-26.0
22509,-41.0
22510,-26.0
22511,-26.0
22512,-26.0
22513,-41.0
22514,-26.0
22515,-41.0
22516,-26.0
22517,-26.0
22518,-26.0
22519,-41.0
22520,-41.0
22521,-41.0
22522,-41.0
22523,-26.0
22524,-26.0
22525,-26.0
22526,-26.0
22527,-41.0
22528,-41.0
22529,-41.0
22530,-26.0
22531,-26.0
22532,-26.0
22533,-26.0
22534,-41.0
22535,-41.0
22536,-26.0
22537,-26.0
22538,-26.0
22539,-26.0
22540,43.467182
22541,48.58055
22542,26.159872
22543,-12.690612
22544,-75.66958
22545,-155.18774
22546,-232.92247
22547,-278.21942
22548,-277.46503
22549,-223.5617
22550,-147.23259
22551,-67.04639
22552,-6.811616
22553,28.05423
22554,48.699787
22555,54.211636
22556,55.073925
22557,53.79744
22558,51.101948
22559,46.79309
22560,40.543064
22561,32.021465
22562,20.859695
22563,6.649745
22564,-11.105766
22565,-33.05997
22566,-59.974007
22567,-92.693275
22568,-132.1344
22569,-179.19388
22570,-234.65341
22571,-299.28568
22572,-373.91473
22573,-12.525345
22574,-17.568962
22575,-22.81572
22576,-13.224717
22577,-18.766369
22578,-24.403896
22579,-29.71455
22580,-30.614725
22581,-41.0
22582,-26.0
22583,-26.0
22584,-26.0
22585,-26.0
22586,-26.0
22587,-41.0
22588,-26.0
22589,-41.0
22590,-41.0
22591,-26.0
22592,-26.0
22593,-26.0
22594,-26.0
22595,-26.0
22596,-41.0
22597,-41.0
22598,-41.0
22599,-26.0
22600,-26.0
22601,-26.0
22602,-41.0
22603,-41.0
22604,-26.0
22605,-26.0
22606,-41.0
22607,-26.0
22608,-41.0
22609,-26.0
22610,-41.0
22611,-26.0
22612,-41.0
22613,-41.0
22614,-26.0
22615,-41.0
22616,-26.0
22617,-41.0
22618,-26.0
22619,-26.0
22620,-26.0
22621,-26.0
22622,-41.0
22623,-41.0
22624,-41.0
22625,-26.0
22626,-26.0
22627,-26.0
22628,-26.0
22629,43.467182
22630,48.580605
22631,26.161217
22632,-12.675036
22633,-75.56842
22634,-154.77019
22635,-231.70699
22636,-275.51913
22637,-272.6682
22638,-216.54625
22639,-138.5511
22640,-57.84534
22641,1.5089281
22642,34.367218
22643,47.45331
22644,55.174824
22645,53.15013
22646,48.887753
22647,42.97867
22648,35.140423
22649,25.17969
22650,12.99962
22651,-1.4806076
22652,-18.333214
22653,-37.70019
22654,-59.892693
22655,-85.363045
22656,-114.71718
22657,-148.72641
22658,-188.24052
22659,-234.08691
22660,-287.16312
22661,-348.47
22662,-419.05014
22663,0.53919953
22664,-19.032661
22665,-8.793199
22666,-28.706348
22667,-18.724926
22668,-23.712809
22669,-28.3863
22670,-30.094984
22671,-41.94841
22672,-41.0
22673,-26.0
22674,-41.0
22675,-26.0
22676,-26.0
22677,-26.0
22678,-26.0
22679,-26.0
22680,-26.0
22681,-41.0
22682,-26.0
22683,-26.0
22684,-26.0
22685,-41.0
22686,-41.0
22687,-41.0
22688,-41.0
22689,-41.0
22690,-26.0
22691,-26.0
22692,-41.0
22693,-26.0
22694,-41.0
22695,-41.0
22696,-41.0
22697,-26.0
22698,-26.0
22699,-41.0
22700,-26.0
22701,-41.0
22702,-41.0
22703,-26.0
22704,-41.0
22705,-26.0
22706,-41.0
22707,-41.0
22708,-41.0
22709,-41.0
22710,-41.0
22711,-41.0
22712,-41.0
22713,-26.0
22714,-26.0
22715,-26.0
22716,-41.0
22717,-41.0
22718,-26.0
22719,-26.0
22720,-26.0
22721,-41.0
22722,-41.0
22723,-41.0
22724,-26.0
22725,43.467182
22726,48.580463
22727,26.158192
22728,-12.705856
22729,-75.748566
22730,-155.47003
22731,-233.69391
22732,-279.92416
22733,-280.60007
22734,-228.46414
22735,-153.90572
22736,-75.03948
22737,-15.2357
22738,20.207064
22739,42.154247
22740,49.45524
22741,52.45426
22742,53.716843
22743,54.35948
22744,54.765396
22745,54.986603
22746,55.012993
22747,54.805405
22748,54.28314
22749,53.294853
22750,51.56874
22751,48.671246
22752,43.96601
22753,36.576107
22754,25.388779
22755,9.1062155
22756,-13.747647
22757,-44.81046
22758,-85.82067
22759,-138.35284
22760,-203.44147
22761,-286.62552
22762,-377.9458
22763,-18.787874
22764,-9.620967
22765,-15.231249
22766,-15.342057
22767,-19.648758
22768,-37.821598
22769,-24.53994
22770,-39.560085
22771,-22.798464
22772,-34.37384
22773,-20.532408
22774,-29.391306
22775,-29.005972
22776,-41.0
22777,-41.0
22778,-41.0
22779,-41.0
22780,-26.0
22781,-41.0
22782,-26.0
22783,-41.0
22784,-41.0
22785,-26.0
22786,-26.0
22787,-26.0
22788,-26.0
22789,-26.0
22790,-41.0
22791,-41.0
22792,-41.0
22793,-26.0
22794,-26.0
22795,-26.0
22796,-41.0
22797,-26.0
22798,-26.0
22799,-41.0
22800,-26.0
22801,-26.0
22802,-41.0
22803,-26.0
22804,-41.0
22805,-26.0
22806,-26.0
22807,-26.0
22808,-26.0
22809,-41.0
22810,-41.0
22811,-26.0
22812,-41.0
22813,-41.0
22814,-26.0
22815,-26.0
22816,-41.0
22817,-41.0
22818,-26.0
22819,-26.0
22820,-41.0
22821,-26.0
22822,-26.0
22823,-41.0
22824,-26.0
22825,-26.0
22826,43.46719
22827,48.58078
22828,26.164309
22829,-12.656116
22830,-75.5133
22831,-154.69267
22832,-231.73486
22833,-275.95752
22834,-273.94385
22835,-218.98784
22836,-142.17563
22837,-62.251465
22838,-2.9273374
22839,30.717606
22840,50.193024
22841,54.732178
22842,54.849194
22843,53.04133
22844,50.016766
22845,45.63219
22846,39.693558
22847,32.045017
22848,22.52272
22849,10.953597
22850,-2.8974595
22851,-19.404472
22852,-39.062702
22853,-62.501026
22854,-90.510086
22855,-124.00214
22856,-163.93452
22857,-211.37067
22858,-267.49136
22859,-333.52106
22860,-410.34933
22861,0.46010914
22862,-4.520906
22863,-9.670512
22864,-29.932472
22865,-20.167753
22866,-25.098896
22867,-44.404892
22868,-45.030346
22869,-26.007877
22870,-41.0
22871,-41.0
22872,-26.0
22873,-26.0
22874,-41.0
22875,-41.0
22876,-26.0
22877,-41.0
22878,-26.0
22879,-41.0
22880,-41.0
22881,-26.0
22882,-41.0
22883,-41.0
22884,-26.0
22885,-26.0
22886,-26.0
22887,-26.0
22888,-26.0
22889,-26.0
22890,-26.0
22891,-41.0
22892,-41.0
22893,-26.0
22894,-26.0
22895,-26.0
22896,-26.0
22897,-26.0
22898,-26.0
22899,-41.0
22900,-26.0
22901,-26.0
22902,-26.0
22903,-26.0
22904,-26.0
22905,-41.0
22906,-26.0
22907,-41.0
22908,-26.0
22909,-41.0
22910,-26.0
22911,-26.0
22912,-26.0
22913,-41.0
22914,-26.0
22915,-41.0
22916,-41.0
22917,-41.0
22918,-41.0
22919,-41.0
22920,-41.0
22921,-41.0
22922,-26.0
22923,-41.0
22924,-41.0
22925,43.46719
22926,48.58085
22927,26.165657
22928,-12.645022
22929,-75.46441
22930,-154.53378
22931,-231.27997
22932,-274.82486
22933,-271.60342
22934,-215.01305
22935,-136.54228
22936,-55.541336
22937,3.7417533
22938,36.10933
22939,48.367966
22940,54.98455
22941,51.60077
22942,45.702946
22943,37.799145
22944,27.523975
22945,14.687897
22946,-0.7715282
22947,-18.900848
22948,-39.741283
22949,-63.419056
22950,-90.26707
22951,-120.79023
22952,-155.65431
22953,-195.6806
22954,-241.74078
22955,-294.64288
22956,-355.24603
22957,-424.51877
22958,-14.619756
22959,-4.131615
22960,-8.877812
22961,-13.818973
22962,-18.922544
22963,-24.144413
22964,-29.340874
22965,-30.66434
22966,-41.077026
22967,-41.0
22968,-41.0
22969,-26.0
22970,-41.0
22971,-26.0
22972,-41.0
22973,-41.0
22974,-41.0
22975,-26.0
22976,-41.0
22977,-41.0
22978,-26.0
22979,-26.0
22980,-26.0
22981,-41.0
22982,-26.0
22983,-41.0
22984,-26.0
22985,-26.0
22986,-41.0
22987,-26.0
22988,-26.0
22989,-26.0
22990,-26.0
22991,-26.0
22992,-26.0
22993,-41.0
22994,-26.0
22995,-41.0
22996,-41.0
22997,-26.0
22998,-26.0
22999,-41.0
23000,-41.0
23001,-41.0
23002,-26.0
23003,-41.0
23004,-41.0
23005,-41.0
23006,-26.0
23007,-26.0
23008,-41.0
23009,-26.0
23010,-26.0
23011,-26.0
23012,-26.0
23013,-26.0
23014,-26.0
23015,-26.0
23016,-26.0
23017,-26.0
23018,-26.0
23019,43.467182
23020,48.580463
23021,26.158394
23022,-12.702586
23023,-75.725296
23024,-155.36575
23025,-233.34367
23026,-278.98245
23027,-278.54776
23028,-224.80551
23029,-148.43988
23030,-68.07808
23031,-7.6162868
23032,27.465067
23033,48.30225
23034,54.0104
23035,55.10524
23036,54.13881
23037,51.90382
23038,48.313908
23039,43.166378
23040,36.284172
23041,27.479012
23042,16.537987
23043,3.1603491
23044,-13.130937
23045,-32.985256
23046,-57.23277
23047,-86.88229
23048,-123.0295
23049,-166.74554
23050,-219.14095
23051,-281.39633
23052,-354.70715
23053,-439.9059
23054,-16.657463
23055,-22.024384
23056,-27.56365
23057,-18.224184
23058,-23.869642
23059,-29.212614
23060,-45.705757
23061,-41.38459
23062,-26.0
23063,-26.0
23064,-26.0
23065,-41.0
23066,-26.0
23067,-26.0
23068,-41.0
23069,-26.0
23070,-41.0
23071,-41.0
23072,-26.0
23073,-26.0
23074,-41.0
23075,-26.0
23076,-26.0
23077,-26.0
23078,-26.0
23079,-26.0
23080,-41.0
23081,-26.0
23082,-26.0
23083,-26.0
23084,-26.0
23085,-26.0
23086,-41.0
23087,-26.0
23088,-26.0
23089,-26.0
23090,-26.0
23091,-41.0
23092,-26.0
23093,-41.0
23094,-41.0
23095,-26.0
23096,-26.0
23097,-26.0
23098,-26.0
23099,-26.0
23100,-41.0
23101,-26.0
23102,-26.0
23103,-26.0
23104,-26.0
23105,-26.0
23106,-41.0
23107,-26.0
23108,-26.0
23109,-26.0
23110,43.467182
23111,48.580463
23112,26.158192
23113,-12.705633
23114,-75.74641
23115,-155.46078
23116,-233.67664
23117,-279.9062
23118,-280.56287
23119,-228.32469
23120,-153.52966
23121,-74.303246
23122,-14.119086
23123,21.587006
23124,43.62799
23125,50.87331
23126,53.719933
23127,54.76043
23128,55.044735
23129,54.821884
23130,54.056103
23131,52.671406
23132,50.57221
23133,47.64408
23134,43.73025
23135,38.58646
23136,31.873377
23137,23.14112
23138,11.806923
23139,-2.828371
23140,-21.546064
23141,-45.267166
23142,-75.08652
23143,-112.24327
23144,-157.8701
23145,-212.67023
23146,-277.04208
23147,-351.10217
23148,-434.51685
23149,-0.97660387
23150,-5.5763807
23151,-9.747019
23152,-28.231537
23153,-15.762639
23154,-17.088762
23155,-32.015427
23156,-15.448484
23157,-12.411189
23158,-13.023619
23159,-20.468313
23160,-22.995604
23161,-25.035044
23162,-41.73859
23163,-27.851408
23164,-27.3298
23165,-26.0
23166,-26.0
23167,-26.0
23168,-26.0
23169,-26.0
23170,-26.0
23171,-26.0
23172,-26.0
23173,-26.0
23174,-26.0
23175,-41.0
23176,-26.0
23177,-41.0
23178,-26.0
23179,-26.0
23180,-41.0
23181,-26.0
23182,-26.0
23183,-26.0
23184,-26.0
23185,-40.88623
23186,-40.253006
23187,-24.898588
23188,-41.148808
23189,-41.580166
23190,-26.0
23191,-26.0
23192,-41.0
23193,-41.0
23194,-26.0
23195,-26.0
23196,-26.0
23197,-41.0
23198,-26.0
23199,-26.0
23200,-26.0
23201,-26.0
23202,-26.0
23203,-26.0
23204,-26.0
23205,-41.0
23206,-41.0
23207,-41.0
23208,-26.0
23209,-41.0
23210,-26.0
23211,-41.0
23212,-26.0
23213,-26.0
23214,-26.0
23215,-26.0
23216,-26.0
23217,-26.0
23218,-26.0
23219,-41.0
23220,-26.0
23221,-41.0
23222,-26.0
23223,-26.0
23224,-41.0
23225,-26.0
23226,-41.0
23227,-26.0
23228,-41.0
23229,-41.0
23230,-41.0
23231,-26.0
23232,-41.0
23233,43.467182
23234,48.580463
23235,26.158192
23236,-12.705856
23237,-75.74902
23238,-155.47713
23239,-233.7423
23240,-280.11752
23241,-281.132
23242,-229.55463
23243,-155.66493
23244,-77.3647
23245,-17.837515
23246,17.632608
23247,39.75356
23248,47.23193
23249,50.308155
23250,51.498524
23251,51.969498
23252,52.219463
23253,52.364918
23254,52.453014
23255,52.52571
23256,52.622906
23257,52.792473
23258,53.08819
23259,53.537178
23260,54.11145
23261,54.69399
23262,55.038036
23263,54.744442
23264,53.253265
23265,49.822636
23266,43.507244
23267,33.205227
23268,17.807558
23269,-3.752315
23270,-32.456875
23271,-69.07341
23272,-113.635216
23273,-164.76874
23274,-219.87418
23275,-275.29187
23276,-326.4586
23277,-368.19388
23278,-395.1377
23279,-402.34152
23280,-385.9838
23281,-391.77454
23282,-13.288181
23283,-17.035988
23284,-5.350816
23285,-8.339309
23286,-11.1154
23287,-28.7993
23288,-16.517607
23289,-19.406319
23290,-37.617466
23291,-26.273655
23292,-29.065577
23293,-43.150467
23294,-26.0
23295,-26.0
23296,-26.0
23297,-26.0
23298,-26.0
23299,-26.0
23300,-26.0
23301,-26.0
23302,-26.0
23303,-41.0
23304,-26.0
23305,-26.0
23306,-41.0
23307,-40.334908
23308,-38.874756
23309,-23.726562
23310,-39.503754
23311,-26.353453
23312,-27.410364
23313,-26.0
23314,-26.0
23315,-26.0
23316,-26.0
23317,-41.0
23318,-26.0
23319,-26.0
23320,-41.0
23321,-26.0
23322,-26.0
23323,-41.0
23324,-41.0
23325,-26.0
23326,-26.0
23327,-26.0
23328,-41.0
23329,-41.0
23330,-26.0
23331,-26.0
23332,-26.0
23333,-41.0
23334,-26.0
23335,-26.0
23336,-26.0
23337,-26.0
23338,-41.0
23339,-26.0
23340,-26.0
23341,-26.0
23342,-41.0
23343,-41.0
23344,-26.0
23345,-26.0
23346,-26.0
23347,-26.0
23348,-41.0
23349,-26.0
23350,-41.0
23351,-41.0
23352,43.467182
23353,48.580463
23354,26.158192
23355,-12.705856
23356,-75.7481
23357,-155.4649
23358,-233.67033
23359,-279.85135
23360,-280.42432
23361,-228.12375
23362,-153.36465
23363,-74.313995
23364,-14.39598
23365,21.06285
23366,42.946285
23367,50.136925
23368,53.016197
23369,54.1698
23370,54.70045
23371,54.96727
23372,55.022427
23373,54.863663
23374,54.46494
23375,53.775402
23376,52.705517
23377,51.09543
23378,48.696625
23379,45.1521
23380,39.97435
23381,32.549686
23382,22.16341
23383,7.974686
23384,-11.003001
23385,-35.88269
23386,-67.712555
23387,-107.203384
23388,-154.79776
23389,-210.69164
23390,-274.70462
23391,-345.60492
23392,-420.3803
23393,0.9023247
23394,-2.3135786
23395,-4.70324
23396,-6.061166
23397,-6.2155614
23398,-5.0495005
23399,-17.50927
23400,-17.702866
23401,-8.653407
23402,-26.30561
23403,-13.520531
23404,-15.429322
23405,-17.163794
23406,-18.855358
23407,-20.635862
23408,-22.641176
23409,-25.01803
23410,-27.874191
23411,-28.75034
23412,-26.051193
23413,-41.0
23414,-26.0
23415,-26.0
23416,-41.0
23417,-41.0
23418,-26.0
23419,-25.363754
23420,-23.545126
23421,-22.524426
23422,-37.686832
23423,-37.639015
23424,-22.211359
23425,-21.28713
23426,-20.106733
23427,-34.222862
23428,-18.92082
23429,-19.424427
23430,-35.945507
23431,-38.388405
23432,-26.256802
23433,-28.247408
23434,-27.447882
23435,-26.0
23436,-26.0
23437,-26.0
23438,-26.0
23439,-26.0
23440,-26.0
23441,-26.0
23442,-26.0
23443,-26.0
23444,-26.0
23445,-26.0
23446,-26.0
23447,-41.0
23448,-26.0
23449,-26.0
23450,-41.0
23451,-26.0
23452,-26.0
23453,-26.0
23454,-26.0
23455,-26.0
23456,-26.0
23457,-26.0
23458,-26.0
23459,-26.0
23460,-26.0
23461,-26.0
23462,-26.0
23463,-26.0
23464,-26.0
23465,-41.0
23466,-26.0
23467,-26.0
23468,-41.0
23469,-41.0
23470,-26.0
23471,-26.0
23472,-41.0
23473,-26.0
23474,-26.0
23475,-41.0
23476,-41.0
23477,-26.0
23478,-26.0
23479,-26.0
23480,-41.0
23481,-26.0
23482,-26.0
23483,-41.0
23484,-26.0
23485,-41.0
23486,-26.0
23487,-26.0
23488,-41.0
23489,-26.0
23490,-41.0
23491,-41.0
23492,-26.0
23493,-26.0
23494,-26.0
23495,-41.0
23496,-26.0
23497,-26.0
23498,-41.0
23499,-26.0
23500,-26.0
23501,-26.0
23502,-41.0
23503,-41.0
23504,-41.0
23505,-41.0
23506,-26.0
23507,-26.0
23508,-26.0
23509,-26.0
23510,-26.0
23511,-26.0
23512,-26.0
23513,-26.0
23514,-26.0
23515,-41.0
23516,-41.0
23517,-26.0
23518,-41.0
23519,-41.0
23520,-41.0
23521,-41.0
23522,-26.0
23523,-26.0
23524,-26.0
23525,-26.0
23526,-26.0
23527,-41.0
23528,-26.0
23529,-26.0
23530,-26.0
23531,43.467182
23532,48.580463
23533,26.158192
23534,-12.705528
23535,-75.74501
23536,-155.45212
23537,-233.64865
23538,-279.8702
23539,-280.63187
23540,-228.75403
23541,-154.63266
23542,-76.28412
23543,-16.91924
23544,18.26112
23545,40.079304
23546,47.291416
23547,50.124207
23548,51.038563
23549,51.143265
23550,50.90371
23551,50.4
23552,49.636852
23553,48.618256
23554,47.360386
23555,45.92701
23556,44.466827
23557,43.20297
23558,42.4127
23559,42.377995
23560,43.294285
23561,45.184845
23562,47.87318
23563,50.940506
23564,53.6802
23565,55.080204
23566,53.93558
23567,49.019962
23568,39.179676
23569,23.43827
23570,1.3310871
23571,-26.553402
23572,-58.52256
23573,-91.88469
23574,-123.134544
23575,-148.26671
23576,-163.21248
23577,-164.40587
23578,-149.48247
23579,-149.68257
23580,-203.1952
23581,-254.48367
23582,-303.88718
23583,-351.63864
23584,-398.49728
23585,-445.66388
23586,1.4572723
23587,-16.17267
23588,-4.0522485
23589,-22.273266
23590,-10.704111
23591,-13.883511
23592,-31.3437
23593,-32.637005
23594,-17.453001
23595,-16.069979
23596,-14.326585
23597,-12.729739
23598,-11.595936
23599,-11.156331
23600,-11.334931
23601,-11.726403
23602,-12.07821
23603,-27.178934
23604,-11.86343
23605,-11.258024
23606,-10.796891
23607,-25.77685
23608,-11.452095
23609,-28.053446
23610,-15.536614
23611,-33.48403
23612,-36.541786
23613,-39.348114
23614,-26.544584
23615,-27.994545
23616,-27.794004
23617,-26.0
23618,-26.0
23619,-26.0
23620,-26.0
23621,-26.0
23622,-26.0
23623,-41.0
23624,-26.0
23625,-41.0
23626,-41.0
23627,-26.0
23628,-26.0
23629,-26.0
23630,-26.0
23631,-26.0
23632,-26.0
23633,-26.0
23634,-26.0
23635,-26.0
23636,-26.0
23637,-26.0
23638,-26.0
23639,-26.0
23640,-41.0
23641,-26.0
23642,-26.0
23643,-26.0
23644,-26.0
23645,-41.0
23646,-26.0
23647,-26.0
23648,-41.0
23649,-26.0
23650,-26.0
23651,-26.0
23652,-26.0
23653,-26.0
23654,-41.0
23655,-41.0
23656,-41.0
23657,-26.0
23658,-41.0
23659,-26.0
23660,-26.0
23661,-41.0
23662,-26.0
23663,-41.0
23664,-26.0
23665,-41.0
23666,-41.0
23667,-41.0
23668,-41.0
23669,-26.0
23670,-41.0
23671,-41.0
23672,-41.0
23673,-26.0
23674,-41.0
23675,-26.0
23676,-26.0
23677,-26.0
23678,-26.0
23679,-26.0
23680,-26.0
23681,-26.0
23682,-26.0
23683,-26.0
23684,-26.0
23685,-41.0
23686,-41.0
23687,-26.0
23688,-26.0
23689,-26.0
23690,-26.0
23691,-26.0
23692,-26.0
23693,-26.0
23694,-41.0
23695,-41.0
23696,-26.0
23697,-26.0
23698,-26.0
23699,-26.0
23700,-26.0
23701,-26.0
23702,-26.0
23703,-26.0
23704,-26.0
23705,-41.0
23706,-26.0
23707,-41.0
23708,-26.0
23709,43.467182
23710,48.58048
23711,26.158865
23712,-12.694191
23713,-75.66937
23714,-155.15326
23715,-232.81819
23716,-278.08047
23717,-277.48898
23718,-224.11699
23719,-148.72598
23720,-69.68351
23721,-10.386356
23722,24.115389
23723,45.053352
23724,51.478573
23725,53.815865
23726,54.61445
23727,54.905693
23728,55.0123
23729,55.002895
23730,54.900127
23731,54.698357
23732,54.359344
23733,53.798763
23734,52.85767
23735,51.276016
23736,48.656723
23737,44.42539
23738,37.81571
23739,27.885965
23740,13.503993
23741,-6.6578217
23742,-34.08671
23743,-70.22057
23744,-116.1481
23745,-172.65123
23746,-240.21002
23747,-318.8348
23748,-407.29102
23749,0.10229912
23750,-4.586274
23751,-8.63488
23752,-26.77262
23753,-13.735529
23754,-29.303152
23755,-13.342571
23756,-10.835417
23757,-11.692221
23758,-19.237497
23759,-22.221157
23760,-39.685055
23761,-26.77786
23762,-28.14289
23763,-27.52868
23764,-26.0
23765,-26.0
23766,-26.0
23767,-26.0
23768,-26.0
23769,-26.0
23770,-26.0
23771,-26.0
23772,-26.0
23773,-41.0
23774,-26.0
23775,-26.0
23776,-26.0
23777,-41.0
23778,-26.0
23779,-26.0
23780,-26.0
23781,-41.0
23782,-26.0
23783,-26.0
23784,-41.0
23785,-41.0
23786,-26.0
23787,-41.0
23788,-26.0
23789,-26.0
23790,-26.0
23791,-41.0
23792,-41.0
23793,-26.0
23794,-26.0
23795,-41.0
23796,-26.0
23797,-26.0
23798,-26.0
23799,-41.0
23800,-41.0
23801,-26.0
23802,-26.0
23803,-26.0
23804,-41.0
23805,-26.0
23806,-26.0
23807,-26.0
23808,-41.0
23809,-26.0
23810,-26.0
23811,-26.0
23812,-41.0
23813,-26.0
23814,-26.0
23815,-26.0
23816,-26.0
23817,-41.0
23818,-26.0
23819,-26.0
23820,-41.0
23821,-41.0
23822,43.467182
23823,48.580463
23824,26.158192
23825,-12.705856
23826,-75.74902
23827,-155.47655
23828,-233.73349
23829,-280.07047
23830,-280.97787
23831,-229.20897
23832,-155.09366
23833,-76.629585
23834,-17.071249
23835,18.306276
23836,40.281128
23837,47.613846
23838,50.56785
23839,51.65457
23840,52.024574
23841,52.173935
23842,52.234123
23843,52.27642
23844,52.371544
23845,52.583317
23846,52.964626
23847,53.5362
23848,54.232048
23849,54.8531
23850,55.022972
23851,54.152725
23852,51.440285
23853,45.878635
23854,36.251545
23855,21.141895
23856,-0.9337133
23857,-31.26025
23858,-70.86009
23859,-120.44473
23860,-180.26384
23861,-249.46805
23862,-325.34476
23863,-403.719
23864,1.6555886
23865,-1.4127554
23866,-3.4249024
23867,-4.186828
23868,-3.5599957
23869,-1.4746729
23870,-1.9678643
23871,-8.160193
23872,-11.157322
23873,-28.659637
23874,-15.798269
23875,-32.707684
23876,-34.525127
23877,-21.390665
23878,-23.449442
23879,-40.85779
23880,-28.120094
23881,-43.00156
23882,-41.0
23883,-26.0
23884,-41.0
23885,-41.0
23886,-26.0
23887,-26.0
23888,-26.0
23889,-40.885227
23890,-24.74719
23891,-23.05805
23892,-38.26755
23893,-23.26404
23894,-22.87818
23895,-21.99269
23896,-20.853472
23897,-35.023773
23898,-19.791475
23899,-35.381855
23900,-22.009604
23901,-24.576878
23902,-42.576942
23903,-28.549288
23904,-41.11756
23905,-26.0
23906,-26.0
23907,-41.0
23908,-26.0
23909,-26.0
23910,-26.0
23911,-41.0
23912,-41.0
23913,-26.0
23914,-26.0
23915,-26.0
23916,-26.0
23917,-26.0
23918,-26.0
23919,-41.0
23920,-26.0
23921,-26.0
23922,-26.0
23923,-26.0
23924,-41.0
23925,-26.0
23926,-26.0
23927,-26.0
23928,-26.0
23929,-26.0
23930,-26.0
23931,-26.0
23932,-26.0
23933,-41.0
23934,-41.0
23935,-26.0
23936,-26.0
23937,-26.0
23938,-26.0
23939,-26.0
23940,-26.0
23941,-26.0
23942,-26.0
23943,-41.0
23944,-26.0
23945,-41.0
23946,-41.0
23947,-41.0
23948,-41.0
23949,-26.0
23950,-41.0
23951,-26.0
23952,-41.0
23953,-26.0
23954,-26.0
23955,-26.0
23956,-26.0
23957,-26.0
23958,-26.0
23959,-41.0
23960,-26.0
23961,-26.0
23962,-41.0
23963,-26.0
23964,-26.0
23965,-26.0
23966,-26.0
23967,-26.0
23968,-26.0
23969,-26.0
23970,-41.0
23971,-26.0
23972,-26.0
23973,-26.0
23974,-26.0
23975,-41.0
23976,-26.0
23977,-26.0
23978,-26.0
23979,-26.0
23980,-26.0
23981,-26.0
23982,-41.0
23983,-41.0
23984,-26.0
23985,-26.0
23986,-41.0
23987,-26.0
23988,-26.0
23989,-41.0
23990,-26.0
23991,43.467182
23992,48.580463
23993,26.158325
23994,-12.70302
23995,-75.72714
23996,-155.37401
23997,-233.39616
23998,-279.19788
23999,-279.13177
24000,-225.965
24001,-150.26505
24002,-70.44525
24003,-10.182085
24004,25.118366
24005,46.483517
24006,52.92223
24007,54.893402
24008,54.964886
24009,54.039246
24010,52.16986
24011,49.216137
24012,45.030937
24013,39.45394
24014,32.312057
24015,23.380806
24016,12.322593
24017,-1.305521
24018,-18.062527
24019,-38.64278
24020,-63.8314
24021,-94.43893
24022,-131.37193
24023,-175.66925
24024,-228.45515
24025,-290.6191
24026,-362.44745
24027,-443.84958
24028,-1.3886255
24029,-6.2264977
24030,-26.022518
24031,-15.531758
24032,-19.48251
24033,-22.586195
24034,-39.54901
24035,-25.11411
24036,-24.12481
24037,-21.579828
24038,-17.631193
24039,-18.271126
24040,-26.52402
24041,-28.40347
24042,-43.27717
24043,-26.0
24044,-26.0
24045,-41.0
24046,-26.0
24047,-41.0
24048,-26.0
24049,-26.0
24050,-26.0
24051,-26.0
24052,-26.0
24053,-26.0
24054,-41.0
24055,-26.0
24056,-41.0
24057,-26.0
24058,-41.0
24059,-26.0
24060,-41.0
24061,-41.0
24062,-26.0
24063,-26.0
24064,-41.0
24065,-26.0
24066,-25.293562
24067,-23.88928
24068,-24.3209
24069,-26.070791
24070,-27.229723
24071,-41.059
24072,-41.0
24073,-26.0
24074,-26.0
24075,-26.0
24076,-41.0
24077,-26.0
24078,-41.0
24079,-26.0
24080,-26.0
24081,-41.0
24082,-41.0
24083,-26.0
24084,-26.0
24085,-26.0
24086,-41.0
24087,-26.0
24088,-26.0
24089,-26.0
24090,-26.0
24091,-26.0
24092,-26.0
24093,-26.0
24094,-41.0
24095,-41.0
24096,-26.0
24097,-26.0
24098,-26.0
24099,-26.0
24100,-41.0
24101,-26.0
24102,-41.0
24103,-41.0
24104,-26.0
24105,-41.0
24106,-26.0
24107,-26.0
24108,-26.0
24109,-41.0
24110,-41.0
24111,-26.0
24112,-26.0
24113,43.467182
24114,48.58055
24115,26.159737
24116,-12.693447
24117,-75.69317
24118,-155.30244
24119,-233.31445
24120,-279.23895
24121,-279.58636
24122,-227.22224
24123,-152.63602
24124,-73.9669
24125,-14.520814
24126,20.52194
24127,42.119576
24128,49.14497
24129,51.91823
24130,52.955574
24131,53.35209
24132,53.52862
24133,53.576015
24134,53.526974
24135,53.41058
24136,53.262024
24137,53.137886
24138,53.12111
24139,53.293213
24140,53.699306
24141,54.29581
24142,54.876583
24143,55.006157
24144,53.973557
24145,50.746437
24146,43.94966
24147,31.947748
24148,13.072689
24149,-14.235603
24150,-51.3128
24151,-99.075096
24152,-157.41139
24153,-224.41258
24154,-296.59277
24155,-369.14673
24156,-436.23132
24157,1.4816037
24158,0.1157949
24159,0.1094054
24160,1.5712291
24161,0.6813726
24162,-20.754702
24163,-9.348087
24164,-27.433247
24165,-15.133883
24166,-17.580914
24167,-19.911396
24168,-37.268414
24169,-39.803703
24170,-27.685707
24171,-28.817513
24172,-26.414225
24173,-41.0
24174,-26.0
24175,-26.0
24176,-41.0
24177,-41.0
24178,-26.0
24179,-41.0
24180,-41.0
24181,-26.0
24182,-26.0
24183,-41.0
24184,-26.0
24185,-41.0
24186,-26.0
24187,-41.0
24188,-40.471478
24189,-24.51508
24190,-25.205854
24191,-41.42741
24192,-26.539732
24193,-26.0
24194,-26.0
24195,-26.0
24196,-26.0
24197,-26.0
24198,-26.0
24199,-41.0
24200,-26.0
24201,-26.0
24202,-41.0
24203,-26.0
24204,-26.0
24205,-26.0
24206,-41.0
24207,-26.0
24208,-26.0
24209,-26.0
24210,-26.0
24211,-26.0
24212,-41.0
24213,-26.0
24214,-26.0
24215,-26.0
24216,-41.0
24217,-41.0
24218,-26.0
24219,-26.0
24220,-26.0
24221,-26.0
24222,-26.0
24223,-26.0
24224,-26.0
24225,-26.0
24226,-26.0
24227,-26.0
24228,-41.0
24229,43.467182
24230,48.580463
24231,26.158192
24232,-12.704874
24233,-75.735756
24234,-155.39285
24235,-233.41637
24236,-279.2115
24237,-279.17874
24238,-226.16049
24239,-150.74959
24240,-71.27443
24241,-11.246822
24242,24.038046
24243,45.582516
24244,52.32164
24245,54.64182
24246,55.0625
24247,54.46147
24248,52.84111
24249,49.944427
24250,45.47269
24251,39.09809
24252,30.475655
24253,19.207878
24254,4.773177
24255,-13.474285
24256,-36.314507
24257,-64.67074
24258,-99.54535
24259,-141.93527
24260,-192.90028
24261,-253.60103
24262,-325.2404
24263,-408.68155
24264,0.0076107485
24265,-5.3826175
24266,-10.934105
24267,-31.593939
24268,-22.225163
24269,-27.544445
24270,-30.310537
24271,-27.935114
24272,-41.0
24273,-41.0
24274,-41.0
24275,-26.0
24276,-26.0
24277,-26.0
24278,-26.0
24279,-41.0
24280,-41.0
24281,-26.0
24282,-41.0
24283,-26.0
24284,-26.0
24285,-41.0
24286,-26.0
24287,-26.0
24288,-26.0
24289,-26.0
24290,-41.0
24291,-26.0
24292,-41.0
24293,-26.0
24294,-26.0
24295,-26.0
24296,-26.0
24297,-26.0
24298,-26.0
24299,-26.0
24300,-26.0
24301,-26.0
24302,-41.0
24303,-41.0
24304,-26.0
24305,-26.0
24306,-41.0
24307,-26.0
24308,-26.0
24309,-41.0
24310,-41.0
24311,-41.0
24312,-26.0
24313,-26.0
24314,-26.0
24315,-41.0
24316,-26.0
24317,-41.0
24318,-41.0
24319,-26.0
24320,-41.0
24321,-26.0
24322,-26.0
24323,-26.0
24324,-26.0
24325,43.46719
24326,48.580917
24327,26.167809
24328,-12.621287
24329,-75.328285
24330,-154.06027
24331,-230.1488
24332,-272.808
24333,-268.80206
24334,-211.9534
24335,-133.97566
24336,-54.080444
24337,3.9601946
24338,35.51419
24339,47.72625
24340,55.16457
24341,53.46593
24342,50.102646
24343,45.64776
24344,39.82665
24345,32.399174
24346,23.169056
24347,11.924341
24348,-1.5564753
24349,-17.561678
24350,-36.523968
24351,-58.98368
24352,-85.58358
24353,-117.07242
24354,-154.23018
24355,-197.78307
24356,-248.50006
24357,-307.24872
24358,-374.9679
24359,3.0013857
24360,-1.5439936
24361,-6.2605696
24362,-11.11143
24363,-16.047422
24364,-20.933247
24365,-25.493404
24366,-29.304996
24367,-29.604322
24368,-26.0
24369,-26.0
24370,-41.0
24371,-26.0
24372,-25.906315
24373,-40.873272
24374,-26.120995
24375,-26.0
24376,-41.0
24377,-41.0
24378,-26.0
24379,-26.0
24380,-26.0
24381,-41.0
24382,-26.0
24383,-26.0
24384,-41.0
24385,-41.0
24386,-41.0
24387,-41.0
24388,-26.0
24389,-26.0
24390,-26.0
24391,-26.0
24392,-26.0
24393,-41.0
24394,-26.0
24395,-41.0
24396,-41.0
24397,-26.0
24398,-26.0
24399,-26.0
24400,-26.0
24401,-26.0
24402,-41.0
24403,-26.0
24404,-26.0
24405,-26.0
24406,-26.0
24407,-26.0
24408,-26.0
24409,-41.0
24410,-26.0
24411,-26.0
24412,-26.0
24413,-41.0
24414,-26.0
24415,-26.0
24416,-26.0
24417,-41.0
24418,-41.0
24419,-41.0
24420,-41.0
24421,-26.0
24422,-41.0
24423,-26.0
24424,-26.0
24425,-26.0
24426,-26.0
24427,-41.0
24428,-41.0
24429,-26.0
24430,-26.0
24431,-41.0
24432,-26.0
24433,-26.0
24434,-26.0
24435,43.467182
24436,48.580463
24437,26.158192
24438,-12.705856
24439,-75.74902
24440,-155.47675
24441,-233.7358
24442,-280.0805
24443,-280.99545
24444,-229.20021
24445,-154.98195
24446,-76.32599
24447,-16.520329
24448,19.101002
24449,41.285355
24450,48.802696
24451,51.966446
24452,53.34715
24453,54.08851
24454,54.595936
24455,54.91814
24456,55.03018
24457,54.873867
24458,54.35619
24459,53.33898
24460,51.609768
24461,48.860794
24462,44.666584
24463,38.45695
24464,29.516104
24465,17.007032
24466,-0.0555888
24467,-22.827969
24468,-52.619328
24469,-90.68219
24470,-137.90186
24471,-194.84895
24472,-261.77875
24473,-338.47372
24474,-423.4889
24475,-0.34173527
24476,-4.6268773
24477,-8.2414055
24478,-10.93103
24479,-12.457166
24480,-27.62984
24481,-11.342013
24482,-8.583891
24483,-9.027513
24484,-15.802686
24485,-33.36219
24486,-20.428322
24487,-22.147566
24488,-23.66843
24489,-25.138733
24490,-41.70537
24491,-27.660027
24492,-26.839876
24493,-26.0
24494,-26.0
24495,-41.0
24496,-26.0
24497,-26.0
24498,-26.0
24499,-41.0
24500,-41.0
24501,-26.0
24502,-41.0
24503,-41.0
24504,-26.0
24505,-25.846914
24506,-40.214996
24507,-24.274843
24508,-38.23959
24509,-21.967117
24510,-21.042706
24511,-20.746124
24512,-36.29292
24513,-37.892113
24514,-25.436722
24515,-27.780516
24516,-42.702858
24517,-41.0
24518,-26.0
24519,-41.0
24520,-26.0
24521,-26.0
24522,-41.0
24523,-41.0
24524,-26.0
24525,-41.0
24526,-26.0
24527,-26.0
24528,-26.0
24529,-26.0
24530,-41.0
24531,-26.0
24532,-26.0
24533,-26.0
24534,-26.0
24535,-26.0
24536,-26.0
24537,-26.0
24538,-41.0
24539,-26.0
24540,-26.0
24541,-26.0
24542,-26.0
24543,-26.0
24544,-26.0
24545,-26.0
24546,-26.0
24547,-41.0
24548,-26.0
24549,-41.0
24550,-41.0
24551,-26.0
24552,-26.0
24553,-26.0
24554,-41.0
24555,-26.0
24556,-41.0
24557,-26.0
24558,-26.0
24559,-26.0
24560,-26.0
24561,-41.0
24562,-41.0
24563,-41.0
24564,-26.0
24565,-26.0
24566,-26.0
24567,-41.0
24568,-26.0
24569,-41.0
24570,-26.0
24571,-26.0
24572,-26.0
24573,-26.0
24574,-26.0
24575,-26.0
24576,-26.0
24577,-26.0
24578,-26.0
24579,-26.0
24580,-26.0
24581,-26.0
24582,-26.0
24583,-26.0
24584,-26.0
24585,-26.0
24586,-26.0
24587,-41.0
24588,-26.0
24589,-26.0
24590,-26.0
24591,-26.0
24592,-26.0
24593,-26.0
24594,-26.0
24595,-26.0
24596,-26.0
24597,-26.0
24598,-41.0
24599,-41.0
24600,-26.0
24601,-26.0
24602,-41.0
24603,-41.0
24604,-26.0
24605,43.467182
24606,48.580658
24607,26.16189
24608,-12.676471
24609,-75.61716
24610,-155.06772
24611,-232.76585
24612,-278.22122
24613,-278.04337
24614,-225.27095
24615,-150.52956
24616,-72.000755
24617,-12.922498
24618,21.678246
24619,42.90226
24620,49.668827
24621,52.293144
24622,53.2669
24623,53.659035
24624,53.875786
24625,54.00939
24626,54.09616
24627,54.163982
24628,54.235626
24629,54.33555
24630,54.488205
24631,54.696224
24632,54.916664
24633,55.029522
24634,54.803238
24635,53.876244
24636,51.744526
24637,47.741802
24638,41.02803
24639,30.653296
24640,15.702979
24641,-4.684834
24642,-31.305748
24643,-64.77964
24644,-105.057976
24645,-150.78297
24646,-199.46213
24647,-247.6215
24648,-290.97092
24649,-324.7092
24650,-343.9689
24651,-344.39948
24652,-322.87875
24653,-321.86935
24654,-391.94446
24655,3.0520654
24656,0.156683
24657,-2.4194095
24658,-4.7881646
24659,-7.064313
24660,-24.365702
24661,-26.815224
24662,-14.545034
24663,-17.656353
24664,-20.982891
24665,-38.969505
24666,-41.07666
24667,-26.79687
24668,-40.819366
24669,-23.60501
24670,-21.251245
24671,-34.29347
24672,-17.981161
24673,-17.468199
24674,-17.58033
24675,-32.825935
24676,-17.955553
24677,-32.774876
24678,-17.140709
24679,-31.23441
24680,-15.550223
24681,-30.383461
24682,-30.977047
24683,-17.55555
24684,-35.051605
24685,-38.009243
24686,-26.066395
24687,-43.424175
24688,-28.108358
24689,-26.0
24690,-41.0
24691,-26.0
24692,-41.0
24693,-26.0
24694,-41.0
24695,-26.0
24696,-26.0
24697,-41.0
24698,-26.0
24699,-26.0
24700,-41.0
24701,-41.0
24702,-26.0
24703,-26.0
24704,-26.0
24705,-26.0
24706,-41.0
24707,-26.0
24708,-41.0
24709,-26.0
24710,-41.0
24711,-26.0
24712,-41.0
24713,-41.0
24714,-26.0
24715,-26.0
24716,-26.0
24717,-41.0
24718,-41.0
24719,-41.0
24720,-26.0
24721,-26.0
24722,-26.0
24723,-26.0
24724,-41.0
24725,-41.0
24726,-41.0
24727,-41.0
24728,-41.0
24729,-41.0
24730,-26.0
24731,-41.0
24732,-41.0
24733,-41.0
24734,-41.0
24735,-41.0
24736,-26.0
24737,-26.0
24738,-41.0
24739,-41.0
24740,-41.0
24741,-26.0
24742,-26.0
24743,-41.0
24744,-26.0
24745,-26.0
24746,-26.0
24747,43.46719
24748,48.580814
24749,26.164984
24750,-12.65057
24751,-75.49301
24752,-154.6614
24753,-231.75227
24754,-276.16156
24755,-274.5157
24756,-220.08026
24757,-143.85954
24758,-64.46815
24759,-5.4440627
24760,28.270464
24761,48.203033
24762,53.599022
24763,54.99341
24764,54.95599
24765,54.41333
24766,53.539726
24767,52.347385
24768,50.81193
24769,48.85021
24770,46.3107
24771,42.94426
24772,38.361275
24773,32.025482
24774,23.234407
24775,11.100338
24776,-5.4193826
24777,-27.466467
24778,-56.31178
24779,-93.3639
24780,-140.12093
24781,-197.89186
24782,-267.43295
24783,-349.0783
24784,-442.7817
24785,-22.362818
24786,-7.9357915
24787,-28.304398
24788,-33.194126
24789,-22.296926
24790,-25.274122
24791,-26.793674
24792,-26.603565
24793,-39.62297
24794,-35.990517
24795,-22.291323
24796,-29.950655
24797,-41.882473
24798,-26.0
24799,-41.0
24800,-41.0
24801,-26.0
24802,-26.0
24803,-26.0
24804,-26.0
24805,-41.0
24806,-41.0
24807,-41.0
24808,-26.0
24809,-26.0
24810,-41.0
24811,-41.0
24812,-26.0
24813,-26.0
24814,-26.0
24815,-41.0
24816,-41.0
24817,-41.0
24818,-26.0
24819,-41.0
24820,-41.0
24821,-41.0
24822,-26.0
24823,-26.0
24824,-41.0
24825,-26.0
24826,-26.0
24827,-41.0
24828,-26.0
24829,-41.0
24830,-26.0
24831,-41.0
24832,-41.0
24833,-26.0
24834,-41.0
24835,-26.0
24836,-41.0
24837,-26.0
24838,-41.0
24839,-26.0
24840,-41.0
24841,43.46719
24842,48.581413
24843,26.176414
24844,-12.5600815
24845,-75.08296
24846,-153.36989
24847,-228.60992
24848,-269.9324
24849,-264.21368
24850,-205.65323
24851,-126.44618
24852,-46.258823
24853,10.85932
24854,40.370144
24855,49.776814
24856,53.80872
24857,48.116207
24858,40.050446
24859,29.884523
24860,17.014896
24861,1.0960675
24862,-18.070091
24863,-40.649208
24864,-66.77083
24865,-96.61233
24866,-130.5088
24867,-168.89574
24868,-212.30072
24869,-261.35028
24870,-316.67667
24871,-378.82248
24872,-11.639646
24873,-0.702976
24874,-4.994534
24875,-9.517152
24876,-14.23244
24877,-19.108654
24878,-39.123043
24879,-29.240656
24880,-45.644535
24881,-26.060465
24882,-26.0
24883,-26.0
24884,-41.0
24885,-41.0
24886,-41.0
24887,-41.0
24888,-26.0
24889,-41.0
24890,-41.0
24891,-41.0
24892,-41.0
24893,-26.0
24894,-41.0
24895,-41.0
24896,-41.0
24897,-41.0
24898,-41.0
24899,-26.0
24900,-26.0
24901,-41.0
24902,-26.0
24903,-41.0
24904,-26.0
24905,-41.0
24906,-41.0
24907,-41.0
24908,-26.0
24909,-41.0
24910,-41.0
24911,-41.0
24912,-26.0
24913,-26.0
24914,-26.0
24915,-41.0
24916,-41.0
24917,-26.0
24918,-41.0
24919,-41.0
24920,-41.0
24921,-41.0
24922,-41.0
24923,-41.0
24924,-41.0
24925,-41.0
24926,-26.0
24927,-41.0
24928,43.46719
24929,48.580833
24930,26.166126
24931,-12.6300955
24932,-75.33325
24933,-153.92809
24934,-229.42012
24935,-270.5481
24936,-263.78738
24937,-203.31183
24938,-121.879196
24939,-40.13531
24940,16.93532
24941,44.45284
24942,50.23313
24943,49.35056
24944,37.69077
24945,22.667265
24946,4.385434
24947,-17.970903
24948,-44.734028
24949,-76.00275
24950,-111.80158
24951,-152.06316
24952,-196.73615
24953,-245.93637
24954,-299.8874
24955,-358.92926
24956,-423.54193
24957,-13.985538
24958,-2.8517137
24959,-21.865211
24960,-11.06316
24961,-15.490184
24962,-35.1652
24963,-25.06248
24964,-29.511086
24965,-29.811472
24966,-41.0
24967,-41.0
24968,-41.0
24969,-41.0
24970,-41.0
24971,-41.0
24972,-26.0
24973,-41.0
24974,-41.0
24975,-26.0
24976,-41.0
24977,-26.0
24978,-41.0
24979,-41.0
24980,-41.0
24981,-26.0
24982,-41.0
24983,-26.0
24984,-41.0
24985,-41.0
24986,-41.0
24987,-26.0
24988,-26.0
24989,-41.0
24990,-41.0
24991,-26.0
24992,-26.0
24993,-41.0
24994,-26.0
24995,-26.0
24996,-41.0
24997,-41.0
24998,-26.0
24999,-41.0
25000,-41.0
25001,-41.0
25002,-41.0
25003,-41.0
25004,-26.0
25005,43.467182
25006,48.58057
25007,26.160612
25008,-12.678954
25009,-75.5824
25010,-154.80193
25011,-231.75748
25012,-275.58496
25013,-272.76187
25014,-216.72504
25015,-138.93217
25016,-58.5388
25017,0.5318126
25018,33.337875
25019,46.72133
25020,55.1182
25021,54.10713
25022,51.133724
25023,46.75158
25024,40.623657
25025,32.395824
25026,21.745123
25027,8.326718
25028,-8.221065
25029,-28.337086
25030,-52.625404
25031,-81.826355
25032,-116.80688
25033,-158.5451
25034,-208.01703
25035,-266.0672
25036,-333.49857
25037,-411.13147
25038,-14.640455
25039,-19.711374
25040,-24.995789
25041,-30.453623
25042,-21.057442
25043,-41.7735
25044,-45.46013
25045,-43.53359
25046,-26.0
25047,-41.0
25048,-26.0
25049,-41.0
25050,-41.0
25051,-41.0
25052,-26.0
25053,-41.0
25054,-41.0
25055,-26.0
25056,-26.0
25057,-41.0
25058,-41.0
25059,-41.0
25060,-41.0
25061,-41.0
25062,-26.0
25063,-26.0
25064,-26.0
25065,-26.0
25066,-41.0
25067,-26.0
25068,-41.0
25069,-26.0
25070,-26.0
25071,-26.0
25072,-41.0
25073,-26.0
25074,-41.0
25075,-41.0
25076,-41.0
25077,-41.0
25078,-41.0
25079,-26.0
25080,-26.0
25081,-26.0
25082,-26.0
25083,-41.0
25084,-26.0
25085,43.467182
25086,48.580463
25087,26.158663
25088,-12.696374
25089,-75.672585
25090,-155.11063
25091,-232.52914
25092,-277.0732
25093,-275.0129
25094,-219.36217
25095,-141.21773
25096,-59.73918
25097,0.6782607
25098,34.40168
25099,47.79651
25100,55.09983
25101,51.82844
25102,45.364826
25103,36.06241
25104,23.315714
25105,6.6831656
25106,-14.09973
25107,-39.205967
25108,-68.718475
25109,-102.73507
25110,-141.5084
25111,-185.41733
25112,-234.96594
25113,-290.7739
25114,-353.45392
25115,-423.49796
25116,-14.497191
25117,-18.839905
25118,-8.404794
25119,-13.199665
25120,-18.191574
25121,-38.357803
25122,-43.68844
25123,-30.692318
25124,-41.622955
25125,-41.0
25126,-41.0
25127,-26.0
25128,-26.0
25129,-41.0
25130,-41.0
25131,-41.0
25132,-41.0
25133,-26.0
25134,-41.0
25135,-41.0
25136,-26.0
25137,-26.0
25138,-26.0
25139,-26.0
25140,-26.0
25141,-41.0
25142,-41.0
25143,-41.0
25144,-41.0
25145,-41.0
25146,-26.0
25147,-26.0
25148,-26.0
25149,-26.0
25150,-26.0
25151,-26.0
25152,-41.0
25153,-26.0
25154,-41.0
25155,-26.0
25156,-26.0
25157,-41.0
25158,-41.0
25159,-41.0
25160,-41.0
25161,-41.0
25162,-41.0
25163,-26.0
25164,43.467182
25165,48.580517
25166,26.15947
25167,-12.690171
25168,-75.64474
25169,-155.03429
25170,-232.39719
25171,-276.95563
25172,-275.11066
25173,-220.0162
25174,-142.80745
25175,-62.435986
25176,-2.8247826
25177,30.878262
25178,50.269283
25179,54.72471
25180,54.89434
25181,53.388615
25182,51.030045
25183,47.812237
25184,43.65761
25185,38.48367
25186,32.14434
25187,24.413317
25188,14.932503
25189,3.1496568
25190,-11.655428
25191,-30.360626
25192,-53.995483
25193,-83.66881
25194,-120.4766
25195,-165.55391
25196,-220.0934
25197,-285.28897
25198,-361.99158
25199,2.887355
25200,-2.3354292
25201,-22.713804
25202,-28.188257
25203,-18.620735
25204,-23.739824
25205,-43.23171
25206,-29.91799
25207,-27.203348
25208,-41.0
25209,-26.0
25210,-26.0
25211,-26.0
25212,-26.0
25213,-26.0
25214,-41.0
25215,-26.0
25216,-41.0
25217,-26.0
25218,-41.0
25219,-41.0
25220,-26.0
25221,-26.0
25222,-26.0
25223,-41.0
25224,-26.0
25225,-26.0
25226,-26.0
25227,-26.0
25228,-26.0
25229,-26.0
25230,-26.0
25231,-41.0
25232,-26.0
25233,-26.0
25234,-41.0
25235,-41.0
25236,-26.0
25237,-41.0
25238,-26.0
25239,-26.0
25240,-41.0
25241,-41.0
25242,-26.0
25243,-41.0
25244,-41.0
25245,-41.0
25246,-41.0
25247,-26.0
25248,-41.0
25249,-41.0
25250,-41.0
25251,-41.0
25252,-41.0
25253,-41.0
25254,-26.0
25255,-26.0
25256,-41.0
25257,-26.0
25258,-41.0
25259,-41.0
25260,-26.0
25261,43.46719
25262,48.580746
25263,26.165052
25264,-12.634321
25265,-75.34414
25266,-153.9767
25267,-229.62349
25268,-271.11676
25269,-264.91846
25270,-204.99838
25271,-123.79818
25272,-41.754036
25273,16.036818
25274,44.25943
25275,50.224167
25276,43.61537
25277,35.025585
25278,16.626781
25279,-6.718283
25280,-36.01564
25281,-71.559204
25282,-113.1835
25283,-160.48485
25284,-212.86876
25285,-269.73822
25286,-330.71417
25287,-395.6058
25288,-12.450826
25289,-16.155558
25290,-19.899973
25291,-23.711529
25292,-12.628785
25293,-31.704313
25294,-35.9991
25295,-25.545904
25296,-44.43922
25297,-44.269165
25298,-26.0
25299,-41.0
25300,-41.0
25301,-26.0
25302,-41.0
25303,-41.0
25304,-26.0
25305,-41.0
25306,-26.0
25307,-41.0
25308,-41.0
25309,-41.0
25310,-41.0
25311,-26.0
25312,-41.0
25313,-41.0
25314,-41.0
25315,-41.0
25316,-41.0
25317,-41.0
25318,-41.0
25319,-41.0
25320,-26.0
25321,-41.0
25322,-41.0
25323,-26.0
25324,-26.0
25325,-41.0
25326,-41.0
25327,-26.0
25328,-41.0
25329,-26.0
25330,-41.0
25331,-26.0
25332,-41.0
25333,43.46719
25334,48.58076
25335,26.165186
25336,-12.635744
25337,-75.35536
25338,-153.98877
25339,-229.49933
25340,-270.42435
25341,-262.91245
25342,-200.9808
25343,-117.69962
25344,-34.542664
25345,22.440918
25346,47.601707
25347,48.53515
25348,35.20358
25349,18.407139
25350,-9.574702
25351,-43.91334
25352,-85.59654
25353,-134.60574
25354,-190.35332
25355,-251.9929
25356,-318.50455
25357,-388.94138
25358,-12.461826
25359,-1.326488
25360,-20.116856
25361,-23.877043
25362,-27.65007
25363,-31.471817
25364,-35.39379
25365,-39.48645
25366,-43.833282
25367,-45.073723
25368,-41.060696
25369,-41.0
25370,-41.0
25371,-41.0
25372,-26.0
25373,-26.0
25374,-41.0
25375,-26.0
25376,-26.0
25377,-41.0
25378,-26.0
25379,-41.0
25380,-41.0
25381,-41.0
25382,-41.0
25383,-41.0
25384,-41.0
25385,-41.0
25386,-41.0
25387,-41.0
25388,-26.0
25389,-41.0
25390,-41.0
25391,-26.0
25392,-41.0
25393,-41.0
25394,-41.0
25395,-41.0
25396,-41.0
25397,-41.0
25398,43.46719
25399,48.580975
25400,26.169086
25401,-12.605942
25402,-75.21924
25403,-153.55496
25404,-228.48914
25405,-268.66995
25406,-260.6361
25407,-198.84776
25408,-116.46077
25409,-34.525883
25410,21.628815
25411,46.95157
25412,49.245007
25413,38.439087
25414,25.197945
25415,1.6346666
25416,-27.55565
25417,-63.503933
25418,-106.42233
25419,-155.94504
25420,-211.40102
25421,-271.9088
25422,-336.62
25423,-404.97745
25424,-13.129993
25425,-16.87477
25426,-20.599272
25427,-24.343542
25428,-13.141552
25429,-32.041336
25430,-36.106617
25431,-40.410717
25432,-44.269764
25433,-44.322285
25434,-26.0
25435,-41.0
25436,-41.0
25437,-41.0
25438,-41.0
25439,-26.0
25440,-26.0
25441,-41.0
25442,-41.0
25443,-41.0
25444,-26.0
25445,-41.0
25446,-26.0
25447,-41.0
25448,-41.0
25449,-41.0
25450,-41.0
25451,-41.0
25452,-41.0
25453,-41.0
25454,-41.0
25455,-41.0
25456,-26.0
25457,-26.0
25458,-41.0
25459,-41.0
25460,-41.0
25461,-41.0
25462,-41.0
25463,-41.0
25464,-41.0
25465,-41.0
25466,43.467182
25467,48.58062
25468,26.163574
25469,-12.636041
25470,-75.294174
25471,-153.61809
25472,-228.29965
25473,-267.76233
25474,-258.42886
25475,-194.91727
25476,-110.88405
25477,-28.192997
25478,26.982248
25479,49.175354
25480,46.301434
25481,28.43384
25482,1.3908036
25483,-27.55289
25484,-68.578255
25485,-117.56977
25486,-174.17245
25487,-237.37422
25488,-305.9121
25489,-378.40707
25490,2.9715066
25491,-15.930236
25492,-19.681273
25493,-23.324938
25494,-26.915615
25495,-30.505455
25496,-34.138367
25497,-37.874012
25498,-41.790714
25499,-29.36383
25500,-27.91804
25501,-26.0
25502,-41.0
25503,-41.0
25504,-41.0
25505,-41.0
25506,-26.0
25507,-41.0
25508,-41.0
25509,-41.0
25510,-41.0
25511,-26.0
25512,-26.0
25513,-41.0
25514,-41.0
25515,-41.0
25516,-41.0
25517,-41.0
25518,-41.0
25519,-41.0
25520,-41.0
25521,-41.0
25522,-41.0
25523,-41.0
25524,-41.0
25525,-41.0
25526,-41.0
25527,-26.0
25528,-41.0
25529,-26.0
25530,-41.0
25531,43.46719
25532,48.58118
25533,26.171976
25534,-12.594115
25535,-75.231125
25536,-153.80472
25537,-229.53125
25538,-271.35168
25539,-265.71313
25540,-206.42596
25541,-125.71707
25542,-43.81537
25543,14.32016
25544,43.328205
25545,50.303837
25546,44.732685
25547,37.05162
25548,19.31236
25549,-3.7220979
25550,-33.1716
25551,-69.4655
25552,-112.54454
25553,-162.05643
25554,-217.40898
25555,-277.97952
25556,-343.35568
25557,-413.30533
25558,-13.746895
25559,-17.696373
25560,-21.681477
25561,-25.726871
25562,-14.8712845
25563,-34.170906
25564,-23.693628
25565,-43.48099
25566,-45.293316
25567,-41.5818
25568,-41.0
25569,-41.0
25570,-26.0
25571,-41.0
25572,-41.0
25573,-41.0
25574,-26.0
25575,-26.0
25576,-41.0
25577,-41.0
25578,-41.0
25579,-41.0
25580,-41.0
25581,-26.0
25582,-41.0
25583,-41.0
25584,-41.0
25585,-41.0
25586,-26.0
25587,-41.0
25588,-41.0
25589,-26.0
25590,-41.0
25591,-41.0
25592,-41.0
25593,-41.0
25594,-41.0
25595,-41.0
25596,-41.0
25597,43.46719
25598,48.580692
25599,26.163303
25600,-12.656539
25601,-75.47767
25602,-154.46608
25603,-230.92969
25604,-273.8973
25605,-269.777
25606,-212.05904
25607,-132.47621
25608,-50.761524
25609,8.427251
25610,39.675377
25611,49.82412
25612,53.310234
25613,45.635635
25614,33.983006
25615,18.304108
25616,-2.458958
25617,-29.025688
25618,-61.848396
25619,-101.20242
25620,-147.14651
25621,-199.62285
25622,-258.6183
25623,-324.1266
25624,-396.1839
25625,-13.185934
25626,-17.529612
25627,-21.955431
25628,-11.4870405
25629,-31.16792
25630,-36.056244
25631,-26.189114
25632,-44.976616
25633,-43.853714
25634,-41.0
25635,-26.0
25636,-41.0
25637,-41.0
25638,-41.0
25639,-41.0
25640,-26.0
25641,-41.0
25642,-41.0
25643,-41.0
25644,-41.0
25645,-41.0
25646,-26.0
25647,-41.0
25648,-41.0
25649,-41.0
25650,-26.0
25651,-41.0
25652,-41.0
25653,-41.0
25654,-41.0
25655,-41.0
25656,-41.0
25657,-41.0
25658,-41.0
25659,-26.0
25660,-41.0
25661,-41.0
25662,43.46719
25663,48.580956
25664,26.167606
25665,-12.628049
25666,-75.375824
25667,-154.2078
25668,-230.34978
25669,-272.61807
25670,-267.15497
25671,-207.45035
25672,-125.72936
25673,-42.65321
25674,16.138262
25675,44.738873
25676,50.059765
25677,41.53781
25678,29.571753
25679,6.1389966
25680,-24.14035
25681,-62.47904
25682,-109.15732
25683,-163.80699
25684,-225.67867
25685,-293.74112
25686,-366.9459
25687,-444.5149
25688,-15.775949
25689,-19.868694
25690,-23.915785
25691,-27.956717
25692,-32.026543
25693,-36.17822
25694,-40.486454
25695,-44.290554
25696,-29.298069
25697,-41.0
25698,-41.0
25699,-41.0
25700,-41.0
25701,-41.0
25702,-41.0
25703,-41.0
25704,-41.0
25705,-41.0
25706,-41.0
25707,-41.0
25708,-41.0
25709,-41.0
25710,-41.0
25711,-41.0
25712,-41.0
25713,-41.0
25714,-41.0
25715,-41.0
25716,-26.0
25717,-41.0
25718,-41.0
25719,-41.0
25720,-41.0
25721,-26.0
25722,-41.0
25723,43.467182
25724,48.580677
25725,26.162699
25726,-12.662523
25727,-75.51768
25728,-154.63884
25729,-231.44069
25730,-275.0296
25731,-271.8067
25732,-215.14513
25733,-136.54247
25734,-55.36238
25735,4.108454
25736,36.574013
25737,48.695515
25738,54.755054
25739,50.185005
25740,42.221413
25741,31.01664
25742,15.745317
25743,-4.2125635
25744,-29.288755
25745,-59.825787
25746,-96.06705
25747,-138.2399
25748,-186.67487
25749,-241.73616
25750,-303.8041
25751,-373.2892
25752,3.0945618
25753,-16.335464
25754,-20.9053
25755,-25.642048
25756,-30.586044
25757,-20.758778
25758,-41.14288
25759,-45.11189
25760,-43.96919
25761,-41.0
25762,-41.0
25763,-41.0
25764,-41.0
25765,-41.0
25766,-41.0
25767,-41.0
25768,-41.0
25769,-41.0
25770,-41.0
25771,-41.0
25772,-41.0
25773,-41.0
25774,-26.0
25775,-41.0
25776,-41.0
25777,-41.0
25778,-41.0
25779,-41.0
25780,-41.0
25781,-41.0
25782,-41.0
25783,-41.0
25784,-26.0
25785,-41.0
25786,-26.0
25787,-41.0
25788,-41.0
25789,-41.0
25790,-41.0
25791,43.46719
25792,48.58113
25793,26.171036
25794,-12.601292
25795,-75.24982
25796,-153.79427
25797,-229.33391
25798,-270.6869
25799,-264.24365
25800,-203.86882
25801,-122.0002
25802,-39.310707
25803,18.623896
25804,45.95461
25805,49.604774
25806,38.909008
25807,24.151587
25808,-2.76613
25809,-37.25709
25810,-80.46304
25811,-132.40398
25812,-192.34464
25813,-259.1465
25814,-331.41922
25815,-407.8346
25816,-13.837031
25817,-17.887737
25818,-21.816809
25819,-25.671347
25820,-29.499506
25821,-18.343771
25822,-37.263767
25823,-41.338905
25824,-44.362473
25825,-43.426212
25826,-41.0
25827,-41.0
25828,-41.0
25829,-26.0
25830,-41.0
25831,-41.0
25832,-41.0
25833,-41.0
25834,-26.0
25835,-26.0
25836,-41.0
25837,-41.0
25838,-41.0
25839,-41.0
25840,-26.0
25841,-41.0
25842,-41.0
25843,-41.0
25844,-41.0
25845,-41.0
25846,-41.0
25847,-41.0
25848,-41.0
25849,-41.0
25850,-41.0
25851,-41.0
25852,-41.0
25853,-41.0
25854,-41.0
25855,43.46719
25856,48.58076
25857,26.163973
25858,-12.656878
25859,-75.497086
25860,-154.54558
25861,-231.07906
25862,-273.99893
25863,-269.57315
25864,-211.29404
25865,-131.07683
25866,-48.924595
25867,10.268486
25868,40.995487
25869,50.14085
25870,52.157158
25871,42.507637
25872,28.262354
25873,9.176537
25874,-16.000313
25875,-48.036884
25876,-87.299965
25877,-133.86531
25878,-187.51117
25879,-247.86653
25880,-314.6092
25881,-387.44016
25882,-12.737964
25883,-17.035652
25884,-21.360888
25885,-25.728407
25886,-30.171453
25887,-34.74555
25888,-39.52291
25889,-44.300434
25890,-45.27745
25891,-41.0
25892,-41.0
25893,-41.0
25894,-41.0
25895,-41.0
25896,-41.0
25897,-41.0
25898,-41.0
25899,-41.0
25900,-41.0
25901,-41.0
25902,-41.0
25903,-41.0
25904,-41.0
25905,-41.0
25906,-41.0
25907,-41.0
25908,-41.0
25909,-41.0
25910,-41.0
25911,-41.0
25912,-41.0
25913,-41.0
25914,-26.0
25915,-41.0
25916,-41.0
25917,-41.0
25918,-41.0
25919,43.4672
25920,48.58164
25921,26.181591
25922,-12.509625
25923,-74.801865
25924,-152.32225
25925,-225.70804
25926,-263.5411
25927,-252.6153
25928,-188.02403
25929,-103.80642
25930,-22.067442
25931,30.98574
25932,50.096275
25933,43.426712
25934,21.017914
25935,-11.46591
25936,-51.93346
25937,-95.759315
25938,-153.91743
25939,-220.89085
25940,-295.3427
25941,-375.5899
25942,-12.524892
25943,-16.878658
25944,-21.001213
25945,-24.924261
25946,-28.697182
25947,-32.384766
25948,-36.051937
25949,-39.756367
25950,-43.57583
25951,-44.657463
25952,-41.1746
25953,-41.0
25954,-41.0
25955,-41.0
25956,-41.0
25957,-41.0
25958,-41.0
25959,-41.0
25960,-26.0
25961,-41.0
25962,-41.0
25963,-41.0
25964,-26.0
25965,-41.0
25966,-41.0
25967,-26.0
25968,-41.0
25969,-26.0
25970,-41.0
25971,-41.0
25972,-41.0
25973,-41.0
25974,-26.0
25975,-41.0
25976,-41.0
25977,43.46719
25978,48.581024
25979,26.16996
25980,-12.600831
25981,-75.212074
25982,-153.60002
25983,-228.78047
25984,-269.5902
25985,-262.61142
25986,-201.9956
25987,-120.36121
25988,-38.330303
25989,18.835985
25990,45.765392
25991,49.807415
25992,40.612614
25993,28.70345
25994,6.1512218
25995,-22.323174
25996,-57.822876
25997,-100.57666
25998,-150.27043
25999,-206.32286
26000,-267.96204
26001,-334.4449
26002,-405.28537
26003,-13.374125
26004,-17.315216
26005,-21.246792
26006,-25.203617
26007,-29.214298
26008,-18.323238
26009,-37.594307
26010,-42.105186
26011,-44.829346
26012,-42.806393
26013,-41.0
26014,-41.0
26015,-41.0
26016,-41.0
26017,-41.0
26018,-26.0
26019,-41.0
26020,-41.0
26021,-41.0
26022,-41.0
26023,-41.0
26024,-41.0
26025,-41.0
26026,-41.0
26027,-26.0
26028,-26.0
26029,-41.0
26030,-41.0
26031,-26.0
26032,-41.0
26033,-41.0
26034,-41.0
26035,-41.0
26036,-26.0
26037,-41.0
26038,-26.0
26039,-26.0
26040,-41.0
26041,43.467182
26042,48.58048
26043,26.159067
26044,-12.6901655
26045,-75.63007
26046,-154.94478
26047,-232.09956
26048,-276.2598
26049,-273.82025
26050,-217.94824
26051,-139.81572
26052,-58.553467
26053,1.5464491
26054,34.958847
26055,48.0712
26056,55.008377
26057,51.077183
26058,43.37346
26059,31.8756
26060,15.534438
26061,-6.49833
26062,-34.805454
26063,-69.74574
26064,-111.416985
26065,-159.75777
26066,-214.7211
26067,-276.27432
26068,-344.44296
26069,-419.35574
26070,-14.566125
26071,-18.986206
26072,-8.501931
26073,-28.153608
26074,-32.99559
26075,-38.060635
26076,-43.339066
26077,-45.58904
26078,-26.911455
26079,-41.0
26080,-41.0
26081,-41.0
26082,-41.0
26083,-41.0
26084,-26.0
26085,-41.0
26086,-41.0
26087,-41.0
26088,-41.0
26089,-41.0
26090,-41.0
26091,-41.0
26092,-41.0
26093,-41.0
26094,-41.0
26095,-41.0
26096,-41.0
26097,-26.0
26098,-41.0
26099,-41.0
26100,-26.0
26101,-26.0
26102,-41.0
26103,-41.0
26104,-26.0
26105,-41.0
26106,-41.0
26107,-41.0
26108,-26.0
26109,43.46719
26110,48.580692
26111,26.163439
26112,-12.654034
26113,-75.45995
26114,-154.3925
26115,-230.70187
26116,-273.31754
26117,-268.57574
26118,-210.04233
26119,-129.69162
26120,-47.591507
26121,11.329983
26122,41.61201
26123,50.224716
26124,51.658802
26125,41.4006
26126,26.573301
26127,7.050938
26128,-18.195143
26129,-49.60702
26130,-87.18484
26131,-130.65887
26132,-179.53745
26133,-233.308
26134,-291.67023
26135,-354.5068
26136,-421.89404
26137,-14.012777
26138,-17.861683
26139,-21.777613
26140,-25.79329
26141,-29.956764
26142,-34.325634
26143,-38.931084
26144,-43.75827
26145,-45.370308
26146,-41.34195
26147,-41.0
26148,-26.0
26149,-41.0
26150,-41.0
26151,-41.0
26152,-26.0
26153,-41.0
26154,-26.0
26155,-41.0
26156,-41.0
26157,-41.0
26158,-41.0
26159,-41.0
26160,-41.0
26161,-41.0
26162,-41.0
26163,-41.0
26164,-41.0
26165,-26.0
26166,-41.0
26167,-26.0
26168,-26.0
26169,-26.0
26170,-26.0
26171,-41.0
26172,-26.0
26173,-41.0
26174,-41.0
26175,-26.0
26176,-41.0
26177,-41.0
26178,-41.0
26179,-26.0
26180,-26.0
26181,43.467182
26182,48.580605
26183,26.160948
26184,-12.683543
26185,-75.644066
26186,-155.12833
26187,-232.83258
26188,-278.10922
26189,-277.2448
26190,-222.98613
26191,-146.04916
26192,-65.22858
26193,-4.6471744
26194,30.10707
26195,45.22704
26196,54.872322
26197,54.568733
26198,51.800873
26199,47.157333
26200,40.27247
26201,30.731998
26202,18.168451
26203,2.2043138
26204,-17.549772
26205,-41.549274
26206,-70.38711
26207,-104.74101
26208,-145.36963
26209,-193.12054
26210,-248.83295
26211,-313.22263
26212,-387.00107
26213,1.9104323
26214,-17.99775
26215,-23.167702
26216,-28.560648
26217,-19.147226
26218,-39.913143
26219,-44.972908
26220,-30.156605
26221,-26.0
26222,-26.0
26223,-41.0
26224,-41.0
26225,-41.0
26226,-41.0
26227,-26.0
26228,-41.0
26229,-26.0
26230,-41.0
26231,-41.0
26232,-41.0
26233,-26.0
26234,-41.0
26235,-41.0
26236,-41.0
26237,-26.0
26238,-26.0
26239,-41.0
26240,-41.0
26241,-26.0
26242,-41.0
26243,-41.0
26244,-41.0
26245,-26.0
26246,-41.0
26247,-41.0
26248,-41.0
26249,-41.0
26250,-41.0
26251,-41.0
26252,-41.0
26253,-41.0
26254,-41.0
26255,43.46719
26256,48.581116
26257,26.1709
26258,-12.599111
26259,-75.22627
26260,-153.68729
26261,-229.03241
26262,-270.0853
26263,-263.384
26264,-203.07289
26265,-121.771904
26266,-39.981365
26267,17.284958
26268,44.857315
26269,50.11811
26270,42.68349
26271,33.005234
26272,13.069476
26273,-12.485076
26274,-44.88253
26275,-84.54982
26276,-131.3633
26277,-184.88487
26278,-244.42506
26279,-309.2504
26280,-378.82968
26281,3.041683
26282,-0.95585656
26283,-4.938503
26284,-23.936497
26285,-12.974711
26286,-32.09394
26287,-36.354515
26288,-40.830223
26289,-44.488163
26290,-44.00198
26291,-41.0
26292,-41.0
26293,-41.0
26294,-41.0
26295,-41.0
26296,-41.0
26297,-41.0
26298,-41.0
26299,-41.0
26300,-41.0
26301,-41.0
26302,-41.0
26303,-41.0
26304,-41.0
26305,-41.0
26306,-41.0
26307,-41.0
26308,-41.0
26309,-41.0
26310,-41.0
26311,-41.0
26312,-41.0
26313,-41.0
26314,-41.0
26315,-41.0
26316,-41.0
26317,-41.0
26318,-41.0
26319,-41.0
26320,-41.0
26321,-41.0
26322,43.46719
26323,48.580795
26324,26.164984
26325,-12.644576
26326,-75.42787
26327,-154.31181
26328,-230.53146
26329,-273.02814
26330,-268.2021
26331,-209.68318
26332,-129.43405
26333,-47.453484
26334,11.378903
26335,41.611393
26336,50.21997
26337,51.726788
26338,41.669605
26339,27.22128
26340,8.284486
26341,-16.194191
26342,-46.783497
26343,-83.719
26344,-127.039635
26345,-176.56773
26346,-232.03525
26347,-293.26752
26348,-360.1524
26349,-432.69574
26350,-14.983903
26351,-19.14917
26352,-23.394392
26353,-27.751099
26354,-32.26864
26355,-22.008913
26356,-42.010105
26357,-45.105923
26358,-43.051067
26359,-41.0
26360,-41.0
26361,-41.0
26362,-41.0
26363,-26.0
26364,-41.0
26365,-26.0
26366,-41.0
26367,-41.0
26368,-41.0
26369,-41.0
26370,-41.0
26371,-41.0
26372,-26.0
26373,-41.0
26374,-41.0
26375,-26.0
26376,-41.0
26377,-41.0
26378,-41.0
26379,-26.0
26380,-41.0
26381,-41.0
26382,-41.0
26383,-41.0
26384,-41.0
26385,-41.0
26386,-41.0
26387,-41.0
26388,43.46719
26389,48.581165
26390,26.172783
26391,-12.577341
26392,-75.09718
26393,-153.21643
26394,-227.83023
26395,-267.7665
26396,-259.85806
26397,-198.7106
26398,-117.251625
26399,-36.04888
26400,20.022163
26401,46.073452
26402,49.762764
26403,40.8135
26404,29.704641
26405,8.409038
26406,-18.485909
26407,-52.27833
26408,-93.480415
26409,-142.08043
26410,-197.73938
26411,-259.8268
26412,-327.62598
26413,-400.57608
26414,-13.332869
26415,-17.449226
26416,-21.549795
26417,-25.665855
26418,-29.826097
26419,-34.0773
26420,-23.48718
26421,-43.13934
26422,-45.152897
26423,-41.87047
26424,-41.0
26425,-26.0
26426,-41.0
26427,-41.0
26428,-41.0
26429,-41.0
26430,-41.0
26431,-41.0
26432,-26.0
26433,-41.0
26434,-41.0
26435,-41.0
26436,-41.0
26437,-41.0
26438,-41.0
26439,-41.0
26440,-26.0
26441,-41.0
26442,-41.0
26443,-41.0
26444,-41.0
26445,-41.0
26446,-41.0
26447,-41.0
26448,-26.0
26449,-41.0
26450,43.46719
26451,48.580956
26452,26.168211
26453,-12.618899
26454,-75.30952
26455,-153.92503
26456,-229.50116
26457,-270.66058
26458,-263.55087
26459,-202.00688
26460,-118.83184
26461,-35.3693
26462,22.163443
26463,47.676903
26464,48.260864
26465,33.43644
26466,8.648604
26467,-19.077663
26468,-60.081642
26469,-110.37474
26470,-169.68874
26471,-236.97496
26472,-310.80295
26473,-389.52512
26474,-13.088041
26475,-2.292916
26476,-21.314072
26477,-25.192984
26478,-13.985932
26479,-32.749416
26480,-36.532955
26481,-40.40401
26482,-43.98777
26483,-44.27299
26484,-41.0
26485,-41.0
26486,-41.0
26487,-41.0
26488,-41.0
26489,-26.0
26490,-41.0
26491,-41.0
26492,-41.0
26493,-41.0
26494,-41.0
26495,-41.0
26496,-41.0
26497,-41.0
26498,-26.0
26499,-41.0
26500,-41.0
26501,-26.0
26502,-41.0
26503,-41.0
26504,-41.0
26505,-26.0
26506,-41.0
26507,-41.0
26508,-41.0
26509,-41.0
26510,-41.0
26511,43.46719
26512,48.58071
26513,26.164112
26514,-12.644665
26515,-75.40226
26516,-154.15887
26517,-229.94896
26518,-271.34354
26519,-264.4048
26520,-202.89651
26521,-119.60633
26522,-35.906017
26523,21.9036
26524,47.623646
26525,48.27995
26526,33.4052
26527,8.494492
26528,-19.386013
26529,-60.583614
26530,-111.176346
26531,-170.98943
26532,-239.05444
26533,-313.99582
26534,-394.1994
26535,-13.458349
26536,-17.759464
26537,-21.884083
26538,-25.870995
26539,-29.774899
26540,-18.651974
26541,-37.55281
26542,-41.54796
26543,-29.356495
26544,-43.236095
26545,-26.0
26546,-41.0
26547,-26.0
26548,-41.0
26549,-41.0
26550,-41.0
26551,-41.0
26552,-41.0
26553,-41.0
26554,-41.0
26555,-41.0
26556,-41.0
26557,-41.0
26558,-41.0
26559,-41.0
26560,-26.0
26561,-41.0
26562,-41.0
26563,-41.0
26564,-41.0
26565,-41.0
26566,-41.0
26567,-41.0
26568,-41.0
26569,43.46719
26570,48.581165
26571,26.172178
26572,-12.586817
26573,-75.158966
26574,-153.43002
26575,-228.28654
26576,-268.37305
26577,-260.16196
26578,-197.983
26579,-114.96172
26580,-32.40946
26581,23.816988
26582,48.116985
26583,47.939186
26584,32.93946
26585,8.590372
26586,-18.110415
26587,-57.557568
26588,-105.83289
26589,-162.75566
26590,-227.3689
26591,-298.3508
26592,-374.19574
26593,-12.104368
26594,-16.251692
26595,-20.237053
26596,-24.09971
26597,-27.893162
26598,-31.671265
26599,-35.481396
26600,-24.388685
26601,-43.47938
26602,-44.833687
26603,-41.34559
26604,-26.0
26605,-26.0
26606,-41.0
26607,-41.0
26608,-41.0
26609,-41.0
26610,-41.0
26611,-41.0
26612,-41.0
26613,-41.0
26614,-26.0
26615,-26.0
26616,-26.0
26617,-41.0
26618,-41.0
26619,-41.0
26620,-41.0
26621,-41.0
26622,-41.0
26623,-41.0
26624,-26.0
26625,-41.0
26626,-41.0
26627,-41.0
26628,-41.0
26629,-26.0
26630,43.46719
26631,48.5812
26632,26.172176
26633,-12.595533
26634,-75.24898
26635,-153.89844
26636,-229.86887
26637,-272.3
26638,-267.81924
26639,-210.1595
26640,-131.11479
26641,-50.222416
26642,8.231472
26643,39.179493
26644,49.59453
26645,53.86659
26646,47.379772
26647,37.209267
26648,23.258131
26649,4.451845
26650,-19.961807
26651,-50.445126
26652,-87.25893
26653,-130.44258
26654,-179.92238
26655,-235.67596
26656,-297.69495
26657,-366.01312
26658,-440.76126
26659,-15.587058
26660,-19.904062
26661,-24.321838
26662,-28.8818
26663,-33.637897
26664,-38.62152
26665,-43.820995
26666,-45.637398
26667,-41.42493
26668,-41.0
26669,-41.0
26670,-41.0
26671,-41.0
26672,-41.0
26673,-41.0
26674,-41.0
26675,-41.0
26676,-41.0
26677,-26.0
26678,-41.0
26679,-41.0
26680,-41.0
26681,-41.0
26682,-41.0
26683,-41.0
26684,-41.0
26685,-41.0
26686,-41.0
26687,-41.0
26688,-41.0
26689,-41.0
26690,-41.0
26691,-26.0
26692,-41.0
26693,-41.0
26694,-41.0
26695,-41.0
26696,-41.0
26697,-41.0
26698,43.467182
26699,48.58048
26700,26.159
26701,-12.690051
26702,-75.61463
26703,-154.81236
26704,-231.50255
26705,-274.44315
26706,-269.69632
26707,-210.61378
26708,-129.22337
26709,-45.970314
26710,13.6068735
26711,43.472775
26712,50.272488
26713,43.27159
26714,32.77793
26715,10.737182
26716,-18.22933
26717,-55.36053
26718,-101.01224
26719,-154.88338
26720,-216.26901
26721,-284.14984
26722,-357.44012
26723,-435.27838
26724,-15.3500595
26725,-19.486197
26726,-8.567301
26727,-27.6334
26728,-31.720415
26729,-35.882027
26730,-40.193317
26731,-44.211582
26732,-29.572208
26733,-26.0
26734,-41.0
26735,-41.0
26736,-41.0
26737,-41.0
26738,-41.0
26739,-41.0
26740,-26.0
26741,-41.0
26742,-41.0
26743,-26.0
26744,-41.0
26745,-26.0
26746,-26.0
26747,-41.0
26748,-41.0
26749,-41.0
26750,-41.0
26751,-41.0
26752,-26.0
26753,-41.0
26754,-41.0
26755,-41.0
26756,-41.0
26757,-26.0
26758,-41.0
26759,-41.0
26760,43.467182
26761,48.58064
26762,26.162159
26763,-12.667748
26764,-75.545525
26765,-154.73816
26766,-231.68745
26767,-275.45422
26768,-272.2913
26769,-215.40863
26770,-136.27843
26771,-54.45549
26772,5.4350443
26773,37.82294
26774,49.298233
26775,54.130856
26776,47.70245
26777,37.1186
26778,22.307074
26779,2.2151315
26780,-23.845675
26781,-56.216698
26782,-94.990585
26783,-140.01216
26784,-191.02304
26785,-247.8575
26786,-310.42075
26787,-378.72708
26788,3.0297043
26789,-16.114504
26790,-20.33532
26791,-24.661709
26792,-29.138962
26793,-33.824097
26794,-38.751038
26795,-28.91055
26796,-30.629488
26797,-41.314873
26798,-41.0
26799,-41.0
26800,-26.0
26801,-26.0
26802,-41.0
26803,-41.0
26804,-41.0
26805,-26.0
26806,-41.0
26807,-26.0
26808,-41.0
26809,-41.0
26810,-41.0
26811,-41.0
26812,-41.0
26813,-26.0
26814,-41.0
26815,-41.0
26816,-41.0
26817,-41.0
26818,-41.0
26819,-41.0
26820,-41.0
26821,-41.0
26822,-41.0
26823,-41.0
26824,-41.0
26825,-26.0
26826,-41.0
26827,-26.0
26828,43.467182
26829,48.580463
26830,26.158192
26831,-12.705856
26832,-75.74888
26833,-155.47595
26834,-233.7374
26835,-280.10443
26836,-281.10077
26837,-229.47508
26838,-155.46239
26839,-76.92203
26840,-17.042152
26841,18.828066
26842,41.3441
26843,49.203037
26844,52.67824
26845,54.291744
26846,55.00695
26847,54.79146
26848,53.02853
26849,48.794735
26850,40.9263
26851,28.112389
26852,8.988059
26853,-17.80407
26854,-53.493042
26855,-99.10017
26856,-155.41014
26857,-222.90411
26858,-301.70596
26859,-396.77625
26860,-19.567572
26861,-25.274471
26862,-31.125189
26863,-37.08814
26864,-43.147884
26865,-44.309944
26866,-31.368465
26867,-41.33019
26868,-41.0
26869,-41.0
26870,-41.0
26871,-41.0
26872,-41.0
26873,-41.0
26874,-41.0
26875,-41.0
26876,-41.0
26877,-26.0
26878,-41.0
26879,-41.0
26880,-41.0
26881,-41.0
26882,-41.0
26883,-41.0
26884,-26.0
26885,-26.0
26886,-41.0
26887,-41.0
26888,-41.0
26889,-41.0
26890,-41.0
26891,-41.0
26892,-41.0
26893,-41.0
26894,-41.0
26895,-41.0
26896,-41.0
26897,-41.0
26898,-41.0
26899,-41.0
26900,43.467182
26901,48.580536
26902,26.159403
26903,-12.696057
26904,-75.70439
26905,-155.3303
26906,-233.34984
26907,-279.2192
26908,-279.35953
26909,-226.52534
26910,-151.12672
26911,-71.39255
26912,-10.94687
26913,24.68945
26914,46.37968
26915,53.021458
26916,54.99233
26917,54.768913
26918,53.090603
26919,49.731735
26920,44.20002
26921,35.932777
26922,24.298477
26923,8.622044
26924,-11.83962
26925,-37.954807
26926,-70.67713
26927,-111.031425
26928,-160.09294
26929,-218.86023
26930,-288.1165
26931,-368.52527
26932,-12.72837
26933,-18.179358
26934,-28.874937
26935,-34.77127
26936,-40.83921
26937,-47.070225
26938,-45.87025
26939,-43.35715
26940,-41.0
26941,-41.0
26942,-41.0
26943,-41.0
26944,-41.0
26945,-41.0
26946,-26.0
26947,-26.0
26948,-41.0
26949,-41.0
26950,-41.0
26951,-41.0
26952,-41.0
26953,-41.0
26954,-41.0
26955,-41.0
26956,-41.0
26957,-26.0
26958,-41.0
26959,-41.0
26960,-41.0
26961,-41.0
26962,-41.0
26963,-41.0
26964,-26.0
26965,-41.0
26966,-41.0
26967,-26.0
26968,-41.0
26969,43.467182
26970,48.580463
26971,26.15866
26972,-12.697022
26973,-75.67427
26974,-155.10469
26975,-232.47018
26976,-276.83575
26977,-274.37842
26978,-218.11345
26979,-139.2847
26980,-57.28559
26981,3.2644696
26982,36.58342
26983,48.947575
26984,54.394527
26985,48.116093
26986,37.01817
26987,20.76394
26988,-2.0510185
26989,-32.468624
26990,-71.084274
26991,-118.069244
26992,-173.13324
26993,-235.69412
26994,-305.14993
26995,-380.93622
26996,-12.618637
26997,-17.07001
26998,-21.520317
26999,-25.989422
27000,-30.516308
27001,-20.162018
27002,-40.003616
27003,-44.481804
27004,-29.868122
27005,-26.0
27006,-41.0
27007,-41.0
27008,-41.0
27009,-41.0
27010,-41.0
27011,-41.0
27012,-41.0
27013,-41.0
27014,-41.0
27015,-41.0
27016,-41.0
27017,-41.0
27018,-41.0
27019,-26.0
27020,-41.0
27021,-41.0
27022,-41.0
27023,-41.0
27024,-41.0
27025,-41.0
27026,-41.0
27027,-26.0
27028,-41.0
27029,-41.0
27030,-41.0
27031,-41.0
27032,-41.0
27033,43.46719
27034,48.580692
27035,26.162561
27036,-12.669504
27037,-75.56618
27038,-154.82123
27039,-231.9419
27040,-276.16818
27041,-274.01303
27042,-218.77187
27043,-141.59332
27044,-61.30595
27045,-1.7248064
27046,31.970282
27047,46.21029
27048,55.10033
27049,53.94434
27050,49.897713
27051,43.09272
27052,32.570286
27053,17.27792
27054,-3.7734623
27055,-31.460764
27056,-66.42956
27057,-109.09337
27058,-159.7322
27059,-218.47437
27060,-285.3507
27061,-360.3744
27062,-443.50192
27063,-16.40786
27064,-21.244013
27065,-26.197105
27066,-31.316046
27067,-36.63131
27068,-42.133396
27069,-30.445671
27070,-28.113527
27071,-26.0
27072,-26.0
27073,-41.0
27074,-26.0
27075,-41.0
27076,-41.0
27077,-41.0
27078,-41.0
27079,-26.0
27080,-41.0
27081,-41.0
27082,-41.0
27083,-41.0
27084,-41.0
27085,-41.0
27086,-41.0
27087,-26.0
27088,-41.0
27089,-41.0
27090,-41.0
27091,-26.0
27092,-41.0
27093,-41.0
27094,-41.0
27095,-41.0
27096,-41.0
27097,-41.0
27098,-41.0
27099,-41.0
27100,-41.0
27101,43.46719
27102,48.580902
27103,26.167942
27104,-12.611916
27105,-75.23332
27106,-153.56775
27107,-228.45662
27108,-268.47116
27109,-260.0362
27110,-197.56018
27111,-114.3459
27112,-31.843227
27113,24.116
27114,48.150986
27115,48.007767
27116,33.58982
27117,15.533143
27118,-14.083779
27119,-50.633175
27120,-95.24204
27121,-147.90196
27122,-207.93336
27123,-274.33
27124,-345.86493
27125,-421.36737
27126,-14.4442
27127,-18.41345
27128,-22.280743
27129,-11.092929
27130,-29.897352
27131,-33.735016
27132,-22.663786
27133,-41.76185
27134,-44.478218
27135,-28.02364
27136,-41.0
27137,-41.0
27138,-41.0
27139,-41.0
27140,-41.0
27141,-41.0
27142,-26.0
27143,-26.0
27144,-41.0
27145,-41.0
27146,-41.0
27147,-41.0
27148,-41.0
27149,-41.0
27150,-41.0
27151,-41.0
27152,-26.0
27153,-26.0
27154,-41.0
27155,-41.0
27156,-41.0
27157,-41.0
27158,-41.0
27159,-41.0
27160,-41.0
27161,-26.0
27162,-41.0
27163,-41.0
27164,43.46719
27165,48.581272
27166,26.17406
27167,-12.57508
27168,-75.12725
27169,-153.42139
27170,-228.47887
27171,-269.04276
27172,-261.46777
27173,-199.77205
27174,-116.82426
27175,-33.909935
27176,22.921873
27177,47.84214
27178,48.215252
27179,33.7815
27180,10.159897
27181,-15.49412
27182,-53.41978
27183,-99.57521
27184,-153.74005
27185,-214.99907
27186,-282.12695
27187,-353.7491
27188,-428.65298
27189,-14.71833
27190,-3.5751321
27191,-22.325733
27192,-26.021511
27193,-14.712439
27194,-33.441257
27195,-37.266777
27196,-41.266518
27197,-44.295597
27198,-43.45484
27199,-41.0
27200,-41.0
27201,-41.0
27202,-41.0
27203,-41.0
27204,-26.0
27205,-41.0
27206,-26.0
27207,-41.0
27208,-41.0
27209,-41.0
27210,-41.0
27211,-26.0
27212,-41.0
27213,-41.0
27214,-26.0
27215,-26.0
27216,-41.0
27217,-41.0
27218,-41.0
27219,-41.0
27220,-41.0
27221,-41.0
27222,-41.0
27223,-41.0
27224,-26.0
27225,-26.0
27226,-41.0
27227,-41.0
27228,43.46719
27229,48.58118
27230,26.172716
27231,-12.581052
27232,-75.12963
27233,-153.35225
27234,-228.1898
27235,-268.44656
27236,-260.82755
27237,-199.79167
27238,-118.26601
27239,-36.9356
27240,19.276928
27241,45.61764
27242,49.978096
27243,47.33043
27244,33.36867
27245,15.255407
27246,-7.2274656
27247,-35.21934
27248,-69.2278
27249,-109.382164
27250,-155.6105
27251,-207.64244
27252,-265.15906
27253,-327.99588
27254,-396.10278
27255,-12.805559
27256,-16.819304
27257,-20.903545
27258,-25.07676
27259,-29.371683
27260,-33.839504
27261,-38.54543
27262,-43.531715
27263,-45.439625
27264,-26.59766
27265,-41.0
27266,-41.0
27267,-41.0
27268,-41.0
27269,-41.0
27270,-41.0
27271,-41.0
27272,-26.0
27273,-41.0
27274,-41.0
27275,-41.0
27276,-41.0
27277,-41.0
27278,-41.0
27279,-41.0
27280,-41.0
27281,-26.0
27282,-26.0
27283,-41.0
27284,-41.0
27285,-41.0
27286,-41.0
27287,-41.0
27288,-41.0
27289,-41.0
27290,-41.0
27291,43.46719
27292,48.581043
27293,26.171038
27294,-12.584616
27295,-75.10262
27296,-153.16476
27297,-227.5734
27298,-267.0192
27299,-258.18134
27300,-195.666
27301,-112.75706
27302,-30.741135
27303,24.719315
27304,48.32802
27305,47.804867
27306,32.956066
27307,9.313021
27308,-16.14977
27309,-53.912525
27310,-100.20037
27311,-155.04266
27312,-217.70123
27313,-287.01868
27314,-361.575
27315,-440.02856
27316,-0.5594076
27317,-19.585186
27318,-23.495962
27319,-27.340878
27320,-31.16998
27321,-35.02781
27322,-38.97705
27323,-28.101759
27324,-44.78548
27325,-41.736816
27326,-41.0
27327,-41.0
27328,-41.0
27329,-41.0
27330,-41.0
27331,-41.0
27332,-41.0
27333,-41.0
27334,-41.0
27335,-41.0
27336,-41.0
27337,-41.0
27338,-41.0
27339,-41.0
27340,-41.0
27341,-41.0
27342,-41.0
27343,-41.0
27344,-41.0
27345,-41.0
27346,-41.0
27347,-41.0
27348,-26.0
27349,-41.0
27350,-41.0
27351,-41.0
27352,43.46719
27353,48.58078
27354,26.165186
27355,-12.639669
27356,-75.39293
27357,-154.17395
27358,-230.13907
27359,-272.10895
27360,-266.37524
27361,-206.62221
27362,-125.12472
27363,-42.416107
27364,16.073833
27365,44.598366
27366,50.111485
27367,42.037918
27368,30.752003
27369,8.194158
27370,-21.076561
27371,-58.380436
27372,-104.14957
27373,-158.15546
27374,-219.74284
27375,-287.91824
27376,-361.62552
27377,-440.05698
27378,-15.642229
27379,-19.821047
27380,-23.956581
27381,-28.087475
27382,-32.248234
27383,-21.491827
27384,-40.893894
27385,-44.45834
27386,-28.950003
27387,-41.0
27388,-26.0
27389,-41.0
27390,-26.0
27391,-41.0
27392,-41.0
27393,-41.0
27394,-41.0
27395,-41.0
27396,-41.0
27397,-41.0
27398,-41.0
27399,-41.0
27400,-41.0
27401,-41.0
27402,-41.0
27403,-41.0
27404,-41.0
27405,-26.0
27406,-41.0
27407,-41.0
27408,-41.0
27409,-41.0
27410,-41.0
27411,-41.0
27412,43.467182
27413,48.580517
27414,26.159332
27415,-12.694198
27416,-75.67369
27417,-155.13092
27418,-232.5599
27419,-276.99564
27420,-274.55496
27421,-218.21074
27422,-139.20741
27423,-56.993427
27424,3.6942115
27425,36.973434
27426,49.11649
27427,54.222813
27428,47.583344
27429,36.222397
27430,19.936802
27431,-2.522938
27432,-32.048927
27433,-69.1534
27434,-114.03537
27435,-166.55092
27436,-226.34666
27437,-293.0721
27438,-366.38803
27439,-446.0381
27440,-16.165192
27441,-20.638752
27442,-25.155178
27443,-29.746716
27444,-34.46727
27445,-39.388107
27446,-44.34347
27447,-45.432426
27448,-41.0
27449,-41.0
27450,-41.0
27451,-41.0
27452,-41.0
27453,-41.0
27454,-41.0
27455,-41.0
27456,-41.0
27457,-41.0
27458,-41.0
27459,-41.0
27460,-41.0
27461,-26.0
27462,-41.0
27463,-41.0
27464,-41.0
27465,-26.0
27466,-41.0
27467,-41.0
27468,-41.0
27469,-41.0
27470,-41.0
27471,-41.0
27472,-41.0
27473,-41.0
27474,43.467182
27475,48.580677
27476,26.163103
27477,-12.654132
27478,-75.44623
27479,-154.29703
27480,-230.32785
27481,-272.2802
27482,-266.36716
27483,-206.27481
27484,-124.36598
27485,-41.3032
27486,17.29475
27487,45.429554
27488,49.784702
27489,39.46752
27490,19.561447
27491,-3.1830192
27492,-39.27239
27493,-84.882324
27494,-139.97725
27495,-203.68378
27496,-274.67804
27497,-351.3837
27498,-432.3169
27499,-15.371115
27500,-19.547737
27501,-23.593348
27502,-27.559792
27503,-31.49977
27504,-35.45997
27505,-39.505615
27506,-43.724804
27507,-44.97116
27508,-26.167831
27509,-41.0
27510,-41.0
27511,-41.0
27512,-26.0
27513,-41.0
27514,-26.0
27515,-41.0
27516,-26.0
27517,-26.0
27518,-41.0
27519,-41.0
27520,-41.0
27521,-41.0
27522,-41.0
27523,-26.0
27524,-41.0
27525,-41.0
27526,-41.0
27527,-41.0
27528,-26.0
27529,-41.0
27530,-41.0
27531,-41.0
27532,-41.0
27533,-26.0
27534,43.46719
27535,48.58132
27536,26.174397
27537,-12.577483
27538,-75.16619
27539,-153.63222
27540,-229.20618
27541,-270.92874
27542,-265.37894
27543,-206.41669
27544,-126.19164
27545,-44.75204
27546,13.185566
27547,42.466656
27548,50.281773
27549,51.175346
27550,40.626656
27551,25.734024
27552,6.3255634
27553,-18.715937
27554,-49.99061
27555,-87.730515
27556,-131.9347
27557,-182.36511
27558,-238.70227
27559,-300.75018
27560,-368.4005
27561,-441.66568
27562,-15.47003
27563,-19.632727
27564,-23.868944
27565,-13.2092705
27566,-32.70297
27567,-37.412586
27568,-42.37689
27569,-45.16985
27570,-27.700346
27571,-41.0
27572,-41.0
27573,-26.0
27574,-41.0
27575,-41.0
27576,-26.0
27577,-41.0
27578,-41.0
27579,-26.0
27580,-41.0
27581,-41.0
27582,-41.0
27583,-41.0
27584,-26.0
27585,-41.0
27586,-41.0
27587,-41.0
27588,-41.0
27589,-41.0
27590,-41.0
27591,-26.0
27592,-41.0
27593,-41.0
27594,-41.0
27595,-41.0
27596,-41.0
27597,-41.0
27598,-41.0
27599,-41.0
27600,43.467182
27601,48.580517
27602,26.159267
27603,-12.697146
27604,-75.70222
27605,-155.25992
27606,-232.91678
27607,-277.6909
27608,-275.5612
27609,-219.30663
27610,-140.10971
27611,-57.5428
27612,3.4639509
27613,36.916378
27614,49.10803
27615,54.240974
27616,47.729195
27617,36.72787
27618,21.18906
27619,0.05756447
27620,-27.348558
27621,-61.3465
27622,-101.98705
27623,-149.04706
27624,-202.1672
27625,-261.0553
27626,-325.48785
27627,-395.37045
27628,-12.908595
27629,-17.024704
27630,-21.198576
27631,-25.462896
27632,-29.86667
27633,-19.469118
27634,-39.303905
27635,-44.25238
27636,-45.477554
27637,-41.0
27638,-41.0
27639,-26.0
27640,-41.0
27641,-41.0
27642,-41.0
27643,-41.0
27644,-41.0
27645,-41.0
27646,-41.0
27647,-41.0
27648,-41.0
27649,-41.0
27650,-41.0
27651,-41.0
27652,-41.0
27653,-26.0
27654,-41.0
27655,-41.0
27656,-41.0
27657,-26.0
27658,-41.0
27659,-41.0
27660,-41.0
27661,-41.0
27662,-41.0
27663,-41.0
27664,-41.0
27665,-41.0
27666,-41.0
27667,-26.0
27668,-41.0
27669,43.46719
27670,48.581356
27671,26.175135
27672,-12.570522
27673,-75.12701
27674,-153.4846
27675,-228.80148
27676,-270.06204
27677,-263.83533
27678,-204.0387
27679,-122.9869
27680,-41.063652
27681,16.595985
27682,44.595284
27683,50.158333
27684,42.86213
27685,33.16257
27686,13.057199
27687,-12.812554
27688,-45.69049
27689,-86.056816
27690,-133.87573
27691,-188.80702
27692,-250.2414
27693,-317.4924
27694,-390.03204
27695,-12.78018
27696,-16.932364
27697,-21.072817
27698,-25.230915
27699,-29.432365
27700,-18.720524
27701,-38.160217
27702,-27.832626
27703,-45.1006
27704,-42.17755
27705,-41.0
27706,-41.0
27707,-26.0
27708,-41.0
27709,-41.0
27710,-41.0
27711,-26.0
27712,-41.0
27713,-26.0
27714,-26.0
27715,-41.0
27716,-41.0
27717,-41.0
27718,-41.0
27719,-41.0
27720,-41.0
27721,-26.0
27722,-26.0
27723,-41.0
27724,-41.0
27725,-41.0
27726,-41.0
27727,-41.0
27728,-41.0
27729,-41.0
27730,-41.0
27731,-41.0
27732,43.46719
27733,48.58071
27734,26.163572
27735,-12.653053
27736,-75.4464
27737,-154.28287
27738,-230.21532
27739,-271.90253
27740,-265.55634
27741,-205.01068
27742,-122.898865
27743,-40.117146
27744,17.788979
27745,45.33715
27746,49.955685
27747,41.470745
27748,30.558472
27749,9.397119
27750,-17.23521
27751,-50.45658
27752,-90.59951
27753,-137.48509
27754,-190.65532
27755,-249.42992
27756,-313.12094
27757,-381.27853
27758,-11.969141
27759,-15.876811
27760,-19.780907
27761,-23.712942
27762,-27.698324
27763,-31.777565
27764,-36.009983
27765,-40.46824
27766,-29.38065
27767,-44.323853
27768,-41.0
27769,-41.0
27770,-41.0
27771,-26.0
27772,-41.0
27773,-41.0
27774,-41.0
27775,-41.0
27776,-26.0
27777,-41.0
27778,-41.0
27779,-26.0
27780,-41.0
27781,-41.0
27782,-41.0
27783,-26.0
27784,-41.0
27785,-41.0
27786,-26.0
27787,-41.0
27788,-41.0
27789,-41.0
27790,-41.0
27791,-41.0
27792,-41.0
27793,-41.0
27794,-41.0
27795,-26.0
27796,-41.0
27797,-26.0
27798,43.46719
27799,48.58071
27800,26.163841
27801,-12.646406
27802,-75.39915
27803,-154.10011
27804,-229.71173
27805,-270.76038
27806,-263.35266
27807,-201.4063
27808,-117.88193
27809,-34.27454
27810,23.088003
27811,48.07142
27812,47.77067
27813,31.674122
27814,5.152691
27815,-24.866766
27816,-68.81913
27817,-122.74129
27818,-186.24513
27819,-258.06018
27820,-336.50195
27821,-419.69498
27822,-14.90055
27823,-19.171227
27824,-23.237434
27825,-12.144542
27826,-15.953701
27827,-19.726583
27828,-23.517792
27829,-42.40116
27830,-44.47453
27831,-27.375053
27832,-41.0
27833,-41.0
27834,-26.0
27835,-41.0
27836,-41.0
27837,-26.0
27838,-41.0
27839,-26.0
27840,-41.0
27841,-41.0
27842,-26.0
27843,-41.0
27844,-41.0
27845,-41.0
27846,-41.0
27847,-41.0
27848,-41.0
27849,-26.0
27850,-41.0
27851,-26.0
27852,-26.0
27853,-41.0
27854,-41.0
27855,-41.0
27856,-41.0
27857,-41.0
27858,43.46719
27859,48.581078
27860,26.170969
27861,-12.592893
27862,-75.17845
27863,-153.50362
27864,-228.56596
27865,-269.2087
27866,-262.09555
27867,-201.52238
27868,-120.18744
27869,-38.61235
27870,18.22476
27871,45.264378
27872,50.032383
27873,42.25529
27874,32.48248
27875,12.80417
27876,-12.02033
27877,-43.090214
27878,-80.757515
27879,-124.909325
27880,-175.19307
27881,-231.06473
27882,-291.99023
27883,-357.67276
27884,-427.9951
27885,-14.514457
27886,-18.459427
27887,-22.453243
27888,-26.518093
27889,-30.691994
27890,-35.032192
27891,-39.609505
27892,-44.210052
27893,-30.131865
27894,-26.0
27895,-41.0
27896,-41.0
27897,-41.0
27898,-41.0
27899,-26.0
27900,-41.0
27901,-41.0
27902,-41.0
27903,-41.0
27904,-41.0
27905,-41.0
27906,-26.0
27907,-41.0
27908,-41.0
27909,-41.0
27910,-41.0
27911,-41.0
27912,-41.0
27913,-41.0
27914,-26.0
27915,-41.0
27916,-41.0
27917,-41.0
27918,-26.0
27919,-41.0
27920,-41.0
27921,-26.0
27922,43.46719
27923,48.581043
27924,26.170902
27925,-12.586572
27926,-75.11646
27927,-153.21248
27928,-227.64836
27929,-266.992
27930,-257.80096
27931,-194.76472
27932,-111.47556
27933,-29.513668
27934,25.454556
27935,48.481853
27936,47.77426
27937,33.55555
27938,16.713099
27939,-10.444632
27940,-43.06903
27941,-82.13278
27942,-127.65481
27943,-179.16512
27944,-236.01181
27945,-297.4299
27946,-362.7526
27947,-431.62967
27948,-14.5022545
27949,-3.214916
27950,-21.930244
27951,-25.684113
27952,-14.504589
27953,-33.434166
27954,-37.53332
27955,-41.874985
27956,-29.662796
27957,-27.961046
27958,-41.0
27959,-41.0
27960,-41.0
27961,-41.0
27962,-41.0
27963,-41.0
27964,-41.0
27965,-41.0
27966,-41.0
27967,-41.0
27968,-41.0
27969,-41.0
27970,-41.0
27971,-41.0
27972,-26.0
27973,-41.0
27974,-41.0
27975,-41.0
27976,-26.0
27977,-26.0
27978,-26.0
27979,-41.0
27980,-41.0
27981,-26.0
27982,-41.0
27983,-41.0
27984,-41.0
27985,-26.0
27986,-41.0
27987,-41.0
27988,-41.0
27989,43.467182
27990,48.580463
27991,26.158192
27992,-12.703783
27993,-75.71833
27994,-155.26997
27995,-232.89029
27996,-277.62912
27997,-275.54025
27998,-219.45174
27999,-140.51216
28000,-58.186333
28001,2.734871
28002,36.335938
28003,48.8767
28004,54.449158
28005,48.291645
28006,37.346233
28007,21.332775
28008,-1.0583462
28009,-30.738512
28010,-68.1545
28011,-113.35609
28012,-166.00397
28013,-225.55421
28014,-291.51697
28015,-363.48465
28016,-441.2013
28017,-15.756
28018,-20.100586
28019,-24.482178
28020,-13.93639
28021,-33.518677
28022,-38.298645
28023,-43.32239
28024,-45.42176
28025,-41.834843
28026,-41.0
28027,-41.0
28028,-41.0
28029,-41.0
28030,-26.0
28031,-41.0
28032,-41.0
28033,-41.0
28034,-41.0
28035,-41.0
28036,-41.0
28037,-26.0
28038,-41.0
28039,-26.0
28040,-41.0
28041,-41.0
28042,-41.0
28043,-41.0
28044,-41.0
28045,-41.0
28046,-41.0
28047,-41.0
28048,-41.0
28049,-26.0
28050,-41.0
28051,-26.0
28052,-26.0
28053,-41.0
28054,-41.0
28055,43.467182
28056,48.580658
28057,26.162159
28058,-12.670586
28059,-75.56461
28060,-154.7927
28061,-231.77327
28062,-275.52148
28063,-272.20917
28064,-214.93535
28065,-135.14632
28066,-52.58539
28067,7.723094
28068,39.798996
28069,50.00261
28070,52.435547
28071,42.321335
28072,26.572031
28073,4.8411016
28074,-24.148994
28075,-61.02056
28076,-105.81559
28077,-158.16125
28078,-217.32564
28079,-282.4499
28080,-352.84097
28081,-427.98642
28082,-14.839709
28083,-3.9602275
28084,-23.07683
28085,-27.216917
28086,-31.423998
28087,-35.760723
28088,-25.303316
28089,-44.38668
28090,-29.511246
28091,-41.0
28092,-41.0
28093,-41.0
28094,-26.0
28095,-41.0
28096,-41.0
28097,-41.0
28098,-26.0
28099,-41.0
28100,-26.0
28101,-41.0
28102,-41.0
28103,-26.0
28104,-41.0
28105,-41.0
28106,-26.0
28107,-41.0
28108,-41.0
28109,-41.0
28110,-41.0
28111,-41.0
28112,-26.0
28113,-41.0
28114,-26.0
28115,-41.0
28116,-41.0
28117,-26.0
28118,-41.0
28119,-26.0
28120,-26.0
28121,43.467182
28122,48.580463
28123,26.158258
28124,-12.703018
28125,-75.71864
28126,-155.29996
28127,-233.05576
28128,-278.1452
28129,-276.6929
28130,-221.49757
28131,-143.54024
28132,-61.977333
28133,-1.2460883
28134,32.97175
28135,47.016174
28136,55.187748
28137,53.11474
28138,48.339703
28139,41.46035
28140,32.172157
28141,20.288092
28142,5.753193
28143,-11.452967
28144,-31.334682
28145,-53.96694
28146,-79.5982
28147,-108.60476
28148,-141.48213
28149,-178.8449
28150,-221.33743
28151,-269.54504
28152,-324.12894
28153,-385.90295
28154,-12.027784
28155,-1.1277773
28156,-20.426037
28157,-9.890133
28158,-29.49228
28159,-19.191212
28160,-38.854076
28161,-28.20129
28162,-44.841476
28163,-27.007318
28164,-41.0
28165,-26.0
28166,-41.0
28167,-26.0
28168,-41.0
28169,-41.0
28170,-41.0
28171,-26.0
28172,-26.0
28173,-41.0
28174,-26.0
28175,-26.0
28176,-41.0
28177,-26.0
28178,-41.0
28179,-26.0
28180,-26.0
28181,-41.0
28182,-41.0
28183,-26.0
28184,-26.0
28185,-41.0
28186,-41.0
28187,-41.0
28188,-41.0
28189,-26.0
28190,-26.0
28191,-41.0
28192,-26.0
28193,-26.0
28194,-41.0
28195,-41.0
28196,-41.0
28197,-26.0
28198,-41.0
28199,-26.0
28200,-41.0
28201,-26.0
28202,-41.0
28203,-26.0
28204,-26.0
28205,-26.0
28206,-26.0
28207,-26.0
28208,-26.0
28209,-26.0
28210,-26.0
28211,-26.0
28212,-26.0
28213,-41.0
28214,-41.0
28215,-41.0
28216,-26.0
28217,-26.0
28218,43.467182
28219,48.58064
28220,26.161419
28221,-12.680281
28222,-75.63408
28223,-155.11858
28224,-232.87318
28225,-278.3607
28226,-278.07877
28227,-224.95193
28228,-149.59956
28229,-70.348885
28230,-10.685543
28231,24.180193
28232,45.366722
28233,51.89857
28234,54.223892
28235,54.926136
28236,55.032516
28237,54.82085
28238,54.337383
28239,53.596195
28240,52.583164
28241,51.248257
28242,49.485195
28243,47.10024
28244,43.804604
28245,39.19235
28246,32.70918
28247,23.652216
28248,11.194105
28249,-5.6491046
28250,-28.038887
28251,-57.29511
28252,-94.68552
28253,-141.11848
28254,-197.2002
28255,-263.22546
28256,-339.0081
28257,-423.11942
28258,-0.26051417
28259,-4.507191
28260,-23.086668
28261,-10.742852
28262,-12.236649
28263,-27.37941
28264,-11.066347
28265,-8.288854
28266,-8.689968
28267,-15.382537
28268,-17.906704
28269,-19.942818
28270,-21.636679
28271,-23.134098
28272,-24.578968
28273,-26.11411
28274,-42.538765
28275,-27.44973
28276,-26.0
28277,-26.0
28278,-26.0
28279,-26.0
28280,-26.0
28281,-26.0
28282,-41.0
28283,-26.0
28284,-41.0
28285,-41.0
28286,-25.999931
28287,-25.236372
28288,-23.709599
28289,-38.524475
28290,-37.942635
28291,-21.863018
28292,-35.543148
28293,-19.543385
28294,-19.138672
28295,-19.543272
28296,-20.96234
28297,-23.294565
28298,-26.04214
28299,-28.10739
28300,-42.58352
28301,-26.0
28302,-26.0
28303,-26.0
28304,-26.0
28305,-41.0
28306,-41.0
28307,-26.0
28308,-41.0
28309,-26.0
28310,-26.0
28311,-41.0
28312,-41.0
28313,-26.0
28314,-26.0
28315,-41.0
28316,-41.0
28317,-26.0
28318,-26.0
28319,-26.0
28320,-26.0
28321,-41.0
28322,-26.0
28323,-26.0
28324,-41.0
28325,-26.0
28326,-26.0
28327,-26.0
28328,-41.0
28329,-26.0
28330,-26.0
28331,-26.0
28332,-41.0
28333,-41.0
28334,-26.0
28335,-41.0
28336,-41.0
28337,-26.0
28338,-26.0
28339,-41.0
28340,-41.0
28341,-26.0
28342,-26.0
28343,-41.0
28344,-26.0
28345,-41.0
28346,-26.0
28347,-26.0
28348,-41.0
28349,-26.0
28350,-26.0
28351,-26.0
28352,-26.0
28353,-41.0
28354,-26.0
28355,-41.0
28356,-26.0
28357,-26.0
28358,-41.0
28359,-41.0
28360,-41.0
28361,-41.0
28362,-41.0
28363,-26.0
28364,-41.0
28365,-41.0
28366,-26.0
28367,-41.0
28368,-26.0
28369,-26.0
28370,-41.0
28371,-41.0
28372,-41.0
28373,-41.0
28374,-26.0
28375,-26.0
28376,-26.0
28377,-41.0
28378,-26.0
28379,-26.0
28380,-26.0
28381,-26.0
28382,-26.0
28383,-41.0
28384,-26.0
28385,-26.0
28386,-26.0
28387,-41.0
28388,43.467182
28389,48.580463
28390,26.158325
28391,-12.703127
28392,-75.730225
28393,-155.39844
28394,-233.49832
28395,-279.49292
28396,-279.7871
28397,-227.1413
28398,-152.03625
28399,-72.73307
28400,-12.746672
28401,22.58467
28402,44.228455
28403,51.14445
28404,53.76742
28405,54.698956
28406,55.00561
28407,54.989315
28408,54.666603
28409,53.98057
28410,52.801483
28411,50.906647
28412,47.945553
28413,43.38605
28414,36.487373
28415,26.274603
28416,11.518984
28417,-9.227675
28418,-37.54974
28419,-75.15769
28420,-123.85846
28421,-185.45631
28422,-266.3851
28423,-357.25482
28424,-2.8533845
28425,-24.130577
28426,-30.545328
28427,-21.955795
28428,-28.08973
28429,-43.620335
28430,-30.659555
28431,-42.14217
28432,-41.0
28433,-26.0
28434,-26.0
28435,-41.0
28436,-41.0
28437,-41.0
28438,-41.0
28439,-41.0
28440,-26.0
28441,-26.0
28442,-26.0
28443,-41.0
28444,-41.0
28445,-26.0
28446,-41.0
28447,-41.0
28448,-41.0
28449,-41.0
28450,-26.0
28451,-41.0
28452,-26.0
28453,-26.0
28454,-26.0
28455,-26.0
28456,-41.0
28457,-41.0
28458,-26.0
28459,-41.0
28460,-26.0
28461,-26.0
28462,-41.0
28463,-41.0
28464,-26.0
28465,-26.0
28466,-41.0
28467,-41.0
28468,-26.0
28469,-41.0
28470,43.467182
28471,48.58048
28472,26.158798
28473,-12.696155
28474,-75.681076
28475,-155.18643
28476,-232.84767
28477,-277.96912
28478,-276.9428
28479,-222.77669
28480,-146.3666
28481,-66.40134
28482,-6.6222687
28483,27.784626
28484,48.18293
28485,53.76948
28486,55.07933
28487,54.687824
28488,53.47925
28489,51.529602
28490,48.77907
28491,45.171135
28492,40.627754
28493,35.037357
28494,28.204256
28495,19.783752
28496,9.28733
28497,-3.930667
28498,-20.70295
28499,-42.030533
28500,-69.0355
28501,-103.01281
28502,-145.43416
28503,-197.87076
28504,-261.65335
28505,-337.47012
28506,-425.53162
28507,-1.1628875
28508,-21.689457
28509,-27.242327
28510,-17.563549
28511,-37.35649
28512,-41.28867
28513,-43.996864
28514,-43.849964
28515,-26.105825
28516,-41.0
28517,-39.17942
28518,-38.565544
28519,-43.304256
28520,-41.0
28521,-41.0
28522,-26.0
28523,-41.0
28524,-26.0
28525,-26.0
28526,-41.0
28527,-26.0
28528,-26.0
28529,-41.0
28530,-26.0
28531,-26.0
28532,-26.0
28533,-41.0
28534,-41.0
28535,-41.0
28536,-41.0
28537,-26.0
28538,-26.0
28539,-26.0
28540,-41.0
28541,-26.0
28542,-26.0
28543,-26.0
28544,-26.0
28545,-41.0
28546,-41.0
28547,-41.0
28548,-41.0
28549,-41.0
28550,-26.0
28551,-41.0
28552,-41.0
28553,-26.0
28554,-41.0
28555,-41.0
28556,-26.0
28557,-26.0
28558,-26.0
28559,-41.0
28560,-26.0
28561,43.467182
28562,48.58064
28563,26.162361
28564,-12.663611
28565,-75.514114
28566,-154.61842
28567,-231.43005
28568,-275.20004
28569,-272.54605
28570,-216.93712
28571,-139.6714
28572,-59.64595
28573,-0.6099932
28574,32.45917
28575,51.23524
28576,55.03381
28577,54.390743
28578,51.77534
28579,47.81654
28580,42.278145
28581,34.906258
28582,25.484062
28583,13.778286
28584,-0.45890525
28585,-17.545992
28586,-37.953873
28587,-62.275467
28588,-91.22066
28589,-125.612625
28590,-166.3007
28591,-214.06148
28592,-269.69952
28593,-334.10886
28594,-408.2319
28595,0.8027126
28596,-18.998394
28597,-23.96619
28598,-14.06215
28599,-19.238243
28600,-24.357882
28601,-29.133543
28602,-30.31375
28603,-41.288227
28604,-41.0
28605,-26.0
28606,-26.0
28607,-26.0
28608,-41.0
28609,-41.0
28610,-26.0
28611,-26.0
28612,-26.0
28613,-26.0
28614,-26.0
28615,-41.0
28616,-26.0
28617,-26.0
28618,-41.0
28619,-26.0
28620,-26.0
28621,-41.0
28622,-26.0
28623,-26.0
28624,-41.0
28625,-26.0
28626,-41.0
28627,-26.0
28628,-26.0
28629,-26.0
28630,-41.0
28631,-26.0
28632,-26.0
28633,-41.0
28634,-41.0
28635,-41.0
28636,-26.0
28637,-26.0
28638,-41.0
28639,-26.0
28640,-26.0
28641,-41.0
28642,-26.0
28643,-41.0
28644,-26.0
28645,-41.0
28646,-26.0
28647,-26.0
28648,-41.0
28649,-26.0
28650,-26.0
28651,-26.0
28652,-41.0
28653,-26.0
28654,-41.0
28655,-41.0
28656,-26.0
28657,-26.0
28658,-41.0
28659,-26.0
28660,-41.0
28661,-26.0
28662,43.46719
28663,48.58076
28664,26.164042
28665,-12.658077
28666,-75.528534
28667,-154.77599
28668,-232.03645
28669,-276.741
28670,-275.51413
28671,-221.53822
28672,-145.66545
28673,-66.35218
28674,-7.0663824
28675,27.144522
28676,47.601532
28677,53.401188
28678,54.992435
28679,54.89848
28680,53.984547
28681,52.301327
28682,49.716564
28683,46.067955
28684,41.139412
28685,34.639038
28686,26.141264
28687,15.02233
28688,0.47862613
28689,-18.459864
28690,-42.920597
28691,-74.12382
28692,-113.29099
28693,-161.68488
28694,-220.6343
28695,-291.47998
28696,-375.20273
28697,-13.401097
28698,-24.065035
28699,-14.909406
28700,-20.878086
28701,-26.834352
28702,-27.49646
28703,-45.510002
28704,-28.059528
28705,-26.0
28706,-26.0
28707,-41.0
28708,-26.0
28709,-26.0
28710,-41.0
28711,-26.0
28712,-26.0
28713,-26.0
28714,-26.0
28715,-26.0
28716,-41.0
28717,-41.0
28718,-41.0
28719,-26.0
28720,-41.0
28721,-41.0
28722,-41.0
28723,-41.0
28724,-26.0
28725,-41.0
28726,-41.0
28727,-26.0
28728,-41.0
28729,-41.0
28730,-26.0
28731,-41.0
28732,-41.0
28733,-26.0
28734,-41.0
28735,-41.0
28736,-41.0
28737,-26.0
28738,-41.0
28739,-41.0
28740,-41.0
28741,-41.0
28742,-26.0
28743,-26.0
28744,-26.0
28745,-41.0
28746,-41.0
28747,-41.0
28748,-41.0
28749,-26.0
28750,43.467182
28751,48.58048
28752,26.159
28753,-12.692126
28754,-75.65382
28755,-155.07932
28756,-232.54565
28757,-277.27533
28758,-275.5882
28759,-220.51071
28760,-143.08601
28761,-62.27171
28762,-2.1307867
28763,31.94419
28764,46.31463
28765,55.130447
28766,53.778355
28767,49.504696
28768,42.548756
28769,32.119873
28770,17.427698
28771,-2.187752
28772,-27.257963
28773,-58.135048
28774,-95.05908
28775,-138.289
28776,-188.07889
28777,-244.70471
28778,-308.5155
28779,-379.8615
28780,2.6202838
28781,-1.885149
28782,-6.546557
28783,-11.398518
28784,-31.453539
28785,-21.68302
28786,-42.072357
28787,-45.3548
28788,-28.14911
28789,-41.0
28790,-41.0
28791,-26.0
28792,-41.0
28793,-26.0
28794,-41.0
28795,-26.0
28796,-41.0
28797,-26.0
28798,-41.0
28799,-41.0
28800,-26.0
28801,-41.0
28802,-26.0
28803,-41.0
28804,-41.0
28805,-26.0
28806,-41.0
28807,-26.0
28808,-26.0
28809,-41.0
28810,-41.0
28811,-41.0
28812,-41.0
28813,-26.0
28814,-41.0
28815,-26.0
28816,-41.0
28817,-41.0
28818,-41.0
28819,-41.0
28820,-26.0
28821,-26.0
28822,-41.0
28823,-26.0
28824,-41.0
28825,-41.0
28826,-26.0
28827,-26.0
28828,-26.0
28829,43.46719
28830,48.58085
28831,26.165722
28832,-12.641528
28833,-75.42606
28834,-154.33525
28835,-230.6204
28836,-273.18634
28837,-268.33612
28838,-209.64459
28839,-129.15782
28840,-47.039726
28841,11.739794
28842,41.792225
28843,50.232033
28844,51.703064
28845,41.858818
28846,28.006382
28847,10.213398
28848,-12.381674
28849,-40.16458
28850,-73.22017
28851,-111.49799
28852,-154.82642
28853,-203.04622
28854,-256.1649
28855,-314.2866
28856,-377.61493
28857,-446.4742
28858,-0.39872923
28859,-4.3599277
28860,-8.432604
28861,-27.65353
28862,-17.068594
28863,-21.698519
28864,-26.51927
28865,-29.858643
28866,-28.477606
28867,-41.0
28868,-41.0
28869,-26.0
28870,-41.0
28871,-41.0
28872,-26.0
28873,-41.0
28874,-26.0
28875,-26.0
28876,-41.0
28877,-26.0
28878,-26.0
28879,-26.0
28880,-26.0
28881,-26.0
28882,-41.0
28883,-41.0
28884,-26.0
28885,-41.0
28886,-26.0
28887,-26.0
28888,-26.0
28889,-41.0
28890,-26.0
28891,-26.0
28892,-41.0
28893,-41.0
28894,-41.0
28895,-26.0
28896,-26.0
28897,-26.0
28898,-26.0
28899,-41.0
28900,-41.0
28901,-26.0
28902,-26.0
28903,-41.0
28904,-26.0
28905,-41.0
28906,-41.0
28907,-41.0
28908,-26.0
28909,43.467182
28910,48.580463
28911,26.158192
28912,-12.704217
28913,-75.726036
28914,-155.32333
28915,-233.12593
28916,-278.39157
28917,-277.44583
28918,-223.23038
28919,-146.61806
28920,-66.34709
28921,-6.2769623
28922,28.290852
28923,48.681614
28924,54.100784
28925,55.100445
28926,54.250977
28927,52.37611
28928,49.446598
28929,45.30935
28930,39.820435
28931,32.822163
28932,24.145947
28933,13.568156
28934,0.74095505
28935,-14.797489
28936,-33.639122
28937,-56.528908
28938,-84.31395
28939,-117.86907
28940,-158.167
28941,-206.3089
28942,-263.4801
28943,-330.6261
28944,-408.0762
28945,-14.421333
28946,-4.352819
28947,-9.401652
28948,-14.436816
28949,-34.20401
28950,-23.414019
28951,-41.74743
28952,-43.819912
28953,-28.346752
28954,-26.0
28955,-40.65779
28956,-22.583355
28957,-22.399809
28958,-29.615026
28959,-41.09324
28960,-41.0
28961,-26.0
28962,-26.0
28963,-41.0
28964,-26.0
28965,-41.0
28966,-41.0
28967,-26.0
28968,-41.0
28969,-26.0
28970,-26.0
28971,-26.0
28972,-41.0
28973,-26.0
28974,-26.0
28975,-41.0
28976,-41.0
28977,-26.0
28978,-26.0
28979,-26.0
28980,-41.0
28981,-26.0
28982,-26.0
28983,-41.0
28984,-41.0
28985,-26.0
28986,-41.0
28987,-26.0
28988,-26.0
28989,-26.0
28990,-26.0
28991,-26.0
28992,-26.0
28993,-26.0
28994,-41.0
28995,-41.0
28996,-26.0
28997,-41.0
28998,-26.0
28999,-26.0
29000,-26.0
29001,-41.0
29002,-26.0
29003,-26.0
29004,-26.0
29005,-26.0
29006,-26.0
29007,-26.0
29008,-41.0
29009,-26.0
29010,-41.0
29011,-26.0
29012,43.46719
29013,48.580795
29014,26.164646
29015,-12.650672
29016,-75.47219
29017,-154.50829
29018,-231.1542
29019,-274.5636
29020,-271.2907
29021,-214.88861
29022,-136.90909
29023,-56.561142
29024,2.2220278
29025,34.550774
29026,47.366108
29027,55.171772
29028,53.597958
29029,50.125973
29030,45.328297
29031,38.899612
29032,30.549408
29033,20.01645
29034,6.997635
29035,-8.861148
29036,-28.031452
29037,-51.179947
29038,-79.1198
29039,-112.79017
29040,-153.23561
29041,-201.49817
29042,-258.50055
29043,-325.1324
29044,-402.2933
29045,-14.1914425
29046,-4.317291
29047,-24.671438
29048,-30.212051
29049,-20.909616
29050,-26.728584
29051,-45.510994
29052,-28.59398
29053,-26.0
29054,-26.0
29055,-26.0
29056,-26.0
29057,-26.0
29058,-26.0
29059,-26.0
29060,-26.0
29061,-41.0
29062,-26.0
29063,-41.0
29064,-41.0
29065,-41.0
29066,-26.0
29067,-41.0
29068,-41.0
29069,-41.0
29070,-26.0
29071,-41.0
29072,-26.0
29073,-26.0
29074,-41.0
29075,-26.0
29076,-26.0
29077,-41.0
29078,-26.0
29079,-26.0
29080,-41.0
29081,-26.0
29082,-26.0
29083,-26.0
29084,-41.0
29085,-26.0
29086,-26.0
29087,-41.0
29088,-26.0
29089,-41.0
29090,-41.0
29091,-41.0
29092,-26.0
29093,-41.0
29094,-41.0
29095,43.467182
29096,48.580677
29097,26.162699
29098,-12.663617
29099,-75.52537
29100,-154.676
29101,-231.59781
29102,-275.5535
29103,-273.14197
29104,-217.79951
29105,-140.81468
29106,-61.057137
29107,-2.1639893
29108,31.022198
29109,50.210915
29110,54.684986
29111,54.91047
29112,53.30118
29113,50.48088
29114,46.206703
29115,40.139923
29116,31.94307
29117,21.241123
29118,7.614602
29119,-9.4635105
29120,-30.710297
29121,-56.997437
29122,-89.3256
29123,-128.79465
29124,-176.48534
29125,-233.3334
29126,-300.21942
29127,-378.02023
29128,-13.029283
29129,-3.3096945
29130,-23.808767
29131,-14.482713
29132,-20.30036
29133,-26.224964
29134,-45.432423
29135,-44.073406
29136,-41.0
29137,-41.0
29138,-41.0
29139,-26.0
29140,-41.0
29141,-26.0
29142,-26.0
29143,-26.0
29144,-26.0
29145,-26.0
29146,-26.0
29147,-41.0
29148,-41.0
29149,-26.0
29150,-26.0
29151,-26.0
29152,-26.0
29153,-26.0
29154,-41.0
29155,-26.0
29156,-26.0
29157,-26.0
29158,-41.0
29159,-41.0
29160,-41.0
29161,-26.0
29162,-26.0
29163,-26.0
29164,-41.0
29165,-26.0
29166,-41.0
29167,-26.0
29168,-26.0
29169,-26.0
29170,-41.0
29171,-41.0
29172,-26.0
29173,-41.0
29174,-41.0
29175,-41.0
29176,-41.0
29177,-41.0
29178,43.467182
29179,48.580517
29180,26.160007
29181,-12.68254
29182,-75.601944
29183,-154.88564
29184,-231.99226
29185,-276.01285
29186,-273.25165
29187,-216.92943
29188,-138.40634
29189,-57.003593
29190,2.900342
29191,35.850517
29192,48.41473
29193,54.90251
29194,50.813065
29195,43.44265
29196,33.000164
29197,18.72137
29198,0.05079401
29199,-23.347383
29200,-51.678642
29201,-85.02832
29202,-123.469734
29203,-167.1983
29204,-216.4859
29205,-271.68375
29206,-333.236
29207,-401.58417
29208,-13.227222
29209,-17.455406
29210,-6.8535795
29211,-26.458633
29212,-31.283913
29213,-21.300514
29214,-26.492483
29215,-45.083378
29216,-43.616795
29217,-41.0
29218,-26.0
29219,-41.0
29220,-41.0
29221,-41.0
29222,-26.0
29223,-41.0
29224,-41.0
29225,-41.0
29226,-26.0
29227,-26.0
29228,-26.0
29229,-26.0
29230,-41.0
29231,-26.0
29232,-41.0
29233,-41.0
29234,-41.0
29235,-41.0
29236,-41.0
29237,-41.0
29238,-41.0
29239,-41.0
29240,-26.0
29241,-26.0
29242,-41.0
29243,-41.0
29244,-41.0
29245,-41.0
29246,-26.0
29247,-41.0
29248,-41.0
29249,-26.0
29250,-26.0
29251,-41.0
29252,-26.0
29253,-41.0
29254,-41.0
29255,-41.0
29256,43.467182
29257,48.580463
29258,26.158192
29259,-12.705527
29260,-75.74131
29261,-155.4056
29262,-233.38124
29263,-278.92722
29264,-278.26953
29265,-224.19643
29266,-147.48476
29267,-66.88471
29268,-6.379656
29269,28.548542
29270,49.096874
29271,54.410965
29272,55.0037
29273,53.386124
29274,50.25438
29275,45.392914
29276,38.4967
29277,29.30667
29278,17.583885
29279,3.1180284
29280,-14.32735
29281,-35.100536
29282,-59.639088
29283,-88.47208
29284,-122.227455
29285,-161.5591
29286,-207.06331
29287,-259.38562
29288,-319.2783
29289,-387.56445
29290,-12.636872
29291,-17.075136
29292,-21.648632
29293,-26.3238
29294,-31.05612
29295,-35.7159
29296,-25.036592
29297,-28.719141
29298,-44.483097
29299,-41.432854
29300,-26.0
29301,-26.0
29302,-26.0
29303,-39.99537
29304,-39.649357
29305,-27.283714
29306,-26.0
29307,-41.0
29308,-41.0
29309,-41.0
29310,-26.0
29311,-26.0
29312,-41.0
29313,-41.0
29314,-26.0
29315,-26.0
29316,-26.0
29317,-26.0
29318,-26.0
29319,-41.0
29320,-41.0
29321,-26.0
29322,-26.0
29323,-26.0
29324,-41.0
29325,-26.0
29326,-41.0
29327,-26.0
29328,-41.0
29329,-26.0
29330,-26.0
29331,-41.0
29332,-26.0
29333,-41.0
29334,-26.0
29335,-26.0
29336,-41.0
29337,-26.0
29338,-41.0
29339,-26.0
29340,-26.0
29341,-41.0
29342,-26.0
29343,-41.0
29344,-26.0
29345,-26.0
29346,-26.0
29347,-26.0
29348,-26.0
29349,-41.0
29350,-26.0
29351,-41.0
29352,-26.0
29353,-26.0
29354,-41.0
29355,-41.0
29356,-26.0
29357,43.467182
29358,48.580463
29359,26.158527
29360,-12.699858
29361,-75.707726
29362,-155.30817
29363,-233.25395
29364,-279.00018
29365,-278.96466
29366,-225.89375
29367,-150.23192
29368,-70.284485
29369,-9.755826
29370,25.794218
29371,47.251007
29372,53.54464
29373,55.098194
29374,54.43869
29375,52.364426
29376,48.7802
29377,43.452232
29378,36.17973
29379,26.773083
29380,15.047319
29381,0.7601407
29382,-16.471518
29383,-37.15151
29384,-61.90803
29385,-91.51115
29386,-126.81022
29387,-168.65196
29388,-217.96658
29389,-275.80762
29390,-343.2931
29391,-421.2292
29392,-0.13078277
29393,-5.078779
29394,-25.181166
29395,-15.386562
29396,-20.559568
29397,-40.424946
29398,-29.468254
29399,-29.73497
29400,-26.0
29401,-26.0
29402,-26.0
29403,-26.0
29404,-41.0
29405,-26.0
29406,-26.0
29407,-26.0
29408,-26.0
29409,-26.0
29410,-26.0
29411,-26.0
29412,-26.0
29413,-41.0
29414,-26.0
29415,-41.0
29416,-26.0
29417,-41.0
29418,-41.0
29419,-41.0
29420,-41.0
29421,-26.0
29422,-41.0
29423,-41.0
29424,-26.0
29425,-26.0
29426,-26.0
29427,-26.0
29428,-41.0
29429,-26.0
29430,-41.0
29431,-41.0
29432,-26.0
29433,-26.0
29434,-26.0
29435,-26.0
29436,-26.0
29437,-41.0
29438,-26.0
29439,-41.0
29440,-41.0
29441,-26.0
29442,-41.0
29443,-41.0
29444,-41.0
29445,-26.0
29446,-26.0
29447,-41.0
29448,-26.0
29449,-26.0
29450,-26.0
29451,-26.0
29452,-26.0
29453,-26.0
29454,-41.0
29455,-41.0
29456,-26.0
29457,-26.0
29458,43.46719
29459,48.580746
29460,26.163437
29461,-12.664177
29462,-75.559616
29463,-154.86781
29464,-232.19244
29465,-276.8433
29466,-275.28775
29467,-220.6373
29468,-143.81949
29469,-63.548855
29470,-3.6819682
29471,30.468454
29472,50.242653
29473,54.818016
29474,54.70359
29475,52.39578
29476,48.568127
29477,43.01695
29478,35.520588
29479,25.928137
29480,14.100101
29481,-0.11094349
29482,-16.933409
29483,-36.758698
29484,-60.102123
29485,-87.591415
29486,-119.96711
29487,-158.00975
29488,-202.45517
29489,-254.09059
29490,-313.80234
29491,-382.52948
29492,2.53926
29493,-2.0219522
29494,-6.7426834
29495,-26.583078
29496,-16.491743
29497,-36.331314
29498,-40.82457
29499,-29.354939
29500,-29.295763
29501,-26.0
29502,-41.0
29503,-26.0
29504,-41.0
29505,-25.791441
29506,-40.71811
29507,-41.26899
29508,-26.0
29509,-41.0
29510,-26.0
29511,-26.0
29512,-26.0
29513,-26.0
29514,-26.0
29515,-26.0
29516,-41.0
29517,-26.0
29518,-26.0
29519,-26.0
29520,-41.0
29521,-26.0
29522,-26.0
29523,-26.0
29524,-26.0
29525,-41.0
29526,-41.0
29527,-41.0
29528,-26.0
29529,-26.0
29530,-41.0
29531,-26.0
29532,-26.0
29533,-26.0
29534,-41.0
29535,-41.0
29536,-41.0
29537,-26.0
29538,-41.0
29539,-26.0
29540,-41.0
29541,-26.0
29542,-26.0
29543,-41.0
29544,-26.0
29545,-26.0
29546,-26.0
29547,-41.0
29548,-26.0
29549,-41.0
29550,-26.0
29551,-26.0
29552,-41.0
29553,-41.0
29554,-26.0
29555,-26.0
29556,-26.0
29557,-26.0
29558,-26.0
29559,-26.0
29560,-41.0
29561,-41.0
29562,-41.0
29563,-41.0
29564,-26.0
29565,-41.0
29566,-26.0
29567,43.467182
29568,48.580463
29569,26.158192
29570,-12.705746
29571,-75.74872
29572,-155.47182
29573,-233.6939
29574,-279.88086
29575,-280.4026
29576,-227.96867
29577,-153.02014
29578,-73.79697
29579,-13.804108
29580,21.6084
29581,43.372055
29582,50.42408
29583,53.18087
29584,54.238422
29585,54.698044
29586,54.93146
29587,55.01848
29588,54.98683
29589,54.84088
29590,54.561558
29591,54.09871
29592,53.349823
29593,52.142334
29594,50.210342
29595,47.165688
29596,42.486366
29597,35.52544
29598,25.487038
29599,11.404524
29600,-7.851632
29601,-33.413906
29602,-66.164215
29603,-106.76008
29604,-155.64513
29605,-212.93208
29606,-277.76056
29607,-347.55493
29608,-418.46753
29609,-13.489068
29610,-1.1018912
29611,-2.7233205
29612,-18.170843
29613,-2.3121712
29614,-0.07396736
29615,-0.38543627
29616,-21.299294
29617,-9.219859
29618,-26.703476
29619,-13.87491
29620,-15.86048
29621,-17.78771
29622,-19.786465
29623,-21.992327
29624,-24.55316
29625,-27.57999
29626,-28.848017
29627,-41.485527
29628,-26.0
29629,-26.0
29630,-41.0
29631,-26.0
29632,-26.0
29633,-41.0
29634,-25.817533
29635,-24.638351
29636,-38.1362
29637,-23.35759
29638,-38.36076
29639,-37.973938
29640,-22.07947
29641,-20.925474
29642,-20.078531
29643,-19.8276
29644,-35.39746
29645,-37.00136
29646,-39.53934
29647,-27.503147
29648,-43.509155
29649,-26.175594
29650,-41.0
29651,-26.0
29652,-26.0
29653,-26.0
29654,-41.0
29655,-41.0
29656,-26.0
29657,-26.0
29658,-26.0
29659,-26.0
29660,-26.0
29661,-26.0
29662,-26.0
29663,-26.0
29664,-26.0
29665,-26.0
29666,-41.0
29667,-26.0
29668,-26.0
29669,-41.0
29670,-26.0
29671,-26.0
29672,-26.0
29673,-26.0
29674,-41.0
29675,-26.0
29676,-41.0
29677,-26.0
29678,-26.0
29679,-26.0
29680,-26.0
29681,-26.0
29682,-26.0
29683,-41.0
29684,-41.0
29685,-26.0
29686,-26.0
29687,-26.0
29688,-41.0
29689,-26.0
29690,-26.0
29691,-26.0
29692,-26.0
29693,-26.0
29694,-26.0
29695,-26.0
29696,-26.0
29697,-26.0
29698,-26.0
29699,-26.0
29700,-26.0
29701,-41.0
29702,-26.0
29703,-41.0
29704,-26.0
29705,-26.0
29706,-26.0
29707,-26.0
29708,-26.0
29709,-41.0
29710,-26.0
29711,-26.0
29712,-26.0
29713,-41.0
29714,-26.0
29715,-41.0
29716,-41.0
29717,-41.0
29718,-26.0
29719,-26.0
29720,-41.0
29721,-41.0
29722,-26.0
29723,-26.0
29724,-26.0
29725,-41.0
29726,-26.0
29727,-26.0
29728,-41.0
29729,-26.0
29730,-26.0
29731,-26.0
29732,-26.0
29733,-26.0
29734,-26.0
29735,-41.0
29736,-26.0
29737,-26.0
29738,-41.0
29739,-26.0
29740,-26.0
29741,43.467182
29742,48.58057
29743,26.161287
29744,-12.669482
29745,-75.53146
29746,-154.65031
29747,-231.4588
29748,-275.14996
29749,-272.26605
29750,-216.27551
29751,-138.61935
29752,-58.414036
29753,0.4715323
29754,33.153286
29755,51.519012
29756,55.056717
29757,54.422894
29758,52.173595
29759,49.029022
29760,44.879883
29761,39.599197
29762,33.08606
29763,25.213541
29764,15.827873
29765,4.700715
29766,-8.534325
29767,-24.351572
29768,-43.332268
29769,-66.1751
29770,-93.64194
29771,-126.48811
29772,-165.54063
29773,-211.7342
29774,-266.06906
29775,-329.28665
29776,-401.51538
29777,1.3824347
29778,-3.155667
29779,-7.7701774
29780,-12.336057
29781,-31.612772
29782,-20.334473
29783,-38.218662
29784,-24.97924
29785,-25.369757
29786,-39.24418
29787,-21.607204
29788,-32.608253
29789,-18.2373
29790,-26.479105
29791,-28.366549
29792,-28.288042
29793,-26.0
29794,-26.0
29795,-26.0
29796,-26.0
29797,-26.0
29798,-26.0
29799,-41.0
29800,-26.0
29801,-26.0
29802,-41.0
29803,-26.0
29804,-26.0
29805,-26.0
29806,-26.0
29807,-26.0
29808,-41.0
29809,-26.0
29810,-26.0
29811,-26.0
29812,-26.0
29813,-26.0
29814,-26.0
29815,-26.0
29816,-41.0
29817,-25.487274
29818,-24.9058
29819,-26.10462
29820,-41.524014
29821,-26.0
29822,-26.0
29823,-26.0
29824,-26.0
29825,-26.0
29826,-26.0
29827,-26.0
29828,-26.0
29829,-26.0
29830,-26.0
29831,-26.0
29832,-26.0
29833,-41.0
29834,-41.0
29835,-26.0
29836,-26.0
29837,-41.0
29838,-26.0
29839,-41.0
29840,-41.0
29841,-26.0
29842,-26.0
29843,-26.0
29844,-26.0
29845,-26.0
29846,-26.0
29847,-26.0
29848,-26.0
29849,-26.0
29850,-26.0
29851,-41.0
29852,-26.0
29853,-26.0
29854,-26.0
29855,-26.0
29856,-26.0
29857,-26.0
29858,-26.0
29859,-26.0
29860,-26.0
29861,-26.0
29862,-26.0
29863,-26.0
29864,-26.0
29865,-26.0
29866,-26.0
29867,-26.0
29868,-41.0
29869,-41.0
29870,-26.0
29871,-26.0
29872,-26.0
29873,-26.0
29874,-26.0
29875,-26.0
29876,-26.0
29877,-26.0
29878,-26.0
29879,-26.0
29880,-26.0
29881,-26.0
29882,-26.0
29883,-41.0
29884,-26.0
29885,-26.0
29886,-26.0
29887,-26.0
29888,-26.0
29889,-26.0
29890,-26.0
29891,-26.0
29892,-26.0
29893,-26.0
29894,-26.0
29895,-26.0
29896,-26.0
29897,-26.0
29898,-26.0
29899,-26.0
29900,-41.0
29901,-26.0
29902,-26.0
29903,-26.0
29904,-26.0
29905,-26.0
29906,-26.0
29907,-41.0
29908,-41.0
29909,-26.0
29910,-26.0
29911,-26.0
29912,-26.0
29913,-26.0
29914,-26.0
29915,-26.0
29916,-41.0
29917,-26.0
29918,-41.0
29919,-26.0
29920,-26.0
29921,-26.0
29922,-26.0
29923,43.467182
29924,48.580463
29925,26.158192
29926,-12.705856
29927,-75.74902
29928,-155.47713
29929,-233.7423
29930,-280.11777
29931,-281.13528
29932,-229.58273
29933,-155.78143
29934,-77.657265
29935,-18.360987
29936,16.88704
29937,38.81683
29938,46.10585
29939,48.92051
29940,49.684498
29941,49.505623
29942,48.859276
29943,47.798504
29944,46.286068
29945,44.280365
29946,41.74919
29947,38.71038
29948,35.275433
29949,31.632954
29950,28.039814
29951,24.803967
29952,22.226511
29953,20.546244
29954,19.962679
29955,20.631554
29956,22.62671
29957,25.832706
29958,29.910753
29959,34.472168
29960,39.145985
29961,43.578457
29962,47.380726
29963,50.21433
29964,52.000572
29965,52.855137
29966,52.880085
29967,51.856678
29968,48.835384
29969,41.620598
29970,26.148869
29971,12.088131
29972,19.552591
29973,23.937525
29974,26.536858
29975,28.0035
29976,28.860888
29977,29.570585
29978,30.562414
29979,32.228603
29980,34.88084
29981,38.586338
29982,42.752617
29983,46.276302
29984,48.464237
29985,48.993954
29986,47.392864
29987,42.784054
29988,34.49919
29989,22.605017
29990,8.463562
29991,-5.32686
29992,-16.643312
29993,-25.66502
29994,-33.61936
29995,-42.131283
29996,-52.905094
29997,-66.444214
29998,-80.88446
29999,-93.35178
30000,-100.54251
30001,-99.456795
30002,-89.61037
30003,-74.0387
30004,-56.34799
30005,-39.58027
30006,-25.840237
30007,-15.601366
30008,-7.7700453
30009,-1.2033312
30010,5.0128794
30011,11.5314455
30012,18.43629
30013,25.207977
30014,31.343475
30015,36.510506
30016,40.537174
30017,43.376507
30018,45.04559
30019,45.53797
30020,44.71111
30021,40.152126
30022,29.52213
30023,21.529856
30024,17.047024
30025,15.949214
30026,17.462378
30027,20.54275
30028,24.141367
30029,27.35103
30030,29.438417
30031,29.865873
30032,28.658222
30033,26.698942
30034,25.153519
30035,25.296515
30036,28.09434
30037,32.957592
30038,37.647896
30039,40.354904
30040,39.75087
30041,33.89844
30042,20.086552
30043,-2.8464415
30044,-33.092224
30045,-64.969505
30046,-90.03147
30047,-102.6546
30048,-104.7038
30049,-100.79532
30050,-95.81819
30051,-94.069984
30052,-97.73153
30053,-106.16786
30054,-118.17115
30055,-132.42365
30056,-147.44601
30057,-161.87834
30058,-174.75151
30059,-185.17079
30060,-192.25127
30061,-195.27885
30062,-194.32587
30063,-190.62114
30064,-185.8532
30065,-181.9683
30066,-180.8949
30067,-184.50809
30068,-194.71521
30069,-213.62466
30070,-243.76364
30071,-273.05417
30072,-280.48138
30073,-283.9964
30074,-284.97443
30075,-285.02563
30076,-285.82678
30077,-289.13007
30078,-296.80585
30079,-310.92764
30080,-333.90198
30081,-368.39374
30082,-416.16513
30083,-476.96933
30084,-549.8611
30085,-633.45166
30086,1.8557905
30087,-1.8998902
30088,-5.3082895
30089,-8.103814
30090,-10.025667
30091,-10.866098
30092,-10.71814
30093,-10.085595
30094,-9.495896
30095,-9.458326
30096,-10.418014
30097,-12.440287
30098,-15.065354
30099,-17.797775
30100,-20.163527
30101,-21.730366
30102,-22.303066
30103,-22.009634
30104,-20.997604
30105,-19.400948
30106,-17.361523
30107,-15.066361
30108,-12.763363
30109,-10.701751
30110,-9.125425
30111,-8.247426
30112,-8.112302
30113,-8.534297
30114,-9.311648
30115,-10.250933
30116,-11.158442
30117,-11.840804
30118,-12.105437
30119,-11.760883
30120,-10.617136
30121,-11.059446
30122,-15.187244
30123,-17.601715
30124,-19.266012
30125,-20.296577
30126,-20.80651
30127,-20.907074
30128,-20.708914
30129,-20.322939
30130,-19.86096
30131,-19.415518
30132,-18.962145
30133,-18.315807
30134,-17.283443
30135,-15.68036
30136,-13.37521
30137,-10.539587
30138,-7.7567234
30139,-5.632362
30140,-4.7557635
30141,-5.6171336
30142,-8.107619
30143,-11.283381
30144,-14.135627
30145,-15.687115
30146,-15.0919075
30147,-12.24703
30148,-8.055826
30149,-3.472312
30150,0.6010744
30151,3.3558848
30152,4.5039773
30153,4.4706354
30154,3.732283
30155,2.7418451
30156,1.917087
30157,1.4520468
30158,1.2304574
30159,1.1134427
30160,0.9747371
30161,0.70383453
30162,0.27687353
30163,-0.21151385
30164,-0.6565222
30165,-0.9561926
30166,-1.0061965
30167,-0.7002932
30168,0.067882605
30169,1.4033095
30170,3.4084907
30171,1.3287966
30172,-12.728278
30173,-11.259889
30174,-11.777793
30175,-9.866975
30176,-6.0967073
30177,-1.0281179
30178,-0.21650703
30179,-560.48145
30180,-440.1639
30181,-341.53976
30182,-274.24524
30183,-226.57155
30184,-192.32457
30185,-166.80688
30186,-146.62062
30187,-130.73601
30188,-120.82877
30189,-119.06696
30190,-127.99731
30191,-150.62221
30192,-187.60284
30193,-233.61435
30194,-279.4847
30195,-313.13516
30196,-322.16562
30197,-302.196
30198,-261.41418
30199,-210.87675
30200,-160.27702
30201,-116.57199
30202,-82.82467
30203,-58.827175
30204,-43.82159
30205,-37.367004
30206,-39.432636
30207,-49.14841
30208,-63.29054
30209,-77.31362
30210,-85.61283
30211,-82.776115
30212,-67.71213
30213,-45.4324
30214,-21.71874
30215,-0.9241509
30216,14.440592
30217,23.423946
30218,25.639738
30219,19.566349
30220,0.14016703
30221,-16.156385
30222,3.4706926
30223,21.128967
30224,35.69887
30225,46.23911
30226,52.518646
30227,54.981575
30228,54.632313
30229,52.841393
30230,51.071793
30231,50.50732
30232,51.552113
30233,53.53394
30234,54.90147
30235,53.406685
30236,46.329105
30237,31.616621
30238,10.483247
30239,-11.7606325
30240,-26.890198
30241,-27.103365
30242,-11.793741
30243,10.500381
30244,30.890215
30245,44.46354
30246,50.967022
30247,53.16114
30248,53.616943
30249,53.331535
30250,52.641212
30251,51.904083
30252,51.450394
30253,51.25591
30254,51.164227
30255,50.998856
30256,50.584213
30257,49.81933
30258,48.75196
30259,47.4954
30260,46.21771
30261,45.118694
30262,44.278305
30263,43.534477
30264,42.642616
30265,41.319275
30266,39.214935
30267,35.860775
30268,30.58879
30269,22.424265
30270,9.951307
30271,-2.696647
30272,-8.638897
30273,-18.956512
30274,-33.39172
30275,-51.76835
30276,-73.66797
30277,-98.324844
30278,-124.570755
30279,-150.83195
30280,-175.1747
30281,-195.59209
30282,-211.15233
30283,-222.84846
30284,-232.34436
30285,-241.61871
30286,-252.98863
30287,-268.69724
30288,-290.63074
30289,-321.04932
30290,-362.8739
30291,-419.67804
30292,-495.05368
30293,-591.7391
30294,-2.8009079
30295,-8.496771
30296,-14.554216
30297,-20.853636
30298,-27.335154
30299,-33.946365
30300,-40.64208
30301,-47.389683
30302,-54.166107
30303,-60.978386
30304,-67.95339
30305,-75.31006
30306,-83.14127
30307,-91.3608
30308,-99.69814
30309,-107.87328
30310,-115.617714
30311,-122.70608
30312,-129.14235
30313,-135.2278
30314,-141.2442
30315,-147.45224
30316,-154.12941
30317,-161.54982
30318,-169.98552
30319,-179.71649
30320,-191.03322
30321,-201.11958
30322,-207.32404
30323,-215.73346
30324,-224.95291
30325,-234.68898
30326,-244.64963
30327,-254.5437
30328,-264.07962
30329,-272.9657
30330,-280.91138
30331,-287.6729
30332,-293.26794
30333,-293.06848
30334,-297.4672
30335,-301.8449
30336,-306.531
30337,-311.53622
30338,-316.43607
30339,-320.78653
30340,-324.16492
30341,-326.20612
30342,-326.88208
30343,-326.64825
30344,-326.08307
30345,-325.80978
30346,-326.28995
30347,-327.66797
30348,-329.71906
30349,-332.19406
30350,-334.84406
30351,-337.41953
30352,-339.81396
30353,-342.13635
30354,-344.506
30355,-347.03992
30356,-349.8394
30357,-352.84875
30358,-355.7921
30359,-358.3928
30360,-360.39435
30361,-361.5616
30362,-361.74084
30363,-360.88528
30364,-358.95963
30365,-355.92892
30366,-351.7619
30367,-351.42987
30368,-344.90396
30369,-337.15097
30370,-328.13287
30371,-319.2191
30372,-312.16638
30373,-305.01584
30374,-298.0012
30375,-291.08463
30376,-284.2298
30377,-277.40173
30378,-270.56732
30379,-263.6954
30380,-256.7573
30381,-249.73726
30382,-242.6826
30383,-235.72588
30384,-229.00603
30385,-222.66075
30386,-216.80336
30387,-211.39717
30388,-206.19846
30389,-200.94707
30390,-195.38141
30391,-189.27061
30392,-182.62167
30393,-175.77113
30394,-169.06464
30395,-162.83289
30396,-157.375
30397,-147.75583
30398,-143.7106
30399,-139.96046
30400,-136.24261
30401,-132.30687
30402,-127.97161
30403,-123.14733
30404,-122.74963
30405,-116.69109
30406,-109.92678
30407,-102.65233
30408,-95.388016
30409,-88.666046
30410,-83.002594
30411,-73.84334
30412,-71.22613
30413,-69.63654
30414,-68.53782
30415,-67.41866
30416,-65.76723
30417,-63.071083
30418,-58.81722
30419,-57.493305
30420,-48.590748
30421,-40.914154
30422,-34.286934
30423,-32.326317
30424,-30.869081
30425,-29.80447
30426,-29.022102
30427,-28.411852
30428,-27.863827
30429,-27.268408
30430,-26.516157
30431,-25.504627
30432,-24.17091
30433,-22.505585
30434,-20.500355
30435,-18.142546
30436,-15.428276
30437,-12.410289
30438,-9.218994
30439,-5.9895873
30440,-2.8541176
30441,0.056411266
30442,2.6149917
30443,4.6994243
30444,-643.3886
30445,-622.3481
30446,-619.70154
30447,-632.68823
30448,-652.0396
30449,4.821108
30450,4.997489
30451,-637.7903
30452,-581.4023
30453,-503.21564
30454,-412.60385
30455,-323.4509
30456,-233.44719
30457,-153.69708
30458,-88.30876
30459,-38.921997
30460,0.09091675
30461,21.171186
30462,33.161263
30463,40.020927
30464,44.31723
30465,47.55367
30466,50.54291
30467,53.3918
30468,55.09934
30469,52.758694
30470,35.357098
30471,24.249706
30472,26.679178
30473,22.026577
30474,10.4710655
30475,-8.859789
30476,-36.64519
30477,-72.56928
30478,-114.82245
30479,-159.90936
30480,-202.77167
30481,-237.50441
30482,-259.58102
30483,-267.69803
30484,-262.132
30485,-244.04169
30486,-215.7191
30487,-182.2474
30488,-151.4052
30489,-129.80826
30490,-122.791084
30491,-135.46977
30492,-170.59462
30493,-224.75781
30494,-290.70306
30495,-356.84482
30496,-408.6747
30497,-438.32776
30498,4.3306403
30499,4.0158124
30500,-11.850308
30501,1.2473282
30502,-1.5690465
30503,-4.307466
30504,-5.9602942
30505,-5.6037836
30506,-2.700395
30507,2.0448923
30508,7.036413
30509,-359.43237
30510,-293.40668
30511,-264.5389
30512,-275.49673
30513,-321.18295
30514,-397.1177
30515,-4.820903
30516,-10.89752
30517,-16.480349
30518,-15.652936
30519,-17.440493
30520,-16.05659
30521,-13.782702
30522,-14.039761
30523,-13.914182
30524,-28.887638
30525,-13.977129
30526,-14.20057
30527,-14.577121
30528,-15.127269
30529,-15.872902
30530,-16.837595
30531,-18.033792
30532,-19.400478
30533,-20.787384
30534,-22.068617
30535,-23.126308
30536,-23.825506
30537,-38.949608
30538,-23.211273
30539,-21.431116
30540,-18.537872
30541,-14.634065
30542,-10.271438
30543,-6.178821
30544,-2.5862443
30545,0.29640812
30546,2.186045
30547,3.0695665
30548,3.3250408
30549,3.2511094
30550,3.1536307
30551,3.309902
30552,3.6664307
30553,3.7568018
30554,3.175827
30555,1.5336086
30556,-1.5290447
30557,-5.9240994
30558,-10.846815
30559,-15.392041
30560,-33.553635
30561,-19.40834
30562,-17.998295
30563,-15.498992
30564,-12.681684
30565,-9.94276
30566,-7.5382347
30567,-5.697937
30568,-4.695243
30569,-4.8787084
30570,-6.693733
30571,-4.181141
30572,-0.52958685
30573,3.94334
30574,1.4286008
30575,-3.034412
30576,-8.950265
30577,-20.560995
30578,-26.84204
30579,-41.448624
30580,-27.810648
30581,-24.960032
30582,-19.500809
30583,-14.67157
30584,-11.534526
30585,-10.384572
30586,-11.674862
30587,-15.190882
30588,-19.505733
30589,-23.304564
30590,-25.03988
30591,-23.418972
30592,-19.406118
30593,-15.863884
30594,-13.961151
30595,-14.257789
30596,-17.416233
30597,-23.185322
30598,-29.263996
30599,-30.454008
30600,-26.0
30601,-26.0
30602,-23.790438
30603,-15.961804
30604,-13.216582
30605,-9.940176
30606,-3.3562174
30607,-3.3267896
30608,-4.0434933
30609,-19.93966
30610,-5.356656
30611,-4.65604
30612,-2.8406696
30613,-0.62365144
30614,1.5450779
30615,-11.651475
30616,4.463415
30617,4.528376
30618,3.1214733
30619,-0.27198136
30620,-6.336964
30621,-8.006038
30622,-14.627067
30623,1.0986798
30624,0.827522
30625,-0.39541805
30626,-2.4025064
30627,-4.9567175
30628,-7.771758
30629,-10.520068
30630,-12.840073
30631,-14.393827
30632,-15.09601
30633,-15.184277
30634,-14.830449
30635,-14.155442
30636,-13.234941
30637,-11.973876
30638,-10.11865
30639,-7.5219073
30640,-4.089087
30641,0.1812556
30642,4.899693
30643,-402.6434
30644,-323.53827
30645,-272.1173
30646,-253.66457
30647,-268.24084
30648,-308.9999
30649,-367.9093
30650,-434.85992
30651,1.0262337
30652,-1.1389357
30653,-2.8766112
30654,-4.667842
30655,-6.9334064
30656,-10.046003
30657,-14.016345
30658,-18.322498
30659,-22.442753
30660,-25.818495
30661,-27.894629
30662,-28.16443
30663,-26.878462
30664,-26.0
30665,-26.0
30666,-26.0
30667,-26.0
30668,-26.0
30669,-26.0
30670,-26.0
30671,-26.0
30672,-26.0
30673,-26.0
30674,-22.735355
30675,-14.905582
30676,-10.346863
30677,-6.3381643
30678,-2.788711
30679,0.0880558
30680,1.9219577
30681,2.2950945
30682,1.0705142
30683,-1.4696527
30684,-5.0646324
30685,-9.427266
30686,-14.2136965
30687,-19.055456
30688,-23.570593
30689,-27.294247
30690,-29.15228
30691,-27.89922
30692,-26.0
30693,-26.0
30694,-25.907093
30695,-39.194237
30696,-20.50992
30697,-18.463053
30698,-16.6351
30699,-15.092741
30700,-13.930693
30701,-13.227863
30702,-12.864301
30703,-12.506049
30704,-11.931723
30705,-10.951097
30706,-9.43266
30707,-7.542677
30708,-5.724125
30709,-4.2497864
30710,-3.3469427
30711,-3.2292354
30712,-3.9096174
30713,-5.1411085
30714,-6.731581
30715,-8.497948
30716,-10.23672
30717,-11.730041
30718,-27.754362
30719,-13.0943165
30720,-12.56189
30721,-12.812017
30722,-15.109323
30723,-15.584444
30724,-15.738055
30725,-15.643162
30726,-15.366614
30727,-14.968905
30728,-14.504887
30729,-14.02507
30730,-13.577108
30731,-13.187862
30732,-12.778985
30733,-12.163044
30734,-11.20941
30735,-9.814896
30736,-7.9308
30737,-5.743422
30738,-3.650225
30739,-1.9108773
30740,-15.756566
30741,-0.3917232
30742,-0.727432
30743,-16.293139
30744,-1.6758591
30745,-1.4877017
30746,-0.4337057
30747,1.3175725
30748,3.1123233
30749,-10.534681
30750,4.9510946
30751,4.182672
30752,2.192007
30753,-0.3772096
30754,-17.86743
30755,-4.6072707
30756,-5.019736
30757,-4.168133
30758,-2.8428016
30759,-1.6164582
30760,-0.91880983
30761,-1.1206747
30762,-2.3069766
30763,-4.1968203
30764,-6.5743003
30765,-9.239196
30766,-11.964988
30767,-14.500969
30768,-16.577238
30769,-17.917858
30770,-18.26625
30771,-14.707357
30772,-8.164533
30773,-7.2570014
30774,-6.83244
30775,-6.955134
30776,-7.569423
30777,-8.555922
30778,-24.756962
30779,-10.989733
30780,-12.055582
30781,-12.77815
30782,-13.146623
30783,-13.344631
30784,-13.494939
30785,-13.6881
30786,-29.00604
30787,-14.498983
30788,-15.184347
30789,-16.096987
30790,-17.28163
30791,-18.741446
30792,-20.217117
30793,-21.128016
30794,-20.999678
30795,-19.474802
30796,-31.487364
30797,-12.823777
30798,-9.756761
30799,-7.821874
30800,-7.479035
30801,-9.277897
30802,-13.114041
30803,-17.79174
30804,-22.081522
30805,-24.536654
30806,-23.849262
30807,-20.46482
30808,-16.573206
30809,-13.225837
30810,-10.773664
30811,-9.431396
30812,-9.132062
30813,-9.522905
30814,-10.5045395
30815,-12.017976
30816,-13.972963
30817,-16.257118
30818,-33.73944
30819,-21.270983
30820,-23.684889
30821,-21.108624
30822,-13.682806
30823,-15.12125
30824,-17.189562
30825,-19.936993
30826,-23.131855
30827,-26.370922
30828,-28.552261
30829,-27.867996
30830,-26.0
30831,-26.0
30832,-25.815416
30833,-23.372316
30834,-33.70438
30835,-32.022446
30836,-16.347507
30837,-16.48513
30838,-16.933533
30839,-17.473314
30840,-17.92275
30841,-18.080997
30842,-17.827515
30843,-17.145031
30844,-15.981815
30845,-14.282401
30846,-12.065004
30847,-9.658711
30848,-7.6413317
30849,-6.3710933
30850,-6.19742
30851,-7.479262
30852,-10.181857
30853,-13.687713
30854,-17.42042
30855,-20.74404
30856,-22.98377
30857,-23.858482
30858,-23.678057
30859,-22.669909
30860,-20.9971
30861,-18.83886
30862,-16.504622
30863,-14.383399
30864,-12.682716
30865,-26.579874
30866,-11.299963
30867,-12.135524
30868,-14.469648
30869,-18.829924
30870,-26.035334
30871,-25.534784
30872,-11.4507675
30873,-11.998748
30874,-12.7389145
30875,-13.925472
30876,-15.413584
30877,-16.869555
30878,-17.859709
30879,-17.916306
30880,-16.617233
30881,-13.78955
30882,-24.996365
30883,-21.258818
30884,-3.002356
30885,-0.5121044
30886,-14.099461
30887,1.2317121
30888,0.90712965
30889,0.25849158
30890,-0.38282666
30891,-0.6824241
30892,-0.46339116
30893,0.24340548
30894,1.4356221
30895,3.129585
30896,5.288334
30897,-413.1677
30898,-375.13593
30899,-354.15594
30900,-360.05
30901,-403.4161
30902,0.88178563
30903,-10.94194
30904,-18.174877
30905,-24.537838
30906,-23.569614
30907,-24.671265
30908,-23.821665
30909,-21.951242
30910,-19.703289
30911,-17.485212
30912,-15.431374
30913,-13.518181
30914,-11.804726
30915,-10.38747
30916,-9.380639
30917,-8.919384
30918,-9.161896
30919,-10.293893
30920,-12.53949
30921,-14.896771
30922,-15.735787
30923,-16.699915
30924,-17.501617
30925,-18.170471
30926,-18.735443
30927,-19.224745
30928,-19.66584
30929,-20.085499
30930,-20.509987
30931,-20.950499
30932,-21.336485
30933,-21.510468
30934,-21.362146
30935,-20.806541
30936,-19.787878
30937,-18.347929
30938,-16.61056
30939,-29.633732
30940,-12.445614
30941,-10.024875
30942,-7.139283
30943,-3.3876748
30944,1.4644336
30945,2.6012135
30946,-316.48602
30947,-176.30275
30948,-64.5657
30949,6.343475
30950,39.494473
30951,48.877407
30952,54.926212
30953,54.981365
30954,54.333805
30955,51.92072
30956,48.46147
30957,45.835796
30958,44.658363
30959,44.58519
30960,44.987823
30961,45.224663
30962,44.76488
30963,43.127808
30964,39.599663
30965,32.965992
30966,21.20637
30967,1.1211076
30968,-32.111927
30969,-90.45227
30970,-173.58969
30971,-205.80124
30972,-123.5672
30973,-78.744576
30974,-66.44749
30975,-73.85242
30976,-97.93849
30977,-137.50603
30978,-190.90996
30979,-254.52672
30980,-321.96613
30981,-384.6934
30982,-436.37576
30983,2.5173244
30984,1.1732765
30985,0.0904653
30986,-0.90561277
30987,-1.8036942
30988,-2.3634953
30989,-2.379907
30990,-1.6850797
30991,-0.18969959
30992,1.875597
30993,3.9619496
30994,5.6547546
30995,-424.55936
30996,-419.85876
30997,-436.6113
30998,3.1227717
30999,1.0321603
31000,-0.70739025
31001,-1.6607162
31002,-1.8606979
31003,-1.9187777
31004,-2.3410685
31005,-3.5688362
31006,-5.980955
31007,-9.438028
31008,-13.030108
31009,-15.824332
31010,-16.887222
31011,-15.543183
31012,-12.2372875
31013,-8.354679
31014,-4.5701537
31015,-16.183939
31016,1.515093
31017,3.143568
31018,3.193848
31019,1.016055
31020,-4.252937
31021,-7.993593
31022,-4.6811376
31023,-5.3851137
31024,-6.360672
31025,-7.353183
31026,-8.081051
31027,-23.255774
31028,-7.6056056
31029,-5.901217
31030,-2.973603
31031,1.1911588
31032,6.098398
31033,-377.91403
31034,-291.59482
31035,-238.0689
31036,-218.3017
31037,-232.95216
31038,-276.6077
31039,-343.50226
31040,-426.07895
31041,-0.29323512
31042,-4.0228534
31043,-6.7327633
31044,-8.270891
31045,-8.501765
31046,-7.4261513
31047,-5.4984794
31048,-3.5682657
31049,-2.2159257
31050,-1.9361306
31051,-3.1936436
31052,-5.967445
31053,-9.51395
31054,-13.103624
31055,-15.949679
31056,-17.292927
31057,-17.027636
31058,-15.876556
31059,-14.338805
31060,-12.718269
31061,-11.2199135
31062,-24.879726
31063,-8.599911
31064,-7.3682427
31065,-6.201485
31066,-5.117499
31067,-19.134905
31068,-3.272921
31069,-2.5515008
31070,-1.991536
31071,-1.6131978
31072,-1.473652
31073,-1.6246084
31074,-1.9767865
31075,-2.4932592
31076,-3.1346052
31077,-3.8593361
31078,-4.624225
31079,-5.384677
31080,-6.0951285
31081,-6.712396
31082,-7.2096376
31083,-7.580001
31084,-7.8125176
31085,-7.894365
31086,-7.8343363
31087,-7.7583265
31088,-7.9241376
31089,-8.54962
31090,-9.847975
31091,-11.977921
31092,-14.643527
31093,-16.911098
31094,-17.902584
31095,-16.860538
31096,-13.468276
31097,-8.649502
31098,-4.0047836
31099,-0.12169203
31100,2.6190705
31101,3.7366877
31102,3.191241
31103,1.6593251
31104,-0.23113066
31105,-1.8071545
31106,-2.4298537
31107,-2.0045695
31108,-1.1112368
31109,-0.18686022
31110,0.43720797
31111,0.4856439
31112,-0.059077416
31113,-0.8941311
31114,-1.7671787
31115,-2.447611
31116,-2.7014308
31117,-2.3041952
31118,-1.054868
31119,1.2134507
31120,4.632309
31121,-411.32007
31122,-355.73862
31123,-310.95853
31124,-275.13196
31125,-246.68073
31126,-224.2927
31127,-206.87506
31128,-193.51697
31129,-183.46289
31130,-176.07994
31131,-170.8209
31132,-167.1865
31133,-164.6971
31134,-162.8852
31135,-161.28676
31136,-159.46251
31137,-157.13016
31138,-154.24174
31139,-150.79341
31140,-146.77792
31141,-142.23906
31142,-137.50897
31143,-133.32573
31144,-130.48148
31145,-129.7478
31146,-131.70384
31147,-135.71558
31148,-139.24397
31149,-139.26103
31150,-132.80606
31151,-117.87159
31152,-96.16094
31153,-73.57909
31154,-55.49404
31155,-45.821198
31156,-47.59163
31157,-61.836346
31158,-85.79806
31159,-114.74465
31160,-141.75436
31161,-158.55067
31162,-160.50279
31163,-150.2507
31164,-132.58621
31165,-112.21104
31166,-93.176865
31167,-78.70939
31168,-71.434166
31169,-74.00625
31170,-90.15005
31171,-100.07792
31172,-77.04156
31173,-61.62141
31174,-51.017124
31175,-43.509228
31176,-37.68497
31177,-32.32106
31178,-26.333406
31179,-18.795128
31180,-9.023528
31181,3.073955
31182,16.100683
31183,27.494963
31184,35.610676
31185,39.89125
31186,40.15641
31187,35.995647
31188,26.744108
31189,11.507044
31190,-10.12628
31191,-37.45659
31192,-68.51581
31193,-100.26224
31194,-128.69806
31195,-149.2407
31196,-157.72984
31197,-153.11009
31198,-138.80804
31199,-119.34413
31200,-98.881836
31201,-80.70237
31202,-66.478745
31203,-56.282463
31204,-49.962425
31205,-47.50029
31206,-48.907726
31207,-53.506104
31208,-59.328625
31209,-63.94169
31210,-64.74374
31211,-59.50654
31212,-48.06939
31213,-32.970135
31214,-17.021305
31215,-2.435804
31216,9.306607
31217,17.380417
31218,21.318207
31219,20.499472
31220,13.424651
31221,-1.2246207
31222,-17.802519
31223,-25.878803
31224,-25.909958
31225,-19.773289
31226,-9.942226
31227,1.152721
31228,11.524996
31229,19.798166
31230,25.13857
31231,27.128609
31232,26.154448
31233,23.80328
31234,22.08072
31235,23.168808
31236,28.661976
31237,37.760464
31238,47.095062
31239,53.395214
31240,54.715405
31241,50.842068
31242,43.180386
31243,34.139603
31244,26.575584
31245,23.211111
31246,25.700058
31247,33.054203
31248,41.775574
31249,48.82846
31250,52.918118
31251,54.49559
31252,54.861454
31253,54.90496
31254,54.8966
31255,54.942844
31256,55.023376
31257,54.718452
31258,53.519302
31259,51.52591
31260,49.61193
31261,49.001156
31262,50.1417
31263,52.15528
31264,53.93526
31265,54.84139
31266,54.901882
31267,54.675392
31268,54.773464
31269,55.042404
31270,53.402782
31271,48.080555
31272,44.96537
31273,43.706738
31274,44.242878
31275,46.053318
31276,48.448845
31277,50.797478
31278,52.66698
31279,53.884144
31280,54.510807
31281,54.746387
31282,54.790127
31283,54.778484
31284,54.82632
31285,54.958355
31286,54.764034
31287,53.262943
31288,50.178394
31289,47.058926
31290,46.639072
31291,50.32862
31292,54.699867
31293,53.644764
31294,45.472637
31295,35.04236
31296,30.767847
31297,36.37152
31298,46.482113
31299,53.77344
31300,54.107567
31301,48.239857
31302,39.94501
31303,31.850275
31304,24.808678
31305,18.612022
31306,12.533474
31307,6.3200045
31308,0.99626756
31309,-1.9538921
31310,-1.051509
31311,4.6031976
31312,13.97913
31313,24.082293
31314,32.42391
31315,37.665756
31316,39.14851
31317,35.745758
31318,24.040058
31319,-4.1763186
31320,-70.068825
31321,-155.63475
31322,-202.72098
31323,-238.24931
31324,-256.49133
31325,-259.4573
31326,-250.6094
31327,-234.0435
31328,-213.88962
31329,-193.9374
31330,-177.48584
31331,-167.15701
31332,-163.91415
31333,-166.64091
31334,-173.968
31335,-184.61383
31336,-197.31252
31337,-211.04523
31338,-225.23685
31339,-239.37099
31340,-252.88046
31341,-265.31372
31342,-277.17184
31343,-290.4852
31344,-307.77737
31345,-331.8433
31346,-365.44138
31347,-408.90894
31348,-457.96384
31349,-506.26474
31350,-546.2824
31351,-570.48517
31352,-576.10016
31353,-568.1176
31354,-553.4817
31355,-539.0406
31356,-530.9547
31357,-532.75397
31358,-544.36743
31359,-565.1406
31360,-594.5896
31361,-632.2746
31362,4.15095
31363,2.0268278
31364,-0.19210117
31365,-2.4241714
31366,-4.5878396
31367,-6.601737
31368,-8.3846445
31369,-9.855539
31370,-10.933561
31371,-11.206441
31372,-10.71945
31373,-10.852715
31374,-11.295086
31375,-11.9775095
31376,-12.829965
31377,-13.781477
31378,-14.760442
31379,-15.69506
31380,-16.513508
31381,-17.159155
31382,-17.663008
31383,-18.176186
31384,-18.857166
31385,-19.859667
31386,-21.298067
31387,-23.055582
31388,-24.697975
31389,-25.77209
31390,-25.839222
31391,-24.564898
31392,-22.212702
31393,-19.85764
31394,-18.61491
31395,-19.566294
31396,-23.61218
31397,-35.542458
31398,-43.597073
31399,-50.905834
31400,-55.6677
31401,-51.30978
31402,-47.516056
31403,-45.66265
31404,-37.19384
31405,-28.463634
31406,-20.716766
31407,-14.632351
31408,-5.136333
31409,-2.1216128
31410,-0.5163835
31411,-0.23457603
31412,-1.1009804
31413,-2.816044
31414,-5.06855
31415,-7.5497055
31416,-9.949472
31417,-11.9577055
31418,-13.26495
31419,-13.563071
31420,-12.545791
31421,-11.410359
31422,-12.011961
31423,-12.560876
31424,-13.220476
31425,-13.925276
31426,-14.609643
31427,-15.207751
31428,-15.653193
31429,-15.879038
31430,-15.81816
31431,-15.415094
31432,-14.682678
31433,-13.727121
31434,-12.660239
31435,-11.589983
31436,-10.619017
31437,-9.818083
31438,-9.214201
31439,-8.831901
31440,-8.697681
31441,-8.829981
31442,-9.198724
31443,-9.707138
31444,-10.254068
31445,-10.741095
31446,-11.085434
31447,-11.295136
31448,-11.502874
31449,-11.84922
31450,-12.469597
31451,-13.4946375
31452,-15.025872
31453,-17.124771
31454,-19.850391
31455,-23.263548
31456,-27.381887
31457,-31.97067
31458,-36.448376
31459,-40.213116
31460,-42.679688
31461,-43.34454
31462,-42.1667
31463,-39.73166
31464,-36.65277
31465,-33.51245
31466,-30.891447
31467,-29.370281
31468,-29.531437
31469,-31.961546
31470,-37.253033
31471,-39.646812
31472,-33.572044
31473,-31.403614
31474,-30.75662
31475,-31.321217
31476,-32.785557
31477,-34.835953
31478,-37.157215
31479,-39.433388
31480,-41.34839
31481,-42.624195
31482,-43.20358
31483,-43.329514
31484,-43.25949
31485,-43.23704
31486,-43.48871
31487,-44.142963
31488,-45.194683
31489,-46.632374
31490,-48.450474
31491,-50.627254
31492,-53.046375
31493,-55.46279
31494,-57.625206
31495,-59.28837
31496,-60.2454
31497,-60.51147
31498,-60.402985
31499,-60.249405
31500,-60.365948
31501,-61.028893
31502,-62.287632
31503,-63.88323
31504,-65.54285
31505,-67.00784
31506,-68.05446
31507,-68.661385
31508,-69.082146
31509,-69.581924
31510,-70.412994
31511,-71.79557
31512,-73.76282
31513,-76.09399
31514,-78.55739
31515,-80.93308
31516,-83.00128
31517,-84.542244
31518,-85.336365
31519,-85.16425
31520,-83.806725
31521,-80.822464
31522,-77.163155
31523,-75.52538
31524,-75.05069
31525,-75.474525
31526,-76.53167
31527,-77.95687
31528,-79.48533
31529,-80.85327
31530,-81.79801
31531,-82.087456
31532,-81.66167
31533,-80.69313
31534,-79.36353
31535,-77.84159
31536,-76.284904
31537,-74.79662
31538,-73.40752
31539,-72.14621
31540,-71.04597
31541,-70.13333
31542,-69.38931
31543,-68.732376
31544,-68.07957
31545,-67.35196
31546,-66.48339
31547,-65.47755
31548,-64.43238
31549,-63.45017
31550,-62.62884
31551,-62.046585
31552,-61.668484
31553,-61.306408
31554,-60.76549
31555,-59.858025
31556,-58.439083
31557,-56.611504
31558,-54.814053
31559,-53.49979
31560,-53.106274
31561,-54.00475
31562,-56.177162
31563,-59.074398
31564,-62.12137
31565,-64.76649
31566,-66.45823
31567,-66.64578
31568,-64.77955
31569,-60.31196
31570,-57.699356
31571,-50.357414
31572,-43.262833
31573,-41.60365
31574,-40.865612
31575,-40.879498
31576,-41.475338
31577,-42.48243
31578,-43.729527
31579,-45.044903
31580,-46.25655
31581,-47.217457
31582,-47.927055
31583,-48.58407
31584,-49.3966
31585,-50.56352
31586,-52.224365
31587,-54.17293
31588,-55.732193
31589,-56.202995
31590,-54.90905
31591,-51.317905
31592,-50.72089
31593,-44.52013
31594,-39.15761
31595,-31.017874
31596,-31.29956
31597,-35.106228
31598,-46.02871
31599,-52.561398
31600,-58.25709
31601,-56.821327
31602,-57.838173
31603,-57.080357
31604,-55.373287
31605,-53.485
31606,-52.114243
31607,-51.564556
31608,-51.60349
31609,-51.974648
31610,-52.446217
31611,-52.80476
31612,-52.943855
31613,-52.90259
31614,-52.72673
31615,-52.455437
31616,-52.127777
31617,-51.78286
31618,-51.459747
31619,-51.197407
31620,-51.034824
31621,-46.621834
31622,-40.761253
31623,-35.21766
31624,-27.281189
31625,-26.425955
31626,-27.123621
31627,-28.841074
31628,-31.04078
31629,-33.182343
31630,-34.724457
31631,-35.19389
31632,-34.511345
31633,-33.132835
31634,-31.540466
31635,-30.19114
31636,-29.493408
31637,-29.576836
31638,-30.19016
31639,-31.06154
31640,-31.935345
31641,-32.59248
31642,-33.02843
31643,-33.531647
31644,-34.40593
31645,-35.942287
31646,-38.388783
31647,-41.73992
31648,-45.642883
31649,-49.725723
31650,-53.631584
31651,-57.029423
31652,-59.73688
31653,-61.773632
31654,-63.168823
31655,-63.942184
31656,-64.116714
31657,-63.73513
31658,-62.866848
31659,-61.582348
31660,-59.950737
31661,-58.048866
31662,-55.998997
31663,-53.98517
31664,-52.193954
31665,-50.809086
31666,-50.014484
31667,-49.994377
31668,-50.93346
31669,-53.017014
31670,-56.430897
31671,-57.77599
31672,-53.662853
31673,-50.901833
31674,-48.507423
31675,-46.584362
31676,-45.237595
31677,-44.572243
31678,-44.693764
31679,-45.70798
31680,-47.721012
31681,-50.79868
31682,-54.769867
31683,-59.139874
31684,-63.39763
31685,-67.04693
31686,-69.65094
31687,-71.11456
31688,-71.80577
31689,-72.11206
31690,-72.39872
31691,-72.98338
31692,-73.907585
31693,-74.838455
31694,-75.42729
31695,-75.343155
31696,-74.322
31697,-72.48776
31698,-70.48972
31699,-68.99821
31700,-68.658615
31701,-70.01483
31702,-73.01566
31703,-76.80012
31704,-80.470795
31705,-83.16778
31706,-84.160446
31707,-83.46583
31708,-82.11281
31709,-81.17011
31710,-81.6579
31711,-84.467
31712,-89.73308
31713,-101.56471
31714,-109.02587
31715,-116.228546
31716,-122.28595
31717,-121.31302
31718,-122.42572
31719,-119.74047
31720,-117.3743
31721,-107.05274
31722,-99.48579
31723,-91.251595
31724,-90.9242
31725,-92.76432
31726,-96.03143
31727,-99.9835
31728,-103.87766
31729,-106.971016
31730,-108.52127
31731,-107.94659
31732,-105.595375
31733,-103.07477
31734,-102.03952
31735,-104.084366
31736,-115.51973
31737,-125.99319
31738,-137.89479
31739,-148.52658
31740,-155.30408
31741,-150.98982
31742,-145.34567
31743,-140.84421
31744,-130.06702
31745,-120.46726
31746,-114.23808
31747,-107.080215
31748,-107.67992
31749,-109.64752
31750,-111.68886
31751,-112.63643
31752,-112.06294
31753,-110.543304
31754,-108.690865
31755,-107.07071
31756,-106.181404
31757,-106.13608
31758,-106.52574
31759,-106.92124
31760,-106.9183
31761,-106.16033
31762,-104.56765
31763,-102.4356
31764,-100.07372
31765,-97.77358
31766,-95.82669
31767,-94.52442
31768,-94.15829
31769,-95.020035
31770,-97.40166
31771,-102.33451
31772,-113.789444
31773,-112.0025
31774,-113.39882
31775,-113.38511
31776,-112.36751
31777,-110.75182
31778,-108.943726
31779,-107.34881
31780,-106.3726
31781,-106.37154
31782,-107.41631
31783,-109.19066
31784,-111.36325
31785,-113.62118
31786,-115.66705
31787,-117.29402
31788,-118.417725
31789,-118.95852
31790,-118.830956
31791,-117.974525
31792,-116.47394
31793,-114.61066
31794,-112.67359
31795,-110.9421
31796,-109.6695
31797,-108.95723
31798,-108.701096
31799,-108.7891
31800,-109.11909
31801,-109.59054
31802,-110.11285
31803,-110.608696
31804,-111.00123
31805,-111.21166
31806,-111.1724
31807,-110.89334
31808,-110.49154
31809,-110.08785
31810,-109.798454
31811,-109.72792
31812,-109.90854
31813,-110.27456
31814,-110.75756
31815,-111.294525
31816,-111.823235
31817,-112.28205
31818,-112.610245
31819,-112.74795
31820,-112.63602
31821,-112.46683
31822,-112.43171
31823,-112.03951
31824,-111.40051
31825,-110.53587
31826,-109.46711
31827,-108.2159
31828,-106.804
31829,-105.253296
31830,-103.58557
31831,-101.825096
31832,-100.01069
31833,-98.2006
31834,-96.453766
31835,-94.82802
31836,-93.373665
31837,-92.09865
31838,-90.953476
31839,-89.88616
31840,-88.84735
31841,-87.80305
31842,-86.810356
31843,-86.04977
31844,-85.70641
31845,-85.959465
31846,-86.95146
31847,-88.61233
31848,-90.583855
31849,-92.49577
31850,-93.99126
31851,-94.74262
31852,-94.5927
31853,-93.615524
31854,-91.89386
31855,-89.4991
31856,-86.52524
31857,-83.19795
31858,-79.92086
31859,-77.10439
31860,-75.14965
31861,-74.40312
31862,-74.904816
31863,-76.279625
31864,-78.13266
31865,-80.08758
31866,-81.76878
31867,-82.80247
31868,-82.81751
31869,-81.445625
31870,-78.3216
31871,-73.72846
31872,-69.561005
31873,-67.21522
31874,-66.007965
31875,-65.65113
31876,-65.856964
31877,-66.33845
31878,-66.80946
31879,-66.98508
31880,-66.581535
31881,-65.364006
31882,-63.375805
31883,-61.036484
31884,-58.781475
31885,-57.028454
31886,-56.13088
31887,-56.067627
31888,-56.308315
31889,-56.299206
31890,-55.509678
31891,-53.480637
31892,-50.16786
31893,-46.088806
31894,-41.78389
31895,-37.765503
31896,-34.499664
31897,-32.190586
31898,-30.68759
31899,-29.822643
31900,-29.442995
31901,-29.406305
31902,-29.634882
31903,-30.139717
31904,-30.936188
31905,-32.035416
31906,-33.424084
31907,-34.947945
31908,-36.260567
31909,-37.0053
31910,-36.834408
31911,-35.447727
31912,-32.817894
31913,-29.287142
31914,-25.214699
31915,-20.941515
31916,-16.807177
31917,-13.150171
31918,-10.308716
31919,-8.621842
31920,-8.430824
31921,-9.536444
31922,-10.320067
31923,-9.525675
31924,-7.799023
31925,-5.4675136
31926,-2.8547983
31927,-0.28149807
31928,1.933551
31929,3.4727168
31930,4.019316
31931,3.3164828
31932,1.4594556
31933,-0.9661031
31934,-3.334353
31935,-5.038403
31936,-5.548789
31937,-4.771055
31938,-3.203893
31939,-1.3841556
31940,0.17660432
31941,1.0133218
31942,0.93283486
31943,0.11723699
31944,-1.2248783
31945,-2.8990374
31946,-4.701956
31947,-6.382027
31948,-7.6214027
31949,-8.098331
31950,-7.4952445
31951,-5.5514116
31952,-2.326408
31953,1.685552
31954,-659.8574
31955,-565.1507
31956,-489.53647
31957,-434.99802
31958,-396.5005
31959,-368.66666
31960,-346.9987
31961,-327.80014
31962,-309.21985
31963,-291.7365
31964,-276.23087
31965,-263.49594
31966,-254.27222
31967,-249.28766
31968,-249.31094
31969,-255.21684
31970,-268.06412
31971,-264.3654
31972,-229.01935
31973,-222.20378
31974,-236.46803
31975,-267.29953
31976,-310.62335
31977,-361.53793
31978,-413.6219
31979,-458.8098
31980,-487.842
31981,-492.23618
31982,-470.37863
31983,-430.55807
31984,-382.94458
31985,-336.5448
31986,-298.3513
31987,-271.83078
31988,-256.90555
31989,-253.2276
31990,-261.0208
31991,-280.7408
31992,-310.92236
31993,-346.1572
31994,-379.1252
31995,-401.35904
31996,-404.9842
31997,-389.13617
31998,-363.17828
31999,-338.0009
32000,-323.3427
32001,-327.3362
32002,-352.47928
32003,-392.40918
32004,-437.8542
32005,-477.704
32006,-500.1539
32007,-498.89175
32008,-477.3155
32009,-441.57553
32010,-397.91763
32011,-352.07578
32012,-308.8282
32013,-271.8628
32014,-244.05669
32015,-227.83562
32016,-225.69977
32017,-240.96002
32018,-278.67715
32019,-346.80576
32020,-462.54065
32021,-547.24994
32022,-522.21564
32023,-517.5948
32024,-530.07904
32025,-558.2207
32026,-601.04517
32027,-657.81366
32028,1.9299521
32029,-1.353212
32030,-4.880713
32031,-8.554488
32032,-12.231589
32033,-15.707054
32034,-18.771986
32035,-21.220753
32036,-22.874203
32037,-23.70388
32038,-23.886873
32039,-23.611626
32040,-23.057024
32041,-22.393847
32042,-21.748505
32043,-21.187035
32044,-20.772057
32045,-20.568813
32046,-20.634396
32047,-20.978022
32048,-21.543407
32049,-22.270294
32050,-23.101067
32051,-23.971865
32052,-24.782618
32053,-25.383696
32054,-25.62278
32055,-25.349869
32056,-24.455713
32057,-23.066975
32058,-21.631336
32059,-20.613152
32060,-20.46295
32061,-21.574652
32062,-24.005163
32063,-27.346527
32064,-31.160795
32065,-35.027504
32066,-38.525288
32067,-41.233162
32068,-42.73138
32069,-42.602005
32070,-40.429455
32071,-38.989216
32072,-41.668495
32073,-43.41614
32074,-44.949398
32075,-46.218597
32076,-47.174335
32077,-47.76743
32078,-47.948936
32079,-47.670094
32080,-46.882305
32081,-45.572628
32082,-43.934364
32083,-42.44068
32084,-41.57755
32085,-41.818684
32086,-43.55846
32087,-46.72198
32088,-50.591625
32089,-54.415237
32090,-57.46899
32091,-59.10801
32092,-59.142014
32093,-57.996815
32094,-56.12491
32095,-53.94901
32096,-51.86046
32097,-50.07235
32098,-48.556423
32099,-47.273685
32100,-46.196327
32101,-45.307602
32102,-44.655334
32103,-44.375217
32104,-44.60721
32105,-45.48742
32106,-47.117786
32107,-49.399723
32108,-51.961002
32109,-54.415573
32110,-56.389732
32111,-57.55177
32112,-57.813057
32113,-57.414635
32114,-56.61214
32115,-55.645515
32116,-54.75445
32117,-54.17853
32118,-54.157444
32119,-54.931156
32120,-56.740086
32121,-69.00416
32122,-82.65097
32123,-88.98857
32124,-86.459015
32125,-85.88575
32126,-83.08261
32127,-78.85966
32128,-74.02479
32129,-69.384026
32130,-65.74041
32131,-63.789574
32132,-63.624737
32133,-64.52454
32134,-65.73125
32135,-66.52454
32136,-66.266304
32137,-64.791084
32138,-62.573593
32139,-60.117153
32140,-57.896404
32141,-56.34063
32142,-55.608364
32143,-55.48989
32144,-55.7603
32145,-56.212498
32146,-56.65093
32147,-56.94484
32148,-57.051117
32149,-56.93097
32150,-56.541763
32151,-55.843143
32152,-54.807217
32153,-53.422886
32154,-51.67973
32155,-49.566387
32156,-47.088448
32157,-44.350502
32158,-41.59154
32159,-39.056065
32160,-36.982033
32161,-35.58182
32162,-34.92018
32163,-34.8607
32164,-35.256477
32165,-35.969063
32166,-36.859436
32167,-37.788063
32168,-38.61509
32169,-39.200424
32170,-39.403667
32171,-40.33007
32172,-42.574787
32173,-42.9161
32174,-42.219604
32175,-40.74467
32176,-38.74984
32177,-36.493446
32178,-34.23404
32179,-32.23063
32180,-30.742987
32181,-29.987179
32182,-29.919565
32183,-30.14125
32184,-30.234552
32185,-29.797544
32186,-28.491808
32187,-26.34485
32188,-23.881138
32189,-21.649612
32190,-20.17656
32191,-19.918474
32192,-20.921585
32193,-22.667953
32194,-24.604544
32195,-26.200619
32196,-26.982159
32197,-26.807789
32198,-25.989521
32199,-24.863373
32200,-23.744566
32201,-22.9191
32202,-22.506311
32203,-22.398174
32204,-22.47389
32205,-22.622297
32206,-22.739801
32207,-22.768305
32208,-22.711988
32209,-22.578487
32210,-22.372599
32211,-22.09985
32212,-21.770256
32213,-21.399946
32214,-21.00536
32215,-20.602577
32216,-20.207653
32217,-19.836554
32218,-19.505196
32219,-19.22947
32220,-19.025208
32221,-18.504028
32222,-17.263556
32223,-16.066406
32224,-14.882474
32225,-13.783202
32226,-12.839928
32227,-12.123781
32228,-11.705707
32229,-11.656833
32230,-12.048647
32231,-12.937822
32232,-14.29179
32233,-15.954976
32234,-17.763996
32235,-19.56068
32236,-21.21735
32237,-22.7832
32238,-24.54961
32239,-26.822645
32240,-29.898676
32241,-34.008297
32242,-38.993824
32243,-49.164143
32244,-48.797577
32245,-52.197346
32246,-53.7495
32247,-53.308926
32248,-51.365112
32249,-48.43507
32250,-45.00467
32251,-41.528908
32252,-38.291393
32253,-35.34414
32254,-32.728638
32255,-30.496986
32256,-28.699781
32257,-27.378942
32258,-26.564451
32259,-26.285767
32260,-26.572996
32261,-27.443176
32262,-28.836964
32263,-30.590313
32264,-32.533016
32265,-34.499054
32266,-36.322346
32267,-37.836838
32268,-38.876656
32269,-39.27617
32270,-38.870125
32271,-39.361397
32272,-42.064636
32273,-42.808796
32274,-42.591293
32275,-41.663986
32276,-40.27772
32277,-38.68265
32278,-37.1285
32279,-35.864758
32280,-35.140984
32281,-35.172657
32282,-35.974976
32283,-37.289375
32284,-38.8427
32285,-40.373466
32286,-41.642857
32287,-42.545204
32288,-43.15636
32289,-43.561142
32290,-43.836147
32291,-44.05918
32292,-44.315586
32293,-44.70092
32294,-45.311295
32295,-46.242397
32296,-47.5622
32297,-49.176838
32298,-50.77186
32299,-52.022106
32300,-52.612644
32301,-52.276054
32302,-51.019474
32303,-49.222244
32304,-47.279877
32305,-45.57024
32306,-44.441227
32307,-44.06811
32308,-44.39134
32309,-45.34034
32310,-46.85515
32311,-48.874306
32312,-51.3286
32313,-54.138363
32314,-57.22327
32315,-60.503426
32316,-63.89888
32317,-67.329575
32318,-70.71506
32319,-73.97457
32320,-77.027245
32321,-78.19068
32322,-76.28326
32323,-75.1601
32324,-74.253944
32325,-73.64548
32326,-73.41525
32327,-73.642715
32328,-74.40394
32329,-75.77181
32330,-77.817474
32331,-80.566734
32332,-83.784645
32333,-86.882454
32334,-89.25846
32335,-90.329765
32336,-89.60033
32337,-87.06568
32338,-83.38589
32339,-79.24776
32340,-75.30668
32341,-72.15731
32342,-70.0401
32343,-68.71585
32344,-67.92639
32345,-67.43637
32346,-67.0191
32347,-66.497665
32348,-65.76289
32349,-64.708405
32350,-63.224716
32351,-61.22928
32352,-58.79602
32353,-56.21098
32354,-53.76872
32355,-51.75345
32356,-50.41429
32357,-49.79726
32358,-49.6724
32359,-49.796677
32360,-49.939247
32361,-49.890438
32362,-49.566086
32363,-49.052914
32364,-48.445217
32365,-47.828766
32366,-47.286453
32367,-46.894936
32368,-46.724667
32369,-46.84267
32370,-47.31537
32371,-50.180256
32372,-60.924644
32373,-58.26408
32374,-58.812263
32375,-57.99086
32376,-56.221703
32377,-53.92757
32378,-51.532364
32379,-49.46115
32380,-48.1403
32381,-47.9167
32382,-48.666092
32383,-49.621643
32384,-49.985584
32385,-48.989902
32386,-45.980633
32387,-40.956375
32388,-39.79715
32389,-33.41788
32390,-27.68742
32391,-18.381485
32392,-15.756631
32393,-14.364871
32394,-13.719937
32395,-13.363434
32396,-12.876534
32397,-12.083751
32398,-11.143873
32399,-10.235481
32400,-9.522502
32401,-9.142632
32402,-9.082458
32403,-9.121101
32404,-9.023902
32405,-8.564415
32406,-7.5534005
32407,-6.0185704
32408,-4.283984
32409,-2.6913052
32410,-1.5692786
32411,-1.2034404
32412,-1.6255602
32413,-2.5158503
32414,-3.5262978
32415,-4.319431
32416,-4.5548353
32417,-3.889963
32418,-1.982564
32419,1.505968
32420,-646.0333
32421,-583.51666
32422,3.1320333
32423,1.560651
32424,2.025196
32425,4.0969305
32426,-621.9108
32427,-534.3498
32428,-444.09747
32429,-361.02087
32430,-292.17233
32431,-241.38841
32432,-207.15381
32433,-182.73352
32434,-161.64449
32435,-138.55765
32436,-109.838066
32437,-76.12567
32438,-42.44754
32439,-13.226176
32440,9.0917225
32441,23.98308
32442,32.56619
32443,36.60482
32444,37.18341
32445,34.511566
32446,28.120205
32447,17.931
32448,5.962031
32449,-3.736856
32450,-5.965842
32451,3.0821424
32452,20.91072
32453,38.93883
32454,50.694332
32455,54.91984
32456,54.832058
32457,54.40247
32458,54.693096
32459,54.960064
32460,54.760895
32461,54.559223
32462,54.825672
32463,55.0301
32464,54.005775
32465,50.492096
32466,43.527973
32467,32.731384
32468,18.462297
32469,1.8693497
32470,-15.17767
32471,-30.863335
32472,-48.55571
32473,-76.79533
32474,-115.68178
32475,-164.62573
32476,-221.77576
32477,-283.76465
32478,-345.6952
32479,-401.36597
32480,-443.74014
32481,3.4321454
32482,3.8675785
32483,5.003084
32484,-426.82178
32485,-399.22
32486,-374.5983
32487,-355.17126
32488,-338.83383
32489,-322.8442
32490,-304.69818
32491,-282.5705
32492,-257.34827
32493,-233.32135
32494,-214.84439
32495,-205.74303
32496,-209.3247
32497,-226.28029
32498,-252.87614
32499,-283.90286
32500,-313.12466
32501,-333.86972
32502,-342.70297
32503,-342.01727
32504,-335.7566
32505,-327.9337
32506,-322.26044
32507,-321.1508
32508,-325.25922
32509,-334.96893
32510,-350.7883
32511,-373.14838
32512,-401.29236
32513,-432.37308
32514,3.4500616
32515,2.2959895
32516,-13.283033
32517,1.9023513
32518,3.017156
32519,5.195635
32520,-399.7853
32521,-324.39297
32522,-257.47662
32523,-228.18591
32524,-224.18396
32525,-238.1415
32526,-264.1985
32527,-296.25742
32528,-327.06226
32529,-348.0887
32530,-350.2623
32531,-326.71387
32532,-280.31503
32533,-225.36855
32534,-175.45952
32535,-140.03046
32536,-124.71545
32537,-129.9054
32538,-150.08298
32539,-178.64856
32540,-207.5741
32541,-227.84125
32542,-235.6837
32543,-237.1143
32544,-240.57089
32545,-254.73679
32546,-288.421
32547,-346.39584
32548,-424.459
32549,-0.35061368
32550,-4.5180063
32551,-7.3070984
32552,-8.47338
32553,-8.488034
32554,-7.7701607
32555,-6.6299043
32556,-5.3321767
32557,-4.150608
32558,-3.3927834
32559,-3.354283
32560,-4.3579607
32561,-6.717829
32562,-10.41583
32563,-14.925801
32564,-19.716574
32565,-24.186617
32566,-27.596487
32567,-28.91985
32568,-27.612492
32569,-24.106457
32570,-17.603237
32571,-19.251286
32572,-31.770838
32573,-27.379316
32574,-26.0
32575,-41.0
32576,-26.0
32577,-26.0
32578,-24.986395
32579,-21.146238
32580,-16.881233
32581,-14.757856
32582,-12.914647
32583,-11.239054
32584,-9.745968
32585,-8.477542
32586,-7.456217
32587,-6.620522
32588,-5.8198533
32589,-4.9330635
32590,-3.8471365
32591,-2.494302
32592,-16.054976
32593,0.0255139
32594,0.38968024
32595,-0.31720445
32596,-2.4137254
32597,-20.716011
32598,-9.271822
32599,-12.072507
32600,-13.094638
32601,-11.60266
32602,-8.107443
32603,-4.1557198
32604,-0.5275684
32605,2.3428926
32606,4.0527782
32607,4.535102
32608,4.188605
32609,3.316097
32610,2.2197115
32611,1.2185438
32612,0.52528536
32613,0.19565219
32614,0.29746282
32615,0.9058009
32616,2.087361
32617,3.9004867
32618,-437.3593
32619,-379.20374
32620,-309.69415
32621,-262.31815
32622,-271.88748
32623,-291.3491
32624,-320.34866
32625,-357.76416
32626,-402.32605
32627,3.5505815
32628,0.7999662
32629,-1.8314
32630,-4.1969914
32631,-6.1529675
32632,-7.5947237
32633,-8.473777
32634,-8.745446
32635,-23.37232
32636,-22.365932
32637,-5.940809
32638,-4.5072365
32639,-3.3649771
32640,-2.77687
32641,-2.9778523
32642,-3.960438
32643,-5.4015512
32644,-7.0300226
32645,-8.583979
32646,-9.821968
32647,-10.725635
32648,-11.558379
32649,-12.519182
32650,-13.771778
32651,-15.449012
32652,-17.477762
32653,-19.519938
32654,-21.290089
32655,-22.523556
32656,-23.022514
32657,-22.970856
32658,-22.954033
32659,-23.348928
32660,-24.445408
32661,-26.511944
32662,-27.836317
32663,-26.419477
32664,-26.0
32665,-26.0
32666,-26.0
32667,-26.0
32668,-26.0
32669,-26.0
32670,-26.0
32671,-26.0
32672,-26.0
32673,-41.0
32674,-26.0
32675,-26.0
32676,-26.0
32677,-25.758764
32678,-24.062048
32679,-21.403969
32680,-20.423588
32681,-19.14756
32682,-17.73644
32683,-16.524714
32684,-15.669867
32685,-15.2921295
32686,-15.502957
32687,-16.261824
32688,-17.350801
32689,-18.628757
32690,-19.967924
32691,-21.23033
32692,-22.304792
32693,-23.11943
32694,-23.587305
32695,-23.621565
32696,-23.175581
32697,-22.362144
32698,-21.436604
32699,-20.542397
32700,-19.774054
32701,-34.179634
32702,-18.599041
32703,-17.679321
32704,-16.21893
32705,-14.083459
32706,-11.240547
32707,-8.041975
32708,-5.112365
32709,-2.7807536
32710,-1.3546813
32711,-1.1660333
32712,-2.2498376
32713,-4.2143664
32714,-6.722666
32715,-9.421994
32716,-11.903612
32717,-13.72115
32718,-14.42666
32719,-13.633653
32720,-11.092565
32721,-6.046774
32722,-0.9309319
32723,-0.27849653
32724,-0.61453944
32725,-1.9327313
32726,-4.0222754
32727,-6.5637803
32728,-9.16563
32729,-11.3836
32730,-27.746864
32731,-12.884766
32732,-11.946846
32733,-10.62664
32734,-9.379132
32735,-8.519008
32736,-8.286596
32737,-8.612836
32738,-9.076756
32739,-9.376848
32740,-9.252955
32741,-8.502128
32742,-7.2199216
32743,-5.805444
32744,-4.5166984
32745,-3.552277
32746,-3.0636482
32747,-2.924128
32748,-17.675638
32749,-1.9471508
32750,-0.41951054
32751,2.107542
32752,5.3522496
32753,-402.50894
32754,-347.33185
32755,-311.0564
32756,-300.61597
32757,-317.18878
32758,-353.68448
32759,-400.85294
32760,3.8683426
32761,2.4375894
32762,2.2047281
32763,2.740049
32764,3.6751647
32765,4.727535
32766,-440.54028
32767,-427.66507
32768,-425.67752
32769,-439.89453
32770,2.6304693
32771,-0.3483659
32772,-2.1480525
32773,-2.8327205
32774,-2.8624237
32775,-2.4468694
32776,-1.7735368
32777,-1.0106835
32778,-0.3141209
32779,0.16507131
32780,0.27351907
32781,-0.12794268
32782,-16.062944
32783,-2.4047475
32784,-4.0484767
32785,-5.898614
32786,-7.8405433
32787,-9.677585
32788,-11.109261
32789,-11.850904
32790,-11.651428
32791,-10.376939
32792,-8.309648
32793,-6.0923023
32794,-4.1150813
32795,-2.6700907
32796,-2.0118155
32797,-2.1124897
32798,-2.5918553
32799,-3.152691
32800,-3.5176444
32801,-3.438811
32802,-2.8949385
32803,-2.129225
32804,-16.314665
32805,-0.5847796
32806,-0.057935033
32807,0.21628812
32808,0.26825494
32809,0.10738837
32810,-0.2667875
32811,-0.8447527
32812,-1.5594008
32813,-2.2707725
32814,-2.8474143
32815,-3.1644907
32816,-3.1003757
32817,-2.5409477
32818,-1.3834661
32819,0.46124086
32820,3.0697422
32821,-440.6766
32822,-367.00354
32823,-324.38077
32824,-303.41895
32825,-298.24808
32826,-304.2965
32827,-317.5177
32828,-333.85733
32829,-348.96768
32830,-358.17447
32831,-357.1928
32832,-344.9835
32833,-325.23593
32834,-302.46075
32835,-280.76868
32836,-263.52856
32837,-252.14809
32838,-245.6146
32839,-242.57211
32840,-241.7735
32841,-241.82295
32842,-240.17696
32843,-232.62968
32844,-214.97986
32845,-184.04428
32846,-139.33849
32847,-86.788506
32848,-42.502415
32849,-4.3431816
32850,25.098457
32851,37.521618
32852,41.754143
32853,40.809116
32854,35.261635
32855,24.27248
32856,6.8011017
32857,-17.467813
32858,-47.492302
32859,-80.60877
32860,-112.60277
32861,-138.46054
32862,-154.97563
32863,-162.82956
32864,-164.22725
32865,-161.78479
32866,-158.21907
32867,-156.19551
32868,-158.34341
32869,-167.43448
32870,-186.73041
32871,-230.79549
32872,-299.20596
32873,-332.36047
32874,-333.90622
32875,-311.52496
32876,-274.7562
32877,-232.90768
32878,-193.82396
32879,-163.48483
32880,-146.42126
32881,-146.07523
32882,-162.07399
32883,-187.3107
32884,-211.8063
32885,-223.64467
32886,-211.88895
32887,-175.94156
32888,-128.64432
32889,-83.07675
32890,-47.83804
32891,-26.642115
32892,-18.084642
32893,-17.246424
32894,-19.71937
32895,-21.343678
32896,-18.196692
32897,-8.893553
32898,4.2315507
32899,18.236162
32900,30.80006
32901,40.545143
32902,47.1435
32903,51.044575
32904,52.98584
32905,53.674397
32906,53.48499
32907,52.397957
32908,50.608833
32909,49.06253
32910,49.247986
32911,51.872864
32912,54.72896
32913,52.672985
32914,35.11194
32915,7.6513314
32916,-36.85823
32917,-97.67219
32918,-170.89917
32919,-249.64403
32920,-319.54996
32921,-433.12567
32922,-612.8283
32923,2.6188953
32924,2.5750082
32925,5.001985
32926,-585.7798
32927,-484.13797
32928,-389.21716
32929,-315.88864
32930,-274.01523
32931,-270.50528
32932,-306.08163
32933,-370.35696
32934,-447.68936
32935,-516.47656
32936,-552.13367
32937,-543.9273
32938,-505.89008
32939,-457.6762
32940,-416.8486
32941,-396.90335
32942,-401.78778
32943,-423.30035
32944,-450.65027
32945,-472.12653
32946,-476.22668
32947,-458.3352
32948,-424.6354
32949,-383.52576
32950,-342.58395
32951,-307.74768
32952,-281.4022
32953,-261.96765
32954,-247.37544
32955,-235.8262
32956,-225.89401
32957,-217.43755
32958,-212.06764
32959,-211.73628
32960,-218.49493
32961,-234.4056
32962,-260.08035
32963,-293.34192
32964,-330.9067
32965,-368.73264
32966,-401.98465
32967,-425.2337
32968,-432.89233
32969,-419.87555
32970,-382.4997
32971,-341.64938
32972,-333.12552
32973,-343.27292
32974,-368.59253
32975,-405.98672
32976,-452.1728
32977,-503.23886
32978,-554.4177
32979,-600.07446
32980,-633.91406
32981,-650.3836
32982,-650.1856
32983,-643.3799
32984,-641.9803
32985,-658.0084
32986,3.1204007
32987,-0.14873978
32988,-3.9429042
32989,-7.5163813
32990,-10.147796
32991,-11.208905
32992,-10.59734
32993,-8.926383
32994,-6.850267
32995,-4.9891367
32996,-3.905142
32997,-3.8331516
32998,-4.558549
32999,-5.8362236
33000,-7.437902
33001,-9.149525
33002,-10.844824
33003,-12.518956
33004,-14.175401
33005,-15.812804
33006,-17.42364
33007,-18.96382
33008,-20.339058
33009,-21.452084
33010,-22.207922
33011,-22.527077
33012,-22.419058
33013,-22.014988
33014,-21.452627
33015,-20.864311
33016,-20.382233
33017,-20.138603
33018,-20.265734
33019,-20.896225
33020,-22.16299
33021,-23.921896
33022,-25.9676
33023,-28.688879
33024,-31.736414
33025,-34.869934
33026,-37.849003
33027,-40.433388
33028,-42.383274
33029,-43.459435
33030,-43.423283
33031,-42.104237
33032,-39.723072
33033,-37.030895
33034,-34.801914
33035,-33.78553
33036,-34.62923
33037,-37.377598
33038,-41.247097
33039,-45.406273
33040,-49.057865
33041,-51.493595
33042,-52.52176
33043,-52.651783
33044,-52.424625
33045,-52.346794
33046,-52.863117
33047,-54.068954
33048,-55.58486
33049,-57.00932
33050,-57.96289
33051,-58.125336
33052,-57.5169
33053,-56.619534
33054,-55.935585
33055,-55.945606
33056,-57.058895
33057,-59.27361
33058,-62.02889
33059,-64.7376
33060,-66.838524
33061,-67.83398
33062,-67.5903
33063,-66.46676
33064,-64.844086
33065,-63.080242
33066,-61.533516
33067,-60.562725
33068,-60.527466
33069,-61.788403
33070,-64.70756
33071,-66.60016
33072,-64.19341
33073,-62.304893
33074,-60.251965
33075,-58.09873
33076,-55.90888
33077,-53.745693
33078,-51.672245
33079,-49.751335
33080,-48.045776
33081,-46.617386
33082,-45.52285
33083,-44.811775
33084,-44.5335
33085,-44.73771
33086,-45.441235
33087,-46.46906
33088,-47.384842
33089,-47.739372
33090,-47.095623
33091,-45.09364
33092,-41.817047
33093,-37.949814
33094,-34.201202
33095,-31.250982
33096,-29.699266
33097,-29.68427
33098,-30.713049
33099,-32.257923
33100,-33.816845
33101,-34.936607
33102,-35.455303
33103,-35.6086
33104,-35.652607
33105,-35.825317
33106,-36.345905
33107,-37.324417
33108,-38.721504
33109,-40.48867
33110,-42.583035
33111,-44.948875
33112,-47.45722
33113,-49.879612
33114,-51.98325
33115,-53.540794
33116,-54.325886
33117,-54.113316
33118,-52.678978
33119,-49.800137
33120,-45.255733
33121,-40.20662
33122,-37.069214
33123,-35.364372
33124,-34.823524
33125,-35.226273
33126,-36.350876
33127,-37.973656
33128,-39.8692
33129,-41.811077
33130,-43.572563
33131,-44.946507
33132,-45.838776
33133,-46.309074
33134,-46.424995
33135,-46.247513
33136,-45.833572
33137,-45.214897
33138,-44.388847
33139,-43.35134
33140,-42.100105
33141,-40.637604
33142,-38.993206
33143,-37.23275
33144,-35.423782
33145,-33.63217
33146,-31.933714
33147,-30.462467
33148,-29.431896
33149,-29.059683
33150,-29.56036
33151,-31.09601
33152,-33.519695
33153,-36.26057
33154,-38.72308
33155,-40.33018
33156,-40.586605
33157,-39.467598
33158,-37.58661
33159,-35.58648
33160,-34.07963
33161,-33.61186
33162,-34.34264
33163,-35.903736
33164,-37.89866
33165,-39.953102
33166,-41.69221
33167,-42.741325
33168,-42.72649
33169,-41.27494
33170,-38.01582
33171,-34.70584
33172,-34.12067
33173,-33.914692
33174,-34.224438
33175,-34.8975
33176,-35.779255
33177,-36.712933
33178,-37.54063
33179,-38.104137
33180,-38.245667
33181,-37.846756
33182,-37.0138
33183,-36.15863
33184,-35.70872
33185,-36.078888
33186,-37.61397
33187,-40.242443
33188,-43.319916
33189,-46.166008
33190,-48.122993
33191,-48.62363
33192,-47.623962
33193,-45.78968
33194,-43.820568
33195,-42.385303
33196,-42.064426
33197,-42.912918
33198,-44.267845
33199,-45.43172
33200,-45.740578
33201,-44.634594
33202,-42.149582
33203,-39.127598
33204,-36.446304
33205,-34.945538
33206,-35.337646
33207,-37.585358
33208,-40.622795
33209,-43.325527
33210,-44.613228
33211,-43.54035
33212,-39.933517
33213,-34.66334
33214,-33.644474
33215,-27.737635
33216,-22.798208
33217,-14.67968
33218,-14.2404175
33219,-17.35266
33220,-29.907389
33221,-26.783596
33222,-18.875998
33223,-13.732613
33224,-6.870494
33225,-7.6159706
33226,-10.284638
33227,-14.176226
33228,-18.577662
33229,-22.76968
33230,-26.032671
33231,-27.726728
33232,-27.661148
33233,-26.255447
33234,-23.961218
33235,-21.201298
33236,-18.363777
33237,-15.642915
33238,-12.969964
33239,-10.262335
33240,-7.4491243
33241,-4.4751577
33242,-1.3750666
33243,1.6941781
33244,4.5684814
33245,-626.2924
33246,-577.9617
33247,-543.9661
33248,-523.5963
33249,-516.1566
33250,-521.3748
33251,-539.05304
33252,-567.26874
33253,-600.9452
33254,-633.809
33255,-658.9412
33256,4.7286277
33257,-663.12366
33258,-643.0339
33259,-614.4179
33260,-582.209
33261,-550.73914
33262,-522.3835
33263,-497.01285
33264,-474.04813
33265,-452.98462
33266,-433.37137
33267,-414.80444
33268,-396.92444
33269,-379.4192
33270,-362.02475
33271,-379.7777
33272,-456.0405
33273,-486.01422
33274,-474.2329
33275,-429.62476
33276,-363.5929
33277,-287.76523
33278,-212.33615
33279,-145.0028
33280,-90.501884
33281,-50.436035
33282,-22.844389
33283,-3.522388
33284,10.869785
33285,22.552801
33286,32.77455
33287,41.54921
33288,48.118256
33289,52.213905
33290,54.206055
33291,54.86793
33292,54.988716
33293,54.992817
33294,54.98827
33295,55.00133
33296,54.99565
33297,54.763866
33298,54.12683
33299,53.26594
33300,52.723633
33301,53.027184
33302,53.968204
33303,54.717125
33304,54.95865
33305,54.993
33306,54.780216
33307,52.756073
33308,46.848705
33309,36.81528
33310,25.279346
33311,16.970005
33312,15.246094
33313,19.251429
33314,26.398344
33315,34.11022
33316,40.528366
33317,44.722397
33318,46.402924
33319,45.13626
33320,39.05872
33321,36.694355
33322,48.447296
33323,53.508854
33324,54.906815
33325,54.517555
33326,53.46072
33327,52.321274
33328,51.328243
33329,50.48987
33330,49.684807
33331,48.73637
33332,47.57544
33333,46.39271
33334,45.498905
33335,45.245205
33336,45.903584
33337,47.371307
33338,49.119305
33339,50.666023
33340,51.726482
33341,52.189648
33342,52.095875
33343,51.599735
33344,50.85823
33345,50.081543
33346,49.53225
33347,49.328094
33348,49.291668
33349,49.172127
33350,48.708492
33351,47.604477
33352,45.560017
33353,42.334488
33354,37.66183
33355,31.252161
33356,22.801336
33357,11.869988
33358,-2.3005438
33359,-20.743011
33360,-44.781338
33361,-75.955986
33362,-115.211784
33363,-161.79385
33364,-213.64958
33365,-267.60712
33366,-319.46375
33367,-364.22098
33368,-396.46387
33369,-410.88623
33370,-402.9565
33371,-359.08704
33372,-285.81177
33373,-231.82262
33374,-192.62822
33375,-165.11485
33376,-146.92618
33377,-136.31552
33378,-132.00888
33379,-133.08504
33380,-138.86601
33381,-148.86653
33382,-162.94722
33383,-181.44296
33384,-204.87675
33385,-233.87906
33386,-268.90802
33387,-308.6542
33388,-348.5458
33389,-382.37912
33390,-403.184
33391,-404.9897
33392,-388.89227
33393,-365.83054
33394,-347.97256
33395,-346.5351
33396,-371.65775
33397,-426.17505
33398,-498.7078
33399,-570.9046
33400,-619.67004
33401,-622.3119
33402,-574.11395
33403,-496.56433
33404,-414.51385
33405,-347.5545
33406,-308.40668
33407,-298.7086
33408,-308.3595
33409,-325.81784
33410,-339.1272
33411,-336.70572
33412,-314.07404
33413,-277.62793
33414,-235.74628
33415,-195.5905
33416,-162.67351
33417,-141.05269
33418,-134.16423
33419,-146.30434
33420,-184.75163
33421,-207.59052
33422,-173.19283
33423,-193.72693
33424,-259.8153
33425,-374.73395
33426,-523.93195
33427,-2.530904
33428,-9.331123
33429,-14.2350235
33430,-11.311164
33431,-9.814776
33432,-5.011602
33433,-3.5257826
33434,-627.0374
33435,-512.17334
33436,-457.74387
33437,-475.42154
33438,-541.07086
33439,-631.23944
33440,2.2602384
33441,0.6734058
33442,1.3798978
33443,3.6572864
33444,-636.45685
33445,-566.22815
33446,-510.83463
33447,-476.22995
33448,-458.24518
33449,-451.56442
33450,-451.48987
33451,-453.81738
33452,-456.0788
33453,-458.36185
33454,-461.31046
33455,-465.5699
33456,-471.72446
33457,-479.9296
33458,-489.6748
33459,-500.28952
33460,-511.08008
33461,-521.32355
33462,-530.2661
33463,-537.12494
33464,-541.10803
33465,-541.4293
33466,-537.3325
33467,-528.11456
33468,-513.15765
33469,-491.96274
33470,-464.1922
33471,-431.79315
33472,-405.18716
33473,-395.4132
33474,-398.8711
33475,-412.66443
33476,-434.10306
33477,-460.43515
33478,-488.6744
33479,-515.527
33480,-537.4134
33481,-551.14087
33482,-556.892
33483,-560.0376
33484,-567.1803
33485,-585.12354
33486,-620.18396
33487,4.274293
33488,1.7244344
33489,-0.46250588
33490,-1.7516273
33491,-1.6916307
33492,-0.30317834
33493,1.7498591
33494,3.764193
33495,5.065495
33496,-664.3255
33497,3.697959
33498,1.6053565
33499,-0.50281054
33500,-1.9426128
33501,-2.1184523
33502,-0.94624114
33503,0.95932806
33504,2.9398475
33505,4.368229
33506,4.69386
33507,3.8115242
33508,2.2345119
33509,0.52616477
33510,-0.7712074
33511,-1.16791
33512,-0.48239005
33513,1.044704
33514,3.1451156
33515,-661.3548
33516,-603.0391
33517,-549.92474
33518,-506.8987
33519,-478.17496
33520,-467.7874
33521,-464.96878
33522,-459.92734
33523,-484.84094
33524,-533.21906
33525,-599.28345
33526,3.9597623
33527,0.75476354
33528,-1.9325364
33529,-3.7209015
33530,-4.2320285
33531,-3.1531157
33532,-0.5366101
33533,3.0691912
33534,-631.9219
33535,-543.3722
33536,-472.44226
33537,-423.88736
33538,-397.03665
33539,-391.1361
33540,-406.76978
33541,-445.48886
33542,-506.74445
33543,-584.61505
33544,4.1504827
33545,0.9056377
33546,-1.4488041
33547,-2.731944
33548,-3.115353
33549,-2.7954166
33550,-1.952558
33551,-0.7624379
33552,0.6139675
33553,2.0342448
33554,3.358499
33555,4.446825
33556,-664.0014
33557,-653.0341
33558,-645.9833
33559,-637.676
33560,-623.0096
33561,-597.6255
33562,-560.5277
33563,-515.2932
33564,-466.27307
33565,-417.4227
33566,-372.16373
33567,-333.3349
33568,-303.27533
33569,-284.04547
33570,-277.7746
33571,-301.0475
33572,-359.1123
33573,-395.27286
33574,-408.86227
33575,-400.7869
33576,-373.5421
33577,-330.75278
33578,-276.75415
33579,-216.21866
33580,-153.83142
33581,-94.169945
33582,-46.954323
33583,-6.205057
33584,26.661036
33585,42.86381
33586,50.52188
33587,53.46763
33588,54.541557
33589,54.966335
33590,54.978077
33591,53.924526
33592,50.23698
33593,42.712257
33594,31.743832
33595,19.611355
33596,9.829758
33597,4.553834
33598,2.4589932
33599,0.91275066
33600,-2.989026
33601,-12.330095
33602,-29.314184
33603,-53.66883
33604,-83.58785
33605,-115.73256
33606,-145.44202
33607,-168.8019
33608,-184.65878
33609,-193.00175
33610,-194.28517
33611,-189.27942
33612,-178.83292
33613,-163.72748
33614,-144.816
33615,-123.03133
33616,-99.34882
33617,-74.752945
33618,-50.20793
33619,-26.633327
33620,-4.882297
33621,-16.14533
33622,-106.80678
33623,-161.0105
33624,-180.0104
33625,-162.96597
33626,-122.87881
33627,-74.63852
33628,-30.434053
33629,2.5781481
33630,22.417517
33631,30.53665
33632,29.203962
33633,19.3242
33634,-0.27962795
33635,-30.928562
33636,-72.34134
33637,-122.13429
33638,-176.25018
33639,-228.86217
33640,-272.73407
33641,-300.55417
33642,-308.61063
33643,-299.182
33644,-276.69653
33645,-245.99013
33646,-211.6315
33647,-177.19516
33648,-145.01077
33649,-116.73433
33650,-93.52246
33651,-76.14713
33652,-65.22214
33653,-61.49819
33654,-66.19116
33655,-81.46039
33656,-110.60632
33657,-156.24976
33658,-217.37953
33659,-289.92654
33660,-366.6224
33661,-437.6446
33662,1.2486048
33663,-0.4379453
33664,-1.36396
33665,-16.690296
33666,-1.5680931
33667,-1.136202
33668,-0.52178603
33669,0.15725817
33670,0.78898454
33671,3.5090458
33672,-415.86008
33673,-387.03116
33674,-394.17395
33675,-428.83722
33676,1.8520328
33677,-1.7617772
33678,-5.184971
33679,-7.798189
33680,-8.971965
33681,-8.262507
33682,-5.9638004
33683,-3.0517414
33684,-0.124418885
33685,2.433583
33686,4.2943726
33687,5.336287
33688,-437.9102
33689,-437.63934
33690,4.4584584
33691,2.9451811
33692,-14.114033
33693,-1.6669618
33694,-4.6600084
33695,-8.039734
33696,-11.7202015
33697,-15.412135
33698,-18.524382
33699,-20.446423
33700,-20.620413
33701,-18.776707
33702,-15.559202
33703,-12.252749
33704,-9.438505
33705,-7.412499
33706,-6.4392595
33707,-6.4734135
33708,-7.087157
33709,-8.020273
33710,-9.030439
33711,-9.865887
33712,-10.409469
33713,-10.72168
33714,-10.818117
33715,-10.692224
33716,-10.338595
33717,-9.752795
33718,-8.931125
33719,-7.8702893
33720,-6.5670195
33721,-2.3299823
33722,-1.0182145
33723,4.2853904
33724,2.963695
33725,0.020655677
33726,-4.263376
33727,-9.463201
33728,-15.035715
33729,-20.302599
33730,-24.428104
33731,-26.579748
33732,-26.710514
33733,-25.855232
33734,-39.782295
33735,-23.971422
33736,-38.70959
33737,-23.87375
33738,-23.996452
33739,-23.869947
33740,-23.371853
33741,-22.405336
33742,-20.979181
33743,-19.194174
33744,-17.083237
33745,-14.65105
33746,-11.937044
33747,-9.180721
33748,-6.7784786
33749,-4.9811573
33750,-4.052825
33751,-4.2656817
33752,-5.5986557
33753,-7.6222506
33754,-9.959473
33755,-27.21775
33756,-14.001583
33757,-15.165
33758,-15.903103
33759,-16.342783
33760,-16.565878
33761,-16.65428
33762,-16.714632
33763,-31.881214
33764,-17.270258
33765,-17.994625
33766,-19.176655
33767,-20.95623
33768,-23.50292
33769,-27.037922
33770,-29.11345
33771,-26.816334
33772,-25.697102
33773,-24.12258
33774,-22.15389
33775,-22.084063
33776,-22.5172
33777,-23.568792
33778,-25.379538
33779,-42.323753
33780,-42.334618
33781,-26.0
33782,-26.0
33783,-41.0
33784,-26.0
33785,-26.0
33786,-26.0
33787,-26.0
33788,-26.0
33789,-41.0
33790,-41.0
33791,-26.0
33792,-41.0
33793,-26.0
33794,-26.0
33795,-26.0
33796,-26.0
33797,-26.0
33798,-26.0
33799,-26.0
33800,-26.0
33801,-26.0
33802,-41.0
33803,-26.0
33804,-26.0
33805,-41.0
33806,-26.0
33807,-26.0
33808,-26.0
33809,-26.0
33810,-41.0
33811,-26.0
33812,-26.0
33813,-26.0
33814,-26.0
33815,-41.0
33816,-26.0
33817,-26.0
33818,-26.0
33819,-26.0
33820,-26.0
33821,-41.0
33822,-26.0
33823,-26.0
33824,-26.0
33825,-26.0
33826,-26.0
33827,-26.0
33828,-26.0
33829,-26.0
33830,-26.0
33831,-26.0
33832,-26.0
33833,-26.0
33834,-26.0
33835,-26.0
33836,-26.0
33837,-26.0
33838,-26.0
33839,-26.0
33840,-41.0
33841,-41.0
33842,-26.0
33843,-26.0
33844,-26.0
33845,-26.0
33846,-26.0
33847,-26.0
33848,-26.0
33849,-26.0
33850,-26.0
33851,-26.0
33852,-26.0
33853,-26.0
33854,-26.0
33855,-26.0
33856,-26.0
33857,-26.0
33858,-26.0
33859,-26.0
33860,-26.0
33861,-26.0
33862,-26.0
33863,-26.0
33864,-26.0
33865,-26.0
33866,-26.0
33867,-26.0
33868,-26.0
33869,-26.0
33870,-22.34235
33871,-21.166336
33872,-30.53135
33873,-26.0
33874,-26.0
33875,-26.0
33876,-26.0
33877,-26.0
33878,-26.0
33879,-26.0
33880,-41.0
33881,-41.0
33882,-26.0
33883,-41.0
33884,-26.0
33885,-26.0
33886,-26.0
33887,-26.0
33888,-26.0
33889,-26.0
33890,-26.0
33891,-26.0
33892,-26.0
33893,-26.0
33894,-26.0
33895,-26.0
33896,-26.0
33897,-26.0
33898,-26.0
33899,-26.0
33900,-41.0
33901,-26.0
33902,-26.0
33903,-26.0
33904,-26.0
33905,-26.0
33906,-26.0
33907,-26.0
33908,-26.0
33909,-26.0
33910,-26.0
33911,-26.0
33912,-26.0
33913,-26.0
33914,-26.0
33915,-41.0
33916,-26.0
33917,-26.0
33918,-41.0
33919,-26.0
33920,-26.0
33921,-26.0
33922,43.467182
33923,48.580463
33924,26.158192
33925,-12.705856
33926,-75.74902
33927,-155.47713
33928,-233.74112
33929,-280.1044
33930,-281.07022
33931,-229.3921
33932,-155.38713
33933,-77.026405
33934,-17.535027
33935,17.82211
33936,39.802658
33937,47.1403
33938,50.069004
33939,51.071297
33940,51.27677
33941,51.159496
33942,50.80213
33943,50.208984
33944,49.378265
33945,48.311584
33946,47.04239
33947,45.664047
33948,44.31463
33949,43.166367
33950,42.408123
33951,42.200012
33952,42.63321
33953,43.741013
33954,45.488605
33955,47.743233
33956,50.223625
33957,52.525417
33958,54.247814
33959,55.04606
33960,54.66143
33961,53.008553
33962,50.369392
33963,47.43459
33964,45.155647
33965,44.49164
33966,46.051514
33967,49.632446
33968,53.65477
33969,54.494263
33970,51.377037
33971,53.10612
33972,53.725647
33973,53.891186
33974,53.78603
33975,53.48752
33976,53.05929
33977,52.604107
33978,52.277176
33979,52.259983
33980,52.66212
33981,53.310535
33982,53.80824
33983,53.901318
33984,53.294884
33985,51.0838
33986,45.47761
33987,34.79718
33988,18.516687
33989,-2.0816827
33990,-23.989038
33991,-44.45327
33992,-63.314854
33993,-81.802284
33994,-101.85226
33995,-125.725525
33996,-154.27689
33997,-185.24457
33998,-214.88031
33999,-238.62936
34000,-251.96277
34001,-253.34154
34002,-246.01999
34003,-234.44608
34004,-222.92078
34005,-215.11702
34006,-212.5845
34007,-214.03348
34008,-217.64258
34009,-221.59465
34010,-224.19836
34011,-224.7554
34012,-224.09987
34013,-223.39996
34014,-223.81653
34015,-226.51872
34016,-232.71924
34017,-243.73299
34018,-261.06143
34019,-286.5011
34020,-332.67007
34021,-404.90558
34022,-462.42474
34023,-505.68326
34024,-536.2666
34025,-556.74426
34026,-570.27747
34027,-580.35455
34028,-590.6395
34029,-604.9284
34030,-626.66437
34031,-656.2328
34032,3.768916
34033,2.5832345
34034,1.8452481
34035,1.757979
34036,2.2311406
34037,2.7720752
34038,2.8600001
34039,1.9889935
34040,-0.27273336
34041,-3.9058836
34042,-8.259336
34043,-12.630895
34044,-16.349775
34045,-18.831902
34046,-19.927797
34047,-20.073421
34048,-19.732634
34049,-19.334753
34050,-19.263805
34051,-19.68559
34052,-20.47201
34053,-21.474571
34054,-22.55581
34055,-23.584328
34056,-24.462366
34057,-25.138128
34058,-25.565252
34059,-25.698088
34060,-25.502834
34061,-25.00353
34062,-24.30487
34063,-23.533405
34064,-22.8344
34065,-22.349833
34066,-22.212862
34067,-22.54518
34068,-23.456408
34069,-25.044752
34070,-26.280254
34071,-25.831041
34072,-25.324358
34073,-24.639048
34074,-23.873272
34075,-23.129366
34076,-22.514378
34077,-22.139793
34078,-22.121233
34079,-22.577755
34080,-23.614944
34081,-25.244482
34082,-27.347778
34083,-29.799623
34084,-32.481094
34085,-35.26454
34086,-37.968315
34087,-40.33684
34088,-42.11104
34089,-43.035778
34090,-42.908882
34091,-41.832924
34092,-40.32388
34093,-38.916435
34094,-38.125706
34095,-38.400658
34096,-39.80392
34097,-41.870113
34098,-44.105865
34099,-46.04066
34100,-47.24467
34101,-47.52538
34102,-47.012844
34103,-45.852776
34104,-44.176212
34105,-42.121986
34106,-39.874336
34107,-37.677383
34108,-35.772873
34109,-34.393803
34110,-33.739742
34111,-33.838356
34112,-34.48535
34113,-35.46411
34114,-36.567146
34115,-37.584183
34116,-38.302834
34117,-38.510902
34118,-37.99861
34119,-36.559994
34120,-36.603813
34121,-40.21884
34122,-41.89998
34123,-42.683327
34124,-42.688976
34125,-42.039192
34126,-40.858173
34127,-39.2717
34128,-37.406784
34129,-35.391315
34130,-33.333324
34131,-31.222258
34132,-28.885973
34133,-26.144575
34134,-22.82573
34135,-18.80952
34136,-14.278427
34137,-9.824177
34138,-6.0570664
34139,-3.568646
34140,-2.8502321
34141,-3.7961144
34142,-5.4711165
34143,-6.8753138
34144,-7.0381026
34145,-5.1183085
34146,-1.0133808
34147,-0.6206959
34148,-574.3837
34149,-461.9037
34150,-378.17395
34151,-333.83905
34152,-313.8329
34153,-308.51974
34154,-309.75146
34155,-310.28058
34156,-306.20987
34157,-298.67688
34158,-289.87326
34159,-281.89172
34160,-276.53036
34161,-274.35422
34162,-274.18103
34163,-274.4749
34164,-273.70557
34165,-270.35214
34166,-262.9451
34167,-250.1431
34168,-230.84293
34169,-204.33049
34170,-229.47964
34171,-372.01633
34172,-456.4083
34173,-490.97015
34174,-475.9276
34175,-424.01
34176,-350.7853
34177,-271.18378
34178,-197.21393
34179,-136.8828
34180,-93.85175
34181,-66.84584
34182,-51.22433
34183,-43.193665
34184,-40.0947
34185,-40.0547
34186,-42.683617
34187,-49.642517
34188,-63.440903
34189,-87.50107
34190,-126.219124
34191,-181.98878
34192,-250.54655
34193,-322.19772
34194,-382.81192
34195,-416.7896
34196,-416.64355
34197,-389.193
34198,-345.58173
34199,-296.647
34200,-251.24103
34201,-214.39047
34202,-187.31154
34203,-170.48521
34204,-164.62422
34205,-170.55676
34206,-187.09285
34207,-208.97533
34208,-229.18188
34209,-239.66736
34210,-232.99355
34211,-207.73543
34212,-170.86086
34213,-130.51451
34214,-93.23429
34215,-63.46031
34216,-43.755154
34217,-35.74979
34218,-41.812263
34219,-67.435005
34220,-85.67818
34221,-52.51064
34222,-21.860418
34223,4.6630135
34224,25.667131
34225,40.609993
34226,49.765213
34227,54.104397
34228,55.09901
34229,54.441364
34230,53.675056
34231,53.70903
34232,54.460308
34233,54.93366
34234,53.38207
34235,47.52535
34236,35.598225
34237,18.71151
34238,1.5994364
34239,-8.545746
34240,-5.325425
34241,10.677072
34242,30.737055
34243,46.485584
34244,54.104645
34245,54.94278
34246,53.113472
34247,51.380054
34248,50.400734
34249,49.83305
34250,49.032932
34251,47.509365
34252,45.184544
34253,42.156906
34254,38.666405
34255,35.084217
34256,31.671675
34257,28.324152
34258,24.77501
34259,20.676397
34260,15.639115
34261,9.4856
34262,2.509054
34263,-4.765484
34264,-11.666267
34265,-17.399744
34266,-21.106031
34267,-21.944353
34268,-19.206627
34269,-12.460529
34270,-7.8016777
34271,-11.085922
34272,-10.409793
34273,-6.7216725
34274,-1.0263404
34275,5.6690507
34276,12.46884
34277,18.653725
34278,23.696804
34279,27.229061
34280,29.01664
34281,29.132034
34282,28.054094
34283,26.326591
34284,24.570742
34285,23.541924
34286,23.944363
34287,26.206846
34288,30.545591
34289,36.821003
34290,44.257233
34291,51.12888
34292,54.80376
34293,52.23055
34294,40.45834
34295,12.17029
34296,-24.153458
34297,-74.60822
34298,-139.88036
34299,-220.26643
34300,-315.80222
34301,-426.35504
34302,-552.1123
34303,-2.1404805
34304,-8.771362
34305,-15.862245
34306,-23.333323
34307,-30.917656
34308,-38.335304
34309,-45.31954
34310,-51.64842
34311,-57.32908
34312,-62.66726
34313,-67.950806
34314,-73.43103
34315,-79.353355
34316,-85.96877
34317,-93.540634
34318,-102.34699
34319,-112.680824
34320,-121.729
34321,-126.85554
34322,-134.20699
34323,-142.39508
34324,-151.14102
34325,-160.16678
34326,-169.19527
34327,-177.9509
34328,-186.15964
34329,-193.54904
34330,-199.89272
34331,-205.22552
34332,-204.93484
34333,-209.42148
34334,-214.06895
34335,-224.20491
34336,-229.83302
34337,-235.51833
34338,-240.80942
34339,-240.27744
34340,-243.55453
34341,-245.61858
34342,-246.93863
34343,-248.10707
34344,-249.76031
34345,-252.37016
34346,-256.0902
34347,-260.7075
34348,-270.9909
34349,-276.71066
34350,-282.6348
34351,-288.6721
34352,-294.94308
34353,-301.57266
34354,-308.67856
34355,-316.35696
34356,-324.54007
34357,-332.93417
34358,-341.24326
34359,-349.19138
34360,-356.52374
34361,-363.0663
34362,-368.75204
34363,-368.52444
34364,-372.32758
34365,-375.10925
34366,-376.8205
34367,-377.41492
34368,-376.84827
34369,-375.07803
34370,-373.464
34371,-373.75467
34372,-374.0133
34373,-374.46408
34374,-375.06683
34375,-375.78116
34376,-376.56567
34377,-377.37793
34378,-378.17514
34379,-378.9153
34380,-379.56796
34381,-380.16434
34382,-380.82007
34383,-381.6583
34384,-382.80157
34385,-384.34952
34386,-386.25507
34387,-388.26718
34388,-390.11688
34389,-391.53427
34390,-392.2802
34391,-392.35022
34392,-392.0667
34393,-391.7682
34394,-391.77765
34395,-392.37872
34396,-393.62265
34397,-395.243
34398,-396.9576
34399,-398.501
34400,-399.62216
34401,-400.13797
34402,-399.95758
34403,-398.99716
34404,-397.1712
34405,-394.4355
34406,-390.98212
34407,-387.32617
34408,-384.00333
34409,-381.53616
34410,-380.37814
34411,-380.5803
34412,-381.64246
34413,-383.03302
34414,-384.24448
34415,-384.76913
34416,-384.09924
34417,-381.7261
34418,-377.14005
34419,-374.82965
34420,-368.5587
34421,-363.19348
34422,-362.43585
34423,-362.077
34424,-362.0108
34425,-362.13083
34426,-362.3308
34427,-362.50427
34428,-362.5445
34429,-362.3434
34430,-361.79675
34431,-360.83685
34432,-359.44864
34433,-357.61945
34434,-355.33456
34435,-352.5901
34436,-349.44012
34437,-346.01837
34438,-342.4631
34439,-338.90857
34440,-335.48734
34441,-332.3279
34442,-329.55417
34443,-327.2908
34444,-325.66382
34445,-324.76102
34446,-324.44016
34447,-324.24445
34448,-323.701
34449,-322.35098
34450,-319.78235
34451,-315.85382
34452,-310.79462
34453,-309.85458
34454,-303.26813
34455,-296.2741
34456,-289.13135
34457,-282.12546
34458,-275.54346
34459,-269.67035
34460,-264.74957
34461,-255.78874
34462,-252.47475
34463,-249.47826
34464,-246.48216
34465,-243.1668
34466,-239.21121
34467,-234.29419
34468,-233.09515
34469,-225.29448
34470,-219.3149
34471,-213.20251
34472,-209.2638
34473,-204.13536
34474,-203.09705
34475,-196.43004
34476,-189.41646
34477,-182.33904
34478,-175.48094
34479,-169.1254
34480,-163.5337
34481,-153.84023
34482,-150.01411
34483,-147.02808
34484,-144.85791
34485,-143.43752
34486,-142.49484
34487,-141.48172
34488,-139.83774
34489,-137.01451
34490,-132.55016
34491,-131.49161
34492,-124.57495
34493,-117.56205
34494,-111.18083
34495,-106.069725
34496,-97.354706
34497,-94.46908
34498,-91.819496
34499,-88.84556
34500,-85.07784
34501,-80.575874
34502,-76.11495
34503,-72.497215
34504,-70.49035
34505,-70.73594
34506,-73.13873
34507,-76.60047
34508,-79.977615
34509,-82.17247
34510,-82.20292
34511,-79.75501
34512,-75.4187
34513,-74.81949
34514,-68.5389
34515,-62.156845
34516,-56.251637
34517,-51.40027
34518,-43.17966
34519,-42.168846
34520,-42.45188
34521,-41.896423
34522,-41.401886
34523,-40.857872
34524,-40.24574
34525,-39.546196
34526,-38.739254
34527,-37.804573
34528,-36.7218
34529,-35.470795
34530,-34.039074
34531,-32.457443
34532,-30.815416
34533,-29.205698
34534,-27.718765
34535,-26.452679
34536,-25.548302
34537,-25.203878
34538,-25.619255
34539,-26.990873
34540,-29.465729
34541,-32.90556
34542,-36.78125
34543,-40.54108
34544,-43.651768
34545,-45.641834
34546,-46.385845
34547,-46.22758
34548,-45.53436
34549,-44.652695
34550,-43.881268
34551,-43.238117
34552,-42.359123
34553,-40.86292
34554,-38.386597
34555,-34.6383
34556,-29.731197
34557,-29.325705
34558,-24.105013
34559,-14.72467
34560,-11.770006
34561,-10.424205
34562,-10.320656
34563,-11.059202
34564,-12.259808
34565,-13.539559
34566,-14.513839
34567,-14.797414
34568,-14.005888
34569,-11.75693
34570,-12.096251
34571,-17.707209
34572,-17.89623
34573,-15.277446
34574,-10.634966
34575,-9.739575
34576,-3.3517606
34577,-630.2237
34578,-511.73434
34579,-431.2594
34580,-404.05316
34581,-421.73166
34582,-467.89813
34583,-522.1536
34584,-560.36566
34585,-558.5153
34586,-510.86273
34587,-438.6874
34588,-366.22296
34589,-312.18765
34590,-288.8147
34591,-296.8654
34592,-322.7739
34593,-349.1958
34594,-356.73166
34595,-328.48587
34596,-266.04526
34597,-193.40375
34598,-132.44582
34599,-95.96985
34600,-90.506004
34601,-117.99488
34602,-173.99715
34603,-254.87167
34604,-329.0036
34605,-387.94638
34606,-411.9639
34607,-408.02713
34608,-390.16635
34609,-372.54953
34610,-367.2719
34611,-379.40253
34612,-404.36633
34613,-435.3307
34614,-464.7237
34615,-484.1053
34616,-484.6822
34617,-458.4327
34618,-399.84833
34619,-313.27798
34620,-258.1431
34621,-315.54263
34622,-344.8961
34623,-349.06876
34624,-332.60425
34625,-301.54013
34626,-262.257
34627,-220.64583
34628,-181.59216
34629,-148.77719
34630,-124.549675
34631,-109.23675
34632,-101.242775
34633,-99.04723
34634,-101.51818
34635,-107.907555
34636,-118.598015
34637,-135.74936
34638,-162.46939
34639,-202.9033
34640,-261.96072
34641,-340.9957
34642,-432.03888
34643,-520.4909
34644,-587.0759
34645,-612.2671
34646,-589.6108
34647,-533.0221
34648,-461.0372
34649,-390.02933
34650,-331.74597
34651,-289.13513
34652,-256.28952
34653,-226.75798
34654,-195.22821
34655,-158.12685
34656,-116.26929
34657,-74.969055
34658,-38.908638
34659,-10.771705
34660,8.772373
34661,21.093004
34662,28.654284
34663,33.314816
34664,36.301865
34665,38.47436
34666,40.47933
34667,42.809177
34668,45.763824
34669,49.31906
34670,53.055153
34671,54.858047
34672,54.787872
34673,53.60085
34674,49.293766
34675,39.74564
34676,24.380688
34677,5.01885
34678,-14.085968
34679,-27.024052
34680,-28.192566
34681,-16.237612
34682,4.188936
34683,26.532894
34684,44.712654
34685,49.333862
34686,48.38601
34687,42.278923
34688,23.566355
34689,1.557433
34690,-18.528402
34691,-32.627495
34692,-39.683456
34693,-40.3979
34694,-36.28061
34695,-29.153402
34696,-20.744967
34697,-12.469767
34698,-5.4546647
34699,-0.5890749
34700,1.4919419
34701,0.8870153
34702,-1.2489623
34703,-3.500334
34704,-4.355022
34705,-2.4830306
34706,2.1192727
34707,7.6824393
34708,12.349668
34709,14.60275
34710,13.129254
34711,7.089231
34712,-3.5250633
34713,-18.514658
34714,-37.378086
34715,-59.05588
34716,-81.81199
34717,-103.251274
34718,-120.47249
34719,-130.35973
34720,-141.41072
34721,-166.4652
34722,-186.97292
34723,-203.15253
34724,-215.23607
34725,-223.65315
34726,-228.97534
34727,-231.87051
34728,-233.06636
34729,-233.32065
34730,-233.25522
34731,-232.61147
34732,-229.8276
34733,-223.12146
34734,-210.86626
34735,-192.07558
34736,-168.10114
34737,-143.05328
34738,-120.87058
34739,-104.63928
34740,-96.5027
34741,-96.213615
34742,-100.28955
34743,-104.57312
34744,-104.74274
34745,-97.112015
34746,-81.8323
34747,-63.968784
34748,-48.608772
34749,-39.62559
34750,-39.919033
34751,-50.190464
34752,-67.45178
34753,-87.037735
34754,-102.73888
34755,-107.893364
34756,-100.21043
34757,-84.44905
34758,-66.58502
34759,-51.549225
34760,-42.80786
34761,-41.4851
34762,-46.310204
34763,-55.88542
34764,-68.8808
34765,-83.715576
34766,-98.3999
34767,-110.53375
34768,-117.46151
34769,-116.5733
34770,-91.76048
34771,-43.281322
34772,-13.781344
34773,3.94156
34774,14.132961
34775,19.507286
34776,21.797085
34777,22.185879
34778,21.621532
34779,21.007214
34780,21.192842
34781,22.55885
34782,24.764925
34783,27.331923
34784,29.833961
34785,31.925886
34786,33.389633
34787,34.129086
34788,34.051888
34789,33.019825
34790,30.908525
34791,28.089293
34792,25.910727
34793,26.102837
34794,30.157318
34795,38.20671
34796,47.364353
34797,53.35287
34798,54.90509
34799,54.204697
34800,54.345608
34801,55.072346
34802,52.601562
34803,44.875668
34804,34.536957
34805,27.911394
34806,29.103352
34807,35.666897
34808,43.264915
34809,48.905804
34810,51.775723
34811,52.57905
34812,51.997887
34813,49.83591
34814,45.295536
34815,37.369823
34816,25.160189
34817,8.120035
34818,-13.771659
34819,-39.90567
34820,-50.838356
34821,-33.049282
34822,-32.281372
34823,-44.24277
34824,-67.54868
34825,-101.08912
34826,-142.64044
34827,-188.07579
34828,-231.18002
34829,-264.07187
34830,-279.0271
34831,-273.95407
34832,-255.35022
34833,-231.52473
34834,-209.98357
34835,-196.65572
34836,-193.77786
34837,-199.11264
34838,-209.78099
34839,-222.90729
34840,-235.4857
34841,-244.91858
34842,-249.50368
34843,-247.79355
34844,-238.51321
34845,-221.16911
34846,-198.25479
34847,-175.8239
34848,-159.71573
34849,-155.03285
34850,-166.57712
34851,-196.76855
34852,-243.0637
34853,-300.6814
34854,-362.54926
34855,-419.4823
34856,3.080402
34857,1.938502
34858,1.5960026
34859,1.9743872
34860,2.9761546
34861,4.3956223
34862,-439.70447
34863,-412.53152
34864,-392.45206
34865,-384.46246
34866,-393.7381
34867,-426.5396
34868,1.2870648
34869,-4.9778905
34870,-6.4657264
34871,2.0525725
34872,2.8512774
34873,2.6776724
34874,1.6723781
34875,0.13055599
34876,-16.568085
34877,-2.9942403
34878,-3.699947
34879,-3.2597597
34880,-1.4077917
34881,1.5567068
34882,4.8319635
34883,-415.91516
34884,-363.66486
34885,-330.76617
34886,-318.6794
34887,-321.93378
34888,-334.44092
34889,-350.2565
34890,-363.38455
34891,-369.46625
34892,-367.1175
34893,-355.79663
34894,-335.25787
34895,-306.2566
34896,-273.40305
34897,-245.79037
34898,-232.07487
34899,-240.62817
34900,-281.00537
34901,-359.7253
34902,-3.756796
34903,-10.939076
34904,-32.33411
34905,-16.616352
34906,-18.231207
34907,-17.979382
34908,-16.65074
34909,-14.818204
34910,-12.878801
34911,-11.007618
34912,-9.2333555
34913,-7.641448
34914,-6.344314
34915,-5.4668746
34916,-5.1502104
34917,-5.5546236
34918,-6.86477
34919,-9.30064
34920,-11.931736
34921,-13.184915
34922,-14.5319805
34923,-15.724367
34924,-16.789207
34925,-17.75358
34926,-18.644405
34927,-19.488464
34928,-20.312428
34929,-21.143003
34930,-21.992165
34931,-22.787981
34932,-23.365187
34933,-23.602417
34934,-23.403566
34935,-22.704681
34936,-21.550411
34937,-20.080032
34938,-18.363632
34939,-16.43816
34940,-14.284078
34941,-11.6478405
34942,-8.100832
34943,-3.4247663
34944,-2.4696064
34945,-426.90228
34946,-269.76437
34947,-137.17044
34948,-44.399384
34949,8.168798
34950,35.926453
34951,42.409428
34952,41.173042
34953,34.763416
34954,24.745762
34955,14.556247
34956,7.7053223
34957,4.555
34958,4.0355964
34959,4.742415
34960,5.2470036
34961,4.342543
34962,1.058888
34963,-5.744081
34964,-17.671574
34965,-37.091717
34966,-67.504944
34967,-113.98557
34968,-188.70354
34969,-291.5381
34970,-329.00168
34971,-223.31352
34972,-165.61314
34973,-147.8093
34974,-155.48732
34975,-184.12213
34976,-231.11115
34977,-293.4986
34978,-366.42514
34979,-442.32663
34980,0.18055789
34981,-2.1856396
34982,-3.8208454
34983,-4.993272
34984,-5.9280148
34985,-6.803359
34986,-7.592961
34987,-8.02843
34988,-7.8981338
34989,-7.0371766
34990,-5.3697233
34991,-3.167535
34992,-1.0204028
34993,0.6676281
34994,1.5381821
34995,-13.743767
34996,-0.1565529
34997,-2.1749182
34998,-4.301288
34999,-6.0319424
35000,-6.9250956
35001,-7.048852
35002,-7.084277
35003,-7.558768
35004,-8.920377
35005,-11.555988
35006,-15.297088
35007,-19.144869
35008,-22.090305
35009,-23.102688
35010,-21.447187
35011,-17.733204
35012,-13.640932
35013,-9.892522
35014,-6.717218
35015,-4.3325467
35016,-3.0819957
35017,-3.4696214
35018,-6.1834497
35019,-12.199286
35020,-16.252092
35021,-12.129254
35022,-13.199507
35023,-14.4792595
35024,-15.708599
35025,-16.58954
35026,-16.813425
35027,-16.095861
35028,-14.216482
35029,-11.046898
35030,-6.658298
35031,-1.6906066
35032,2.9080062
35033,6.6616554
35034,-393.7708
35035,-370.24927
35036,-389.21616
35037,-443.48267
35038,-0.7128364
35039,-5.753708
35040,-25.40153
35041,-14.073552
35042,-31.599016
35043,-17.81645
35044,-17.59404
35045,-15.990757
35046,-13.619326
35047,-11.485277
35048,-10.151657
35049,-10.06208
35050,-11.655681
35051,-29.85551
35052,-18.815088
35053,-22.765717
35054,-25.840906
35055,-27.159555
35056,-26.64429
35057,-25.268568
35058,-23.660946
35059,-22.164183
35060,-20.977236
35061,-35.078716
35062,-19.29698
35063,-18.60342
35064,-18.014133
35065,-17.546537
35066,-17.218742
35067,-17.049423
35068,-17.05789
35069,-17.264265
35070,-17.687616
35071,-18.399227
35072,-19.459164
35073,-20.726519
35074,-37.160725
35075,-23.716877
35076,-25.34647
35077,-41.998093
35078,-27.649612
35079,-26.47255
35080,-26.0
35081,-26.0
35082,-26.0
35083,-26.0
35084,-26.0
35085,-26.0
35086,-26.0
35087,-26.0
35088,-26.0
35089,-26.0
35090,-41.0
35091,-26.0
35092,-26.0
35093,-26.0
35094,-26.0
35095,-26.0
35096,-26.0
35097,-26.0
35098,-26.0
35099,-26.0
35100,-26.0
35101,-41.0
35102,-41.0
35103,-26.0
35104,-26.0
35105,-26.0
35106,-41.0
35107,-26.0
35108,-26.0
35109,-26.0
35110,-26.0
35111,-41.0
35112,-26.0
35113,-26.0
35114,-26.0
35115,-26.0
35116,-26.0
35117,-26.0
35118,-26.0
35119,-26.0
35120,-41.0
35121,-26.0
35122,-26.0
35123,-26.0
35124,-26.0
35125,-26.0
35126,-26.0
35127,-26.0
35128,-26.0
35129,-26.0
35130,-26.0
35131,-26.0
35132,-26.0
35133,-26.0
35134,-26.0
35135,-26.0
35136,-26.0
35137,-26.0
35138,-26.0
35139,-26.0
35140,-26.0
35141,-26.0
35142,-26.0
35143,-26.0
35144,-26.0
35145,-26.0
35146,-26.0
35147,-26.0
35148,-26.0
35149,-26.0
35150,-26.0
35151,-26.0
35152,-26.0
35153,-26.0
35154,-26.0
35155,-26.0
35156,-26.0
35157,-26.0
35158,-26.0
35159,-26.0
35160,-26.0
35161,-26.0
35162,-26.0
35163,-26.0
35164,-26.0
35165,-41.0
35166,-26.0
35167,-26.0
35168,-26.0
35169,-26.0
35170,-26.0
35171,-26.0
35172,-26.0
35173,-26.0
35174,-26.0
35175,-26.0
35176,-26.0
35177,-26.0
35178,-26.0
35179,-26.0
35180,-26.0
35181,-26.0
35182,-26.0
35183,-26.0
35184,-25.781988
35185,-25.705347
35186,-26.28115
35187,-26.0
35188,-26.0
35189,-26.0
35190,-26.0
35191,-26.0
35192,-26.0
35193,-26.0
35194,-26.0
35195,-26.0
35196,-26.0
35197,-26.0
35198,-26.0
35199,-41.0
35200,-26.0
35201,-26.0
35202,-26.0
35203,-26.0
35204,-26.0
35205,-26.0
35206,-26.0
35207,-41.0
35208,-26.0
35209,-26.0
35210,-41.0
35211,-26.0
35212,-26.0
35213,-26.0
35214,-26.0
35215,-26.0
35216,-26.0
35217,-41.0
35218,-26.0
35219,-26.0
35220,-26.0
35221,-26.0
35222,-26.0
35223,-41.0
35224,-26.0
35225,-41.0
35226,-26.0
35227,-26.0
35228,-26.0
35229,-26.0
35230,-26.0
35231,-26.0
35232,-26.0
35233,-26.0
35234,-26.0
35235,-26.0
35236,-26.0
35237,-26.0
35238,-26.0
35239,-24.062832
35240,-19.12588
35241,-16.507156
35242,-15.700666
35243,-15.688013
35244,-16.750324
35245,-19.15287
35246,-22.766415
35247,-26.887074
35248,-44.216454
35249,-27.408371
35250,-26.0
35251,-26.0
35252,-26.0
35253,-41.0
35254,-26.0
35255,-26.0
35256,-26.0
35257,-41.0
35258,-26.0
35259,-26.0
35260,-26.0
35261,-26.0
35262,-26.0
35263,-26.0
35264,-26.0
35265,-26.0
35266,-41.0
35267,-26.0
35268,-26.0
35269,-26.0
35270,-26.0
35271,-26.0
35272,-26.0
35273,-26.0
35274,-26.0
35275,-26.0
35276,-26.0
35277,-26.0
35278,-26.0
35279,-26.0
35280,-26.0
35281,-26.0
35282,-26.0
35283,-26.0
35284,-41.0
35285,-26.0
35286,-26.0
35287,-26.0
35288,-26.0
35289,-26.0
35290,-26.0
35291,-26.0
35292,-26.0
35293,-26.0
35294,-26.0
35295,-26.0
35296,-26.0
35297,-26.0
35298,-26.0
35299,-26.0
35300,-26.0
35301,-26.0
35302,-26.0
35303,-26.0
35304,-26.0
35305,-26.0
35306,-26.0
35307,-41.0
35308,-26.0
35309,-26.0
35310,-26.0
35311,-26.0
35312,-26.0
35313,-41.0
35314,-41.0
35315,-41.0
35316,-26.0
35317,-26.0
35318,-26.0
35319,-26.0
35320,-26.0
35321,-26.0
35322,-26.0
35323,-26.0
35324,-26.0
35325,-26.0
35326,-26.0
35327,-26.0
35328,-26.0
35329,-26.0
35330,-26.0
35331,-26.0
35332,-26.0
35333,-26.0
35334,-26.0
35335,-41.0
35336,-26.0
35337,-26.0
35338,-26.0
35339,-26.0
35340,-26.0
35341,-26.0
35342,-26.0
35343,-26.0
35344,-26.0
35345,-26.0
35346,-26.0
35347,-26.0
35348,-26.0
35349,-26.0
35350,-26.0
35351,-26.0
35352,-26.0
35353,-26.0
35354,-26.0
35355,-26.0
35356,-26.0
35357,-26.0
35358,-41.0
35359,-26.0
35360,-26.0
35361,-26.0
35362,-26.0
35363,-26.0
35364,-26.0
35365,-26.0
35366,-26.0
35367,-26.0
35368,-26.0
35369,-26.0
35370,-26.0
35371,-26.0
35372,-26.0
35373,-25.589474
35374,-24.262205
35375,-22.866863
35376,-21.739079
35377,-20.697302
35378,-19.790178
35379,-19.068872
35380,-18.560558
35381,-18.145018
35382,-17.558344
35383,-16.637012
35384,-15.2557335
35385,-13.372183
35386,-11.3117075
35387,-9.705233
35388,-8.938642
35389,-9.384512
35390,-11.371515
35391,-14.447629
35392,-16.996996
35393,-17.460226
35394,-14.5505495
35395,-8.036592
35396,-4.90491
35397,2.4106112
35398,-350.45154
35399,-261.67203
35400,-233.32187
35401,-277.41013
35402,-389.1469
35403,-8.552211
35404,-19.147993
35405,-28.796122
35406,-35.970337
35407,-31.91577
35408,-26.01662
35409,-26.0
35410,-41.0
35411,-26.0
35412,-26.0
35413,-26.0
35414,-24.479311
35415,-20.517252
35416,-18.411255
35417,-18.207449
35418,-19.192493
35419,-21.806911
35420,-23.527845
35421,-21.332296
35422,-20.74027
35423,-20.1572
35424,-19.643599
35425,-19.25715
35426,-19.055794
35427,-19.100302
35428,-19.456553
35429,-20.19795
35430,-21.385231
35431,-22.961334
35432,-24.72664
35433,-26.530773
35434,-27.638487
35435,-26.973513
35436,-26.0
35437,-26.0
35438,-26.0
35439,-26.0
35440,-26.0
35441,-26.0
35442,-26.0
35443,-26.0
35444,-26.0
35445,-26.0
35446,-26.0
35447,-26.0
35448,-26.0
35449,-26.0
35450,-26.0
35451,-26.0
35452,-26.0
35453,-23.900476
35454,-18.225382
35455,-13.730881
35456,-9.792975
35457,-6.4536653
35458,-3.9890318
35459,-2.780539
35460,-3.3014226
35461,-5.6025634
35462,-24.071499
35463,-13.117377
35464,-17.056087
35465,-20.05124
35466,-21.190437
35467,-19.691462
35468,-15.215376
35469,-8.0103
35470,-7.991221
35471,-34.932133
35472,-21.390463
35473,-20.919262
35474,-19.268969
35475,-17.079807
35476,-14.800656
35477,-27.720877
35478,-11.05395
35479,-10.011809
35480,-9.790533
35481,-10.327926
35482,-11.245996
35483,-12.277554
35484,-13.171076
35485,-13.68108
35486,-13.718306
35487,-13.382856
35488,-12.716441
35489,-11.733118
35490,-25.471397
35491,-9.103284
35492,-7.929929
35493,-22.175539
35494,-7.0529776
35495,-7.7498055
35496,-9.179666
35497,-10.896068
35498,-12.512096
35499,-13.65224
35500,-13.999982
35501,-13.634403
35502,-13.070324
35503,-12.647487
35504,-12.614868
35505,-13.165286
35506,-14.198755
35507,-15.270283
35508,-16.045954
35509,-16.23605
35510,-15.625342
35511,-14.348109
35512,-12.872118
35513,-11.465559
35514,-25.306507
35515,-9.569243
35516,-9.444144
35517,-10.15218
35518,-11.960162
35519,-15.207393
35520,-35.76079
35521,-27.04531
35522,-28.661411
35523,-28.28028
35524,-26.647781
35525,-26.0
35526,-25.333614
35527,-23.708029
35528,-38.038933
35529,-23.147308
35530,-24.149994
35531,-25.954824
35532,-27.260324
35533,-26.662075
35534,-26.0
35535,-26.0
35536,-26.0
35537,-26.0
35538,-26.0
35539,-41.0
35540,-26.0
35541,-26.0
35542,-26.0
35543,-26.0
35544,-26.0
35545,-26.0
35546,-41.0
35547,-26.0
35548,-26.0
35549,-26.0
35550,-26.0
35551,-41.0
35552,-41.0
35553,-26.0
35554,-26.0
35555,-26.0
35556,-26.0
35557,-26.0
35558,-41.0
35559,-26.0
35560,-26.0
35561,-41.0
35562,-26.0
35563,-24.89036
35564,-20.638857
35565,-16.895302
35566,-17.950266
35567,-21.353817
35568,-42.539234
35569,-30.66755
35570,-26.0
35571,-26.0
35572,-26.0
35573,-26.0
35574,-26.0
35575,-26.0
35576,-26.0
35577,-26.0
35578,-26.0
35579,-26.0
35580,-26.0
35581,-26.0
35582,-26.0
35583,-26.0
35584,-26.0
35585,-24.43268
35586,-20.656687
35587,-19.295284
35588,-20.147562
35589,-23.504078
35590,-28.169641
35591,-28.717396
35592,-41.0
35593,-26.0
35594,-26.0
35595,-26.0
35596,-26.0
35597,-26.0
35598,-26.0
35599,-23.535637
35600,-18.5753
35601,-19.172348
35602,-22.48974
35603,-25.86397
35604,-28.115314
35605,-27.542334
35606,-26.0
35607,-26.0
35608,-26.0
35609,-26.0
35610,-26.0
35611,-26.0
35612,-26.0
35613,-26.0
35614,-26.0
35615,-26.0
35616,-26.0
35617,-41.0
35618,-26.0
35619,-26.0
35620,-26.0
35621,-26.0
35622,-26.0
35623,-26.0
35624,-26.0
35625,-26.0
35626,-26.0
35627,-26.0
35628,-26.0
35629,-26.0
35630,-26.0
35631,-26.0
35632,-26.0
35633,-41.0
35634,-26.0
35635,-26.0
35636,-26.0
35637,-26.0
35638,-26.0
35639,-26.0
35640,-26.0
35641,-26.0
35642,-26.0
35643,-26.0
35644,-41.0
35645,-26.0
35646,-26.0
35647,-26.0
35648,-26.0
35649,-26.0
35650,-41.0
35651,-26.0
35652,-26.0
35653,-26.0
35654,-26.0
35655,-26.0
35656,-26.0
35657,-26.0
35658,-26.0
35659,-26.0
35660,-26.0
35661,-26.0
35662,-26.0
35663,-26.0
35664,-26.0
35665,-26.0
35666,-26.0
35667,-41.0
35668,-26.0
35669,-26.0
35670,-26.0
35671,-26.0
35672,-26.0
35673,-26.0
35674,-26.0
35675,-26.0
35676,-26.0
35677,-26.0
35678,-26.0
35679,-26.0
35680,-26.0
35681,-26.0
35682,-26.0
35683,-26.0
35684,-26.0
35685,-26.0
35686,-26.0
35687,-26.0
35688,-26.0
35689,-26.0
35690,-26.0
35691,-26.0
35692,-26.0
35693,-26.0
35694,-26.0
35695,-26.0
35696,-26.0
35697,-26.0
35698,-26.0
35699,-26.0
35700,-26.0
35701,-26.0
35702,-26.0
35703,-26.0
35704,-26.0
35705,-41.0
35706,-26.0
35707,-26.0
35708,-26.0
35709,-41.0
35710,-26.0
35711,-26.0
35712,-26.0
35713,-26.0
35714,-22.877
35715,-15.009657
35716,-11.952195
35717,-14.466536
35718,-21.09433
35719,-30.037302
35720,-30.921606
35721,-26.0
35722,-41.0
35723,-41.0
35724,-26.0
35725,-26.0
35726,-26.0
35727,-26.0
35728,-26.0
35729,-41.0
35730,-26.0
35731,-26.0
35732,-26.0
35733,-26.0
35734,-26.0
35735,-26.0
35736,-19.45191
35737,-23.52325
35738,-0.2872034
35739,2.0100517
35740,5.131898
35741,-2.6215935
35742,-20.304033
35743,-35.549767
35744,-41.333515
35745,-26.0
35746,-26.0
35747,-26.0
35748,-26.0
35749,-26.0
35750,-26.0
35751,-26.0
35752,-26.0
35753,-26.0
35754,-26.0
35755,-26.0
35756,-26.0
35757,-26.0
35758,-26.0
35759,-26.0
35760,-26.0
35761,-26.0
35762,-26.0
35763,-26.0
35764,-26.0
35765,-26.0
35766,-26.0
35767,-26.0
35768,43.467182
35769,48.580463
35770,26.158192
35771,-12.705745
35772,-75.74826
35773,-155.47182
35774,-233.72215
35775,-280.06403
35776,-281.02618
35777,-229.40321
35778,-155.53246
35779,-77.3594
35780,-18.047447
35781,17.187092
35782,39.094715
35783,46.369953
35784,49.19265
35785,49.994625
35786,49.88354
35787,49.33203
35788,48.3991
35789,47.058216
35790,45.281208
35791,43.0518
35792,40.4039
35793,37.461662
35794,34.421494
35795,31.539406
35796,29.111572
35797,27.416197
35798,26.660267
35799,26.998812
35800,28.524874
35801,31.229105
35802,34.9075
35803,39.150307
35804,43.510456
35805,47.57095
35806,50.961742
35807,53.365242
35808,54.65223
35809,55.037537
35810,54.975826
35811,54.920406
35812,54.977272
35813,54.4539
35814,51.30344
35815,41.466244
35816,30.725935
35817,35.46737
35818,37.75027
35819,38.625725
35820,38.568745
35821,37.95223
35822,37.12975
35823,36.47728
35824,36.39367
35825,37.26138
35826,39.284607
35827,42.043087
35828,44.505756
35829,45.84971
35830,45.420006
35831,42.258244
35832,35.08494
35833,23.247208
35834,7.2042403
35835,-10.987949
35836,-27.876429
35837,-40.69327
35838,-49.443363
35839,-55.379
35840,-60.199875
35841,-65.611046
35842,-71.92769
35843,-77.09669
35844,-78.42537
35845,-73.3163
35846,-60.042988
35847,-39.635815
35848,-16.180874
35849,6.2781243
35850,24.908188
35851,38.42539
35852,47.194183
35853,52.38676
35854,54.812183
35855,54.791306
35856,52.20509
35857,46.678654
35858,38.040348
35859,26.498314
35860,12.626621
35861,-2.663067
35862,-18.176191
35863,-32.515778
35864,-44.18885
35865,-51.73765
35866,-48.40495
35867,-33.985794
35868,-28.36075
35869,-29.137543
35870,-35.01246
35871,-45.031902
35872,-58.24185
35873,-73.44811
35874,-89.08641
35875,-103.20003
35876,-113.80016
35877,-120.47917
35878,-125.50939
35879,-131.90901
35880,-142.91115
35881,-161.64941
35882,-188.4762
35883,-218.27885
35884,-243.38846
35885,-254.93979
35886,-245.25748
35887,-214.77103
35888,-174.30342
35889,-134.95306
35890,-104.7327
35891,-88.38518
35892,-86.306076
35893,-94.61028
35894,-109.157555
35895,-125.581375
35896,-139.13217
35897,-146.8289
35898,-149.25278
35899,-148.02386
35900,-144.88551
35901,-141.51671
35902,-139.1914
35903,-138.63043
35904,-140.43773
35905,-145.2418
35906,-153.63164
35907,-165.65582
35908,-180.39104
35909,-196.37436
35910,-211.6235
35911,-223.89847
35912,-230.92325
35913,-230.6281
35914,-221.38783
35915,-202.25076
35916,-186.01372
35917,-189.65822
35918,-196.84848
35919,-206.66174
35920,-217.86455
35921,-229.0955
35922,-238.84154
35923,-245.44588
35924,-247.15994
35925,-242.251
35926,-229.37672
35927,-208.77904
35928,-182.75128
35929,-153.86122
35930,-124.37898
35931,-96.259995
35932,-71.44257
35933,-51.859913
35934,-38.87928
35935,-33.592068
35936,-37.15722
35937,-49.632126
35938,-68.29652
35939,-88.78904
35940,-105.21507
35941,-111.27555
35942,-104.86122
35943,-90.612274
35944,-74.37267
35945,-61.06883
35946,-54.37035
35947,-55.90399
35948,-65.17614
35949,-81.74288
35950,-105.44097
35951,-135.98235
35952,-172.2282
35953,-211.50209
35954,-249.926
35955,-282.71704
35956,-304.98425
35957,-314.4431
35958,-313.20612
35959,-304.70776
35960,-292.51062
35961,-280.05038
35962,-270.52975
35963,-266.97263
35964,-272.43518
35965,-290.3691
35966,-287.9387
35967,-233.02684
35968,-196.38208
35969,-172.3576
35970,-157.86826
35971,-150.58852
35972,-148.68701
35973,-150.60847
35974,-154.90843
35975,-160.14111
35976,-165.02666
35977,-169.5985
35978,-175.9657
35979,-186.81863
35980,-205.1691
35981,-233.99754
35982,-272.90622
35983,-314.6495
35984,-348.55096
35985,-362.3793
35986,-346.00534
35987,-301.7405
35988,-247.13629
35989,-199.18217
35990,-170.07448
35991,-168.36003
35992,-196.99503
35993,-250.26068
35994,-318.62744
35995,-387.65652
35996,-439.05594
35997,3.666073
35998,-10.696234
35999,-442.7044
36000,-420.44504
36001,-401.35178
36002,-389.56696
36003,-383.62668
36004,-381.10922
36005,-379.6882
36006,-377.2743
36007,-373.14984
36008,-368.61618
36009,-365.34454
36010,-364.96136
36011,-369.10306
36012,-379.49152
36013,-398.042
36014,-427.0007
36015,2.8822637
36016,-440.80084
36017,-300.5634
36018,-229.76692
36019,-212.21123
36020,-230.58565
36021,-279.53397
36022,-356.05472
36023,-2.6337955
36024,-8.745838
36025,-14.356412
36026,-28.701271
36027,-16.46135
36028,-18.059908
36029,-18.90995
36030,-19.346338
36031,-19.615433
36032,-19.62546
36033,-18.943996
36034,-17.326832
36035,-14.6558075
36036,-10.977667
36037,-6.8373656
36038,-3.0575619
36039,-0.017690677
36040,1.8991913
36041,2.2355604
36042,0.9057495
36043,-1.5919055
36044,-4.787112
36045,-23.16231
36046,-11.146381
36047,-13.338715
36048,-14.636905
36049,-14.932682
36050,-14.134312
36051,-12.2786255
36052,-9.813912
36053,-7.4983563
36054,-5.77746
36055,-5.0226755
36056,-5.5988526
36057,-7.49218
36058,-10.152922
36059,-13.106761
36060,-15.856259
36061,-17.832743
36062,-18.452261
36063,-17.222748
36064,-13.878344
36065,-8.437267
36066,-7.197718
36067,-14.384458
36068,-17.845688
36069,-21.482727
36070,-25.112627
36071,-28.521584
36072,-29.253477
36073,-26.200974
36074,-26.0
36075,-26.0
36076,-26.0
36077,-26.0
36078,-26.0
36079,-26.0
36080,-23.130983
36081,-16.09332
36082,-12.024251
36083,-9.171484
36084,-7.4126887
36085,-7.199091
36086,-9.104614
36087,-13.1556425
36088,-18.4658
36089,-24.115152
36090,-28.925665
36091,-29.952501
36092,-26.667377
36093,-26.0
36094,-26.0
36095,-26.0
36096,-26.0
36097,-26.0
36098,-26.0
36099,-26.0
36100,-26.0
36101,-26.0
36102,-26.0
36103,-26.0
36104,-26.0
36105,-26.0
36106,-26.0
36107,-26.0
36108,-41.0
36109,-26.0
36110,-26.0
36111,-26.0
36112,-26.0
36113,-26.0
36114,-26.0
36115,-26.0
36116,-25.955345
36117,-25.298738
36118,-23.591259
36119,-21.849276
36120,-20.11101
36121,-18.450525
36122,-16.930468
36123,-15.615474
36124,-14.579998
36125,-13.91208
36126,-13.687627
36127,-13.850437
36128,-14.19586
36129,-14.580642
36130,-14.859671
36131,-14.864381
36132,-14.4751005
36133,-13.643944
36134,-12.29185
36135,-25.339474
36136,-7.739892
36137,-4.53082
36138,-0.8255867
36139,3.2856011
36140,-435.06528
36141,-341.8646
36142,-260.0572
36143,-181.98718
36144,-114.2657
36145,-57.92169
36146,-13.44379
36147,19.080994
36148,39.895473
36149,49.32232
36150,46.635277
36151,29.610872
36152,-4.128533
36153,-54.972813
36154,-120.5838
36155,-196.02844
36156,-274.6492
36157,-346.777
36158,-423.46713
36159,-503.41287
36160,-591.62335
36161,3.0195694
36162,-2.0545444
36163,-13.036412
36164,-20.230526
36165,-28.960857
36166,-36.476017
36167,-35.094963
36168,-45.81766
36169,-52.355293
36170,-59.42393
36171,-66.74382
36172,-74.037575
36173,-81.02712
36174,-87.43298
36175,-92.97528
36176,-92.41999
36177,-95.7955
36178,-98.48589
36179,-100.89125
36180,-103.39691
36181,-106.33411
36182,-109.70944
36183,-113.0892
36184,-116.02429
36185,-118.0888
36186,-118.9189
36187,-118.49953
36188,-117.30906
36189,-115.94709
36190,-115.05589
36191,-115.11103
36192,-116.26809
36193,-118.31481
36194,-121.02219
36195,-124.162575
36196,-127.505325
36197,-130.9619
36198,-134.65674
36199,-138.71693
36200,-143.26215
36201,-148.3917
36202,-159.04211
36203,-164.92537
36204,-170.75533
36205,-176.26532
36206,-181.208
36207,-180.41614
36208,-183.82866
36209,-186.3927
36210,-188.05429
36211,-188.76271
36212,-188.46954
36213,-187.12648
36214,-184.682
36215,-181.08122
36216,-177.69598
36217,-176.27083
36218,-174.78294
36219,-173.4721
36220,-172.28532
36221,-171.17163
36222,-170.08221
36223,-168.97092
36224,-167.79422
36225,-166.51149
36226,-165.09567
36227,-163.58366
36228,-162.09804
36229,-160.76807
36230,-159.72212
36231,-159.06514
36232,-158.75243
36233,-158.53333
36234,-158.14253
36235,-157.31438
36236,-155.8147
36237,-153.64824
36238,-151.14963
36239,-148.66243
36240,-146.51259
36241,-144.98543
36242,-144.1292
36243,-143.67134
36244,-143.32976
36245,-142.84093
36246,-141.95575
36247,-140.49449
36248,-138.37045
36249,-135.50223
36250,-131.80583
36251,-127.23994
36252,-127.00406
36253,-121.62298
36254,-116.6343
36255,-107.560196
36256,-104.85233
36257,-103.55245
36258,-103.14711
36259,-103.100624
36260,-102.90327
36261,-102.0448
36262,-100.01428
36263,-96.29964
36264,-95.38803
36265,-86.767815
36266,-79.279755
36267,-72.793205
36268,-70.82039
36269,-69.245995
36270,-67.9622
36271,-66.86176
36272,-65.83731
36273,-64.7805
36274,-63.58202
36275,-62.132015
36276,-60.32975
36277,-58.12093
36278,-55.506065
36279,-52.48032
36280,-49.033154
36281,-45.1631
36282,-40.926376
36283,-36.457447
36284,-31.894854
36285,-27.374502
36286,-23.032648
36287,-19.002546
36288,-15.413712
36289,-12.3971815
36290,-10.085625
36291,-8.574034
36292,-7.7309566
36293,-7.1130795
36294,-6.2557206
36295,-4.7043085
36296,-2.0490718
36297,1.8515772
36298,-642.8006
36299,-522.08984
36300,-397.3901
36301,-281.9966
36302,-182.22972
36303,-102.05888
36304,-42.635223
36305,-2.5292006
36306,26.762304
36307,40.19927
36308,47.51637
36309,51.62198
36310,53.98593
36311,55.05427
36312,54.27102
36313,49.711796
36314,37.326122
36315,4.7828674
36316,-19.471811
36317,-18.540289
36318,-28.877218
36319,-49.70793
36320,-81.311035
36321,-123.56098
36322,-175.17451
36323,-233.26059
36324,-293.17578
36325,-348.6873
36326,-392.7853
36327,-420.2689
36328,-429.806
36329,-421.8188
36330,-397.67596
36331,-360.0581
36332,-315.1026
36333,-272.48816
36334,-240.72513
36335,-226.7569
36336,-236.7015
36337,-272.64752
36338,-328.6455
36339,-394.92584
36340,2.9963942
36341,1.1869816
36342,0.919616
36343,1.3634602
36344,1.8091922
36345,1.6879114
36346,0.5481875
36347,-1.4526024
36348,-3.3204675
36349,-4.0985017
36350,-2.9414485
36351,0.6222537
36352,5.9359736
36353,-368.65436
36354,-271.73898
36355,-196.82047
36356,-161.08076
36357,-158.80919
36358,-183.88063
36359,-232.00012
36360,-299.1291
36361,-378.73175
36362,2.494249
36363,-0.71062005
36364,-1.9517576
36365,-0.61821514
36366,1.7217594
36367,2.4747336
36368,3.395337
36369,4.219507
36370,4.930907
36371,-440.54968
36372,-430.537
36373,-423.7745
36374,-420.52014
36375,-421.06238
36376,-425.6125
36377,-433.70053
36378,-443.7817
36379,-10.677215
36380,3.9356384
36381,3.783156
36382,4.0153255
36383,4.83703
36384,-427.78455
36385,-385.62122
36386,-326.78806
36387,-256.8305
36388,-186.86192
36389,-126.00177
36390,-79.49848
36391,-48.916832
36392,-31.936277
36393,-23.747866
36394,-20.509996
36395,-19.240246
36396,-17.531288
36397,-14.890639
36398,-13.501044
36399,-16.06003
36400,-25.695702
36401,-46.500145
36402,-81.623
36403,-129.34186
36404,-183.48196
36405,-233.57677
36406,-266.84286
36407,-275.805
36408,-263.85678
36409,-238.06999
36410,-205.7674
36411,-173.46663
36412,-146.38562
36413,-128.53265
36414,-123.37911
36415,-135.12244
36416,-123.05904
36417,-66.20677
36418,-43.833458
36419,-53.529533
36420,-85.98849
36421,-140.17838
36422,-217.84418
36423,-300.29962
36424,-372.55273
36425,-424.8132
36426,-433.5304
36427,-397.19437
36428,-337.41016
36429,-277.59222
36430,-235.51276
36431,-223.00648
36432,-242.382
36433,-283.51584
36434,-332.0865
36435,-369.78687
36436,-377.52686
36437,-350.79898
36438,-307.2251
36439,-266.65353
36440,-245.05661
36441,-254.97041
36442,-300.15555
36443,-368.29782
36444,-438.39618
36445,2.1673574
36446,3.8550503
36447,-404.23352
36448,-311.66446
36449,-214.7335
36450,-138.43358
36451,-86.03379
36452,-64.12426
36453,-57.55061
36454,-58.10303
36455,-58.800663
36456,-53.363354
36457,-39.71069
36458,-21.67295
36459,-3.641955
36460,11.304985
36461,21.5109
36462,26.256365
36463,24.671974
36464,14.042177
36465,-12.505821
36466,-28.202543
36467,4.7118154
36468,20.635607
36469,27.309677
36470,28.28599
36471,25.205265
36472,18.900873
36473,10.196296
36474,0.39473298
36475,-8.540945
36476,-14.272332
36477,-15.298612
36478,-11.877767
36479,-4.9592257
36480,4.2997217
36481,14.77488
36482,25.797428
36483,36.995712
36484,47.22713
36485,54.014526
36486,48.107643
36487,34.3808
36488,6.2559905
36489,-31.325161
36490,-62.47256
36491,-83.90245
36492,-83.78818
36493,-67.32077
36494,-43.537243
36495,-20.427322
36496,-2.964935
36497,8.272282
36498,16.020739
36499,22.7448
36500,30.121916
36501,38.763775
36502,47.33625
36503,53.2722
36504,55.13795
36505,53.257446
36506,49.447876
36507,45.874554
36508,43.6351
36509,42.88689
36510,43.30774
36511,44.38251
36512,45.59051
36513,46.49516
36514,46.735905
36515,45.922207
36516,43.082687
36517,40.11686
36518,43.905148
36519,50.659256
36520,54.810425
36521,51.573193
36522,38.644695
36523,17.075445
36524,-8.6851425
36525,-31.571701
36526,-43.913277
36527,-41.788433
36528,-27.71981
36529,-6.8913817
36530,15.253644
36531,34.252544
36532,47.421173
36533,54.019268
36534,54.95868
36535,52.424328
36536,49.20799
36537,47.497513
36538,47.856724
36539,49.73595
36540,52.144707
36541,54.10091
36542,54.9307
36543,54.398758
36544,52.71986
36545,50.50271
36546,48.55863
36547,47.396122
36548,46.82074
36549,46.335117
36550,45.34808
36551,43.203465
36552,39.50717
36553,34.68167
36554,29.774237
36555,26.329954
36556,25.966173
36557,29.198072
36558,34.84808
36559,41.31217
36560,47.196457
36561,51.572464
36562,54.099777
36563,55.011257
36564,54.96129
36565,54.737576
36566,54.381683
36567,52.708805
36568,50.72743
36569,48.981133
36570,47.7206
36571,47.022972
36572,46.84889
36573,47.08979
36574,47.605404
36575,48.251358
36576,48.917732
36577,49.63035
36578,50.566914
36579,51.840797
36580,53.3577
36581,54.647507
36582,54.796604
36583,53.05348
36584,49.557274
36585,45.43435
36586,42.366554
36587,41.292133
36588,41.491154
36589,41.721523
36590,40.728256
36591,37.156857
36592,30.006634
36593,19.864101
36594,8.853326
36595,0.52828443
36596,-1.246739
36597,4.324045
36598,13.514871
36599,22.278584
36600,27.851942
36601,28.60189
36602,23.96343
36603,14.73453
36604,2.4430447
36605,-10.1464405
36606,-19.196096
36607,-22.073906
36608,-19.29733
36609,-12.54638
36610,-3.6727505
36611,5.6317015
36612,14.027573
36613,20.577925
36614,24.662685
36615,25.757637
36616,16.37068
36617,-12.126576
36618,-36.250965
36619,-53.102604
36620,-61.7828
36621,-62.960526
36622,-58.23748
36623,-49.636616
36624,-39.21813
36625,-28.828142
36626,-19.868204
36627,-12.797308
36628,-7.05622
36629,-1.9828775
36630,2.9930737
36631,8.337681
36632,14.310562
36633,20.914755
36634,28.013147
36635,35.336014
36636,42.382957
36637,48.239735
36638,52.052746
36639,53.872437
36640,54.351227
36641,53.85687
36642,51.808075
36643,47.82025
36644,43.331753
36645,41.626366
36646,45.374756
36647,52.1314
36648,55.174854
36649,50.8392
36650,41.494324
36651,34.064278
36652,33.71106
36653,38.89283
36654,45.555336
36655,50.62642
36656,53.197414
36657,54.044243
36658,54.03841
36659,53.281494
36660,51.325546
36661,47.49381
36662,41.145638
36663,31.883192
36664,19.698624
36665,5.05981
36666,1.9675516
36667,18.477026
36668,23.002966
36669,19.87327
36670,10.316334
36671,-5.196474
36672,-25.576073
36673,-48.329224
36674,-69.36508
36675,-83.39809
36676,-85.458374
36677,-74.78845
36678,-56.483837
36679,-36.42162
36680,-19.158794
36681,-7.4357986
36682,-1.5613198
36683,0.18818074
36684,-0.5285185
36685,-2.265416
36686,-3.606843
36687,-3.3821154
36688,-0.91289574
36689,4.218515
36690,12.13262
36691,22.336254
36692,33.063305
36693,41.859898
36694,47.51616
36695,50.115852
36696,50.073185
36697,47.12371
36698,40.53549
36699,30.102562
36700,17.223255
36701,5.048094
36702,-3.2015278
36703,-6.2293363
36704,-3.9207523
36705,3.1247823
36706,13.645743
36707,25.574259
36708,36.48268
36709,44.77543
36710,49.990562
36711,52.58778
36712,53.39651
36713,52.72243
36714,49.10987
36715,37.757835
36716,31.827848
36717,43.905952
36718,53.968323
36719,54.913532
36720,54.954662
36721,54.98611
36722,55.01219
36723,54.974747
36724,54.975372
36725,54.88826
36726,53.42218
36727,47.579536
36728,34.620586
36729,14.442835
36730,-9.470711
36731,-30.818169
36732,-44.56333
36733,-50.823387
36734,-52.115807
36735,-51.602222
36736,-52.394897
36737,-56.65559
36738,-65.24307
36739,-78.9662
36740,-98.96572
36741,-126.34119
36742,-159.6437
36743,-192.10483
36744,-213.96263
36745,-214.60481
36746,-186.57233
36747,-134.25134
36748,-79.62804
36749,-27.857805
36750,8.169911
36751,33.050404
36752,41.586517
36753,44.041565
36754,42.883884
36755,38.76517
36756,31.787882
36757,22.109879
36758,10.027827
36759,-3.743987
36760,-17.979916
36761,-31.006128
36762,-40.8529
36763,-45.497616
36764,-43.198505
36765,-32.92119
36766,-19.7654
36767,-11.726615
36768,-5.41879
36769,-0.52664787
36770,3.2405384
36771,6.1253624
36772,8.334439
36773,10.048035
36774,11.428175
36775,12.624325
36776,13.741141
36777,14.665435
36778,14.974148
36779,14.175314
36780,11.724366
36781,6.9804196
36782,-0.6731691
36783,-11.68844
36784,-26.56154
36785,-45.862278
36786,-70.405396
36787,-102.51765
36788,-147.69328
36789,-214.39209
36790,-319.9542
36791,-470.72882
36792,-2.1632802
36793,-12.465629
36794,-22.03631
36795,-29.76163
36796,-34.679245
36797,-31.610117
36798,-31.431458
36799,-30.071262
36800,-28.402712
36801,-27.220524
36802,-26.888142
36803,-27.18294
36804,-27.85096
36805,-28.663431
36806,-29.39769
36807,-29.869156
36808,-29.945433
36809,-29.497248
36810,-28.393314
36811,-26.502848
36812,-23.695662
36813,-19.842585
36814,-14.815941
36815,-13.49038
36816,-7.4456673
36817,-21.618107
36818,-20.570408
36819,-22.182135
36820,-21.907713
36821,-20.191666
36822,-17.472933
36823,-14.186856
36824,-10.766075
36825,-7.6414223
36826,-5.202225
36827,-3.6015024
36828,-2.669013
36829,-2.214232
36830,-2.0592268
36831,-2.0486093
36832,-2.1623158
36833,-2.5670605
36834,-3.4427764
36835,-4.9624953
36836,-7.2589936
36837,-10.225386
36838,-13.422549
36839,-16.3869
36840,-18.668507
36841,-19.878572
36842,-19.977394
36843,-19.400955
36844,-18.611628
36845,-18.049921
36846,-18.098269
36847,-18.80256
36848,-19.747194
36849,-20.48853
36850,-20.602285
36851,-19.73724
36852,-17.963488
36853,-15.92434
36854,-14.293271
36855,-13.718596
36856,-14.770883
36857,-17.556032
36858,-21.536272
36859,-26.128658
36860,-30.773695
36861,-34.911552
36862,-37.983936
36863,-39.43522
36864,-38.71295
36865,-35.268845
36866,-32.59645
36867,-34.774532
36868,-35.195415
36869,-35.20171
36870,-35.057796
36871,-35.02755
36872,-35.374813
36873,-36.36362
36874,-38.258606
36875,-41.325233
36876,-45.754524
36877,-56.2989
36878,-62.10994
36879,-67.30744
36880,-66.03985
36881,-67.56088
36882,-66.72253
36883,-64.18567
36884,-60.643757
36885,-56.749557
36886,-53.118073
36887,-50.1573
36888,-47.99629
36889,-46.752705
36890,-46.558
36891,-47.49522
36892,-49.360733
36893,-51.559223
36894,-53.4759
36895,-54.51393
36896,-54.158714
36897,-52.368324
36898,-49.74106
36899,-46.902584
36900,-44.447758
36901,-42.91354
36902,-42.50272
36903,-42.96356
36904,-44.022545
36905,-45.42609
36906,-46.93616
36907,-48.407825
36908,-49.823463
36909,-51.171574
36910,-52.43486
36911,-53.59602
36912,-54.637672
36913,-55.542416
36914,-56.29282
36915,-56.87139
36916,-57.261795
36917,-57.42044
36918,-57.30276
36919,-56.970856
36920,-56.467422
36921,-55.835102
36922,-55.11641
36923,-54.353855
36924,-53.589844
36925,-52.866737
36926,-52.224873
36927,-51.692955
36928,-51.283886
36929,-51.00983
36930,-50.883656
36931,-50.903976
36932,-50.986637
36933,-50.93496
36934,-50.547062
36935,-49.62634
36936,-48.03073
36937,-45.934063
36938,-43.93854
36939,-42.6653
36940,-42.71635
36941,-44.596066
36942,-48.230114
36943,-52.75082
36944,-57.247635
36945,-60.844753
36946,-62.771267
36947,-62.85894
36948,-61.755856
36949,-60.144558
36950,-58.66811
36951,-57.901505
36952,-58.028427
36953,-58.701115
36954,-59.54806
36955,-60.222015
36956,-60.414158
36957,-60.039703
36958,-59.318024
36959,-58.48166
36960,-57.74889
36961,-57.337894
36962,-57.467
36963,-58.35477
36964,-60.22016
36965,-63.282574
36966,-66.88446
36967,-69.63372
36968,-71.96787
36969,-73.90264
36970,-75.47506
36971,-76.72206
36972,-77.680626
36973,-78.387596
36974,-78.8799
36975,-79.19435
36976,-79.36794
36977,-79.43833
36978,-79.44423
36979,-79.424355
36980,-79.41737
36981,-79.45944
36982,-79.57239
36983,-79.75836
36984,-80.01879
36985,-80.35605
36986,-80.76776
36987,-81.22449
36988,-81.65994
36989,-82.00642
36990,-82.197815
36991,-82.18897
36992,-82.05576
36993,-82.03796
36994,-82.38201
36995,-83.326706
36996,-85.05932
36997,-87.4671
36998,-90.0302
36999,-92.21206
37000,-93.49543
37001,-93.43989
37002,-92.04962
37003,-89.93057
37004,-87.71182
37005,-85.99354
37006,-85.31279
37007,-85.841835
37008,-87.258194
37009,-89.21935
37010,-91.40598
37011,-93.49854
37012,-95.17759
37013,-96.12366
37014,-96.01755
37015,-94.54027
37016,-94.10374
37017,-97.23964
37018,-98.98662
37019,-100.33374
37020,-101.41308
37021,-102.356575
37022,-103.296196
37023,-104.36385
37024,-105.69152
37025,-107.411095
37026,-109.61866
37027,-112.20157
37028,-114.76458
37029,-116.90147
37030,-118.2197
37031,-118.37292
37032,-117.28282
37033,-115.2341
37034,-112.52535
37035,-109.43761
37036,-106.24814
37037,-103.2122
37038,-100.55527
37039,-98.50163
37040,-97.27711
37041,-97.07195
37042,-97.86947
37043,-99.37252
37044,-101.272835
37045,-103.27533
37046,-105.1029
37047,-106.58292
37048,-107.684456
37049,-108.38207
37050,-108.643524
37051,-108.45643
37052,-107.92318
37053,-107.301735
37054,-106.85597
37055,-106.842415
37056,-107.484184
37057,-108.810936
37058,-110.59005
37059,-112.57881
37060,-114.5469
37061,-116.26413
37062,-117.500244
37063,-118.02503
37064,-117.60841
37065,-116.020226
37066,-113.39213
37067,-111.05749
37068,-110.28927
37069,-110.49935
37070,-111.444565
37071,-112.88164
37072,-114.5672
37073,-116.25784
37074,-117.71016
37075,-118.68081
37076,-118.97157
37077,-118.64657
37078,-118.12517
37079,-117.84023
37080,-118.20756
37081,-119.59295
37082,-122.07098
37083,-125.3218
37084,-129.0105
37085,-132.82101
37086,-136.44505
37087,-139.61897
37088,-142.13954
37089,-143.80588
37090,-144.41408
37091,-143.80707
37092,-142.10042
37093,-139.77876
37094,-137.3411
37095,-135.2687
37096,-133.98492
37097,-133.57637
37098,-133.67383
37099,-133.89066
37100,-133.86209
37101,-133.27242
37102,-132.09097
37103,-130.6728
37104,-129.38779
37105,-128.58727
37106,-128.57848
37107,-129.4125
37108,-130.79373
37109,-132.41324
37110,-133.97871
37111,-135.198
37112,-135.77876
37113,-135.42882
37114,-133.85587
37115,-130.76761
37116,-127.61705
37117,-126.76414
37118,-126.396225
37119,-126.58416
37120,-127.18363
37121,-128.0503
37122,-129.03984
37123,-130.00797
37124,-130.81033
37125,-131.30258
37126,-131.37
37127,-131.0696
37128,-130.69087
37129,-130.53233
37130,-130.8813
37131,-131.96106
37132,-133.62376
37133,-135.21875
37134,-136.0763
37135,-135.55077
37136,-133.11087
37137,-128.89041
37138,-123.923935
37139,-119.28055
37140,-115.98566
37141,-114.94045
37142,-116.32569
37143,-119.34662
37144,-123.17094
37145,-127.01269
37146,-130.15579
37147,-132.2891
37148,-133.64957
37149,-134.4951
37150,-135.0572
37151,-135.53862
37152,-135.97482
37153,-136.1749
37154,-135.93925
37155,-135.07918
37156,-133.44708
37157,-131.13458
37158,-128.55699
37159,-126.14212
37160,-124.30218
37161,-123.44926
37162,-123.995605
37163,-126.35337
37164,-130.9348
37165,-143.1518
37166,-150.12535
37167,-147.4715
37168,-148.87852
37169,-149.11935
37170,-148.4326
37171,-147.05699
37172,-145.2313
37173,-143.19434
37174,-141.18504
37175,-139.44226
37176,-138.18106
37177,-137.47806
37178,-137.22256
37179,-137.29663
37180,-137.59143
37181,-138.00308
37182,-138.45721
37183,-138.91913
37184,-139.35574
37185,-139.73207
37186,-140.02524
37187,-140.28334
37188,-140.6503
37189,-141.27379
37190,-142.29684
37191,-143.83083
37192,-145.80302
37193,-147.89178
37194,-149.76575
37195,-151.1057
37196,-151.63515
37197,-151.32668
37198,-150.48993
37199,-149.44768
37200,-148.50662
37201,-147.9496
37202,-147.92053
37203,-148.37553
37204,-149.26343
37205,-150.54195
37206,-152.1662
37207,-154.0748
37208,-156.18428
37209,-158.41032
37210,-160.66971
37211,-162.8792
37212,-164.9556
37213,-166.81563
37214,-168.37613
37215,-169.55382
37216,-169.92516
37217,-169.54315
37218,-169.82181
37219,-170.40913
37220,-171.23405
37221,-172.22551
37222,-173.31241
37223,-174.42368
37224,-175.4883
37225,-176.4352
37226,-177.20866
37227,-177.8419
37228,-178.48865
37229,-179.30663
37230,-180.44608
37231,-182.0149
37232,-183.88498
37233,-185.60962
37234,-186.72972
37235,-186.80196
37236,-185.48758
37237,-183.05328
37238,-180.58699
37239,-179.21103
37240,-180.00932
37241,-183.86961
37242,-195.54144
37243,-203.23526
37244,-210.10378
37245,-209.37459
37246,-209.48764
37247,-205.12283
37248,-202.64642
37249,-193.49956
37250,-184.04771
37251,-175.55939
37252,-168.73087
37253,-163.48216
37254,-154.70149
37255,-152.31401
37256,-151.22923
37257,-151.265
37258,-152.11464
37259,-153.46681
37260,-155.01616
37261,-156.45709
37262,-157.48415
37263,-157.79153
37264,-157.07332
37265,-155.02335
37266,-152.87697
37267,-152.51749
37268,-152.06343
37269,-151.71559
37270,-151.40973
37271,-151.0815
37272,-150.66646
37273,-150.10011
37274,-149.31787
37275,-148.255
37276,-146.85854
37277,-145.14465
37278,-143.22327
37279,-141.20778
37280,-139.20682
37281,-137.32349
37282,-135.628
37283,-134.14601
37284,-132.90157
37285,-131.92105
37286,-131.22229
37287,-130.77338
37288,-130.47491
37289,-130.22493
37290,-129.9248
37291,-129.49203
37292,-128.93687
37293,-128.39551
37294,-128.00876
37295,-127.911606
37296,-128.23376
37297,-129.07501
37298,-130.4944
37299,-132.54959
37300,-135.29997
37301,-138.76111
37302,-142.69325
37303,-146.51114
37304,-149.61652
37305,-151.42773
37306,-151.44283
37307,-149.62308
37308,-146.55766
37309,-142.86023
37310,-139.11464
37311,-135.90474
37312,-133.81424
37313,-133.42667
37314,-135.32544
37315,-140.09383
37316,-141.88461
37317,-140.13245
37318,-132.43704
37319,-131.26933
37320,-131.3142
37321,-132.25668
37322,-133.78186
37323,-135.57486
37324,-137.32079
37325,-138.70477
37326,-139.4502
37327,-139.50253
37328,-139.10796
37329,-138.52425
37330,-137.99466
37331,-137.74547
37332,-137.90384
37333,-138.46272
37334,-139.40999
37335,-140.73982
37336,-142.43018
37337,-144.36385
37338,-146.29495
37339,-147.97263
37340,-149.15227
37341,-149.62756
37342,-149.41487
37343,-148.83217
37344,-148.2091
37345,-147.86087
37346,-148.06342
37347,-148.86449
37348,-150.00287
37349,-151.20555
37350,-152.21428
37351,-152.8058
37352,-152.95988
37353,-152.93117
37354,-152.98491
37355,-153.37328
37356,-154.31607
37357,-155.84547
37358,-157.73962
37359,-159.7668
37360,-161.70769
37361,-163.34279
37362,-164.45271
37363,-164.81802
37364,-164.21918
37365,-162.43651
37366,-159.02753
37367,-154.94615
37368,-152.89958
37369,-152.02934
37370,-152.07642
37371,-152.7819
37372,-153.88702
37373,-155.1331
37374,-156.2615
37375,-157.01352
37376,-157.16005
37377,-156.64291
37378,-155.63579
37379,-154.32135
37380,-152.87122
37381,-151.4478
37382,-150.15984
37383,-149.04329
37384,-148.13136
37385,-147.46068
37386,-147.05983
37387,-146.91006
37388,-146.9288
37389,-147.031
37390,-147.13464
37391,-147.16974
37392,-147.1356
37393,-147.12558
37394,-147.23662
37395,-147.56117
37396,-148.1722
37397,-149.02937
37398,-149.93915
37399,-150.70209
37400,-151.12604
37401,-151.06177
37402,-150.60893
37403,-150.2045
37404,-150.2984
37405,-151.32445
37406,-153.6487
37407,-157.2442
37408,-161.5523
37409,-165.99411
37410,-170.01642
37411,-173.06621
37412,-174.59029
37413,-174.03499
37414,-170.846
37415,-169.46805
37416,-163.33488
37417,-157.4711
37418,-156.98286
37419,-157.37813
37420,-158.48445
37421,-160.12947
37422,-162.14095
37423,-164.34662
37424,-166.5743
37425,-168.6518
37426,-170.43234
37427,-171.91658
37428,-173.3049
37429,-174.80548
37430,-176.61699
37431,-178.87827
37432,-181.38069
37433,-183.44508
37434,-184.37372
37435,-183.49092
37436,-180.26231
37437,-174.97878
37438,-174.05157
37439,-168.93863
37440,-161.04446
37441,-161.57867
37442,-165.6229
37443,-176.73334
37444,-183.40869
37445,-189.22206
37446,-187.8975
37447,-189.03033
37448,-188.39627
37449,-186.81874
37450,-185.06586
37451,-183.83794
37452,-183.43758
37453,-183.62805
37454,-184.151
37455,-184.77365
37456,-185.28186
37457,-185.5689
37458,-185.67369
37459,-185.64099
37460,-185.50868
37461,-185.31459
37462,-185.09659
37463,-184.89256
37464,-184.74037
37465,-184.67787
37466,-180.32253
37467,-174.4556
37468,-168.98654
37469,-161.13191
37470,-160.34973
37471,-161.09923
37472,-162.8405
37473,-165.0341
37474,-167.14076
37475,-168.62149
37476,-169.0053
37477,-168.21747
37478,-166.72014
37479,-164.99681
37480,-163.5054
37481,-162.6552
37482,-162.57166
37483,-162.99612
37484,-163.65479
37485,-164.2924
37486,-164.69102
37487,-164.84991
37488,-165.0623
37489,-165.63306
37490,-166.85289
37491,-168.96834
37492,-171.96944
37493,-175.49905
37494,-179.18669
37495,-182.67853
37496,-185.6464
37497,-187.91049
37498,-189.492
37499,-190.42007
37500,-190.71434
37501,-190.39778
37502,-189.51321
37503,-188.13025
37504,-186.31978
37505,-184.15128
37506,-181.70222
37507,-179.0959
37508,-176.51762
37509,-174.15527
37510,-172.19377
37511,-170.818
37512,-170.2127
37513,-170.56262
37514,-172.05238
37515,-174.86646
37516,-175.58607
37517,-170.82248
37518,-167.43883
37519,-164.42009
37520,-161.87172
37521,-159.89919
37522,-158.60794
37523,-158.10338
37524,-158.49083
37525,-159.87567
37526,-162.32211
37527,-165.6562
37528,-169.38152
37529,-172.98932
37530,-175.98647
37531,-177.93846
37532,-178.75186
37533,-178.79506
37534,-178.45496
37535,-178.0966
37536,-178.03752
37537,-178.31876
37538,-178.6067
37539,-178.55284
37540,-177.82652
37541,-176.16368
37542,-173.68852
37543,-171.05165
37544,-168.92493
37545,-167.95511
37546,-168.68575
37547,-171.06204
37548,-174.21922
37549,-177.26135
37550,-179.33148
37551,-179.70094
37552,-178.38657
37553,-176.4163
37554,-174.85881
37555,-174.73486
37556,-176.93456
37557,-181.59036
37558,-192.80998
37559,-199.66174
37560,-206.26396
37561,-211.73566
37562,-210.1957
37563,-210.76184
37564,-207.5498
37565,-204.67241
37566,-193.83965
37567,-185.75728
37568,-177.02881
37569,-176.23233
37570,-177.62186
37571,-180.45316
37572,-183.98277
37573,-187.46753
37574,-190.16446
37575,-191.33041
37576,-190.38129
37577,-187.66028
37578,-184.76906
37579,-183.36208
37580,-185.03381
37581,-196.09068
37582,-206.17592
37583,-217.6864
37584,-227.93657
37585,-234.35094
37586,-229.6923
37587,-223.70615
37588,-218.84128
37589,-207.67503
37590,-197.66652
37591,-191.01962
37592,-183.44513
37593,-183.6316
37594,-185.18613
37595,-186.81367
37596,-187.34744
37597,-186.35912
37598,-184.4209
37599,-182.14565
37600,-180.09912
37601,-178.7808
37602,-178.30482
37603,-178.26312
37604,-178.22662
37605,-177.79086
37606,-176.59845
37607,-174.56844
37608,-171.99454
37609,-169.18567
37610,-166.43304
37611,-164.02806
37612,-162.26216
37613,-161.42685
37614,-161.81363
37615,-163.71399
37616,-168.15797
37617,-179.1153
37618,-176.82988
37619,-177.72519
37620,-177.20638
37621,-175.67899
37622,-173.54906
37623,-171.22284
37624,-169.10687
37625,-167.60757
37626,-167.08215
37627,-167.60196
37628,-168.8513
37629,-170.49933
37630,-172.23376
37631,-173.75798
37632,-174.86566
37633,-175.47272
37634,-175.49988
37635,-174.86192
37636,-173.49857
37637,-171.49458
37638,-169.13129
37639,-166.69756
37640,-164.47046
37641,-162.69528
37642,-161.45966
37643,-160.64238
37644,-160.11359
37645,-159.75424
37646,-159.44919
37647,-159.0959
37648,-158.60803
37649,-157.90273
37650,-156.89905
37651,-155.53236
37652,-153.82031
37653,-151.89111
37654,-149.87865
37655,-147.91292
37656,-146.11226
37657,-144.52225
37658,-143.08966
37659,-141.7577
37660,-140.47466
37661,-139.18886
37662,-137.84871
37663,-136.40247
37664,-134.7982
37665,-132.98376
37666,-131.15741
37667,-129.51547
37668,-127.570656
37669,-125.43641
37670,-123.13632
37671,-120.69358
37672,-118.131
37673,-115.47087
37674,-112.73516
37675,-109.94534
37676,-107.12506
37677,-104.31211
37678,-101.563545
37679,-98.93695
37680,-96.48844
37681,-94.26667
37682,-92.27766
37683,-90.47003
37684,-88.78986
37685,-87.18577
37686,-85.62176
37687,-84.15287
37688,-82.95754
37689,-82.21886
37690,-82.11396
37691,-82.78345
37692,-84.15554
37693,-85.870384
37694,-87.55597
37695,-88.85386
37696,-89.43496
37697,-89.14164
37698,-88.04821
37699,-86.23826
37700,-83.784225
37701,-80.78107
37702,-77.454956
37703,-74.209724
37704,-71.45594
37705,-69.59558
37706,-68.97888
37707,-69.65315
37708,-71.25424
37709,-73.400055
37710,-75.727135
37711,-77.87185
37712,-79.47049
37713,-80.15963
37714,-79.576324
37715,-77.35812
37716,-73.78854
37717,-70.76205
37718,-69.67543
37719,-69.84595
37720,-70.98494
37721,-72.803085
37722,-75.0105
37723,-77.31695
37724,-79.432045
37725,-81.06555
37726,-81.975174
37727,-82.1966
37728,-82.142204
37729,-82.23942
37730,-82.89785
37731,-84.46241
37732,-86.9014
37733,-89.67178
37734,-92.20871
37735,-93.97006
37736,-94.48421
37737,-93.69572
37738,-92.11352
37739,-90.2687
37740,-88.66571
37741,-87.76405
37742,-87.75926
37743,-88.48911
37744,-89.777794
37745,-91.467125
37746,-93.410805
37747,-95.52931
37748,-97.83338
37749,-100.33765
37750,-103.05285
37751,-105.96547
37752,-108.920166
37753,-111.56927
37754,-113.55779
37755,-114.54014
37756,-114.21813
37757,-112.56855
37758,-109.94024
37759,-106.69625
37760,-103.18168
37761,-99.741356
37762,-96.71995
37763,-94.46189
37764,-93.31175
37765,-93.614174
37766,-95.15491
37767,-96.27432
37768,-95.724915
37769,-94.206795
37770,-92.04986
37771,-89.583725
37772,-87.13769
37773,-85.04078
37774,-83.62199
37775,-83.21032
37776,-84.07223
37777,-86.10871
37778,-88.72463
37779,-91.30419
37780,-93.2547
37781,-94.05946
37782,-93.64179
37783,-92.52095
37784,-91.23925
37785,-90.31039
37786,-90.19919
37787,-91.08713
37788,-92.77186
37789,-95.03565
37790,-97.67882
37791,-100.49305
37792,-103.220695
37793,-105.53719
37794,-107.11548
37795,-107.63179
37796,-106.81874
37797,-104.73565
37798,-101.88417
37799,-98.78289
37800,-95.92875
37801,-93.77062
37802,-92.478195
37803,-91.842995
37804,-91.64107
37805,-91.66601
37806,-91.72888
37807,-91.74366
37808,-91.763885
37809,-91.848885
37810,-92.05179
37811,-92.426125
37812,-93.025734
37813,-93.90482
37814,-95.117874
37815,-96.71963
37816,-96.90612
37817,-94.7695
37818,-95.24463
37819,-96.9835
37820,-99.60941
37821,-102.74519
37822,-106.0135
37823,-109.036934
37824,-111.438324
37825,-112.84053
37826,-112.92182
37827,-111.68129
37828,-109.55237
37829,-106.98498
37830,-104.40807
37831,-102.222946
37832,-100.6716
37833,-99.78017
37834,-99.5666
37835,-100.059074
37836,-101.255424
37837,-102.97643
37838,-104.80304
37839,-106.3068
37840,-107.07064
37841,-106.744774
37842,-105.36977
37843,-103.51468
37844,-101.76868
37845,-100.69544
37846,-100.78184
37847,-102.06818
37848,-103.989716
37849,-105.95783
37850,-107.41267
37851,-107.84976
37852,-107.0869
37853,-105.377785
37854,-102.99297
37855,-100.18191
37856,-97.19266
37857,-94.26488
37858,-91.62705
37859,-89.50718
37860,-88.13388
37861,-87.73582
37862,-88.542
37863,-90.78167
37864,-94.68433
37865,-105.47967
37866,-103.99206
37867,-101.249725
37868,-100.86296
37869,-101.26843
37870,-102.37623
37871,-104.09646
37872,-106.339066
37873,-109.01397
37874,-112.03106
37875,-115.300224
37876,-118.72344
37877,-122.1567
37878,-125.39392
37879,-128.22658
37880,-130.4493
37881,-131.8828
37882,-132.50024
37883,-132.48088
37884,-132.01195
37885,-131.27065
37886,-130.42657
37887,-129.60435
37888,-128.86789
37889,-128.27875
37890,-127.90137
37891,-127.79186
37892,-127.95759
37893,-128.33984
37894,-128.87755
37895,-129.51273
37896,-130.18098
37897,-130.78134
37898,-131.16293
37899,-131.17302
37900,-130.66121
37901,-129.5184
37902,-127.87503
37903,-126.18587
37904,-124.91805
37905,-124.523186
37906,-125.39334
37907,-127.5753
37908,-130.6481
37909,-134.1728
37910,-137.73308
37911,-140.91255
37912,-143.29503
37913,-144.4643
37914,-144.00403
37915,-141.4977
37916,-139.75743
37917,-142.18832
37918,-143.63086
37919,-144.84723
37920,-145.77582
37921,-146.3545
37922,-146.52199
37923,-146.21838
37924,-145.38573
37925,-143.96812
37926,-141.94757
37927,-139.51595
37928,-137.1487
37929,-135.33356
37930,-134.5461
37931,-135.18103
37932,-137.15868
37933,-139.75653
37934,-142.22813
37935,-143.85847
37936,-144.0111
37937,-142.50436
37938,-139.77231
37939,-136.27287
37940,-132.43445
37941,-128.65462
37942,-125.15141
37943,-121.89985
37944,-118.86546
37945,-116.025215
37946,-113.366974
37947,-110.94367
37948,-108.896126
37949,-107.3683
37950,-106.49969
37951,-106.394646
37952,-106.95517
37953,-107.80928
37954,-108.57392
37955,-108.87895
37956,-108.395874
37957,-107.03975
37958,-105.05541
37959,-102.70006
37960,-100.214836
37961,-97.84059
37962,-95.81793
37963,-94.38733
37964,-93.78914
37965,-94.26371
37966,-100.25209
37967,-117.64947
37968,-122.720566
37969,-118.98117
37970,-117.242874
37971,-113.31443
37972,-108.00389
37973,-107.11898
37974,-101.466774
37975,-91.853455
37976,-88.98112
37977,-87.950424
37978,-88.04767
37979,-88.52675
37980,-88.679665
37981,-87.87934
37982,-85.97021
37983,-83.43505
37984,-80.7817
37985,-78.487175
37986,-76.981255
37987,-76.420364
37988,-76.5904
37989,-77.26216
37990,-78.22365
37991,-79.27389
37992,-80.276276
37993,-81.181564
37994,-81.94424
37995,-82.514565
37996,-82.84501
37997,-82.90061
37998,-82.66323
37999,-82.11544
38000,-81.239075
38001,-80.03322
38002,-78.596886
38003,-77.16454
38004,-75.97605
38005,-75.26488
38006,-75.238976
38007,-75.95712
38008,-77.27578
38009,-79.04289
38010,-81.115746
38011,-83.351654
38012,-85.60785
38013,-87.74159
38014,-89.61019
38015,-91.07105
38016,-93.241844
38017,-96.71488
38018,-98.23048
38019,-98.69503
38020,-98.371414
38021,-97.52211
38022,-96.40954
38023,-95.29598
38024,-94.44368
38025,-94.114975
38026,-94.52665
38027,-95.631096
38028,-97.022156
38029,-98.279465
38030,-98.999626
38031,-98.84307
38032,-97.84037
38033,-96.523056
38034,-95.44205
38035,-95.12425
38036,-96.024414
38037,-98.17705
38038,-101.0469
38039,-104.075874
38040,-106.73291
38041,-108.54494
38042,-109.37514
38043,-109.54214
38044,-109.381966
38045,-109.20883
38046,-109.30775
38047,-109.79408
38048,-110.55371
38049,-111.46353
38050,-112.41154
38051,-113.29365
38052,-114.05225
38053,-114.692474
38054,-115.222
38055,-115.64542
38056,-115.968155
38057,-116.20021
38058,-116.35799
38059,-116.45807
38060,-116.51673
38061,-116.55029
38062,-116.57504
38063,-116.60728
38064,-116.66332
38065,-116.759476
38066,-116.49905
38067,-115.47855
38068,-114.48859
38069,-113.488205
38070,-112.55154
38071,-111.752625
38072,-111.165535
38073,-110.86436
38074,-110.92316
38075,-111.416084
38076,-112.40143
38077,-113.84581
38078,-115.59156
38079,-117.47627
38080,-119.34342
38081,-121.06742
38082,-122.702065
38083,-124.54398
38084,-126.89919
38085,-130.06195
38086,-134.25893
38087,-139.32373
38088,-149.55833
38089,-149.24416
38090,-152.68825
38091,-154.27806
38092,-153.869
38093,-151.95059
38094,-149.03712
38095,-145.61304
38096,-142.1333
38097,-138.88078
38098,-135.90474
38099,-133.24423
38100,-130.9467
38101,-129.05528
38102,-127.60255
38103,-126.60869
38104,-126.09368
38105,-126.078575
38106,-126.57178
38107,-127.50528
38108,-128.70755
38109,-130.00444
38110,-131.22847
38111,-132.21355
38112,-132.79485
38113,-132.80873
38114,-132.09239
38115,-130.48396
38116,-129.71405
38117,-131.09996
38118,-130.4088
38119,-128.69672
38120,-126.21971
38121,-123.233864
38122,-119.995346
38123,-116.760185
38124,-113.7843
38125,-111.32332
38126,-109.59777
38127,-108.624695
38128,-108.14563
38129,-107.89134
38130,-107.60546
38131,-107.0545
38132,-106.1389
38133,-104.94057
38134,-103.54815
38135,-102.041336
38136,-100.50087
38137,-99.01479
38138,-97.68119
38139,-96.59836
38140,-95.86386
38141,-95.54703
38142,-95.554
38143,-95.56989
38144,-95.270996
38145,-94.343925
38146,-92.52278
38147,-89.817085
38148,-86.609276
38149,-83.296074
38150,-80.25591
38151,-77.83699
38152,-76.21326
38153,-75.32283
38154,-75.094284
38155,-75.467316
38156,-76.38025
38157,-77.763535
38158,-79.53724
38159,-81.62082
38160,-83.93421
38161,-86.397156
38162,-88.92947
38163,-91.450836
38164,-93.88099
38165,-96.139694
38166,-96.54202
38167,-93.90791
38168,-92.10209
38169,-90.550285
38170,-89.33311
38171,-88.531075
38172,-88.22489
38173,-88.49518
38174,-89.42267
38175,-91.08813
38176,-93.527435
38177,-96.51455
38178,-99.4685
38179,-101.794075
38180,-102.91322
38181,-102.33255
38182,-100.04879
38183,-96.721985
38184,-93.03729
38185,-89.647804
38186,-87.14494
38187,-85.7646
38188,-85.26156
38189,-85.37155
38190,-85.8531
38191,-86.47324
38192,-87.048805
38193,-87.4644
38194,-87.60733
38195,-87.36179
38196,-86.639
38197,-85.50754
38198,-84.248856
38199,-83.15281
38200,-82.499176
38201,-82.53261
38202,-83.29353
38203,-84.54535
38204,-86.040115
38205,-87.54295
38206,-88.84061
38207,-89.846596
38208,-90.64602
38209,-91.330894
38210,-91.98505
38211,-92.6923
38212,-93.53655
38213,-94.60166
38214,-95.97154
38215,-97.73005
38216,-101.94799
38217,-114.11187
38218,-112.89736
38219,-114.98279
38220,-115.79148
38221,-115.74605
38222,-115.2688
38223,-114.78194
38224,-114.70766
38225,-115.46815
38226,-117.40363
38227,-120.37729
38228,-123.60649
38229,-126.2836
38230,-127.63207
38231,-126.986916
38232,-124.33567
38233,-120.55012
38234,-116.534424
38235,-113.149605
38236,-111.16539
38237,-110.82072
38238,-111.635735
38239,-113.10444
38240,-114.756424
38241,-116.165535
38242,-117.15684
38243,-117.894905
38244,-118.55821
38245,-119.309715
38246,-120.286385
38247,-121.47078
38248,-122.63619
38249,-123.54829
38250,-123.98287
38251,-123.75427
38252,-122.899185
38253,-121.75531
38254,-120.67181
38255,-119.9833
38256,-119.97931
38257,-120.687164
38258,-121.77926
38259,-122.91428
38260,-123.7678
38261,-124.015114
38262,-123.33142
38263,-121.391815
38264,-117.871185
38265,-117.44448
38266,-110.661064
38267,-117.014755
38268,-118.724625
38269,-118.51608
38270,-116.80444
38271,-114.004585
38272,-110.53109
38273,-106.79832
38274,-103.22039
38275,-100.21105
38276,-98.127975
38277,-97.004074
38278,-96.43253
38279,-95.989296
38280,-95.2712
38281,-93.92656
38282,-91.90356
38283,-89.55661
38284,-87.25568
38285,-85.35113
38286,-84.168274
38287,-83.88682
38288,-84.48928
38289,-85.95026
38290,-88.253784
38291,-91.345
38292,-94.94405
38293,-98.46599
38294,-101.313545
38295,-102.904236
38296,-102.752556
38297,-100.9343
38298,-98.284874
38299,-95.66848
38300,-93.91259
38301,-93.74557
38302,-95.32041
38303,-98.01012
38304,-101.15624
38305,-104.13714
38306,-106.38488
38307,-107.64404
38308,-108.0826
38309,-107.88485
38310,-107.21473
38311,-106.236176
38312,-105.11311
38313,-104.00945
38314,-103.08903
38315,-102.51574
38316,-102.36592
38317,-102.01582
38318,-100.55519
38319,-98.47534
38320,-96.01857
38321,-93.427055
38322,-90.94291
38323,-88.80819
38324,-87.264984
38325,-86.55543
38326,-86.88385
38327,-88.233505
38328,-90.28767
38329,-92.7173
38330,-95.20746
38331,-97.474884
38332,-99.420906
38333,-101.19707
38334,-102.96479
38335,-104.873566
38336,-107.04222
38337,-109.411446
38338,-111.68067
38339,-113.54002
38340,-114.69121
38341,-114.8829
38342,-114.136856
38343,-112.8441
38344,-111.409904
38345,-110.22163
38346,-109.62533
38347,-109.7263
38348,-110.303925
38349,-111.12506
38350,-111.97215
38351,-112.641655
38352,-113.01168
38353,-113.07082
38354,-112.81191
38355,-112.222534
38356,-111.304146
38357,-110.1389
38358,-108.91814
38359,-107.8374
38360,-107.08703
38361,-106.857315
38362,-107.33863
38363,-108.721405
38364,-111.19616
38365,-114.95345
38366,-119.9803
38367,-124.68454
38368,-126.87708
38369,-127.57854
38370,-127.235825
38371,-126.295654
38372,-125.20478
38373,-124.40995
38374,-124.3579
38375,-125.495384
38376,-128.18524
38377,-132.30298
38378,-137.06409
38379,-141.65894
38380,-145.30984
38381,-147.33656
38382,-147.62283
38383,-146.81636
38384,-145.59421
38385,-144.59706
38386,-144.38374
38387,-145.03752
38388,-145.99756
38389,-146.67844
38390,-146.52559
38391,-145.063
38392,-142.27124
38393,-138.74937
38394,-135.12048
38395,-131.97804
38396,-129.8592
38397,-128.97444
38398,-129.09233
38399,-129.9645
38400,-131.36378
38401,-133.05682
38402,-134.77344
38403,-136.19379
38404,-136.99612
38405,-136.861
38406,-135.52019
38407,-133.00468
38408,-129.75029
38409,-126.20841
38410,-122.811134
38411,-119.990364
38412,-118.178024
38413,-117.806046
38414,-119.306625
38415,-123.112045
38416,-124.240486
38417,-118.10148
38418,-115.563934
38419,-114.49001
38420,-114.65123
38421,-115.81914
38422,-117.765305
38423,-120.261116
38424,-123.077965
38425,-125.987236
38426,-128.77467
38427,-131.3097
38428,-133.5748
38429,-135.55692
38430,-137.2374
38431,-138.60783
38432,-139.71898
38433,-140.70135
38434,-141.68875
38435,-142.81091
38436,-144.16399
38437,-145.64775
38438,-146.8963
38439,-147.53362
38440,-147.19632
38441,-145.59737
38442,-142.89441
38443,-139.84746
38444,-137.23978
38445,-135.82587
38446,-136.2572
38447,-138.58856
38448,-142.06665
38449,-145.90755
38450,-149.36629
38451,-151.77171
38452,-152.88031
38453,-153.02739
38454,-152.57051
38455,-151.83957
38456,-151.14677
38457,-150.70381
38458,-150.5864
38459,-150.86435
38460,-151.61363
38461,-152.91061
38462,-154.83199
38463,-157.45517
38464,-160.85814
38465,-165.1196
38466,-167.93619
38467,-166.7254
38468,-165.47586
38469,-163.69333
38470,-161.49954
38471,-159.01657
38472,-156.36668
38473,-153.67244
38474,-151.05649
38475,-148.64165
38476,-146.54604
38477,-144.86105
38478,-143.64153
38479,-142.94096
38480,-142.81454
38481,-143.29295
38482,-144.265
38483,-145.4272
38484,-146.46877
38485,-147.08801
38486,-147.02036
38487,-146.21759
38488,-144.92436
38489,-143.39653
38490,-141.87599
38491,-140.578
38492,-139.56453
38493,-138.68971
38494,-137.79976
38495,-136.75072
38496,-135.42146
38497,-133.82422
38498,-132.1516
38499,-130.6031
38500,-129.36952
38501,-128.61061
38502,-128.30644
38503,-128.19395
38504,-128.00061
38505,-127.46561
38506,-126.35312
38507,-124.57296
38508,-122.23213
38509,-119.44507
38510,-116.31685
38511,-112.95235
38512,-109.45652
38513,-105.93425
38514,-102.49026
38515,-99.22933
38516,-100.44856
38517,-113.929
38518,-119.30288
38519,-118.59779
38520,-121.9816
38521,-124.62158
38522,-126.68496
38523,-128.33871
38524,-129.74959
38525,-131.08301
38526,-132.47949
38527,-133.94962
38528,-135.33055
38529,-136.45251
38530,-137.15462
38531,-137.296
38532,-136.84795
38533,-135.93289
38534,-134.68062
38535,-133.21509
38536,-131.65814
38537,-130.11246
38538,-128.65414
38539,-127.35919
38540,-126.30556
38541,-125.559074
38542,-125.1129
38543,-124.86143
38544,-124.695435
38545,-124.51068
38546,-124.223564
38547,-123.87046
38548,-123.64983
38549,-123.76642
38550,-124.41698
38551,-125.75354
38552,-127.66835
38553,-129.70215
38554,-131.38202
38555,-132.25177
38556,-131.91
38557,-130.27419
38558,-127.693794
38559,-124.5347
38560,-121.141815
38561,-117.8598
38562,-115.03304
38563,-113.00572
38564,-112.12181
38565,-112.72518
38566,-115.61257
38567,-119.65898
38568,-120.89871
38569,-120.56293
38570,-119.01567
38571,-116.620766
38572,-113.74185
38573,-110.74238
38574,-107.98564
38575,-105.83475
38576,-104.60406
38577,-104.32545
38578,-104.64826
38579,-105.20692
38580,-105.654
38581,-105.683174
38582,-105.2276
38583,-104.544525
38584,-103.903694
38585,-103.55927
38586,-103.73187
38587,-104.447
38588,-105.466064
38589,-106.54003
38590,-107.43262
38591,-107.94706
38592,-108.117035
38593,-108.28814
38594,-108.81809
38595,-110.049614
38596,-112.25949
38597,-115.340935
38598,-118.66771
38599,-121.593414
38600,-123.49665
38601,-123.841194
38602,-122.584854
38603,-120.35412
38604,-117.80101
38605,-115.545364
38606,-114.14584
38607,-113.806046
38608,-114.24883
38609,-115.178665
38610,-116.323044
38611,-117.40944
38612,-118.16528
38613,-118.31813
38614,-117.59549
38615,-115.724945
38616,-113.21243
38617,-111.53039
38618,-110.765366
38619,-110.64551
38620,-111.00848
38621,-111.6919
38622,-112.53347
38623,-113.37074
38624,-114.04143
38625,-114.38314
38626,-114.25126
38627,-113.603874
38628,-112.538216
38629,-111.15684
38630,-109.55562
38631,-107.839424
38632,-106.16529
38633,-104.76096
38634,-103.856895
38635,-103.68012
38636,-104.41564
38637,-106.00261
38638,-108.04747
38639,-110.143555
38640,-111.90008
38641,-112.97196
38642,-113.27961
38643,-113.102715
38644,-112.73477
38645,-112.45205
38646,-112.502106
38647,-112.96592
38648,-113.69893
38649,-114.54791
38650,-115.37044
38651,-116.03414
38652,-116.46525
38653,-116.669205
38654,-116.654495
38655,-116.42578
38656,-115.9956
38657,-115.421524
38658,-114.82237
38659,-114.319214
38660,-114.03024
38661,-114.073654
38662,-114.56765
38663,-115.63047
38664,-117.380325
38665,-119.93545
38666,-123.645966
38667,-127.75145
38668,-129.98473
38669,-131.10652
38670,-131.36676
38671,-131.01527
38672,-130.30193
38673,-129.47662
38674,-128.78922
38675,-128.48953
38676,-128.79453
38677,-129.72931
38678,-131.05954
38679,-132.54086
38680,-133.94144
38681,-135.05074
38682,-135.78127
38683,-136.21255
38684,-136.43033
38685,-136.51245
38686,-136.55202
38687,-136.73077
38688,-137.35071
38689,-138.71829
38690,-141.13426
38691,-144.83258
38692,-149.66003
38693,-159.93933
38694,-164.97354
38695,-164.09119
38696,-166.68585
38697,-167.5288
38698,-166.90268
38699,-165.11018
38700,-162.4295
38701,-159.13812
38702,-155.51442
38703,-151.83885
38704,-148.39014
38705,-145.44606
38706,-143.25136
38707,-141.85547
38708,-141.04364
38709,-140.5927
38710,-140.29431
38711,-139.94186
38712,-139.33047
38713,-138.25656
38714,-136.51785
38715,-133.91307
38716,-129.40776
38717,-128.65213
38718,-120.93331
38719,-119.86973
38720,-120.01079
38721,-120.906166
38722,-122.1056
38723,-123.15874
38724,-123.61523
38725,-123.024635
38726,-121.020256
38727,-117.72252
38728,-113.9112
38729,-110.39088
38730,-107.93401
38731,-107.206795
38732,-108.26001
38733,-110.31103
38734,-112.544334
38735,-114.18395
38736,-114.54438
38737,-113.46786
38738,-111.51096
38739,-109.257355
38740,-107.25592
38741,-106.000854
38742,-105.66937
38743,-106.00974
38744,-106.753456
38745,-107.65242
38746,-108.46577
38747,-108.99688
38748,-109.109085
38749,-108.667854
38750,-107.53568
38751,-105.62073
38752,-103.09682
38753,-100.4974
38754,-98.36943
38755,-97.24253
38756,-97.58853
38757,-99.54325
38758,-102.786865
38759,-106.981285
38760,-111.80977
38761,-121.95533
38762,-127.10105
38763,-126.93015
38764,-131.12604
38765,-134.37216
38766,-139.4415
38767,-152.3665
38768,-149.4482
38769,-148.3009
38770,-144.75607
38771,-139.64616
38772,-138.80438
38773,-133.06418
38774,-123.25883
38775,-120.221
38776,-119.65165
38777,-121.48684
38778,-124.6272
38779,-127.933365
38780,-130.31572
38781,-130.81615
38782,-129.2402
38783,-126.42706
38784,-123.25549
38785,-120.55457
38786,-119.05625
38787,-118.92791
38788,-119.57297
38789,-120.36514
38790,-120.712006
38791,-120.079895
38792,-118.30644
38793,-115.737236
38794,-112.736595
38795,-109.645515
38796,-106.77597
38797,-104.2607
38798,-101.98901
38799,-99.8441
38800,-97.72406
38801,-95.54591
38802,-93.32354
38803,-91.20066
38804,-89.32764
38805,-87.85015
38806,-86.88908
38807,-86.41517
38808,-86.1952
38809,-85.988174
38810,-85.56302
38811,-84.68883
38812,-83.134834
38813,-80.67023
38814,-77.064415
38815,-72.08708
38816,-67.03348
38817,-64.16519
38818,-62.1967
38819,-61.005157
38820,-60.36537
38821,-60.04988
38822,-59.82727
38823,-59.462154
38824,-58.717075
38825,-57.35403
38826,-55.185932
38827,-52.319054
38828,-49.256897
38829,-46.520733
38830,-44.61441
38831,-43.96107
38832,-44.506393
38833,-45.54425
38834,-46.336384
38835,-46.174026
38836,-44.44059
38837,-41.048576
38838,-36.626694
38839,-31.834154
38840,-27.294333
38841,-23.571028
38842,-20.895557
38843,-19.048468
38844,-17.787178
38845,-16.888279
38846,-16.142776
38847,-15.429304
38848,-14.746833
38849,-14.101034
38850,-13.492157
38851,-12.914205
38852,-12.324698
38853,-11.631085
38854,-10.737727
38855,-9.551
38856,-7.992451
38857,-6.071687
38858,-3.9186108
38859,-1.6700267
38860,0.5427043
38861,2.5885649
38862,4.3367577
38863,-655.18866
38864,-634.9383
38865,-630.59454
38866,-639.65125
38867,-657.86993
38868,3.6024966
38869,1.6505533
38870,-0.4507305
38871,-2.4594054
38872,-4.1334844
38873,-5.231464
38874,-5.5128593
38875,-4.738564
38876,-2.7370994
38877,0.2783241
38878,3.5718513
38879,-644.258
38880,-602.8536
38881,-602.61865
38882,-646.9799
38883,2.0057054
38884,-1.7750412
38885,-5.110188
38886,-7.282459
38887,-8.085545
38888,-8.012933
38889,-7.6031256
38890,-7.363393
38891,-7.741426
38892,-8.842968
38893,-10.302531
38894,-11.721853
38895,-12.721008
38896,-12.977786
38897,-12.505372
38898,-11.775206
38899,-11.2861
38900,-11.517612
38901,-12.881817
38902,-15.389276
38903,-18.494888
38904,-21.615192
38905,-24.18876
38906,-25.716944
38907,-26.061846
38908,-25.57694
38909,-24.642277
38910,-23.615202
38911,-22.85238
38912,-22.710417
38913,-23.54672
38914,-25.720457
38915,-29.59311
38916,-32.51138
38917,-31.201431
38918,-30.39593
38919,-29.453331
38920,-28.434238
38921,-27.399212
38922,-26.408768
38923,-25.52338
38924,-24.803576
38925,-24.309887
38926,-24.101988
38927,-24.234514
38928,-24.755049
38929,-25.710934
38930,-27.149899
38931,-29.086975
38932,-31.346365
38933,-33.49069
38934,-35.06784
38935,-35.637833
38936,-34.837955
38937,-32.74824
38938,-30.048637
38939,-27.445776
38940,-25.616787
38941,-25.159367
38942,-26.210413
38943,-28.27504
38944,-30.82139
38945,-33.343147
38946,-35.383656
38947,-36.77862
38948,-37.76262
38949,-38.591446
38950,-39.503174
38951,-40.71735
38952,-42.345097
38953,-44.349575
38954,-46.6865
38955,-49.31842
38956,-52.195236
38957,-55.193485
38958,-58.089653
38959,-60.655525
38960,-62.66772
38961,-63.90317
38962,-64.13915
38963,-63.15329
38964,-60.72368
38965,-56.629166
38966,-52.0346
38967,-49.36422
38968,-48.13124
38969,-48.064835
38970,-48.943207
38971,-50.543774
38972,-52.64319
38973,-55.0175
38974,-57.442497
38975,-59.693825
38976,-61.566624
38977,-62.969067
38978,-63.962917
38979,-64.61671
38980,-64.991745
38981,-65.14487
38982,-65.10722
38983,-64.87518
38984,-64.443596
38985,-63.808853
38986,-62.972034
38987,-61.96109
38988,-60.840538
38989,-59.676434
38990,-58.533043
38991,-57.484703
38992,-56.664543
38993,-56.285522
38994,-56.564228
38995,-57.71386
38996,-59.894444
38997,-62.95432
38998,-66.31715
38999,-69.38661
39000,-71.58611
39001,-72.421005
39002,-71.86921
39003,-70.54879
39004,-69.10371
39005,-68.14712
39006,-68.22485
39007,-69.49203
39008,-71.57291
39009,-74.06863
39010,-76.60463
39011,-78.806274
39012,-80.29901
39013,-80.70859
39014,-79.66135
39015,-76.78428
39016,-73.853
39017,-73.66301
39018,-73.81832
39019,-74.470665
39020,-75.46812
39021,-76.6586
39022,-77.8899
39023,-79.00982
39024,-79.86615
39025,-80.30674
39026,-80.21834
39027,-79.71365
39028,-79.21132
39029,-79.14244
39030,-79.923645
39031,-81.89973
39032,-84.996124
39033,-88.56862
39034,-91.94902
39035,-94.49601
39036,-95.658806
39037,-95.41054
39038,-94.43332
39039,-93.4368
39040,-93.096375
39041,-93.99574
39042,-96.184494
39043,-98.98826
39044,-101.7034
39045,-103.66083
39046,-104.29446
39047,-103.63647
39048,-102.528725
39049,-101.844154
39050,-102.41685
39051,-104.94997
39052,-109.38399
39053,-119.62525
39054,-119.539116
39055,-123.040764
39056,-124.179115
39057,-122.77724
39058,-119.70579
39059,-115.87521
39060,-112.14569
39061,-109.37696
39062,-108.428734
39063,-110.161125
39064,-115.43511
39065,-130.112
39066,-128.8466
39067,-122.532326
39068,-114.31827
39069,-114.34146
39070,-116.88211
39071,-121.21994
39072,-131.63474
39073,-137.40749
39074,-142.82126
39075,-142.16173
39076,-144.79428
39077,-145.53647
39078,-144.81696
39079,-143.08925
39080,-140.77911
39081,-138.27957
39082,-135.78741
39083,-133.23297
39084,-130.53687
39085,-127.633064
39086,-124.47167
39087,-121.09535
39088,-117.67205
39089,-114.37431
39090,-111.368744
39091,-108.81056
39092,-106.79052
39093,-105.31187
39094,-104.37441
39095,-103.98188
39096,-104.1185
39097,-104.65651
39098,-105.316536
39099,-105.81299
39100,-105.867226
39101,-105.23371
39102,-103.86048
39103,-101.957726
39104,-99.74553
39105,-97.43093
39106,-95.20586
39107,-93.17525
39108,-91.32646
39109,-89.64209
39110,-88.11015
39111,-86.718445
39112,-85.4546
39113,-84.30607
39114,-83.26016
39115,-82.30401
39116,-83.77724
39117,-88.55582
39118,-89.779854
39119,-89.15308
39120,-87.057434
39121,-83.87378
39122,-79.98247
39123,-75.76334
39124,-71.59562
39125,-67.85811
39126,-64.88713
39127,-62.773804
39128,-61.277092
39129,-60.142033
39130,-59.129074
39131,-58.02789
39132,-56.799065
39133,-55.635155
39134,-54.738255
39135,-54.29867
39136,-54.475224
39137,-55.24935
39138,-56.36172
39139,-57.54202
39140,-58.531216
39141,-59.10746
39142,-59.262592
39143,-59.27835
39144,-59.44969
39145,-60.058674
39146,-61.335186
39147,-63.202946
39148,-65.168945
39149,-66.721596
39150,-67.36897
39151,-66.69541
39152,-64.7244
39153,-62.073864
39154,-59.38588
39155,-57.273838
39156,-56.285408
39157,-56.587246
39158,-57.827908
39159,-59.63234
39160,-61.64867
39161,-63.52454
39162,-64.90748
39163,-65.445274
39164,-64.7862
39165,-62.57925
39166,-62.214832
39167,-67.025444
39168,-69.82115
39169,-71.92021
39170,-73.42979
39171,-74.456726
39172,-75.10752
39173,-75.488625
39174,-75.70623
39175,-75.86652
39176,-76.061165
39177,-76.29821
39178,-76.4722
39179,-76.47305
39180,-76.19594
39181,-75.554886
39182,-74.57355
39183,-73.423904
39184,-72.28406
39185,-71.324936
39186,-70.696686
39187,-70.428474
39188,-70.38535
39189,-70.42524
39190,-70.4135
39191,-70.23252
39192,-69.86446
39193,-69.4264
39194,-69.03995
39195,-68.81968
39196,-68.870056
39197,-69.236946
39198,-69.88688
39199,-70.78363
39200,-71.89541
39201,-73.19639
39202,-74.69276
39203,-76.43362
39204,-78.47041
39205,-80.853065
39206,-83.61533
39207,-86.695656
39208,-89.90291
39209,-93.04081
39210,-95.9194
39211,-98.348946
39212,-100.13979
39213,-101.10249
39214,-101.04775
39215,-99.78625
39216,-96.41977
39217,-91.20041
39218,-87.384186
39219,-84.28451
39220,-81.84401
39221,-80.005264
39222,-78.71086
39223,-77.90327
39224,-77.52485
39225,-77.51784
39226,-77.82862
39227,-78.4278
39228,-79.31882
39229,-80.50601
39230,-81.991516
39231,-83.75573
39232,-85.653145
39233,-87.36809
39234,-88.577965
39235,-88.96859
39236,-88.292114
39237,-86.68513
39238,-84.80434
39239,-83.32679
39240,-82.90479
39241,-84.082214
39242,-86.770355
39243,-90.02151
39244,-92.85191
39245,-94.31857
39246,-93.61002
39247,-90.67521
39248,-86.49175
39249,-82.07628
39250,-78.39503
39251,-76.299995
39252,-75.98301
39253,-76.741394
39254,-77.83526
39255,-78.56612
39256,-78.31014
39257,-76.87939
39258,-74.67642
39259,-72.127396
39260,-69.63019
39261,-67.5822
39262,-66.38093
39263,-66.42431
39264,-68.1111
39265,-71.84136
39266,-73.620415
39267,-70.745094
39268,-73.54904
39269,-79.09715
39270,-91.46386
39271,-99.71849
39272,-107.929146
39273,-115.16514
39274,-120.49742
39275,-117.997505
39276,-116.91178
39277,-112.5055
39278,-111.42374
39279,-105.36351
39280,-95.95429
39281,-94.62199
39282,-96.61333
39283,-100.57707
39284,-105.09768
39285,-108.83486
39286,-110.591835
39287,-110.00237
39288,-107.8241
39289,-104.85769
39290,-101.849915
39291,-99.48111
39292,-98.04665
39293,-97.321014
39294,-97.0587
39295,-97.03899
39296,-97.05862
39297,-97.01511
39298,-96.94248
39299,-96.88025
39300,-96.86128
39301,-96.913925
39302,-97.04077
39303,-97.2094
39304,-97.38593
39305,-97.53809
39306,-97.63357
39307,-97.639565
39308,-97.522804
39309,-97.249954
39310,-96.78763
39311,-96.10233
39312,-95.16058
39313,-93.92884
39314,-92.37345
39315,-90.46077
39316,-88.285866
39317,-86.4668
39318,-85.63224
39319,-85.45797
39320,-85.794586
39321,-86.49246
39322,-87.40168
39323,-88.37076
39324,-89.24493
39325,-89.866
39326,-90.10476
39327,-90.00998
39328,-89.87265
39329,-89.99451
39330,-90.667435
39331,-92.12802
39332,-94.28382
39333,-96.59551
39334,-98.507065
39335,-99.48508
39336,-99.08014
39337,-97.32489
39338,-94.90358
39339,-92.52603
39340,-90.87101
39341,-90.52493
39342,-91.536
39343,-93.22248
39344,-94.87329
39345,-95.811844
39346,-95.45135
39347,-93.72628
39348,-91.27682
39349,-88.77011
39350,-86.839096
39351,-86.036415
39352,-86.45014
39353,-87.538376
39354,-88.733536
39355,-89.497375
39356,-89.34561
39357,-88.10834
39358,-86.04151
39359,-83.41757
39360,-80.488396
39361,-77.50533
39362,-74.71947
39363,-72.38153
39364,-70.74217
39365,-70.05208
39366,-69.65206
39367,-69.07077
39368,-70.32473
39369,-72.59678
39370,-75.50866
39371,-78.68126
39372,-81.734955
39373,-84.290215
39374,-85.96756
39375,-86.38788
39376,-85.23634
39377,-82.569885
39378,-78.948265
39379,-74.950584
39380,-71.13121
39381,-68.00942
39382,-65.90433
39383,-64.86442
39384,-64.92741
39385,-66.14408
39386,-68.52947
39387,-71.889984
39388,-75.7481
39389,-79.61339
39390,-83.00845
39391,-85.50108
39392,-86.91969
39393,-87.44545
39394,-87.27384
39395,-86.58339
39396,-85.55026
39397,-84.33785
39398,-83.092354
39399,-81.95923
39400,-81.08474
39401,-80.59174
39402,-80.46651
39403,-80.51012
39404,-80.51625
39405,-80.28722
39406,-79.65102
39407,-78.58451
39408,-77.26606
39409,-75.88139
39410,-74.605995
39411,-73.615005
39412,-73.08349
39413,-73.186775
39414,-74.100624
39415,-76.00134
39416,-80.07899
39417,-91.257225
39418,-90.49735
39419,-93.65069
39420,-95.80461
39421,-97.04643
39422,-97.46326
39423,-97.14223
39424,-96.17062
39425,-94.63565
39426,-92.642006
39427,-90.39525
39428,-88.23748
39429,-86.51612
39430,-85.57206
39431,-85.691475
39432,-86.84165
39433,-88.55719
39434,-90.35494
39435,-91.77196
39436,-92.40547
39437,-92.20169
39438,-91.5794
39439,-90.97596
39440,-90.806046
39441,-91.42635
39442,-92.85646
39443,-94.65907
39444,-96.3785
39445,-97.58064
39446,-97.8857
39447,-97.22828
39448,-95.96897
39449,-94.48484
39450,-93.132416
39451,-92.239716
39452,-91.96959
39453,-92.261345
39454,-93.04549
39455,-94.26303
39456,-95.85726
39457,-97.78425
39458,-100.017395
39459,-102.5308
39460,-105.2978
39461,-108.291504
39462,-111.485214
39463,-114.85208
39464,-118.36531
39465,-121.998085
39466,-120.11204
39467,-114.91329
39468,-106.59282
39469,-106.50386
39470,-108.90556
39471,-113.056725
39472,-118.21491
39473,-128.63727
39474,-133.58096
39475,-132.30359
39476,-134.14374
39477,-133.90895
39478,-132.04118
39479,-129.00674
39480,-125.24144
39481,-121.17048
39482,-117.15862
39483,-113.48925
39484,-110.441864
39485,-108.29917
39486,-107.30593
39487,-107.49563
39488,-108.6178
39489,-110.40821
39490,-112.61567
39491,-114.9969
39492,-117.34745
39493,-119.51476
39494,-121.35213
39495,-122.71438
39496,-123.458916
39497,-123.4405
39498,-122.508995
39499,-120.51622
39500,-117.31644
39501,-112.80754
39502,-112.133354
39503,-105.769516
39504,-99.20467
39505,-92.91142
39506,-87.32221
39507,-77.639275
39508,-73.75357
39509,-70.54399
39510,-67.904
39511,-65.72663
39512,-63.90439
39513,-62.32916
39514,-60.89223
39515,-59.484165
39516,-59.784164
39517,-62.22017
39518,-61.338387
39519,-58.708862
39520,-54.81643
39521,-50.143467
39522,-45.17026
39523,-40.375084
39524,-36.234615
39525,-33.22477
39526,-31.754885
39527,-31.844578
39528,-32.980312
39529,-34.618744
39530,-36.237606
39531,-37.352665
39532,-37.708504
39533,-37.361996
39534,-36.385822
39535,-34.838406
39536,-32.778435
39537,-30.268072
39538,-27.37428
39539,-24.164024
39540,-20.703821
39541,-17.080954
39542,-13.504359
39543,-10.348531
39544,-7.9965954
39545,-6.825649
39546,-7.1528287
39547,-8.931248
39548,-11.608136
39549,-14.59239
39550,-17.310375
39551,-19.244102
39552,-20.202597
39553,-20.442186
39554,-20.245487
39555,-19.875124
39556,-19.575977
39557,-19.493391
39558,-19.636925
39559,-20.008343
39560,-20.615313
39561,-21.465496
39562,-22.566605
39563,-23.926386
39564,-25.552614
39565,-27.453056
39566,-31.525167
39567,-42.99739
39568,-40.47724
39569,-40.66943
39570,-39.08176
39571,-36.21616
39572,-32.57113
39573,-28.642603
39574,-24.924719
39575,-21.910494
39576,-20.037296
39577,-19.418467
39578,-19.723831
39579,-20.597534
39580,-21.701256
39581,-22.727076
39582,-23.550617
39583,-24.299192
39584,-25.114687
39585,-26.128149
39586,-27.462896
39587,-29.196869
39588,-31.345785
39589,-33.921898
39590,-36.94015
39591,-40.3906
39592,-44.117973
39593,-47.7684
39594,-50.977642
39595,-53.390995
39596,-54.70255
39597,-54.88627
39598,-54.295807
39599,-53.301464
39600,-52.255375
39601,-51.481323
39602,-51.14031
39603,-51.172283
39604,-51.507175
39605,-52.085064
39606,-52.842865
39607,-53.6992
39608,-54.54794
39609,-55.281754
39610,-55.794548
39611,-55.98023
39612,-55.732822
39613,-54.946514
39614,-53.515606
39615,-51.334682
39616,-50.837494
39617,-54.329136
39618,-56.78093
39619,-58.918205
39620,-60.66182
39621,-61.932594
39622,-62.651333
39623,-62.73893
39624,-62.1164
39625,-60.704967
39626,-58.470695
39627,-55.63915
39628,-52.787228
39629,-50.50626
39630,-49.37127
39631,-49.87736
39632,-52.04877
39633,-55.2665
39634,-58.879074
39635,-62.262974
39636,-64.858055
39637,-66.4739
39638,-67.42189
39639,-68.035255
39640,-68.62348
39641,-69.46084
39642,-70.61794
39643,-71.889015
39644,-73.0564
39645,-73.91545
39646,-74.29385
39647,-74.20731
39648,-73.92639
39649,-73.732185
39650,-73.893616
39651,-74.642
39652,-75.988945
39653,-77.64793
39654,-79.31978
39655,-80.719345
39656,-81.59062
39657,-81.847565
39658,-81.63447
39659,-81.1049
39660,-80.40137
39661,-79.66645
39662,-79.04256
39663,-78.67218
39664,-78.697784
39665,-79.261925
39666,-82.87691
39667,-94.737976
39668,-91.61948
39669,-90.89347
39670,-88.26253
39671,-84.42697
39672,-80.085846
39673,-75.93719
39674,-72.678185
39675,-71.00616
39676,-71.52485
39677,-74.28962
39678,-78.60873
39679,-83.75676
39680,-94.041695
39681,-93.823296
39682,-97.76308
39683,-100.9317
39684,-103.41633
39685,-105.28444
39686,-106.60967
39687,-107.50122
39688,-108.116516
39689,-108.61492
39690,-109.153404
39691,-109.86499
39692,-110.743454
39693,-111.59398
39694,-112.21452
39695,-112.412094
39696,-112.03126
39697,-111.135056
39698,-110.08229
39699,-109.243004
39700,-108.973145
39701,-109.58275
39702,-111.11567
39703,-113.254906
39704,-115.66954
39705,-118.04587
39706,-120.1035
39707,-121.756294
39708,-123.18066
39709,-124.5629
39710,-126.07608
39711,-127.892715
39712,-130.18486
39713,-133.12466
39714,-136.88417
39715,-141.63562
39716,-141.35158
39717,-136.30931
39718,-130.36513
39719,-120.930084
39720,-117.85526
39721,-115.99231
39722,-115.19335
39723,-115.31076
39724,-116.19698
39725,-117.70461
39726,-119.67494
39727,-121.883415
39728,-124.01645
39729,-125.75707
39730,-126.79262
39731,-126.868576
39732,-126.067764
39733,-124.92988
39734,-124.01204
39735,-123.84935
39736,-124.89404
39737,-127.11629
39738,-129.83386
39739,-132.33945
39740,-133.95714
39741,-134.10077
39742,-132.70575
39743,-130.41368
39744,-127.893196
39745,-125.77903
39746,-124.64131
39747,-124.675354
39748,-125.56917
39749,-126.991295
39750,-128.63463
39751,-130.20462
39752,-131.47983
39753,-132.33786
39754,-132.6601
39755,-132.32309
39756,-131.22917
39757,-129.42992
39758,-127.179245
39759,-124.73879
39760,-122.36048
39761,-120.296165
39762,-118.797615
39763,-118.11667
39764,-118.505104
39765,-120.21478
39766,-123.327774
39767,-126.83888
39768,-129.2715
39769,-131.03064
39770,-132.19044
39771,-132.82506
39772,-133.00854
39773,-132.81499
39774,-132.31845
39775,-131.59297
39776,-130.70988
39777,-129.72427
39778,-128.6694
39779,-127.577614
39780,-126.482346
39781,-125.42539
39782,-124.496956
39783,-123.8528
39784,-123.65121
39785,-124.04731
39786,-125.17245
39787,-127.019325
39788,-129.39313
39789,-132.09181
39790,-134.92238
39791,-137.68965
39792,-140.18599
39793,-142.1867
39794,-143.46649
39795,-143.80083
39796,-143.0206
39797,-141.27895
39798,-139.16545
39799,-137.28662
39800,-136.22803
39801,-136.49731
39802,-138.15024
39803,-140.63051
39804,-143.35863
39805,-145.7845
39806,-147.40833
39807,-148.02174
39808,-147.8111
39809,-146.97783
39810,-145.70451
39811,-144.17378
39812,-142.56831
39813,-141.07077
39814,-139.8638
39815,-139.13004
39816,-139.23285
39817,-139.82463
39818,-139.45001
39819,-138.56752
39820,-137.31839
39821,-135.84392
39822,-134.28546
39823,-132.78427
39824,-131.48169
39825,-130.51906
39826,-130.01923
39827,-129.99808
39828,-130.32674
39829,-130.87074
39830,-131.50255
39831,-132.10265
39832,-132.59789
39833,-132.97775
39834,-133.2342
39835,-133.35616
39836,-133.34567
39837,-133.28151
39838,-133.34596
39839,-133.72536
39840,-134.60103
39841,-136.11569
39842,-138.1876
39843,-140.43135
39844,-142.44984
39845,-143.8607
39846,-144.33438
39847,-143.84909
39848,-142.79945
39849,-141.5963
39850,-140.63037
39851,-140.24284
39852,-140.48602
39853,-141.02127
39854,-141.49503
39855,-141.5724
39856,-140.95969
39857,-139.60196
39858,-137.76758
39859,-135.73746
39860,-133.77701
39861,-132.15152
39862,-131.1264
39863,-130.96696
39864,-131.93854
39865,-134.3064
39866,-136.14954
39867,-135.99217
39868,-138.63622
39869,-142.64604
39870,-147.5396
39871,-157.835
39872,-163.05064
39873,-162.70502
39874,-166.3169
39875,-168.40479
39876,-168.56715
39877,-166.8682
39878,-164.00357
39879,-160.69441
39880,-157.63199
39881,-155.45386
39882,-154.48438
39883,-154.62364
39884,-155.75534
39885,-157.78334
39886,-160.57835
39887,-163.8174
39888,-166.91547
39889,-169.27757
39890,-170.32118
39891,-169.56087
39892,-167.07744
39893,-163.7193
39894,-160.36575
39895,-157.85986
39896,-156.93895
39897,-157.72713
39898,-159.51828
39899,-161.57436
39900,-163.19727
39901,-163.77255
39902,-163.17108
39903,-161.92116
39904,-160.57687
39905,-159.66112
39906,-159.63615
39907,-160.61229
39908,-162.22311
39909,-164.0839
39910,-165.83269
39911,-167.10767
39912,-167.54689
39913,-166.78839
39914,-164.4699
39915,-160.22884
39916,-158.43785
39917,-163.15652
39918,-164.92833
39919,-165.58032
39920,-165.29028
39921,-164.23618
39922,-162.59596
39923,-160.54779
39924,-158.26982
39925,-155.94017
39926,-153.73924
39927,-151.85948
39928,-150.50989
39929,-149.9
39930,-150.23863
39931,-151.68398
39932,-154.10135
39933,-156.9594
39934,-159.71173
39935,-161.83105
39936,-162.86139
39937,-162.76125
39938,-162.05075
39939,-161.27196
39940,-160.94022
39941,-161.50502
39942,-163.03291
39943,-165.07191
39944,-167.15007
39945,-168.82024
39946,-169.68819
39947,-169.6664
39948,-169.08315
39949,-168.28305
39950,-167.59099
39951,-167.32176
39952,-167.73105
39953,-168.99437
39954,-171.28416
39955,-174.77646
39956,-179.597
39957,-190.58052
39958,-197.16792
39959,-203.78525
39960,-209.87766
39961,-214.89047
39962,-213.26874
39963,-214.45673
39964,-212.89769
39965,-208.03339
39966,-202.8358
39967,-201.29471
39968,-198.44043
39969,-195.1994
39970,-191.70203
39971,-188.07869
39972,-184.4598
39973,-180.97583
39974,-177.75714
39975,-174.93408
39976,-172.62273
39977,-170.85593
39978,-169.55397
39979,-168.63261
39980,-168.01295
39981,-167.61917
39982,-167.39519
39983,-167.31223
39984,-167.3419
39985,-167.45432
39986,-167.63
39987,-167.90948
39988,-168.4145
39989,-169.27046
39990,-170.59962
39991,-172.48102
39992,-174.73997
39993,-176.858
39994,-178.30368
39995,-178.5622
39996,-177.2196
39997,-174.44867
39998,-171.21776
39999,-168.52785
40000,-167.3421
40001,-168.47122
40002,-171.84119
40003,-176.18097
40004,-180.1737
40005,-182.56035
40006,-182.22327
40007,-178.8688
40008,-178.3214
40009,-171.45177
40010,-164.0786
40011,-157.02101
40012,-151.09775
40013,-142.12672
40014,-140.92508
40015,-143.3094
40016,-146.23634
40017,-144.72383
40018,-142.97493
40019,-140.71477
40020,-138.20207
40021,-135.69508
40022,-133.45166
40023,-131.73001
40024,-130.78903
40025,-130.88885
40026,-132.22498
40027,-134.61096
40028,-137.34254
40029,-139.6972
40030,-140.9783
40031,-140.59454
40032,-138.56107
40033,-135.71422
40034,-132.92252
40035,-131.01552
40036,-130.71298
40037,-132.09561
40038,-134.37883
40039,-136.74509
40040,-138.41843
40041,-138.71832
40042,-137.51788
40043,-135.44012
40044,-133.13667
40045,-131.22313
40046,-130.23872
40047,-130.28043
40048,-130.8465
40049,-131.41219
40050,-131.48128
40051,-130.62387
40052,-128.79697
40053,-126.48144
40054,-124.17796
40055,-122.36181
40056,-121.45013
40057,-121.52295
40058,-122.2043
40059,-123.100464
40060,-123.83951
40061,-124.049286
40062,-123.357605
40063,-121.392075
40064,-117.78024
40065,-117.14983
40066,-109.226944
40067,-113.56084
40068,-115.25261
40069,-116.13502
40070,-116.337036
40071,-115.98755
40072,-115.21525
40073,-114.14887
40074,-112.91697
40075,-111.64812
40076,-110.458725
40077,-109.395226
40078,-108.40914
40079,-107.44837
40080,-106.46532
40081,-105.42347
40082,-104.35059
40083,-103.361374
40084,-102.57396
40085,-102.10229
40086,-102.04629
40087,-102.42465
40088,-103.14604
40089,-104.114716
40090,-105.2403
40091,-106.43504
40092,-107.62695
40093,-108.76531
40094,-109.800255
40095,-110.68093
40096,-111.35989
40097,-111.809494
40098,-112.02891
40099,-112.01835
40100,-111.77678
40101,-111.314514
40102,-110.70797
40103,-110.123024
40104,-109.72902
40105,-109.690956
40106,-110.15201
40107,-111.127426
40108,-112.45954
40109,-113.98394
40110,-115.54448
40111,-116.98512
40112,-118.14976
40113,-118.88236
40114,-119.02692
40115,-118.42749
40116,-116.51
40117,-114.07906
40118,-114.19384
40119,-115.89861
40120,-118.9066
40121,-122.93081
40122,-127.68404
40123,-137.87914
40124,-143.2289
40125,-148.44643
40126,-148.24352
40127,-152.32391
40128,-155.38054
40129,-157.10574
40130,-157.19218
40131,-155.40236
40132,-151.90596
40133,-147.42462
40134,-142.70197
40135,-138.45526
40136,-135.32423
40137,-133.49814
40138,-132.55669
40139,-132.05635
40140,-131.58287
40141,-130.77301
40142,-129.55946
40143,-128.27567
40144,-127.270325
40145,-126.8729
40146,-127.35797
40147,-128.68097
40148,-130.36511
40149,-131.91728
40150,-132.86497
40151,-132.78955
40152,-131.58484
40153,-129.56763
40154,-127.07092
40155,-124.4075
40156,-121.87418
40157,-119.67531
40158,-117.89018
40159,-116.59327
40160,-115.86507
40161,-115.78614
40162,-116.43699
40163,-117.89827
40164,-120.25049
40165,-123.57429
40166,-125.899185
40167,-125.37226
40168,-125.99863
40169,-126.97229
40170,-128.18863
40171,-129.54306
40172,-130.93097
40173,-132.24774
40174,-133.38882
40175,-134.24959
40176,-134.72389
40177,-134.6963
40178,-134.03882
40179,-132.62303
40180,-130.32106
40181,-127.06875
40182,-123.17145
40183,-119.43494
40184,-116.68393
40185,-115.71892
40186,-117.20781
40187,-121.04661
40188,-126.08572
40189,-131.13493
40190,-135.05446
40191,-136.83574
40192,-136.23044
40193,-134.01897
40194,-131.02115
40195,-128.00768
40196,-125.6905
40197,-124.44091
40198,-124.16897
40199,-124.767136
40200,-126.150085
40201,-128.21176
40202,-130.72601
40203,-133.30412
40204,-135.55121
40205,-137.08023
40206,-137.55568
40207,-136.94173
40208,-135.60806
40209,-133.94006
40210,-132.3036
40211,-131.06462
40212,-130.58896
40213,-131.24251
40214,-133.39111
40215,-137.40053
40216,-139.47197
40217,-136.24423
40218,-136.28671
40219,-137.73926
40220,-140.28754
40221,-143.61725
40222,-147.41412
40223,-151.36401
40224,-155.15282
40225,-158.46652
40226,-161.00864
40227,-162.58386
40228,-163.13411
40229,-162.60646
40230,-160.94136
40231,-158.12463
40232,-154.40578
40233,-150.39154
40234,-146.70293
40235,-143.94371
40236,-142.65462
40237,-143.01076
40238,-144.69243
40239,-147.36101
40240,-150.70164
40241,-154.39673
40242,-158.11177
40243,-161.4895
40244,-164.17188
40245,-165.8018
40246,-166.08623
40247,-165.10457
40248,-163.4412
40249,-161.70045
40250,-160.46278
40251,-160.23332
40252,-161.07954
40253,-162.47633
40254,-163.8757
40255,-164.758
40256,-164.66203
40257,-163.46552
40258,-161.50554
40259,-159.13725
40260,-156.69408
40261,-154.50945
40262,-152.9168
40263,-152.24936
40264,-152.84045
40265,-155.02309
40266,-157.45729
40267,-158.21376
40268,-159.48985
40269,-160.88802
40270,-162.35904
40271,-163.8538
40272,-165.3232
40273,-166.71799
40274,-167.98907
40275,-169.0873
40276,-169.96112
40277,-170.54524
40278,-170.75558
40279,-170.50743
40280,-169.71683
40281,-168.32848
40282,-166.45314
40283,-164.42676
40284,-162.59422
40285,-161.28969
40286,-160.80331
40287,-161.16975
40288,-162.07767
40289,-163.20235
40290,-164.23569
40291,-164.92244
40292,-165.31447
40293,-165.87973
40294,-167.10225
40295,-169.44617
40296,-173.27437
40297,-178.3626
40298,-188.69215
40299,-188.21414
40300,-190.91763
40301,-190.92287
40302,-188.11472
40303,-183.41669
40304,-182.79587
40305,-177.1714
40306,-167.39046
40307,-163.87892
40308,-161.49194
40309,-160.06172
40310,-159.44786
40311,-159.51012
40312,-160.10815
40313,-161.10184
40314,-162.35106
40315,-163.71564
40316,-162.85368
40317,-158.26746
40318,-155.43088
40319,-153.25627
40320,-151.63998
40321,-150.47835
40322,-149.66779
40323,-149.10477
40324,-148.68576
40325,-148.30717
40326,-147.8812
40327,-147.41083
40328,-147.0223
40329,-146.84647
40330,-147.00839
40331,-147.61687
40332,-148.68687
40333,-150.10616
40334,-151.75761
40335,-153.53029
40336,-155.30717
40337,-156.93637
40338,-158.21855
40339,-158.95274
40340,-158.94003
40341,-158.02539
40342,-156.30898
40343,-154.23662
40344,-152.26778
40345,-150.84528
40346,-150.35526
40347,-150.85332
40348,-151.94788
40349,-153.23012
40350,-154.31279
40351,-154.85869
40352,-154.82132
40353,-154.54807
40354,-154.40147
40355,-154.72539
40356,-155.82422
40357,-157.77426
40358,-160.34285
40359,-163.28549
40360,-166.37247
40361,-169.37418
40362,-172.06107
40363,-174.20352
40364,-175.57193
40365,-175.9366
40366,-176.31247
40367,-177.78752
40368,-178.12502
40369,-177.89851
40370,-177.26952
40371,-176.3995
40372,-175.45006
40373,-174.58282
40374,-173.95935
40375,-173.74123
40376,-174.0574
40377,-174.847
40378,-175.79219
40379,-176.56499
40380,-176.84972
40381,-176.38118
40382,-175.18768
40383,-173.69568
40384,-172.34749
40385,-171.56656
40386,-171.71596
40387,-172.80746
40388,-174.37737
40389,-175.94336
40390,-177.046
40391,-177.28297
40392,-176.58476
40393,-175.33287
40394,-173.92683
40395,-172.74486
40396,-172.12892
40397,-172.21028
40398,-172.83469
40399,-173.83667
40400,-175.06436
40401,-176.37448
40402,-177.67326
40403,-178.93408
40404,-180.13293
40405,-181.2426
40406,-182.23625
40407,-183.08926
40408,-183.78
40409,-184.2869
40410,-184.58827
40411,-184.66243
40412,-184.4877
40413,-184.04234
40414,-183.30472
40415,-182.25307
40416,-181.56621
40417,-181.70126
40418,-181.00717
40419,-179.94708
40420,-178.66301
40421,-177.29701
40422,-175.99112
40423,-174.88737
40424,-174.12782
40425,-173.85449
40426,-174.17053
40427,-174.95364
40428,-175.77615
40429,-176.19827
40430,-175.79478
40431,-174.22711
40432,-171.66087
40433,-168.94534
40434,-166.95735
40435,-166.54115
40436,-168.40955
40437,-172.51453
40438,-177.77873
40439,-188.08551
40440,-187.36827
40441,-189.67482
40442,-189.71684
40443,-188.10623
40444,-185.49153
40445,-182.47934
40446,-179.63403
40447,-177.27206
40448,-175.37361
40449,-173.9052
40450,-172.84935
40451,-172.18599
40452,-171.88002
40453,-171.87605
40454,-172.11783
40455,-172.55017
40456,-173.11772
40457,-173.76465
40458,-174.43443
40459,-175.0705
40460,-175.61629
40461,-176.0153
40462,-176.21098
40463,-176.14679
40464,-175.76616
40465,-175.0125
40466,-171.69273
40467,-170.1032
40468,-161.72656
40469,-159.97676
40470,-159.51988
40471,-160.02234
40472,-161.15088
40473,-162.57242
40474,-163.95395
40475,-164.96255
40476,-165.30276
40477,-164.8972
40478,-163.96384
40479,-162.73225
40480,-161.41798
40481,-160.22466
40482,-159.2868
40483,-158.6451
40484,-158.33662
40485,-158.40291
40486,-158.86389
40487,-159.61452
40488,-160.38031
40489,-160.88023
40490,-160.84132
40491,-160.03145
40492,-158.45555
40493,-156.44003
40494,-154.32379
40495,-152.43056
40496,-151.06558
40497,-150.42783
40498,-150.572
40499,-151.54727
40500,-153.40967
40501,-156.17697
40502,-159.64557
40503,-163.31186
40504,-166.66098
40505,-169.19241
40506,-170.46614
40507,-170.39374
40508,-169.36313
40509,-167.78108
40510,-166.03186
40511,-164.4999
40512,-163.56956
40513,-163.62517
40514,-165.05089
40515,-168.23059
40516,-172.33768
40517,-175.29655
40518,-177.35042
40519,-178.67053
40520,-179.36957
40521,-179.56018
40522,-179.35507
40523,-178.86703
40524,-178.20888
40525,-177.49338
40526,-176.81705
40527,-176.18135
40528,-175.45903
40529,-174.51746
40530,-173.22916
40531,-171.49683
40532,-169.41049
40533,-167.31609
40534,-165.56955
40535,-164.51488
40536,-164.45099
40537,-165.41058
40538,-167.06578
40539,-169.0759
40540,-171.1187
40541,-172.8885
40542,-174.17014
40543,-174.87057
40544,-174.90216
40545,-174.17184
40546,-172.621
40547,-170.38814
40548,-167.87906
40549,-165.51047
40550,-163.68651
40551,-162.7574
40552,-162.76003
40553,-163.30685
40554,-163.99374
40555,-164.4369
40556,-164.28514
40557,-163.37697
40558,-161.80809
40559,-159.68411
40560,-157.09828
40561,-154.14363
40562,-150.91315
40563,-147.49963
40564,-143.9957
40565,-140.49384
40566,-138.1208
40567,-137.82727
40568,-137.39462
40569,-137.07074
40570,-136.75061
40571,-136.32909
40572,-135.7009
40573,-134.76068
40574,-133.40285
40575,-131.5218
40576,-129.04558
40577,-126.09816
40578,-123.06903
40579,-120.3576
40580,-118.35046
40581,-117.39369
40582,-117.59899
40583,-118.7606
40584,-120.66053
40585,-123.09597
40586,-125.86748
40587,-128.79605
40588,-131.73042
40589,-134.52026
40590,-137.014
40591,-139.06932
40592,-140.59764
40593,-141.58327
40594,-142.01323
40595,-141.87106
40596,-141.16278
40597,-140.02544
40598,-138.7733
40599,-137.72751
40600,-137.20078
40601,-137.46085
40602,-138.515
40603,-140.01791
40604,-141.61076
40605,-142.9517
40606,-143.7303
40607,-143.81825
40608,-143.33406
40609,-142.40565
40610,-141.14912
40611,-139.6807
40612,-138.11647
40613,-136.57271
40614,-135.16554
40615,-134.01117
40616,-133.71713
40617,-134.7221
40618,-135.8418
40619,-137.16153
40620,-138.58536
40621,-140.01733
40622,-141.3615
40623,-142.52193
40624,-143.40273
40625,-143.90796
40626,-143.95943
40627,-143.58145
40628,-142.93748
40629,-142.19621
40630,-141.51978
40631,-141.06523
40632,-140.96054
40633,-141.29414
40634,-142.153
40635,-143.62595
40636,-145.76746
40637,-148.43239
40638,-151.20535
40639,-153.66075
40640,-155.38594
40641,-156.02403
40642,-155.54211
40643,-154.346
40644,-152.85863
40645,-151.48212
40646,-150.59447
40647,-150.43356
40648,-151.0475
40649,-152.47699
40650,-154.77188
40651,-157.9358
40652,-161.70456
40653,-165.45131
40654,-168.53548
40655,-170.33395
40656,-170.30122
40657,-168.3451
40658,-164.98766
40659,-160.77579
40660,-156.22752
40661,-151.86095
40662,-148.19429
40663,-145.74542
40664,-145.03206
40665,-146.57164
40666,-148.86598
40667,-149.20258
40668,-149.42146
40669,-149.32173
40670,-148.93607
40671,-148.29723
40672,-147.43796
40673,-146.39102
40674,-145.18916
40675,-143.86516
40676,-142.45985
40677,-141.06117
40678,-139.8207
40679,-138.89249
40680,-138.42752
40681,-138.5524
40682,-139.25208
40683,-140.31985
40684,-141.54161
40685,-142.71259
40686,-143.64801
40687,-144.28026
40688,-144.7002
40689,-145.00467
40690,-145.28304
40691,-145.61746
40692,-146.04922
40693,-146.564
40694,-147.14525
40695,-147.77924
40696,-148.46051
40697,-149.23222
40698,-150.20331
40699,-151.48529
40700,-153.18643
40701,-155.38176
40702,-157.95247
40703,-160.51764
40704,-162.68625
40705,-164.07988
40706,-164.3687
40707,-163.50542
40708,-161.82564
40709,-159.68013
40710,-157.40147
40711,-155.32234
40712,-153.7754
40713,-153.09322
40714,-153.60826
40715,-155.65292
40716,-158.88896
40717,-161.94061
40718,-164.37381
40719,-166.35675
40720,-167.91855
40721,-169.08826
40722,-169.89496
40723,-170.36774
40724,-170.53566
40725,-170.42783
40726,-170.08824
40727,-169.64745
40728,-169.35335
40729,-169.45844
40730,-170.20958
40731,-171.7986
40732,-174.09729
40733,-176.54436
40734,-178.56175
40735,-179.592
40736,-179.16122
40737,-177.28203
40738,-174.62682
40739,-171.89476
40740,-169.75403
40741,-168.78291
40742,-169.03796
40743,-169.86922
40744,-170.59903
40745,-170.58363
40746,-169.27116
40747,-166.64456
40748,-163.41174
40749,-160.30963
40750,-158.04073
40751,-157.23048
40752,-158.05754
40753,-160.09566
40754,-162.89513
40755,-166.03554
40756,-169.12025
40757,-171.89023
40758,-174.27245
40759,-176.2013
40760,-177.60202
40761,-178.40002
40762,-178.52054
40763,-177.88885
40764,-176.43013
40765,-174.0696
40766,-171.68254
40767,-171.14497
40768,-172.31253
40769,-174.66887
40770,-177.83089
40771,-181.41583
40772,-185.04112
40773,-188.32436
40774,-190.88312
40775,-192.33488
40776,-192.35797
40777,-190.98549
40778,-188.7322
40779,-186.13275
40780,-183.69943
40781,-181.8971
40782,-180.9145
40783,-180.56639
40784,-180.65228
40785,-180.98965
40786,-181.4006
40787,-181.73442
40788,-181.87714
40789,-181.71617
40790,-181.13724
40791,-180.0529
40792,-178.53197
40793,-176.8551
40794,-175.31161
40795,-174.18066
40796,-173.70728
40797,-173.93767
40798,-174.64911
40799,-175.60818
40800,-176.59433
40801,-177.40288
40802,-177.92133
40803,-178.16182
40804,-178.1415
40805,-177.87163
40806,-177.36577
40807,-176.6517
40808,-175.77634
40809,-174.78732
40810,-173.73137
40811,-172.65526
40812,-171.60573
40813,-170.62952
40814,-169.77339
40815,-169.08412
40816,-169.78786
40817,-172.62674
40818,-174.57611
40819,-176.17944
40820,-177.44464
40821,-178.3795
40822,-178.9918
40823,-179.28946
40824,-179.28027
40825,-178.97205
40826,-178.39075
40827,-177.66745
40828,-177.07573
40829,-176.89497
40830,-177.39761
40831,-178.80688
40832,-181.05994
40833,-183.70677
40834,-186.2821
40835,-188.33931
40836,-189.47923
40837,-189.57922
40838,-188.8914
40839,-187.68301
40840,-186.20386
40841,-184.68866
40842,-183.28485
40843,-182.02153
40844,-180.92284
40845,-180.01865
40846,-179.33673
40847,-178.89339
40848,-178.68915
40849,-178.72401
40850,-178.9986
40851,-179.50896
40852,-180.22417
40853,-181.07664
40854,-181.99748
40855,-182.91945
40856,-183.77475
40857,-184.4929
40858,-184.99948
40859,-185.2199
40860,-185.07974
40861,-184.50456
40862,-183.4199
40863,-181.75133
40864,-179.42429
40865,-176.36423
40866,-174.39516
40867,-175.12547
40868,-174.66537
40869,-173.83833
40870,-172.77657
40871,-171.61235
40872,-170.47797
40873,-169.50572
40874,-168.82788
40875,-168.57672
40876,-168.8574
40877,-169.61806
40878,-170.59384
40879,-171.5118
40880,-172.109
40881,-172.15
40882,-171.55841
40883,-170.47374
40884,-169.04393
40885,-167.40671
40886,-165.6995
40887,-164.05771
40888,-162.61395
40889,-161.5008
40890,-160.85078
40891,-160.7736
40892,-161.245
40893,-162.0598
40894,-163.00568
40895,-163.87909
40896,-164.49583
40897,-164.78416
40898,-164.82486
40899,-164.70454
40900,-164.50258
40901,-164.29164
40902,-164.1053
40903,-163.92403
40904,-163.72635
40905,-163.49324
40906,-163.21042
40907,-162.89078
40908,-162.58421
40909,-162.34204
40910,-162.21379
40911,-162.24902
40912,-162.49725
40913,-163.00807
40914,-163.83092
40915,-165.01541
40916,-165.74126
40917,-164.99068
40918,-164.10474
40919,-163.06308
40920,-162.02036
40921,-161.1313
40922,-160.55049
40923,-160.43263
40924,-160.93231
40925,-162.2041
40926,-164.35072
40927,-167.17416
40928,-170.06924
40929,-172.41502
40930,-173.6102
40931,-173.15071
40932,-171.09947
40933,-168.28818
40934,-165.57967
40935,-163.80022
40936,-163.67216
40937,-165.31358
40938,-168.02478
40939,-171.07436
40940,-173.77051
40941,-175.49811
40942,-176.0871
40943,-175.97034
40944,-175.60452
40945,-175.41794
40946,-175.77518
40947,-176.67131
40948,-177.60071
40949,-178.038
40950,-177.48152
40951,-175.51897
40952,-172.25784
40953,-168.51082
40954,-165.11926
40955,-162.89099
40956,-162.53572
40957,-164.19424
40958,-167.2375
40959,-171.00671
40960,-174.88033
40961,-178.23717
40962,-180.45596
40963,-180.9153
40964,-178.99303
40965,-174.06604
40966,-169.12213
40967,-168.28505
40968,-166.58902
40969,-164.87149
40970,-163.18932
40971,-161.59932
40972,-160.15836
40973,-158.92322
40974,-157.95076
40975,-157.2978
40976,-157.01692
40977,-157.13657
40978,-157.6523
40979,-158.55838
40980,-159.85065
40981,-161.51384
40982,-163.46744
40983,-165.54283
40984,-167.56802
40985,-169.37527
40986,-170.80528
40987,-171.74779
40988,-172.15909
40989,-171.99812
40990,-171.22055
40991,-169.81926
40992,-168.00381
40993,-166.27716
40994,-165.154
40995,-165.13489
40996,-166.63704
40997,-169.59372
40998,-173.28354
40999,-176.95981
41000,-179.90756
41001,-181.49388
41002,-181.56242
41003,-180.60275
41004,-179.13055
41005,-177.63098
41006,-176.5443
41007,-176.04808
41008,-175.96417
41009,-176.10031
41010,-176.28104
41011,-176.33107
41012,-176.075
41013,-175.33751
41014,-173.94315
41015,-171.71642
41016,-168.32552
41017,-164.66669
41018,-163.0271
41019,-162.57347
41020,-163.00113
41021,-164.00555
41022,-165.28241
41023,-166.5274
41024,-167.43634
41025,-167.705
41026,-167.08208
41027,-165.62436
41028,-163.80598
41029,-162.11778
41030,-161.03065
41031,-160.95741
41032,-161.97366
41033,-163.69835
41034,-165.73277
41035,-167.70018
41036,-169.25854
41037,-170.2672
41038,-170.8581
41039,-171.1739
41040,-171.34438
41041,-171.47762
41042,-171.55705
41043,-171.39699
41044,-170.80495
41045,-169.59662
41046,-167.64082
41047,-165.11671
41048,-162.62393
41049,-160.7787
41050,-160.17723
41051,-161.33017
41052,-164.25294
41053,-168.29076
41054,-172.76312
41055,-177.0221
41056,-180.47415
41057,-182.84077
41058,-184.27003
41059,-184.9267
41060,-184.9553
41061,-184.50052
41062,-183.70702
41063,-182.71957
41064,-181.68294
41065,-180.74194
41066,-178.14088
41067,-173.18922
41068,-171.24948
41069,-170.8453
41070,-171.5632
41071,-172.99007
41072,-174.71315
41073,-176.3199
41074,-177.39775
41075,-177.53416
41076,-176.37584
41077,-173.9148
41078,-170.61162
41079,-166.94582
41080,-163.37483
41081,-160.32214
41082,-158.01294
41083,-156.40396
41084,-155.44138
41085,-155.08423
41086,-155.28307
41087,-155.93909
41088,-156.88657
41089,-157.95729
41090,-158.98624
41091,-159.82101
41092,-160.3824
41093,-160.69035
41094,-160.7687
41095,-160.63652
41096,-160.32587
41097,-159.94418
41098,-159.70123
41099,-159.8106
41100,-160.48111
41101,-161.88318
41102,-163.9648
41103,-166.373
41104,-168.7431
41105,-170.72487
41106,-172.00462
41107,-172.48013
41108,-172.33594
41109,-171.76784
41110,-170.9581
41111,-170.08885
41112,-169.34251
41113,-168.9013
41114,-168.94748
41115,-169.6633
41116,-171.10187
41117,-172.78494
41118,-174.09717
41119,-175.17618
41120,-176.02664
41121,-176.65326
41122,-177.06076
41123,-177.2538
41124,-177.2371
41125,-177.01537
41126,-176.60269
41127,-176.0676
41128,-175.55254
41129,-175.20291
41130,-175.1605
41131,-175.55006
41132,-176.39635
41133,-177.58897
41134,-179.01222
41135,-180.55676
41136,-182.11383
41137,-183.57738
41138,-184.84491
41139,-185.8142
41140,-186.38272
41141,-186.46506
41142,-186.07512
41143,-185.36145
41144,-184.47806
41145,-183.57257
41146,-182.78368
41147,-182.19746
41148,-181.82889
41149,-181.68999
41150,-181.7962
41151,-182.15465
41152,-182.72365
41153,-183.39563
41154,-184.06041
41155,-184.61092
41156,-184.94745
41157,-185.01314
41158,-184.8092
41159,-184.33914
41160,-183.60371
41161,-182.60373
41162,-181.33992
41163,-179.81305
41164,-178.02391
41165,-175.97328
41166,-174.85747
41167,-175.47945
41168,-174.98418
41169,-174.07198
41170,-172.90623
41171,-171.65056
41172,-170.46841
41173,-169.52336
41174,-168.97897
41175,-168.99867
41176,-169.71513
41177,-171.08176
41178,-172.80942
41179,-174.59949
41180,-176.16501
41181,-177.24509
41182,-177.73044
41183,-177.71715
41184,-177.30936
41185,-176.6016
41186,-175.68776
41187,-174.65831
41188,-173.59908
41189,-172.59569
41190,-171.73407
41191,-171.0967
41192,-170.74701
41193,-170.72224
41194,-171.05879
41195,-171.79407
41196,-172.95149
41197,-174.47185
41198,-176.18434
41199,-177.91379
41200,-179.4903
41201,-180.75568
41202,-181.61902
41203,-182.08073
41204,-182.14488
41205,-181.81116
41206,-181.08688
41207,-180.02406
41208,-178.73512
41209,-177.33488
41210,-175.93544
41211,-174.6488
41212,-173.58698
41213,-172.862
41214,-172.58586
41215,-172.87045
41216,-174.372
41217,-176.75797
41218,-177.41664
41219,-177.19975
41220,-176.39511
41221,-175.29074
41222,-174.17485
41223,-173.33556
41224,-173.06104
41225,-173.63942
41226,-175.30844
41227,-178.01396
41228,-181.30667
41229,-184.72197
41230,-187.81424
41231,-190.17436
41232,-191.60512
41233,-192.19612
41234,-192.0487
41235,-191.25046
41236,-189.89096
41237,-188.0709
41238,-185.9058
41239,-183.51187
41240,-181.00467
41241,-178.50468
41242,-176.16125
41243,-174.1627
41244,-172.69896
41245,-171.95805
41246,-172.1008
41247,-173.131
41248,-174.83983
41249,-177.00998
41250,-179.4345
41251,-181.90286
41252,-184.18402
41253,-186.01883
41254,-187.14706
41255,-187.30968
41256,-186.2962
41257,-184.17953
41258,-181.4167
41259,-178.48074
41260,-175.82661
41261,-173.90926
41262,-173.18343
41263,-174.10365
41264,-177.1239
41265,-187.69762
41266,-194.17146
41267,-193.05511
41268,-195.30608
41269,-196.28017
41270,-196.30469
41271,-195.70714
41272,-194.81537
41273,-193.95734
41274,-193.46114
41275,-193.65477
41276,-194.80644
41277,-196.83765
41278,-199.2
41279,-201.32635
41280,-202.67184
41281,-202.76512
41282,-201.56258
41283,-199.60136
41284,-197.44302
41285,-195.6221
41286,-194.60902
41287,-194.50175
41288,-194.89316
41289,-195.35556
41290,-195.48524
41291,-194.92168
41292,-193.55434
41293,-191.61229
41294,-189.33855
41295,-186.96013
41296,-184.68726
41297,-182.63142
41298,-180.77023
41299,-179.07599
41300,-177.52719
41301,-176.0967
41302,-174.72348
41303,-173.30101
41304,-171.72076
41305,-169.87646
41306,-167.68373
41307,-165.18495
41308,-162.59465
41309,-160.13412
41310,-158.01648
41311,-156.4548
41312,-155.66205
41313,-155.85121
41314,-157.23515
41315,-160.02657
41316,-163.83678
41317,-167.00443
41318,-168.54454
41319,-168.95815
41320,-168.45169
41321,-167.23181
41322,-165.5052
41323,-163.47876
41324,-161.35928
41325,-159.35373
41326,-157.64346
41327,-156.26149
41328,-155.03984
41329,-153.80267
41330,-152.38383
41331,-150.64229
41332,-148.58344
41333,-146.41092
41334,-144.33603
41335,-142.56062
41336,-141.27126
41337,-140.56595
41338,-140.4229
41339,-140.81564
41340,-141.72351
41341,-143.1252
41342,-144.99573
41343,-147.30525
41344,-150.02367
41345,-153.1212
41346,-156.54323
41347,-160.09135
41348,-163.37253
41349,-165.98634
41350,-167.5416
41351,-167.7047
41352,-166.47762
41353,-164.3171
41354,-161.69797
41355,-159.07367
41356,-156.86864
41357,-155.33864
41358,-154.51099
41359,-154.40402
41360,-155.04704
41361,-156.46927
41362,-158.69997
41363,-161.76834
41364,-165.70352
41365,-170.5347
41366,-172.45517
41367,-168.79674
41368,-168.58118
41369,-169.80495
41370,-172.11888
41371,-175.17418
41372,-178.62216
41373,-182.11443
41374,-185.30264
41375,-187.83855
41376,-189.41127
41377,-189.92828
41378,-189.59279
41379,-188.6201
41380,-187.21158
41381,-185.57996
41382,-184.00386
41383,-182.8511
41384,-182.49306
41385,-183.29663
41386,-185.5463
41387,-189.04836
41388,-192.96182
41389,-196.42038
41390,-198.5888
41391,-198.7521
41392,-196.89665
41393,-193.96092
41394,-190.92363
41395,-188.71913
41396,-188.16127
41397,-189.3632
41398,-191.48924
41399,-193.66574
41400,-195.06464
41401,-194.96516
41402,-193.27124
41403,-190.73402
41404,-188.14012
41405,-186.23634
41406,-185.68611
41407,-186.66815
41408,-188.70454
41409,-191.29128
41410,-193.95572
41411,-196.22554
41412,-197.62833
41413,-197.69151
41414,-195.942
41415,-191.90611
41416,-189.65279
41417,-193.23232
41418,-194.02582
41419,-193.76416
41420,-192.68204
41421,-191.01433
41422,-188.99602
41423,-186.86229
41424,-184.84834
41425,-183.1894
41426,-182.12245
41427,-181.89485
41428,-182.7682
41429,-185.00435
41430,-188.86432
41431,-199.52473
41432,-206.67482
41433,-214.34425
41434,-221.5377
41435,-227.29164
41436,-225.73605
41437,-226.54567
41438,-225.13522
41439,-221.95135
41440,-217.40703
41441,-216.91072
41442,-210.84132
41443,-204.53693
41444,-198.33391
41445,-192.5706
41446,-187.55807
41447,-178.44952
41448,-175.18422
41449,-172.6927
41450,-170.91565
41451,-169.77559
41452,-169.08943
41453,-168.53075
41454,-167.76749
41455,-166.47456
41456,-164.38318
41457,-161.55263
41458,-158.48695
41459,-155.70772
41460,-153.71536
41461,-153.01013
41462,-154.09195
41463,-157.46056
41464,-168.61504
41465,-178.05338
41466,-185.19101
41467,-178.773
41468,-179.08762
41469,-179.4422
41470,-179.8214
41471,-180.21
41472,-180.59273
41473,-180.9543
41474,-181.27942
41475,-181.55283
41476,-181.76666
41477,-181.95587
41478,-182.21361
41479,-182.63533
41480,-183.31372
41481,-184.32123
41482,-185.61296
41483,-186.98509
41484,-188.22742
41485,-189.13727
41486,-189.54063
41487,-189.42984
41488,-189.0229
41489,-188.54692
41490,-188.21844
41491,-188.2334
41492,-188.66826
41493,-189.43762
41494,-190.44958
41495,-191.61986
41496,-192.86037
41497,-194.06067
41498,-195.08006
41499,-195.7766
41500,-196.00966
41501,-195.65555
41502,-194.68884
41503,-193.21727
41504,-191.3541
41505,-189.20642
41506,-186.8823
41507,-184.49612
41508,-182.17064
41509,-180.02892
41510,-178.19368
41511,-176.78752
41512,-175.93314
41513,-175.75304
41514,-176.36975
41515,-177.90578
41516,-177.61652
41517,-173.69026
41518,-173.02147
41519,-173.89647
41520,-175.90553
41521,-178.63936
41522,-181.68896
41523,-184.64554
41524,-187.10042
41525,-188.64487
41526,-188.92574
41527,-187.91359
41528,-186.01828
41529,-183.66768
41530,-181.2691
41531,-179.18909
41532,-177.5562
41533,-176.17653
41534,-174.84312
41535,-173.36449
41536,-171.58401
41537,-169.5486
41538,-167.58081
41539,-166.01427
41540,-165.16928
41541,-165.32747
41542,-166.54507
41543,-168.57355
41544,-171.15247
41545,-174.036
41546,-176.98004
41547,-179.7495
41548,-182.12148
41549,-183.87352
41550,-184.78258
41551,-184.66107
41552,-183.52913
41553,-181.68849
41554,-179.45218
41555,-177.1203
41556,-174.97572
41557,-173.20235
41558,-171.84962
41559,-170.96165
41560,-170.58885
41561,-170.78168
41562,-171.59052
41563,-173.06581
41564,-175.25784
41565,-178.217
41566,-178.92326
41567,-175.20357
41568,-174.17204
41569,-174.22012
41570,-175.04498
41571,-176.34409
41572,-177.81506
41573,-179.15564
41574,-180.06355
41575,-180.23642
41576,-179.42368
41577,-177.6755
41578,-175.45009
41579,-173.22223
41580,-171.44739
41581,-170.52727
41582,-170.55118
41583,-171.18541
41584,-172.07962
41585,-172.90369
41586,-173.3617
41587,-173.35529
41588,-173.0541
41589,-172.63832
41590,-172.27551
41591,-172.11304
41592,-172.18178
41593,-172.35475
41594,-172.49867
41595,-172.48785
41596,-172.2109
41597,-171.64023
41598,-170.86151
41599,-169.96497
41600,-169.0354
41601,-168.15367
41602,-167.37784
41603,-166.735
41604,-166.251
41605,-165.95323
41606,-165.86856
41607,-166.02141
41608,-166.43298
41609,-167.12424
41610,-168.11632
41611,-169.43034
41612,-171.08748
41613,-173.10887
41614,-175.5156
41615,-178.32883
41616,-181.4829
41617,-184.11821
41618,-185.07323
41619,-184.91133
41620,-183.88853
41621,-182.26108
41622,-180.2854
41623,-178.21797
41624,-176.31544
41625,-174.8344
41626,-174.00034
41627,-173.8589
41628,-174.21178
41629,-174.85109
41630,-175.58061
41631,-176.22432
41632,-176.72382
41633,-177.17984
41634,-177.69942
41635,-178.38206
41636,-179.30678
41637,-180.43375
41638,-181.56203
41639,-182.48444
41640,-183.0013
41641,-182.9398
41642,-182.28264
41643,-181.22333
41644,-179.964
41645,-178.6968
41646,-177.60098
41647,-176.78127
41648,-176.241
41649,-175.9796
41650,-176.0012
41651,-176.29997
41652,-176.81123
41653,-177.39078
41654,-177.89131
41655,-178.16933
41656,-178.10022
41657,-177.66948
41658,-177.01183
41659,-176.26797
41660,-175.57152
41661,-175.05605
41662,-174.8552
41663,-175.10251
41664,-175.93153
41665,-177.47578
41666,-177.06065
41667,-173.0616
41668,-172.46951
41669,-173.50423
41670,-175.72241
41671,-178.68137
41672,-181.93858
41673,-185.05193
41674,-187.57925
41675,-189.0784
41676,-189.17744
41677,-187.91391
41678,-185.8808
41679,-183.69406
41680,-181.94357
41681,-181.14706
41682,-181.40276
41683,-182.24045
41684,-183.16737
41685,-183.71785
41686,-183.48001
41687,-182.35437
41688,-180.66487
41689,-178.75275
41690,-176.93915
41691,-175.53485
41692,-174.79001
41693,-174.87247
41694,-175.94676
41695,-178.18117
41696,-181.70418
41697,-186.4134
41698,-196.89426
41699,-202.71999
41700,-208.4792
41701,-213.77951
41702,-213.33846
41703,-217.02246
41704,-219.70377
41705,-221.24747
41706,-221.5349
41707,-220.54245
41708,-218.37582
41709,-215.14641
41710,-210.9596
41711,-205.92104
41712,-205.13641
41713,-198.71162
41714,-191.75253
41715,-184.3652
41716,-175.33734
41717,-177.36798
41718,-176.85632
41719,-175.65222
41720,-174.04712
41721,-172.33269
41722,-170.80066
41723,-169.74272
41724,-169.45055
41725,-170.21568
41726,-172.2709
41727,-175.50838
41728,-179.35928
41729,-183.23708
41730,-186.57741
41731,-188.87401
41732,-189.95782
41733,-190.11652
41734,-189.65639
41735,-188.86203
41736,-187.9983
41737,-187.21349
41738,-186.49796
41739,-185.83557
41740,-185.21779
41741,-184.63058
41742,-184.02829
41743,-183.32237
41744,-182.42268
41745,-181.24094
41746,-179.7107
41747,-177.89201
41748,-176.01646
41749,-174.32251
41750,-173.04053
41751,-172.3812
41752,-172.44112
41753,-173.16241
41754,-174.48117
41755,-176.34079
41756,-178.66972
41757,-181.30922
41758,-183.98259
41759,-186.40852
41760,-188.3113
41761,-189.41518
41762,-189.44427
41763,-188.1224
41764,-185.17323
41765,-180.31998
41766,-179.81683
41767,-171.43555
41768,-169.80101
41769,-169.48613
41770,-170.17201
41771,-171.54013
41772,-173.27217
41773,-175.04988
41774,-176.55513
41775,-177.46982
41776,-177.52742
41777,-176.76186
41778,-175.61444
41779,-174.54279
41780,-173.9852
41781,-174.3221
41782,-175.59744
41783,-177.39963
41784,-179.29916
41785,-180.88838
41786,-181.8043
41787,-181.9432
41788,-181.55269
41789,-180.89452
41790,-180.21384
41791,-179.7435
41792,-179.6451
41793,-179.98346
41794,-180.81956
41795,-182.21892
41796,-184.2161
41797,-186.66586
41798,-189.1793
41799,-191.35805
41800,-192.81522
41801,-193.22108
41802,-192.57854
41803,-191.34167
41804,-189.98318
41805,-188.95465
41806,-188.65773
41807,-189.20428
41808,-190.31349
41809,-191.68858
41810,-193.05162
41811,-194.1247
41812,-194.62984
41813,-194.28903
41814,-192.82407
41815,-189.95653
41816,-187.43605
41817,-187.66963
41818,-187.90587
41819,-188.4805
41820,-189.32597
41821,-190.3748
41822,-191.5595
41823,-192.81264
41824,-194.0667
41825,-195.25429
41826,-196.30214
41827,-197.10368
41828,-197.50687
41829,-197.35791
41830,-196.505
41831,-194.84193
41832,-192.52774
41833,-190.08153
41834,-188.03737
41835,-186.91231
41836,-187.13231
41837,-188.59515
41838,-190.48317
41839,-191.9503
41840,-192.18462
41841,-190.4926
41842,-186.87172
41843,-182.25728
41844,-177.6241
41845,-173.90292
41846,-171.90019
41847,-171.7
41848,-172.40845
41849,-173.0934
41850,-172.86954
41851,-170.97792
41852,-167.39383
41853,-163.08847
41854,-159.07324
41855,-156.31215
41856,-155.65962
41857,-157.33444
41858,-160.69524
41859,-165.06769
41860,-169.81912
41861,-174.3172
41862,-177.9298
41863,-180.0248
41864,-179.96945
41865,-177.1303
41866,-174.99432
41867,-177.67543
41868,-178.39502
41869,-178.49141
41870,-178.15474
41871,-177.57512
41872,-176.9429
41873,-176.44826
41874,-176.28151
41875,-176.63287
41876,-177.64932
41877,-179.22647
41878,-180.91972
41879,-182.271
41880,-182.83844
41881,-182.247
41882,-180.51045
41883,-178.17004
41884,-175.78844
41885,-173.90349
41886,-173.00026
41887,-173.25757
41888,-174.43947
41889,-176.2935
41890,-178.58722
41891,-181.08453
41892,-183.52818
41893,-185.63205
41894,-187.10883
41895,-187.6725
41896,-187.0955
41897,-185.49062
41898,-183.43233
41899,-181.51411
41900,-180.30779
41901,-180.31236
41902,-181.60518
41903,-183.69246
41904,-186.05783
41905,-188.21237
41906,-189.70953
41907,-190.3488
41908,-190.263
41909,-189.59836
41910,-188.48544
41911,-187.05484
41912,-185.43715
41913,-183.7631
41914,-182.16333
41915,-180.76854
41916,-180.60619
41917,-182.3253
41918,-183.62663
41919,-184.80959
41920,-185.79173
41921,-186.49065
41922,-186.8239
41923,-186.70905
41924,-186.06358
41925,-184.805
41926,-182.88792
41927,-180.48332
41928,-178.05548
41929,-176.08058
41930,-175.02089
41931,-175.2685
41932,-176.80873
41933,-179.07613
41934,-181.48378
41935,-183.4712
41936,-184.53801
41937,-184.5327
41938,-183.7766
41939,-182.61012
41940,-181.3514
41941,-180.29132
41942,-179.56253
41943,-179.0828
41944,-178.76138
41945,-178.51778
41946,-178.27141
41947,-177.94202
41948,-177.44945
41949,-176.71375
41950,-175.65475
41951,-174.21132
41952,-172.43234
41953,-170.51585
41954,-168.6659
41955,-167.0794
41956,-165.93257
41957,-165.28146
41958,-165.0192
41959,-165.03252
41960,-165.21597
41961,-165.46417
41962,-165.67168
41963,-165.73308
41964,-165.54292
41965,-164.99586
41966,-164.17564
41967,-163.67291
41968,-163.9403
41969,-164.71025
41970,-165.85185
41971,-167.23425
41972,-168.72661
41973,-170.19812
41974,-171.51794
41975,-172.5553
41976,-173.19911
41977,-173.45312
41978,-173.47675
41979,-173.43541
41980,-173.48724
41981,-173.79253
41982,-174.52412
41983,-175.8719
41984,-178.02637
41985,-181.17705
41986,-185.43724
41987,-190.47774
41988,-195.3707
41989,-199.16486
41990,-200.93742
41991,-199.92505
41992,-196.29698
41993,-191.48985
41994,-186.99492
41995,-184.24457
41996,-184.4679
41997,-187.71683
41998,-192.45023
41999,-197.06522
42000,-200.03586
42001,-200.03299
42002,-196.87173
42003,-191.92142
42004,-191.61797
42005,-182.32555
42006,-180.25851
42007,-180.76079
42008,-182.99721
42009,-186.08617
42010,-189.20282
42011,-191.5229
42012,-192.22197
42013,-190.47488
42014,-185.45506
42015,-181.33423
42016,-174.77667
42017,-173.35963
42018,-174.40953
42019,-175.07336
42020,-175.41595
42021,-175.502
42022,-175.39632
42023,-175.16365
42024,-174.8688
42025,-174.57661
42026,-174.35406
42027,-174.28163
42028,-174.45755
42029,-174.98087
42030,-175.94975
42031,-177.44121
42032,-179.4094
42033,-181.64223
42034,-183.921
42035,-186.03511
42036,-187.7975
42037,-189.15886
42038,-190.25644
42039,-191.23491
42040,-192.23009
42041,-193.35794
42042,-194.61818
42043,-195.85304
42044,-196.89856
42045,-197.59804
42046,-197.80342
42047,-197.4162
42048,-196.4053
42049,-194.74231
42050,-192.39568
42051,-189.36444
42052,-185.82599
42053,-182.19966
42054,-178.91476
42055,-176.38914
42056,-174.98993
42057,-174.7902
42058,-175.46486
42059,-176.673
42060,-178.09291
42061,-179.40298
42062,-180.28165
42063,-180.40727
42064,-179.45808
42065,-177.11214
42066,-175.80966
42067,-178.07619
42068,-178.83209
42069,-179.10886
42070,-179.05557
42071,-178.82143
42072,-178.55557
42073,-178.40726
42074,-178.5257
42075,-179.06009
42076,-180.12758
42077,-181.65952
42078,-183.33546
42079,-184.82513
42080,-185.81007
42081,-186.01682
42082,-185.43227
42083,-184.39676
42084,-183.26495
42085,-182.37479
42086,-182.03175
42087,-182.35214
42088,-183.19586
42089,-184.4127
42090,-185.86456
42091,-187.42534
42092,-189.03838
42093,-190.74086
42094,-192.57382
42095,-194.57382
42096,-196.75452
42097,-198.99696
42098,-201.00235
42099,-202.46458
42100,-203.08603
42101,-202.61852
42102,-201.1029
42103,-198.97209
42104,-196.67561
42105,-194.64476
42106,-193.26701
42107,-192.67563
42108,-192.65907
42109,-192.9917
42110,-193.46431
42111,-193.86769
42112,-193.99269
42113,-193.63008
42114,-192.57066
42115,-190.60507
42116,-190.84802
42117,-195.87436
42118,-198.48962
42119,-200.0771
42120,-200.75775
42121,-200.65273
42122,-199.8832
42123,-198.57047
42124,-196.83588
42125,-194.80084
42126,-192.5877
42127,-190.32349
42128,-188.14182
42129,-186.1765
42130,-184.56105
42131,-183.43216
42132,-182.94504
42133,-183.27994
42134,-184.61812
42135,-187.13942
42136,-190.95203
42137,-195.74811
42138,-200.65704
42139,-204.7861
42140,-207.2694
42141,-207.35265
42142,-204.93394
42143,-200.7977
42144,-195.76665
42145,-195.62286
42146,-186.08739
42147,-182.52237
42148,-179.80354
42149,-177.78645
42150,-176.34981
42151,-175.38211
42152,-174.82874
42153,-174.71188
42154,-175.05695
42155,-175.88551
42156,-177.20215
42157,-178.91196
42158,-180.78535
42159,-182.58759
42160,-184.09021
42161,-185.06487
42162,-185.28305
42163,-184.5162
42164,-182.53555
42165,-179.11218
42166,-177.54193
42167,-180.57404
42168,-180.71524
42169,-179.69519
42170,-177.87419
42171,-175.61278
42172,-173.2717
42173,-171.21182
42174,-169.79393
42175,-169.37881
42176,-170.26384
42177,-172.3792
42178,-175.15799
42179,-178.01419
42180,-180.3856
42181,-181.78148
42182,-182.12564
42183,-181.90363
42184,-181.62373
42185,-181.7675
42186,-182.7539
42187,-184.63757
42188,-186.97968
42189,-189.32198
42190,-191.22964
42191,-192.30609
42192,-192.37556
42193,-191.56207
42194,-190.00183
42195,-187.81683
42196,-185.14838
42197,-182.2486
42198,-179.52002
42199,-177.37137
42200,-176.2041
42201,-176.35304
42202,-177.76668
42203,-179.87057
42204,-182.0698
42205,-183.7945
42206,-184.53346
42207,-184.11546
42208,-182.83025
42209,-180.9861
42210,-178.86966
42211,-176.7677
42212,-174.967
42213,-173.75427
42214,-173.4162
42215,-174.2393
42216,-174.57637
42217,-172.6717
42218,-172.01552
42219,-171.8621
42220,-172.07863
42221,-172.53242
42222,-173.09067
42223,-173.62071
42224,-173.98988
42225,-174.06538
42226,-173.75203
42227,-173.1724
42228,-172.74417
42229,-172.89685
42230,-174.04567
42231,-176.52737
42232,-180.22276
42233,-184.39574
42234,-188.2863
42235,-191.16423
42236,-192.39995
42237,-191.95006
42238,-190.5665
42239,-189.03394
42240,-188.0998
42241,-188.41061
42242,-190.02628
42243,-192.21193
42244,-194.20108
42245,-195.26512
42246,-194.76668
42247,-192.59953
42248,-189.37846
42249,-185.74834
42250,-182.32037
42251,-179.66125
42252,-178.07748
42253,-177.52313
42254,-177.93799
42255,-179.2786
42256,-181.48177
42257,-184.36899
42258,-187.60596
42259,-190.85219
42260,-193.77486
42261,-196.04103
42262,-197.31769
42263,-197.27162
42264,-195.56921
42265,-191.87645
42266,-188.30087
42267,-187.5005
42268,-185.81285
42269,-183.97978
42270,-182.13489
42271,-180.41185
42272,-178.94434
42273,-177.86592
42274,-177.31018
42275,-177.4107
42276,-178.28993
42277,-180.00615
42278,-182.53084
42279,-185.83194
42280,-189.88159
42281,-194.60887
42282,-199.69302
42283,-204.475
42284,-208.28242
42285,-210.45862
42286,-210.44656
42287,-208.27055
42288,-204.7452
42289,-200.71947
42290,-197.00609
42291,-194.33937
42292,-192.99657
42293,-192.63506
42294,-192.88676
42295,-193.4131
42296,-193.90218
42297,-194.19623
42298,-194.34622
42299,-194.41174
42300,-194.44247
42301,-194.47949
42302,-194.51407
42303,-194.47
42304,-194.26826
42305,-193.83307
42306,-193.0985
42307,-192.05632
42308,-190.77652
42309,-189.33238
42310,-187.79341
42311,-186.22913
42312,-184.70915
42313,-183.30296
42314,-182.08014
42315,-181.11018
42316,-181.0361
42317,-182.01195
42318,-182.1758
42319,-181.99527
42320,-181.57495
42321,-181.01949
42322,-180.43352
42323,-179.92175
42324,-179.58885
42325,-179.53941
42326,-179.85732
42327,-180.5051
42328,-181.28119
42329,-181.9774
42330,-182.39345
42331,-182.3561
42332,-181.84932
42333,-181.07031
42334,-180.2249
42335,-179.5087
42336,-179.08461
42337,-178.92427
42338,-178.74033
42339,-178.2351
42340,-177.12326
42341,-175.1739
42342,-172.47382
42343,-169.5403
42344,-166.90804
42345,-165.09122
42346,-164.5292
42347,-165.22694
42348,-166.6014
42349,-168.04665
42350,-168.98517
42351,-168.91583
42352,-167.78215
42353,-166.13017
42354,-164.52986
42355,-163.52257
42356,-163.59117
42357,-164.87935
42358,-167.07147
42359,-169.83409
42360,-172.85579
42361,-175.82535
42362,-178.43153
42363,-180.3632
42364,-181.30907
42365,-180.9576
42366,-179.3573
42367,-177.6651
42368,-176.98311
42369,-176.89044
42370,-177.2454
42371,-177.90639
42372,-178.73187
42373,-179.58026
42374,-180.31013
42375,-180.7799
42376,-180.86803
42377,-180.56908
42378,-180.03488
42379,-179.42363
42380,-178.88608
42381,-178.5506
42382,-178.41595
42383,-178.30508
42384,-178.03398
42385,-177.42699
42386,-176.3442
42387,-174.85364
42388,-173.30534
42389,-172.06056
42390,-171.46725
42391,-171.8092
42392,-172.999
42393,-174.44615
42394,-175.54062
42395,-175.69632
42396,-174.41414
42397,-171.70085
42398,-168.24948
42399,-164.78079
42400,-161.98312
42401,-160.47505
42402,-160.47023
42403,-161.63422
42404,-163.61125
42405,-166.0719
42406,-168.70299
42407,-171.28487
42408,-173.72438
42409,-175.93327
42410,-177.81732
42411,-179.28223
42412,-180.23363
42413,-180.57724
42414,-180.21864
42415,-179.06342
42416,-178.71625
42417,-180.6031
42418,-181.25891
42419,-181.436
42420,-181.26727
42421,-180.88567
42422,-180.4242
42423,-180.01585
42424,-179.79367
42425,-179.8906
42426,-180.4227
42427,-181.40749
42428,-182.72905
42429,-184.26619
42430,-185.90408
42431,-187.53236
42432,-189.06665
42433,-190.45784
42434,-191.65823
42435,-192.61838
42436,-193.29446
42437,-193.67546
42438,-193.79474
42439,-193.68741
42440,-193.38652
42441,-192.92618
42442,-192.34665
42443,-191.69652
42444,-191.02472
42445,-190.37976
42446,-189.8059
42447,-189.32222
42448,-188.91368
42449,-188.564
42450,-188.25839
42451,-187.9918
42452,-187.81573
42453,-187.85818
42454,-188.25034
42455,-189.11963
42456,-190.57074
42457,-192.57597
42458,-194.92838
42459,-197.4138
42460,-199.8267
42461,-201.96156
42462,-203.6128
42463,-204.57478
42464,-204.64183
42465,-203.60802
42466,-200.2481
42467,-199.32545
42468,-189.4566
42469,-185.15688
42470,-181.56485
42471,-178.81892
42472,-177.0575
42473,-176.41885
42474,-177.04121
42475,-179.06265
42476,-182.5545
42477,-187.20122
42478,-192.1635
42479,-196.582
42480,-199.62251
42481,-200.56598
42482,-199.36479
42483,-196.883
42484,-194.02306
42485,-191.6452
42486,-190.5073
42487,-190.77052
42488,-191.7878
42489,-192.8794
42490,-193.4041
42491,-192.80266
42492,-190.99219
42493,-188.53575
42494,-186.02335
42495,-184.01456
42496,-183.00714
42497,-183.13942
42498,-184.06282
42499,-185.40933
42500,-186.8342
42501,-188.0012
42502,-188.62283
42503,-188.47762
42504,-187.34651
42505,-185.00728
42506,-181.29436
42507,-176.373
42508,-175.85725
42509,-170.37997
42510,-160.5526
42511,-156.9865
42512,-155.2924
42513,-156.08076
42514,-159.96132
42515,-172.54285
42516,-177.89008
42517,-169.51378
42518,-168.78209
42519,-168.64589
42520,-168.9576
42521,-169.56969
42522,-170.33473
42523,-171.10522
42524,-171.7338
42525,-172.07298
42526,-172.00804
42527,-171.61461
42528,-171.22597
42529,-171.18573
42530,-171.82513
42531,-173.42285
42532,-175.95221
42533,-178.97314
42534,-182.02968
42535,-184.6855
42536,-186.55333
42537,-187.52951
42538,-187.89507
42539,-187.94637
42540,-187.96178
42541,-188.18227
42542,-188.63187
42543,-189.04056
42544,-189.12642
42545,-188.62149
42546,-187.30515
42547,-185.23315
42548,-182.83601
42549,-180.5596
42550,-178.83208
42551,-178.02834
42552,-178.21375
42553,-179.03441
42554,-180.11981
42555,-181.11955
42556,-181.7136
42557,-181.75784
42558,-181.34688
42559,-180.58478
42560,-179.56435
42561,-178.37831
42562,-177.11957
42563,-175.88086
42564,-174.75507
42565,-173.83502
42566,-170.2648
42567,-167.81131
42568,-159.7111
42569,-158.837
42570,-159.66415
42571,-161.66858
42572,-164.32668
42573,-167.11525
42574,-169.51126
42575,-170.99164
42576,-171.12004
42577,-169.96437
42578,-168.27586
42579,-166.83324
42580,-166.38264
42581,-167.55756
42582,-170.33694
42583,-173.81403
42584,-177.04796
42585,-179.14056
42586,-179.30942
42587,-177.44635
42588,-174.35753
42589,-170.8863
42590,-167.83316
42591,-165.9235
42592,-165.44586
42593,-166.09746
42594,-167.55217
42595,-169.51225
42596,-171.69011
42597,-173.85597
42598,-175.85834
42599,-177.54875
42600,-178.77507
42601,-179.41512
42602,-179.52174
42603,-179.38483
42604,-179.30374
42605,-179.56662
42606,-180.4244
42607,-181.91211
42608,-183.77222
42609,-185.73572
42610,-187.54742
42611,-188.9523
42612,-189.69522
42613,-189.52095
42614,-188.17404
42615,-185.39891
42616,-185.22716
42617,-190.8854
42618,-192.96461
42619,-193.45235
42620,-192.64546
42621,-190.84126
42622,-188.33746
42623,-185.43192
42624,-182.42271
42625,-179.60799
42626,-177.26393
42627,-175.53917
42628,-174.40944
42629,-173.84357
42630,-173.81854
42631,-174.2825
42632,-175.01529
42633,-175.56915
42634,-175.48718
42635,-174.32336
42636,-171.71548
42637,-167.79056
42638,-163.33893
42639,-159.17787
42640,-156.09305
42641,-154.76859
42642,-155.29977
42643,-156.98497
42644,-159.09195
42645,-160.92694
42646,-161.87572
42647,-161.78546
42648,-161.12843
42649,-160.40121
42650,-160.07076
42651,-160.53943
42652,-161.83502
42653,-163.47812
42654,-164.96973
42655,-165.83513
42656,-165.65782
42657,-164.36017
42658,-162.32358
42659,-159.94762
42660,-157.61005
42661,-155.68874
42662,-154.56143
42663,-154.6058
42664,-156.19931
42665,-159.71925
42666,-162.87408
42667,-162.89879
42668,-164.03998
42669,-165.47795
42670,-167.1046
42671,-168.81184
42672,-170.49156
42673,-172.03577
42674,-173.33627
42675,-174.28511
42676,-174.80318
42677,-174.9804
42678,-175.13562
42679,-175.5968
42680,-176.68094
42681,-178.64955
42682,-181.44214
42683,-184.56216
42684,-187.49617
42685,-189.75148
42686,-190.89676
42687,-190.85783
42688,-190.0446
42689,-188.88681
42690,-187.79147
42691,-187.12665
42692,-187.03342
42693,-187.34525
42694,-187.88312
42695,-188.48274
42696,-189.00587
42697,-189.46645
42698,-190.08429
42699,-191.0877
42700,-192.69502
42701,-195.07635
42702,-198.12157
42703,-201.3409
42704,-204.22954
42705,-206.30058
42706,-207.11877
42707,-206.54926
42708,-204.86514
42709,-202.3566
42710,-199.29495
42711,-195.95174
42712,-192.59856
42713,-189.50711
42714,-186.94899
42715,-185.19582
42716,-185.92044
42717,-189.4056
42718,-190.73683
42719,-190.91463
42720,-190.02205
42721,-188.14227
42722,-185.35854
42723,-181.75414
42724,-177.41255
42725,-172.41725
42726,-171.88312
42727,-166.10693
42728,-160.63214
42729,-151.0119
42730,-147.78732
42731,-146.42598
42732,-146.97015
42733,-148.88655
42734,-151.61986
42735,-154.6426
42736,-157.4656
42737,-159.82133
42738,-161.7421
42739,-163.27173
42740,-164.43974
42741,-165.2812
42742,-165.86337
42743,-166.29724
42744,-166.69547
42745,-167.16872
42746,-167.81506
42747,-168.65991
42748,-169.63023
42749,-170.64914
42750,-171.64442
42751,-172.56845
42752,-173.516
42753,-174.77498
42754,-176.64073
42755,-179.3994
42756,-183.2833
42757,-188.21288
42758,-198.6867
42759,-204.18703
42760,-209.21646
42761,-208.2777
42762,-210.87315
42763,-211.5047
42764,-209.67337
42765,-204.87903
42766,-201.71043
42767,-204.77824
42768,-204.53528
42769,-202.94824
42770,-200.32652
42771,-196.97986
42772,-193.21837
42773,-189.35233
42774,-185.69205
42775,-182.54785
42776,-180.18774
42777,-178.63406
42778,-177.57623
42779,-176.69043
42780,-175.66872
42781,-174.24161
42782,-172.3633
42783,-170.29112
42784,-168.29453
42785,-166.62854
42786,-165.52632
42787,-165.09422
42788,-165.26674
42789,-165.9716
42790,-167.14474
42791,-168.7151
42792,-170.56998
42793,-172.54073
42794,-174.45644
42795,-176.14888
42796,-177.46463
42797,-178.33594
42798,-178.81125
42799,-178.9436
42800,-178.78043
42801,-178.36525
42802,-177.71808
42803,-176.82722
42804,-175.6797
42805,-174.26404
42806,-172.58499
42807,-170.7416
42808,-168.96068
42809,-167.47412
42810,-166.50775
42811,-166.2873
42812,-167.03847
42813,-168.98679
42814,-172.3576
42815,-177.37605
42816,-188.38885
42817,-188.13896
42818,-190.59813
42819,-191.41632
42820,-190.89685
42821,-189.34358
42822,-187.06061
42823,-184.35234
42824,-181.52333
42825,-178.87825
42826,-176.69612
42827,-175.1068
42828,-174.03795
42829,-173.40923
42830,-173.14987
42831,-173.18903
42832,-173.45491
42833,-173.87444
42834,-174.37459
42835,-174.88235
42836,-175.3379
42837,-175.75812
42838,-176.26364
42839,-176.97932
42840,-178.02496
42841,-179.49043
42842,-181.29124
42843,-183.10689
42844,-184.6074
42845,-185.47427
42846,-185.43889
42847,-184.52475
42848,-183.15106
42849,-181.75319
42850,-180.74786
42851,-180.50012
42852,-181.07487
42853,-182.1305
42854,-183.30917
42855,-184.27255
42856,-184.71925
42857,-184.56291
42858,-184.0086
42859,-183.27318
42860,-182.55971
42861,-182.07123
42862,-182.0108
42863,-182.58145
42864,-183.9861
42865,-186.42754
42866,-187.76462
42867,-186.19608
42868,-186.67693
42869,-188.0237
42870,-189.96472
42871,-192.22852
42872,-194.54366
42873,-196.63887
42874,-198.24278
42875,-199.08409
42876,-198.92464
42877,-197.72063
42878,-195.69179
42879,-193.06892
42880,-190.07051
42881,-186.92345
42882,-183.903
42883,-181.34991
42884,-179.60757
42885,-179.01605
42886,-179.86226
42887,-182.12532
42888,-185.36752
42889,-189.135
42890,-192.99391
42891,-196.53499
42892,-199.49078
42893,-201.78545
42894,-203.3509
42895,-204.10992
42896,-204.01103
42897,-203.15324
42898,-201.8397
42899,-200.38225
42900,-199.08311
42901,-198.20793
42902,-197.80865
42903,-197.6478
42904,-197.47583
42905,-197.05698
42906,-196.17653
42907,-194.74197
42908,-192.82664
42909,-190.51082
42910,-187.86688
42911,-184.96733
42912,-181.88457
42913,-178.69115
42914,-175.45952
42915,-172.26216
42916,-170.8341
42917,-172.42993
42918,-173.1411
42919,-173.62059
42920,-173.8484
42921,-173.80444
42922,-173.46866
42923,-172.82095
42924,-171.84123
42925,-170.50948
42926,-168.80637
42927,-166.7174
42928,-164.23453
42929,-161.34991
42930,-158.05544
42931,-154.37958
42932,-150.56378
42933,-147.13783
42934,-144.64279
42935,-143.60565
42936,-144.4762
42937,-147.2563
42938,-151.34154
42939,-156.1045
42940,-160.9471
42941,-165.31444
42942,-168.90126
42943,-171.73987
42944,-173.87556
42945,-175.33743
42946,-176.17531
42947,-176.55989
42948,-176.82549
42949,-177.31294
42950,-178.3554
42951,-180.2323
42952,-182.91238
42953,-185.94334
42954,-188.85645
42955,-191.2031
42956,-192.5844
42957,-192.89099
42958,-192.40585
42959,-191.42802
42960,-190.2381
42961,-189.11678
42962,-188.3448
42963,-188.20287
42964,-188.97165
42965,-190.93146
42966,-192.39383
42967,-191.1635
42968,-190.15544
42969,-189.0069
42970,-187.79445
42971,-186.59473
42972,-185.48434
42973,-184.54
42974,-183.83823
42975,-183.45563
42976,-183.44049
42977,-183.67618
42978,-183.82283
42979,-183.53154
42980,-182.464
42981,-180.35442
42982,-177.35915
42983,-174.20712
42984,-171.65067
42985,-170.41483
42986,-171.09908
42987,-173.57521
42988,-176.73012
42989,-179.41267
42990,-180.51913
42991,-179.10626
42992,-175.16667
42993,-169.96306
42994,-169.81052
42995,-160.96442
42996,-159.5503
42997,-160.94118
42998,-164.49193
42999,-169.51813
43000,-180.38457
43001,-186.47388
43002,-192.26906
43003,-197.38861
43004,-196.45628
43005,-199.0891
43006,-199.95953
43007,-199.06439
43008,-196.84067
43009,-193.7439
43010,-190.20941
43011,-186.67276
43012,-183.56969
43013,-181.33575
43014,-180.40636
43015,-181.21648
43016,-181.71251
43017,-179.21365
43018,-177.45047
43019,-175.87172
43020,-174.50986
43021,-173.39743
43022,-172.56703
43023,-172.05112
43024,-171.88223
43025,-172.09286
43026,-172.71178
43027,-173.74596
43028,-175.17278
43029,-176.96852
43030,-179.11087
43031,-181.55441
43032,-184.11967
43033,-186.44547
43034,-188.16356
43035,-188.91414
43036,-188.41258
43037,-186.81194
43038,-184.85898
43039,-183.32492
43040,-182.95293
43041,-184.37273
43042,-187.55618
43043,-191.58463
43044,-195.50468
43045,-198.40575
43046,-199.4772
43047,-198.4897
43048,-196.00262
43049,-192.6084
43050,-188.86281
43051,-185.2889
43052,-182.21718
43053,-179.71675
43054,-177.8459
43055,-176.67537
43056,-176.2577
43057,-176.5409
43058,-177.33084
43059,-178.42805
43060,-179.6398
43061,-180.77333
43062,-181.63599
43063,-182.03506
43064,-181.77777
43065,-180.6713
43066,-178.44476
43067,-175.70647
43068,-174.02388
43069,-172.91298
43070,-172.23444
43071,-171.84889
43072,-171.61711
43073,-171.39983
43074,-171.05782
43075,-170.45184
43076,-169.47256
43077,-168.1841
43078,-166.88586
43079,-165.88658
43080,-165.48375
43081,-165.92601
43082,-167.17848
43083,-168.8225
43084,-170.42441
43085,-171.56909
43086,-171.90585
43087,-171.4591
43088,-170.7615
43089,-170.36581
43090,-170.80074
43091,-172.51852
43092,-175.52893
43093,-179.24236
43094,-183.04619
43095,-186.35657
43096,-188.64622
43097,-189.71635
43098,-189.81305
43099,-189.20044
43100,-188.12166
43101,-186.8105
43102,-185.44629
43103,-184.13425
43104,-182.97655
43105,-182.0789
43106,-181.53287
43107,-181.34758
43108,-181.42055
43109,-181.64487
43110,-181.9189
43111,-182.14107
43112,-182.20975
43113,-182.02336
43114,-181.48027
43115,-180.4788
43116,-179.14403
43117,-178.84329
43118,-181.1263
43119,-184.98282
43120,-189.86748
43121,-200.2356
43122,-205.54286
43123,-205.24535
43124,-208.79903
43125,-210.65953
43126,-210.36102
43127,-207.89711
43128,-203.88596
43129,-198.9731
43130,-198.77544
43131,-188.86879
43132,-184.58733
43133,-180.93718
43134,-177.91078
43135,-175.51605
43136,-173.75711
43137,-172.6159
43138,-172.0443
43139,-171.99294
43140,-172.41397
43141,-173.23807
43142,-174.27077
43143,-175.14824
43144,-175.49998
43145,-174.96347
43146,-173.24716
43147,-170.4725
43148,-167.32103
43149,-164.49686
43150,-162.67757
43151,-162.4504
43152,-163.87886
43153,-166.31783
43154,-169.0948
43155,-171.57149
43156,-173.17345
43157,-173.69687
43158,-173.43996
43159,-172.72067
43160,-171.83322
43161,-171.07193
43162,-170.731
43163,-171.10475
43164,-172.4873
43165,-175.17265
43166,-176.34135
43167,-173.22998
43168,-171.84697
43169,-171.13026
43170,-171.03824
43171,-171.52927
43172,-172.56181
43173,-174.09425
43174,-176.08502
43175,-178.49261
43176,-181.26407
43177,-184.2801
43178,-187.3316
43179,-190.206
43180,-192.69493
43181,-194.60289
43182,-195.8082
43183,-196.28961
43184,-196.02985
43185,-195.00694
43186,-193.21758
43187,-190.76727
43188,-187.90935
43189,-184.90338
43190,-182.0019
43191,-179.44287
43192,-177.37892
43193,-175.84706
43194,-174.87952
43195,-174.51414
43196,-174.77205
43197,-175.57785
43198,-176.72556
43199,-178.00398
43200,-179.20818
43201,-180.14955
43202,-180.73364
43203,-180.99393
43204,-180.9688
43205,-180.69063
43206,-180.20038
43207,-179.58864
43208,-179.01326
43209,-178.6348
43210,-178.61063
43211,-179.09808
43212,-180.25446
43213,-182.2369
43214,-185.20259
43215,-189.30846
43216,-192.20009
43217,-191.32028
43218,-191.09305
43219,-190.98257
43220,-191.14029
43221,-191.71748
43222,-192.8655
43223,-194.73553
43224,-197.47873
43225,-201.2461
43226,-206.12395
43227,-216.82343
43228,-222.54771
43229,-227.47997
43230,-225.82716
43231,-226.89542
43232,-225.57039
43233,-222.52573
43234,-218.4701
43235,-214.0765
43236,-209.96623
43237,-206.45592
43238,-203.4486
43239,-200.82938
43240,-198.50278
43241,-196.38628
43242,-194.4721
43243,-192.85393
43244,-191.62946
43245,-190.8918
43246,-190.7107
43247,-191.02129
43248,-191.5762
43249,-192.12068
43250,-192.4087
43251,-192.22734
43252,-191.5565
43253,-190.63765
43254,-189.72285
43255,-189.05191
43256,-188.83635
43257,-189.12411
43258,-189.74115
43259,-190.50444
43260,-191.24161
43261,-191.7802
43262,-191.94783
43263,-191.57199
43264,-190.48015
43265,-188.49974
43266,-186.04892
43267,-184.22919
43268,-183.05328
43269,-182.38213
43270,-182.13786
43271,-182.24261
43272,-182.61848
43273,-183.18765
43274,-183.87236
43275,-184.59477
43276,-185.2908
43277,-185.97578
43278,-186.77286
43279,-187.80939
43280,-189.20772
43281,-191.0515
43282,-193.2004
43283,-195.21037
43284,-196.6253
43285,-197.00334
43286,-195.97594
43287,-193.60197
43288,-190.52063
43289,-187.39546
43290,-184.86295
43291,-183.47826
43292,-183.32463
43293,-183.8459
43294,-184.46034
43295,-184.61678
43296,-183.8363
43297,-182.06012
43298,-179.79887
43299,-177.58653
43300,-175.93011
43301,-175.27496
43302,-175.70805
43303,-176.83119
43304,-178.22697
43305,-179.5013
43306,-180.29657
43307,-180.46712
43308,-180.15427
43309,-179.51083
43310,-178.6761
43311,-177.78928
43312,-176.98964
43313,-176.4165
43314,-176.20903
43315,-176.50658
43316,-175.8565
43317,-173.01862
43318,-171.37778
43319,-170.28183
43320,-169.6731
43321,-169.49384
43322,-169.6865
43323,-170.19339
43324,-170.95694
43325,-171.91956
43326,-173.0261
43327,-174.23555
43328,-175.52612
43329,-176.87671
43330,-178.26541
43331,-179.66801
43332,-181.04782
43333,-182.35104
43334,-183.52313
43335,-184.51047
43336,-185.26146
43337,-185.73682
43338,-185.91394
43339,-185.77086
43340,-185.28482
43341,-184.43878
43342,-183.24896
43343,-181.77647
43344,-180.0844
43345,-178.23363
43346,-176.291
43347,-174.35713
43348,-172.57877
43349,-171.10446
43350,-170.08057
43351,-169.62556
43352,-169.69658
43353,-170.03217
43354,-170.3622
43355,-170.42708
43356,-170.00069
43357,-169.05164
43358,-167.81241
43359,-166.52588
43360,-165.42241
43361,-164.73238
43362,-164.68611
43363,-165.51381
43364,-167.44565
43365,-170.71162
43366,-173.91087
43367,-175.37724
43368,-177.70285
43369,-180.24843
43370,-182.83528
43371,-185.28465
43372,-187.4178
43373,-189.05594
43374,-190.02036
43375,-190.13206
43376,-189.24953
43377,-187.4484
43378,-185.0992
43379,-182.58464
43380,-180.27364
43381,-178.50537
43382,-177.44678
43383,-177.03102
43384,-177.18192
43385,-177.83446
43386,-178.91669
43387,-180.31621
43388,-181.8659
43389,-183.39662
43390,-184.74162
43391,-185.74495
43392,-186.31197
43393,-186.43137
43394,-186.09514
43395,-185.2913
43396,-184.02167
43397,-182.36809
43398,-180.52103
43399,-178.6753
43400,-177.02061
43401,-175.72821
43402,-174.86151
43403,-174.33815
43404,-174.06992
43405,-173.97559
43406,-173.98322
43407,-174.07501
43408,-174.30675
43409,-174.7369
43410,-175.42053
43411,-176.41275
43412,-177.76854
43413,-179.54297
43414,-181.791
43415,-184.56761
43416,-186.15959
43417,-185.18437
43418,-185.50471
43419,-186.35185
43420,-187.63968
43421,-189.2821
43422,-191.19301
43423,-193.28636
43424,-195.47615
43425,-197.67638
43426,-199.80673
43427,-201.82024
43428,-203.715
43429,-205.49101
43430,-207.14604
43431,-208.67029
43432,-210.00949
43433,-211.04922
43434,-211.6725
43435,-211.76506
43436,-211.22742
43437,-210.04514
43438,-208.31947
43439,-206.1567
43440,-203.65764
43441,-200.94072
43442,-198.22664
43443,-195.8747
43444,-194.25002
43445,-193.71094
43446,-194.55563
43447,-196.73346
43448,-199.72131
43449,-202.97733
43450,-205.9823
43451,-208.25534
43452,-209.53735
43453,-209.8699
43454,-209.30713
43455,-207.88884
43456,-205.6707
43457,-202.79997
43458,-199.5483
43459,-196.19261
43460,-193.00417
43461,-190.25417
43462,-188.21376
43463,-187.15388
43464,-187.34535
43465,-189.05875
43466,-190.76643
43467,-190.3456
43468,-190.20288
43469,-189.98761
43470,-189.71211
43471,-189.38869
43472,-189.02968
43473,-188.64738
43474,-188.25414
43475,-187.86224
43476,-187.4774
43477,-187.06644
43478,-186.54369
43479,-185.82127
43480,-184.8139
43481,-183.46194
43482,-181.85542
43483,-180.28732
43484,-179.05873
43485,-178.46121
43486,-178.73592
43487,-179.8322
43488,-181.30394
43489,-182.6896
43490,-183.54639
43491,-183.49135
43492,-182.48924
43493,-180.97617
43494,-179.40744
43495,-178.21603
43496,-177.78572
43497,-178.21397
43498,-179.2106
43499,-180.46994
43500,-181.70493
43501,-182.65587
43502,-183.22168
43503,-183.51625
43504,-183.6621
43505,-183.77155
43506,-183.94432
43507,-184.2072
43508,-184.4879
43509,-184.71028
43510,-184.8028
43511,-184.69395
43512,-184.31227
43513,-183.58618
43514,-182.44417
43515,-180.81464
43516,-179.77467
43517,-180.1857
43518,-179.55594
43519,-178.50781
43520,-177.19812
43521,-175.78378
43522,-174.42178
43523,-173.269
43524,-172.48242
43525,-172.21893
43526,-172.6054
43527,-173.5946
43528,-174.90343
43529,-176.23958
43530,-177.32202
43531,-177.90695
43532,-177.9674
43533,-177.77
43534,-177.59311
43535,-177.70111
43536,-178.31874
43537,-179.43967
43538,-180.74481
43539,-181.90273
43540,-182.59677
43541,-182.56328
43542,-181.84584
43543,-180.90459
43544,-180.2166
43545,-180.23909
43546,-181.35497
43547,-183.5152
43548,-186.08598
43549,-188.41058
43550,-189.8601
43551,-189.87692
43552,-188.31787
43553,-185.60213
43554,-182.17197
43555,-178.44347
43556,-174.81238
43557,-171.55527
43558,-168.78699
43559,-166.61586
43560,-165.15788
43561,-164.5289
43562,-164.84483
43563,-166.22144
43564,-168.77446
43565,-172.61954
43566,-175.39636
43567,-174.92421
43568,-176.09547
43569,-177.86725
43570,-180.0631
43571,-182.50668
43572,-185.02171
43573,-187.43187
43574,-189.56096
43575,-191.2327
43576,-192.28758
43577,-192.66382
43578,-192.43214
43579,-191.66861
43580,-190.44307
43581,-188.84612
43582,-187.08919
43583,-185.54744
43584,-184.60268
43585,-184.62892
43586,-185.95567
43587,-188.65497
43588,-192.4504
43589,-197.05167
43590,-202.18536
43591,-212.5509
43592,-217.68909
43593,-216.92567
43594,-219.57742
43595,-219.9706
43596,-217.56555
43597,-212.60936
43598,-211.41977
43599,-205.36284
43600,-195.75572
43601,-193.75566
43602,-194.59395
43603,-197.2479
43604,-200.64459
43605,-203.77177
43606,-205.71385
43607,-206.11456
43608,-205.3758
43609,-203.93097
43610,-202.17818
43611,-200.51566
43612,-199.34187
43613,-199.05501
43614,-200.0532
43615,-202.73409
43616,-203.75711
43617,-199.82178
43618,-198.0645
43619,-197.0546
43620,-196.59656
43621,-196.49509
43622,-196.55495
43623,-196.58095
43624,-196.37799
43625,-195.75084
43626,-194.53557
43627,-192.74998
43628,-190.65843
43629,-188.53552
43630,-186.64421
43631,-185.20712
43632,-184.21165
43633,-183.32672
43634,-182.20831
43635,-180.52751
43636,-178.01974
43637,-174.79466
43638,-171.4693
43639,-168.6813
43640,-167.04422
43641,-167.07248
43642,-168.70679
43643,-171.11124
43644,-173.41982
43645,-174.80403
43646,-174.55612
43647,-172.6711
43648,-170.09662
43649,-167.81879
43650,-166.77861
43651,-167.7875
43652,-170.90562
43653,-175.17644
43654,-179.60446
43655,-183.24327
43656,-185.24478
43657,-185.33066
43658,-183.99496
43659,-181.7629
43660,-179.12344
43661,-176.566
43662,-174.57991
43663,-173.65451
43664,-174.27882
43665,-176.94147
43666,-178.75636
43667,-176.53339
43668,-176.16557
43669,-176.45036
43670,-177.20186
43671,-178.2342
43672,-179.36163
43673,-180.39838
43674,-181.15872
43675,-181.45692
43676,-181.13893
43677,-180.23563
43678,-179.02844
43679,-177.80887
43680,-176.85664
43681,-176.42128
43682,-176.57707
43683,-177.16083
43684,-178.00005
43685,-178.93353
43686,-179.80678
43687,-180.50456
43688,-180.96466
43689,-181.12694
43690,-180.92873
43691,-180.34604
43692,-179.57947
43693,-179.13423
43694,-179.52765
43695,-181.2624
43696,-184.73898
43697,-189.7656
43698,-200.34924
43699,-205.46602
43700,-204.13058
43701,-205.49341
43702,-204.49586
43703,-202.15349
43704,-199.52748
43705,-197.62949
43706,-197.35423
43707,-198.91644
43708,-201.60942
43709,-204.6893
43710,-207.45622
43711,-209.21057
43712,-209.25238
43713,-206.88081
43714,-201.39362
43715,-197.0869
43716,-187.00917
43717,-181.78702
43718,-173.56973
43719,-172.20898
43720,-172.32652
43721,-173.54468
43722,-175.48616
43723,-177.77405
43724,-180.03148
43725,-181.88171
43726,-182.99088
43727,-183.27382
43728,-182.98259
43729,-182.38277
43730,-181.72406
43731,-181.23586
43732,-181.02928
43733,-181.05524
43734,-181.25821
43735,-181.59032
43736,-182.00285
43737,-182.44238
43738,-182.84903
43739,-183.16277
43740,-183.32378
43741,-183.28987
43742,-183.12186
43743,-183.01958
43744,-183.18872
43745,-183.82816
43746,-185.10883
43747,-187.03893
43748,-189.40623
43749,-191.9899
43750,-194.57944
43751,-196.97609
43752,-199.04752
43753,-200.75182
43754,-202.05066
43755,-202.9014
43756,-203.26646
43757,-203.13757
43758,-202.54623
43759,-201.5256
43760,-200.10701
43761,-198.32169
43762,-196.20105
43763,-193.7764
43764,-191.07912
43765,-188.1405
43766,-185.36026
43767,-183.49373
43768,-182.48248
43769,-182.18623
43770,-182.50552
43771,-183.34102
43772,-184.5934
43773,-186.16342
43774,-187.9518
43775,-189.8594
43776,-191.78278
43777,-193.59436
43778,-195.13368
43779,-196.23885
43780,-196.74956
43781,-196.53648
43782,-195.65045
43783,-194.387
43784,-193.0517
43785,-191.93877
43786,-191.3029
43787,-191.16943
43788,-191.25293
43789,-191.2553
43790,-190.89316
43791,-189.92209
43792,-188.32431
43793,-186.38919
43794,-184.41881
43795,-182.70079
43796,-181.49632
43797,-180.91394
43798,-180.85498
43799,-181.21259
43800,-181.88968
43801,-182.793
43802,-183.8509
43803,-185.0212
43804,-186.26285
43805,-187.53339
43806,-188.7856
43807,-189.94427
43808,-190.89627
43809,-191.52695
43810,-191.72333
43811,-191.37256
43812,-190.36165
43813,-188.57753
43814,-185.90712
43815,-182.23724
43816,-179.05257
43817,-178.27007
43818,-177.60799
43819,-177.28535
43820,-177.19559
43821,-177.23206
43822,-177.28825
43823,-177.2576
43824,-177.03351
43825,-176.50945
43826,-175.59853
43827,-174.3284
43828,-172.88197
43829,-171.44843
43830,-170.2094
43831,-169.32422
43832,-168.82112
43833,-168.55104
43834,-168.35802
43835,-168.09439
43836,-167.6331
43837,-166.96588
43838,-166.24557
43839,-165.6313
43840,-165.27454
43841,-165.30919
43842,-165.76727
43843,-166.5429
43844,-167.52467
43845,-168.60796
43846,-169.69818
43847,-170.76031
43848,-171.83968
43849,-172.98471
43850,-174.24011
43851,-175.63483
43852,-177.10657
43853,-178.4695
43854,-179.53291
43855,-180.11198
43856,-180.05214
43857,-179.37502
43858,-178.34116
43859,-177.22064
43860,-176.27237
43861,-175.75508
43862,-175.92763
43863,-177.04868
43864,-179.37677
43865,-183.17018
43866,-185.00566
43867,-181.77728
43868,-180.92453
43869,-180.92125
43870,-181.55136
43871,-182.59897
43872,-183.84819
43873,-185.0833
43874,-186.08852
43875,-186.64815
43876,-186.574
43877,-185.83861
43878,-184.63237
43879,-183.15457
43880,-181.59412
43881,-180.13156
43882,-178.89752
43883,-177.9552
43884,-177.36505
43885,-177.19077
43886,-177.47733
43887,-178.16171
43888,-179.03438
43889,-179.88004
43890,-180.49036
43891,-180.67662
43892,-180.36353
43893,-179.62978
43894,-178.56021
43895,-177.2324
43896,-175.73653
43897,-174.23651
43898,-172.99605
43899,-172.2828
43900,-172.35968
43901,-173.42444
43902,-175.29726
43903,-177.287
43904,-178.68266
43905,-178.79749
43906,-177.04092
43907,-173.38307
43908,-168.55475
43909,-168.31798
43910,-158.39903
43911,-154.52403
43912,-152.41881
43913,-152.80861
43914,-156.41806
43915,-168.97072
43916,-173.90771
43917,-164.47096
43918,-164.01587
43919,-164.86925
43920,-166.66982
43921,-169.05661
43922,-171.66881
43923,-174.14581
43924,-176.12694
43925,-177.25163
43926,-177.2101
43927,-175.98943
43928,-173.97906
43929,-171.58464
43930,-169.19292
43931,-167.1669
43932,-165.73215
43933,-164.92755
43934,-164.7846
43935,-165.34372
43936,-166.62402
43937,-168.52109
43938,-170.7631
43939,-173.07188
43940,-175.17728
43941,-176.8347
43942,-177.9484
43943,-178.62404
43944,-178.97536
43945,-179.10646
43946,-179.11858
43947,-179.09642
43948,-179.10226
43949,-179.19736
43950,-179.44414
43951,-179.89574
43952,-180.55142
43953,-181.33754
43954,-182.17758
43955,-182.99843
43956,-183.73737
43957,-184.39153
43958,-185.0392
43959,-185.76201
43960,-186.63766
43961,-187.74388
43962,-189.15836
43963,-190.9588
43964,-193.22281
43965,-196.02806
43966,-197.32542
43967,-195.02843
43968,-193.08432
43969,-190.96251
43970,-188.76
43971,-186.5738
43972,-184.50098
43973,-182.63853
43974,-181.08345
43975,-179.9328
43976,-179.27278
43977,-179.12769
43978,-179.43765
43979,-180.13953
43980,-181.17407
43981,-182.46584
43982,-183.8444
43983,-185.01067
43984,-185.66045
43985,-185.49556
43986,-184.27425
43987,-182.08322
43988,-179.45473
43989,-176.93935
43990,-175.06664
43991,-174.30418
43992,-174.76001
43993,-176.0555
43994,-177.79266
43995,-179.59702
43996,-181.12643
43997,-182.22652
43998,-182.9971
43999,-183.54817
44000,-183.97765
44001,-184.35648
44002,-184.59923
44003,-184.4083
44004,-183.47755
44005,-181.5108
44006,-178.26723
44007,-173.82861
44008,-168.71468
44009,-168.46307
44010,-158.59079
44011,-154.61473
44012,-152.05139
44013,-151.41704
44014,-153.22762
44015,-157.99849
44016,-161.00243
44017,-157.50743
44018,-157.38177
44019,-158.64857
44020,-161.04927
44021,-164.32556
44022,-168.21915
44023,-172.47202
44024,-176.82617
44025,-181.02374
44026,-184.8138
44027,-187.98543
44028,-190.38203
44029,-191.8489
44030,-192.22876
44031,-191.41397
44032,-189.58728
44033,-187.3251
44034,-185.22032
44035,-183.84732
44036,-183.69768
44037,-184.78246
44038,-186.46199
44039,-188.07074
44040,-188.97432
44041,-188.62947
44042,-187.02313
44043,-184.86145
44044,-182.8801
44045,-181.7809
44046,-182.18123
44047,-184.20825
44048,-187.32567
44049,-190.97095
44050,-194.61357
44051,-197.76561
44052,-200.18565
44053,-201.96619
44054,-203.21317
44055,-204.0168
44056,-204.46255
44057,-204.60794
44058,-204.4727
44059,-204.07498
44060,-203.43468
44061,-202.57182
44062,-201.50629
44063,-200.25804
44064,-198.8471
44065,-197.2934
44066,-193.56375
44067,-191.90175
44068,-183.2895
44069,-181.21101
44070,-180.30577
44071,-180.21384
44072,-180.57567
44073,-181.03183
44074,-181.22308
44075,-180.79022
44076,-179.42519
44077,-177.11874
44078,-174.26671
44079,-171.28127
44080,-168.55556
44081,-166.45358
44082,-165.17032
44083,-164.67186
44084,-164.9152
44085,-165.86832
44086,-167.48161
44087,-169.60367
44088,-171.9453
44089,-174.21191
44090,-176.11557
44091,-177.40764
44092,-178.06784
44093,-178.38533
44094,-178.66159
44095,-179.18333
44096,-180.19553
44097,-181.6997
44098,-183.36775
44099,-184.85854
44100,-185.84665
44101,-186.05757
44102,-185.51308
44103,-184.63672
44104,-183.86832
44105,-183.62871
44106,-184.29222
44107,-185.96327
44108,-188.38055
44109,-191.26817
44110,-194.36784
44111,-197.42134
44112,-200.17047
44113,-202.35706
44114,-203.72285
44115,-204.00937
44116,-201.46082
44117,-195.9894
44118,-193.12718
44119,-191.51817
44120,-190.88213
44121,-190.93922
44122,-191.40982
44123,-192.01445
44124,-192.47375
44125,-192.50838
44126,-191.89926
44127,-190.77806
44128,-189.75212
44129,-189.4484
44130,-190.47102
44131,-193.30891
44132,-197.78246
44133,-202.80762
44134,-207.26491
44135,-210.07808
44136,-210.30644
44137,-207.80002
44138,-203.48363
44139,-198.32863
44140,-198.25743
44141,-189.11679
44142,-186.31186
44143,-184.64838
44144,-183.90749
44145,-183.89882
44146,-184.42596
44147,-185.25728
44148,-186.11308
44149,-186.71184
44150,-186.77425
44151,-186.06287
44152,-184.5832
44153,-182.67044
44154,-180.67325
44155,-178.9247
44156,-177.7256
44157,-177.18906
44158,-177.1737
44159,-177.52806
44160,-178.11275
44161,-178.78848
44162,-179.416
44163,-179.85596
44164,-179.96912
44165,-179.61612
44166,-179.93132
44167,-181.98312
44168,-183.21643
44169,-184.06479
44170,-184.52777
44171,-184.60501
44172,-184.29616
44173,-183.60077
44174,-182.51854
44175,-181.04904
44176,-179.21136
44177,-177.13766
44178,-175.11339
44179,-173.4302
44180,-172.37242
44181,-172.17856
44182,-172.8211
44183,-173.9124
44184,-175.05061
44185,-175.8513
44186,-175.97581
44187,-175.35268
44188,-174.27222
44189,-173.03932
44190,-171.94167
44191,-171.24226
44192,-171.06067
44193,-171.322
44194,-171.9438
44195,-172.85277
44196,-173.97533
44197,-175.23558
44198,-176.55452
44199,-177.85309
44200,-179.05237
44201,-180.0741
44202,-180.8445
44203,-181.29556
44204,-181.35962
44205,-180.96863
44206,-180.07127
44207,-178.71396
44208,-177.07536
44209,-175.33954
44210,-173.68423
44211,-172.28725
44212,-171.32635
44213,-170.97923
44214,-171.42361
44215,-172.83699
44216,-173.46649
44217,-171.69572
44218,-171.38107
44219,-171.6805
44220,-172.4422
44221,-173.51439
44222,-174.74535
44223,-175.98338
44224,-177.07686
44225,-177.87402
44226,-178.23863
44227,-178.12369
44228,-177.6033
44229,-176.75652
44230,-175.65648
44231,-174.38348
44232,-173.0585
44233,-171.85776
44234,-170.95955
44235,-170.53964
44236,-170.74039
44237,-171.51018
44238,-172.53482
44239,-173.48993
44240,-174.06357
44241,-173.9988
44242,-173.35791
44243,-172.63603
44244,-172.34547
44245,-172.97784
44246,-174.93733
44247,-178.12021
44248,-181.73547
44249,-184.9655
44250,-187.02557
44251,-187.26387
44252,-185.80228
44253,-183.81192
44254,-182.50725
44255,-183.05309
44256,-186.45802
44257,-197.82712
44258,-206.04326
44259,-214.94284
44260,-223.42194
44261,-230.37767
44262,-229.70668
44263,-230.30334
44264,-226.05827
44265,-220.85686
44266,-209.09323
44267,-203.6034
44268,-194.64082
44269,-192.4809
44270,-191.87256
44271,-192.5653
44272,-194.30907
44273,-196.85399
44274,-199.95042
44275,-203.34894
44276,-206.78795
44277,-209.93465
44278,-212.35956
44279,-213.62912
44280,-213.31393
44281,-211.06512
44282,-207.00543
44283,-201.89833
44284,-201.53568
44285,-191.67987
44286,-188.01862
44287,-185.80609
44288,-184.7087
44289,-184.36868
44290,-184.45659
44291,-184.67221
44292,-184.88538
44293,-185.19606
44294,-185.71358
44295,-186.5362
44296,-187.749
44297,-189.36005
44298,-191.27307
44299,-193.38763
44300,-195.60829
44301,-197.82857
44302,-199.8777
44303,-201.49791
44304,-202.4277
44305,-202.40968
44306,-201.23384
44307,-198.9667
44308,-196.05032
44309,-192.94264
44310,-190.08418
44311,-187.9154
44312,-186.87662
44313,-187.40782
44314,-189.94858
44315,-194.93767
44316,-196.10252
44317,-193.56596
44318,-187.26413
44319,-188.84714
44320,-192.68073
44321,-203.13208
44322,-209.56953
44323,-216.36234
44324,-222.88034
44325,-228.49364
44326,-227.61409
44327,-229.89655
44328,-230.32542
44329,-228.89894
44330,-225.5998
44331,-220.46188
44332,-218.81758
44333,-211.4053
44334,-203.9822
44335,-197.28676
44336,-192.00035
44337,-183.47392
44338,-181.6103
44339,-181.29393
44340,-182.43051
44341,-184.88414
44342,-188.27603
44343,-191.89854
44344,-195.03137
44345,-196.96994
44346,-197.10255
44347,-195.35893
44348,-192.40395
44349,-188.9333
44350,-185.60864
44351,-183.03468
44352,-181.4848
44353,-180.78307
44354,-180.73534
44355,-181.1689
44356,-181.92151
44357,-182.89113
44358,-184.05728
44359,-185.40277
44360,-186.90654
44361,-188.54755
44362,-190.30472
44363,-192.15698
44364,-194.0833
44365,-196.06262
44366,-195.03593
44367,-189.29066
44368,-186.73515
44369,-185.55293
44370,-185.39894
44371,-185.9286
44372,-186.79765
44373,-187.66193
44374,-188.17741
44375,-188.00005
44376,-186.83719
44377,-184.69585
44378,-181.9895
44379,-179.14827
44380,-176.58327
44381,-174.67067
44382,-173.5844
44383,-173.22409
44384,-173.47847
44385,-174.24937
44386,-175.43462
44387,-176.90889
44388,-178.51529
44389,-180.09576
44390,-181.4937
44391,-182.56963
44392,-183.28313
44393,-183.72804
44394,-184.00356
44395,-184.20258
44396,-184.40924
44397,-184.65723
44398,-184.91164
44399,-185.13495
44400,-185.29276
44401,-185.35297
44402,-185.29617
44403,-185.12033
44404,-184.82411
44405,-184.4053
44406,-183.86534
44407,-183.22685
44408,-182.54099
44409,-181.86015
44410,-181.23535
44411,-180.71759
44412,-180.35783
44413,-180.20717
44414,-180.31648
44415,-180.73686
44416,-180.57533
44417,-178.96645
44418,-177.7386
44419,-176.59863
44420,-175.55714
44421,-174.62473
44422,-173.81189
44423,-173.12929
44424,-172.5874
44425,-172.19687
44426,-171.97348
44427,-171.96349
44428,-172.25446
44429,-172.93549
44430,-174.09381
44431,-175.77875
44432,-177.82031
44433,-179.75128
44434,-181.09276
44435,-181.38008
44436,-180.23213
44437,-177.75586
44438,-174.72002
44439,-171.9204
44440,-170.12158
44441,-169.98544
44442,-171.5784
44443,-174.16096
44444,-176.9623
44445,-179.25038
44446,-180.37097
44447,-180.12076
44448,-178.90768
44449,-177.16422
44450,-175.29396
44451,-173.66963
44452,-172.48352
44453,-171.6833
44454,-171.20699
44455,-171.00406
44456,-171.0213
44457,-171.1886
44458,-171.41301
44459,-171.60074
44460,-171.65907
44461,-171.4953
44462,-171.01671
44463,-170.13052
44464,-168.74402
44465,-166.76433
44466,-168.329
44467,-181.35776
44468,-180.8695
44469,-183.87941
44470,-185.605
44471,-186.26382
44472,-186.07368
44473,-185.25255
44474,-184.0184
44475,-182.58954
44476,-181.17561
44477,-179.93643
44478,-178.96434
44479,-178.34883
44480,-178.1826
44481,-178.53194
44482,-179.30913
44483,-180.21794
44484,-180.95393
44485,-181.22264
44486,-180.78069
44487,-179.68228
44488,-178.38498
44489,-177.36266
44490,-177.07005
44491,-177.9027
44492,-179.9125
44493,-182.68643
44494,-185.79308
44495,-188.8234
44496,-191.3976
44497,-193.30458
44498,-194.5618
44499,-195.196
44500,-195.22296
44501,-194.67052
44502,-193.6361
44503,-192.31175
44504,-190.89339
44505,-189.57248
44506,-188.52777
44507,-187.86345
44508,-187.5828
44509,-187.68495
44510,-188.17378
44511,-189.05322
44512,-190.3272
44513,-191.9996
44514,-194.07434
44515,-196.5553
44516,-198.76772
44517,-199.44815
44518,-198.86632
44519,-197.26414
44520,-194.84032
44521,-191.79372
44522,-188.32333
44523,-184.62828
44524,-180.90778
44525,-177.361
44526,-174.17673
44527,-171.48381
44528,-169.32956
44529,-167.75801
44530,-166.81712
44531,-166.53983
44532,-166.87225
44533,-167.64285
44534,-168.6755
44535,-169.79974
44536,-170.85461
44537,-171.73401
44538,-172.40608
44539,-172.84203
44540,-173.00932
44541,-172.88275
44542,-172.47856
44543,-171.86938
44544,-171.1301
44545,-170.33286
44546,-169.5566
44547,-168.91978
44548,-168.59402
44549,-168.75323
44550,-169.56859
44551,-171.17859
44552,-173.53198
44553,-176.3205
44554,-179.22594
44555,-181.94243
44556,-184.19177
44557,-185.8561
44558,-187.03479
44559,-187.83586
44560,-188.35701
44561,-188.69603
44562,-188.9506
44563,-189.2186
44564,-189.59776
44565,-190.18588
44566,-187.26764
44567,-184.05632
44568,-175.91176
44569,-175.22795
44570,-176.38564
44571,-178.76686
44572,-181.7545
44573,-184.73186
44574,-187.08255
44575,-188.19016
44576,-187.53133
44577,-185.12605
44578,-181.73158
44579,-178.13571
44580,-175.09177
44581,-173.27055
44582,-172.86317
44583,-173.41112
44584,-174.43015
44585,-175.46722
44586,-176.12093
44587,-176.2886
44588,-176.27258
44589,-176.39136
44590,-176.944
44591,-178.18022
44592,-180.06267
44593,-182.16512
44594,-184.04604
44595,-185.28255
44596,-185.51047
44597,-184.70822
44598,-183.31837
44599,-181.80247
44600,-180.6002
44601,-180.09941
44602,-180.38675
44603,-181.14075
44604,-182.0237
44605,-182.71744
44606,-182.93904
44607,-182.61063
44608,-181.93228
44609,-181.11526
44610,-180.35762
44611,-179.85753
44612,-179.81305
44613,-180.42223
44614,-181.88298
44615,-184.39322
44616,-184.5025
44617,-179.64566
44618,-178.12129
44619,-177.99086
44620,-178.84796
44621,-180.2867
44622,-181.90141
44623,-183.28662
44624,-184.03687
44625,-183.74654
44626,-182.0835
44627,-179.1434
44628,-175.6025
44629,-172.16087
44630,-169.49113
44631,-168.19135
44632,-168.4263
44633,-169.77417
44634,-171.79025
44635,-174.05806
44636,-176.18674
44637,-177.9335
44638,-179.2559
44639,-180.11948
44640,-180.48004
44641,-180.31668
44642,-179.74309
44643,-179.05531
44644,-178.55693
44645,-178.5427
44646,-179.25302
44647,-180.61227
44648,-182.1167
44649,-183.24564
44650,-183.49884
44651,-182.4536
44652,-180.13902
44653,-177.19707
44654,-174.29474
44655,-172.07022
44656,-171.09033
44657,-171.50824
44658,-172.91681
44659,-174.88698
44660,-177.01656
44661,-178.9036
44662,-180.14604
44663,-180.34181
44664,-179.08862
44665,-175.98376
44666,-172.31387
44667,-170.7489
44668,-170.33739
44669,-170.86623
44670,-172.10005
44671,-173.80363
44672,-175.7419
44673,-177.67973
44674,-179.3822
44675,-180.61421
44676,-181.17535
44677,-181.06624
44678,-180.55995
44679,-179.94055
44680,-179.47925
44681,-179.41318
44682,-179.78125
44683,-180.35394
44684,-180.89102
44685,-181.16513
44686,-180.97972
44687,-180.31776
44688,-179.40579
44689,-178.47998
44690,-177.765
44691,-177.4552
44692,-177.56844
44693,-177.88342
44694,-178.16937
44695,-178.20691
44696,-177.8065
44697,-176.95216
44698,-175.86313
44699,-174.76805
44700,-173.88441
44701,-173.40808
44702,-173.40894
44703,-173.78635
44704,-174.43304
44705,-175.24974
44706,-176.14131
44707,-177.0361
44708,-177.89424
44709,-178.67712
44710,-179.34467
44711,-179.85674
44712,-180.17317
44713,-180.25395
44714,-180.05887
44715,-179.54776
44716,-179.07869
44717,-178.90091
44718,-178.0954
44719,-176.93648
44720,-175.51624
44721,-173.92677
44722,-172.26013
44723,-170.60849
44724,-169.06389
44725,-167.71848
44726,-166.65157
44727,-165.8679
44728,-165.27147
44729,-164.76227
44730,-164.24512
44731,-163.63568
44732,-162.91293
44733,-162.14156
44734,-161.38957
44735,-160.72093
44736,-160.19406
44737,-159.8357
44738,-159.62944
44739,-159.5573
44740,-159.60326
44741,-159.7531
44742,-160.00279
44743,-160.36205
44744,-160.84114
44745,-161.44965
44746,-162.1998
44747,-163.11932
44748,-164.25662
44749,-165.66104
44750,-167.3808
44751,-169.45084
44752,-171.8283
44753,-174.36511
44754,-176.90912
44755,-179.31316
44756,-181.44022
44757,-183.21158
44758,-184.62778
44759,-185.69235
44760,-186.40515
44761,-186.76598
44762,-186.77466
44763,-186.43098
44764,-185.73482
44765,-184.68588
44766,-183.27014
44767,-182.56294
44768,-184.3565
44769,-187.65126
44770,-191.93776
44771,-196.70715
44772,-201.45108
44773,-205.66136
44774,-208.82983
44775,-210.44798
44776,-210.10172
44777,-207.9288
44778,-204.81673
44779,-201.6855
44780,-199.42056
44781,-198.80418
44782,-200.02011
44783,-202.4407
44784,-205.40555
44785,-208.29309
44786,-210.5266
44787,-211.78857
44788,-212.11287
44789,-211.54787
44790,-210.12549
44791,-207.90245
44792,-205.08047
44793,-202.05785
44794,-199.24142
44795,-197.0288
44796,-195.76703
44797,-195.5097
44798,-195.9127
44799,-196.61572
44800,-197.27737
44801,-197.57355
44802,-197.27971
44803,-196.3064
44804,-194.56964
44805,-191.97905
44806,-188.47949
44807,-184.22142
44808,-179.6342
44809,-175.15889
44810,-171.22328
44811,-168.25511
44812,-166.68182
44813,-166.93048
44814,-169.42789
44815,-174.60014
44816,-178.80367
44817,-177.82022
44818,-178.3397
44819,-179.18848
44820,-180.29262
44821,-181.57822
44822,-182.97134
44823,-184.3982
44824,-185.78482
44825,-187.05742
44826,-188.13979
44827,-188.94252
44828,-189.35811
44829,-189.27843
44830,-188.59601
44831,-187.23317
44832,-185.28502
44833,-183.08086
44834,-180.95982
44835,-179.24982
44836,-178.23923
44837,-177.9864
44838,-178.23798
44839,-178.72824
44840,-179.20639
44841,-179.44568
44842,-179.35901
44843,-179.04858
44844,-178.62419
44845,-178.18655
44846,-177.81665
44847,-177.48076
44848,-176.9895
44849,-176.14723
44850,-174.76582
44851,-172.70317
44852,-170.08603
44853,-167.40544
44854,-165.16708
44855,-163.85922
44856,-163.90746
44857,-165.37405
44858,-167.82939
44859,-170.82492
44860,-173.93571
44861,-176.7371
44862,-178.80435
44863,-179.71274
44864,-179.03711
44865,-176.35194
44866,-175.10678
44867,-178.96445
44868,-180.94185
44869,-182.32678
44870,-183.22392
44871,-183.73804
44872,-183.97395
44873,-184.03647
44874,-184.03043
44875,-184.0607
44876,-184.21162
44877,-184.44844
44878,-184.57486
44879,-184.38818
44880,-183.6933
44881,-182.3305
44882,-180.34618
44883,-178.0662
44884,-175.82773
44885,-173.95488
44886,-172.73462
44887,-172.2396
44888,-172.2518
44889,-172.54181
44890,-172.89401
44891,-173.12198
44892,-173.20837
44893,-173.36488
44894,-173.81224
44895,-174.76028
44896,-176.38008
44897,-178.61829
44898,-181.11743
44899,-183.50816
44900,-185.43575
44901,-186.59988
44902,-187.01726
44903,-187.13414
44904,-187.41425
44905,-188.30083
44906,-190.17653
44907,-193.07147
44908,-196.53844
44909,-200.11125
44910,-203.34662
44911,-205.80125
44912,-207.03166
44913,-206.59401
44914,-204.04376
44915,-198.9357
44916,-197.7289
44917,-188.9873
44918,-187.55807
44919,-187.79501
44920,-189.25684
44921,-191.50279
44922,-194.09268
44923,-196.58641
44924,-198.54417
44925,-199.52592
44926,-199.15466
44927,-197.42038
44928,-194.81134
44929,-191.83676
44930,-188.98265
44931,-186.6956
44932,-185.19199
44933,-184.37627
44934,-184.1402
44935,-184.39026
44936,-185.02478
44937,-185.8939
44938,-186.7825
44939,-187.4729
44940,-187.75046
44941,-187.43608
44942,-186.55748
44943,-185.42262
44944,-184.35097
44945,-183.64873
44946,-183.57675
44947,-184.13237
44948,-184.95609
44949,-185.67406
44950,-185.92943
44951,-185.41154
44952,-184.07805
44953,-182.25035
44954,-180.2648
44955,-178.44048
44956,-177.06541
44957,-176.24619
44958,-175.84367
44959,-175.70897
44960,-175.7049
44961,-175.69423
44962,-175.53987
44963,-175.1046
44964,-174.25125
44965,-172.84259
44966,-171.8808
44967,-172.36562
44968,-172.14252
44969,-171.68312
44970,-171.0761
44971,-170.40994
44972,-169.77333
44973,-169.2548
44974,-168.94301
44975,-168.9265
44976,-169.27603
44977,-169.95905
44978,-170.80278
44979,-171.62909
44980,-172.26646
44981,-172.5539
44982,-172.3913
44983,-171.761
44984,-170.6487
44985,-169.03607
44986,-166.9345
44987,-164.52817
44988,-162.2353
44989,-160.48341
44990,-159.6888
44991,-160.19534
44992,-161.92752
44993,-164.24182
44994,-166.473
44995,-167.98305
44996,-168.21709
44997,-167.10297
44998,-165.22266
44999,-163.18422
45000,-161.56465
45001,-160.8829
45002,-161.3205
45003,-162.60196
45004,-164.43413
45005,-166.54568
45006,-168.67892
45007,-170.65395
45008,-172.39644
45009,-173.83617
45010,-174.89777
45011,-175.506
45012,-175.58543
45013,-175.06075
45014,-173.8565
45015,-171.8973
45016,-171.67784
45017,-175.03949
45018,-176.10257
45019,-176.18059
45020,-175.50969
45021,-174.3262
45022,-172.86658
45023,-171.36736
45024,-170.06508
45025,-169.19632
45026,-168.96722
45027,-169.40729
45028,-170.30692
45029,-171.44711
45030,-172.62035
45031,-173.63354
45032,-174.37718
45033,-174.85506
45034,-175.07542
45035,-175.04112
45036,-174.76112
45037,-174.27994
45038,-173.69032
45039,-173.08691
45040,-172.56206
45041,-172.20117
45042,-172.04922
45043,-172.09631
45044,-172.33038
45045,-172.74205
45046,-173.30936
45047,-173.93764
45048,-174.43365
45049,-174.60036
45050,-174.24533
45051,-173.21574
45052,-171.58932
45053,-169.75627
45054,-168.11928
45055,-167.06618
45056,-166.93802
45057,-167.80428
45058,-169.36684
45059,-171.31313
45060,-173.34834
45061,-175.17764
45062,-176.50632
45063,-177.03955
45064,-176.48238
45065,-174.53958
45066,-174.18452
45067,-178.24956
45068,-180.30452
45069,-181.55159
45070,-182.08359
45071,-181.99341
45072,-181.37393
45073,-180.31818
45074,-178.9191
45075,-177.26979
45076,-175.47025
45077,-173.66089
45078,-172.03691
45079,-170.79568
45080,-170.13191
45081,-170.20413
45082,-170.96101
45083,-172.06688
45084,-173.17503
45085,-173.95235
45086,-174.10883
45087,-173.60513
45088,-172.74167
45089,-171.83238
45090,-171.17497
45091,-171.0321
45092,-171.46169
45093,-172.24454
45094,-173.15056
45095,-173.96294
45096,-174.48584
45097,-174.64572
45098,-174.53455
45099,-174.25085
45100,-173.88533
45101,-173.5235
45102,-173.22144
45103,-172.9952
45104,-172.85907
45105,-172.82945
45106,-172.91916
45107,-173.12082
45108,-173.39964
45109,-173.71983
45110,-174.04681
45111,-174.34604
45112,-174.58302
45113,-174.72318
45114,-174.73196
45115,-174.5749
45116,-173.2925
45117,-170.69704
45118,-169.80298
45119,-169.83655
45120,-170.61763
45121,-171.96617
45122,-173.70229
45123,-175.64607
45124,-177.61777
45125,-179.43753
45126,-180.93115
45127,-181.95657
45128,-182.41534
45129,-182.2107
45130,-181.24371
45131,-179.4538
45132,-177.0029
45133,-174.355
45134,-171.98624
45135,-170.3585
45136,-169.87411
45137,-170.58986
45138,-172.09482
45139,-173.95964
45140,-175.77766
45141,-177.17645
45142,-177.98303
45143,-178.29442
45144,-178.21837
45145,-177.84973
45146,-177.29501
45147,-176.72801
45148,-176.41383
45149,-176.62119
45150,-177.61429
45151,-179.60074
45152,-182.45903
45153,-185.6223
45154,-188.50618
45155,-190.54773
45156,-191.25096
45157,-190.51015
45158,-188.74884
45159,-186.4124
45160,-183.92137
45161,-181.69653
45162,-180.15862
45163,-179.72821
45164,-180.82562
45165,-183.87079
45166,-187.23053
45167,-188.55164
45168,-190.49968
45169,-192.46957
45170,-194.29962
45171,-195.82822
45172,-196.89368
45173,-197.33424
45174,-196.98817
45175,-195.69348
45176,-193.32033
45177,-189.92593
45178,-185.82129
45179,-181.32819
45180,-176.75658
45181,-172.42303
45182,-168.68297
45183,-165.94426
45184,-164.61664
45185,-165.10707
45186,-167.71225
45187,-172.09021
45188,-177.03487
45189,-181.30745
45190,-183.71082
45191,-183.22092
45192,-179.82254
45193,-174.86993
45194,-169.77438
45195,-165.88316
45196,-164.36667
45197,-165.3686
45198,-167.64308
45199,-169.89067
45200,-170.8789
45201,-169.54877
45202,-165.85
45203,-161.10046
45204,-156.67323
45205,-153.87653
45206,-153.87184
45207,-156.97095
45208,-162.33594
45209,-174.08499
45210,-181.39218
45211,-188.4324
45212,-194.38121
45213,-193.4141
45214,-194.70569
45215,-192.42905
45216,-189.56305
45217,-190.33443
45218,-189.53813
45219,-188.17134
45220,-186.38957
45221,-184.34833
45222,-182.20328
45223,-180.11009
45224,-178.22437
45225,-176.70177
45226,-175.67928
45227,-175.18556
45228,-175.10269
45229,-175.30682
45230,-175.68117
45231,-176.11946
45232,-176.57655
45233,-177.08998
45234,-177.70062
45235,-178.4454
45236,-179.34698
45237,-180.34558
45238,-181.2696
45239,-181.94295
45240,-182.19484
45241,-181.88286
45242,-181.02899
45243,-179.87827
45244,-178.68471
45245,-177.69185
45246,-177.11705
45247,-177.02568
45248,-177.27728
45249,-177.72318
45250,-178.22453
45251,-178.64436
45252,-178.85641
45253,-178.74913
45254,-178.21143
45255,-177.13141
45256,-175.4264
45257,-173.18253
45258,-170.71504
45259,-168.34842
45260,-166.3963
45261,-165.1722
45262,-164.98952
45263,-166.16154
45264,-169.00134
45265,-173.8216
45266,-178.532
45267,-179.71323
45268,-179.70972
45269,-178.61867
45270,-176.76804
45271,-174.48607
45272,-172.10109
45273,-169.94167
45274,-168.33615
45275,-167.61304
45276,-168.0541
45277,-169.6715
45278,-172.11224
45279,-175.00923
45280,-178.01286
45281,-180.79248
45282,-183.12605
45283,-184.93878
45284,-186.16158
45285,-186.71832
45286,-186.55194
45287,-185.71573
45288,-184.41286
45289,-182.85262
45290,-181.23732
45291,-179.76068
45292,-178.56657
45293,-177.7314
45294,-177.3288
45295,-177.43556
45296,-178.09088
45297,-179.11505
45298,-180.03212
45299,-180.35434
45300,-179.60797
45301,-177.40137
45302,-173.8209
45303,-169.60179
45304,-165.50555
45305,-162.26321
45306,-160.53293
45307,-160.55115
45308,-161.98337
45309,-164.47293
45310,-167.69073
45311,-171.30771
45312,-174.99507
45313,-178.42412
45314,-181.26616
45315,-183.19243
45316,-182.47098
45317,-178.72054
45318,-176.73607
45319,-175.48204
45320,-174.82504
45321,-174.63168
45322,-174.7687
45323,-175.10281
45324,-175.50089
45325,-175.82962
45326,-175.96602
45327,-175.84607
45328,-175.4857
45329,-174.90405
45330,-174.11642
45331,-173.13145
45332,-171.91884
45333,-170.39566
45334,-168.47682
45335,-166.07974
45336,-163.16118
45337,-159.90659
45338,-156.8113
45339,-154.38295
45340,-153.11423
45341,-153.44553
45342,-155.51448
45343,-159.04884
45344,-163.76068
45345,-174.38177
45346,-180.61719
45347,-187.01642
45348,-192.91837
45349,-192.65395
45350,-195.56395
45351,-196.09384
45352,-194.30132
45353,-191.0754
45354,-187.34032
45355,-183.98189
45356,-181.80144
45357,-181.10802
45358,-181.54333
45359,-182.72246
45360,-184.2922
45361,-185.89977
45362,-187.1923
45363,-187.81702
45364,-187.42096
45365,-185.65097
45366,-180.94228
45367,-179.01859
45368,-170.87108
45369,-169.78244
45370,-170.27777
45371,-171.8828
45372,-174.1239
45373,-176.52768
45374,-178.62094
45375,-179.93063
45376,-180.04034
45377,-178.86462
45378,-176.76648
45379,-174.12709
45380,-171.30655
45381,-168.6396
45382,-166.31339
45383,-164.31473
45384,-162.6225
45385,-161.22517
45386,-160.1135
45387,-159.2918
45388,-158.78268
45389,-158.60948
45390,-158.79468
45391,-159.35146
45392,-160.23921
45393,-161.3445
45394,-162.55109
45395,-163.74617
45396,-164.8267
45397,-165.74553
45398,-166.53139
45399,-167.21596
45400,-167.82732
45401,-168.38646
45402,-168.87329
45403,-169.21227
45404,-169.32547
45405,-169.13777
45406,-168.58546
45407,-167.6719
45408,-166.49106
45409,-165.14064
45410,-163.71391
45411,-162.30426
45412,-161.00497
45413,-159.90938
45414,-159.11081
45415,-158.70256
45416,-160.14339
45417,-164.36057
45418,-167.89694
45419,-171.27644
45420,-174.43071
45421,-177.29138
45422,-179.7901
45423,-181.85841
45424,-183.42798
45425,-184.43033
45426,-184.81642
45427,-184.6506
45428,-184.1507
45429,-183.54071
45430,-183.03748
45431,-182.82735
45432,-182.91982
45433,-183.08432
45434,-183.08084
45435,-182.68074
45436,-181.703
45437,-180.24428
45438,-178.77754
45439,-177.79099
45440,-177.75485
45441,-179.06703
45442,-181.70546
45443,-185.07991
45444,-188.57787
45445,-191.61418
45446,-193.65881
45447,-194.50157
45448,-194.36577
45449,-193.49222
45450,-192.10152
45451,-190.40434
45452,-188.554
45453,-186.62572
45454,-184.69145
45455,-182.827
45456,-181.10204
45457,-179.55179
45458,-178.16441
45459,-176.92628
45460,-175.8259
45461,-174.85184
45462,-173.99265
45463,-173.2369
45464,-172.57312
45465,-171.98988
45466,-170.51248
45467,-167.71791
45468,-166.31702
45469,-165.63301
45470,-165.51173
45471,-165.79913
45472,-166.34123
45473,-166.98407
45474,-167.57373
45475,-167.95625
45476,-168.00862
45477,-167.78726
45478,-167.59186
45479,-167.73161
45480,-168.50412
45481,-170.1569
45482,-172.6467
45483,-175.53676
45484,-178.37509
45485,-180.72853
45486,-182.202
45487,-182.621
45488,-182.11012
45489,-180.8059
45490,-178.8307
45491,-176.32727
45492,-173.55597
45493,-170.93663
45494,-168.89557
45495,-167.85138
45496,-168.1509
45497,-169.72507
45498,-171.94177
45499,-174.14711
45500,-175.71428
45501,-176.09564
45502,-175.20433
45503,-173.57768
45504,-171.77815
45505,-170.33878
45506,-169.73544
45507,-170.11316
45508,-171.1684
45509,-172.58005
45510,-174.04857
45511,-175.2744
45512,-175.95802
45513,-175.7998
45514,-174.50003
45515,-171.75874
45516,-167.5748
45517,-163.69061
45518,-162.39725
45519,-162.78276
45520,-164.50494
45521,-167.22194
45522,-170.59216
45523,-174.27411
45524,-177.92656
45525,-181.20833
45526,-183.8062
45527,-185.56932
45528,-186.56686
45529,-186.87668
45530,-186.56618
45531,-185.71552
45532,-184.47884
45533,-183.1105
45534,-181.86897
45535,-181.008
45536,-180.74376
45537,-181.07428
45538,-181.70216
45539,-182.31812
45540,-182.6271
45541,-182.3741
45542,-181.53801
45543,-180.4144
45544,-179.31168
45545,-178.5233
45546,-178.30362
45547,-178.6804
45548,-179.37422
45549,-180.09354
45550,-180.56146
45551,-180.54448
45552,-180.06151
45553,-179.4736
45554,-179.15546
45555,-179.46562
45556,-180.71297
45557,-182.91893
45558,-185.7156
45559,-188.7197
45560,-191.56665
45561,-193.89201
45562,-195.33113
45563,-195.51933
45564,-194.09138
45565,-190.6818
45566,-188.78296
45567,-191.58582
45568,-191.3802
45569,-190.03162
45570,-187.99474
45571,-185.72469
45572,-183.67677
45573,-182.30649
45574,-182.06895
45575,-183.41917
45576,-186.70319
45577,-191.6367
45578,-202.0825
45579,-201.87053
45580,-204.87169
45581,-205.10965
45582,-202.49991
45583,-198.1698
45584,-193.29886
45585,-189.011
45586,-186.30432
45587,-185.44318
45588,-185.69775
45589,-186.29822
45590,-186.52235
45591,-185.7446
45592,-183.90057
45593,-181.68684
45594,-179.83101
45595,-179.02473
45596,-179.86836
45597,-182.43283
45598,-186.07263
45599,-190.1142
45600,-193.91855
45601,-196.89622
45602,-198.74454
45603,-199.5492
45604,-199.41159
45605,-198.41473
45606,-196.6519
45607,-194.27554
45608,-191.51839
45609,-188.61662
45610,-185.8026
45611,-183.30887
45612,-181.36774
45613,-180.21156
45614,-180.0725
45615,-181.1826
45616,-183.56192
45617,-186.50447
45618,-189.18661
45619,-191.67986
45620,-193.89723
45621,-195.75185
45622,-197.1567
45623,-198.02473
45624,-198.26889
45625,-197.80212
45626,-196.5671
45627,-194.68048
45628,-192.49477
45629,-190.37234
45630,-188.66455
45631,-187.67688
45632,-187.44838
45633,-187.65726
45634,-187.96704
45635,-188.0586
45636,-187.6666
45637,-186.83905
45638,-186.04884
45639,-185.78603
45640,-186.5205
45641,-188.62766
45642,-191.93503
45643,-195.52835
45644,-198.46414
45645,-199.83435
45646,-198.86484
45647,-195.5646
45648,-191.006
45649,-186.30682
45650,-182.53564
45651,-180.63773
45652,-180.84306
45653,-182.41287
45654,-184.56981
45655,-186.5834
45656,-187.7964
45657,-187.97649
45658,-187.46712
45659,-186.63504
45660,-185.81987
45661,-185.36122
45662,-185.59875
45663,-186.87189
45664,-189.5199
45665,-193.88168
45666,-206.11568
45667,-214.66074
45668,-213.51735
45669,-214.56493
45670,-213.38214
45671,-210.5491
45672,-206.64725
45673,-202.25888
45674,-197.96692
45675,-194.35435
45676,-191.92924
45677,-190.76422
45678,-190.34184
45679,-190.12068
45680,-189.58742
45681,-188.31784
45682,-186.4046
45683,-184.64166
45684,-183.85162
45685,-184.82355
45686,-188.19267
45687,-198.7032
45688,-204.89444
45689,-210.25925
45690,-208.34839
45691,-207.92075
45692,-203.95142
45693,-203.06921
45694,-196.9758
45695,-187.29706
45696,-185.46286
45697,-186.76457
45698,-189.95226
45699,-193.71521
45700,-196.81732
45701,-198.15405
45702,-197.38326
45703,-195.19633
45704,-192.3278
45705,-189.464
45706,-187.22818
45707,-185.87526
45708,-185.1607
45709,-184.81961
45710,-184.61081
45711,-184.29324
45712,-183.62587
45713,-182.36757
45714,-180.27719
45715,-177.1134
45716,-175.61081
45717,-178.42918
45718,-179.79735
45719,-180.70699
45720,-181.17497
45721,-181.21822
45722,-180.85364
45723,-180.09811
45724,-178.96858
45725,-177.48196
45726,-175.66197
45727,-173.57162
45728,-171.32726
45729,-169.04738
45730,-166.84795
45731,-164.84099
45732,-163.11566
45733,-161.73009
45734,-160.74121
45735,-160.20738
45736,-160.16718
45737,-160.54366
45738,-161.10384
45739,-161.60854
45740,-161.82613
45741,-161.56694
45742,-160.88548
45743,-160.16692
45744,-159.80931
45745,-160.19498
45746,-161.64667
45747,-164.14154
45748,-167.1891
45749,-170.28084
45750,-172.93076
45751,-174.70918
45752,-175.51317
45753,-175.68239
45754,-175.57405
45755,-175.5244
45756,-175.83607
45757,-176.61606
45758,-177.70648
45759,-178.9388
45760,-180.15727
45761,-181.2061
45762,-181.92949
45763,-182.17162
45764,-181.77663
45765,-180.58862
45766,-181.87563
45767,-187.78612
45768,-190.05463
45769,-190.6689
45770,-190.06361
45771,-188.67415
45772,-186.93617
45773,-185.28574
45774,-184.15887
45775,-183.99164
45776,-185.14961
45777,-187.59062
45778,-190.72017
45779,-193.92215
45780,-196.60681
45781,-198.23743
45782,-198.58418
45783,-197.83351
45784,-196.18895
45785,-193.83443
45786,-190.95972
45787,-187.78716
45788,-184.58316
45789,-181.61609
45790,-179.15207
45791,-177.43419
45792,-176.5709
45793,-176.48882
45794,-177.10703
45795,-178.35352
45796,-180.13431
45797,-182.22864
45798,-184.2438
45799,-185.7803
45800,-186.44687
45801,-185.90971
45802,-184.17075
45803,-181.68697
45804,-178.93422
45805,-176.3669
45806,-174.39911
45807,-173.21056
45808,-172.66324
45809,-172.6065
45810,-172.90488
45811,-173.42293
45812,-174.0252
45813,-174.57639
45814,-174.94109
45815,-174.98386
45816,-175.44331
45817,-176.52196
45818,-175.70038
45819,-173.8781
45820,-171.41176
45821,-168.65828
45822,-165.97466
45823,-163.718
45824,-162.24532
45825,-161.91339
45826,-163.00395
45827,-165.36208
45828,-168.24228
45829,-170.87628
45830,-172.52441
45831,-172.5534
45832,-170.95006
45833,-168.54172
45834,-166.18947
45835,-164.71461
45836,-164.83641
45837,-166.68129
45838,-169.5735
45839,-172.80623
45840,-175.71135
45841,-177.68906
45842,-178.53526
45843,-178.58212
45844,-178.183
45845,-177.66591
45846,-177.321
45847,-177.21774
45848,-177.12662
45849,-176.80621
45850,-176.02927
45851,-174.61513
45852,-172.65375
45853,-170.60194
45854,-168.9313
45855,-168.09596
45856,-168.49184
45857,-170.17813
45858,-172.75789
45859,-175.81662
45860,-178.9616
45861,-181.80042
45862,-183.9406
45863,-184.9896
45864,-184.55453
45865,-182.24225
45866,-179.03018
45867,-177.2056
45868,-176.29518
45869,-176.06104
45870,-176.30766
45871,-176.83958
45872,-177.46147
45873,-177.97803
45874,-178.19385
45875,-177.91367
45876,-176.95981
45877,-175.25803
45878,-172.87402
45879,-169.87921
45880,-166.33838
45881,-162.34885
45882,-158.19722
45883,-154.42648
45884,-151.5896
45885,-150.2272
45886,-150.79547
45887,-153.26184
45888,-156.9322
45889,-161.08733
45890,-165.04007
45891,-168.17316
45892,-170.27472
45893,-171.68135
45894,-172.75113
45895,-173.81589
45896,-175.17412
45897,-176.92958
45898,-178.92241
45899,-180.98232
45900,-182.95161
45901,-184.68166
45902,-186.07568
45903,-187.10738
45904,-187.7533
45905,-187.98656
45906,-187.78609
45907,-187.16457
45908,-186.18048
45909,-184.8941
45910,-183.36366
45911,-181.64723
45912,-179.80307
45913,-177.88937
45914,-175.96428
45915,-174.08609
45916,-176.3401
45917,-189.93527
45918,-189.21117
45919,-191.47823
45920,-192.07153
45921,-191.32654
45922,-189.57922
45923,-187.16586
45924,-184.42303
45925,-181.68753
45926,-179.27715
45927,-177.39894
45928,-176.11008
45929,-175.46155
45930,-175.51143
45931,-176.29495
45932,-177.71419
45933,-179.49107
45934,-181.34047
45935,-182.98593
45936,-184.16747
45937,-184.72137
45938,-184.6142
45939,-183.81767
45940,-182.2973
45941,-180.06696
45942,-177.42159
45943,-175.03737
45944,-173.60579
45945,-173.80011
45946,-176.16794
45947,-180.52963
45948,-185.7216
45949,-190.54272
45950,-193.83936
45951,-194.61147
45952,-192.75304
45953,-189.37173
45954,-185.62613
45955,-182.61858
45956,-181.33473
45957,-182.0822
45958,-184.24982
45959,-187.19011
45960,-190.29968
45961,-192.97551
45962,-194.6146
45963,-194.61368
45964,-192.36876
45965,-187.27487
45966,-182.94875
45967,-183.68011
45968,-182.6082
45969,-181.10966
45970,-179.40161
45971,-177.70125
45972,-176.22575
45973,-175.19232
45974,-174.81808
45975,-175.32005
45976,-176.86453
45977,-179.32256
45978,-182.1659
45979,-184.85071
45980,-186.85237
45981,-187.73738
45982,-187.60283
45983,-187.26505
45984,-187.5697
45985,-189.32826
45986,-193.20421
45987,-204.00418
45988,-210.37547
45989,-215.92036
45990,-214.2968
45991,-214.33888
45992,-210.91153
45993,-210.28151
45994,-203.77774
45995,-197.66568
45996,-188.09239
45997,-185.51324
45998,-184.44553
45999,-184.36824
46000,-184.80527
46001,-185.32205
46002,-185.72406
46003,-186.14175
46004,-186.71866
46005,-187.58292
46006,-188.8453
46007,-190.51619
46008,-192.4698
46009,-194.57504
46010,-196.70715
46011,-198.74149
46012,-200.55338
46013,-202.01817
46014,-203.01111
46015,-203.40752
46016,-199.06287
46017,-193.49979
46018,-188.67824
46019,-181.68842
46020,-181.90324
46021,-183.69759
46022,-186.44724
46023,-189.52888
46024,-192.3196
46025,-194.19647
46026,-194.62442
46027,-193.57869
46028,-191.72716
46029,-189.7664
46030,-188.3606
46031,-188.09142
46032,-189.06082
46033,-190.72089
46034,-192.49767
46035,-193.84825
46036,-194.28206
46037,-193.6128
46038,-192.06664
46039,-189.88661
46040,-187.29657
46041,-184.5154
46042,-181.73384
46043,-179.1041
46044,-176.77681
46045,-174.90442
46046,-173.63155
46047,-173.05771
46048,-173.22122
46049,-174.15804
46050,-175.90692
46051,-178.47238
46052,-181.65982
46053,-185.00516
46054,-188.03387
46055,-190.2843
46056,-191.34944
46057,-191.14061
46058,-190.00092
46059,-188.29103
46060,-186.35149
46061,-184.52292
46062,-183.14604
46063,-182.5615
46064,-183.10966
46065,-185.13081
46066,-185.4615
46067,-181.28952
46068,-179.81465
46069,-179.47145
46070,-179.98431
46071,-181.07806
46072,-182.47757
46073,-183.9079
46074,-185.0941
46075,-185.76126
46076,-185.67184
46077,-184.80557
46078,-183.43707
46079,-181.8528
46080,-180.32545
46081,-179.10526
46082,-178.3119
46083,-177.88828
46084,-177.77014
46085,-177.90166
46086,-178.22064
46087,-178.62767
46088,-178.97289
46089,-179.10445
46090,-178.87294
46091,-178.15622
46092,-176.99112
46093,-175.62994
46094,-174.3337
46095,-173.35315
46096,-172.9164
46097,-173.12033
46098,-173.884
46099,-175.11935
46100,-176.74692
46101,-178.67842
46102,-180.77496
46103,-182.8287
46104,-184.62929
46105,-185.9695
46106,-186.67131
46107,-186.72614
46108,-186.35518
46109,-185.78891
46110,-185.247
46111,-184.9491
46112,-185.11488
46113,-185.96397
46114,-187.71588
46115,-190.58992
46116,-191.87805
46117,-188.63426
46118,-186.02618
46119,-183.39192
46120,-180.87999
46121,-178.63881
46122,-176.81691
46123,-175.5626
46124,-175.0243
46125,-175.35028
46126,-176.64833
46127,-178.79138
46128,-181.33424
46129,-183.81943
46130,-185.8047
46131,-186.90283
46132,-187.0465
46133,-186.60216
46134,-185.95381
46135,-185.465
46136,-185.46027
46137,-186.03685
46138,-186.98427
46139,-188.07954
46140,-189.11449
46141,-189.90704
46142,-190.42792
46143,-190.85452
46144,-191.37271
46145,-192.15851
46146,-193.35881
46147,-194.95131
46148,-196.6843
46149,-198.29681
46150,-199.53882
46151,-200.19669
46152,-200.2689
46153,-200.04135
46154,-199.81203
46155,-199.86523
46156,-200.45222
46157,-201.63126
46158,-203.19931
46159,-204.94252
46160,-206.65953
46161,-208.14897
46162,-209.20952
46163,-209.63966
46164,-209.23792
46165,-207.80258
46166,-204.67003
46167,-200.29477
46168,-197.38718
46169,-195.26729
46170,-193.79935
46171,-192.84778
46172,-192.27701
46173,-191.95161
46174,-191.73618
46175,-191.49527
46176,-191.12854
46177,-190.73865
46178,-190.7038
46179,-191.41338
46180,-193.24348
46181,-196.47455
46182,-200.83212
46183,-205.29068
46184,-208.79489
46185,-210.32503
46186,-209.01535
46187,-204.90129
46188,-204.24364
46189,-198.35709
46190,-193.5001
46191,-185.79588
46192,-185.58128
46193,-187.12842
46194,-189.66669
46195,-192.4768
46196,-194.9071
46197,-196.69528
46198,-198.10681
46199,-199.4283
46200,-200.9216
46201,-202.80502
46202,-205.04422
46203,-207.26254
46204,-209.0693
46205,-210.08995
46206,-210.00443
46207,-208.81038
46208,-206.93687
46209,-204.83136
46210,-202.9213
46211,-201.63411
46212,-201.39719
46213,-202.6375
46214,-205.78159
46215,-211.25526
46216,-214.80037
46217,-211.43617
46218,-208.81895
46219,-205.92838
46220,-202.92786
46221,-199.98096
46222,-197.2512
46223,-194.90207
46224,-193.097
46225,-191.9994
46226,-191.73436
46227,-192.20435
46228,-193.01057
46229,-193.74207
46230,-194.00218
46231,-193.43976
46232,-191.96877
46233,-189.86235
46234,-187.40874
46235,-184.87912
46236,-182.52795
46237,-180.5118
46238,-178.85426
46239,-177.57365
46240,-176.6945
46241,-176.2187
46242,-176.01627
46243,-175.7786
46244,-175.18991
46245,-173.94302
46246,-171.79689
46247,-168.8957
46248,-165.90608
46249,-163.51549
46250,-162.38646
46251,-163.08942
46252,-165.6605
46253,-169.413
46254,-173.63239
46255,-177.6392
46256,-180.81223
46257,-182.86693
46258,-183.97473
46259,-184.32504
46260,-184.08565
46261,-183.42442
46262,-182.50934
46263,-181.50836
46264,-180.58955
46265,-179.92099
46266,-180.45512
46267,-182.36783
46268,-182.9573
46269,-182.88458
46270,-182.286
46271,-181.29779
46272,-180.05644
46273,-178.69827
46274,-177.35976
46275,-176.17741
46276,-175.27466
46277,-174.6997
46278,-174.3987
46279,-174.31378
46280,-174.39194
46281,-174.58618
46282,-174.88483
46283,-175.32391
46284,-175.94145
46285,-176.77306
46286,-177.84006
46287,-179.08005
46288,-180.31738
46289,-181.37186
46290,-182.06871
46291,-182.26869
46292,-182.03894
46293,-181.72647
46294,-181.68958
46295,-182.2732
46296,-183.76897
46297,-186.15878
46298,-189.00534
46299,-191.85469
46300,-194.27304
46301,-195.86932
46302,-196.50081
46303,-196.36165
46304,-195.65973
46305,-194.58708
46306,-193.32953
46307,-192.0364
46308,-190.80734
46309,-189.73996
46310,-188.9342
46311,-188.49002
46312,-188.50731
46313,-189.08597
46314,-190.3258
46315,-192.32658
46316,-194.53874
46317,-195.93517
46318,-196.9319
46319,-197.56017
46320,-197.8766
46321,-197.93791
46322,-197.8008
46323,-197.52196
46324,-197.15814
46325,-196.76602
46326,-196.39793
46327,-196.0801
46328,-195.80359
46329,-195.55797
46330,-195.33452
46331,-195.1087
46332,-194.76462
46333,-194.06215
46334,-192.75616
46335,-190.60728
46336,-187.45287
46337,-183.57768
46338,-179.8734
46339,-177.25676
46340,-176.61545
46341,-178.69295
46342,-183.39935
46343,-194.51749
46344,-200.78725
46345,-206.00331
46346,-204.11201
46347,-204.93817
46348,-204.49823
46349,-203.8585
46350,-204.02992
46351,-205.8794
46352,-209.43694
46353,-213.59865
46354,-217.21494
46355,-219.18999
46356,-218.55197
46357,-215.0538
46358,-214.43373
46359,-207.47388
46360,-199.91153
46361,-192.48499
46362,-185.93239
46363,-180.99149
46364,-173.3991
46365,-173.89104
46366,-173.91602
46367,-169.24376
46368,-166.93336
46369,-165.64207
46370,-165.21475
46371,-165.49643
46372,-166.33229
46373,-167.56746
46374,-169.04726
46375,-170.61694
46376,-172.12802
46377,-173.46786
46378,-174.57259
46379,-175.38013
46380,-175.82613
46381,-175.8547
46382,-175.45943
46383,-174.70088
46384,-173.64235
46385,-172.3439
46386,-170.86917
46387,-169.30225
46388,-167.7549
46389,-166.34007
46390,-165.16931
46391,-164.33246
46392,-163.79327
46393,-163.34462
46394,-162.77266
46395,-161.87178
46396,-160.48935
46397,-158.78093
46398,-157.31963
46399,-156.69495
46400,-157.47617
46401,-160.12758
46402,-164.50365
46403,-169.634
46404,-174.51701
46405,-178.19109
46406,-179.80188
46407,-179.11908
46408,-176.75804
46409,-173.36838
46410,-169.56007
46411,-165.94359
46412,-163.12935
46413,-161.72755
46414,-162.34808
46415,-165.60017
46416,-168.61118
46417,-167.47961
46418,-167.13327
46419,-166.81808
46420,-166.54706
46421,-166.33325
46422,-166.18965
46423,-166.12932
46424,-166.16525
46425,-166.31052
46426,-166.57372
46427,-166.9381
46428,-167.3524
46429,-167.76413
46430,-168.12228
46431,-168.37947
46432,-168.5087
46433,-168.5106
46434,-168.3869
46435,-168.13799
46436,-167.77313
46437,-167.35292
46438,-167.00752
46439,-166.86986
46440,-167.06953
46441,-167.71611
46442,-168.8028
46443,-170.16528
46444,-171.6331
46445,-173.04341
46446,-174.25125
46447,-175.2166
46448,-176.04117
46449,-176.83241
46450,-177.6909
46451,-178.70473
46452,-179.88905
46453,-181.1602
46454,-182.4305
46455,-183.61708
46456,-184.6403
46457,-185.43906
46458,-185.97754
46459,-186.22093
46460,-186.13318
46461,-185.67827
46462,-184.82018
46463,-183.52278
46464,-181.75005
46465,-179.46588
46466,-180.49544
46467,-192.02797
46468,-189.15628
46469,-189.26099
46470,-187.84988
46471,-185.43141
46472,-182.51483
46473,-179.6096
46474,-177.2255
46475,-175.87201
46476,-175.97995
46477,-177.52306
46478,-179.85634
46479,-182.31067
46480,-184.24673
46481,-185.09091
46482,-184.65172
46483,-183.25558
46484,-181.24988
46485,-178.95766
46486,-176.69221
46487,-174.70958
46488,-173.18813
46489,-172.30301
46490,-172.23311
46491,-173.12262
46492,-174.91566
46493,-177.28517
46494,-179.89359
46495,-182.41634
46496,-184.56
46497,-186.21144
46498,-187.50188
46499,-188.57216
46500,-189.55167
46501,-190.54652
46502,-191.52852
46503,-192.28703
46504,-192.60413
46505,-192.27039
46506,-191.10619
46507,-189.1049
46508,-186.49483
46509,-183.51395
46510,-180.38922
46511,-177.34766
46512,-174.61632
46513,-172.42218
46514,-170.9921
46515,-170.55292
46516,-171.80634
46517,-174.39795
46518,-175.72932
46519,-176.47212
46520,-176.76949
46521,-176.76447
46522,-176.60036
46523,-176.4203
46524,-176.36758
46525,-176.58536
46526,-177.19504
46527,-178.19064
46528,-179.39381
46529,-180.61946
46530,-181.69067
46531,-182.4512
46532,-182.86487
46533,-183.05821
46534,-183.16422
46535,-183.30827
46536,-183.58801
46537,-183.94058
46538,-184.08548
46539,-183.73344
46540,-182.60548
46541,-180.48701
46542,-177.53844
46543,-174.42874
46544,-171.84764
46545,-170.4607
46546,-170.83745
46547,-172.99132
46548,-176.1831
46549,-179.6444
46550,-182.64323
46551,-184.5268
46552,-185.10188
46553,-184.79808
46554,-184.06992
46555,-183.34267
46556,-182.99634
46557,-183.14774
46558,-183.55695
46559,-183.96959
46560,-184.14838
46561,-183.856
46562,-182.85509
46563,-180.90811
46564,-177.77748
46565,-173.22534
46566,-171.15982
46567,-175.24837
46568,-177.24818
46569,-178.53893
46570,-179.1103
46571,-178.95187
46572,-178.05333
46573,-176.40416
46574,-173.99405
46575,-170.81253
46576,-166.88792
46577,-162.47285
46578,-158.12436
46579,-154.41156
46580,-151.88898
46581,-151.03342
46582,-151.87267
46583,-153.8265
46584,-156.29141
46585,-158.69328
46586,-160.51596
46587,-161.5792
46588,-162.15767
46589,-162.54367
46590,-163.00777
46591,-163.79434
46592,-164.99503
46593,-166.49489
46594,-168.17087
46595,-169.90977
46596,-171.60577
46597,-173.19493
46598,-174.67036
46599,-176.02739
46600,-177.25858
46601,-178.34473
46602,-179.1984
46603,-179.63947
46604,-179.48418
46605,-178.55305
46606,-176.7014
46607,-173.98674
46608,-170.74094
46609,-167.307
46610,-164.01503
46611,-161.19498
46612,-159.17686
46613,-158.29045
46614,-158.86546
46615,-161.23128
46616,-163.31944
46617,-162.74915
46618,-163.49503
46619,-164.6633
46620,-166.05618
46621,-167.47589
46622,-168.72475
46623,-169.60498
46624,-169.91882
46625,-169.4685
46626,-168.09846
46627,-165.8993
46628,-163.29526
46629,-160.72385
46630,-158.60681
46631,-157.31683
46632,-156.9423
46633,-157.18642
46634,-157.73749
46635,-158.30235
46636,-158.62128
46637,-158.6291
46638,-158.52399
46639,-158.51428
46640,-158.7958
46641,-159.53113
46642,-160.69025
46643,-161.982
46644,-163.10532
46645,-163.77148
46646,-163.73813
46647,-163.03185
46648,-162.04355
46649,-161.17862
46650,-160.82497
46651,-161.3261
46652,-162.76764
46653,-164.88602
46654,-167.40413
46655,-170.06172
46656,-172.63036
46657,-175.06697
46658,-177.57928
46659,-180.38472
46660,-183.68878
46661,-187.69687
46662,-192.61427
46663,-203.64606
46664,-210.99701
46665,-219.87164
46666,-218.5403
46667,-215.95776
46668,-206.29527
46669,-202.17703
46670,-198.59872
46671,-195.55602
46672,-193.04468
46673,-191.0604
46674,-189.59885
46675,-188.65585
46676,-188.20253
46677,-188.06726
46678,-187.88478
46679,-187.28207
46680,-185.89519
46681,-183.42433
46682,-179.94301
46683,-176.0313
46684,-172.29018
46685,-169.29665
46686,-167.55972
46687,-167.19489
46688,-167.7843
46689,-168.88943
46690,-170.09729
46691,-171.0298
46692,-171.51067
46693,-171.63696
46694,-171.51654
46695,-171.2442
46696,-170.92117
46697,-170.68604
46698,-170.72797
46699,-171.23808
46700,-172.40503
46701,-174.37054
46702,-177.00357
46703,-179.8039
46704,-182.25702
46705,-183.8659
46706,-184.19867
46707,-183.20131
46708,-181.33252
46709,-179.07182
46710,-176.87482
46711,-175.19696
46712,-174.49384
46713,-175.2207
46714,-177.83243
46715,-182.78337
46716,-186.69064
46717,-185.21596
46718,-184.04416
46719,-182.48602
46720,-180.70514
46721,-178.86517
46722,-177.12971
46723,-175.66243
46724,-174.62692
46725,-174.18684
46726,-174.46637
46727,-175.36119
46728,-176.4576
46729,-177.32971
46730,-177.56638
46731,-176.81064
46732,-175.02032
46733,-172.5804
46734,-169.89294
46735,-167.33984
46736,-165.2727
46737,-163.86667
46738,-163.05772
46739,-162.77234
46740,-162.94861
46741,-163.51161
46742,-164.31192
46743,-165.09898
46744,-165.61832
46745,-165.6203
46746,-164.90375
46747,-163.54953
46748,-162.02065
46749,-160.79515
46750,-160.33292
46751,-161.03198
46752,-162.93167
46753,-165.5857
46754,-168.5292
46755,-171.32059
46756,-173.56165
46757,-175.10562
46758,-176.14615
46759,-176.8902
46760,-177.52863
46761,-178.25226
46762,-179.252
46763,-180.71867
46764,-182.84308
46765,-185.81584
46766,-185.2333
46767,-182.99893
46768,-174.93689
46769,-173.699
46770,-173.90794
46771,-175.18704
46772,-177.15997
46773,-179.45071
46774,-181.6834
46775,-183.48225
46776,-184.5146
46777,-184.69833
46778,-184.291
46779,-183.56377
46780,-182.77185
46781,-182.16193
46782,-181.93068
46783,-182.20723
46784,-183.1178
46785,-184.79184
46786,-187.30478
46787,-190.41833
46788,-193.46959
46789,-195.7788
46790,-196.68637
46791,-195.62999
46792,-192.61603
46793,-188.42296
46794,-183.86198
46795,-179.70845
46796,-176.65648
46797,-174.92813
46798,-174.10567
46799,-173.74583
46800,-173.43594
46801,-172.81465
46802,-171.818
46803,-170.78506
46804,-170.07089
46805,-170.01132
46806,-170.90186
46807,-172.80382
46808,-175.4616
46809,-178.60725
46810,-181.98807
46811,-185.35135
46812,-188.44455
46813,-191.01512
46814,-192.81046
46815,-193.57773
46816,-192.4773
46817,-189.62242
46818,-187.63608
46819,-185.90561
46820,-184.32875
46821,-182.80338
46822,-181.22719
46823,-179.49808
46824,-177.5138
46825,-175.1722
46826,-172.41965
46827,-169.48557
46828,-166.98282
46829,-165.53946
46830,-165.76514
46831,-168.14622
46832,-172.4553
46833,-177.49928
46834,-182.04845
46835,-184.91968
46836,-185.08586
46837,-182.42809
46838,-178.06007
46839,-173.14677
46840,-168.79564
46841,-166.0047
46842,-165.13414
46843,-165.68045
46844,-167.10623
46845,-168.91563
46846,-170.6497
46847,-172.06252
46848,-173.19635
46849,-174.10481
46850,-174.82776
46851,-175.39993
46852,-175.82648
46853,-176.07237
46854,-176.101
46855,-175.8777
46856,-175.37259
46857,-174.58397
46858,-173.54823
46859,-172.3034
46860,-170.88556
46861,-169.3309
46862,-167.67557
46863,-165.9557
46864,-164.20752
46865,-162.46712
46866,-160.81827
46867,-159.57582
46868,-159.07431
46869,-159.18677
46870,-159.8706
46871,-161.08339
46872,-162.78264
46873,-164.92586
46874,-167.47055
46875,-170.37428
46876,-173.58185
46877,-176.96378
46878,-180.29022
46879,-183.32741
46880,-185.84639
46881,-187.64165
46882,-188.64401
46883,-188.96928
46884,-188.74065
46885,-188.07254
46886,-187.09192
46887,-185.99788
46888,-185.08737
46889,-184.66125
46890,-185.0157
46891,-186.39273
46892,-188.72014
46893,-191.50015
46894,-194.21828
46895,-196.38034
46896,-197.55186
46897,-197.64561
46898,-197.04517
46899,-196.15364
46900,-195.35205
46901,-194.98355
46902,-195.17096
46903,-195.73837
46904,-196.49762
46905,-197.27477
46906,-197.90623
46907,-198.28888
46908,-198.40141
46909,-198.22585
46910,-197.74037
46911,-196.92311
46912,-195.75229
46913,-194.20596
46914,-192.26233
46915,-189.89952
46916,-189.51959
46917,-192.37813
46918,-192.09785
46919,-190.39142
46920,-187.7315
46921,-184.59117
46922,-181.44397
46923,-178.76344
46924,-177.02318
46925,-176.69643
46926,-178.18245
46927,-181.452
46928,-185.89607
46929,-190.88315
46930,-195.80995
46931,-200.11098
46932,-203.43854
46933,-205.74
46934,-206.97455
46935,-207.08713
46936,-206.03989
46937,-203.89423
46938,-200.84636
46939,-197.09843
46940,-192.84645
46941,-188.30795
46942,-183.82584
46943,-179.91286
46944,-177.08867
46945,-175.86441
46946,-176.65532
46947,-179.32053
46948,-182.96663
46949,-186.6713
46950,-189.54848
46951,-190.81017
46952,-190.23729
46953,-188.38246
46954,-185.82988
46955,-183.12772
46956,-180.78293
46957,-179.0614
46958,-177.90207
46959,-177.2306
46960,-176.98834
46961,-177.11647
46962,-177.55634
46963,-178.24927
46964,-179.13655
46965,-180.15953
46966,-180.35663
46967,-179.35706
46968,-179.77876
46969,-180.8894
46970,-182.47633
46971,-184.32697
46972,-186.22894
46973,-187.96982
46974,-189.33717
46975,-190.11855
46976,-190.14204
46977,-189.47119
46978,-188.4892
46979,-187.59229
46980,-187.16159
46981,-187.54097
46982,-188.85727
46983,-190.94348
46984,-193.62083
46985,-196.72453
46986,-200.07265
46987,-203.38301
46988,-206.23758
46989,-208.2127
46990,-208.89105
46991,-207.93002
46992,-205.42432
46993,-202.06255
46994,-198.55898
46995,-195.60045
46996,-193.7991
46997,-193.33284
46998,-193.79108
46999,-194.73921
47000,-195.77078
47001,-196.51288
47002,-196.78685
47003,-196.67738
47004,-196.27997
47005,-195.67758
47006,-194.94865
47007,-194.1444
47008,-193.27922
47009,-192.36598
47010,-191.4193
47011,-190.45377
47012,-189.48409
47013,-188.52478
47014,-187.59056
47015,-186.696
47016,-188.10153
47017,-192.42227
47018,-192.78278
47019,-191.16936
47020,-188.18108
47021,-184.41798
47022,-180.48077
47023,-176.97054
47024,-174.48814
47025,-173.63426
47026,-174.90204
47027,-178.16295
47028,-182.44704
47029,-186.75198
47030,-190.1163
47031,-191.70941
47032,-191.46132
47033,-190.3335
47034,-189.32979
47035,-189.40576
47036,-191.39586
47037,-195.43243
47038,-200.6973
47039,-211.33488
47040,-216.53552
47041,-215.54228
47042,-217.90282
47043,-218.57773
47044,-217.54436
47045,-214.76054
47046,-210.25067
47047,-209.42644
47048,-203.22623
47049,-197.61176
47050,-188.52003
47051,-186.76427
47052,-187.44144
47053,-189.67897
47054,-192.56598
47055,-195.23836
47056,-196.90997
47057,-197.2453
47058,-196.51949
47059,-195.03275
47060,-193.05656
47061,-190.86264
47062,-188.72272
47063,-186.90866
47064,-185.69221
47065,-185.34508
47066,-183.59332
47067,-178.52716
47068,-175.6243
47069,-173.79124
47070,-172.9046
47071,-172.84126
47072,-173.47816
47073,-174.6923
47074,-176.36072
47075,-178.36057
47076,-180.58463
47077,-183.01663
47078,-185.76334
47079,-188.93642
47080,-192.64166
47081,-196.93849
47082,-201.61734
47083,-206.10458
47084,-209.81212
47085,-212.16896
47086,-212.68895
47087,-211.38142
47088,-208.9288
47089,-206.04263
47090,-203.40353
47091,-201.60991
47092,-200.78075
47093,-200.38518
47094,-199.86519
47095,-198.69373
47096,-196.41673
47097,-193.00653
47098,-189.0139
47099,-185.01396
47100,-181.55472
47101,-179.12596
47102,-177.87921
47103,-177.5077
47104,-177.68634
47105,-178.11197
47106,-178.5014
47107,-178.68663
47108,-178.65564
47109,-178.40266
47110,-177.91444
47111,-177.17778
47112,-176.17947
47113,-174.90627
47114,-173.34494
47115,-171.48228
47116,-171.03352
47117,-173.44086
47118,-175.00667
47119,-176.35805
47120,-177.49103
47121,-178.40164
47122,-179.08586
47123,-179.53978
47124,-179.75935
47125,-179.74062
47126,-179.48285
47127,-179.0042
47128,-178.34842
47129,-177.56027
47130,-176.68338
47131,-175.77289
47132,-174.95126
47133,-174.43214
47134,-174.43274
47135,-175.16597
47136,-176.79424
47137,-179.18742
47138,-181.8192
47139,-184.14783
47140,-185.65056
47141,-185.87228
47142,-184.75261
47143,-182.76616
47144,-180.40948
47145,-178.154
47146,-176.4286
47147,-175.41425
47148,-174.956
47149,-174.88535
47150,-175.05003
47151,-175.31711
47152,-175.66667
47153,-176.23178
47154,-177.15166
47155,-178.55812
47156,-180.55086
47157,-183.043
47158,-185.6951
47159,-188.15773
47160,-190.0936
47161,-191.16527
47162,-191.03514
47163,-189.36533
47164,-185.81757
47165,-185.05313
47166,-175.3147
47167,-175.68913
47168,-175.8125
47169,-176.31909
47170,-177.0418
47171,-177.8134
47172,-178.46678
47173,-178.83484
47174,-178.7504
47175,-178.04626
47176,-176.60506
47177,-174.59918
47178,-172.59398
47179,-171.17064
47180,-170.89151
47181,-172.23558
47182,-175.19838
47183,-179.1211
47184,-183.31973
47185,-187.14189
47186,-190.00862
47187,-191.76718
47188,-192.84206
47189,-193.68105
47190,-194.70468
47191,-196.2759
47192,-198.42233
47193,-200.71733
47194,-202.71585
47195,-203.99438
47196,-204.1823
47197,-203.21703
47198,-201.45413
47199,-199.26683
47200,-197.00879
47201,-195.00087
47202,-193.3718
47203,-191.98987
47204,-190.71266
47205,-189.41005
47206,-187.97174
47207,-186.40305
47208,-184.86604
47209,-183.52908
47210,-182.55316
47211,-182.09923
47212,-182.32814
47213,-183.40074
47214,-185.47768
47215,-188.71957
47216,-190.04515
47217,-186.23558
47218,-183.19356
47219,-180.15343
47220,-177.28142
47221,-174.74365
47222,-172.7063
47223,-171.33548
47224,-170.79716
47225,-171.25731
47226,-172.83336
47227,-175.36105
47228,-178.2951
47229,-181.0754
47230,-183.16014
47231,-184.07695
47232,-183.75705
47233,-182.67868
47234,-181.34233
47235,-180.22267
47236,-179.73982
47237,-179.99583
47238,-180.66216
47239,-181.39291
47240,-181.86295
47241,-181.78065
47242,-181.0501
47243,-179.84045
47244,-178.33163
47245,-176.69104
47246,-175.08437
47247,-173.66788
47248,-172.58499
47249,-171.9785
47250,-171.99187
47251,-172.74835
47252,-174.25424
47253,-176.35773
47254,-178.90065
47255,-181.73251
47256,-184.702
47257,-187.65263
47258,-190.42094
47259,-192.84328
47260,-194.7562
47261,-195.9962
47262,-196.3998
47263,-195.8033
47264,-194.0429
47265,-190.95459
47266,-186.62685
47267,-182.5328
47268,-180.49165
47269,-179.72438
47270,-179.91522
47271,-180.74876
47272,-181.90974
47273,-183.08319
47274,-183.95407
47275,-184.20735
47276,-183.58742
47277,-182.18431
47278,-180.55663
47279,-179.28215
47280,-178.91638
47281,-179.93056
47282,-182.30711
47283,-185.3667
47284,-188.40411
47285,-190.74588
47286,-191.79282
47287,-191.37723
47288,-189.91661
47289,-187.8525
47290,-185.59897
47291,-183.53505
47292,-181.83492
47293,-180.3948
47294,-179.09975
47295,-177.84798
47296,-176.55272
47297,-175.2144
47298,-173.95166
47299,-172.88786
47300,-172.14069
47301,-171.8119
47302,-171.91019
47303,-172.3183
47304,-172.91414
47305,-173.58148
47306,-174.21367
47307,-174.75902
47308,-175.24031
47309,-175.6833
47310,-176.11023
47311,-176.54323
47312,-177.00456
47313,-177.51639
47314,-178.10089
47315,-178.7803
47316,-178.31339
47317,-175.96352
47318,-174.92673
47319,-174.43684
47320,-174.32993
47321,-174.44214
47322,-174.60966
47323,-174.66873
47324,-174.45554
47325,-173.80627
47326,-172.59077
47327,-170.87477
47328,-168.98943
47329,-167.27647
47330,-166.06505
47331,-165.645
47332,-166.0783
47333,-167.11813
47334,-168.50583
47335,-169.99738
47336,-171.37161
47337,-172.53926
47338,-173.58972
47339,-174.6194
47340,-175.71625
47341,-176.94687
47342,-178.2544
47343,-179.4146
47344,-180.19664
47345,-180.37764
47346,-179.77257
47347,-178.41728
47348,-176.64703
47349,-174.80913
47350,-173.23676
47351,-172.22746
47352,-171.87114
47353,-171.97664
47354,-172.34167
47355,-172.7774
47356,-173.11264
47357,-173.2781
47358,-173.34282
47359,-173.3813
47360,-173.46143
47361,-173.65112
47362,-174.01825
47363,-174.6307
47364,-175.55638
47365,-176.86313
47366,-177.70938
47367,-177.12906
47368,-176.65941
47369,-176.18034
47370,-175.79634
47371,-175.61192
47372,-175.73154
47373,-176.25972
47374,-177.30092
47375,-178.9595
47376,-181.31363
47377,-184.2889
47378,-187.6044
47379,-190.97118
47380,-194.11012
47381,-196.7505
47382,-198.66934
47383,-199.70851
47384,-199.71236
47385,-198.52203
47386,-196.02263
47387,-192.35602
47388,-188.01253
47389,-183.49738
47390,-179.29951
47391,-175.86705
47392,-173.41045
47393,-171.8184
47394,-170.96658
47395,-170.74603
47396,-171.04904
47397,-171.77475
47398,-172.8315
47399,-174.12802
47400,-175.5727
47401,-177.07292
47402,-178.53075
47403,-179.84094
47404,-180.898
47405,-181.59673
47406,-181.84547
47407,-181.63121
47408,-181.04755
47409,-180.19238
47410,-179.1585
47411,-178.0388
47412,-176.92615
47413,-175.91344
47414,-175.09352
47415,-174.55923
47416,-175.2513
47417,-177.3083
47418,-177.84535
47419,-177.63232
47420,-176.86417
47421,-175.73584
47422,-174.44244
47423,-173.17912
47424,-172.14102
47425,-171.52322
47426,-171.50092
47427,-172.1332
47428,-173.322
47429,-174.96307
47430,-176.9597
47431,-179.22964
47432,-181.7743
47433,-184.70845
47434,-188.15135
47435,-192.21672
47436,-196.97699
47437,-207.26419
47438,-212.5853
47439,-212.4344
47440,-216.32103
47441,-218.80464
47442,-219.73532
47443,-219.35771
47444,-217.93341
47445,-215.70567
47446,-212.9165
47447,-209.79884
47448,-206.5734
47449,-203.4602
47450,-200.68002
47451,-198.44669
47452,-196.93393
47453,-196.26141
47454,-196.54636
47455,-197.9084
47456,-200.42078
47457,-203.88649
47458,-207.74287
47459,-211.41275
47460,-214.33633
47461,-215.95377
47462,-215.70456
47463,-213.0274
47464,-212.35977
47465,-203.13774
47466,-195.37363
47467,-190.00322
47468,-188.08925
47469,-186.21939
47470,-184.5249
47471,-183.13704
47472,-182.18694
47473,-181.80582
47474,-182.12482
47475,-183.27495
47476,-185.34325
47477,-188.161
47478,-191.21341
47479,-193.97198
47480,-195.9249
47481,-196.61975
47482,-195.95125
47483,-194.28471
47484,-192.00517
47485,-189.47551
47486,-187.03517
47487,-184.88586
47488,-183.04253
47489,-181.51233
47490,-180.31137
47491,-179.44936
47492,-178.89911
47493,-178.5834
47494,-178.42313
47495,-178.3414
47496,-178.27219
47497,-178.21146
47498,-178.2394
47499,-178.43944
47500,-178.89116
47501,-179.64734
47502,-180.60576
47503,-181.45424
47504,-181.87227
47505,-181.54926
47506,-180.21684
47507,-177.85274
47508,-174.76843
47509,-171.28902
47510,-167.72383
47511,-164.38232
47512,-161.57385
47513,-159.60768
47514,-158.793
47515,-159.43872
47516,-161.74333
47517,-164.4955
47518,-165.64719
47519,-165.98317
47520,-165.79404
47521,-165.37065
47522,-165.00388
47523,-164.98462
47524,-165.60374
47525,-167.15202
47526,-169.85376
47527,-173.54723
47528,-177.54825
47529,-181.15273
47530,-183.68161
47531,-184.5472
47532,-183.69366
47533,-181.78659
47534,-179.52097
47535,-177.55795
47536,-176.49783
47537,-176.58601
47538,-177.58707
47539,-179.24663
47540,-181.33311
47541,-183.61249
47542,-185.83456
47543,-187.72742
47544,-189.01833
47545,-189.43541
47546,-188.74673
47547,-186.9531
47548,-184.37106
47549,-181.33022
47550,-178.14542
47551,-175.11049
47552,-172.39668
47553,-170.00902
47554,-167.94583
47555,-166.2134
47556,-164.8155
47557,-163.74184
47558,-162.96295
47559,-162.4486
47560,-162.16957
47561,-162.09654
47562,-162.20024
47563,-162.45143
47564,-162.82083
47565,-163.27916
47566,-165.74211
47567,-171.22281
47568,-174.58083
47569,-177.03972
47570,-178.84688
47571,-180.24976
47572,-181.4959
47573,-182.83287
47574,-184.50832
47575,-186.76984
47576,-189.81111
47577,-193.5131
47578,-197.33344
47579,-200.71304
47580,-203.11296
47581,-204.0599
47582,-203.46356
47583,-201.75316
47584,-199.37994
47585,-196.77098
47586,-194.32681
47587,-192.292
47588,-190.69963
47589,-189.57387
47590,-188.94893
47591,-188.84415
47592,-189.19196
47593,-189.80727
47594,-190.50024
47595,-191.08662
47596,-191.3884
47597,-191.2631
47598,-190.61658
47599,-189.35666
47600,-187.3888
47601,-184.66193
47602,-181.37828
47603,-178.08342
47604,-175.33711
47605,-173.68265
47606,-173.59387
47607,-175.14175
47608,-177.85196
47609,-181.22885
47610,-184.80324
47611,-188.10602
47612,-190.66824
47613,-192.02084
47614,-191.69437
47615,-189.21878
47616,-186.94127
47617,-187.72145
47618,-187.0661
47619,-185.89761
47620,-184.3767
47621,-182.66406
47622,-180.92049
47623,-179.30678
47624,-177.9837
47625,-177.11205
47626,-176.8296
47627,-177.14098
47628,-177.87047
47629,-178.83514
47630,-179.8607
47631,-180.78789
47632,-181.54433
47633,-182.17545
47634,-182.73128
47635,-183.25633
47636,-183.78395
47637,-184.28253
47638,-184.63264
47639,-184.71127
47640,-184.39949
47641,-183.59961
47642,-182.33635
47643,-180.80081
47644,-179.1907
47645,-177.69597
47646,-176.4871
47647,-175.62141
47648,-175.00294
47649,-174.52968
47650,-174.1068
47651,-173.65063
47652,-173.14168
47653,-172.64746
47654,-172.23894
47655,-171.9829
47656,-171.93803
47657,-172.11559
47658,-172.46275
47659,-172.92407
47660,-173.44727
47661,-173.97997
47662,-174.46983
47663,-174.8646
47664,-175.11186
47665,-175.15929
47666,-176.05554
47667,-178.46191
47668,-179.6527
47669,-180.2303
47670,-180.29306
47671,-179.93942
47672,-179.2679
47673,-178.37695
47674,-177.36516
47675,-176.33105
47676,-175.37012
47677,-174.56013
47678,-173.95483
47679,-173.60692
47680,-173.57031
47681,-173.88852
47682,-174.5447
47683,-175.44041
47684,-176.474
47685,-177.54764
47686,-178.56445
47687,-179.43256
47688,-180.06691
47689,-180.38277
47690,-180.29503
47691,-179.7464
47692,-178.84177
47693,-177.90573
47694,-177.27176
47695,-177.26279
47696,-178.14339
47697,-179.83861
47698,-181.81396
47699,-183.51683
47700,-184.4166
47701,-184.05995
47702,-182.44394
47703,-180.17621
47704,-177.88953
47705,-176.18776
47706,-175.61012
47707,-176.31995
47708,-177.97162
47709,-180.19939
47710,-182.66188
47711,-185.01797
47712,-186.92657
47713,-188.04648
47714,-188.03636
47715,-186.5547
47716,-183.26314
47717,-179.12314
47718,-176.25671
47719,-174.15475
47720,-172.75058
47721,-171.97743
47722,-171.76866
47723,-172.05772
47724,-172.77798
47725,-173.86287
47726,-175.23361
47727,-176.74013
47728,-178.13579
47729,-179.1702
47730,-179.59746
47731,-179.2121
47732,-178.04314
47733,-176.4378
47734,-174.75615
47735,-173.34319
47736,-172.50545
47737,-172.3259
47738,-172.58461
47739,-173.0497
47740,-173.50385
47741,-173.756
47742,-173.76868
47743,-173.71227
47744,-173.76537
47745,-174.09663
47746,-174.84476
47747,-175.9738
47748,-177.21147
47749,-178.27606
47750,-178.89723
47751,-178.843
47752,-178.10439
47753,-176.97499
47754,-175.76051
47755,-174.75227
47756,-174.21036
47757,-174.21265
47758,-174.59013
47759,-175.1642
47760,-175.76791
47761,-176.23434
47762,-176.3966
47763,-176.08783
47764,-175.14104
47765,-173.38913
47766,-171.77724
47767,-171.69423
47768,-171.76674
47769,-172.12547
47770,-172.71184
47771,-173.46729
47772,-174.33333
47773,-175.2514
47774,-176.163
47775,-177.0096
47776,-177.74248
47777,-178.36992
47778,-178.9774
47779,-179.65349
47780,-180.48305
47781,-181.53621
47782,-182.79727
47783,-184.13441
47784,-185.41116
47785,-186.49658
47786,-187.26341
47787,-187.6058
47788,-187.4469
47789,-186.71101
47790,-185.32101
47791,-183.2357
47792,-180.62285
47793,-177.93382
47794,-175.63147
47795,-174.16518
47796,-173.91058
47797,-174.81537
47798,-176.2476
47799,-177.55273
47800,-178.10396
47801,-177.35313
47802,-175.20967
47803,-172.20337
47804,-168.8892
47805,-165.79288
47806,-163.3977
47807,-161.94054
47808,-161.32431
47809,-161.43892
47810,-162.19012
47811,-163.48378
47812,-165.2258
47813,-167.32207
47814,-169.67853
47815,-172.2011
47816,-172.00859
47817,-167.49088
47818,-165.92966
47819,-165.68106
47820,-166.45729
47821,-167.97078
47822,-169.93428
47823,-172.06047
47824,-174.06232
47825,-175.65265
47826,-176.5827
47827,-176.82686
47828,-176.66177
47829,-176.37611
47830,-176.2442
47831,-176.51614
47832,-177.3008
47833,-178.51566
47834,-180.07076
47835,-181.88509
47836,-183.87532
47837,-185.94333
47838,-187.97119
47839,-189.84024
47840,-191.4327
47841,-192.66597
47842,-193.66238
47843,-194.8218
47844,-196.55527
47845,-199.26074
47846,-203.24773
47847,-208.31387
47848,-218.56395
47849,-218.07513
47850,-220.95741
47851,-221.43506
47852,-219.40038
47853,-215.6539
47854,-211.03642
47855,-206.34747
47856,-202.32076
47857,-199.3041
47858,-197.12135
47859,-195.57428
47860,-194.48935
47861,-193.69318
47862,-193.0124
47863,-192.27377
47864,-191.30399
47865,-189.92975
47866,-190.26826
47867,-193.95737
47868,-195.82376
47869,-196.85332
47870,-197.11923
47871,-196.69472
47872,-195.65305
47873,-194.06752
47874,-192.01152
47875,-189.55844
47876,-186.80444
47877,-183.97807
47878,-181.48743
47879,-179.7478
47880,-179.16583
47881,-180.07794
47882,-182.41365
47883,-185.55144
47884,-188.8484
47885,-191.68811
47886,-193.5081
47887,-194.05829
47888,-193.51218
47889,-192.0605
47890,-189.87405
47891,-187.13896
47892,-184.12965
47893,-181.2403
47894,-178.87004
47895,-177.41217
47896,-177.2033
47897,-178.25078
47898,-180.11646
47899,-182.34465
47900,-184.50108
47901,-186.19035
47902,-187.24222
47903,-187.79161
47904,-187.98563
47905,-187.95686
47906,-187.82997
47907,-187.68256
47908,-187.52844
47909,-187.3789
47910,-187.24825
47911,-187.15077
47912,-187.10074
47913,-187.11253
47914,-187.20033
47915,-187.37854
47916,-187.21628
47917,-186.43082
47918,-186.09149
47919,-185.9214
47920,-185.84749
47921,-185.7967
47922,-185.69604
47923,-185.47249
47924,-185.053
47925,-184.36452
47926,-183.353
47927,-182.07494
47928,-180.73662
47929,-179.55032
47930,-178.72136
47931,-178.42763
47932,-178.68874
47933,-179.30957
47934,-180.08658
47935,-180.82643
47936,-181.35263
47937,-181.5861
47938,-181.58006
47939,-181.39278
47940,-181.07648
47941,-180.68236
47942,-180.25679
47943,-179.83932
47944,-179.46933
47945,-179.18645
47946,-179.03369
47947,-179.07341
47948,-179.39426
47949,-180.086
47950,-181.237
47951,-182.91208
47952,-185.03908
47953,-187.36018
47954,-189.61035
47955,-191.53328
47956,-192.8913
47957,-193.55424
47958,-193.53772
47959,-192.86327
47960,-191.54555
47961,-189.59918
47962,-187.03879
47963,-183.87909
47964,-180.1347
47965,-175.82043
47966,-174.01631
47967,-177.36797
47968,-179.41173
47969,-181.18735
47970,-182.64691
47971,-183.7425
47972,-184.42616
47973,-184.64992
47974,-184.36586
47975,-183.52591
47976,-182.10344
47977,-180.19551
47978,-178.06726
47979,-175.9906
47980,-174.2295
47981,-173.01968
47982,-172.43288
47983,-172.3186
47984,-172.51752
47985,-172.88095
47986,-173.27095
47987,-173.61159
47988,-173.911
47989,-174.18063
47990,-174.4279
47991,-174.66534
47992,-174.93503
47993,-175.31903
47994,-175.90092
47995,-176.76245
47996,-177.96695
47997,-179.47075
47998,-181.08537
47999,-182.6166
48000,-183.87717
48001,-184.70125
48002,-185.04802
48003,-185.04596
48004,-184.83043
48005,-184.52876
48006,-184.25795
48007,-184.0749
48008,-183.95505
48009,-183.87051
48010,-183.79736
48011,-183.71161
48012,-183.58928
48013,-183.40639
48014,-183.13899
48015,-182.76309
48016,-183.1878
48017,-185.20615
48018,-186.82666
48019,-188.26007
48020,-189.40211
48021,-190.14856
48022,-190.39508
48023,-190.0373
48024,-188.97086
48025,-187.0913
48026,-184.34235
48027,-180.94846
48028,-177.51482
48029,-174.66225
48030,-172.9934
48031,-173.02682
48032,-174.7939
48033,-177.66649
48034,-180.99084
48035,-184.14507
48036,-186.5645
48037,-188.01591
48038,-188.71498
48039,-188.89531
48040,-188.76935
48041,-188.53502
48042,-188.30573
48043,-188.08025
48044,-187.85275
48045,-187.62273
48046,-187.39421
48047,-187.19699
48048,-187.09578
48049,-187.15674
48050,-187.44437
48051,-188.00497
48052,-188.77934
48053,-189.56525
48054,-190.15472
48055,-190.34665
48056,-189.96117
48057,-188.9432
48058,-187.40678
48059,-185.47273
48060,-183.25407
48061,-180.86372
48062,-178.41476
48063,-176.02014
48064,-173.79286
48065,-171.84595
48066,-170.38155
48067,-169.68787
48068,-169.7688
48069,-170.45053
48070,-171.60205
48071,-173.09232
48072,-174.79036
48073,-176.5652
48074,-178.28593
48075,-179.82161
48076,-181.0407
48077,-181.80756
48078,-181.98122
48079,-181.4205
48080,-179.98425
48081,-177.5698
48082,-174.2972
48083,-170.58893
48084,-166.87987
48085,-163.59045
48086,-161.10046
48087,-159.5527
48088,-158.76929
48089,-158.5598
48090,-158.74913
48091,-159.1796
48092,-159.79323
48093,-160.66748
48094,-161.88503
48095,-163.52208
48096,-165.62921
48097,-168.10857
48098,-170.6612
48099,-172.98045
48100,-174.76921
48101,-175.76924
48102,-175.94817
48103,-175.57942
48104,-174.94882
48105,-174.32756
48106,-173.96155
48107,-173.94913
48108,-174.18867
48109,-174.57059
48110,-174.99493
48111,-175.36165
48112,-175.57074
48113,-175.52223
48114,-175.11607
48115,-174.25224
48116,-172.20132
48117,-169.10324
48118,-167.57457
48119,-166.93231
48120,-167.02
48121,-167.68118
48122,-168.7596
48123,-170.09895
48124,-171.54305
48125,-172.9357
48126,-174.13544
48127,-175.08665
48128,-175.8498
48129,-176.48991
48130,-177.06657
48131,-177.63275
48132,-178.20335
48133,-178.74165
48134,-179.20894
48135,-179.56886
48136,-179.79077
48137,-179.87695
48138,-179.8741
48139,-179.83084
48140,-179.79353
48141,-179.79584
48142,-179.79666
48143,-179.65392
48144,-179.22139
48145,-178.35762
48146,-176.96408
48147,-175.19162
48148,-173.52887
48149,-172.47826
48150,-172.52586
48151,-174.07004
48152,-176.99976
48153,-180.51471
48154,-183.7879
48155,-186.02554
48156,-186.52652
48157,-185.1297
48158,-182.40634
48159,-178.95772
48160,-175.3509
48161,-172.15318
48162,-169.93176
48163,-169.2536
48164,-170.6852
48165,-174.79243
48166,-178.03229
48167,-176.33983
48168,-176.59938
48169,-177.42137
48170,-178.5909
48171,-179.89317
48172,-181.11356
48173,-182.0373
48174,-182.44963
48175,-182.13583
48176,-180.93332
48177,-178.98354
48178,-176.84018
48179,-175.07373
48180,-174.23515
48181,-174.79688
48182,-176.77675
48183,-179.57695
48184,-182.57585
48185,-185.18127
48186,-186.86456
48187,-187.46526
48188,-187.32185
48189,-186.79292
48190,-186.21358
48191,-185.88315
48192,-185.89276
48193,-186.05116
48194,-186.15576
48195,-186.0174
48196,-185.48572
48197,-184.63606
48198,-183.84982
48199,-183.52086
48200,-184.02834
48201,-185.6777
48202,-188.34595
48203,-191.33018
48204,-193.90462
48205,-195.37114
48206,-195.11528
48207,-193.00998
48208,-189.58987
48209,-185.41733
48210,-181.02385
48211,-176.94136
48212,-173.70157
48213,-171.83609
48214,-171.87599
48215,-174.3518
48216,-176.36473
48217,-174.03825
48218,-172.29855
48219,-170.5353
48220,-168.87749
48221,-167.4541
48222,-166.3942
48223,-165.82669
48224,-165.8805
48225,-166.6845
48226,-168.33975
48227,-170.78554
48228,-173.74231
48229,-176.922
48230,-180.04721
48231,-182.85388
48232,-185.1556
48233,-186.87103
48234,-187.92308
48235,-188.22943
48236,-187.75795
48237,-186.76764
48238,-185.91231
48239,-185.86194
48240,-187.26762
48241,-190.6599
48242,-195.87163
48243,-206.79164
48244,-212.27222
48245,-211.21106
48246,-212.64513
48247,-211.42317
48248,-208.49669
48249,-204.86482
48250,-201.47626
48251,-199.184
48252,-198.28226
48253,-198.30725
48254,-198.76392
48255,-199.19318
48256,-199.17838
48257,-198.54851
48258,-197.46547
48259,-196.10506
48260,-194.6273
48261,-193.19235
48262,-191.96033
48263,-191.09126
48264,-190.74532
48265,-191.08246
48266,-191.82533
48267,-191.95238
48268,-191.08818
48269,-189.55464
48270,-187.52641
48271,-185.17833
48272,-182.6852
48273,-180.22197
48274,-177.96353
48275,-176.08473
48276,-174.74892
48277,-174.05203
48278,-173.9989
48279,-174.59073
48280,-175.83307
48281,-177.71005
48282,-180.08182
48283,-182.64037
48284,-185.0713
48285,-187.06813
48286,-188.35619
48287,-188.8453
48288,-188.69543
48289,-188.0766
48290,-187.14716
48291,-186.05556
48292,-184.89334
48293,-183.67471
48294,-182.41078
48295,-181.11624
48296,-179.81114
48297,-178.54637
48298,-177.4146
48299,-176.51016
48300,-175.92538
48301,-175.73369
48302,-175.89842
48303,-176.2339
48304,-176.54851
48305,-176.6578
48306,-176.40002
48307,-175.74544
48308,-174.8433
48309,-173.85
48310,-172.91339
48311,-172.18135
48312,-171.80182
48313,-171.92258
48314,-172.69151
48315,-174.2563
48316,-174.09138
48317,-170.2038
48318,-168.50322
48319,-167.71918
48320,-167.64919
48321,-168.09084
48322,-168.8418
48323,-169.69989
48324,-170.46283
48325,-170.92851
48326,-170.92194
48327,-170.42683
48328,-169.64177
48329,-168.77386
48330,-168.01997
48331,-167.56744
48332,-167.548
48333,-168.01807
48334,-169.03104
48335,-170.64392
48336,-172.88638
48337,-175.62901
48338,-178.52724
48339,-181.22813
48340,-183.38904
48341,-184.70778
48342,-185.1172
48343,-184.86876
48344,-184.22678
48345,-183.4405
48346,-182.73373
48347,-182.18164
48348,-181.65794
48349,-181.02823
48350,-180.16765
48351,-178.97685
48352,-177.50455
48353,-176.0001
48354,-174.72101
48355,-173.91522
48356,-173.79634
48357,-174.3793
48358,-175.40973
48359,-176.6226
48360,-177.7659
48361,-178.58757
48362,-178.83548
48363,-178.25755
48364,-176.60149
48365,-173.6148
48366,-172.66165
48367,-176.66443
48368,-178.08447
48369,-178.49178
48370,-178.11362
48371,-177.17735
48372,-175.91049
48373,-174.54063
48374,-173.29544
48375,-172.40254
48376,-172.05309
48377,-172.22589
48378,-172.61221
48379,-172.892
48380,-172.75902
48381,-171.95119
48382,-170.46414
48383,-168.6425
48384,-166.8449
48385,-165.41339
48386,-164.65242
48387,-164.648
48388,-165.19048
48389,-166.05861
48390,-167.04543
48391,-167.95557
48392,-168.66188
48393,-169.1294
48394,-169.3268
48395,-169.21826
48396,-168.78194
48397,-168.07693
48398,-167.27194
48399,-166.53989
48400,-166.04865
48401,-165.92401
48402,-166.04787
48403,-165.97173
48404,-165.23418
48405,-163.38943
48406,-160.07149
48407,-155.37901
48408,-155.04063
48409,-149.81001
48410,-140.41072
48411,-137.56601
48412,-136.9987
48413,-139.43147
48414,-150.58656
48415,-161.1849
48416,-169.7029
48417,-163.52715
48418,-164.45926
48419,-165.57362
48420,-166.85748
48421,-168.29803
48422,-169.88249
48423,-171.59814
48424,-173.43211
48425,-175.37173
48426,-177.39761
48427,-179.45253
48428,-181.42778
48429,-183.21263
48430,-184.6988
48431,-185.78563
48432,-186.41649
48433,-186.59465
48434,-186.32573
48435,-185.61252
48436,-184.47522
48437,-183.03577
48438,-181.55377
48439,-180.29445
48440,-179.5165
48441,-179.44202
48442,-180.08046
48443,-181.15344
48444,-182.37111
48445,-183.45743
48446,-184.17334
48447,-184.49516
48448,-184.69086
48449,-185.04018
48450,-185.80896
48451,-187.21841
48452,-189.23013
48453,-191.45418
48454,-193.4866
48455,-194.94022
48456,-195.47244
48457,-195.00043
48458,-193.79362
48459,-192.13612
48460,-190.29536
48461,-188.53897
48462,-187.13455
48463,-186.34972
48464,-186.45187
48465,-187.70839
48466,-188.36595
48467,-186.4899
48468,-185.6145
48469,-185.07404
48470,-184.79996
48471,-184.7238
48472,-184.77707
48473,-184.8913
48474,-184.99802
48475,-185.0288
48476,-184.93877
48477,-184.82027
48478,-184.9516
48479,-185.61848
48480,-187.09781
48481,-189.6025
48482,-192.97476
48483,-196.55495
48484,-199.66365
48485,-201.64526
48486,-201.95082
48487,-200.6529
48488,-198.66766
48489,-196.94688
48490,-196.40295
48491,-197.81776
48492,-201.21661
48493,-205.6004
48494,-209.92934
48495,-213.21277
48496,-214.57367
48497,-213.79608
48498,-211.56166
48499,-208.59064
48500,-205.56195
48501,-203.0897
48502,-201.40904
48503,-200.24062
48504,-199.28363
48505,-198.26152
48506,-196.92296
48507,-195.16312
48508,-193.07578
48509,-190.76292
48510,-188.31729
48511,-185.83151
48512,-183.39833
48513,-181.11038
48514,-179.06038
48515,-177.34099
48516,-176.50412
48517,-176.88277
48518,-177.26031
48519,-177.77322
48520,-178.35968
48521,-178.9579
48522,-179.50616
48523,-179.94269
48524,-180.20567
48525,-180.23332
48526,-179.97156
48527,-179.41075
48528,-178.60165
48529,-177.59738
48530,-176.44826
48531,-175.19817
48532,-173.85352
48533,-172.37007
48534,-170.70148
48535,-168.80383
48536,-166.65501
48537,-164.35925
48538,-162.1922
48539,-160.4362
48540,-159.36537
48541,-159.21408
48542,-159.98543
48543,-161.36969
48544,-163.04495
48545,-164.70444
48546,-166.06183
48547,-166.94968
48548,-167.36154
48549,-167.2973
48550,-166.74896
48551,-165.72841
48552,-164.36192
48553,-162.9308
48554,-161.72261
48555,-161.0174
48556,-161.06264
48557,-161.91637
48558,-163.38013
48559,-165.24562
48560,-167.31673
48561,-169.39749
48562,-171.29189
48563,-172.80399
48564,-173.73778
48565,-173.89723
48566,-174.69456
48567,-176.96468
48568,-176.75095
48569,-175.28506
48570,-172.9959
48571,-170.31259
48572,-167.66464
48573,-165.48155
48574,-164.19276
48575,-164.22748
48576,-165.9226
48577,-169.07942
48578,-172.77434
48579,-176.05612
48580,-178.00839
48581,-177.83783
48582,-175.46738
48583,-171.7916
48584,-167.74472
48585,-164.21536
48586,-162.0029
48587,-161.38783
48588,-161.94803
48589,-163.23396
48590,-164.82988
48591,-166.35402
48592,-167.62166
48593,-168.71455
48594,-169.72502
48595,-170.73251
48596,-171.80515
48597,-172.9452
48598,-174.06552
48599,-175.07547
48600,-175.88876
48601,-176.43237
48602,-176.71104
48603,-176.83484
48604,-176.918
48605,-177.06973
48606,-177.38477
48607,-177.87312
48608,-178.43024
48609,-178.94691
48610,-179.31953
48611,-179.44435
48612,-179.21773
48613,-178.53593
48614,-177.29515
48615,-175.39168
48616,-174.2918
48617,-175.57812
48618,-176.48088
48619,-177.40115
48620,-178.29587
48621,-179.12192
48622,-179.83615
48623,-180.3955
48624,-180.75679
48625,-180.87695
48626,-180.73267
48627,-180.41608
48628,-180.17584
48629,-180.26674
48630,-180.93616
48631,-182.37444
48632,-184.44028
48633,-186.54347
48634,-188.07611
48635,-188.45152
48636,-187.1709
48637,-184.24765
48638,-180.3904
48639,-176.33661
48640,-172.7912
48641,-170.3908
48642,-169.37485
48643,-169.44514
48644,-170.28206
48645,-171.59192
48646,-173.09048
48647,-174.54848
48648,-175.8108
48649,-176.72519
48650,-177.13594
48651,-176.92064
48652,-176.15126
48653,-175.16316
48654,-174.30228
48655,-173.90196
48656,-174.25114
48657,-175.38028
48658,-176.96976
48659,-178.68631
48660,-180.21336
48661,-181.23439
48662,-181.43277
48663,-180.49176
48664,-178.0944
48665,-173.9234
48666,-171.32304
48667,-173.98056
48668,-175.53845
48669,-176.97107
48670,-178.22395
48671,-179.24268
48672,-179.97282
48673,-180.35983
48674,-180.34927
48675,-179.88666
48676,-178.93759
48677,-177.58455
48678,-176.06856
48679,-174.63702
48680,-173.5298
48681,-172.959
48682,-172.975
48683,-173.4095
48684,-174.08542
48685,-174.83618
48686,-175.50952
48687,-176.03589
48688,-176.458
48689,-176.82298
48690,-177.1726
48691,-177.55118
48692,-178.0182
48693,-178.65341
48694,-179.5374
48695,-180.74977
48696,-182.34708
48697,-184.25185
48698,-186.20526
48699,-187.94127
48700,-189.20242
48701,-189.76418
48702,-189.59312
48703,-188.91512
48704,-187.96652
48705,-186.97157
48706,-186.13803
48707,-185.57835
48708,-185.27562
48709,-185.20767
48710,-185.35846
48711,-185.71194
48712,-186.25217
48713,-186.96306
48714,-187.8286
48715,-188.83282
48716,-188.2879
48717,-185.09915
48718,-183.38843
48719,-182.33151
48720,-181.84355
48721,-181.83997
48722,-182.2361
48723,-182.9473
48724,-183.88907
48725,-184.97678
48726,-186.15187
48727,-187.50644
48728,-189.3368
48729,-191.94736
48730,-195.6327
48731,-200.59889
48732,-211.53925
48733,-217.4531
48734,-222.31248
48735,-220.12224
48736,-220.03387
48737,-217.05806
48738,-212.37424
48739,-207.21405
48740,-202.7562
48741,-200.04549
48742,-199.34729
48743,-199.87021
48744,-200.7794
48745,-201.29056
48746,-200.71187
48747,-198.88904
48748,-196.39703
48749,-193.84132
48750,-191.79329
48751,-190.75356
48752,-190.81133
48753,-191.49838
48754,-192.32397
48755,-192.82394
48756,-192.58235
48757,-191.46353
48758,-189.71172
48759,-187.58693
48760,-185.33116
48761,-183.18661
48762,-181.39537
48763,-180.19952
48764,-179.8411
48765,-180.56195
48766,-181.15149
48767,-180.11269
48768,-179.72743
48769,-179.55428
48770,-179.53291
48771,-179.60292
48772,-179.70393
48773,-179.77556
48774,-179.75745
48775,-179.58923
48776,-179.2308
48777,-178.7598
48778,-178.41344
48779,-178.43544
48780,-179.06177
48781,-180.47876
48782,-182.58426
48783,-184.88562
48784,-186.87474
48785,-188.06221
48786,-188.03053
48787,-186.78096
48788,-184.88272
48789,-182.9284
48790,-181.48387
48791,-181.0416
48792,-181.66739
48793,-182.84912
48794,-184.0518
48795,-184.76796
48796,-184.5552
48797,-183.34952
48798,-181.59964
48799,-179.77527
48800,-178.32187
48801,-177.63843
48802,-177.85378
48803,-178.73074
48804,-180.01768
48805,-181.48045
48806,-182.89418
48807,-184.08809
48808,-184.96457
48809,-185.4288
48810,-185.38254
48811,-184.72746
48812,-183.36522
48813,-181.1974
48814,-178.12558
48815,-174.05121
48816,-171.46098
48817,-172.88078
48818,-173.55116
48819,-174.27913
48820,-175.08054
48821,-175.97119
48822,-176.96698
48823,-178.08363
48824,-179.33704
48825,-180.74298
48826,-182.30754
48827,-183.98013
48828,-185.6334
48829,-187.13693
48830,-188.36401
48831,-189.19638
48832,-189.56493
48833,-189.46748
48834,-188.90445
48835,-187.87303
48836,-186.38612
48837,-184.54694
48838,-182.58142
48839,-180.7206
48840,-179.18956
48841,-178.17781
48842,-177.66733
48843,-177.35907
48844,-176.94286
48845,-176.12183
48846,-174.66139
48847,-172.6892
48848,-170.82378
48849,-169.70331
48850,-169.94254
48851,-172.04985
48852,-175.91808
48853,-180.60693
48854,-185.14426
48855,-188.5981
48856,-190.14455
48857,-189.587
48858,-187.58002
48859,-184.81296
48860,-181.93555
48861,-179.59789
48862,-178.44994
48863,-179.14131
48864,-182.32083
48865,-193.6363
48866,-200.50278
48867,-198.50197
48868,-200.7126
48869,-201.90799
48870,-202.23328
48871,-201.8337
48872,-200.85457
48873,-199.44133
48874,-197.73952
48875,-195.89473
48876,-194.03996
48877,-192.23517
48878,-190.44121
48879,-188.61475
48880,-186.71722
48881,-184.72873
48882,-182.73853
48883,-180.98369
48884,-179.70723
48885,-179.14517
48886,-179.48814
48887,-180.66412
48888,-182.24513
48889,-183.7892
48890,-184.87137
48891,-185.12318
48892,-184.50444
48893,-183.42003
48894,-182.29288
48895,-181.5249
48896,-181.4685
48897,-182.18808
48898,-183.35788
48899,-184.63669
48900,-185.70183
48901,-186.26268
48902,-186.2142
48903,-185.70299
48904,-184.88579
48905,-183.90742
48906,-182.90585
48907,-181.97865
48908,-181.16869
48909,-180.5166
48910,-180.0656
48911,-179.859
48912,-179.93991
48913,-180.35162
48914,-181.13734
48915,-182.34027
48916,-183.71584
48917,-184.3112
48918,-183.53291
48919,-181.92807
48920,-179.82275
48921,-177.54341
48922,-175.41647
48923,-173.76848
48924,-172.92581
48925,-173.21477
48926,-174.89296
48927,-177.81972
48928,-181.31563
48929,-184.68022
48930,-187.23918
48931,-188.39676
48932,-188.01509
48933,-186.57706
48934,-184.59082
48935,-182.53554
48936,-180.84764
48937,-179.71397
48938,-178.98332
48939,-178.49084
48940,-178.08774
48941,-177.64352
48942,-177.13339
48943,-176.67584
48944,-176.39513
48945,-176.40865
48946,-176.79543
48947,-177.41122
48948,-177.80956
48949,-177.5319
48950,-176.13402
48951,-173.26424
48952,-169.11086
48953,-164.59448
48954,-160.66544
48955,-158.2391
48956,-158.12001
48957,-160.47102
48958,-164.5867
48959,-169.72832
48960,-180.19934
48961,-185.30373
48962,-184.34564
48963,-186.62921
48964,-186.45769
48965,-183.13324
48966,-180.70367
48967,-183.8608
48968,-184.67891
48969,-184.7379
48970,-184.2702
48971,-183.50842
48972,-182.68529
48973,-182.03352
48974,-181.78586
48975,-182.17494
48976,-183.3891
48977,-185.35876
48978,-187.66537
48979,-189.87645
48980,-191.57632
48981,-192.39493
48982,-192.22801
48983,-191.33176
48984,-189.97697
48985,-188.4176
48986,-186.88799
48987,-185.50793
48988,-184.24194
48989,-183.04813
48990,-181.89207
48991,-180.74846
48992,-179.64595
48993,-178.68594
48994,-177.9728
48995,-177.60748
48996,-177.67667
48997,-178.185
48998,-179.02574
48999,-180.08783
49000,-181.26546
49001,-182.46974
49002,-183.71008
49003,-185.12904
49004,-186.87445
49005,-189.08769
49006,-191.87503
49007,-195.13799
49008,-198.50096
49009,-201.57732
49010,-203.99362
49011,-205.3763
49012,-205.35149
49013,-203.54492
49014,-199.5817
49015,-198.08635
49016,-191.81924
49017,-184.45596
49018,-181.64635
49019,-179.11296
49020,-176.90182
49021,-175.05907
49022,-173.63077
49023,-172.66289
49024,-172.20155
49025,-172.29276
49026,-172.95721
49027,-174.06879
49028,-175.30219
49029,-176.32443
49030,-176.81206
49031,-176.50044
49032,-175.46773
49033,-174.25665
49034,-173.42859
49035,-173.52278
49036,-174.99876
49037,-177.85406
49038,-181.46046
49039,-185.16566
49040,-188.34741
49041,-190.46564
49042,-191.45775
49043,-191.90814
49044,-192.42749
49045,-193.59595
49046,-195.88823
49047,-199.16681
49048,-202.46489
49049,-204.78244
49050,-205.15863
49051,-202.78181
49052,-197.71342
49053,-196.20212
49054,-189.54837
49055,-183.99782
49056,-175.6652
49057,-174.90572
49058,-176.0461
49059,-178.37253
49060,-181.22081
49061,-183.9273
49062,-185.8285
49063,-186.26088
49064,-184.56023
49065,-180.06146
49066,-177.45938
49067,-181.23932
49068,-180.94492
49069,-179.02754
49070,-176.03941
49071,-172.53336
49072,-169.06264
49073,-166.18068
49074,-164.44064
49075,-164.3955
49076,-166.4906
49077,-170.54855
49078,-175.54915
49079,-180.44037
49080,-184.21098
49081,-185.97452
49082,-185.56943
49083,-183.81697
49084,-181.57857
49085,-179.66953
49086,-178.84209
49087,-179.47952
49088,-181.46536
49089,-184.66309
49090,-188.96
49091,-199.21367
49092,-205.10786
49093,-211.09131
49094,-216.60378
49095,-216.09619
49096,-219.05775
49097,-220.20059
49098,-219.53949
49099,-217.10182
49100,-212.90074
49101,-212.01633
49102,-204.91751
49103,-197.60197
49104,-191.09068
49105,-186.37949
49106,-179.33923
49107,-180.11963
49108,-182.89429
49109,-186.79872
49110,-191.01581
49111,-194.7292
49112,-197.12262
49113,-197.37935
49114,-194.68143
49115,-193.20912
49116,-187.90295
49117,-184.91519
49118,-185.30237
49119,-185.51144
49120,-185.56007
49121,-185.46588
49122,-185.24652
49123,-184.91965
49124,-184.50287
49125,-184.01387
49126,-183.4891
49127,-183.07448
49128,-183.06421
49129,-183.75844
49130,-185.45013
49131,-188.36761
49132,-192.36449
49133,-196.7871
49134,-200.96193
49135,-204.23979
49136,-206.04929
49137,-206.27129
49138,-205.40047
49139,-203.9573
49140,-202.43375
49141,-201.2782
49142,-200.68474
49143,-200.50218
49144,-200.56505
49145,-200.7242
49146,-200.84314
49147,-200.85872
49148,-200.80734
49149,-200.72954
49150,-200.66115
49151,-200.63025
49152,-200.62013
49153,-200.5534
49154,-200.35007
49155,-199.93304
49156,-199.23857
49157,-198.28062
49158,-197.17854
49159,-196.056
49160,-195.0318
49161,-194.22469
49162,-193.75337
49163,-193.73663
49164,-194.29306
49165,-195.54135
49166,-195.63565
49167,-192.7565
49168,-190.65665
49169,-188.72372
49170,-186.96716
49171,-185.39651
49172,-184.02121
49173,-182.85074
49174,-181.89462
49175,-181.16231
49176,-180.65488
49177,-180.32443
49178,-180.05673
49179,-179.7349
49180,-179.24524
49181,-178.49623
49182,-177.52548
49183,-176.54567
49184,-175.77641
49185,-175.4291
49186,-175.67482
49187,-176.45123
49188,-177.37979
49189,-178.06944
49190,-178.1442
49191,-177.2886
49192,-175.53902
49193,-173.40897
49194,-171.4312
49195,-170.11588
49196,-169.90543
49197,-170.84952
49198,-172.46585
49199,-174.25137
49200,-175.72864
49201,-176.47462
49202,-176.383
49203,-175.77644
49204,-174.99477
49205,-174.35735
49206,-174.15047
49207,-174.46765
49208,-175.14102
49209,-175.99246
49210,-176.8563
49211,-177.56694
49212,-177.95872
49213,-177.86597
49214,-177.12297
49215,-175.56392
49216,-176.01424
49217,-180.43674
49218,-181.79164
49219,-181.74925
49220,-180.66446
49221,-178.89247
49222,-176.78886
49223,-174.70926
49224,-173.00949
49225,-172.04518
49226,-172.12224
49227,-173.25749
49228,-175.07622
49229,-177.18861
49230,-179.22346
49231,-180.8237
49232,-181.7129
49233,-181.72388
49234,-180.69377
49235,-178.45436
49236,-174.8967
49237,-170.25757
49238,-165.24252
49239,-160.57642
49240,-156.96167
49241,-155.00961
49242,-154.80402
49243,-155.71451
49244,-157.0833
49245,-158.28697
49246,-158.77748
49247,-158.44403
49248,-157.76776
49249,-157.25307
49250,-157.37593
49251,-158.54895
49252,-160.81604
49253,-163.72218
49254,-166.79327
49255,-169.57915
49256,-171.67262
49257,-172.91588
49258,-173.48871
49259,-173.58409
49260,-173.37901
49261,-173.05049
49262,-172.77562
49263,-172.73148
49264,-173.09508
49265,-174.04347
49266,-176.33987
49267,-179.55917
49268,-180.68552
49269,-180.63992
49270,-179.7029
49271,-178.15529
49272,-176.27805
49273,-174.35225
49274,-172.65909
49275,-171.47969
49276,-171.0561
49277,-171.40382
49278,-172.23132
49279,-173.23502
49280,-174.12613
49281,-174.64778
49282,-174.72931
49283,-174.552
49284,-174.30724
49285,-174.17433
49286,-174.33017
49287,-174.93686
49288,-176.13675
49289,-178.07123
49290,-180.88263
49291,-184.65181
49292,-189.10309
49293,-193.4783
49294,-197.00043
49295,-198.91536
49296,-198.58339
49297,-196.03328
49298,-192.20168
49299,-188.06384
49300,-184.55293
49301,-182.49463
49302,-182.08855
49303,-182.68642
49304,-183.60593
49305,-184.20557
49306,-183.91602
49307,-182.58734
49308,-180.63834
49309,-178.51074
49310,-176.61955
49311,-175.37978
49312,-175.20619
49313,-176.51347
49314,-179.7158
49315,-190.2269
49316,-187.10896
49317,-180.49069
49318,-179.05064
49319,-179.74162
49320,-181.99367
49321,-185.23781
49322,-188.9056
49323,-192.42906
49324,-195.24043
49325,-196.77174
49326,-196.54036
49327,-194.56078
49328,-191.52261
49329,-188.14383
49330,-185.1111
49331,-183.03438
49332,-182.07722
49333,-181.79832
49334,-181.73206
49335,-181.4416
49336,-180.55174
49337,-179.04448
49338,-177.38612
49339,-176.0625
49340,-175.53651
49341,-176.18843
49342,-177.91896
49343,-179.97978
49344,-181.59718
49345,-182.02841
49346,-180.64766
49347,-177.51094
49348,-173.59914
49349,-169.93118
49350,-167.48227
49351,-167.10606
49352,-168.95122
49353,-172.21234
49354,-176.04713
49355,-179.65952
49356,-182.32515
49357,-183.73497
49358,-184.14243
49359,-183.82327
49360,-183.02658
49361,-182.00168
49362,-180.99792
49363,-180.26468
49364,-180.05135
49365,-180.6072
49366,-180.64351
49367,-178.74326
49368,-177.67906
49369,-177.03752
49370,-176.85751
49371,-177.17787
49372,-178.03745
49373,-179.47505
49374,-181.52945
49375,-184.23944
49376,-187.60385
49377,-191.38963
49378,-195.04993
49379,-198.02542
49380,-199.77171
49381,-199.8271
49382,-198.21309
49383,-195.60698
49384,-192.71378
49385,-190.20808
49386,-188.6889
49387,-188.3157
49388,-188.65216
49389,-189.23782
49390,-189.64073
49391,-189.47884
49392,-188.6602
49393,-187.48624
49394,-186.27441
49395,-185.32362
49396,-184.89543
49397,-185.03447
49398,-185.49144
49399,-186.0053
49400,-186.32892
49401,-186.24405
49402,-185.69998
49403,-184.87317
49404,-183.94917
49405,-183.10294
49406,-182.49579
49407,-182.21053
49408,-182.22334
49409,-182.50613
49410,-183.03592
49411,-183.78972
49412,-184.7445
49413,-185.87729
49414,-187.16508
49415,-188.58488
49416,-188.62856
49417,-186.33363
49418,-185.38098
49419,-185.00528
49420,-185.1077
49421,-185.58943
49422,-186.3517
49423,-187.29582
49424,-188.32306
49425,-189.3347
49426,-190.2371
49427,-190.96591
49428,-191.49638
49429,-191.80539
49430,-191.86792
49431,-191.66101
49432,-191.17326
49433,-190.40926
49434,-189.37407
49435,-188.07211
49436,-186.51715
49437,-184.7771
49438,-182.99364
49439,-181.31136
49440,-179.87128
49441,-178.80058
49442,-178.14517
49443,-177.84099
49444,-177.81946
49445,-178.01743
49446,-178.36325
49447,-178.73726
49448,-178.95421
49449,-178.82634
49450,-178.16899
49451,-176.83833
49452,-174.92853
49453,-172.85635
49454,-171.0516
49455,-169.92863
49456,-169.85359
49457,-170.91228
49458,-172.81088
49459,-175.24081
49460,-177.91176
49461,-180.53342
49462,-182.81564
49463,-184.4682
49464,-185.2008
49465,-184.72299
49466,-183.85255
49467,-184.0657
49468,-184.30806
49469,-184.63657
49470,-184.98329
49471,-185.28021
49472,-185.45935
49473,-185.45268
49474,-185.19223
49475,-184.60999
49476,-183.65475
49477,-182.37357
49478,-180.94633
49479,-179.55846
49480,-178.38907
49481,-177.6106
49482,-177.3577
49483,-177.71346
49484,-178.75888
49485,-180.57745
49486,-183.21785
49487,-186.52731
49488,-190.08025
49489,-193.4405
49490,-196.18492
49491,-197.93349
49492,-198.55699
49493,-198.2664
49494,-197.28668
49495,-195.82674
49496,-194.08878
49497,-192.2343
49498,-190.36974
49499,-188.5992
49500,-187.02946
49501,-185.7588
49502,-184.8362
49503,-184.24393
49504,-183.96153
49505,-183.9717
49506,-184.25536
49507,-184.78232
49508,-185.50766
49509,-186.3859
49510,-187.37218
49511,-188.42168
49512,-189.48969
49513,-190.53127
49514,-191.50174
49515,-192.35625
49516,-190.81909
49517,-185.4965
49518,-182.07878
49519,-179.54039
49520,-177.85826
49521,-177.00925
49522,-176.97035
49523,-177.7185
49524,-179.23074
49525,-181.48409
49526,-184.41771
49527,-187.75157
49528,-190.90846
49529,-193.29951
49530,-194.3499
49531,-193.57988
49532,-191.06497
49533,-187.63448
49534,-184.14929
49535,-181.43513
49536,-180.218
49537,-180.64363
49538,-182.07228
49539,-183.8331
49540,-185.29291
49541,-185.88277
49542,-185.40662
49543,-184.17361
49544,-182.51337
49545,-180.73174
49546,-179.11101
49547,-177.79633
49548,-176.74681
49549,-175.91412
49550,-175.25885
49551,-174.75075
49552,-174.41414
49553,-174.34676
49554,-174.64932
49555,-175.41907
49556,-176.73354
49557,-178.55576
49558,-180.69402
49559,-182.95055
49560,-185.13489
49561,-187.05667
49562,-188.52553
49563,-189.35101
49564,-189.34264
49565,-188.30966
49566,-188.00241
49567,-190.11392
49568,-190.89839
49569,-191.15808
49570,-191.0332
49571,-190.66408
49572,-190.1911
49573,-189.7546
49574,-189.49498
49575,-189.5526
49576,-190.03801
49577,-190.8882
49578,-191.80513
49579,-192.48125
49580,-192.62013
49581,-191.9606
49582,-190.44673
49583,-188.30092
49584,-185.75703
49585,-183.03598
49586,-180.35423
49587,-177.90355
49588,-175.84167
49589,-174.32498
49590,-173.51138
49591,-173.53285
49592,-174.37039
49593,-175.8007
49594,-177.59264
49595,-179.52469
49596,-181.39792
49597,-183.14365
49598,-184.86958
49599,-186.69054
49600,-188.71286
49601,-191.03247
49602,-193.68481
49603,-196.62346
49604,-199.7986
49605,-203.16441
49606,-206.66063
49607,-210.14285
49608,-213.35278
49609,-216.02753
49610,-217.90941
49611,-218.7406
49612,-218.26303
49613,-216.21832
49614,-212.34773
49615,-211.39204
49616,-206.98273
49617,-225.31018
49618,-230.6515
49619,-227.42143
49620,-226.29066
49621,-222.93227
49622,-218.02124
49623,-217.23431
49624,-211.24916
49625,-205.74388
49626,-196.3433
49627,-193.36208
49628,-191.69414
49629,-191.21597
49630,-191.82387
49631,-193.3684
49632,-195.43327
49633,-197.24075
49634,-197.99849
49635,-196.93102
49636,-193.4061
49637,-192.62912
49638,-185.9436
49639,-179.74194
49640,-170.36302
49641,-168.96587
49642,-170.66974
49643,-174.18687
49644,-178.17558
49645,-181.36246
49646,-182.61327
49647,-181.60095
49648,-179.09244
49649,-175.89899
49650,-172.78065
49651,-170.42229
49652,-169.07042
49653,-168.37743
49654,-167.97229
49655,-167.51227
49656,-166.69702
49657,-165.47134
49658,-164.1123
49659,-162.91019
49660,-162.13933
49661,-162.07402
49662,-162.98859
49663,-165.15703
49664,-168.85338
49665,-179.35112
49666,-173.98224
49667,-167.12096
49668,-162.07645
49669,-154.95644
49670,-155.18236
49671,-157.17719
49672,-160.36458
49673,-164.16862
49674,-168.01378
49675,-171.32477
49676,-173.58595
49677,-174.6283
49678,-174.75206
49679,-174.27612
49680,-173.49706
49681,-172.69362
49682,-172.0407
49683,-171.57207
49684,-171.31601
49685,-171.3074
49686,-171.57054
49687,-172.06749
49688,-172.67618
49689,-173.27113
49690,-173.73097
49691,-173.96245
49692,-174.03552
49693,-174.24153
49694,-174.88055
49695,-176.24203
49696,-178.5387
49697,-181.53754
49698,-184.40222
49699,-186.2729
49700,-186.31808
49701,-183.83878
49702,-178.90897
49703,-177.6525
49704,-171.23738
49705,-165.7825
49706,-157.29337
49707,-156.1186
49708,-156.71786
49709,-158.51648
49710,-160.98254
49711,-163.58452
49712,-165.79103
49713,-167.07071
49714,-166.89209
49715,-164.72327
49716,-161.83107
49717,-161.02266
49718,-161.33784
49719,-162.51317
49720,-164.27493
49721,-166.34966
49722,-168.46382
49723,-170.34402
49724,-171.71692
49725,-172.30898
49726,-171.89252
49727,-170.50616
49728,-168.54962
49729,-166.437
49730,-164.56537
49731,-163.30147
49732,-162.83588
49733,-163.12044
49734,-164.09772
49735,-165.72159
49736,-167.93163
49737,-170.58368
49738,-173.42041
49739,-176.18001
49740,-178.60625
49741,-180.46707
49742,-181.67181
49743,-182.3211
49744,-182.52313
49745,-182.37709
49746,-181.97023
49747,-181.32033
49748,-180.35103
49749,-178.98224
49750,-177.13821
49751,-174.77675
49752,-172.04977
49753,-169.37283
49754,-167.17189
49755,-165.86037
49756,-165.79497
49757,-167.00325
49758,-169.06737
49759,-171.55212
49760,-174.04387
49761,-176.129
49762,-177.39392
49763,-177.42494
49764,-175.808
49765,-172.1286
49766,-169.44135
49767,-171.51884
49768,-172.99657
49769,-174.70567
49770,-176.62729
49771,-178.74257
49772,-181.03264
49773,-183.4787
49774,-186.06184
49775,-188.7633
49776,-191.53856
49777,-194.1944
49778,-196.33604
49779,-197.56053
49780,-197.47418
49781,-195.75615
49782,-192.5102
49783,-188.4167
49784,-184.18056
49785,-180.47977
49786,-177.92075
49787,-176.69397
49788,-176.42627
49789,-176.72214
49790,-177.21294
49791,-177.5609
49792,-177.6068
49793,-177.43312
49794,-177.13202
49795,-176.78407
49796,-176.45699
49797,-176.14314
49798,-175.73305
49799,-175.11299
49800,-174.17422
49801,-172.83173
49802,-171.13855
49803,-169.33504
49804,-167.66887
49805,-166.379
49806,-165.68056
49807,-165.65132
49808,-166.18294
49809,-167.15973
49810,-168.475
49811,-170.02203
49812,-171.69414
49813,-173.38466
49814,-174.98695
49815,-176.39435
49816,-175.92528
49817,-172.78566
49818,-171.36116
49819,-170.65628
49820,-170.49799
49821,-170.71324
49822,-171.12917
49823,-171.57292
49824,-171.87163
49825,-171.85242
49826,-171.36868
49827,-170.42612
49828,-169.23686
49829,-168.02133
49830,-166.99004
49831,-166.33531
49832,-166.1433
49833,-166.35635
49834,-166.91124
49835,-167.75156
49836,-168.82567
49837,-170.10968
49838,-171.61717
49839,-173.36322
49840,-175.36105
49841,-177.59727
49842,-179.90343
49843,-181.90096
49844,-183.20311
49845,-183.43306
49846,-182.29034
49847,-179.92065
49848,-177.07457
49849,-174.52751
49850,-173.02632
49851,-173.21811
49852,-175.1719
49853,-178.17422
49854,-181.48105
49855,-184.38623
49856,-186.25397
49857,-186.85643
49858,-186.51881
49859,-185.58856
49860,-184.38704
49861,-183.23578
49862,-182.45631
49863,-182.3702
49864,-183.29881
49865,-185.56339
49866,-187.92204
49867,-188.38739
49868,-188.70251
49869,-188.67598
49870,-188.35442
49871,-187.78453
49872,-187.01295
49873,-186.08636
49874,-185.05142
49875,-183.9549
49876,-182.86272
49877,-181.95331
49878,-181.55725
49879,-182.01122
49880,-183.64452
49881,-186.71283
49882,-191.04556
49883,-195.89528
49884,-200.49202
49885,-204.09366
49886,-206.04796
49887,-206.22633
49888,-205.21054
49889,-203.6122
49890,-202.0101
49891,-200.9289
49892,-200.57753
49893,-200.73666
49894,-201.16913
49895,-201.65816
49896,-201.99529
49897,-202.02074
49898,-201.64056
49899,-200.76352
49900,-199.29524
49901,-197.16275
49902,-194.41817
49903,-191.28325
49904,-187.98688
49905,-184.75002
49906,-181.77621
49907,-179.1683
49908,-176.89229
49909,-174.90863
49910,-173.18434
49911,-171.68636
49912,-170.38171
49913,-169.23738
49914,-168.2204
49915,-167.29773
49916,-166.36717
49917,-165.05275
49918,-163.06564
49919,-160.77074
49920,-158.4089
49921,-156.22115
49922,-154.44846
49923,-153.33165
49924,-153.11168
49925,-154.02922
49926,-156.26378
49927,-159.6387
49928,-163.49574
49929,-167.15826
49930,-169.97292
49931,-171.36472
49932,-171.21373
49933,-170.01674
49934,-168.29495
49935,-166.5405
49936,-165.20697
49937,-164.52332
49938,-164.41386
49939,-164.79115
49940,-165.5821
49941,-166.7097
49942,-168.07288
49943,-169.53822
49944,-170.97104
49945,-172.23827
49946,-173.21564
49947,-173.83043
49948,-174.07976
49949,-173.96349
49950,-173.47809
49951,-172.63313
49952,-171.5138
49953,-170.30765
49954,-169.20651
49955,-168.39723
49956,-168.04298
49957,-168.16951
49958,-168.6163
49959,-169.21565
49960,-169.80867
49961,-170.23651
49962,-170.34032
49963,-169.96127
49964,-168.94041
49965,-167.11876
49966,-167.76312
49967,-173.22081
49968,-175.54185
49969,-176.52501
49970,-176.50166
49971,-175.80342
49972,-174.76222
49973,-173.71008
49974,-172.9791
49975,-172.90135
49976,-173.76433
49977,-175.59698
49978,-178.0783
49979,-180.87341
49980,-183.66438
49981,-186.14954
49982,-188.12138
49983,-189.49976
49984,-190.20964
49985,-190.16988
49986,-189.33102
49987,-187.8281
49988,-186.04659
49989,-184.38223
49990,-183.21895
49991,-182.88797
49992,-183.41397
49993,-184.40654
49994,-185.4587
49995,-186.18321
49996,-186.2427
49997,-185.58844
49998,-184.56323
49999,-183.52582
50000,-182.81636
