timestep,reward
1,-70.33948
2,-24.065203
3,1.604993
4,18.188103
5,29.17332
6,36.598804
7,41.705933
8,45.283417
9,47.87042
10,49.915237
11,51.783234
12,53.556736
13,54.87827
14,54.73243
15,51.520298
16,44.191113
17,33.249397
18,20.918974
19,10.580983
20,4.7374444
21,3.230925
22,4.7123675
23,7.588711
24,10.3394575
25,11.568546
26,9.8464985
27,3.3837302
28,-10.585703
29,-36.275143
30,-77.49292
31,-133.55307
32,-198.96503
33,-263.4421
34,-313.76294
35,-341.50092
36,-349.23376
37,-343.58325
38,-331.90482
39,-321.07544
40,-315.39816
41,-315.77576
42,-322.6021
43,-336.50757
44,-358.376
45,-389.38904
46,-431.07797
47,-13.190726
48,-1.8785782
49,-28.67137
50,-24.489866
51,-45.095104
52,-43.343956
53,-44.215813
54,-27.579157
55,-41.0
56,-26.0
57,-26.0
58,-26.0
59,-26.0
60,-26.0
61,-26.0
62,-41.0
63,-26.0
64,-41.0
65,-41.0
66,-41.0
67,-26.0
68,-41.0
69,-41.0
70,-26.0
71,-41.0
72,-41.0
73,-26.0
74,-26.0
75,-41.0
76,-26.0
77,-41.0
78,-41.0
79,-41.0
80,-26.0
81,-41.0
82,-26.0
83,-26.0
84,-24.434813
85,-21.182688
86,-36.479195
87,-75.33948
88,-24.065203
89,1.6057042
90,18.193071
91,29.192373
92,36.647038
93,41.79966
94,45.430275
95,48.05888
96,50.112434
97,51.943096
98,53.641533
99,54.88969
100,54.746456
101,51.714405
102,44.831036
103,34.61812
104,23.196514
105,13.722071
106,8.445014
107,7.0589
108,8.168536
109,10.210265
110,11.728065
111,11.368985
112,7.660452
113,-1.3742129
114,-18.849346
115,-49.426823
116,-97.17142
117,-166.04819
118,-239.6845
119,-306.578
120,-362.25232
121,-392.56082
122,-400.25177
123,-392.49933
124,-377.33398
125,-362.28094
126,-352.06955
127,-347.75565
128,-349.79324
129,-358.82712
130,-375.71948
131,-401.59872
132,-437.91876
133,1.8763539
134,-16.501759
135,-22.961119
136,-38.362648
137,-28.605215
138,-26.553852
139,-42.77074
140,-27.89573
141,-42.12104
142,-26.0
143,-26.0
144,-26.0
145,-26.0
146,-26.0
147,-26.0
148,-41.0
149,-26.0
150,-26.0
151,-41.0
152,-26.0
153,-26.0
154,-26.0
155,-26.0
156,-41.0
157,-26.0
158,-26.0
159,-41.0
160,-41.0
161,-26.0
162,-41.0
163,-26.0
164,-41.0
165,-26.0
166,-41.0
167,-26.0
168,-26.0
169,-22.639174
170,-31.15984
171,-30.946735
172,-31.79133
173,-33.871014
174,-22.608898
175,-43.130707
176,-45.47789
177,-41.0
178,-41.0
179,-41.0
180,-75.33933
181,-24.06285
182,1.6240535
183,18.261606
184,29.358332
185,36.955765
186,42.283188
187,46.10357
188,48.917328
189,51.11729
190,52.979713
191,54.464195
192,55.0722
193,53.67601
194,48.733967
195,39.55142
196,27.16789
197,14.364248
198,4.9018908
199,1.2782339
200,2.9849067
201,8.235333
202,15.0534115
203,21.710745
204,26.900969
205,29.677412
206,29.160967
207,23.921192
208,11.34646
209,-11.394859
210,-44.363876
211,-84.03825
212,-123.01246
213,-151.46806
214,-163.29626
215,-160.87848
216,-149.61903
217,-135.19179
218,-122.53175
219,-114.45817
220,-111.37646
221,-113.40839
222,-120.936554
223,-134.63184
224,-155.49539
225,-184.90611
226,-224.67363
227,-277.09738
228,-375.48465
229,-22.484959
230,-13.387499
231,-27.229816
232,-29.473375
233,-15.623023
234,-16.171953
235,-31.563972
236,-17.189299
237,-18.410637
238,-20.532682
239,-38.484646
240,-41.700382
241,-28.645166
242,-27.455475
243,-41.0
244,-26.0
245,-41.0
246,-26.0
247,-41.0
248,-26.0
249,-41.0
250,-41.0
251,-26.0
252,-26.0
253,-26.0
254,-26.0
255,-26.0
256,-26.0
257,-41.0
258,-26.0
259,-41.0
260,-36.99075
261,-13.455306
262,-10.615051
263,-8.706064
264,-22.799908
265,-7.919693
266,-9.304735
267,-12.254181
268,-32.07016
269,-38.82363
270,-45.381474
271,-45.508526
272,-41.0
273,-26.0
274,-26.0
275,-41.0
276,-26.0
277,-41.0
278,-41.0
279,-26.0
280,-41.0
281,-41.0
282,-41.0
283,-41.0
284,-41.0
285,-41.0
286,-41.0
287,-26.0
288,-41.0
289,-41.0
290,-75.33933
291,-24.064213
292,1.6122943
293,18.215015
294,29.23918
295,36.7262
296,41.914703
297,45.57923
298,48.232983
299,50.294415
300,52.104137
301,53.74561
302,54.915897
303,54.73085
304,51.78926
305,45.21862
306,35.587006
307,25.017366
308,16.61849
309,12.56687
310,12.520773
311,15.079817
312,18.704735
313,22.021492
314,23.869415
315,23.138824
316,18.425716
317,7.4116793
318,-13.646774
319,-48.354088
320,-96.36561
321,-152.79883
322,-208.19926
323,-250.36514
324,-271.59268
325,-274.40808
326,-265.10553
327,-250.57362
328,-237.09981
329,-228.51305
330,-225.56992
331,-228.57037
332,-238.03131
333,-254.71664
334,-279.68518
335,-314.34424
336,-360.50836
337,-420.4652
338,-21.354698
339,-31.38147
340,-36.967102
341,-20.375933
342,-22.121195
343,-22.78076
344,-22.915081
345,-23.010605
346,-38.47508
347,-24.67729
348,-26.92321
349,-43.062313
350,-41.112804
351,-41.0
352,-26.0
353,-26.0
354,-26.0
355,-26.0
356,-41.0
357,-26.0
358,-26.0
359,-26.0
360,-26.0
361,-26.0
362,-41.0
363,-26.0
364,-41.0
365,-26.0
366,-26.0
367,-26.0
368,-41.0
369,-41.0
370,-41.0
371,-23.549244
372,-17.15369
373,-13.776387
374,-13.401916
375,-13.970387
376,-15.782138
377,-34.21134
378,-24.65566
379,-29.911959
380,-29.197247
381,-26.0
382,-41.0
383,-26.0
384,-26.0
385,-26.0
386,-26.0
387,-41.0
388,-26.0
389,-75.33948
390,-24.065203
391,1.6044813
392,18.183208
393,29.151995
394,36.538006
395,41.57173
396,45.02761
397,47.425934
398,49.20576
399,50.770504
400,52.343685
401,53.889046
402,54.96703
403,54.717552
404,52.633366
405,49.33589
406,46.46023
407,45.86743
408,48.10094
409,51.673298
410,54.434654
411,54.55918
412,51.08807
413,44.240955
414,35.509033
415,27.426554
416,22.986471
417,24.454113
418,31.178268
419,39.461708
420,46.14464
421,49.93169
422,50.946712
423,49.515865
424,45.46649
425,38.474655
426,29.093493
427,19.16596
428,10.942832
429,5.776456
430,4.4118824
431,7.1237803
432,13.668681
433,23.24905
434,34.481388
435,45.363033
436,53.239338
437,48.63805
438,24.137386
439,-15.575486
440,-57.991074
441,-91.70319
442,-124.44949
443,-151.77386
444,-176.03004
445,-200.74748
446,-230.37027
447,-269.8309
448,-321.88583
449,-384.3555
450,3.1597009
451,-0.24452066
452,-2.9577322
453,-19.838894
454,-6.0341883
455,-6.682102
456,-21.89768
457,-6.8044868
458,-6.595317
459,-6.5419545
460,-6.883283
461,-22.85373
462,-24.635578
463,-11.997773
464,-14.139784
465,-15.315211
466,-14.856992
467,-27.389582
468,-8.465122
469,-19.274092
470,-15.335755
471,3.0620139
472,5.59983
473,-423.13583
474,-406.06302
475,-414.83002
476,3.847643
477,-15.360828
478,-6.2383733
479,-18.393064
480,-26.385466
481,-49.68984
482,-32.65053
483,-41.395462
484,-26.0
485,-26.0
486,-26.0
487,-26.0
488,-26.0
489,-26.0
490,-26.0
491,-26.0
492,-26.0
493,-26.0
494,-26.0
495,-41.0
496,-26.0
497,-26.0
498,-26.0
499,-26.0
500,-26.0
501,-41.0
502,-26.0
503,-41.0
504,-26.0
505,-26.0
506,-41.0
507,-26.0
508,-26.0
509,-26.0
510,-26.0
511,-26.0
512,-41.0
513,-41.0
514,-26.0
515,-26.0
516,-26.0
517,-26.0
518,-26.0
519,-26.0
520,-26.0
521,-26.0
522,-41.0
523,-41.0
524,-26.0
525,-26.0
526,-75.33933
527,-24.063965
528,1.6149299
529,18.22486
530,29.262796
531,36.76876
532,41.98201
533,45.681316
534,48.38636
535,50.516727
536,52.393513
537,54.040993
538,55.038895
539,54.328552
540,50.358818
541,42.28565
542,30.922258
543,18.808687
544,9.51854
545,5.512254
546,6.413045
547,10.616629
548,16.322718
549,21.930546
550,26.180227
551,28.077646
552,26.608227
553,20.136032
554,5.8274083
555,-19.213364
556,-54.765694
557,-96.8053
558,-137.37967
559,-166.25998
560,-177.28606
561,-173.17487
562,-159.74222
563,-143.00989
564,-128.13676
565,-118.01667
566,-113.02159
567,-113.20633
568,-118.86883
569,-130.58398
570,-149.2493
571,-176.13605
572,-212.94466
573,-261.86536
574,-355.47028
575,-5.994118
576,-11.712298
577,-10.397663
578,-27.512865
579,-28.55493
580,-14.003397
581,-29.287848
582,-14.786648
583,-15.852045
584,-17.779737
585,-20.507881
586,-23.505033
587,-26.332256
588,-28.324772
589,-27.955938
590,-26.0
591,-26.0
592,-26.0
593,-26.0
594,-41.0
595,-25.793335
596,-24.857374
597,-23.974129
598,-24.745678
599,-41.323418
600,-27.059954
601,-26.0
602,-41.0
603,-26.0
604,-25.7062
605,-36.827915
606,-14.193531
607,-25.240444
608,-7.0652595
609,-19.785543
610,-3.5230968
611,-3.316397
612,-4.3764753
613,-6.962554
614,-11.324551
615,-17.476704
616,-30.043354
617,-36.151005
618,-29.827374
619,-41.0
620,-41.0
621,-26.0
622,-26.0
623,-26.0
624,-26.0
625,-26.0
626,-26.0
627,-26.0
628,-26.0
629,-26.0
630,-41.0
631,-26.0
632,-26.0
633,-26.0
634,-26.0
635,-26.0
636,-26.0
637,-41.0
638,-26.0
639,-26.0
640,-26.0
641,-26.0
642,-26.0
643,-26.0
644,-26.0
645,-26.0
646,-41.0
647,-26.0
648,-26.0
649,-26.0
650,-26.0
651,-26.0
652,-26.0
653,-26.0
654,-26.0
655,-26.0
656,-75.33948
657,-24.065203
658,1.6042805
659,18.181776
660,29.145922
661,36.520462
662,41.531322
663,44.949493
664,47.295677
665,49.01729
666,50.535805
667,52.100586
668,53.70199
669,54.90732
670,54.79102
671,52.669483
672,48.934322
673,45.070465
674,43.0553
675,43.909016
676,46.80729
677,50.296406
678,53.134556
679,54.66013
680,54.917072
681,54.55123
682,54.41767
683,54.873264
684,54.801407
685,51.137688
686,40.95285
687,24.19226
688,4.6213436
689,-11.22046
690,-18.45602
691,-17.725117
692,-12.07704
693,-4.865229
694,1.1259604
695,4.448506
696,4.9793205
697,2.6604223
698,-2.8210118
699,-12.062908
700,-25.986868
701,-45.882366
702,-73.45885
703,-110.90687
704,-184.67671
705,-306.19077
706,-413.22415
707,-14.306397
708,-1.8645735
709,-18.343088
710,-4.170132
711,-4.739643
712,-5.4118433
713,-6.5297713
714,-8.386522
715,-10.965796
716,-28.832083
717,-16.590393
718,-18.851845
719,-20.254423
720,-20.729994
721,-20.576761
722,-19.996494
723,-34.123188
724,-33.086105
725,-17.089172
726,-16.409386
727,-16.256292
728,-16.83914
729,-33.31717
730,-20.373455
731,-22.070034
732,-22.61655
733,-36.347893
734,-32.984398
735,-13.334381
736,-23.768742
737,-4.689908
738,-16.246256
739,-13.680107
740,2.8250084
741,3.2123747
742,2.3052063
743,-15.114173
744,-4.2509513
745,-10.084194
746,-22.218475
747,-45.220848
748,-36.345592
749,-29.97508
750,-26.0
751,-26.0
752,-26.0
753,-26.0
754,-26.0
755,-26.0
756,-26.0
757,-26.0
758,-41.0
759,-26.0
760,-41.0
761,-26.0
762,-41.0
763,-26.0
764,-26.0
765,-26.0
766,-26.0
767,-41.0
768,-26.0
769,-41.0
770,-26.0
771,-41.0
772,-26.0
773,-26.0
774,-41.0
775,-26.0
776,-26.0
777,-26.0
778,-26.0
779,-26.0
780,-41.0
781,-26.0
782,-26.0
783,-26.0
784,-26.0
785,-26.0
786,-26.0
787,-26.0
788,-26.0
789,-26.0
790,-26.0
791,-41.0
792,-26.0
793,-26.0
794,-41.0
795,-26.0
796,-26.0
797,-26.0
798,-26.0
799,-41.0
800,-26.0
801,-75.33933
802,-24.064585
803,1.6094486
804,18.202478
805,29.201147
806,36.63365
807,41.726875
808,45.249516
809,47.717125
810,49.566666
811,51.19685
812,52.809437
813,54.29973
814,55.077457
815,54.06195
816,50.562744
817,45.150364
818,39.668682
819,36.560314
820,37.179104
821,40.69014
822,45.434654
823,49.870453
824,53.001945
825,54.560566
826,54.953648
827,54.942627
828,55.01658
829,54.515617
830,51.19072
831,42.963478
832,30.215305
833,16.498583
834,7.386862
835,6.430169
836,12.141084
837,21.16432
838,30.3677
839,37.704933
840,42.619743
841,45.57072
842,47.01787
843,47.197414
844,46.077793
845,43.30943
846,38.16907
847,29.49922
848,15.643758
849,-15.651434
850,-86.196304
851,-147.69154
852,-192.32742
853,-227.58496
854,-249.53548
855,-261.4128
856,-267.5779
857,-272.8717
858,-282.35162
859,-300.84518
860,-330.3634
861,-367.9728
862,-409.0315
863,4.009661
864,-12.3614645
865,1.9839803
866,1.8992287
867,-12.744892
868,2.9500759
869,3.8789582
870,4.8773403
871,-438.65076
872,-427.19547
873,-426.0957
874,-438.97052
875,-11.551003
876,-13.1277
877,0.92894214
878,1.2048693
879,3.1129515
880,-441.09546
881,-370.886
882,-299.5497
883,-237.90163
884,-192.80736
885,-166.59848
886,-158.41722
887,-168.45062
888,-199.197
889,-255.46591
890,-346.81403
891,-3.0917563
892,-25.818356
893,-33.739613
894,-26.182987
895,-47.27055
896,-30.391537
897,-28.823269
898,-25.797308
899,-25.454819
900,-25.892134
901,-26.351116
902,-26.0
903,-26.0
904,-26.0
905,-26.0
906,-41.0
907,-26.0
908,-26.0
909,-26.0
910,-26.0
911,-26.0
912,-26.0
913,-26.0
914,-26.0
915,-26.0
916,-41.0
917,-26.0
918,-26.0
919,-41.0
920,-26.0
921,-26.0
922,-26.0
923,-26.0
924,-26.0
925,-26.0
926,-26.0
927,-26.0
928,-26.0
929,-41.0
930,-26.0
931,-26.0
932,-26.0
933,-26.0
934,-41.0
935,-26.0
936,-26.0
937,-26.0
938,-26.0
939,-26.0
940,-41.0
941,-26.0
942,-26.0
943,-26.0
944,-26.0
945,-41.0
946,-26.0
947,-26.0
948,-26.0
949,-41.0
950,-26.0
951,-26.0
952,-26.0
953,-26.0
954,-26.0
955,-26.0
956,-26.0
957,-26.0
958,-41.0
959,-26.0
960,-26.0
961,-75.33948
962,-24.065203
963,1.6043848
964,18.182451
965,29.148888
966,36.52828
967,41.547546
968,44.977333
969,47.335102
970,49.05988
971,50.563625
972,52.094486
973,53.658447
974,54.86583
975,54.875946
976,53.123005
977,50.109802
978,47.33948
979,46.59478
980,48.472748
981,51.675983
982,54.301136
983,54.76827
984,52.311405
985,47.229614
986,40.90541
987,35.512142
988,33.4153
989,36.09054
990,42.368008
991,48.787315
992,52.943985
993,54.576286
994,54.805958
995,54.26027
996,52.03618
997,46.740456
998,37.87178
999,26.473696
1000,14.491041
1001,3.4360905
1002,-5.512745
1003,-11.398604
1004,-13.535922
1005,-11.559418
1006,-5.4770255
1007,4.274416
1008,16.768871
1009,36.370674
1010,48.51909
1011,54.641342
1012,50.446037
1013,46.129353
1014,43.62421
1015,43.003986
1016,43.5039
1017,44.15933
1018,44.06165
1019,42.33794
1020,38.350452
1021,32.211823
1022,24.659512
1023,17.129673
1024,11.569875
1025,9.404787
1026,10.649404
1027,14.693876
1028,20.702454
1029,27.720873
1030,34.662178
1031,40.48517
1032,44.614334
1033,46.89276
1034,47.359463
1035,46.34959
1036,44.918602
1037,44.610962
1038,46.915455
1039,51.65997
1040,54.883766
1041,50.461796
1042,29.63634
1043,3.1442149
1044,-23.604424
1045,-53.037327
1046,-74.10243
1047,-82.52408
1048,-75.96191
1049,-54.853607
1050,-24.022764
1051,8.171924
1052,29.379175
1053,45.286606
1054,55.232956
1055,52.009888
1056,45.833347
1057,42.472122
1058,45.52873
1059,50.45336
1060,51.628918
1061,51.109184
1062,48.986607
1063,44.88509
1064,38.51609
1065,30.053686
1066,20.323637
1067,10.803088
1068,3.4445798
1069,0.14667386
1070,1.3322514
1071,5.234887
1072,9.678438
1073,12.778627
1074,13.033396
1075,9.698062
1076,3.0238729
1077,-6.556177
1078,-18.454794
1079,-31.799768
1080,-45.595947
1081,-58.96391
1082,-70.96095
1083,-80.558556
1084,-86.86515
1085,-89.98622
1086,-91.54554
1087,-93.55503
1088,-98.09103
1089,-107.113754
1090,-121.14815
1091,-138.13588
1092,-155.02391
1093,-168.23766
1094,-174.27057
1095,-172.05981
1096,-164.35953
1097,-154.72073
1098,-146.47313
1099,-142.40767
1100,-143.5033
1101,-148.24254
1102,-154.59476
1103,-160.44733
1104,-163.57312
1105,-161.71819
1106,-152.7983
1107,-135.20773
1108,-108.2357
1109,-86.658394
1110,-86.130806
1111,-84.8935
1112,-83.96713
1113,-84.07012
1114,-85.93042
1115,-90.32177
1116,-98.1187
1117,-110.37098
1118,-128.39679
1119,-153.53873
1120,-185.23952
1121,-219.0006
1122,-248.15831
1123,-264.91388
1124,-262.27863
1125,-239.76288
1126,-205.70107
1127,-169.37627
1128,-138.21298
1129,-117.172356
1130,-107.22631
1131,-105.36184
1132,-108.38514
1133,-113.35407
1134,-117.42186
1135,-118.70614
1136,-116.956024
1137,-112.331184
1138,-105.049225
1139,-95.46324
1140,-84.41968
1141,-73.358
1142,-63.644665
1143,-56.434082
1144,-52.67047
1145,-52.79572
1146,-56.618774
1147,-63.944206
1148,-74.68625
1149,-88.74716
1150,-105.60669
1151,-123.94055
1152,-141.94038
1153,-157.45119
1154,-168.08084
1155,-171.40608
1156,-165.27171
1157,-148.17125
1158,-119.706085
1159,-105.968445
1160,-133.40643
1161,-155.40283
1162,-172.69545
1163,-185.86873
1164,-195.81268
1165,-203.61462
1166,-210.48445
1167,-217.71358
1168,-226.66643
1169,-238.61937
1170,-253.82164
1171,-270.7987
1172,-287.5537
1173,-301.90945
1174,-311.81122
1175,-316.7318
1176,-318.5414
1177,-319.65613
1178,-322.49493
1179,-329.10883
1180,-339.2366
1181,-349.00885
1182,-353.61688
1183,-348.227
1184,-329.08582
1185,-297.25372
1186,-259.83716
1187,-224.09857
1188,-195.82967
1189,-179.16443
1190,-175.00801
1191,-180.49234
1192,-192.3745
1193,-207.43672
1194,-222.2085
1195,-233.23941
1196,-237.48656
1197,-232.15211
1198,-214.94054
1199,-185.06711
1200,-145.94739
1201,-105.20875
1202,-69.370445
1203,-42.454746
1204,-26.516214
1205,-23.051067
1206,-35.31559
1207,-71.56622
1208,-154.248
1209,-265.96964
1210,-353.1172
1211,-427.4608
1212,1.0501148
1213,-1.1700298
1214,-2.474618
1215,-2.9465199
1216,-2.6741579
1217,-1.7447687
1218,-0.23834138
1219,1.7384061
1220,3.8891072
1221,5.712524
1222,-421.76266
1223,-415.55847
1224,-437.97552
1225,1.6378645
1226,-2.129681
1227,-5.346414
1228,-6.896127
1229,-5.899772
1230,-2.6396632
1231,1.524056
1232,-9.1874485
1233,-387.80627
1234,-320.1828
1235,-272.60184
1236,-241.33748
1237,-222.48485
1238,-213.14862
1239,-211.10924
1240,-214.64217
1241,-222.35814
1242,-232.93758
1243,-244.99715
1244,-257.20844
1245,-269.20102
1246,-282.2057
1247,-297.88254
1248,-318.02814
1249,-344.44202
1250,-377.88077
1251,-417.17792
1252,3.286605
1253,1.0198777
1254,-1.0619254
1255,-2.8153205
1256,-4.0979166
1257,-4.7745113
1258,-4.724603
1259,-6.0775514
1260,-10.33763
1261,-12.120996
1262,-13.210174
1263,-13.696703
1264,-13.674143
1265,-13.232826
1266,-12.455784
1267,-11.416522
1268,-10.178825
1269,-23.801104
1270,-7.351273
1271,-5.909537
1272,-4.5477953
1273,-3.33747
1274,-2.3532476
1275,-1.6716915
1276,-1.3715947
1277,-1.5387335
1278,-2.2665749
1279,-3.6126478
1280,-5.38037
1281,-7.029016
1282,-8.040373
1283,-22.937576
1284,-6.425859
1285,-3.9194648
1286,-1.4607884
1287,0.28571498
1288,0.75851893
1289,-0.60041
1290,-18.831581
1291,-8.161098
1292,-12.788097
1293,-16.804869
1294,-19.27418
1295,-19.982767
1296,-19.758398
1297,-19.226831
1298,-18.80146
1299,-18.77344
1300,-19.148176
1301,-19.666206
1302,-20.214415
1303,-20.72914
1304,-21.143723
1305,-21.390623
1306,-21.403873
1307,-21.121824
1308,-20.489914
1309,-22.066694
1310,-26.907919
1311,-27.761871
1312,-27.40652
1313,-26.121162
1314,-26.0
1315,-25.857126
1316,-24.764061
1317,-22.62625
1318,-20.971615
1319,-19.24066
1320,-17.420788
1321,-15.468809
1322,-13.371794
1323,-11.125258
1324,-8.7621155
1325,-6.504652
1326,-4.7478523
1327,-3.7936847
1328,-3.968522
1329,-5.5871816
1330,-8.52501
1331,-11.997904
1332,-15.2047825
1333,-17.285036
1334,-17.479465
1335,-15.879043
1336,-28.495779
1337,-10.936201
1338,-8.517562
1339,-6.4277945
1340,-4.5778065
1341,-2.636127
1342,-0.4286012
1343,2.1858401
1344,5.318763
1345,-399.8347
1346,-332.71677
1347,-274.61914
1348,-229.9435
1349,-201.10292
1350,-186.7295
1351,-181.28616
1352,-179.49919
1353,-176.95403
1354,-169.85394
1355,-155.08391
1356,-130.48625
1357,-95.37815
1358,-51.382084
1359,7.283069
1360,49.752728
1361,32.008995
1362,-11.423229
1363,-62.305527
1364,-107.449425
1365,-154.72592
1366,-200.92589
1367,-250.62747
1368,-310.74817
1369,-389.96558
1370,-500.75574
1371,-636.0646
1372,-6.439434
1373,-13.619298
1374,-20.930653
1375,-28.155167
1376,-35.067184
1377,-41.45697
1378,-47.13172
1379,-46.940865
1380,-50.913177
1381,-54.31651
1382,-57.44241
1383,-60.58377
1384,-64.00071
1385,-67.77422
1386,-71.74525
1387,-75.743454
1388,-79.60955
1389,-83.19453
1390,-86.40928
1391,-89.24569
1392,-91.69902
1393,-93.76082
1394,-95.42937
1395,-96.74214
1396,-97.78976
1397,-98.66529
1398,-99.460106
1399,-100.26522
1400,-101.165764
1401,-102.239075
1402,-103.564224
1403,-105.22339
1404,-107.30142
1405,-109.88505
1406,-113.06065
1407,-116.91041
1408,-121.507744
1409,-124.04463
1410,-122.163376
1411,-121.99685
1412,-122.40173
1413,-123.299995
1414,-124.61229
1415,-126.260506
1416,-128.16928
1417,-130.267
1418,-132.48589
1419,-134.77274
1420,-137.13841
1421,-139.67918
1422,-142.49748
1423,-145.69461
1424,-149.33496
1425,-153.25708
1426,-156.99112
1427,-160.05293
1428,-161.9718
1429,-162.35574
1430,-161.27066
1431,-159.40309
1432,-157.46597
1433,-156.14404
1434,-156.03526
1435,-157.23572
1436,-159.163
1437,-161.20978
1438,-162.80301
1439,-163.4336
1440,-162.95462
1441,-161.70905
1442,-160.06065
1443,-158.35156
1444,-156.88945
1445,-155.77425
1446,-154.82423
1447,-153.84726
1448,-152.66512
1449,-151.11421
1450,-149.11441
1451,-146.69841
1452,-143.90315
1453,-140.75998
1454,-137.29996
1455,-133.55388
1456,-129.552
1457,-125.324265
1458,-120.900116
1459,-119.92376
1460,-112.0217
1461,-106.4426
1462,-97.097984
1463,-93.737465
1464,-91.11029
1465,-88.965355
1466,-87.05105
1467,-85.11559
1468,-82.91182
1469,-80.24164
1470,-77.14295
1471,-73.97114
1472,-71.09104
1473,-68.850105
1474,-67.53377
1475,-67.073586
1476,-66.92131
1477,-66.507706
1478,-65.28543
1479,-62.788303
1480,-59.02122
1481,-54.62647
1482,-50.27147
1483,-46.59221
1484,-44.146423
1485,-43.04084
1486,-42.769077
1487,-42.795418
1488,-42.610897
1489,-41.75211
1490,-40.02333
1491,-37.592762
1492,-34.6457
1493,-31.350546
1494,-27.8744
1495,-24.378931
1496,-21.017672
1497,-17.941208
1498,-15.298808
1499,-13.224155
1500,-11.763026
1501,-10.841204
1502,-10.380501
1503,-10.319144
1504,-10.617173
1505,-11.258032
1506,-12.244153
1507,-13.591261
1508,-15.323028
1509,-17.477133
1510,-19.788189
1511,-21.798706
1512,-23.898333
1513,-26.313797
1514,-29.225845
1515,-32.762497
1516,-37.005787
1517,-42.0064
1518,-52.80169
1519,-59.3955
1520,-66.5945
1521,-73.936615
1522,-80.96542
1523,-87.25732
1524,-92.45556
1525,-91.50533
1526,-94.75302
1527,-97.57133
1528,-100.32784
1529,-103.3554
1530,-106.72475
1531,-110.15292
1532,-113.34408
1533,-116.02062
1534,-117.94368
1535,-119.09382
1536,-119.74782
1537,-120.19472
1538,-120.71009
1539,-121.53804
1540,-122.736374
1541,-124.10951
1542,-125.45068
1543,-126.563614
1544,-127.27112
1545,-127.5087
1546,-127.36525
1547,-126.93854
1548,-126.3228
1549,-125.61658
1550,-124.92437
1551,-124.355675
1552,-124.017845
1553,-124.01072
1554,-124.42243
1555,-125.32716
1556,-126.7861
1557,-128.8507
1558,-131.56673
1559,-133.60924
1560,-134.00763
1561,-135.8626
1562,-138.34958
1563,-141.2448
1564,-144.32898
1565,-147.3873
1566,-150.209
1567,-152.58694
1568,-154.31712
1569,-155.22359
1570,-155.28021
1571,-154.66258
1572,-153.55548
1573,-152.13547
1574,-150.57008
1575,-148.97052
1576,-147.37102
1577,-145.80305
1578,-144.30205
1579,-142.8938
1580,-141.54895
1581,-140.16335
1582,-138.62967
1583,-136.84392
1584,-134.72295
1585,-132.306
1586,-129.79846
1587,-127.41152
1588,-125.348076
1589,-123.78753
1590,-122.77475
1591,-122.17464
1592,-121.84995
1593,-121.672935
1594,-121.50725
1595,-121.19202
1596,-120.53473
1597,-119.34072
1598,-117.41613
1599,-114.60187
1600,-110.94304
1601,-106.76143
1602,-102.38911
1603,-98.14456
1604,-94.34596
1605,-91.31128
1606,-89.35844
1607,-88.80547
1608,-89.9709
1609,-89.89238
1610,-85.34205
1611,-82.084564
1612,-79.15992
1613,-76.55927
1614,-74.27369
1615,-72.29422
1616,-70.61187
1617,-69.2176
1618,-68.10228
1619,-67.24972
1620,-66.602806
1621,-66.04886
1622,-65.472626
1623,-64.760666
1624,-63.816303
1625,-62.650314
1626,-61.42063
1627,-60.29121
1628,-59.41946
1629,-58.938717
1630,-58.83914
1631,-58.916145
1632,-58.95733
1633,-58.760277
1634,-58.149525
1635,-57.102467
1636,-55.80348
1637,-54.446415
1638,-53.215782
1639,-52.269165
1640,-51.606087
1641,-51.011173
1642,-50.2594
1643,-49.135796
1644,-47.466446
1645,-45.315063
1646,-43.067677
1647,-41.12454
1648,-39.87088
1649,-39.640076
1650,-40.461433
1651,-41.949036
1652,-43.695293
1653,-45.310326
1654,-46.40399
1655,-46.586475
1656,-45.46876
1657,-42.663338
1658,-37.785133
1659,-33.96096
1660,-34.79998
1661,-34.506104
1662,-34.037308
1663,-33.441162
1664,-32.76515
1665,-32.056614
1666,-31.362782
1667,-30.73082
1668,-30.207811
1669,-29.832733
1670,-29.597908
1671,-29.432108
1672,-29.260296
1673,-29.008432
1674,-28.619991
1675,-28.159437
1676,-27.859592
1677,-27.961971
1678,-28.701803
1679,-30.269726
1680,-32.585915
1681,-35.19903
1682,-37.63831
1683,-39.451202
1684,-40.230717
1685,-39.82261
1686,-38.4151
1687,-36.21386
1688,-33.40953
1689,-30.19863
1690,-26.810894
1691,-23.520979
1692,-20.605497
1693,-18.339222
1694,-16.956018
1695,-16.449345
1696,-16.48293
1697,-16.70028
1698,-16.757862
1699,-16.344343
1700,-15.339373
1701,-13.883646
1702,-12.132616
1703,-10.229957
1704,-8.318647
1705,-6.541225
1706,-5.039834
1707,-3.9565105
1708,-3.4334223
1709,-6.5251412
1710,-19.066694
1711,-16.752405
1712,-16.730192
1713,-14.58844
1714,-10.90255
1715,-6.240118
1716,-1.1628442
1717,3.7726035
1718,-612.1185
1719,-538.9527
1720,-498.06677
1721,-482.585
1722,-485.79218
1723,-502.10904
1724,-526.3057
1725,-553.2804
1726,-578.042
1727,-595.3292
1728,-599.7091
1729,-586.5775
1730,-555.54803
1731,-512.02563
1732,-462.378
1733,-412.30157
1734,-366.49307
1735,-328.19147
1736,-299.21567
1737,-281.0028
1738,-275.10657
1739,-282.94797
1740,-302.9339
1741,-327.94135
1742,-348.72287
1743,-355.13074
1744,-338.4746
1745,-299.11798
1746,-249.13293
1747,-201.03249
1748,-164.13484
1749,-144.37828
1750,-142.93993
1751,-156.23895
1752,-180.61273
1753,-212.36938
1754,-246.88516
1755,-278.259
1756,-299.50934
1757,-303.31073
1758,-283.27353
1759,-261.8901
1760,-268.52383
1761,-264.2599
1762,-252.84448
1763,-237.73564
1764,-222.21532
1765,-209.26482
1766,-201.60188
1767,-201.87924
1768,-213.04494
1769,-238.27917
1770,-278.3555
1771,-328.708
1772,-381.92413
1773,-428.4331
1774,-457.87512
1775,-464.84686
1776,-452.84406
1777,-427.99423
1778,-396.55423
1779,-363.88797
1780,-332.075
1781,-299.11835
1782,-262.62268
1783,-220.88014
1784,-173.75267
1785,-125.3936
1786,-83.625885
1787,-53.91724
1788,-39.098854
1789,-41.217247
1790,-61.096626
1791,-95.574326
1792,-138.20682
1793,-178.04211
1794,-201.27858
1795,-200.60727
1796,-181.80379
1797,-154.2948
1798,-126.700134
1799,-105.432755
1800,-93.06202
1801,-88.49938
1802,-90.49373
1803,-98.2687
1804,-111.325615
1805,-129.28372
1806,-151.74696
1807,-178.19798
1808,-207.91916
1809,-236.82578
1810,-259.27356
1811,-278.5234
1812,-293.7457
1813,-304.19403
1814,-309.19443
1815,-308.17825
1816,-300.71878
1817,-286.56924
1818,-265.7068
1819,-238.87276
1820,-209.81992
1821,-185.79019
1822,-173.61314
1823,-179.85852
1824,-211.89041
1825,-273.392
1826,-356.80035
1827,-446.24713
1828,-518.45624
1829,-548.066
1830,-526.67773
1831,-473.4986
1832,-412.91074
1833,-365.4262
1834,-346.01837
1835,-359.49896
1836,-398.46152
1837,-453.0366
1838,-511.57913
1839,-560.7523
1840,-591.75446
1841,-605.56805
1842,-606.1862
1843,-598.1214
1844,-585.70764
1845,-571.1613
1846,-553.5941
1847,-531.591
1848,-503.9494
1849,-469.8669
1850,-429.64166
1851,-384.92206
1852,-337.58047
1853,-289.36792
1854,-241.86038
1855,-196.41454
1856,-154.13571
1857,-115.85837
1858,-82.13933
1859,-47.65834
1860,-13.861544
1861,3.7905962
1862,11.652207
1863,13.078186
1864,9.819785
1865,2.8986804
1866,-6.7457337
1867,-17.834162
1868,-28.552519
1869,-36.705124
1870,-40.594097
1871,-39.772842
1872,-34.363003
1873,-24.820713
1874,-12.062687
1875,2.0230913
1876,14.841691
1877,24.581173
1878,30.362316
1879,31.839375
1880,29.218115
1881,23.576077
1882,16.437357
1883,10.061016
1884,7.166845
1885,9.135877
1886,14.799428
1887,22.29439
1888,29.940613
1889,36.50643
1890,41.276405
1891,43.943165
1892,44.310513
1893,41.729652
1894,34.468117
1895,20.081142
1896,-2.5401073
1897,-32.112812
1898,-64.37589
1899,-92.66646
1900,-111.32858
1901,-119.02441
1902,-116.571686
1903,-105.743515
1904,-88.836395
1905,-68.305305
1906,-46.47466
1907,-25.324638
1908,-6.353817
1909,13.387056
1910,32.65374
1911,42.360912
1912,47.073215
1913,49.214676
1914,50.069565
1915,50.3487
1916,50.547543
1917,51.092045
1918,52.270634
1919,53.910027
1920,55.021202
1921,54.676483
1922,53.343815
1923,52.6212
1924,53.649696
1925,54.91375
1926,53.357044
1927,48.406246
1928,43.193058
1929,42.447037
1930,47.155254
1931,52.780605
1932,55.14089
1933,53.677143
1934,51.284416
1935,50.944572
1936,52.524715
1937,54.309387
1938,54.930916
1939,54.21321
1940,52.84801
1941,51.27717
1942,49.46741
1943,47.056538
1944,43.430912
1945,38.154068
1946,31.696552
1947,25.310593
1948,20.808794
1949,20.03689
1950,23.580442
1951,30.119968
1952,37.80839
1953,44.98454
1954,50.477146
1955,53.76795
1956,55.009037
1957,54.895332
1958,54.393013
1959,53.991234
1960,52.981953
1961,50.450127
1962,45.827477
1963,39.068336
1964,30.91404
1965,22.914146
1966,17.191223
1967,15.950091
1968,20.738413
1969,31.2598
1970,43.81735
1971,52.73726
1972,54.6696
1973,50.08012
1974,42.772602
1975,37.31135
1976,35.92753
1977,38.674618
1978,44.211468
1979,50.331116
1980,54.47464
1981,54.691833
1982,50.631508
1983,43.72644
1984,36.703236
1985,32.00613
1986,30.235943
1987,30.865948
1988,32.957397
1989,35.54585
1990,37.95499
1991,39.870857
1992,41.09537
1993,41.446598
1994,40.75092
1995,39.088707
1996,37.083843
1997,35.645252
1998,35.79775
1999,38.30661
2000,42.848866
2001,47.91114
2002,52.04017
2003,54.398235
2004,54.90917
2005,54.196297
2006,53.31162
2007,53.256775
2008,54.29651
2009,54.806374
2010,54.30094
2011,54.48029
2012,54.943047
2013,54.940876
2014,53.80635
2015,51.303303
2016,47.78598
2017,44.169968
2018,41.72183
2019,41.5754
2020,43.78524
2021,47.080196
2022,50.15652
2023,52.285294
2024,53.386654
2025,53.878883
2026,54.32459
2027,54.87416
2028,54.3772
2029,48.674374
2030,25.754276
2031,-7.3802876
2032,-49.19014
2033,-78.87963
2034,-88.12148
2035,-67.3621
2036,-32.302742
2037,0.1482602
2038,20.801992
2039,27.816412
2040,22.294523
2041,4.603539
2042,-25.962126
2043,-67.34226
2044,-112.626144
2045,-152.53026
2046,-179.78252
2047,-188.698
2048,-175.54593
2049,-140.27522
2050,-89.7666
2051,-41.82565
2052,2.5377588
2053,32.245724
2054,46.74223
2055,55.18559
2056,54.213673
2057,54.276466
2058,54.54483
2059,50.554432
2060,52.12731
2061,52.528225
2062,52.40826
2063,51.97221
2064,51.406082
2065,50.959385
2066,50.936802
2067,51.598736
2068,52.969772
2069,54.53824
2070,55.01459
2071,52.87213
2072,47.263466
2073,38.39614
2074,27.513338
2075,16.102243
2076,4.7966266
2077,-6.3681784
2078,-17.69923
2079,-29.6537
2080,-42.108788
2081,-53.685658
2082,-62.471085
2083,-66.421036
2084,-63.990402
2085,-56.085392
2086,-46.719536
2087,-40.00605
2088,-39.570442
2089,-48.951378
2090,-70.35735
2091,-102.56287
2092,-142.23055
2093,-183.72127
2094,-219.48747
2095,-243.68837
2096,-255.49947
2097,-256.0796
2098,-247.27217
2099,-231.30688
2100,-210.55856
2101,-187.35349
2102,-163.79227
2103,-141.65979
2104,-122.40351
2105,-107.174324
2106,-96.93243
2107,-92.617256
2108,-95.37987
2109,-105.32073
2110,-115.280334
2111,-114.994705
2112,-107.40761
2113,-95.67104
2114,-82.798935
2115,-71.40696
2116,-63.68729
2117,-61.612713
2118,-67.36561
2119,-83.543816
2120,-111.3532
2121,-148.00473
2122,-187.99377
2123,-223.4144
2124,-245.33275
2125,-249.4068
2126,-239.66772
2127,-222.43959
2128,-203.83401
2129,-188.91455
2130,-179.92152
2131,-175.69698
2132,-174.58002
2133,-175.0276
2134,-175.7686
2135,-176.9696
2136,-180.95427
2137,-190.62091
2138,-209.23732
2139,-240.20052
2140,-283.8272
2141,-333.8328
2142,-380.37643
2143,-411.4566
2144,-415.67978
2145,-391.09073
2146,-349.25528
2147,-303.55496
2148,-265.1025
2149,-241.91539
2150,-236.27478
2151,-244.05443
2152,-260.4448
2153,-280.63574
2154,-299.29636
2155,-310.53284
2156,-308.29605
2157,-287.2229
2158,-243.90088
2159,-214.26215
2160,-239.27684
2161,-262.7754
2162,-285.21347
2163,-306.0916
2164,-324.88586
2165,-341.0577
2166,-354.06662
2167,-363.38525
2168,-368.51556
2169,-369.00555
2170,-364.45816
2171,-354.54736
2172,-339.0621
2173,-317.94046
2174,-291.60614
2175,-262.38022
2176,-234.84549
2177,-213.34511
2178,-201.61618
2179,-202.65736
2180,-215.85457
2181,-234.55956
2182,-250.03264
2183,-252.69594
2184,-234.61992
2185,-197.33691
2186,-153.80812
2187,-116.248405
2188,-92.95537
2189,-89.234085
2190,-106.066216
2191,-137.82144
2192,-175.68488
2193,-207.1711
2194,-218.13196
2195,-202.51498
2196,-168.18594
2197,-126.098175
2198,-85.483345
2199,-52.353256
2200,-28.312271
2201,-11.604531
2202,-0.40074015
2203,6.624479
2204,10.389395
2205,11.486084
2206,10.254934
2207,6.85197
2208,1.3100271
2209,-8.380856
2210,-26.597189
2211,-53.412643
2212,-88.4398
2213,-130.08919
2214,-175.26738
2215,-219.37059
2216,-256.57748
2217,-280.44296
2218,-284.79132
2219,-265.76364
2220,-226.97043
2221,-180.32492
2222,-137.04861
2223,-104.95264
2224,-88.51604
2225,-87.873146
2226,-98.82746
2227,-116.86474
2228,-136.94606
2229,-153.33002
2230,-162.37544
2231,-164.92186
2232,-163.1093
2233,-159.21288
2234,-155.30531
2235,-152.26163
2236,-149.25296
2237,-145.12956
2238,-138.79947
2239,-129.34242
2240,-116.423744
2241,-100.48614
2242,-82.19424
2243,-62.279434
2244,-41.586678
2245,-21.286633
2246,-2.7798975
2247,12.916509
2248,25.30103
2249,34.366455
2250,40.60099
2251,44.764828
2252,47.483654
2253,49.206573
2254,50.24462
2255,50.804764
2256,51.019638
2257,50.972965
2258,50.720764
2259,50.17414
2260,49.712337
2261,50.53524
2262,52.078537
2263,53.64556
2264,54.68336
2265,54.940628
2266,54.520245
2267,53.82596
2268,53.403255
2269,53.643295
2270,54.36239
2271,54.92792
2272,55.02745
2273,54.882286
2274,54.899597
2275,54.94079
2276,54.0245
2277,50.823112
2278,44.162376
2279,33.39994
2280,18.846615
2281,2.1808267
2282,-13.688871
2283,-25.087303
2284,-28.540089
2285,-22.87213
2286,-10.277147
2287,5.9222736
2288,22.470423
2289,36.69327
2290,46.78396
2291,52.28724
2292,54.33474
2293,54.63927
2294,53.72751
2295,49.617874
2296,39.988533
2297,25.765104
2298,12.404476
2299,7.7049856
2300,15.086957
2301,29.710598
2302,44.392925
2303,53.515385
2304,54.77289
2305,49.685314
2306,42.85175
2307,39.944004
2308,44.442917
2309,48.76062
2310,45.993454
2311,44.228306
2312,43.75738
2313,44.55119
2314,46.364193
2315,48.800133
2316,51.3705
2317,53.5462
2318,54.802372
2319,54.66047
2320,52.800926
2321,49.326225
2322,44.876556
2323,40.534763
2324,37.52515
2325,36.434338
2326,36.701702
2327,37.401237
2328,37.621517
2329,36.577682
2330,34.034546
2331,30.742659
2332,27.922976
2333,27.051155
2334,29.360907
2335,34.5588
2336,40.608135
2337,45.719406
2338,49.01739
2339,50.42166
2340,50.36724
2341,49.57032
2342,48.814056
2343,49.053352
2344,50.914547
2345,53.53943
2346,55.02563
2347,54.63784
2348,53.34331
2349,52.92848
2350,53.98895
2351,54.929577
2352,53.47032
2353,47.989597
2354,38.275784
2355,25.813107
2356,13.608807
2357,5.564787
2358,5.3954177
2359,12.098019
2360,20.39373
2361,29.919348
2362,38.803238
2363,45.827324
2364,50.517696
2365,53.073845
2366,54.110504
2367,54.213745
2368,53.313766
2369,49.98077
2370,41.659374
2371,27.27197
2372,9.250662
2373,-6.298655
2374,-11.919806
2375,-5.0924706
2376,8.71909
2377,22.937038
2378,33.291954
2379,38.269012
2380,38.55671
2381,35.982426
2382,32.356194
2383,29.998413
2384,31.368551
2385,36.84276
2386,43.87748
2387,49.88106
2388,53.513794
2389,54.882397
2390,55.041393
2391,54.973495
2392,54.981365
2393,54.553993
2394,52.31725
2395,46.536465
2396,36.788036
2397,25.01613
2398,15.344464
2399,12.509877
2400,18.228025
2401,29.341778
2402,41.332363
2403,50.4726
2404,54.80076
2405,54.485924
2406,51.5745
2407,49.116333
2408,49.671074
2409,50.831264
2410,48.93953
2411,47.981567
2412,48.083454
2413,49.056503
2414,50.561317
2415,52.21057
2416,53.648926
2417,54.610638
2418,54.95595
2419,54.683117
2420,53.87332
2421,52.552475
2422,50.639843
2423,47.94416
2424,44.12621
2425,38.52151
2426,29.831367
2427,15.9276495
2428,-6.499278
2429,-42.0009
2430,-98.62341
2431,-162.66011
2432,-223.66719
2433,-275.9021
2434,-297.59375
2435,-282.36118
2436,-240.53351
2437,-186.74182
2438,-133.73682
2439,-90.04853
2440,-58.11226
2441,-35.592865
2442,-20.008787
2443,-9.543179
2444,-2.8098097
2445,1.6156124
2446,5.4602046
2447,10.302734
2448,17.366856
2449,27.066235
2450,38.05072
2451,47.56395
2452,53.50444
2453,55.118755
2454,53.067738
2455,49.187057
2456,45.936813
2457,45.54083
2458,48.816837
2459,50.881657
2460,47.890343
2461,46.52304
2462,46.831112
2463,48.17474
2464,49.802517
2465,51.14183
2466,51.869545
2467,51.76322
2468,50.33315
2469,46.33638
2470,37.920574
2471,24.151236
2472,6.014333
2473,-13.217204
2474,-28.631496
2475,-36.54783
2476,-37.03571
2477,-31.84587
2478,-23.178852
2479,-13.22993
2480,-3.9994125
2481,2.7942467
2482,5.7707424
2483,3.4789877
2484,-6.0110207
2485,-23.848387
2486,-47.848797
2487,-72.883766
2488,-91.25436
2489,-94.84471
2490,-81.57869
2491,-58.413452
2492,-33.514683
2493,-12.892277
2494,0.3137162
2495,6.404617
2496,8.283536
2497,8.695989
2498,10.134574
2499,14.648758
2500,22.27713
2501,30.697292
2502,37.82374
2503,42.559277
2504,44.501736
2505,43.12096
2506,36.401356
2507,18.946743
2508,-25.460087
2509,-70.67635
2510,-66.20784
2511,-64.72482
2512,-61.075905
2513,-55.61362
2514,-48.717472
2515,-40.77406
2516,-32.160492
2517,-23.230555
2518,-14.303402
2519,-5.6178546
2520,2.832097
2521,11.310735
2522,19.996557
2523,28.866072
2524,37.55236
2525,45.06711
2526,50.306347
2527,53.122257
2528,54.181213
2529,54.215748
2530,53.22991
2531,50.817753
2532,47.308224
2533,44.332333
2534,44.07591
2535,46.924694
2536,50.677437
2537,53.372177
2538,54.529728
2539,54.742046
2540,54.271408
2541,52.308445
2542,47.819187
2543,40.57564
2544,31.641077
2545,23.005173
2546,16.707638
2547,14.560401
2548,17.779394
2549,26.264025
2550,37.498997
2551,47.381298
2552,53.257824
2553,54.91257
2554,54.212914
2555,53.801937
2556,54.829918
2557,53.718586
2558,32.94683
2559,4.570282
2560,12.951724
2561,23.12632
2562,35.975742
2563,47.27156
2564,53.86228
2565,54.33172
2566,49.243748
2567,40.97388
2568,33.12656
2569,29.287697
2570,30.477322
2571,34.14837
2572,37.309532
2573,37.67386
2574,33.011917
2575,21.072699
2576,1.798474
2577,-21.673885
2578,-42.4424
2579,-51.802517
2580,-46.314816
2581,-31.837103
2582,-15.895715
2583,-4.2157264
2584,-0.37128153
2585,-5.579976
2586,-18.847866
2587,-38.92521
2588,-63.77196
2589,-90.1357
2590,-115.25419
2591,-138.89383
2592,-161.8055
2593,-185.09268
2594,-209.96251
2595,-236.59135
2596,-263.1669
2597,-287.11594
2598,-305.57086
2599,-315.9894
2600,-318.65704
2601,-318.14594
2602,-319.984
2603,-329.76666
2604,-353.54285
2605,-398.60132
2606,-474.66055
2607,-600.46606
2608,-5.9928885
2609,-11.901527
2610,-6.05725
2611,-6.6609116
2612,-7.437169
2613,-8.302292
2614,-9.172697
2615,-9.964818
2616,-10.595263
2617,-10.980779
2618,-11.038332
2619,-10.7128725
2620,-10.111148
2621,-9.561452
2622,-9.405598
2623,-9.97669
2624,-11.543796
2625,-13.995592
2626,-16.694416
2627,-18.96592
2628,-20.157795
2629,-19.712616
2630,-17.612297
2631,-14.569711
2632,-11.332413
2633,-8.610066
2634,-7.0510573
2635,-6.963677
2636,-8.190426
2637,-10.545007
2638,-13.859743
2639,-17.94334
2640,-22.46935
2641,-26.925571
2642,-30.789171
2643,-33.54799
2644,-34.756092
2645,-34.335842
2646,-32.7088
2647,-30.321117
2648,-27.594969
2649,-24.922272
2650,-22.524937
2651,-20.39444
2652,-18.510456
2653,-16.862862
2654,-15.441498
2655,-14.236084
2656,-13.236239
2657,-12.4313965
2658,-11.810807
2659,-9.633063
2660,-5.414291
2661,-4.4306192
2662,-5.2028427
2663,-7.2204123
2664,-9.964739
2665,-12.911574
2666,-15.534192
2667,-17.306046
2668,-17.702673
2669,-16.297396
2670,-13.215717
2671,-9.3310995
2672,-5.5530367
2673,-2.753837
2674,-1.6849035
2675,-2.3938396
2676,-3.9532244
2677,-5.3610845
2678,-5.6499496
2679,-3.9870567
2680,-0.3104749
2681,4.3969736
2682,-588.4422
2683,-503.60428
2684,-459.31213
2685,-458.2607
2686,-490.27576
2687,-543.90015
2688,-606.85016
2689,4.5397496
2690,2.741346
2691,1.3511281
2692,0.08160369
2693,-1.3351573
2694,-3.1279612
2695,-5.298302
2696,-7.5332246
2697,-9.496615
2698,-10.865177
2699,-11.355248
2700,-10.90889
2701,-9.776521
2702,-8.226876
2703,-6.5147276
2704,-4.8940167
2705,-3.6184268
2706,-2.9419
2707,-3.1194465
2708,-4.407792
2709,-5.788772
2710,-5.952971
2711,-6.8593607
2712,-8.077269
2713,-9.4796505
2714,-10.939176
2715,-12.328409
2716,-13.519922
2717,-14.38635
2718,-14.800477
2719,-14.661772
2720,-14.023199
2721,-13.147395
2722,-12.309051
2723,-11.773696
2724,-11.788223
2725,-12.489928
2726,-13.865419
2727,-15.89188
2728,-18.552607
2729,-21.802958
2730,-25.436295
2731,-29.023155
2732,-32.120422
2733,-34.295418
2734,-35.180626
2735,-34.780216
2736,-33.60299
2737,-32.18208
2738,-31.02655
2739,-30.595934
2740,-31.063704
2741,-32.212826
2742,-33.805264
2743,-35.619564
2744,-37.451797
2745,-39.20246
2746,-40.914692
2747,-42.639194
2748,-44.42026
2749,-46.29431
2750,-48.25187
2751,-50.22092
2752,-52.126396
2753,-53.89606
2754,-55.457745
2755,-56.73936
2756,-57.66885
2757,-58.17421
2758,-58.183437
2759,-55.02904
2760,-53.061913
2761,-45.499542
2762,-45.33544
2763,-47.13867
2764,-50.47524
2765,-54.907726
2766,-59.996117
2767,-70.299194
2768,-75.37565
2769,-74.82293
2770,-78.46151
2771,-81.414024
2772,-83.815956
2773,-85.78851
2774,-87.43439
2775,-88.750534
2776,-89.59052
2777,-89.80217
2778,-89.24025
2779,-87.792366
2780,-85.53692
2781,-82.81038
2782,-79.959175
2783,-77.31723
2784,-75.21053
2785,-73.91983
2786,-73.6646
2787,-74.66237
2788,-77.13404
2789,-81.22584
2790,-91.64737
2791,-97.51463
2792,-102.918144
2793,-101.97716
2794,-103.9152
2795,-103.5553
2796,-101.53129
2797,-98.508064
2798,-95.11117
2799,-91.92246
2800,-89.27233
2801,-87.15123
2802,-85.53641
2803,-84.42144
2804,-83.79985
2805,-83.66528
2806,-84.01132
2807,-84.83152
2808,-86.119545
2809,-84.524666
2810,-83.140396
2811,-75.57918
2812,-74.80131
2813,-75.389305
2814,-76.9234
2815,-78.98036
2816,-81.134026
2817,-82.956825
2818,-84.021255
2819,-83.96852
2820,-82.83416
2821,-81.187706
2822,-79.62101
2823,-78.701744
2824,-78.92832
2825,-80.39235
2826,-82.63308
2827,-85.16665
2828,-87.53548
2829,-89.322914
2830,-90.3457
2831,-90.73675
2832,-90.64252
2833,-90.19531
2834,-89.52042
2835,-88.69853
2836,-87.74955
2837,-86.691345
2838,-85.54501
2839,-84.32507
2840,-83.00687
2841,-81.5127
2842,-79.76272
2843,-77.67952
2844,-75.20234
2845,-72.36807
2846,-69.34558
2847,-66.30879
2848,-63.42489
2849,-60.85045
2850,-58.681503
2851,-56.932392
2852,-55.613716
2853,-54.73971
2854,-54.324356
2855,-54.38106
2856,-54.92102
2857,-55.95052
2858,-57.471016
2859,-57.640396
2860,-55.03181
2861,-53.739605
2862,-52.876926
2863,-52.286156
2864,-51.811035
2865,-51.297077
2866,-50.59176
2867,-49.54464
2868,-48.007256
2869,-45.844265
2870,-42.98702
2871,-39.456482
2872,-35.27885
2873,-30.477133
2874,-30.11012
2875,-24.439674
2876,-19.001543
2877,-9.342527
2878,-5.9965277
2879,-4.412825
2880,-4.537073
2881,-5.6174793
2882,-6.8502374
2883,-7.4547577
2884,-6.741534
2885,-4.555773
2886,-1.4722342
2887,1.8921931
2888,4.9551935
2889,-622.978
2890,-590.7876
2891,-576.8653
2892,-574.12585
2893,-575.9937
2894,-576.52277
2895,-573.0051
2896,-567.5965
2897,-563.4634
2898,-563.72095
2899,-571.1913
2900,-586.8888
2901,-609.024
2902,-635.1097
2903,-662.4729
2904,3.8530293
2905,3.0353935
2906,2.5732665
2907,2.5888495
2908,3.2035007
2909,1.814483
2910,-3.7247703
2911,-7.3978558
2912,-10.175898
2913,-12.149092
2914,-13.406481
2915,-14.036284
2916,-14.126331
2917,-13.764071
2918,-13.036777
2919,-12.028398
2920,-10.804516
2921,-9.405619
2922,-7.8706965
2923,-6.2397304
2924,-4.560895
2925,-2.9302557
2926,-1.509472
2927,-0.46441844
2928,0.04128494
2929,-0.12864815
2930,-0.9479752
2931,-2.165159
2932,-3.5114908
2933,-4.726324
2934,-5.570629
2935,-5.93251
2936,-5.874853
2937,-5.472352
2938,-4.792359
2939,-3.9087608
2940,-2.9349098
2941,-2.0382764
2942,-1.3898277
2943,-1.1585422
2944,-1.4801635
2945,-2.2944703
2946,-3.2701166
2947,-4.0557685
2948,-4.3107557
2949,-3.7405891
2950,-2.3162308
2951,-0.3713333
2952,1.7380482
2953,3.6719866
2954,5.091091
2955,-652.3339
2956,-662.7017
2957,2.842688
2958,-1.2316952
2959,-3.849978
2960,-1.4256641
2961,-0.6549578
2962,-0.4163406
2963,-0.58260703
2964,-1.0228237
2965,-1.6025532
2966,-2.1850564
2967,-2.6320724
2968,-2.8050485
2969,-2.590453
2970,-2.0162315
2971,-1.3040814
2972,-0.6911606
2973,-0.40961477
2974,-0.6570298
2975,-1.4143273
2976,-2.3615067
2977,-3.1579165
2978,-3.474839
2979,-3.0166368
2980,-1.6860325
2981,0.3408493
2982,2.8702214
2983,-659.6076
2984,-590.40826
2985,-524.63635
2986,-465.38058
2987,-415.01056
2988,-375.40497
2989,-347.7048
2990,-330.4503
2991,-318.69986
2992,-307.15546
2993,-290.8845
2994,-266.01617
2995,-232.64165
2996,-195.72667
2997,-160.37987
2998,-130.49869
2999,-108.51754
3000,-94.23135
3001,-84.67225
3002,-76.793846
3003,-67.933334
3004,-55.797665
3005,-38.718224
3006,-16.17014
3007,10.441561
3008,31.727272
3009,46.87283
3010,38.673397
3011,35.286507
3012,36.89078
3013,41.93659
3014,48.014374
3015,52.863125
3016,55.046947
3017,54.29994
3018,51.539093
3019,48.461422
3020,46.37869
3021,45.166332
3022,43.946484
3023,41.527084
3024,36.348503
3025,27.136251
3026,14.618259
3027,1.6290576
3028,-7.256717
3029,-7.374532
3030,1.8352526
3031,15.380559
3032,28.123354
3033,37.05394
3034,41.314552
3035,41.481525
3036,38.55519
3037,33.170147
3038,26.23486
3039,19.28674
3040,13.600155
3041,9.087699
3042,5.1072645
3043,0.83732724
3044,-4.6556015
3045,-12.233249
3046,-22.5575
3047,-36.378696
3048,-54.652546
3049,-78.41659
3050,-107.83106
3051,-141.02411
3052,-174.74622
3053,-204.72801
3054,-226.00943
3055,-233.5387
3056,-223.01337
3057,-191.9462
3058,-140.96237
3059,-92.617424
3060,-71.06422
3061,-56.922436
3062,-49.2993
3063,-47.537132
3064,-51.447884
3065,-61.29848
3066,-77.795166
3067,-102.06572
3068,-135.63945
3069,-180.03555
3070,-234.34937
3071,-292.37045
3072,-344.26025
3073,-378.0232
3074,-382.69943
3075,-357.37726
3076,-314.99182
3077,-270.07266
3078,-234.43143
3079,-216.39894
3080,-217.83911
3081,-232.96288
3082,-254.638
3083,-275.0223
3084,-285.97644
3085,-283.36414
3086,-269.94006
3087,-250.10037
3088,-228.04837
3089,-207.414
3090,-190.62952
3091,-178.81601
3092,-172.85117
3093,-173.73666
3094,-182.46593
3095,-198.64883
3096,-219.30779
3097,-240.44681
3098,-257.4613
3099,-265.79993
3100,-263.83163
3101,-254.55733
3102,-241.98366
3103,-229.91261
3104,-221.8635
3105,-221.20508
3106,-231.51567
3107,-257.17108
3108,-304.16748
3109,-329.20416
3110,-277.06744
3111,-234.37416
3112,-198.15659
3113,-167.381
3114,-141.16621
3115,-118.75747
3116,-99.50562
3117,-82.85085
3118,-68.30936
3119,-55.625275
3120,-45.488415
3121,-39.786366
3122,-40.616226
3123,-50.641544
3124,-73.51381
3125,-111.423676
3126,-160.74275
3127,-212.87
3128,-254.88432
3129,-272.93097
3130,-263.60446
3131,-239.89743
3132,-217.33765
3133,-209.43597
3134,-228.08717
3135,-279.79584
3136,-360.1301
3137,-2.7533782
3138,-2.797311
3139,-6.0724344
3140,-7.189868
3141,-6.8471146
3142,-20.68109
3143,-4.1466894
3144,-2.5700939
3145,-16.035246
3146,0.5908618
3147,-12.637247
3148,4.3025913
3149,-435.907
3150,-392.457
3151,-351.31992
3152,-315.30353
3153,-286.68213
3154,-267.3738
3155,-259.22168
3156,-264.3824
3157,-285.8191
3158,-327.89337
3159,-313.25146
3160,-191.98473
3161,-124.94165
3162,-87.086266
3163,-76.523575
3164,-81.93146
3165,-99.97713
3166,-128.27133
3167,-163.90009
3168,-202.54805
3169,-238.65881
3170,-268.12985
3171,-290.8176
3172,-307.96045
3173,-321.18646
3174,-332.18655
3175,-341.66092
3176,-348.65225
3177,-351.83878
3178,-349.9306
3179,-342.08383
3180,-329.67047
3181,-317.091
3182,-309.10052
3183,-310.29004
3184,-325.00705
3185,-355.19714
3186,-398.54874
3187,3.547942
3188,0.55440503
3189,-2.152508
3190,-4.249076
3191,-5.4283776
3192,-5.415696
3193,-4.0001287
3194,-1.1337961
3195,2.760918
3196,6.905947
3197,-365.81815
3198,-300.4838
3199,-256.78726
3200,-235.39548
3201,-231.39479
3202,-240.20493
3203,-258.06644
3204,-281.24414
3205,-305.5585
3206,-326.2179
3207,-337.95544
3208,-335.473
3209,-313.76254
3210,-289.90515
3211,-299.4278
3212,-334.0708
3213,-388.07043
3214,3.0871754
3215,-15.524878
3216,-3.3413801
3217,-4.730799
3218,-19.139103
3219,-1.3232528
3220,3.0974188
3221,-430.4742
3222,-340.73895
3223,-270.75272
3224,-229.19788
3225,-216.2774
3226,-224.63403
3227,-247.23683
3228,-277.32925
3229,-307.87497
3230,-335.68893
3231,-365.14404
3232,-403.05417
3233,-11.790003
3234,-1.2921908
3235,-7.1656938
3236,-18.830244
3237,-40.600304
3238,-31.644197
3239,-30.290148
3240,-44.1035
3241,-26.0
3242,-26.0
3243,-26.0
3244,-26.0
3245,-26.0
3246,-25.438301
3247,-23.65638
3248,-22.740852
3249,-24.389751
3250,-41.819283
3251,-27.431616
3252,-26.0
3253,-26.0
3254,-26.0
3255,-26.0
3256,-26.0
3257,-26.0
3258,-26.0
3259,-26.0
3260,-26.0
3261,-26.0
3262,-26.0
3263,-26.0
3264,-26.0
3265,-41.0
3266,-26.0
3267,-26.0
3268,-26.0
3269,-41.0
3270,-26.0
3271,-26.0
3272,-26.0
3273,-41.0
3274,-26.0
3275,-26.0
3276,-41.0
3277,-26.0
3278,-26.0
3279,-26.0
3280,-26.0
3281,-26.0
3282,-26.0
3283,-26.0
3284,-26.0
3285,-26.0
3286,-26.0
3287,-26.0
3288,-26.0
3289,-26.0
3290,-26.0
3291,-26.0
3292,-26.0
3293,-41.0
3294,-26.0
3295,-26.0
3296,-26.0
3297,-26.0
3298,-26.0
3299,-26.0
3300,-41.0
3301,-26.0
3302,-26.0
3303,-26.0
3304,-26.0
3305,-26.0
3306,-41.0
3307,-26.0
3308,-26.0
3309,-26.0
3310,-26.0
3311,-26.0
3312,-26.0
3313,-26.0
3314,-41.0
3315,-26.0
3316,-26.0
3317,-26.0
3318,-26.0
3319,-26.0
3320,-26.0
3321,-26.0
3322,-26.0
3323,-26.0
3324,-26.0
3325,-26.0
3326,-26.0
3327,-26.0
3328,-26.0
3329,-26.0
3330,-26.0
3331,-41.0
3332,-26.0
3333,-26.0
3334,-24.866068
3335,-36.204224
3336,-17.854221
3337,-31.130226
3338,-14.622423
3339,-28.407469
3340,-12.590764
3341,-12.305058
3342,-12.689065
3343,-13.900127
3344,-16.075125
3345,-19.089607
3346,-22.448332
3347,-75.33948
3348,-24.065203
3349,1.6042806
3350,18.182028
3351,29.147902
3352,36.528595
3353,41.553394
3354,44.995182
3355,47.372707
3356,49.124794
3357,50.658043
3358,52.20645
3359,53.756012
3360,54.905174
3361,54.836876
3362,53.06039
3363,50.168324
3364,47.70345
3365,47.372253
3366,49.568302
3367,52.75104
3368,54.800804
3369,53.99106
3370,49.51819
3371,41.789345
3372,32.46989
3373,24.192795
3374,19.941343
3375,21.873564
3376,29.162134
3377,37.94549
3378,44.998455
3379,49.0011
3380,50.01758
3381,48.29188
3382,43.616642
3383,35.658745
3384,24.993378
3385,13.532369
3386,3.617221
3387,-3.331518
3388,-6.473503
3389,-5.376841
3390,-0.05159825
3391,9.014688
3392,20.81486
3393,33.775784
3394,45.704952
3395,49.929367
3396,41.08915
3397,16.09726
3398,-7.837938
3399,-34.471283
3400,-56.460934
3401,-74.02638
3402,-88.97079
3403,-104.0687
3404,-122.81836
3405,-149.12935
3406,-185.27512
3407,-229.6582
3408,-278.74515
3409,-327.60168
3410,-370.38013
3411,-402.8508
3412,-424.51633
3413,-436.2063
3414,-439.18796
3415,-435.17947
3416,-427.00015
3417,-418.8604
3418,-415.13455
3419,-420.1696
3420,-437.73346
3421,3.2704427
3422,1.6324459
3423,0.71474314
3424,1.1044343
3425,3.2053053
3426,-436.15356
3427,-360.5148
3428,-283.4884
3429,-216.20915
3430,-165.44455
3431,-133.00316
3432,-117.266014
3433,-117.39036
3434,-134.55432
3435,-172.0439
3436,-233.178
3437,-322.99463
3438,-428.50433
3439,-7.4357285
3440,-28.295975
3441,-12.885758
3442,-30.443722
3443,-15.311209
3444,-27.17202
3445,-9.099905
3446,-9.89117
3447,-11.054109
3448,-12.777136
3449,-14.90281
3450,-17.22771
3451,-34.510303
3452,-21.476847
3453,-37.83346
3454,-23.291643
3455,-22.682333
3456,-21.313732
3457,-19.910572
3458,-18.867256
3459,-33.432354
3460,-18.803892
3461,-19.915047
3462,-21.40952
3463,-23.095121
3464,-24.811914
3465,-26.384369
3466,-27.451157
3467,-27.139101
3468,-26.0
3469,-26.0
3470,-26.0
3471,-26.0
3472,-26.0
3473,-26.0
3474,-41.0
3475,-26.0
3476,-26.0
3477,-26.0
3478,-26.0
3479,-26.0
3480,-26.0
3481,-26.0
3482,-26.0
3483,-26.0
3484,-41.0
3485,-26.0
3486,-26.0
3487,-26.0
3488,-26.0
3489,-26.0
3490,-41.0
3491,-26.0
3492,-26.0
3493,-26.0
3494,-25.360281
3495,-24.52102
3496,-25.32661
3497,-25.274343
3498,-25.394049
3499,-25.755444
3500,-26.288177
3501,-26.410051
3502,-41.0
3503,-26.0
3504,-26.0
3505,-26.0
3506,-26.0
3507,-26.0
3508,-26.0
3509,-26.0
3510,-26.0
3511,-26.0
3512,-26.0
3513,-26.0
3514,-26.0
3515,-26.0
3516,-26.0
3517,-26.0
3518,-26.0
3519,-26.0
3520,-26.0
3521,-26.0
3522,-26.0
3523,-26.0
3524,-26.0
3525,-26.0
3526,-41.0
3527,-41.0
3528,-26.0
3529,-41.0
3530,-41.0
3531,-26.0
3532,-26.0
3533,-26.0
3534,-26.0
3535,-41.0
3536,-26.0
3537,-26.0
3538,-26.0
3539,-26.0
3540,-26.0
3541,-41.0
3542,-26.0
3543,-26.0
3544,-26.0
3545,-26.0
3546,-26.0
3547,-26.0
3548,-41.0
3549,-26.0
3550,-26.0
3551,-26.0
3552,-26.0
3553,-26.0
3554,-26.0
3555,-26.0
3556,-41.0
3557,-26.0
3558,-26.0
3559,-26.0
3560,-26.0
3561,-26.0
3562,-26.0
3563,-26.0
3564,-41.0
3565,-26.0
3566,-41.0
3567,-26.0
3568,-26.0
3569,-26.0
3570,-26.0
3571,-26.0
3572,-26.0
3573,-41.0
3574,-26.0
3575,-26.0
3576,-26.0
3577,-26.0
3578,-41.0
3579,-26.0
3580,-41.0
3581,-26.0
3582,-41.0
3583,-26.0
3584,-26.0
3585,-26.0
3586,-26.0
3587,-26.0
3588,-26.0
3589,-26.0
3590,-75.33948
3591,-24.065203
3592,1.605399
3593,18.190886
3594,29.18313
3595,36.620617
3596,41.740143
3597,45.320824
3598,47.890236
3599,49.88895
3600,51.686794
3601,53.39954
3602,54.75792
3603,54.91976
3604,52.53326
3605,46.76992
3606,38.243572
3607,29.086926
3608,22.331795
3609,20.01653
3610,21.69841
3611,25.890234
3612,31.006798
3613,35.739323
3614,39.177216
3615,40.7061
3616,39.682743
3617,34.808563
3618,23.473597
3619,2.5795643
3620,-28.42251
3621,-66.34179
3622,-103.94144
3623,-131.49191
3624,-142.83208
3625,-140.11353
3626,-128.55861
3627,-113.69284
3628,-100.27733
3629,-90.97564
3630,-86.1192
3631,-85.74148
3632,-90.09794
3633,-99.70441
3634,-115.38433
3635,-138.3206
3636,-170.11191
3637,-212.83623
3638,-297.0264
3639,-434.67313
3640,-22.469353
3641,-6.038098
3642,-8.0918255
3643,-9.109857
3644,-9.547437
3645,-9.811085
3646,-10.261642
3647,-11.238014
3648,-28.026947
3649,-15.5858345
3650,-18.434656
3651,-21.16084
3652,-23.356579
3653,-24.635963
3654,-24.937252
3655,-24.60272
3656,-23.85338
3657,-22.83103
3658,-36.67111
3659,-20.588358
3660,-19.869139
3661,-19.715635
3662,-20.33049
3663,-21.866432
3664,-23.96419
3665,-25.606777
3666,-25.96794
3667,-39.37342
3668,-20.598385
3669,-15.614532
3670,-10.912736
3671,-6.8278556
3672,-18.4239
3673,-0.8969462
3674,0.591974
3675,0.9922941
3676,0.116010875
3677,-2.2666495
3678,-6.3716063
3679,-12.182902
3680,-24.302933
3681,-47.301876
3682,-31.967752
3683,-28.184141
3684,-26.0
3685,-26.0
3686,-26.0
3687,-26.0
3688,-26.0
3689,-26.0
3690,-26.0
3691,-26.0
3692,-26.0
3693,-26.0
3694,-26.0
3695,-26.0
3696,-26.0
3697,-26.0
3698,-26.0
3699,-26.0
3700,-26.0
3701,-26.0
3702,-26.0
3703,-26.0
3704,-26.0
3705,-26.0
3706,-26.0
3707,-26.0
3708,-26.0
3709,-41.0
3710,-41.0
3711,-26.0
3712,-26.0
3713,-26.0
3714,-26.0
3715,-26.0
3716,-41.0
3717,-26.0
3718,-26.0
3719,-41.0
3720,-26.0
3721,-26.0
3722,-26.0
3723,-26.0
3724,-41.0
3725,-26.0
3726,-26.0
3727,-26.0
3728,-26.0
3729,-26.0
3730,-26.0
3731,-26.0
3732,-26.0
3733,-26.0
3734,-26.0
3735,-26.0
3736,-26.0
3737,-26.0
3738,-26.0
3739,-26.0
3740,-26.0
3741,-26.0
3742,-26.0
3743,-26.0
3744,-26.0
3745,-26.0
3746,-26.0
3747,-41.0
3748,-26.0
3749,-26.0
3750,-26.0
3751,-75.33948
3752,-24.065203
3753,1.6042805
3754,18.181776
3755,29.145922
3756,36.520523
3757,41.53183
3758,44.95097
3759,47.296345
3760,49.008003
3761,50.498737
3762,52.017807
3763,53.578384
3764,54.8158
3765,54.938545
3766,53.433372
3767,50.822124
3768,48.54864
3769,48.22974
3770,50.23912
3771,53.114304
3772,54.860054
3773,53.885296
3774,49.505165
3775,42.198025
3776,33.622463
3777,26.30716
3778,23.029099
3779,25.661896
3780,33.140816
3781,41.592155
3782,47.98325
3783,51.33774
3784,52.079777
3785,50.52165
3786,46.067017
3787,37.810505
3788,25.779202
3789,11.539178
3790,-2.5984874
3791,-14.999725
3792,-24.441576
3793,-29.961542
3794,-30.91155
3795,-27.009392
3796,-18.386751
3797,-5.6452193
3798,10.062535
3799,33.210472
3800,48.102184
3801,49.557156
3802,48.932407
3803,42.032608
3804,36.314396
3805,32.207493
3806,29.04353
3807,25.602
3808,20.277592
3809,11.071672
3810,-3.6639862
3811,-23.91968
3812,-48.40583
3813,-74.574684
3814,-98.86814
3815,-118.374985
3816,-132.41875
3817,-141.26353
3818,-145.53394
3819,-146.18492
3820,-144.89772
3821,-144.27492
3822,-147.0981
3823,-156.28171
3824,-174.6304
3825,-202.07748
3826,-232.87743
3827,-258.5864
3828,-269.4883
3829,-257.1543
3830,-221.57236
3831,-173.5246
3832,-124.43285
3833,-82.613686
3834,-52.675213
3835,-35.435825
3836,-29.556675
3837,-34.79519
3838,-53.042397
3839,-88.506386
3840,-145.98883
3841,-232.52573
3842,-336.8156
3843,-2.9159405
3844,-9.531477
3845,-14.950312
3846,-13.40097
3847,-14.168167
3848,-11.82969
3849,-9.336633
3850,-10.61788
3851,-12.322232
3852,-14.594974
3853,-17.25593
3854,-20.080685
3855,-22.804022
3856,-25.12292
3857,-26.70844
3858,-27.237106
3859,-26.527828
3860,-39.951702
3861,-23.345848
3862,-22.141417
3863,-21.58048
3864,-36.838814
3865,-22.80474
3866,-24.07399
3867,-25.450031
3868,-26.778517
3869,-27.221786
3870,-26.303522
3871,-26.0
3872,-26.0
3873,-26.0
3874,-26.0
3875,-26.0
3876,-26.0
3877,-26.0
3878,-26.0
3879,-26.0
3880,-26.0
3881,-26.0
3882,-26.0
3883,-26.0
3884,-41.0
3885,-26.0
3886,-25.63626
3887,-38.998535
3888,-22.090343
3889,-21.945894
3890,-22.313675
3891,-22.77943
3892,-23.138035
3893,-23.230892
3894,-22.889597
3895,-21.956118
3896,-20.301968
3897,-17.84118
3898,-14.529572
3899,-13.151077
3900,-15.281456
3901,-15.117428
3902,-15.091116
3903,-15.268704
3904,-15.719561
3905,-16.518597
3906,-17.74921
3907,-19.50756
3908,-21.909637
3909,-25.035713
3910,-28.360958
3911,-28.835983
3912,-41.0
3913,-26.0
3914,-26.0
3915,-26.0
3916,-26.0
3917,-24.146883
3918,-20.273043
3919,-19.97529
3920,-35.95539
3921,-37.286755
3922,-23.68004
3923,-24.87802
3924,-25.60432
3925,-40.79499
3926,-25.643679
3927,-25.222813
3928,-24.556904
3929,-23.68908
3930,-22.759203
3931,-21.98717
3932,-21.505009
3933,-21.42204
3934,-36.83792
3935,-22.745356
3936,-39.022705
3937,-25.627966
3938,-27.275908
3939,-27.438232
3940,-26.0
3941,-26.0
3942,-26.0
3943,-41.0
3944,-26.0
3945,-26.0
3946,-26.0
3947,-26.0
3948,-26.0
3949,-26.0
3950,-26.0
3951,-41.0
3952,-41.0
3953,-26.0
3954,-26.0
3955,-26.0
3956,-26.0
3957,-26.0
3958,-26.0
3959,-26.0
3960,-26.0
3961,-26.0
3962,-26.0
3963,-26.0
3964,-26.0
3965,-26.0
3966,-26.0
3967,-26.0
3968,-26.0
3969,-26.0
3970,-26.0
3971,-26.0
3972,-26.0
3973,-26.0
3974,-26.0
3975,-26.0
3976,-26.0
3977,-26.0
3978,-26.0
3979,-26.0
3980,-26.0
3981,-41.0
3982,-26.0
3983,-26.0
3984,-26.0
3985,-26.0
3986,-41.0
3987,-26.0
3988,-26.0
3989,-26.0
3990,-38.357056
3991,-16.762476
3992,-13.125207
3993,-11.314718
3994,-10.62685
3995,-11.549757
3996,-14.783623
3997,-21.376986
3998,-35.036076
3999,-31.714731
4000,-26.0
4001,-26.0
4002,-26.0
4003,-26.0
4004,-26.0
4005,-26.0
4006,-41.0
4007,-26.0
4008,-26.0
4009,-26.0
4010,-26.0
4011,-26.0
4012,-26.0
4013,-26.0
4014,-26.0
4015,-26.0
4016,-26.0
4017,-26.0
4018,-26.0
4019,-26.0
4020,-26.0
4021,-26.0
4022,-26.0
4023,-41.0
4024,-26.0
4025,-41.0
4026,-26.0
4027,-26.0
4028,-26.0
4029,-26.0
4030,-41.0
4031,-26.0
4032,-26.0
4033,-26.0
4034,-26.0
4035,-26.0
4036,-26.0
4037,-41.0
4038,-26.0
4039,-26.0
4040,-26.0
4041,-41.0
4042,-41.0
4043,-26.0
4044,-26.0
4045,-26.0
4046,-26.0
4047,-26.0
4048,-26.0
4049,-26.0
4050,-26.0
4051,-26.0
4052,-26.0
4053,-26.0
4054,-26.0
4055,-26.0
4056,-26.0
4057,-26.0
4058,-26.0
4059,-26.0
4060,-26.0
4061,-26.0
4062,-26.0
4063,-26.0
4064,-26.0
4065,-26.0
4066,-26.0
4067,-41.0
4068,-26.0
4069,-26.0
4070,-41.0
4071,-75.33948
4072,-24.065203
4073,1.6042805
4074,18.181776
4075,29.145922
4076,36.520466
4077,41.531372
4078,44.94927
4079,47.292133
4080,48.99992
4081,50.4858
4082,52.000343
4083,53.560276
4084,54.806084
4085,54.94609
4086,53.457478
4087,50.85397
4088,48.582706
4089,48.2719
4090,50.298546
4091,53.17907
4092,54.87703
4093,53.77568
4094,49.22027
4095,41.78874
4096,33.284157
4097,26.365423
4098,23.843943
4099,27.447393
4100,35.785057
4101,44.667534
4102,50.946053
4103,53.888966
4104,54.63061
4105,54.39621
4106,53.131836
4107,50.111702
4108,45.160892
4109,39.225285
4110,33.833733
4111,30.043133
4112,28.508358
4113,29.553211
4114,33.117256
4115,38.703167
4116,45.326004
4117,51.461746
4118,54.993034
4119,46.06989
4120,18.551147
4121,-19.94144
4122,-53.176018
4123,-85.80115
4124,-111.35926
4125,-130.90933
4126,-147.02628
4127,-163.18053
4128,-183.4953
4129,-212.38672
4130,-252.23128
4131,-300.9991
4132,-354.65417
4133,-407.79044
4134,3.538154
4135,2.026459
4136,1.1527145
4137,0.7900789
4138,0.833928
4139,1.173981
4140,1.6385512
4141,1.98122
4142,-13.024761
4143,1.3963593
4144,0.06863179
4145,-1.8238789
4146,-3.5969038
4147,-4.5852857
4148,-4.1839194
4149,-1.9986398
4150,-13.352043
4151,5.8385353
4152,-382.76114
4153,-307.79565
4154,-250.61278
4155,-214.05978
4156,-197.0309
4157,-199.11394
4158,-221.95337
4159,-269.25598
4160,-344.28802
4161,-451.24216
4162,-8.90239
4163,-15.727988
4164,-21.972221
4165,-21.824423
4166,-24.370283
4167,-23.806942
4168,-34.8348
4169,-16.392199
4170,-17.829443
4171,-19.392717
4172,-21.427414
4173,-23.786469
4174,-26.257513
4175,-28.044062
4176,-27.558605
4177,-26.0
4178,-26.0
4179,-26.0
4180,-26.0
4181,-26.0
4182,-25.970568
4183,-25.12037
4184,-23.816734
4185,-39.673492
4186,-40.78987
4187,-26.639715
4188,-26.49558
4189,-26.0
4190,-26.0
4191,-26.0
4192,-26.0
4193,-26.0
4194,-26.0
4195,-26.0
4196,-26.0
4197,-41.0
4198,-25.839073
4199,-25.782415
4200,-26.207674
4201,-26.0
4202,-26.0
4203,-41.0
4204,-26.0
4205,-26.0
4206,-25.161259
4207,-37.979412
4208,-21.853642
4209,-21.816301
4210,-22.316212
4211,-22.943207
4212,-23.486965
4213,-23.780422
4214,-23.64443
4215,-22.908648
4216,-21.432976
4217,-19.124191
4218,-15.938685
4219,-14.77076
4220,-17.255266
4221,-17.307076
4222,-17.50032
4223,-17.9033
4224,-18.588009
4225,-19.633047
4226,-36.127457
4227,-23.176586
4228,-25.912241
4229,-28.292633
4230,-27.743628
4231,-26.0
4232,-41.0
4233,-26.0
4234,-26.0
4235,-26.0
4236,-26.0
4237,-26.0
4238,-26.0
4239,-26.0
4240,-26.0
4241,-26.0
4242,-26.0
4243,-26.0
4244,-26.0
4245,-26.0
4246,-26.0
4247,-26.0
4248,-26.0
4249,-26.0
4250,-26.0
4251,-41.0
4252,-26.0
4253,-26.0
4254,-26.0
4255,-26.0
4256,-26.0
4257,-26.0
4258,-26.0
4259,-26.0
4260,-26.0
4261,-26.0
4262,-26.0
4263,-26.0
4264,-26.0
4265,-26.0
4266,-26.0
4267,-26.0
4268,-26.0
4269,-26.0
4270,-26.0
4271,-26.0
4272,-26.0
4273,-26.0
4274,-26.0
4275,-26.0
4276,-26.0
4277,-26.0
4278,-26.0
4279,-26.0
4280,-26.0
4281,-26.0
4282,-26.0
4283,-26.0
4284,-26.0
4285,-26.0
4286,-26.0
4287,-26.0
4288,-26.0
4289,-26.0
4290,-26.0
4291,-26.0
4292,-26.0
4293,-26.0
4294,-26.0
4295,-26.0
4296,-26.0
4297,-26.0
4298,-41.0
4299,-26.0
4300,-26.0
4301,-26.0
4302,-26.0
4303,-26.0
4304,-26.0
4305,-26.0
4306,-26.0
4307,-26.0
4308,-26.0
4309,-24.34992
4310,-18.81756
4311,-28.415129
4312,-10.517563
4313,-8.402884
4314,-7.3741803
4315,-7.9129314
4316,-10.681086
4317,-16.623903
4318,-32.357624
4319,-39.920826
4320,-26.632647
4321,-26.0
4322,-41.0
4323,-26.0
4324,-26.0
4325,-26.0
4326,-26.0
4327,-26.0
4328,-26.0
4329,-26.0
4330,-41.0
4331,-26.0
4332,-26.0
4333,-26.0
4334,-26.0
4335,-26.0
4336,-26.0
4337,-26.0
4338,-26.0
4339,-26.0
4340,-26.0
4341,-26.0
4342,-41.0
4343,-41.0
4344,-26.0
4345,-26.0
4346,-41.0
4347,-26.0
4348,-26.0
4349,-26.0
4350,-26.0
4351,-26.0
4352,-26.0
4353,-26.0
4354,-26.0
4355,-26.0
4356,-26.0
4357,-26.0
4358,-41.0
4359,-26.0
4360,-26.0
4361,-26.0
4362,-26.0
4363,-26.0
4364,-26.0
4365,-26.0
4366,-26.0
4367,-26.0
4368,-41.0
4369,-41.0
4370,-26.0
4371,-26.0
4372,-26.0
4373,-26.0
4374,-26.0
4375,-26.0
4376,-26.0
4377,-26.0
4378,-26.0
4379,-26.0
4380,-26.0
4381,-26.0
4382,-26.0
4383,-26.0
4384,-41.0
4385,-26.0
4386,-26.0
4387,-26.0
4388,-26.0
4389,-26.0
4390,-26.0
4391,-26.0
4392,-26.0
4393,-26.0
4394,-26.0
4395,-26.0
4396,-75.33948
4397,-24.065203
4398,1.6042805
4399,18.181776
4400,29.145922
4401,36.520462
4402,41.531322
4403,44.948914
4404,47.29064
4405,48.995632
4406,50.476128
4407,51.98221
4408,53.533554
4409,54.783646
4410,54.970333
4411,53.609177
4412,51.240707
4413,49.2939
4414,49.29458
4415,51.43473
4416,54.029644
4417,54.837692
4418,52.033375
4419,44.76907
4420,33.502354
4421,20.086178
4422,7.517384
4423,-0.6329004
4424,-1.4191347
4425,4.8841476
4426,14.147942
4427,22.288507
4428,26.552668
4429,24.992205
4430,16.059515
4431,-0.95865226
4432,-26.229647
4433,-58.45017
4434,-94.33172
4435,-130.00706
4436,-163.0387
4437,-191.55525
4438,-213.90076
4439,-228.69162
4440,-234.87294
4441,-231.77557
4442,-219.17584
4443,-197.35548
4444,-148.99898
4445,-82.870674
4446,-37.771915
4447,-16.072104
4448,-5.5331035
4449,-1.8399761
4450,-2.2406147
4451,-4.5802093
4452,-6.729747
4453,-6.417857
4454,-1.7092865
4455,7.4023867
4456,18.525793
4457,29.21452
4458,37.838955
4459,43.752613
4460,47.289692
4461,49.27035
4462,50.29196
4463,50.711636
4464,50.763607
4465,50.710293
4466,50.93664
4467,51.79458
4468,53.337914
4469,54.86059
4470,54.634613
4471,51.29871
4472,45.587353
4473,40.359947
4474,39.115833
4475,42.748955
4476,48.349094
4477,52.786755
4478,54.733192
4479,54.88411
4480,54.786808
4481,55.02529
4482,54.31674
4483,49.08675
4484,33.155567
4485,-6.3044043
4486,-65.358025
4487,-150.95462
4488,-259.81543
4489,-383.0361
4490,-5.451705
4491,-5.219007
4492,-7.404631
4493,-6.494554
4494,-4.981791
4495,-6.677941
4496,-8.909083
4497,-26.72531
4498,-14.930823
4499,-18.295177
4500,-21.551966
4501,-24.397112
4502,-26.495037
4503,-27.50507
4504,-27.217787
4505,-25.98274
4506,-24.656874
4507,-23.714554
4508,-38.433014
4509,-24.010624
4510,-25.33592
4511,-41.797924
4512,-27.071451
4513,-26.0
4514,-26.0
4515,-26.0
4516,-26.0
4517,-26.0
4518,-26.0
4519,-26.0
4520,-26.0
4521,-26.0
4522,-26.0
4523,-26.0
4524,-26.0
4525,-26.0
4526,-26.0
4527,-26.0
4528,-26.0
4529,-26.0
4530,-26.0
4531,-26.0
4532,-26.0
4533,-26.0
4534,-26.0
4535,-26.0
4536,-26.0
4537,-26.0
4538,-26.0
4539,-26.0
4540,-26.0
4541,-41.0
4542,-26.0
4543,-23.275543
4544,-19.621319
4545,-22.390926
4546,-22.11137
4547,-36.991272
4548,-22.097048
4549,-22.499763
4550,-23.279333
4551,-24.528433
4552,-26.358147
4553,-27.599812
4554,-26.653051
4555,-26.0
4556,-26.0
4557,-26.0
4558,-26.0
4559,-26.0
4560,-26.0
4561,-26.0
4562,-26.0
4563,-41.0
4564,-41.0
4565,-26.0
4566,-41.0
4567,-26.0
4568,-26.0
4569,-26.0
4570,-26.0
4571,-26.0
4572,-26.0
4573,-26.0
4574,-26.0
4575,-26.0
4576,-26.0
4577,-26.0
4578,-26.0
4579,-26.0
4580,-26.0
4581,-26.0
4582,-26.0
4583,-41.0
4584,-26.0
4585,-26.0
4586,-26.0
4587,-26.0
4588,-26.0
4589,-26.0
4590,-26.0
4591,-26.0
4592,-26.0
4593,-26.0
4594,-26.0
4595,-26.0
4596,-41.0
4597,-26.0
4598,-26.0
4599,-26.0
4600,-26.0
4601,-26.0
4602,-26.0
4603,-26.0
4604,-26.0
4605,-26.0
4606,-26.0
4607,-26.0
4608,-26.0
4609,-26.0
4610,-26.0
4611,-26.0
4612,-26.0
4613,-26.0
4614,-26.0
4615,-26.0
4616,-26.0
4617,-26.0
4618,-26.0
4619,-41.0
4620,-26.0
4621,-26.0
4622,-26.0
4623,-26.0
4624,-26.0
4625,-41.0
4626,-26.0
4627,-26.0
4628,-26.0
4629,-26.0
4630,-41.0
4631,-41.0
4632,-26.0
4633,-26.0
4634,-26.0
4635,-26.0
4636,-26.0
4637,-22.90312
4638,-16.828806
4639,-16.62544
4640,-18.139189
4641,-22.085611
4642,-28.201584
4643,-45.36186
4644,-26.0
4645,-26.0
4646,-26.0
4647,-26.0
4648,-26.0
4649,-26.0
4650,-41.0
4651,-26.0
4652,-26.0
4653,-26.0
4654,-26.0
4655,-26.0
4656,-26.0
4657,-26.0
4658,-26.0
4659,-26.0
4660,-26.0
4661,-26.0
4662,-26.0
4663,-26.0
4664,-26.0
4665,-26.0
4666,-26.0
4667,-41.0
4668,-26.0
4669,-26.0
4670,-26.0
4671,-41.0
4672,-26.0
4673,-26.0
4674,-26.0
4675,-26.0
4676,-26.0
4677,-41.0
4678,-26.0
4679,-26.0
4680,-26.0
4681,-26.0
4682,-41.0
4683,-26.0
4684,-41.0
4685,-26.0
4686,-26.0
4687,-75.33933
4688,-24.06446
4689,1.6103644
4690,18.20618
4691,29.21079
4692,36.65341
4693,41.760845
4694,45.30146
4695,47.789265
4696,49.654926
4697,51.282345
4698,52.859077
4699,54.292336
4700,55.068703
4701,54.27886
4702,51.453
4703,47.32294
4704,43.698303
4705,42.66593
4706,44.95992
4707,49.151234
4708,53.08682
4709,54.899353
4710,53.542553
4711,49.084347
4712,42.766872
4713,36.75444
4714,33.564495
4715,35.004555
4716,40.34461
4717,46.417988
4718,50.804874
4719,52.865295
4720,52.98775
4721,51.037052
4722,45.829826
4723,36.091705
4724,21.769016
4725,4.6121855
4726,-12.7345915
4727,-28.324177
4728,-40.659264
4729,-48.538834
4730,-51.122265
4731,-47.988544
4732,-39.192295
4733,-25.321268
4734,-7.5516014
4735,20.105185
4736,42.65716
4737,50.021214
4738,53.902756
4739,50.417
4740,47.314705
4741,45.322517
4742,44.11533
4743,42.912373
4744,40.690617
4745,36.14347
4746,28.046356
4747,16.162905
4748,1.2101852
4749,-15.043503
4750,-29.959417
4751,-41.33077
4752,-48.660755
4753,-52.217216
4754,-52.56487
4755,-50.509705
4756,-47.349983
4757,-44.97395
4758,-45.32078
4759,-50.412247
4760,-62.3024
4761,-81.19722
4762,-103.19532
4763,-122.0619
4764,-130.27539
4765,-121.27004
4766,-95.25808
4767,-60.946133
4768,-27.290861
4769,-0.24212852
4770,17.768955
4771,27.394838
4772,30.468367
4773,27.546932
4774,17.096447
4775,-4.7959156
4776,-43.28091
4777,-106.765884
4778,-185.56862
4779,-280.9354
4780,-384.5417
4781,-3.8080573
4782,-2.2903621
4783,-3.4028273
4784,-1.7300732
4785,0.43360457
4786,-0.34438175
4787,-1.7199291
4788,-3.7152376
4789,-6.1401215
4790,-8.774823
4791,-26.373676
4792,-28.668892
4793,-15.379601
4794,-16.231213
4795,-16.04728
4796,-15.053363
4797,-13.861393
4798,-12.859608
4799,-12.323254
4800,-12.475646
4801,-13.295818
4802,-14.4853115
4803,-15.858666
4804,-17.257797
4805,-33.51799
4806,-19.526367
4807,-20.24125
4808,-20.601603
4809,-20.543806
4810,-20.04939
4811,-19.292248
4812,-18.62204
4813,-33.256844
4814,-18.369879
4815,-34.09347
4816,-20.275867
4817,-21.434277
4818,-22.219112
4819,-22.327578
4820,-21.551008
4821,-20.116932
4822,-18.638134
4823,-17.426363
4824,-16.672012
4825,-16.52058
4826,-16.876822
4827,-17.390276
4828,-17.854591
4829,-18.100178
4830,-32.951145
4831,-32.24094
4832,-15.828225
4833,-28.609175
4834,-25.518654
4835,-9.05308
4836,-10.82532
4837,-10.739577
4838,-10.794941
4839,-11.065096
4840,-11.625291
4841,-12.5545635
4842,-13.9387045
4843,-15.87455
4844,-33.47699
4845,-21.82871
4846,-25.673677
4847,-28.857843
4848,-43.741528
4849,-41.0
4850,-26.0
4851,-41.0
4852,-26.0
4853,-24.358988
4854,-21.153923
4855,-21.537964
4856,-23.035261
4857,-24.962315
4858,-26.997654
4859,-27.641943
4860,-26.142626
4861,-26.0
4862,-41.0
4863,-26.0
4864,-26.0
4865,-26.0
4866,-26.0
4867,-26.0
4868,-26.0
4869,-26.0
4870,-26.0
4871,-41.0
4872,-41.0
4873,-26.0
4874,-26.0
4875,-26.0
4876,-26.0
4877,-26.0
4878,-26.0
4879,-26.0
4880,-41.0
4881,-26.0
4882,-26.0
4883,-26.0
4884,-26.0
4885,-26.0
4886,-26.0
4887,-26.0
4888,-41.0
4889,-41.0
4890,-26.0
4891,-26.0
4892,-26.0
4893,-41.0
4894,-26.0
4895,-26.0
4896,-26.0
4897,-26.0
4898,-26.0
4899,-26.0
4900,-26.0
4901,-26.0
4902,-26.0
4903,-26.0
4904,-26.0
4905,-26.0
4906,-26.0
4907,-26.0
4908,-26.0
4909,-26.0
4910,-26.0
4911,-26.0
4912,-41.0
4913,-26.0
4914,-41.0
4915,-26.0
4916,-26.0
4917,-26.0
4918,-26.0
4919,-26.0
4920,-26.0
4921,-26.0
4922,-26.0
4923,-26.0
4924,-26.0
4925,-26.0
4926,-26.0
4927,-26.0
4928,-41.0
4929,-24.700205
4930,-22.003056
4931,-22.902872
4932,-26.584484
4933,-28.13051
4934,-26.0
4935,-26.0
4936,-26.0
4937,-26.0
4938,-26.0
4939,-41.0
4940,-75.33933
4941,-24.064583
4942,1.6097586
4943,18.20399
4944,29.205156
4945,36.64178
4946,41.74084
4947,45.270885
4948,47.74636
4949,49.598885
4950,51.21514
4951,52.788498
4952,54.23641
4953,55.0605
4954,54.365143
4955,51.681545
4956,47.729595
4957,44.28891
4958,43.392227
4959,45.713596
4960,49.792763
4961,53.47348
4962,54.913216
4963,53.11766
4964,48.227478
4965,41.566704
4966,35.373775
4967,32.21474
4968,33.897522
4969,39.613003
4970,46.060684
4971,50.722603
4972,52.94106
4973,53.192802
4974,51.50291
4975,46.79216
4976,37.76851
4977,24.247326
4978,7.7938056
4979,-9.090868
4980,-24.49782
4981,-36.88675
4982,-44.958717
4983,-47.751217
4984,-44.732746
4985,-35.891808
4986,-21.81974
4987,-3.7844346
4988,23.636312
4989,44.682858
4990,50.26442
4991,52.128315
4992,46.487114
4993,41.18682
4994,36.991
4995,33.49218
4996,29.649126
4997,23.952883
4998,14.415466
4999,-0.6999693
5000,-21.524315
5001,-46.859318
5002,-74.17646
5003,-99.86168
5004,-120.88437
5005,-136.43146
5006,-146.64522
5007,-152.05385
5008,-153.54982
5009,-152.79684
5010,-152.42924
5011,-155.28162
5012,-164.3192
5013,-182.36392
5014,-209.27692
5015,-239.16106
5016,-263.46603
5017,-272.47253
5018,-257.88364
5019,-219.94678
5020,-169.71255
5021,-118.773026
5022,-75.47943
5023,-44.300125
5024,-25.763817
5025,-18.184923
5026,-20.902
5027,-35.306538
5028,-65.06497
5029,-114.585846
5030,-190.89322
5031,-282.95984
5032,-390.85693
5033,-5.196444
5034,-5.2491374
5035,-8.447404
5036,-24.154028
5037,-6.976157
5038,-4.526089
5039,-5.431642
5040,-6.866432
5041,-8.9189
5042,-11.409095
5043,-14.119589
5044,-16.799496
5045,-19.167616
5046,-20.921534
5047,-21.759943
5048,-21.49212
5049,-20.391209
5050,-19.160398
5051,-18.21112
5052,-17.812044
5053,-18.17266
5054,-19.231894
5055,-20.634127
5056,-22.180576
5057,-23.707085
5058,-25.039034
5059,-26.060667
5060,-26.736809
5061,-26.879913
5062,-41.401737
5063,-25.96399
5064,-25.441916
5065,-24.355234
5066,-23.939123
5067,-24.068361
5068,-24.860771
5069,-26.109379
5070,-26.840961
5071,-26.402706
5072,-26.0
5073,-41.0
5074,-25.469639
5075,-38.592876
5076,-21.624037
5077,-20.777184
5078,-20.579723
5079,-20.889063
5080,-21.30892
5081,-21.635769
5082,-36.710323
5083,-36.364735
5084,-20.441528
5085,-33.81212
5086,-16.388878
5087,-13.12282
5088,-11.690028
5089,-13.671804
5090,-13.534645
5091,-13.551691
5092,-13.7914095
5093,-14.325029
5094,-15.228976
5095,-16.587992
5096,-18.499699
5097,-21.082178
5098,-24.420845
5099,-28.242624
5100,-29.34069
5101,-26.16922
5102,-26.0
5103,-26.0
5104,-26.0
5105,-26.0
5106,-25.466396
5107,-38.473827
5108,-22.066826
5109,-23.413961
5110,-25.124155
5111,-26.88701
5112,-27.368458
5113,-26.02554
5114,-26.0
5115,-41.0
5116,-41.0
5117,-26.0
5118,-26.0
5119,-26.0
5120,-26.0
5121,-26.0
5122,-41.0
5123,-26.0
5124,-41.0
5125,-26.0
5126,-26.0
5127,-26.0
5128,-26.0
5129,-26.0
5130,-26.0
5131,-26.0
5132,-26.0
5133,-26.0
5134,-26.0
5135,-26.0
5136,-26.0
5137,-41.0
5138,-26.0
5139,-26.0
5140,-26.0
5141,-26.0
5142,-41.0
5143,-41.0
5144,-41.0
5145,-26.0
5146,-26.0
5147,-26.0
5148,-26.0
5149,-26.0
5150,-26.0
5151,-26.0
5152,-26.0
5153,-41.0
5154,-41.0
5155,-26.0
5156,-26.0
5157,-26.0
5158,-41.0
5159,-26.0
5160,-26.0
5161,-26.0
5162,-41.0
5163,-26.0
5164,-26.0
5165,-26.0
5166,-26.0
5167,-26.0
5168,-26.0
5169,-41.0
5170,-26.0
5171,-41.0
5172,-26.0
5173,-26.0
5174,-26.0
5175,-26.0
5176,-26.0
5177,-26.0
5178,-26.0
5179,-26.0
5180,-26.0
5181,-23.21983
5182,-17.632256
5183,-17.342924
5184,-34.02764
5185,-23.202606
5186,-28.651463
5187,-44.3286
5188,-26.0
5189,-26.0
5190,-26.0
5191,-26.0
5192,-26.0
5193,-41.0
5194,-26.0
5195,-26.0
5196,-26.0
5197,-26.0
5198,-26.0
5199,-26.0
5200,-26.0
5201,-26.0
5202,-26.0
5203,-26.0
5204,-26.0
5205,-26.0
5206,-26.0
5207,-26.0
5208,-26.0
5209,-26.0
5210,-26.0
5211,-75.33948
5212,-24.065203
5213,1.6042805
5214,18.181776
5215,29.145922
5216,36.520462
5217,41.531322
5218,44.948914
5219,47.29064
5220,48.995632
5221,50.476128
5222,51.98215
5223,53.533047
5224,54.782505
5225,54.972286
5226,53.629013
5227,51.308403
5228,49.446262
5229,49.546116
5230,51.73562
5231,54.23944
5232,54.718266
5233,51.266033
5234,42.996586
5235,30.390554
5236,15.400583
5237,1.2093899
5238,-8.341213
5239,-9.99621
5240,-3.8622591
5241,5.7859774
5242,14.548712
5243,19.291285
5244,17.733112
5245,8.283186
5246,-9.431877
5247,-35.150013
5248,-67.17889
5249,-101.9471
5250,-135.46191
5251,-165.26582
5252,-189.47911
5253,-206.4513
5254,-214.85722
5255,-213.79259
5256,-202.86594
5257,-182.28453
5258,-152.92538
5259,-100.4788
5260,-37.016926
5261,0.751895
5262,26.14793
5263,36.925877
5264,42.609867
5265,45.757767
5266,47.84234
5267,49.756474
5268,51.949444
5269,54.16963
5270,55.080906
5271,52.98271
5272,47.112476
5273,38.082973
5274,27.767895
5275,18.297688
5276,10.796826
5277,5.6699386
5278,2.9113388
5279,2.1851506
5280,2.681453
5281,3.0759037
5282,1.9467765
5283,-2.236823
5284,-11.110027
5285,-25.009521
5286,-41.05406
5287,-54.29768
5288,-58.696903
5289,-49.27514
5290,-27.05815
5291,-0.029945582
5292,24.106337
5293,40.970253
5294,50.00381
5295,53.549374
5296,54.50189
5297,54.415813
5298,52.844223
5299,46.89319
5300,31.616796
5301,-2.6051106
5302,-47.887623
5303,-107.59928
5304,-175.86522
5305,-237.8975
5306,-291.16476
5307,-317.41687
5308,-305.56268
5309,-275.32294
5310,-269.50226
5311,-278.45682
5312,-299.3878
5313,-329.70334
5314,-366.607
5315,-406.76733
5316,4.092987
5317,2.5066774
5318,1.608673
5319,1.5748986
5320,2.3015623
5321,3.3704543
5322,4.441773
5323,5.228351
5324,-439.42548
5325,-441.41843
5326,4.4036326
5327,3.4336612
5328,2.3842945
5329,-13.59188
5330,0.6173585
5331,0.067522526
5332,-0.18394272
5333,-0.079579696
5334,-14.589135
5335,1.1900232
5336,2.017049
5337,2.6905677
5338,3.0273838
5339,2.8754442
5340,2.2838345
5341,-13.436969
5342,0.99853873
5343,0.8568654
5344,1.3519878
5345,2.4332771
5346,3.7534988
5347,5.0422134
5348,-433.5544
5349,-418.81204
5350,-413.06207
5351,-413.71155
5352,-417.49356
5353,-421.16284
5354,-421.42755
5355,-415.0146
5356,-398.8476
5357,-370.33838
5358,-327.78766
5359,-293.2923
5360,-291.9939
5361,-289.76813
5362,-288.39062
5363,-288.9629
5364,-292.6048
5365,-300.49548
5366,-313.9316
5367,-334.40576
5368,-363.7022
5369,-403.47992
5370,3.5754883
5371,0.962944
5372,-15.998192
5373,-1.8068663
5374,-1.1044153
5375,0.89521563
5376,-11.590582
5377,5.8875265
5378,-406.5951
5379,-377.72992
5380,-366.15338
5381,-367.74045
5382,-377.55707
5383,-390.81485
5384,-402.8041
5385,-410.36316
5386,-412.95145
5387,-410.64478
5388,-403.57834
5389,-392.0906
5390,-377.38257
5391,-361.80884
5392,-347.8047
5393,-337.6349
5394,-333.3021
5395,-335.8258
5396,-344.84747
5397,-359.82855
5398,-380.31613
5399,-405.76865
5400,-434.89322
5401,3.3331714
5402,1.9883214
5403,1.0188543
5404,0.58589804
5405,0.83815813
5406,1.9052646
5407,3.894141
5408,-430.64035
5409,-401.99252
5410,-441.52252
5411,3.1638772
5412,2.4309804
5413,2.0481787
5414,1.909318
5415,1.9136622
5416,1.9649456
5417,1.969712
5418,1.8354795
5419,1.4876213
5420,0.9564213
5421,0.40488392
5422,-0.021030778
5423,-0.18798155
5424,0.01047891
5425,0.54338425
5426,1.2212273
5427,1.8919432
5428,2.425092
5429,2.7237544
5430,2.8766177
5431,3.2003114
5432,3.9721637
5433,5.4358964
5434,-407.52176
5435,-354.78162
5436,-297.4338
5437,-243.59235
5438,-199.2414
5439,-168.0282
5440,-149.8798
5441,-141.05783
5442,-137.85942
5443,-137.03789
5444,-135.52925
5445,-130.65648
5446,-120.41261
5447,-103.32809
5448,-78.74007
5449,-47.61364
5450,-14.173481
5451,15.17711
5452,36.29202
5453,48.360718
5454,53.358257
5455,54.593197
5456,54.33942
5457,50.546787
5458,27.622074
5459,-11.017496
5460,-39.717472
5461,-71.43102
5462,-97.88971
5463,-116.973114
5464,-127.52822
5465,-129.23273
5466,-122.46441
5467,-108.17971
5468,-87.79813
5469,-63.33645
5470,-38.22435
5471,-16.821693
5472,-2.0160413
5473,4.625209
5474,1.7706629
5475,-11.058682
5476,-31.013529
5477,-52.141094
5478,-65.3872
5479,-61.47747
5480,-39.13823
5481,-8.101423
5482,20.998503
5483,41.46333
5484,51.809063
5485,54.832726
5486,54.23649
5487,52.46911
5488,50.85222
5489,49.931633
5490,49.779697
5491,50.228195
5492,51.010265
5493,51.861958
5494,52.59909
5495,53.194008
5496,53.743435
5497,54.299458
5498,54.807625
5499,55.044147
5500,54.58912
5501,53.024296
5502,50.162636
5503,46.127995
5504,41.370163
5505,36.624184
5506,32.812912
5507,30.893219
5508,31.645971
5509,29.880247
5510,18.811321
5511,9.920902
5512,4.074385
5513,1.5983438
5514,2.3828957
5515,6.0012727
5516,11.816832
5517,19.077568
5518,26.996948
5519,34.816452
5520,41.84479
5521,47.532047
5522,51.57805
5523,53.95536
5524,54.887627
5525,54.795982
5526,54.21295
5527,53.67418
5528,53.58997
5529,54.06697
5530,54.721375
5531,55.02874
5532,54.986763
5533,54.967842
5534,54.84181
5535,53.12388
5536,48.35918
5537,41.38284
5538,35.72452
5539,35.688488
5540,41.83698
5541,49.582867
5542,54.42551
5543,54.822445
5544,52.50912
5545,50.409466
5546,49.765366
5547,50.321285
5548,51.347343
5549,52.226833
5550,52.741608
5551,52.985664
5552,53.063972
5553,53.053368
5554,53.02293
5555,53.043297
5556,53.183388
5557,53.493893
5558,53.976665
5559,53.704754
5560,50.818047
5561,47.639126
5562,45.099796
5563,43.64061
5564,43.385624
5565,44.230263
5566,45.917885
5567,48.106014
5568,50.422165
5569,52.514053
5570,54.090054
5571,54.895386
5572,54.65051
5573,53.037666
5574,49.73928
5575,44.80597
5576,39.3466
5577,35.395576
5578,35.199524
5579,39.872826
5580,47.392883
5581,53.37654
5582,55.12195
5583,53.08342
5584,50.233715
5585,49.387623
5586,50.728863
5587,52.917946
5588,54.54518
5589,54.906178
5590,54.050087
5591,52.02396
5592,48.418587
5593,42.23945
5594,31.774515
5595,15.3420925
5596,-6.8874435
5597,-32.69936
5598,-58.053555
5599,-77.99869
5600,-89.98727
5601,-96.3172
5602,-100.6583
5603,-106.58786
5604,-117.55542
5605,-137.26273
5606,-170.35074
5607,-223.32718
5608,-310.73907
5609,-487.03214
5610,-8.914187
5611,-20.24844
5612,-29.196812
5613,-36.416912
5614,-42.42994
5615,-47.685787
5616,-52.6124
5617,-57.63348
5618,-63.17154
5619,-69.595795
5620,-77.03235
5621,-85.29362
5622,-94.15823
5623,-103.412025
5624,-112.84347
5625,-122.23545
5626,-131.36911
5627,-140.05817
5628,-148.1321
5629,-155.4466
5630,-162.02982
5631,-168.1431
5632,-174.05998
5633,-180.04634
5634,-186.34053
5635,-193.00731
5636,-199.87521
5637,-206.76527
5638,-213.5113
5639,-219.9584
5640,-226.01213
5641,-231.65915
5642,-236.89006
5643,-236.69235
5644,-241.06058
5645,-245.02884
5646,-248.68445
5647,-252.11797
5648,-255.41852
5649,-258.67532
5650,-261.97217
5651,-265.3852
5652,-268.9926
5653,-272.87582
5654,-277.11917
5655,-281.80896
5656,-292.0314
5657,-297.8687
5658,-304.39432
5659,-303.83853
5660,-303.84775
5661,-305.4338
5662,-307.5222
5663,-310.0285
5664,-312.86746
5665,-315.95566
5666,-319.21317
5667,-322.56342
5668,-325.9319
5669,-329.2565
5670,-332.53625
5671,-335.85226
5672,-339.28995
5673,-342.93146
5674,-346.8221
5675,-350.78772
5676,-354.3541
5677,-357.03415
5678,-358.35532
5679,-357.9229
5680,-355.79166
5681,-352.63077
5682,-349.14426
5683,-346.01224
5684,-343.83307
5685,-342.7152
5686,-342.09668
5687,-341.38293
5688,-340.01334
5689,-337.49176
5690,-333.6803
5691,-328.9292
5692,-328.61746
5693,-323.10458
5694,-317.71506
5695,-312.5667
5696,-307.49487
5697,-302.31912
5698,-296.8713
5699,-290.99725
5700,-284.62524
5701,-277.7963
5702,-270.55698
5703,-262.94858
5704,-255.01212
5705,-246.78809
5706,-238.316
5707,-229.63255
5708,-220.76855
5709,-210.36987
5710,-198.04825
5711,-188.03346
5712,-179.25053
5713,-171.4421
5714,-164.35918
5715,-157.77138
5716,-151.45131
5717,-145.15706
5718,-138.64027
5719,-131.691
5720,-124.338
5721,-116.934425
5722,-109.84604
5723,-103.42339
5724,-97.95615
5725,-88.379974
5726,-84.15106
5727,-79.70543
5728,-79.49722
5729,-73.05753
5730,-65.38697
5731,-57.12221
5732,-48.923183
5733,-41.417885
5734,-35.156013
5735,-30.239248
5736,-21.164417
5737,-17.403717
5738,-13.458799
5739,-8.878766
5740,-8.478348
5741,-2.4315157
5742,-601.2937
5743,-455.74316
5744,-326.0074
5745,-215.81306
5746,-126.92357
5747,-59.334316
5748,-11.484062
5749,19.51105
5750,42.555416
5751,51.644745
5752,54.912827
5753,54.6536
5754,52.532787
5755,49.78194
5756,47.324745
5757,45.827538
5758,45.689045
5759,47.016827
5760,49.000114
5761,50.54271
5762,52.099323
5763,53.72085
5764,54.861504
5765,54.176186
5766,49.400978
5767,37.318123
5768,13.730766
5769,-31.403648
5770,-92.2346
5771,-173.56622
5772,-270.43515
5773,-373.60098
5774,-471.2257
5775,-550.0505
5776,-621.09735
5777,3.7078035
5778,1.1376712
5779,-1.7213519
5780,-4.9477277
5781,-8.269833
5782,-11.390724
5783,-14.028694
5784,-15.940737
5785,-17.099895
5786,-17.774046
5787,-18.249218
5788,-18.798983
5789,-19.66598
5790,-20.910397
5791,-22.341955
5792,-23.756262
5793,-24.960468
5794,-25.780874
5795,-26.15309
5796,-26.1625
5797,-25.903711
5798,-25.46696
5799,-24.946152
5800,-24.441092
5801,-24.05684
5802,-23.895933
5803,-24.053183
5804,-24.611692
5805,-25.641087
5806,-27.19873
5807,-29.333115
5808,-32.088104
5809,-34.157562
5810,-34.56427
5811,-36.35123
5812,-38.743305
5813,-41.518227
5814,-44.458218
5815,-47.34989
5816,-49.984066
5817,-52.155476
5818,-53.66231
5819,-54.32977
5820,-54.129223
5821,-53.229996
5822,-51.809734
5823,-50.037415
5824,-48.073643
5825,-46.024372
5826,-43.92083
5827,-41.792892
5828,-39.675846
5829,-37.597237
5830,-35.531445
5831,-33.379673
5832,-31.03913
5833,-28.408293
5834,-25.40422
5835,-22.063255
5836,-18.585194
5837,-15.178549
5838,-12.045273
5839,-9.365736
5840,-7.1909475
5841,-5.3942924
5842,-3.8379312
5843,-2.3893569
5844,-0.9082816
5845,0.77151644
5846,2.8488388
5847,-663.3405
5848,-585.1781
5849,-491.5223
5850,-392.2442
5851,-287.5892
5852,-191.89827
5853,-111.61903
5854,-49.991943
5855,-7.160084
5856,24.265457
5857,38.18939
5858,43.57362
5859,49.69627
5860,50.113003
5861,41.010574
5862,20.131786
5863,-10.188445
5864,-42.727524
5865,-85.39578
5866,-131.26051
5867,-178.57216
5868,-225.78264
5869,-271.6431
5870,-315.732
5871,-358.91678
5872,-402.74963
5873,3.7891026
5874,1.1281604
5875,-1.6913478
5876,-4.4567695
5877,-6.952684
5878,-8.971469
5879,-10.345435
5880,-11.139553
5881,-11.6991415
5882,-12.301497
5883,-13.178681
5884,-14.520569
5885,-16.285305
5886,-18.143902
5887,-19.836555
5888,-21.128267
5889,-21.835032
5890,-22.092598
5891,-22.386465
5892,-23.040474
5893,-24.312761
5894,-26.401491
5895,-27.84598
5896,-26.729485
5897,-26.0
5898,-26.0
5899,-26.0
5900,-26.0
5901,-25.986393
5902,-23.851534
5903,-19.416636
5904,-33.635086
5905,-19.030966
5906,-36.029636
5907,-25.299936
5908,-29.254965
5909,-27.669634
5910,-41.0
5911,-41.0
5912,-26.0
5913,-41.0
5914,-26.0
5915,-26.0
5916,-26.0
5917,-26.0
5918,-26.0
5919,-26.0
5920,-26.0
5921,-26.0
5922,-26.0
5923,-26.0
5924,-26.0
5925,-26.0
5926,-26.0
5927,-26.0
5928,-26.0
5929,-26.0
5930,-25.791418
5931,-22.933313
5932,-17.794827
5933,-31.703617
5934,-16.756699
5935,-32.904373
5936,-19.795792
5937,-22.305096
5938,-25.324486
5939,-28.237064
5940,-28.453749
5941,-26.0
5942,-26.0
5943,-26.0
5944,-26.0
5945,-26.0
5946,-26.0
5947,-26.0
5948,-26.0
5949,-26.0
5950,-26.0
5951,-26.0
5952,-26.0
5953,-26.0
5954,-26.0
5955,-41.0
5956,-26.0
5957,-26.0
5958,-26.0
5959,-25.138893
5960,-19.429792
5961,-13.248658
5962,-16.350624
5963,-20.28068
5964,-25.492865
5965,-29.584145
5966,-28.247023
5967,-26.0
5968,-26.0
5969,-26.0
5970,-26.0
5971,-26.0
5972,-26.0
5973,-26.0
5974,-26.0
5975,-26.0
5976,-26.0
5977,-26.0
5978,-41.0
5979,-26.0
5980,-26.0
5981,-26.0
5982,-41.0
5983,-26.0
5984,-26.0
5985,-26.0
5986,-26.0
5987,-41.0
5988,-26.0
5989,-41.0
5990,-26.0
5991,-26.0
5992,-41.0
5993,-26.0
5994,-26.0
5995,-26.0
5996,-26.0
5997,-26.0
5998,-26.0
5999,-26.0
6000,-26.0
6001,-26.0
6002,-26.0
6003,-26.0
6004,-26.0
6005,-26.0
6006,-26.0
6007,-26.0
6008,-26.0
6009,-26.0
6010,-26.0
6011,-26.0
6012,-26.0
6013,-26.0
6014,-26.0
6015,-26.0
6016,-26.0
6017,-26.0
6018,-26.0
6019,-26.0
6020,-26.0
6021,-75.33948
6022,-24.065203
6023,1.6042805
6024,18.181776
6025,29.146206
6026,36.52256
6027,41.540474
6028,44.974846
6029,47.347313
6030,49.099266
6031,50.63936
6032,52.20134
6033,53.765762
6034,54.91639
6035,54.81197
6036,52.94082
6037,49.897102
6038,47.26424
6039,46.826035
6040,49.048416
6041,52.401974
6042,54.714252
6043,54.154205
6044,49.782978
6045,41.868195
6046,31.964235
6047,22.667128
6048,17.058407
6049,17.583685
6050,23.800673
6051,32.046795
6052,38.998764
6053,42.88096
6054,42.921185
6055,38.466755
6056,28.885782
6057,13.761238
6058,-6.0845976
6059,-28.107065
6060,-49.175114
6061,-67.264275
6062,-80.908226
6063,-88.95755
6064,-90.638695
6065,-85.60562
6066,-73.99303
6067,-56.46897
6068,-34.28832
6069,0.30482668
6070,32.656666
6071,46.80329
6072,55.127953
6073,54.305733
6074,52.588455
6075,51.154236
6076,50.075935
6077,48.907623
6078,46.890274
6079,42.881474
6080,35.618404
6081,24.637623
6082,10.476252
6083,-5.187545
6084,-19.725935
6085,-30.84941
6086,-37.906536
6087,-41.037624
6088,-40.728165
6089,-37.7428
6090,-33.338394
6091,-29.306887
6092,-27.418106
6093,-29.41624
6094,-36.97919
6095,-50.11278
6096,-65.282196
6097,-77.0648
6098,-79.17554
6099,-66.61393
6100,-40.7177
6101,-10.033965
6102,17.331718
6103,36.77815
6104,47.65084
6105,52.3137
6106,53.771286
6107,53.66893
6108,51.621964
6109,44.79865
6110,28.376755
6111,-7.0542912
6112,-53.38487
6113,-113.75816
6114,-182.07808
6115,-243.36612
6116,-294.98178
6117,-318.71368
6118,-303.73117
6119,-270.1081
6120,-260.40265
6121,-264.7365
6122,-280.09094
6123,-303.70798
6124,-332.71033
6125,-363.8161
6126,-393.2437
6127,-416.76962
6128,-429.92792
6129,-428.9451
6130,-414.03885
6131,-390.9696
6132,-366.2981
6133,-345.94815
6134,-334.8262
6135,-334.9813
6136,-344.70776
6137,-361.69547
6138,-383.61664
6139,-408.01443
6140,-432.70493
6141,3.9300041
6142,2.9697719
6143,2.2854416
6144,-13.071107
6145,-13.174344
6146,1.7473636
6147,1.4893311
6148,0.85958874
6149,-0.30393228
6150,-1.9523356
6151,-3.7516754
6152,-5.385518
6153,-6.551312
6154,-7.0008016
6155,-6.792724
6156,-6.3357506
6157,-5.9348254
6158,-5.83314
6159,-6.2326565
6160,-7.1229796
6161,-23.235268
6162,-9.360172
6163,-10.310938
6164,-10.897215
6165,-10.935421
6166,-10.2610445
6167,-8.740405
6168,-6.27652
6169,-5.1217976
6170,-6.9786153
6171,-7.30106
6172,-7.699295
6173,-8.245707
6174,-9.014323
6175,-10.082738
6176,-11.534559
6177,-13.462923
6178,-15.976031
6179,-19.147503
6180,-22.725367
6181,-25.972494
6182,-28.146187
6183,-28.164335
6184,-26.205584
6185,-23.890318
6186,-35.257133
6187,-17.855198
6188,-16.440163
6189,-16.185438
6190,-16.912586
6191,-18.050827
6192,-19.307499
6193,-20.420895
6194,-21.118921
6195,-21.321878
6196,-21.185192
6197,-20.768377
6198,-20.090235
6199,-19.18551
6200,-18.175745
6201,-17.258959
6202,-16.563858
6203,-16.199827
6204,-16.26539
6205,-16.76192
6206,-17.584457
6207,-18.687706
6208,-20.043861
6209,-21.606628
6210,-23.243763
6211,-24.718538
6212,-25.816282
6213,-26.335997
6214,-26.095592
6215,-24.958275
6216,-22.855322
6217,-19.79066
6218,-15.8159485
6219,-15.936541
6220,-22.258602
6221,-22.870148
6222,-23.04075
6223,-22.918875
6224,-22.636923
6225,-22.310154
6226,-22.039692
6227,-21.917809
6228,-22.034098
6229,-22.450645
6230,-23.068647
6231,-23.618006
6232,-23.922552
6233,-23.841042
6234,-23.281128
6235,-22.37613
6236,-21.461176
6237,-20.710392
6238,-20.2375
6239,-20.104536
6240,-20.09864
6241,-19.731592
6242,-18.700476
6243,-16.793964
6244,-13.939883
6245,-10.519321
6246,-7.1999717
6247,-4.262311
6248,-1.9185445
6249,-0.39824098
6250,0.3043697
6251,0.5042398
6252,0.43142813
6253,0.30867478
6254,0.37311047
6255,0.8282137
6256,1.8235016
6257,3.5030677
6258,5.998576
6259,-384.8853
6260,-313.9684
6261,-242.66595
6262,-179.70729
6263,-130.57434
6264,-98.089714
6265,-83.87082
6266,-90.70132
6267,-125.83482
6268,-210.25665
6269,-321.46573
6270,-396.42813
6271,2.4531064
6272,-15.013189
6273,-1.5530518
6274,-2.243447
6275,-2.1692162
6276,-1.4169333
6277,-0.06829451
6278,1.8048981
6279,4.1062737
6280,-435.88934
6281,-391.81696
6282,-360.8894
6283,-350.46783
6284,-367.19662
6285,-411.79193
6286,2.2546391
6287,-0.8220832
6288,-2.3812208
6289,-1.5711122
6290,1.4139106
6291,5.3596325
6292,-391.15207
6293,-316.74777
6294,-258.384
6295,-219.02028
6296,-195.16061
6297,-183.332
6298,-181.10854
6299,-186.73051
6300,-198.87701
6301,-216.48032
6302,-238.44276
6303,-263.4773
6304,-290.2105
6305,-318.15335
6306,-348.51312
6307,-383.0582
6308,-423.82333
6309,2.5372381
6310,-15.529941
6311,-3.8372426
6312,-7.236898
6313,-25.580544
6314,-13.707202
6315,-16.44363
6316,-18.60883
6317,-20.024336
6318,-20.531652
6319,-38.12577
6320,-29.490171
6321,-29.16751
6322,-26.0
6323,-26.0
6324,-26.0
6325,-26.0
6326,-26.0
6327,-26.0
6328,-26.0
6329,-26.0
6330,-41.0
6331,-26.0
6332,-26.0
6333,-26.0
6334,-41.0
6335,-41.0
6336,-26.0
6337,-26.0
6338,-26.0
6339,-26.0
6340,-41.0
6341,-41.0
6342,-26.0
6343,-26.0
6344,-41.0
6345,-26.0
6346,-26.0
6347,-26.0
6348,-41.0
6349,-26.0
6350,-26.0
6351,-41.0
6352,-41.0
6353,-26.0
6354,-26.0
6355,-26.0
6356,-26.0
6357,-26.0
6358,-26.0
6359,-26.0
6360,-26.0
6361,-26.0
6362,-41.0
6363,-26.0
6364,-26.0
6365,-26.0
6366,-26.0
6367,-41.0
6368,-26.0
6369,-26.0
6370,-26.0
6371,-26.0
6372,-26.0
6373,-26.0
6374,-26.0
6375,-26.0
6376,-41.0
6377,-26.0
6378,-26.0
6379,-26.0
6380,-26.0
6381,-41.0
6382,-26.0
6383,-41.0
6384,-26.0
6385,-26.0
6386,-26.0
6387,-26.0
6388,-26.0
6389,-26.0
6390,-26.0
6391,-26.0
6392,-26.0
6393,-26.0
6394,-26.0
6395,-26.0
6396,-26.0
6397,-26.0
6398,-26.0
6399,-26.0
6400,-26.0
6401,-26.0
6402,-26.0
6403,-26.0
6404,-26.0
6405,-26.0
6406,-75.33933
6407,-24.063593
6408,1.6183757
6409,18.241352
6410,29.31182
6411,36.87316
6412,42.156624
6413,45.924404
6414,48.675465
6415,50.80811
6416,52.626434
6417,54.15985
6418,55.045666
6419,54.37573
6420,50.86226
6421,43.960617
6422,34.689224
6423,25.575743
6424,19.870625
6425,19.493153
6426,23.605171
6427,30.266878
6428,37.513584
6429,43.837425
6430,48.413895
6431,51.09703
6432,52.157684
6433,51.698986
6434,48.884457
6435,41.861862
6436,29.604214
6437,13.51365
6438,-2.079929
6439,-11.167523
6440,-10.37454
6441,-1.9302106
6442,10.117252
6443,22.13166
6444,31.757666
6445,38.356762
6446,42.480625
6447,44.706505
6448,45.375805
6449,44.54296
6450,41.91733
6451,36.799038
6452,28.011086
6453,13.829691
6454,-18.314157
6455,-90.5915
6456,-154.26472
6457,-201.57948
6458,-239.97522
6459,-265.44278
6460,-281.14197
6461,-291.40515
6462,-301.12784
6463,-315.54083
6464,-339.75418
6465,-375.9888
6466,-421.2194
6467,2.6528294
6468,0.3654558
6469,-1.2802262
6470,-2.1722543
6471,-2.4667258
6472,-2.2968495
6473,-1.7655236
6474,-0.9793108
6475,-0.10628304
6476,0.6126984
6477,0.96047974
6478,0.72144145
6479,-0.2725478
6480,-1.8298337
6481,-3.2674074
6482,-3.9339306
6483,-3.2423856
6484,-0.81266356
6485,3.0427592
6486,-435.35812
6487,-348.59137
6488,-272.43454
6489,-214.36548
6490,-176.56923
6491,-157.4159
6492,-155.98042
6493,-173.36081
6494,-212.72945
6495,-277.09
6496,-370.8963
6497,-3.8403316
6498,-10.209639
6499,-16.001545
6500,-15.478
6501,-17.847387
6502,-17.435463
6503,-13.954252
6504,-10.670518
6505,-11.447307
6506,-12.508036
6507,-14.072118
6508,-15.979901
6509,-18.023071
6510,-19.956106
6511,-21.50616
6512,-22.389582
6513,-22.340925
6514,-21.224731
6515,-34.36904
6516,-17.473845
6517,-15.894609
6518,-14.846809
6519,-14.503225
6520,-14.798193
6521,-15.410702
6522,-16.16863
6523,-16.93144
6524,-17.551924
6525,-17.93501
6526,-18.052658
6527,-17.85361
6528,-32.282043
6529,-16.322224
6530,-15.132005
6531,-14.026056
6532,-13.203631
6533,-12.828887
6534,-13.031956
6535,-13.693876
6536,-14.4036665
6537,-14.8532295
6538,-14.770229
6539,-13.954456
6540,-12.556847
6541,-11.0609255
6542,-9.747091
6543,-8.814724
6544,-8.428775
6545,-8.546505
6546,-8.886747
6547,-9.255954
6548,-9.485484
6549,-9.401379
6550,-23.834898
6551,-22.632961
6552,-5.6666756
6553,-2.8342679
6554,-1.2287374
6555,-2.462985
6556,-17.396687
6557,-17.440592
6558,-2.6663551
6559,-3.1479175
6560,-3.9631965
6561,-5.195549
6562,-6.9358215
6563,-9.286161
6564,-12.315418
6565,-15.805131
6566,-19.109741
6567,-36.5659
6568,-22.51859
6569,-21.53613
6570,-19.127623
6571,-16.593689
6572,-14.587013
6573,-13.450751
6574,-13.45824
6575,-14.517105
6576,-16.106823
6577,-17.914959
6578,-19.652409
6579,-21.017384
6580,-36.892883
6581,-22.405828
6582,-22.605215
6583,-22.50537
6584,-22.141222
6585,-21.64509
6586,-36.238674
6587,-21.070524
6588,-21.265532
6589,-21.934929
6590,-23.079288
6591,-24.577847
6592,-26.384422
6593,-27.583136
6594,-26.839996
6595,-26.0
6596,-26.0
6597,-26.0
6598,-26.0
6599,-26.0
6600,-26.0
6601,-26.0
6602,-41.0
6603,-26.0
6604,-26.0
6605,-26.0
6606,-41.0
6607,-26.0
6608,-26.0
6609,-26.0
6610,-26.0
6611,-26.0
6612,-26.0
6613,-26.0
6614,-26.0
6615,-26.0
6616,-26.0
6617,-26.0
6618,-26.0
6619,-26.0
6620,-26.0
6621,-26.0
6622,-26.0
6623,-26.0
6624,-26.0
6625,-26.0
6626,-26.0
6627,-26.0
6628,-26.0
6629,-26.0
6630,-41.0
6631,-26.0
6632,-26.0
6633,-41.0
6634,-26.0
6635,-26.0
6636,-26.0
6637,-41.0
6638,-26.0
6639,-26.0
6640,-41.0
6641,-26.0
6642,-26.0
6643,-41.0
6644,-39.20515
6645,-18.682392
6646,-13.832628
6647,-26.079214
6648,-24.151628
6649,-8.356932
6650,-9.181596
6651,-12.304637
6652,-18.721931
6653,-33.942684
6654,-48.985424
6655,-41.0
6656,-26.0
6657,-41.0
6658,-26.0
6659,-26.0
6660,-26.0
6661,-26.0
6662,-26.0
6663,-26.0
6664,-26.0
6665,-26.0
6666,-26.0
6667,-26.0
6668,-41.0
6669,-26.0
6670,-26.0
6671,-41.0
6672,-26.0
6673,-26.0
6674,-26.0
6675,-41.0
6676,-26.0
6677,-26.0
6678,-26.0
6679,-26.0
6680,-26.0
6681,-26.0
6682,-26.0
6683,-26.0
6684,-26.0
6685,-26.0
6686,-26.0
6687,-41.0
6688,-41.0
6689,-41.0
6690,-26.0
6691,-26.0
6692,-41.0
6693,-26.0
6694,-41.0
6695,-26.0
6696,-41.0
6697,-26.0
6698,-26.0
6699,-26.0
6700,-26.0
6701,-26.0
6702,-41.0
6703,-41.0
6704,-26.0
6705,-41.0
6706,-26.0
6707,-26.0
6708,-26.0
6709,-26.0
6710,-75.33948
6711,-24.065203
6712,1.6046866
6713,18.184978
6714,29.158915
6715,36.555347
6716,41.603584
6717,45.075302
6718,47.487785
6719,49.277443
6720,50.84424
6721,52.40829
6722,53.931576
6723,54.97792
6724,54.70111
6725,52.617466
6726,49.37027
6727,46.601727
6728,46.147747
6729,48.488052
6730,52.054703
6731,54.618015
6732,54.291965
6733,50.10331
6734,42.319683
6735,32.530296
6736,23.385878
6737,18.009075
6738,18.826647
6739,25.31344
6740,33.734547
6741,40.763012
6742,44.732224
6743,45.09168
6744,41.4128
6745,33.14571
6746,19.869955
6747,2.3405647
6748,-17.034061
6749,-35.278996
6750,-50.4751
6751,-61.269413
6752,-66.65457
6753,-66.026276
6754,-59.233864
6755,-46.629986
6756,-29.119555
6757,-8.209443
6758,21.597557
6759,44.224537
6760,50.27261
6761,52.125362
6762,46.384357
6763,41.10156
6764,37.125687
6765,34.075993
6766,30.94152
6767,26.306307
6768,18.382463
6769,5.705286
6770,-11.648427
6771,-32.38709
6772,-54.04417
6773,-73.25431
6774,-87.325676
6775,-95.69897
6776,-98.734886
6777,-97.16016
6778,-92.011154
6779,-84.923416
6780,-78.198746
6781,-74.09628
6782,-74.78642
6783,-82.22324
6784,-96.15942
6785,-112.15401
6786,-123.881256
6787,-124.30511
6788,-107.90504
6789,-76.16352
6790,-38.5643
6791,-4.15492
6792,21.669373
6793,37.602257
6794,45.63888
6795,48.74786
6796,48.579296
6797,44.71899
6798,34.30713
6799,12.677685
6800,-29.129873
6801,-82.51138
6802,-150.12167
6803,-225.36848
6804,-292.77026
6805,-349.17398
6806,-375.82343
6807,-361.26035
6808,-326.92926
6809,-318.91296
6810,-326.72318
6811,-347.27686
6812,-377.71506
6813,-415.01324
6814,3.5860255
6815,1.6239196
6816,0.10780835
6817,-0.7249807
6818,-0.7015289
6819,0.062585466
6820,-13.866583
6821,2.168758
6822,2.8821769
6823,3.0225163
6824,2.5350745
6825,1.6164622
6826,0.4298019
6827,-0.87478584
6828,-2.1449153
6829,-3.267477
6830,-4.185271
6831,-4.8338737
6832,-5.145505
6833,-5.0809045
6834,-4.7411475
6835,-4.383429
6836,-4.214432
6837,-4.418682
6838,-5.1467113
6839,-6.3240733
6840,-7.5881543
6841,-8.62243
6842,-9.135456
6843,-8.900643
6844,-8.013011
6845,-6.9054694
6846,-5.872607
6847,-5.1393514
6848,-4.89099
6849,-5.1088543
6850,-5.5336394
6851,-5.9721174
6852,-6.2543592
6853,-6.207891
6854,-5.666505
6855,-4.4790616
6856,-2.5161679
6857,0.32840836
6858,2.084841
6859,1.159655
6860,1.392074
6861,1.553325
6862,1.5758779
6863,1.3910829
6864,0.9280542
6865,0.11247143
6866,-1.1350093
6867,-2.9010453
6868,-5.237551
6869,-7.9371176
6870,-10.423203
6871,-12.122301
6872,-12.500274
6873,-11.216895
6874,-8.6438465
6875,-5.7558374
6876,-3.0985854
6877,-1.0290536
6878,-14.860114
6879,0.39666596
6880,0.109347485
6881,-0.4518175
6882,-1.0334687
6883,-16.38649
6884,-1.3971816
6885,-1.1267034
6886,-0.6076096
6887,0.14567834
6888,1.1086297
6889,-12.802914
6890,3.2592843
6891,4.1633897
6892,4.7841363
6893,5.0051274
6894,4.78236
6895,-10.834285
6896,3.1937804
6897,1.8992271
6898,0.32619414
6899,-1.4246076
6900,-3.1765578
6901,-4.752064
6902,-5.9755797
6903,-21.674248
6904,-6.687483
6905,-20.87806
6906,-4.1405745
6907,-1.401565
6908,-1.1955881
6909,-5.956035
6910,-7.710545
6911,-9.031475
6912,-10.037253
6913,-10.841347
6914,-11.551643
6915,-12.2713175
6916,-13.100871
6917,-14.141089
6918,-15.471473
6919,-32.033634
6920,-18.598192
6921,-19.978909
6922,-21.008186
6923,-21.55677
6924,-21.707876
6925,-21.772306
6926,-21.95084
6927,-22.393427
6928,-23.194094
6929,-24.144268
6930,-24.700773
6931,-24.488579
6932,-23.236242
6933,-20.86037
6934,-17.861872
6935,-15.097851
6936,-12.891852
6937,-11.434454
6938,-10.924375
6939,-11.28511
6940,-12.102476
6941,-13.12151
6942,-14.103289
6943,-14.784658
6944,-14.944002
6945,-14.431776
6946,-13.109117
6947,-10.869855
6948,-7.7165823
6949,-4.007823
6950,-0.34803948
6951,2.9356582
6952,5.546674
6953,-422.54822
6954,-408.79382
6955,-432.86868
6956,0.26964247
6957,-13.421641
6958,-23.14305
6959,-22.186127
6960,-26.118254
6961,-28.77514
6962,-28.891987
6963,-26.397934
6964,-26.0
6965,-26.0
6966,-26.0
6967,-25.164736
6968,-22.017414
6969,-18.43882
6970,-16.707844
6971,-16.06453
6972,-16.865326
6973,-19.517607
6974,-23.73293
6975,-28.111444
6976,-44.420673
6977,-26.424965
6978,-26.0
6979,-38.978237
6980,-17.633785
6981,-11.781901
6982,-8.223741
6983,-5.6009116
6984,-3.7871912
6985,-2.4929857
6986,-1.6882422
6987,-16.352415
6988,-1.420824
6989,-1.8120176
6990,-2.440417
6991,-3.2076812
6992,-4.006993
6993,-4.745459
6994,-5.435001
6995,-6.2179265
6996,-7.2108803
6997,-8.518662
6998,-10.23132
6999,-12.323328
7000,-14.615657
7001,-16.950998
7002,-19.177534
7003,-21.131695
7004,-22.642637
7005,-23.54182
7006,-38.67866
7007,-22.940306
7008,-24.616531
7009,-29.13269
7010,-26.84163
7011,-26.0
7012,-26.0
7013,-26.0
7014,-26.0
7015,-26.0
7016,-26.0
7017,-26.0
7018,-25.42621
7019,-23.255358
7020,-20.791313
7021,-19.502539
7022,-18.419886
7023,-32.602318
7024,-17.11662
7025,-17.038225
7026,-17.458128
7027,-18.483364
7028,-20.177881
7029,-22.26481
7030,-24.025194
7031,-24.832571
7032,-24.139996
7033,-21.718262
7034,-18.405895
7035,-15.709321
7036,-14.218001
7037,-14.331139
7038,-16.536419
7039,-20.761051
7040,-26.017626
7041,-29.747135
7042,-28.34175
7043,-26.0
7044,-26.0
7045,-26.0
7046,-26.0
7047,-26.0
7048,-26.0
7049,-26.0
7050,-26.0
7051,-26.0
7052,-26.0
7053,-26.0
7054,-26.0
7055,-26.0
7056,-26.0
7057,-26.0
7058,-26.0
7059,-26.0
7060,-26.0
7061,-26.0
7062,-26.0
7063,-26.0
7064,-26.0
7065,-26.0
7066,-26.0
7067,-26.0
7068,-26.0
7069,-26.0
7070,-26.0
7071,-25.128345
7072,-21.625292
7073,-17.411243
7074,-15.192374
7075,-13.571415
7076,-12.813454
7077,-13.229375
7078,-15.142379
7079,-18.379848
7080,-22.033411
7081,-25.228376
7082,-26.993717
7083,-26.480007
7084,-23.963377
7085,-20.852219
7086,-17.859812
7087,-15.245424
7088,-13.095131
7089,-11.195578
7090,-9.123181
7091,-6.7057004
7092,-3.8185713
7093,-0.3690431
7094,3.4656992
7095,-438.662
7096,-364.60355
7097,-305.55753
7098,-264.263
7099,-238.95033
7100,-223.0845
7101,-210.5997
7102,-196.6732
7103,-177.50331
7104,-150.40495
7105,-114.13827
7106,-69.5104
7107,-25.320559
7108,31.257826
7109,44.43744
7110,-9.654426
7111,-94.740166
7112,-191.55672
7113,-291.5728
7114,-393.04788
7115,-499.1017
7116,-616.79156
7117,-4.5359116
7118,-11.306644
7119,-19.09584
7120,-27.722548
7121,-36.96328
7122,-46.612328
7123,-56.48845
7124,-66.39939
7125,-76.12927
7126,-85.469955
7127,-94.224335
7128,-102.2331
7129,-109.513824
7130,-116.32001
7131,-122.919106
7132,-129.57155
7133,-136.51091
7134,-143.7974
7135,-151.25514
7136,-158.7016
7137,-165.96779
7138,-172.89685
7139,-179.39305
7140,-185.44254
7141,-191.03557
7142,-196.1595
7143,-195.80933
7144,-200.01979
7145,-203.87926
7146,-207.47937
7147,-210.91043
7148,-214.26295
7149,-217.62216
7150,-221.06567
7151,-224.67328
7152,-228.52805
7153,-232.71602
7154,-237.32518
7155,-247.44342
7156,-253.15465
7157,-259.534
7158,-258.8009
7159,-258.60556
7160,-260.00696
7161,-261.91223
7162,-264.24557
7163,-266.92996
7164,-269.88965
7165,-273.05133
7166,-276.34525
7167,-279.70532
7168,-283.07953
7169,-286.47913
7170,-289.9986
7171,-293.73578
7172,-297.78375
7173,-302.19757
7174,-306.80997
7175,-311.15167
7176,-314.74127
7177,-317.11337
7178,-317.88235
7179,-317.1155
7180,-315.498
7181,-313.74936
7182,-312.564
7183,-312.55273
7184,-313.83176
7185,-315.843
7186,-317.9948
7187,-319.7267
7188,-320.53952
7189,-320.2899
7190,-319.3196
7191,-317.99576
7192,-316.66425
7193,-315.6353
7194,-315.01306
7195,-314.62
7196,-314.26373
7197,-313.76416
7198,-312.95483
7199,-311.7512
7200,-310.18054
7201,-308.27557
7202,-306.06354
7203,-303.57132
7204,-300.82538
7205,-297.85175
7206,-294.67612
7207,-291.32373
7208,-286.45114
7209,-284.66898
7210,-275.1714
7211,-271.92053
7212,-269.66144
7213,-268.13922
7214,-267.09903
7215,-266.28592
7216,-265.44482
7217,-264.32053
7218,-262.69806
7219,-260.59827
7220,-258.3616
7221,-256.33994
7222,-254.86812
7223,-254.21962
7224,-254.31552
7225,-254.59897
7226,-254.49268
7227,-253.44305
7228,-250.97844
7229,-247.09782
7230,-242.44023
7231,-237.67615
7232,-233.4481
7233,-230.32137
7234,-228.40657
7235,-227.19681
7236,-226.15845
7237,-224.78728
7238,-222.62558
7239,-219.48425
7240,-215.53926
7241,-210.98254
7242,-205.9892
7243,-205.73361
7244,-200.38583
7245,-195.11
7246,-190.06981
7247,-180.429
7248,-176.3355
7249,-172.84605
7250,-169.8943
7251,-167.41074
7252,-165.34204
7253,-163.65602
7254,-162.34422
7255,-161.41843
7256,-160.90508
7257,-160.83954
7258,-161.27188
7259,-161.94258
7260,-162.40378
7261,-163.07747
7262,-164.20468
7263,-165.98105
7264,-168.54895
7265,-172.00334
7266,-176.40573
7267,-186.80171
7268,-193.20053
7269,-200.41122
7270,-207.97366
7271,-215.43387
7272,-222.36765
7273,-228.41455
7274,-233.51193
7275,-232.99463
7276,-237.22209
7277,-241.54271
7278,-246.26595
7279,-256.44662
7280,-261.79166
7281,-266.9956
7282,-266.77182
7283,-270.87286
7284,-274.2687
7285,-277.22452
7286,-280.0201
7287,-282.9229
7288,-286.16724
7289,-289.79868
7290,-293.60712
7291,-297.3686
7292,-300.87097
7293,-303.92316
7294,-306.4476
7295,-308.52115
7296,-310.23312
7297,-311.6715
7298,-312.9303
7299,-314.11008
7300,-315.3155
7301,-316.64783
7302,-318.19998
7303,-320.05362
7304,-322.27725
7305,-324.92752
7306,-328.05273
7307,-331.69693
7308,-334.55743
7309,-335.66428
7310,-338.05057
7311,-340.94672
7312,-344.1323
7313,-347.39215
7314,-350.5161
7315,-353.29773
7316,-355.53326
7317,-357.02094
7318,-357.5859
7319,-357.2004
7320,-356.03726
7321,-354.28235
7322,-352.11475
7323,-349.70554
7324,-347.17075
7325,-344.55032
7326,-341.88077
7327,-339.20227
7328,-336.54587
7329,-333.88852
7330,-331.13266
7331,-328.1765
7332,-324.9213
7333,-321.28857
7334,-317.32074
7335,-313.22534
7336,-309.2183
7337,-305.50763
7338,-302.278
7339,-299.58072
7340,-297.28546
7341,-295.25208
7342,-293.348
7343,-291.43634
7344,-289.35776
7345,-286.9225
7346,-283.93866
7347,-280.2152
7348,-275.59525
7349,-275.12402
7350,-269.12274
7351,-262.92612
7352,-256.85596
7353,-251.23389
7354,-246.38095
7355,-237.61769
7356,-235.264
7357,-234.63902
7358,-232.79584
7359,-231.50801
7360,-226.50006
7361,-216.8371
7362,-212.50781
7363,-208.49991
7364,-204.80055
7365,-201.39555
7366,-198.26924
7367,-195.40471
7368,-192.77783
7369,-190.3238
7370,-187.92311
7371,-185.45517
7372,-182.80313
7373,-179.87025
7374,-176.67073
7375,-173.36832
7376,-170.13385
7377,-167.1318
7378,-164.50269
7379,-162.2467
7380,-160.17531
7381,-158.09088
7382,-155.80034
7383,-153.13377
7384,-150.06995
7385,-146.79135
7386,-143.48648
7387,-140.33334
7388,-137.48277
7389,-134.92693
7390,-132.44298
7391,-129.80113
7392,-126.783104
7393,-123.213135
7394,-119.15591
7395,-115.00119
7396,-111.151695
7397,-107.99495
7398,-105.86571
7399,-104.79073
7400,-104.379814
7401,-104.22665
7402,-103.94485
7403,-103.147896
7404,-101.44925
7405,-98.46238
7406,-93.80098
7407,-92.07951
7408,-86.46501
7409,-80.59177
7410,-78.5538
7411,-76.37065
7412,-74.09143
7413,-71.76508
7414,-69.440254
7415,-67.16526
7416,-64.98824
7417,-62.957104
7418,-61.111423
7419,-59.443836
7420,-57.883278
7421,-56.355816
7422,-54.79031
7423,-53.13711
7424,-51.472374
7425,-50.042934
7426,-49.103127
7427,-48.899487
7428,-49.631798
7429,-51.225716
7430,-53.23304
7431,-55.187096
7432,-56.637924
7433,-57.178825
7434,-56.65386
7435,-55.2464
7436,-53.152527
7437,-50.55002
7438,-47.61954
7439,-44.572956
7440,-41.666725
7441,-39.15994
7442,-37.31121
7443,-36.339737
7444,-36.223824
7445,-36.612198
7446,-37.138348
7447,-37.45174
7448,-37.23637
7449,-36.3698
7450,-34.991936
7451,-33.25513
7452,-31.299656
7453,-29.265692
7454,-27.294056
7455,-25.526388
7456,-24.10522
7457,-23.173983
7458,-25.82629
7459,-37.864666
7460,-34.877975
7461,-34.142136
7462,-31.24186
7463,-26.753637
7464,-26.248821
7465,-20.294514
7466,-14.453668
7467,-9.28552
7468,-0.29224294
7469,2.3428197
7470,3.8710313
7471,4.571193
7472,4.706561
7473,4.5394387
7474,4.3148556
7475,4.252557
7476,4.5706077
7477,-656.7559
7478,-619.69824
7479,-565.8245
7480,-501.4612
7481,-433.52405
7482,-367.8547
7483,-308.9243
7484,-259.45084
7485,-220.55092
7486,-192.79372
7487,-176.70526
7488,-172.64244
7489,-178.59521
7490,-188.41454
7491,-194.67642
7492,-189.67432
7493,-167.4484
7494,-129.69771
7495,-86.87911
7496,-48.59804
7497,-20.547222
7498,-4.6785364
7499,0.34537983
7500,-2.3675852
7501,-10.60879
7502,-22.489544
7503,-35.553204
7504,-46.462837
7505,-51.24427
7506,-46.080498
7507,-28.650356
7508,-11.771279
7509,-8.419336
7510,-0.25218758
7511,10.271164
7512,21.134583
7513,30.802483
7514,38.366116
7515,43.52089
7516,46.371326
7517,47.078133
7518,45.46526
7519,41.14481
7520,34.45017
7521,26.847244
7522,21.059126
7523,20.22112
7524,25.42209
7525,34.40981
7526,43.9933
7527,51.405766
7528,54.94443
7529,54.026047
7530,48.10432
7531,35.73609
7532,14.335143
7533,-24.756155
7534,-73.86975
7535,-134.3573
7536,-191.51675
7537,-241.15572
7538,-263.7034
7539,-255.1737
7540,-227.69424
7541,-196.32523
7542,-173.72646
7543,-169.42418
7544,-187.17401
7545,-223.19269
7546,-271.72418
7547,-325.03793
7548,-373.31696
7549,-408.9082
7550,-430.35672
7551,-438.36664
7552,-434.30783
7553,-420.0136
7554,-397.58408
7555,-369.22055
7556,-337.09253
7557,-303.23688
7558,-272.79504
7559,-250.73141
7560,-232.44469
7561,-218.20375
7562,-208.2009
7563,-202.67142
7564,-201.92876
7565,-206.40405
7566,-216.68987
7567,-233.58734
7568,-257.6431
7569,-286.3914
7570,-311.93878
7571,-324.23355
7572,-313.18753
7573,-272.47372
7574,-208.60605
7575,-140.98772
7576,-85.4142
7577,-49.983177
7578,-37.105793
7579,-45.06388
7580,-68.32757
7581,-99.86193
7582,-128.86694
7583,-141.90396
7584,-132.55803
7585,-107.772095
7586,-77.46069
7587,-49.720554
7588,-29.527576
7589,-17.701159
7590,-11.869809
7591,-9.849703
7592,-9.959465
7593,-10.792193
7594,-11.626262
7595,-12.74839
7596,-14.679496
7597,-17.977016
7598,-23.223938
7599,-30.79942
7600,-40.674175
7601,-52.69989
7602,-66.66812
7603,-82.2799
7604,-99.125885
7605,-116.676735
7606,-134.2827
7607,-151.18303
7608,-174.72844
7609,-207.14008
7610,-217.87784
7611,-209.60088
7612,-186.63055
7613,-154.2055
7614,-117.55709
7615,-81.23391
7616,-48.67679
7617,-22.041576
7618,-2.1734328
7619,11.433684
7620,20.122736
7621,25.011267
7622,26.788052
7623,25.808033
7624,22.595121
7625,18.423298
7626,15.057491
7627,14.552862
7628,18.555273
7629,26.547392
7630,35.619133
7631,43.245388
7632,48.25207
7633,50.685745
7634,51.2383
7635,50.50197
7636,48.627373
7637,45.695995
7638,42.059452
7639,38.501316
7640,36.198017
7641,36.408993
7642,39.938583
7643,46.26117
7644,52.535606
7645,54.871292
7646,51.320778
7647,42.9217
7648,33.283794
7649,26.347075
7650,23.813349
7651,25.65384
7652,30.863523
7653,37.915085
7654,45.141045
7655,51.037212
7656,54.488205
7657,54.91511
7658,51.313534
7659,40.708218
7660,28.979952
7661,19.155556
7662,12.179869
7663,7.759806
7664,4.9219666
7665,2.3665714
7666,-1.3824968
7667,-8.0300455
7668,-19.435507
7669,-36.039013
7670,-54.755398
7671,-70.24376
7672,-75.99353
7673,-66.731476
7674,-44.165554
7675,-17.808083
7676,4.1051326
7677,17.328278
7678,20.44999
7679,13.497302
7680,-1.9648472
7681,-22.912813
7682,-43.242714
7683,-54.533062
7684,-52.07308
7685,-39.22593
7686,-21.64732
7687,-4.288486
7688,9.66092
7689,19.62384
7690,27.028273
7691,33.180447
7692,38.924194
7693,44.564972
7694,49.568764
7695,53.00524
7696,54.625854
7697,54.95096
7698,54.87137
7699,54.95439
7700,55.0053
7701,54.41516
7702,52.611748
7703,49.36501
7704,44.95086
7705,40.171444
7706,36.2321
7707,34.47594
7708,34.29154
7709,32.155563
7710,26.833937
7711,18.76089
7712,8.697557
7713,-1.973482
7714,-11.216234
7715,-16.56434
7716,-15.597923
7717,-6.6731973
7718,9.8166275
7719,29.557116
7720,45.72454
7721,53.96682
7722,54.04014
7723,49.367996
7724,44.62149
7725,42.567535
7726,43.817867
7727,47.52525
7728,51.91581
7729,54.807137
7730,54.52164
7731,50.805107
7732,44.996944
7733,39.54755
7734,36.52975
7735,36.255527
7736,38.026913
7737,40.84771
7738,43.80651
7739,46.34439
7740,48.26981
7741,49.528126
7742,50.099854
7743,49.952736
7744,49.14201
7745,48.000412
7746,47.063072
7747,46.98952
7748,48.279655
7749,50.667812
7750,53.093266
7751,54.626556
7752,54.88889
7753,54.129047
7754,53.093143
7755,52.69142
7756,53.465065
7757,54.854607
7758,54.99554
7759,54.916145
7760,54.43898
7761,52.50909
7762,47.960857
7763,39.99435
7764,28.55709
7765,14.535026
7766,-0.24664812
7767,-13.213797
7768,-21.65844
7769,-24.499146
7770,-23.39884
7771,-20.825499
7772,-19.206306
7773,-20.520145
7774,-24.636139
7775,-28.034967
7776,-26.206293
7777,-15.185008
7778,5.8572483
7779,30.379591
7780,42.897663
7781,54.53949
7782,54.390053
7783,54.305824
7784,54.996166
7785,49.919113
7786,35.37285
7787,16.573544
7788,5.693888
7789,10.401269
7790,25.54402
7791,41.81028
7792,52.244186
7793,54.839207
7794,52.15458
7795,48.24094
7796,46.44701
7797,48.405605
7798,52.90337
7799,55.09332
7800,43.747562
7801,25.27452
7802,-4.3286405
7803,-34.10249
7804,-64.14824
7805,-78.06357
7806,-66.78591
7807,-28.810339
7808,2.9377043
7809,4.330087
7810,9.414038
7811,16.45556
7812,24.105322
7813,31.271378
7814,37.21859
7815,41.570995
7816,44.216656
7817,45.115467
7818,44.075954
7819,40.8055
7820,35.28836
7821,27.86356
7822,19.437952
7823,11.460391
7824,5.1129165
7825,0.47540122
7826,-2.838749
7827,-5.3718443
7828,-7.6506834
7829,-9.61379
7830,-10.239999
7831,-8.316063
7832,-2.8186176
7833,6.579974
7834,18.338844
7835,29.346493
7836,37.44866
7837,41.83856
7838,42.350708
7839,38.88317
7840,31.65775
7841,21.504635
7842,10.605444
7843,2.3904428
7844,-0.44756204
7845,2.1839514
7846,9.144303
7847,18.837114
7848,29.520092
7849,39.556156
7850,47.616005
7851,52.831253
7852,54.87445
7853,53.973225
7854,50.86147
7855,46.667374
7856,42.738068
7857,40.40094
7858,40.187702
7859,39.89683
7860,36.310852
7861,29.563696
7862,19.680006
7863,7.1469035
7864,-6.817751
7865,-20.21624
7866,-30.44251
7867,-34.67465
7868,-30.835972
7869,-19.917206
7870,-6.426359
7871,5.400259
7872,12.715813
7873,13.712792
7874,7.625147
7875,-4.9889717
7876,-23.176332
7877,-45.048107
7878,-67.53203
7879,-88.00662
7880,-106.17635
7881,-122.67544
7882,-138.46983
7883,-154.55865
7884,-170.72455
7885,-184.55789
7886,-192.94112
7887,-192.72044
7888,-181.7014
7889,-161.86858
7890,-140.32364
7891,-124.0803
7892,-119.062675
7893,-130.68622
7894,-161.67502
7895,-208.86685
7896,-265.89844
7897,-323.07748
7898,-368.34238
7899,-394.0876
7900,-402.76312
7901,-400.19708
7902,-392.7608
7903,-386.81927
7904,-388.60876
7905,-404.55646
7906,-442.05014
7907,-510.65332
7908,-566.91406
7909,-543.6195
7910,-523.071
7911,-504.97113
7912,-489.65558
7913,-477.45334
7914,-468.69467
7915,-463.72516
7916,-462.91837
7917,-466.6924
7918,-475.52792
7919,-489.9965
7920,-510.79086
7921,-538.7329
7922,-574.7971
7923,-619.7217
7924,4.333821
7925,2.16894
7926,0.394639
7927,-0.68601143
7928,-0.83035415
7929,-0.14068982
7930,0.80853426
7931,1.4122345
7932,1.0843557
7933,-0.67065954
7934,-3.8044193
7935,-7.508105
7936,-10.910517
7937,-13.169284
7938,-13.56321
7939,-12.055644
7940,-9.539473
7941,-6.9574785
7942,-5.208006
7943,-5.092871
7944,-6.8528028
7945,-9.950694
7946,-13.79127
7947,-17.805202
7948,-21.461956
7949,-24.469343
7950,-26.863049
7951,-28.699188
7952,-30.019688
7953,-30.86621
7954,-31.280142
7955,-31.30267
7956,-30.97484
7957,-30.337608
7958,-29.095951
7959,-26.78186
7960,-23.835884
7961,-20.525398
7962,-17.120222
7963,-13.889312
7964,-11.101162
7965,-9.024405
7966,-7.928478
7967,-8.084062
7968,-9.699834
7969,-12.61639
7970,-16.163778
7971,-19.633314
7972,-22.336048
7973,-23.664335
7974,-23.472803
7975,-22.244938
7976,-20.49858
7977,-18.722645
7978,-17.36124
7979,-16.60179
7980,-16.281181
7981,-16.21656
7982,-16.24006
7983,-16.201422
7984,-16.052841
7985,-15.886764
7986,-15.804078
7987,-15.8998785
7988,-16.262356
7989,-16.938797
7990,-17.92032
7991,-19.194607
7992,-20.751644
7993,-22.573423
7994,-24.595564
7995,-26.690237
7996,-28.725653
7997,-30.572708
7998,-32.113255
7999,-33.293003
8000,-34.144737
8001,-34.70584
8002,-35.00967
8003,-35.089443
8004,-34.97823
8005,-34.708935
8006,-34.31438
8007,-33.82725
8008,-33.196182
8009,-32.67962
8010,-32.95152
8011,-33.68816
8012,-34.727352
8013,-35.906483
8014,-37.06264
8015,-38.032818
8016,-38.654003
8017,-38.763344
8018,-38.232975
8019,-37.13748
8020,-35.826546
8021,-34.662903
8022,-33.996616
8023,-34.142826
8024,-35.212044
8025,-37.034912
8026,-39.42706
8027,-42.21595
8028,-45.221607
8029,-48.222908
8030,-50.94298
8031,-53.102367
8032,-54.424587
8033,-54.66784
8034,-53.78904
8035,-52.01455
8036,-49.58246
8037,-46.717896
8038,-43.659035
8039,-40.7222
8040,-38.33
8041,-36.91007
8042,-36.886356
8043,-38.5972
8044,-41.871254
8045,-45.837204
8046,-49.58413
8047,-52.231647
8048,-52.999004
8049,-51.675987
8050,-48.824757
8051,-45.040997
8052,-40.8825
8053,-36.90521
8054,-33.663883
8055,-31.713451
8056,-31.611029
8057,-33.918335
8058,-36.078983
8059,-34.75712
8060,-34.66084
8061,-35.026543
8062,-35.815166
8063,-36.987568
8064,-38.504486
8065,-40.326603
8066,-42.41453
8067,-44.728817
8068,-47.221127
8069,-49.791466
8070,-52.269444
8071,-54.48127
8072,-56.256546
8073,-57.45295
8074,-58.090874
8075,-58.4115
8076,-58.665833
8077,-59.094463
8078,-59.9026
8079,-61.08963
8080,-62.37519
8081,-63.46629
8082,-64.08297
8083,-63.98961
8084,-63.207874
8085,-62.108025
8086,-61.07507
8087,-60.477505
8088,-60.630493
8089,-61.53858
8090,-62.783974
8091,-63.929813
8092,-64.55872
8093,-64.31828
8094,-63.23279
8095,-61.837215
8096,-60.687862
8097,-60.31695
8098,-61.197872
8099,-63.45944
8100,-66.761284
8101,-70.74136
8102,-75.058586
8103,-79.371635
8104,-83.33936
8105,-86.62086
8106,-88.875755
8107,-89.76399
8108,-89.57494
8109,-89.165565
8110,-88.28901
8111,-87.22184
8112,-86.176636
8113,-85.36595
8114,-85.00239
8115,-85.29856
8116,-86.46729
8117,-88.721596
8118,-92.211464
8119,-96.71934
8120,-101.529
8121,-105.90389
8122,-109.13156
8123,-110.59887
8124,-110.267006
8125,-108.874146
8126,-107.18807
8127,-105.939064
8128,-105.76924
8129,-106.808846
8130,-108.49483
8131,-110.237236
8132,-111.479034
8133,-111.72897
8134,-110.87754
8135,-109.33217
8136,-107.51995
8137,-105.84302
8138,-104.67798
8139,-104.253006
8140,-104.59555
8141,-105.72538
8142,-107.67202
8143,-110.42695
8144,-113.75951
8145,-117.13809
8146,-120.018486
8147,-121.87061
8148,-122.22742
8149,-120.98826
8150,-118.54861
8151,-115.32329
8152,-111.70364
8153,-108.081474
8154,-104.8489
8155,-102.398445
8156,-101.122856
8157,-101.41441
8158,-101.698265
8159,-99.939995
8160,-99.13775
8161,-98.713776
8162,-98.59084
8163,-98.69253
8164,-98.94376
8165,-99.2709
8166,-99.601776
8167,-99.86579
8168,-100.00237
8169,-100.003265
8170,-99.93052
8171,-99.84969
8172,-99.82369
8173,-99.92428
8174,-100.2723
8175,-101.05459
8176,-102.460846
8177,-104.677666
8178,-107.828964
8179,-111.67361
8180,-115.47583
8181,-118.4805
8182,-119.95625
8183,-119.2684
8184,-116.34388
8185,-111.86988
8186,-111.562355
8187,-106.10021
8188,-101.11087
8189,-91.9266
8190,-88.480965
8191,-85.692116
8192,-83.49712
8193,-81.819786
8194,-80.5077
8195,-79.30545
8196,-77.95311
8197,-76.195564
8198,-73.81382
8199,-70.79933
8200,-67.428734
8201,-63.98975
8202,-60.756145
8203,-58.00139
8204,-55.998806
8205,-55.022015
8206,-55.345245
8207,-57.24358
8208,-58.49841
8209,-56.84209
8210,-56.872345
8211,-57.54634
8212,-58.627445
8213,-59.878643
8214,-61.062798
8215,-61.942913
8216,-62.28224
8217,-61.844536
8218,-60.441387
8219,-58.160282
8220,-55.462135
8221,-52.823338
8222,-50.702442
8223,-49.512093
8224,-49.39809
8225,-50.14317
8226,-51.513153
8227,-53.290073
8228,-55.25138
8229,-57.15057
8230,-58.708706
8231,-59.64557
8232,-59.682762
8233,-58.60488
8234,-56.560055
8235,-54.18881
8236,-52.15205
8237,-51.08734
8238,-51.5477
8239,-53.59077
8240,-56.598156
8241,-59.918037
8242,-62.92833
8243,-65.07718
8244,-66.222206
8245,-66.77649
8246,-67.177124
8247,-67.834854
8248,-69.10743
8249,-71.04499
8250,-73.279724
8251,-75.42561
8252,-77.11616
8253,-77.98503
8254,-77.66627
8255,-75.79444
8256,-72.0041
8257,-70.929405
8258,-61.38004
8259,-62.78217
8260,-63.33174
8261,-64.06937
8262,-64.962036
8263,-65.97764
8264,-67.08504
8265,-68.25409
8266,-69.45556
8267,-70.66106
8268,-71.84945
8269,-73.03807
8270,-74.29622
8271,-75.695755
8272,-77.30661
8273,-79.171455
8274,-81.17346
8275,-82.97917
8276,-84.246284
8277,-84.642944
8278,-83.8981
8279,-82.092
8280,-79.780464
8281,-77.5378
8282,-75.91528
8283,-75.387726
8284,-75.9854
8285,-77.13558
8286,-78.23998
8287,-78.728294
8288,-78.09484
8289,-76.20948
8290,-73.45047
8291,-70.21631
8292,-66.88077
8293,-63.80225
8294,-61.25282
8295,-59.387913
8296,-58.358257
8297,-58.32036
8298,-59.387142
8299,-61.416275
8300,-63.917725
8301,-66.385025
8302,-68.32736
8303,-69.25423
8304,-68.67582
8305,-66.103546
8306,-61.050755
8307,-58.03467
8308,-51.655735
8309,-47.836845
8310,-49.235176
8311,-51.57387
8312,-54.530693
8313,-57.782406
8314,-61.005196
8315,-63.875305
8316,-66.06915
8317,-67.26355
8318,-67.20177
8319,-66.01285
8320,-64.34847
8321,-62.881573
8322,-62.26013
8323,-63.03653
8324,-65.204605
8325,-67.99776
8326,-70.61473
8327,-72.28933
8328,-72.35808
8329,-70.75016
8330,-68.197136
8331,-65.46272
8332,-63.27186
8333,-62.272484
8334,-62.66709
8335,-64.05303
8336,-66.000946
8337,-68.10893
8338,-70.009315
8339,-71.536156
8340,-72.79742
8341,-73.9129
8342,-74.98957
8343,-76.117065
8344,-77.2853
8345,-78.34886
8346,-79.15659
8347,-79.56381
8348,-79.45769
8349,-78.910225
8350,-78.244026
8351,-77.79167
8352,-77.873886
8353,-78.81157
8354,-80.925674
8355,-84.537125
8356,-94.966644
8357,-102.53472
8358,-107.83175
8359,-101.26358
8360,-101.397995
8361,-101.71099
8362,-102.11803
8363,-102.534805
8364,-102.877235
8365,-103.061455
8366,-103.00371
8367,-102.62051
8368,-101.85685
8369,-100.82347
8370,-99.855095
8371,-99.295235
8372,-99.47675
8373,-100.665504
8374,-102.73733
8375,-105.03924
8376,-106.89741
8377,-107.66332
8378,-106.782585
8379,-104.24669
8380,-100.78567
8381,-97.15769
8382,-94.08497
8383,-92.22889
8384,-91.898895
8385,-92.92797
8386,-95.13041
8387,-98.342964
8388,-102.37844
8389,-106.91229
8390,-111.43369
8391,-115.42474
8392,-118.37659
8393,-119.84421
8394,-119.751564
8395,-118.52223
8396,-116.59876
8397,-114.39938
8398,-112.31228
8399,-110.55266
8400,-109.10208
8401,-107.93319
8402,-107.02985
8403,-106.376
8404,-105.9558
8405,-105.75368
8406,-105.753716
8407,-105.93807
8408,-104.50582
8409,-100.973976
8410,-100.781235
8411,-102.266365
8412,-104.890205
8413,-108.11514
8414,-111.405655
8415,-114.229034
8416,-116.05525
8417,-116.35659
8418,-114.70319
8419,-111.22592
8420,-106.8145
8421,-102.38863
8422,-98.832466
8423,-96.90487
8424,-96.63278
8425,-97.05117
8426,-97.15668
8427,-95.99386
8428,-92.742805
8429,-87.36745
8430,-85.89114
8431,-79.37693
8432,-73.83484
8433,-65.16045
8434,-63.593666
8435,-63.48637
8436,-64.152695
8437,-64.94643
8438,-65.282616
8439,-64.94017
8440,-64.19173
8441,-63.32924
8442,-62.620068
8443,-62.290764
8444,-62.33359
8445,-62.421467
8446,-62.20989
8447,-61.367474
8448,-59.60262
8449,-56.853558
8450,-53.370018
8451,-49.416897
8452,-45.246407
8453,-41.11239
8454,-37.270035
8455,-33.975983
8456,-31.488232
8457,-30.066526
8458,-28.677063
8459,-26.017166
8460,-24.099138
8461,-22.470251
8462,-21.011936
8463,-19.605286
8464,-18.130827
8465,-16.468662
8466,-14.498992
8467,-12.102061
8468,-9.18429
8469,-5.803432
8470,-2.2222438
8471,1.2880055
8472,4.46717
8473,-627.15405
8474,-580.60144
8475,-550.8858
8476,-536.4732
8477,-536.431
8478,-549.86304
8479,-573.2177
8480,-598.22284
8481,-614.96826
8482,-613.15533
8483,-584.29596
8484,-528.8372
8485,-458.80045
8486,-387.11905
8487,-324.08173
8488,-276.535
8489,-245.7317
8490,-227.47838
8491,-217.4487
8492,-212.00473
8493,-208.03082
8494,-203.80695
8495,-199.54665
8496,-195.84613
8497,-193.27666
8498,-192.31363
8499,-192.89674
8500,-194.16512
8501,-195.08559
8502,-194.62318
8503,-191.75557
8504,-185.51361
8505,-175.04327
8506,-159.68687
8507,-139.08472
8508,-89.29213
8509,-21.788319
8510,15.219966
8511,27.161434
8512,28.164167
8513,21.124796
8514,5.996582
8515,-17.699282
8516,-49.13099
8517,-85.17863
8518,-120.58919
8519,-150.6643
8520,-174.14447
8521,-191.3359
8522,-203.17973
8523,-210.81068
8524,-214.28221
8525,-211.80379
8526,-201.371
8527,-181.45815
8528,-151.72191
8529,-114.84453
8530,-76.51195
8531,-41.709286
8532,-13.5750265
8533,6.615719
8534,19.134224
8535,24.929806
8536,24.33373
8537,15.969664
8538,-4.0091853
8539,-39.979553
8540,-96.39696
8541,-155.93561
8542,-204.40604
8543,-234.36755
8544,-231.77548
8545,-203.70372
8546,-162.2756
8547,-118.76827
8548,-81.28088
8549,-52.841846
8550,-32.25288
8551,-17.913733
8552,-8.60809
8553,-3.478063
8554,-2.0089695
8555,-4.0135174
8556,-9.614867
8557,-19.227587
8558,-11.871221
8559,16.427446
8560,34.73741
8561,38.5343
8562,36.761295
8563,30.49658
8564,20.082596
8565,6.540131
8566,-7.72594
8567,-18.924425
8568,-23.016169
8569,-19.140574
8570,-11.260064
8571,-3.9340386
8572,-0.88079673
8573,-5.2655554
8574,-19.169483
8575,-42.323483
8576,-73.08707
8577,-107.9403
8578,-141.47433
8579,-169.13231
8580,-190.08
8581,-205.01016
8582,-215.15727
8583,-222.0063
8584,-226.66658
8585,-229.48251
8586,-230.6588
8587,-230.43243
8588,-228.97954
8589,-225.99525
8590,-220.46394
8591,-211.29094
8592,-197.52908
8593,-178.6594
8594,-155.55055
8595,-130.70963
8596,-106.60376
8597,-85.17611
8598,-67.77131
8599,-54.875927
8600,-46.185192
8601,-41.37881
8602,-40.316902
8603,-43.061684
8604,-49.90081
8605,-61.371838
8606,-78.28694
8607,-101.75692
8608,-115.03676
8609,-100.39515
8610,-93.97335
8611,-93.26754
8612,-96.611176
8613,-102.482475
8614,-109.32764
8615,-115.4742
8616,-119.1269
8617,-118.44451
8618,-111.80751
8619,-98.57263
8620,-79.495605
8621,-55.955647
8622,-29.733969
8623,-3.1979098
8624,20.188902
8625,37.08258
8626,46.77508
8627,50.794827
8628,51.03533
8629,47.821503
8630,40.392963
8631,29.238564
8632,17.874495
8633,11.975904
8634,14.492975
8635,22.42865
8636,31.466114
8637,38.510254
8638,42.194298
8639,42.664307
8640,40.78409
8641,37.17462
8642,32.56155
8643,28.00991
8644,24.29227
8645,21.162756
8646,17.991913
8647,14.008171
8648,8.35578
8649,0.50852364
8650,-9.293041
8651,-20.455908
8652,-32.132076
8653,-43.210815
8654,-52.36631
8655,-58.159393
8656,-59.19159
8657,-54.31307
8658,-64.54656
8659,-115.99397
8660,-162.34584
8661,-200.88881
8662,-229.86308
8663,-248.68602
8664,-257.67053
8665,-257.77216
8666,-250.37183
8667,-237.0885
8668,-219.58916
8669,-199.28783
8670,-177.2004
8671,-154.21054
8672,-131.1202
8673,-108.70902
8674,-88.06567
8675,-70.6381
8676,-57.618507
8677,-49.95366
8678,-48.41241
8679,-52.84011
8680,-61.529114
8681,-72.32675
8682,-82.733086
8683,-90.04322
8684,-92.56416
8685,-90.522285
8686,-84.72746
8687,-76.097305
8688,-65.63239
8689,-54.604412
8690,-44.572636
8691,-36.915104
8692,-32.807953
8693,-33.193455
8694,-37.82456
8695,-44.44744
8696,-50.104103
8697,-51.53337
8698,-45.913948
8699,-33.20637
8700,-16.92956
8701,-0.7589378
8702,12.703146
8703,22.00431
8704,26.455963
8705,25.278498
8706,16.276096
8707,-5.955516
8708,-25.18396
8709,-11.0371065
8710,-3.3361647
8711,0.20291546
8712,0.7513577
8713,-0.8171383
8714,-3.7362502
8715,-7.2210464
8716,-10.403905
8717,-12.332569
8718,-12.179479
8719,-10.073251
8720,-7.499434
8721,-6.126808
8722,-7.566963
8723,-13.406863
8724,-24.312477
8725,-38.93142
8726,-54.816605
8727,-68.62798
8728,-76.6406
8729,-76.880936
8730,-70.577446
8731,-59.92257
8732,-47.1292
8733,-34.15484
8734,-22.476711
8735,-13.056688
8736,-6.5834217
8737,-3.6576374
8738,-4.8435993
8739,-10.022241
8740,-17.711115
8741,-25.829075
8742,-31.839014
8743,-33.205994
8744,-29.271908
8745,-22.233957
8746,-14.729184
8747,-8.994874
8748,-6.7075996
8749,-8.252334
8750,-12.304333
8751,-17.128778
8752,-20.783699
8753,-21.154926
8754,-16.26158
8755,-4.8264637
8756,12.887906
8757,33.974606
8758,41.79189
8759,27.35405
8760,17.991966
8761,15.257613
8762,18.41435
8763,25.343937
8764,33.6126
8765,41.20172
8766,46.904545
8767,50.388992
8768,51.985714
8769,52.3619
8770,52.202847
8771,52.055794
8772,52.46908
8773,53.67235
8774,54.87958
8775,54.908257
8776,53.79714
8777,52.882282
8778,53.49796
8779,54.818306
8780,54.036705
8781,49.401943
8782,41.86262
8783,34.81218
8784,31.314728
8785,31.356424
8786,33.433308
8787,35.86054
8788,37.310047
8789,37.268696
8790,36.087925
8791,34.244835
8792,32.2624
8793,30.735435
8794,30.162176
8795,30.779968
8796,32.691433
8797,35.87339
8798,40.074986
8799,44.583668
8800,48.418915
8801,51.036755
8802,52.380417
8803,52.558956
8804,51.2764
8805,47.011616
8806,35.956364
8807,5.7206635
8808,-32.422073
8809,-56.847073
8810,-83.98181
8811,-106.58602
8812,-123.07809
8813,-132.40038
8814,-134.01306
8815,-127.88271
8816,-114.46722
8817,-94.69593
8818,-70.231476
8819,-44.545044
8820,-22.456266
8821,-7.292152
8822,-0.9857432
8823,-5.349797
8824,-21.781141
8825,-49.053356
8826,-83.35065
8827,-117.31648
8828,-141.13733
8829,-149.2665
8830,-145.58218
8831,-136.8161
8832,-129.57869
8833,-129.5426
8834,-139.45486
8835,-158.01018
8836,-183.01756
8837,-211.89107
8838,-241.48964
8839,-268.75958
8840,-291.42853
8841,-307.37885
8842,-314.55527
8843,-311.50443
8844,-299.3263
8845,-282.54388
8846,-266.1171
8847,-254.56688
8848,-251.67892
8849,-258.62766
8850,-272.7974
8851,-290.68958
8852,-308.49414
8853,-321.97256
8854,-326.59598
8855,-317.94495
8856,-292.35574
8857,-247.80544
8858,-226.10669
8859,-273.21533
8860,-317.3423
8861,-358.54352
8862,-396.4016
8863,-430.7032
8864,-461.4135
8865,-488.6514
8866,-512.66296
8867,-533.8013
8868,-552.12524
8869,-565.4498
8870,-568.12415
8871,-553.9284
8872,-517.483
8873,-456.39584
8874,-377.3579
8875,-296.48132
8876,-227.61998
8877,-179.5985
8878,-156.81673
8879,-156.97554
8880,-169.74901
8881,-183.06952
8882,-183.78374
8883,-160.66272
8884,-114.63374
8885,-66.06016
8886,-19.278313
8887,13.193086
8888,35.932434
8889,43.4377
8890,45.614174
8891,44.80759
8892,41.850636
8893,37.232166
8894,31.305546
8895,23.90016
8896,14.64667
8897,3.0944145
8898,-11.22946
8899,-28.348875
8900,-47.256706
8901,-66.21119
8902,-82.93312
8903,-94.800514
8904,-99.17362
8905,-93.83818
8906,-77.55023
8907,-50.681847
8908,-54.948452
8909,-142.81973
8910,-200.70444
8911,-234.65889
8912,-238.87354
8913,-218.35916
8914,-181.11009
8915,-135.8409
8916,-90.32344
8917,-50.338474
8918,-19.024761
8919,3.6751826
8920,19.963505
8921,31.775686
8922,40.450325
8923,46.823853
8924,51.251194
8925,53.86436
8926,54.952854
8927,54.974483
8928,54.4615
8929,53.801334
8930,52.973892
8931,51.579212
8932,48.75173
8933,42.85013
8934,31.60375
8935,13.275472
8936,-12.763066
8937,-45.667267
8938,-82.91412
8939,-120.43912
8940,-153.06657
8941,-175.08203
8942,-181.07681
8943,-167.71394
8944,-137.83838
8945,-101.01629
8946,-66.27323
8947,-39.6239
8948,-24.013834
8949,-19.247858
8950,-23.010637
8951,-33.652523
8952,-49.97769
8953,-70.4911
8954,-92.94493
8955,-114.178185
8956,-130.25365
8957,-136.89656
8958,-129.93604
8959,-121.01527
8960,-135.84645
8961,-170.17717
8962,-221.27779
8963,-285.09094
8964,-354.8448
8965,-420.6366
8966,2.6689017
8967,2.3566892
8968,4.268116
8969,-411.7299
8970,-337.56387
8971,-265.88837
8972,-210.5871
8973,-179.73808
8974,-174.04434
8975,-187.4879
8976,-214.13484
8977,-247.92964
8978,-282.1818
8979,-313.67133
8980,-346.50488
8981,-387.3191
8982,-444.08395
8983,-0.7690935
8984,-6.7184405
8985,-18.418573
8986,-40.174294
8987,-31.143173
8988,-30.090399
8989,-29.55385
8990,-26.0
8991,-26.0
8992,-26.0
8993,-26.0
8994,-25.070461
8995,-22.055595
8996,-19.543232
8997,-19.239252
8998,-20.158834
8999,-22.185644
9000,-24.770506
9001,-27.574453
9002,-28.391903
9003,-26.097883
9004,-41.0
9005,-26.0
9006,-26.0
9007,-26.0
9008,-26.0
9009,-26.0
9010,-26.0
9011,-26.0
9012,-26.0
9013,-41.0
9014,-25.612232
9015,-23.87121
9016,-21.712158
9017,-21.060814
9018,-20.85238
9019,-20.993557
9020,-21.229115
9021,-21.420513
9022,-21.45596
9023,-21.250456
9024,-20.90137
9025,-20.686049
9026,-35.76392
9027,-21.2585
9028,-22.255684
9029,-23.571476
9030,-24.705864
9031,-40.286484
9032,-25.000463
9033,-23.682915
9034,-21.754555
9035,-20.08712
9036,-34.085907
9037,-19.012766
9038,-35.08784
9039,-22.03708
9040,-23.964554
9041,-25.194685
9042,-25.106958
9043,-23.32268
9044,-20.51751
9045,-33.14196
9046,-31.79563
9047,-31.833746
9048,-18.644531
9049,-22.136702
9050,-26.511135
9051,-29.282454
9052,-27.545588
9053,-41.0
9054,-26.0
9055,-26.0
9056,-41.0
9057,-24.590427
9058,-24.110037
9059,-27.792639
9060,-26.0
9061,-26.0
9062,-26.0
9063,-26.0
9064,-41.0
9065,-26.0
9066,-26.0
9067,-26.0
9068,-26.0
9069,-26.0
9070,-24.785679
9071,-22.032846
9072,-21.332096
9073,-21.652065
9074,-22.409811
9075,-23.140736
9076,-23.537457
9077,-23.32974
9078,-37.311977
9079,-20.602077
9080,-18.598354
9081,-31.47331
9082,-14.301448
9083,-27.13854
9084,-10.028256
9085,-8.012056
9086,-21.147146
9087,-19.50171
9088,-18.154806
9089,-2.2067013
9090,-16.780573
9091,-2.0055194
9092,-18.023169
9093,-4.953304
9094,-7.694076
9095,-10.82394
9096,-13.915326
9097,-16.517275
9098,-18.205336
9099,-33.92044
9100,-19.07186
9101,-18.951487
9102,-18.762886
9103,-18.683847
9104,-18.877424
9105,-34.50582
9106,-20.745445
9107,-37.80488
9108,-27.11629
9109,-30.39513
9110,-26.0
9111,-26.0
9112,-26.0
9113,-26.0
9114,-26.0
9115,-26.0
9116,-26.0
9117,-26.0
9118,-26.0
9119,-26.0
9120,-26.0
9121,-26.0
9122,-26.0
9123,-26.0
9124,-26.0
9125,-26.0
9126,-41.0
9127,-75.33948
9128,-24.065203
9129,1.6042805
9130,18.181776
9131,29.145922
9132,36.520462
9133,41.531322
9134,44.948914
9135,47.29064
9136,48.995632
9137,50.476337
9138,51.98417
9139,53.54132
9140,54.796055
9141,54.95152
9142,53.44749
9143,50.73087
9144,48.188705
9145,47.47002
9146,49.121887
9147,51.955482
9148,54.29616
9149,54.85674
9150,53.153774
9151,49.66473
9152,45.741146
9153,43.216362
9154,43.71918
9155,47.59417
9156,52.6126
9157,55.124313
9158,53.393852
9159,48.715767
9160,44.59834
9161,43.81298
9162,45.972134
9163,49.276405
9164,52.131897
9165,53.83002
9166,54.554558
9167,54.779896
9168,54.75633
9169,54.407787
9170,53.291744
9171,50.557
9172,44.898674
9173,34.509884
9174,17.027597
9175,-25.941998
9176,-103.91764
9177,-181.85287
9178,-245.13708
9179,-299.89267
9180,-341.30222
9181,-372.19318
9182,-396.9988
9183,-421.10065
9184,4.0832095
9185,1.8006121
9186,-1.1726922
9187,-19.473854
9188,-22.731083
9189,-25.57053
9190,-12.638719
9191,-13.826005
9192,-29.348572
9193,-14.376299
9194,-14.035484
9195,-13.455088
9196,-27.836605
9197,-12.458068
9198,-12.546671
9199,-13.326271
9200,-14.968748
9201,-17.196228
9202,-19.127419
9203,-19.982134
9204,-19.083908
9205,-16.10415
9206,-11.746251
9207,-7.320799
9208,-3.288155
9209,0.14573896
9210,2.7113137
9211,4.2149076
9212,4.5997725
9213,3.6986496
9214,1.3035578
9215,-2.7809272
9216,-8.525402
9217,-20.527582
9218,-28.340265
9219,-35.588936
9220,-31.535128
9221,-26.0
9222,-26.0
9223,-26.0
9224,-26.0
9225,-26.0
9226,-26.0
9227,-26.0
9228,-26.0
9229,-41.0
9230,-26.0
9231,-26.0
9232,-26.0
9233,-26.0
9234,-26.0
9235,-26.0
9236,-26.0
9237,-26.0
9238,-26.0
9239,-26.0
9240,-41.0
9241,-26.0
9242,-26.0
9243,-41.0
9244,-26.0
9245,-26.0
9246,-41.0
9247,-41.0
9248,-26.0
9249,-26.0
9250,-26.0
9251,-26.0
9252,-26.0
9253,-26.0
9254,-26.0
9255,-26.0
9256,-26.0
9257,-26.0
9258,-26.0
9259,-41.0
9260,-41.0
9261,-26.0
9262,-26.0
9263,-26.0
9264,-26.0
9265,-26.0
9266,-26.0
9267,-26.0
9268,-26.0
9269,-26.0
9270,-26.0
9271,-26.0
9272,-26.0
9273,-26.0
9274,-26.0
9275,-41.0
9276,-26.0
9277,-26.0
9278,-26.0
9279,-26.0
9280,-26.0
9281,-26.0
9282,-26.0
9283,-26.0
9284,-26.0
9285,-26.0
9286,-26.0
9287,-26.0
9288,-26.0
9289,-26.0
9290,-41.0
9291,-26.0
9292,-41.0
9293,-26.0
9294,-26.0
9295,-41.0
9296,-41.0
9297,-26.0
9298,-75.33948
9299,-24.065203
9300,1.6042805
9301,18.181776
9302,29.145922
9303,36.520523
9304,41.53178
9305,44.950706
9306,47.295513
9307,49.006283
9308,50.496635
9309,52.017906
9310,53.58469
9311,54.825527
9312,54.922375
9313,53.319935
9314,50.511395
9315,47.961708
9316,47.380802
9317,49.279625
9318,52.311226
9319,54.57637
9320,54.57323
9321,51.69428
9322,46.45143
9323,40.431515
9324,35.909603
9325,35.14134
9326,39.188236
9327,46.24067
9328,52.34917
9329,55.02425
9330,54.51265
9331,53.153446
9332,53.02542
9333,53.995525
9334,54.85793
9335,54.72502
9336,53.63666
9337,52.33061
9338,51.476185
9339,51.442142
9340,52.276318
9341,53.663334
9342,54.881737
9343,54.75734
9344,51.609592
9345,43.1937
9346,14.680038
9347,-41.99751
9348,-103.13452
9349,-153.42279
9350,-198.35805
9351,-232.41937
9352,-257.67062
9353,-277.73767
9354,-297.15942
9355,-321.11795
9356,-354.93454
9357,-401.1389
9358,3.214038
9359,-14.86638
9360,-2.5771077
9361,-4.5898743
9362,-5.78964
9363,-6.347823
9364,-21.410866
9365,-6.092289
9366,-5.509129
9367,-4.843582
9368,-19.352482
9369,-4.2608347
9370,-19.791286
9371,-6.117691
9372,-8.024653
9373,-9.767073
9374,-10.651892
9375,-10.05953
9376,-7.6181655
9377,-3.763452
9378,0.46987423
9379,-10.42889
9380,-418.8361
9381,-355.322
9382,-315.1921
9383,-297.8065
9384,-303.18655
9385,-333.49258
9386,-392.938
9387,1.0525489
9388,-10.587054
9389,-17.942152
9390,-25.464445
9391,-47.43771
9392,-31.105192
9393,-43.50657
9394,-41.0
9395,-26.0
9396,-26.0
9397,-26.0
9398,-26.0
9399,-26.0
9400,-26.0
9401,-26.0
9402,-26.0
9403,-41.0
9404,-26.0
9405,-41.0
9406,-26.0
9407,-26.0
9408,-41.0
9409,-26.0
9410,-26.0
9411,-26.0
9412,-26.0
9413,-26.0
9414,-26.0
9415,-26.0
9416,-41.0
9417,-26.0
9418,-26.0
9419,-26.0
9420,-26.0
9421,-26.0
9422,-26.0
9423,-26.0
9424,-26.0
9425,-26.0
9426,-26.0
9427,-41.0
9428,-41.0
9429,-26.0
9430,-41.0
9431,-26.0
9432,-26.0
9433,-26.0
9434,-26.0
9435,-26.0
9436,-26.0
9437,-41.0
9438,-26.0
9439,-26.0
9440,-41.0
9441,-41.0
9442,-26.0
9443,-26.0
9444,-26.0
9445,-26.0
9446,-26.0
9447,-26.0
9448,-26.0
9449,-26.0
9450,-26.0
9451,-26.0
9452,-26.0
9453,-41.0
9454,-26.0
9455,-41.0
9456,-41.0
9457,-26.0
9458,-26.0
9459,-26.0
9460,-26.0
9461,-26.0
9462,-26.0
9463,-41.0
9464,-75.33948
9465,-24.0652
9466,1.6051923
9467,18.185308
9468,29.155363
9469,36.539806
9470,41.564774
9471,45.000546
9472,47.364502
9473,49.096375
9474,50.609444
9475,52.15191
9476,53.722073
9477,54.904495
9478,54.81192
9479,52.832188
9480,49.448864
9481,46.204002
9482,45.00274
9483,46.619896
9484,49.916157
9485,53.136784
9486,54.836826
9487,54.334774
9488,51.903122
9489,48.709713
9490,46.45188
9491,46.686264
9492,49.77629
9493,53.682312
9494,55.09869
9495,52.598225
9496,47.677525
9497,43.875008
9498,43.760754
9499,46.623177
9500,50.389233
9501,53.312492
9502,54.707794
9503,54.9378
9504,54.697033
9505,54.50112
9506,54.5954
9507,54.90873
9508,55.00603
9509,54.038708
9510,50.692547
9511,43.131897
9512,17.248236
9513,-33.487747
9514,-86.51077
9515,-127.52307
9516,-162.85378
9517,-187.59656
9518,-204.18266
9519,-216.3474
9520,-228.49918
9521,-245.48903
9522,-272.23117
9523,-311.1981
9524,-360.0731
9525,-414.57794
9526,2.6098907
9527,0.3767907
9528,-1.1325392
9529,-2.0493855
9530,-2.4948938
9531,-17.566284
9532,-2.368407
9533,-2.0726395
9534,-1.9294753
9535,-17.166952
9536,-3.01162
9537,-4.641229
9538,-21.850327
9539,-23.900295
9540,-10.0842905
9541,-9.763695
9542,-7.547777
9543,-18.862602
9544,0.24193704
9545,4.2299943
9546,-426.92664
9547,-365.2173
9548,-326.63956
9549,-310.81607
9550,-318.00226
9551,-350.57928
9552,-412.95944
9553,-0.2141293
9554,-12.001081
9555,-19.524303
9556,-27.239222
9557,-34.422546
9558,-31.743824
9559,-26.784626
9560,-41.0
9561,-26.0
9562,-26.0
9563,-26.0
9564,-26.0
9565,-41.0
9566,-26.0
9567,-26.0
9568,-26.0
9569,-26.0
9570,-26.0
9571,-26.0
9572,-26.0
9573,-41.0
9574,-26.0
9575,-41.0
9576,-41.0
9577,-26.0
9578,-26.0
9579,-41.0
9580,-26.0
9581,-26.0
9582,-26.0
9583,-26.0
9584,-41.0
9585,-26.0
9586,-26.0
9587,-26.0
9588,-41.0
9589,-26.0
9590,-26.0
9591,-41.0
9592,-26.0
9593,-26.0
9594,-26.0
9595,-26.0
9596,-26.0
9597,-41.0
9598,-26.0
9599,-41.0
9600,-26.0
9601,-41.0
9602,-26.0
9603,-26.0
9604,-26.0
9605,-26.0
9606,-26.0
9607,-41.0
9608,-26.0
9609,-26.0
9610,-26.0
9611,-26.0
9612,-26.0
9613,-26.0
9614,-26.0
9615,-26.0
9616,-26.0
9617,-26.0
9618,-26.0
9619,-26.0
9620,-41.0
9621,-26.0
9622,-26.0
9623,-26.0
9624,-26.0
9625,-26.0
9626,-41.0
9627,-41.0
9628,-26.0
9629,-26.0
9630,-26.0
9631,-41.0
9632,-75.33948
9633,-24.065203
9634,1.6042805
9635,18.181776
9636,29.145922
9637,36.520462
9638,41.531322
9639,44.948914
9640,47.290833
9641,48.997593
9642,50.4851
9643,52.007374
9644,53.579014
9645,54.82465
9646,54.92258
9647,53.323475
9648,50.539192
9649,48.05543
9650,47.583073
9651,49.59466
9652,52.661854
9653,54.75214
9654,54.17673
9655,50.11249
9656,42.88908
9657,34.044373
9658,26.05956
9659,21.784023
9660,23.318409
9661,29.922907
9662,37.935837
9663,44.298923
9664,47.69366
9665,47.856422
9666,44.342216
9667,36.190586
9668,22.435225
9669,3.311651
9670,-19.126427
9671,-41.99076
9672,-63.227333
9673,-81.18416
9674,-94.410255
9675,-101.734535
9676,-102.33933
9677,-95.82909
9678,-82.30746
9679,-62.46928
9680,-26.062569
9681,14.185861
9682,40.46794
9683,49.643803
9684,53.166622
9685,54.366806
9686,54.74604
9687,54.88685
9688,54.98444
9689,55.005573
9690,54.497585
9691,52.399467
9692,47.671425
9693,40.069977
9694,30.46912
9695,20.745184
9696,12.776129
9697,7.30447
9698,4.4062405
9699,3.8300962
9700,5.0738797
9701,7.2484784
9702,9.056331
9703,9.18587
9704,6.258355
9705,-1.2313132
9706,-13.688243
9707,-28.618994
9708,-41.555862
9709,-46.84884
9710,-39.65498
9711,-20.641865
9712,2.9869168
9713,24.284773
9714,39.363705
9715,47.708176
9716,51.187244
9717,51.865406
9718,50.1632
9719,44.19954
9720,29.435163
9721,-5.4790783
9722,-55.686253
9723,-128.03256
9724,-219.85919
9725,-323.46555
9726,-426.43848
9727,-0.007141974
9728,-1.7821839
9729,-15.725452
9730,0.95342624
9731,-0.21745351
9732,-17.005926
9733,-4.414916
9734,-7.2503586
9735,-10.291822
9736,-13.293066
9737,-15.981992
9738,-18.066364
9739,-34.251682
9740,-19.341106
9741,-18.572498
9742,-17.611193
9743,-31.877174
9744,-16.660791
9745,-17.192238
9746,-18.432705
9747,-20.042791
9748,-21.822893
9749,-38.60507
9750,-25.209803
9751,-26.514166
9752,-27.343397
9753,-27.030863
9754,-26.0
9755,-26.0
9756,-26.0
9757,-26.0
9758,-26.0
9759,-26.0
9760,-26.0
9761,-26.0
9762,-26.0
9763,-26.0
9764,-26.0
9765,-26.0
9766,-26.0
9767,-26.0
9768,-26.0
9769,-41.0
9770,-26.0
9771,-26.0
9772,-41.0
9773,-26.0
9774,-26.0
9775,-26.0
9776,-40.989613
9777,-39.786804
9778,-21.387323
9779,-17.915176
9780,-16.69837
9781,-19.300787
9782,-19.164558
9783,-19.18907
9784,-19.442648
9785,-34.997326
9786,-20.932116
9787,-22.33745
9788,-39.321674
9789,-27.021368
9790,-28.435165
9791,-26.505424
9792,-26.0
9793,-26.0
9794,-26.0
9795,-26.0
9796,-26.0
9797,-26.0
9798,-26.0
9799,-26.0
9800,-26.0
9801,-26.0
9802,-41.0
9803,-26.0
9804,-41.0
9805,-26.0
9806,-26.0
9807,-41.0
9808,-26.0
9809,-41.0
9810,-26.0
9811,-41.0
9812,-26.0
9813,-26.0
9814,-26.0
9815,-26.0
9816,-26.0
9817,-26.0
9818,-26.0
9819,-26.0
9820,-41.0
9821,-26.0
9822,-26.0
9823,-26.0
9824,-26.0
9825,-26.0
9826,-26.0
9827,-26.0
9828,-26.0
9829,-26.0
9830,-26.0
9831,-26.0
9832,-26.0
9833,-26.0
9834,-41.0
9835,-26.0
9836,-26.0
9837,-26.0
9838,-26.0
9839,-26.0
9840,-26.0
9841,-26.0
9842,-26.0
9843,-41.0
9844,-26.0
9845,-41.0
9846,-26.0
9847,-26.0
9848,-41.0
9849,-26.0
9850,-26.0
9851,-26.0
9852,-26.0
9853,-26.0
9854,-26.0
9855,-41.0
9856,-26.0
9857,-41.0
9858,-26.0
9859,-26.0
9860,-41.0
9861,-26.0
9862,-41.0
9863,-26.0
9864,-41.0
9865,-26.0
9866,-75.33948
9867,-24.065203
9868,1.604582
9869,18.184053
9870,29.15567
9871,36.547543
9872,41.58913
9873,45.05251
9874,47.455425
9875,49.235115
9876,50.793842
9877,52.357327
9878,53.89534
9879,54.970146
9880,54.702797
9881,52.536716
9882,49.02569
9883,45.75895
9884,44.642082
9885,46.40174
9886,49.832813
9887,53.13502
9888,54.845016
9889,54.28946
9890,51.773876
9891,48.515606
9892,46.259598
9893,46.582912
9894,49.812077
9895,53.791595
9896,55.057377
9897,52.0566
9898,46.276836
9899,41.445457
9900,40.466724
9901,42.88656
9902,46.76178
9903,50.31602
9904,52.64727
9905,53.812065
9906,54.267487
9907,54.295692
9908,53.88827
9909,52.709885
9910,50.05964
9911,44.828796
9912,35.45376
9913,19.861994
9914,-19.535376
9915,-91.0838
9916,-161.28738
9917,-216.01123
9918,-261.79193
9919,-294.10278
9920,-315.91406
9921,-331.6473
9922,-346.5047
9923,-366.17456
9924,-396.29092
9925,-439.40335
9926,-13.509246
9927,-1.3916007
9928,-3.9298747
9929,-20.795898
9930,-6.876771
9931,-7.346584
9932,-7.348518
9933,-6.9914627
9934,-6.388261
9935,-5.71815
9936,-5.2357793
9937,-20.162945
9938,-5.7193327
9939,-22.075247
9940,-9.0059185
9941,-10.75074
9942,-11.607965
9943,-10.955264
9944,-23.428997
9945,-4.490851
9946,-0.19786243
9947,3.9455886
9948,-432.12204
9949,-366.55777
9950,-324.75568
9951,-306.04517
9952,-310.38416
9953,-339.8576
9954,-398.5933
9955,-14.18369
9956,-10.765009
9957,-18.060005
9958,-40.520798
9959,-32.43309
9960,-31.069662
9961,-28.499453
9962,-26.0
9963,-41.0
9964,-41.0
9965,-26.0
9966,-26.0
9967,-26.0
9968,-26.0
9969,-41.0
9970,-41.0
9971,-26.0
9972,-26.0
9973,-41.0
9974,-26.0
9975,-41.0
9976,-26.0
9977,-26.0
9978,-26.0
9979,-26.0
9980,-26.0
9981,-26.0
9982,-26.0
9983,-26.0
9984,-41.0
9985,-41.0
9986,-26.0
9987,-26.0
9988,-26.0
9989,-26.0
9990,-26.0
9991,-26.0
9992,-41.0
9993,-41.0
9994,-26.0
9995,-26.0
9996,-26.0
9997,-26.0
9998,-26.0
9999,-26.0
10000,-26.0
10001,-26.0
10002,-41.0
10003,-26.0
10004,-26.0
10005,-26.0
10006,-26.0
10007,-26.0
10008,-26.0
10009,-26.0
10010,-26.0
10011,-26.0
10012,-41.0
10013,-26.0
10014,-26.0
10015,-26.0
10016,-41.0
10017,-26.0
10018,-26.0
10019,-26.0
10020,-26.0
10021,-26.0
10022,-26.0
10023,-26.0
10024,-26.0
10025,-26.0
10026,-26.0
10027,-26.0
10028,-26.0
10029,-26.0
10030,-41.0
10031,-26.0
10032,-26.0
10033,-26.0
10034,-26.0
10035,-26.0
10036,-75.33933
10037,-24.064337
10038,1.6115824
10039,18.211227
10040,29.224445
10041,36.681644
10042,41.81012
10043,45.37853
10044,47.902042
10045,49.811447
10046,51.48439
10047,53.088276
10048,54.48375
10049,55.070366
10050,53.824368
10051,50.189705
10052,44.877
10053,39.80136
10054,37.351173
10055,38.698208
10056,42.788246
10057,47.773514
10058,51.98767
10059,54.41276
10060,54.893772
10061,54.11151
10062,53.26495
10063,53.43723
10064,54.628433
10065,54.891903
10066,51.657158
10067,44.34355
10068,35.277847
10069,28.78979
10070,27.834686
10071,31.391056
10072,36.940937
10073,42.247784
10074,46.01333
10075,48.009716
10076,48.56989
10077,47.8146
10078,45.482094
10079,40.899117
10080,32.95432
10081,20.071959
10082,0.1822343
10083,-29.312437
10084,-90.94534
10085,-196.22679
10086,-296.76953
10087,-378.22232
10088,-11.561435
10089,1.1874142
10090,-0.35074297
10091,-1.5628785
10092,-17.81521
10093,-4.463362
10094,-6.817029
10095,-9.883479
10096,-13.245588
10097,-16.504852
10098,-19.258848
10099,-21.12093
10100,-21.994139
10101,-22.165361
10102,-21.840961
10103,-36.16628
10104,-20.28562
10105,-19.422539
10106,-18.874758
10107,-18.861456
10108,-19.597116
10109,-21.242561
10110,-23.451153
10111,-40.215847
10112,-40.70165
10113,-24.220823
10114,-20.533384
10115,-15.600054
10116,-25.920677
10117,-6.8505063
10118,-3.463288
10119,-15.956606
10120,-14.490006
10121,-14.112089
10122,-0.010077755
10123,-2.4144735
10124,-6.5431366
10125,-12.382789
10126,-39.53882
10127,-47.586052
10128,-32.0775
10129,-27.9386
10130,-26.0
10131,-26.0
10132,-26.0
10133,-26.0
10134,-26.0
10135,-26.0
10136,-26.0
10137,-26.0
10138,-26.0
10139,-26.0
10140,-26.0
10141,-26.0
10142,-26.0
10143,-26.0
10144,-26.0
10145,-26.0
10146,-41.0
10147,-26.0
10148,-26.0
10149,-26.0
10150,-26.0
10151,-26.0
10152,-26.0
10153,-26.0
10154,-26.0
10155,-26.0
10156,-26.0
10157,-26.0
10158,-26.0
10159,-41.0
10160,-26.0
10161,-26.0
10162,-41.0
10163,-26.0
10164,-41.0
10165,-26.0
10166,-41.0
10167,-26.0
10168,-26.0
10169,-41.0
10170,-26.0
10171,-26.0
10172,-26.0
10173,-26.0
10174,-41.0
10175,-26.0
10176,-26.0
10177,-26.0
10178,-26.0
10179,-26.0
10180,-41.0
10181,-26.0
10182,-26.0
10183,-26.0
10184,-26.0
10185,-26.0
10186,-75.33948
10187,-24.065203
10188,1.6042805
10189,18.181776
10190,29.145922
10191,36.520462
10192,41.531322
10193,44.948914
10194,47.290833
10195,48.997486
10196,50.48393
10197,52.002495
10198,53.568047
10199,54.813766
10200,54.936863
10201,53.402958
10202,50.716347
10203,48.325745
10204,47.888805
10205,49.846264
10206,52.793804
10207,54.771645
10208,54.19743
10209,50.37471
10210,43.764217
10211,36.00325
10212,29.57675
10213,27.154388
10214,30.401024
10215,38.02089
10216,46.072044
10217,51.64183
10218,54.140285
10219,54.699146
10220,54.376133
10221,52.89035
10222,49.361885
10223,43.572342
10224,36.537052
10225,29.919674
10226,24.89911
10227,22.244612
10228,22.399925
10229,25.438662
10230,31.022705
10231,38.359222
10232,46.15579
10233,52.57183
10234,49.74392
10235,33.05763
10236,4.7313895
10237,-19.096006
10238,-43.117897
10239,-60.798862
10240,-72.98338
10241,-81.881584
10242,-90.428024
10243,-102.01633
10244,-120.21812
10245,-146.98383
10246,-180.77734
10247,-218.44444
10248,-255.66972
10249,-287.38266
10250,-310.00812
10251,-323.31848
10252,-328.2582
10253,-326.13693
10254,-318.619
10255,-308.26285
10256,-298.74307
10257,-293.78897
10258,-297.07025
10259,-311.81305
10260,-337.3599
10261,-366.22696
10262,-388.37625
10263,-392.90063
10264,-370.70114
10265,-322.29913
10266,-260.26807
10267,-197.6482
10268,-143.99739
10269,-104.842445
10270,-81.412926
10271,-72.24672
10272,-76.919495
10273,-97.18433
10274,-137.09082
10275,-201.004
10276,-295.1319
10277,-407.34177
10278,-7.0603476
10279,-13.62613
10280,-18.947302
10281,-17.20681
10282,-17.65271
10283,-14.87997
10284,-12.13361
10285,-13.512514
10286,-15.233433
10287,-17.499048
10288,-20.136497
10289,-22.92216
10290,-25.586128
10291,-27.815798
10292,-28.218666
10293,-26.375637
10294,-26.0
10295,-26.0
10296,-25.997261
10297,-25.059965
10298,-23.216387
10299,-23.469803
10300,-24.42969
10301,-25.661982
10302,-26.776636
10303,-41.83754
10304,-26.0
10305,-26.0
10306,-26.0
10307,-26.0
10308,-26.0
10309,-26.0
10310,-26.0
10311,-26.0
10312,-26.0
10313,-25.7385
10314,-25.524008
10315,-26.16947
10316,-26.1593
10317,-26.0
10318,-41.0
10319,-26.0
10320,-24.768808
10321,-21.766642
10322,-35.176804
10323,-19.10809
10324,-18.659079
10325,-18.695473
10326,-33.846546
10327,-18.923801
10328,-18.779728
10329,-18.25879
10330,-17.213022
10331,-15.5151615
10332,-13.066973
10333,-9.798208
10334,-8.154892
10335,-9.6918745
10336,-9.419474
10337,-9.288355
10338,-9.363666
10339,-9.713179
10340,-10.409056
10341,-11.529974
10342,-13.164307
10343,-15.415199
10344,-18.350832
10345,-21.718857
10346,-24.797045
10347,-26.86683
10348,-27.23529
10349,-25.499876
10350,-22.356092
10351,-19.30293
10352,-16.960854
10353,-15.575276
10354,-15.340768
10355,-16.10103
10356,-17.301094
10357,-18.644299
10358,-19.862446
10359,-20.676897
10360,-20.998611
10361,-20.973988
10362,-20.659464
10363,-20.072844
10364,-19.24869
10365,-18.30921
10366,-17.45455
10367,-16.816044
10368,-16.505018
10369,-16.6212
10370,-17.16599
10371,-33.03319
10372,-19.177027
10373,-20.570007
10374,-22.166908
10375,-23.83612
10376,-25.34027
10377,-26.464241
10378,-27.006157
10379,-26.782469
10380,-40.655075
10381,-38.555702
10382,-20.492641
10383,-16.526531
10384,-16.776756
10385,-23.37567
10386,-39.105125
10387,-24.421865
10388,-24.478985
10389,-24.413761
10390,-24.346764
10391,-24.384773
10392,-24.626503
10393,-25.169592
10394,-26.084333
10395,-26.7983
10396,-26.436068
10397,-26.0
10398,-26.0
10399,-41.0
10400,-26.0
10401,-26.0
10402,-26.0
10403,-26.0
10404,-26.0
10405,-26.0
10406,-26.0
10407,-26.0
10408,-41.0
10409,-26.0
10410,-25.278421
10411,-36.989704
10412,-17.925032
10413,-16.725994
10414,-16.544205
10415,-17.244398
10416,-18.352345
10417,-19.617846
10418,-20.805645
10419,-21.642023
10420,-21.895071
10421,-21.41371
10422,-20.059238
10423,-17.740852
10424,-14.508689
10425,-10.827358
10426,-7.3843994
10427,-19.461346
10428,-2.2990813
10429,-1.250088
10430,-1.7886789
10431,-4.5311646
10432,-10.3248005
10433,-25.547785
10434,-37.06201
10435,-32.136803
10436,-26.246675
10437,-26.0
10438,-26.0
10439,-26.0
10440,-26.0
10441,-41.0
10442,-26.0
10443,-26.0
10444,-26.0
10445,-26.0
10446,-26.0
10447,-26.0
10448,-26.0
10449,-26.0
10450,-26.0
10451,-26.0
10452,-26.0
10453,-26.0
10454,-26.0
10455,-26.0
10456,-26.0
10457,-26.0
10458,-26.0
10459,-26.0
10460,-24.824753
10461,-22.04062
10462,-21.243975
10463,-21.743536
10464,-22.462812
10465,-23.36187
10466,-24.376278
10467,-25.407326
10468,-26.336264
10469,-41.883987
10470,-26.601837
10471,-26.0
10472,-26.0
10473,-26.0
10474,-41.0
10475,-26.0
10476,-26.0
10477,-26.0
10478,-26.0
10479,-26.0
10480,-26.0
10481,-26.0
10482,-26.0
10483,-26.0
10484,-26.0
10485,-26.0
10486,-26.0
10487,-26.0
10488,-26.0
10489,-26.0
10490,-26.0
10491,-26.0
10492,-26.0
10493,-26.0
10494,-26.0
10495,-26.0
10496,-26.0
10497,-26.0
10498,-26.0
10499,-26.0
10500,-26.0
10501,-41.0
10502,-26.0
10503,-26.0
10504,-26.0
10505,-26.0
10506,-26.0
10507,-26.0
10508,-26.0
10509,-26.0
10510,-26.0
10511,-26.0
10512,-26.0
10513,-25.914335
10514,-25.884117
10515,-26.110647
10516,-41.0
10517,-26.0
10518,-41.0
10519,-26.0
10520,-26.0
10521,-26.0
10522,-26.0
10523,-26.0
10524,-26.0
10525,-26.0
10526,-26.0
10527,-26.0
10528,-26.0
10529,-26.0
10530,-26.0
10531,-26.0
10532,-41.0
10533,-26.0
10534,-26.0
10535,-26.0
10536,-26.0
10537,-41.0
10538,-26.0
10539,-26.0
10540,-26.0
10541,-26.0
10542,-26.0
10543,-26.0
10544,-26.0
10545,-41.0
10546,-26.0
10547,-26.0
10548,-26.0
10549,-26.0
10550,-26.0
10551,-26.0
10552,-26.0
10553,-26.0
10554,-26.0
10555,-26.0
10556,-26.0
10557,-26.0
10558,-26.0
10559,-26.0
10560,-26.0
10561,-26.0
10562,-26.0
10563,-26.0
10564,-26.0
10565,-26.0
10566,-26.0
10567,-26.0
10568,-25.647371
10569,-22.314905
10570,-16.26275
10571,-13.3197155
10572,-10.929829
10573,-9.230778
10574,-8.407337
10575,-8.325271
10576,-8.46401
10577,-8.499585
10578,-8.171737
10579,-7.2418237
10580,-5.508815
10581,-2.8090491
10582,0.9939877
10583,6.0282984
10584,-312.67627
10585,-114.21289
10586,-13.56372
10587,32.37784
10588,48.39148
10589,48.511288
10590,44.977417
10591,30.648954
10592,10.236281
10593,-19.274014
10594,-68.48198
10595,-134.03549
10596,-225.7695
10597,-346.66577
10598,-497.71414
10599,-1.6847651
10600,-9.723036
10601,-17.483288
10602,-24.774647
10603,-31.411753
10604,-37.24536
10605,-42.301586
10606,-41.84297
10607,-46.14919
10608,-50.49287
10609,-55.11922
10610,-60.10012
10611,-70.270065
10612,-75.453476
10613,-80.48711
10614,-80.219124
10615,-84.558205
10616,-88.494675
10617,-92.02272
10618,-95.13297
10619,-97.82301
10620,-100.129166
10621,-102.13972
10622,-103.944176
10623,-105.6294
10624,-107.28191
10625,-108.98264
10626,-110.804985
10627,-112.824974
10628,-115.12226
10629,-117.77993
10630,-120.88355
10631,-124.51898
10632,-128.76846
10633,-133.70583
10634,-136.52412
10635,-134.86761
10636,-134.8701
10637,-135.3902
10638,-136.35175
10639,-137.6775
10640,-139.29161
10641,-141.12103
10642,-143.09637
10643,-145.15236
10644,-147.23813
10645,-149.3668
10646,-151.63512
10647,-154.14247
10648,-156.9833
10649,-160.2134
10650,-163.66365
10651,-166.8611
10652,-169.32353
10653,-170.58597
10654,-170.26443
10655,-168.43364
10656,-165.78944
10657,-163.05435
10658,-160.92328
10659,-160.0061
10660,-160.41241
10661,-161.57397
10662,-162.89682
10663,-163.82004
10664,-163.8451
10665,-162.8337
10666,-161.13571
10667,-159.12007
10668,-157.13231
10669,-155.48198
10670,-154.26953
10671,-153.31262
10672,-152.41737
10673,-151.4032
10674,-150.10335
10675,-148.43396
10676,-146.42365
10677,-144.10486
10678,-141.5043
10679,-138.64821
10680,-135.56233
10681,-132.27206
10682,-128.80235
10683,-125.17779
10684,-120.03775
10685,-118.00372
10686,-113.32088
10687,-104.896454
10688,-102.47603
10689,-100.80497
10690,-99.62848
10691,-98.69129
10692,-97.73734
10693,-96.50914
10694,-94.788994
10695,-92.59758
10696,-90.27923
10697,-88.19068
10698,-86.67348
10699,-86.0086
10700,-86.12349
10701,-86.46593
10702,-86.46478
10703,-85.572044
10704,-83.321556
10705,-79.71992
10706,-75.414246
10707,-71.08209
10708,-67.37414
10709,-64.85768
10710,-63.64322
10711,-63.224186
10712,-63.066757
10713,-62.664734
10714,-61.557503
10715,-59.553066
10716,-56.82385
10717,-53.557632
10718,-49.92482
10719,-46.094658
10720,-42.231834
10721,-38.494896
10722,-35.0419
10723,-32.031006
10724,-29.605017
10725,-27.817581
10726,-26.600992
10727,-25.883438
10728,-25.60855
10729,-25.740568
10730,-26.266602
10731,-27.193005
10732,-28.539911
10733,-30.335222
10734,-32.62033
10735,-35.130295
10736,-37.40838
10737,-39.853203
10738,-42.694927
10739,-46.118565
10740,-50.25686
10741,-55.19691
10742,-65.994995
10743,-72.694405
10744,-80.30602
10745,-88.653656
10746,-97.30529
10747,-105.8259
10748,-113.80226
10749,-120.88168
10750,-127.0089
10751,-132.52614
10752,-137.79716
10753,-143.17102
10754,-148.95282
10755,-155.18648
10756,-161.5637
10757,-167.76465
10758,-173.48918
10759,-178.47739
10760,-177.6899
10761,-181.38463
10762,-184.83356
10763,-188.29584
10764,-191.99803
10765,-195.9795
10766,-200.02783
10767,-203.92235
10768,-207.45674
10769,-210.4466
10770,-212.82161
10771,-214.66595
10772,-216.07472
10773,-217.14058
10774,-217.9617
10775,-218.64372
10776,-219.29916
10777,-220.03949
10778,-220.96999
10779,-222.18472
10780,-223.76448
10781,-225.77716
10782,-228.28119
10783,-231.32928
10784,-233.61192
10785,-234.16579
10786,-236.07196
10787,-238.5318
10788,-241.3276
10789,-244.24619
10790,-247.0786
10791,-249.61946
10792,-251.66687
10793,-253.0216
10794,-253.512
10795,-253.1148
10796,-252.00769
10797,-250.37881
10798,-248.40814
10799,-246.26678
10800,-244.06952
10801,-241.8542
10802,-239.65526
10803,-237.51056
10804,-235.44853
10805,-233.44229
10806,-231.39006
10807,-229.18602
10808,-226.727
10809,-223.93024
10810,-220.83473
10811,-217.64516
10812,-214.57323
10813,-211.82245
10814,-209.57298
10815,-207.87094
10816,-206.58055
10817,-205.55794
10818,-204.66762
10819,-203.77
10820,-202.703
10821,-201.27434
10822,-199.29007
10823,-196.557
10824,-192.9139
10825,-188.3972
10826,-183.31395
10827,-182.97908
10828,-177.69363
10829,-167.75941
10830,-163.48006
10831,-160.16176
10832,-158.11325
10833,-157.64613
10834,-155.79019
10835,-154.31345
10836,-148.99109
10837,-143.86249
10838,-133.92487
10839,-129.18489
10840,-124.657036
10841,-120.34922
10842,-116.26389
10843,-112.39994
10844,-108.747086
10845,-105.25301
10846,-101.80964
10847,-98.30685
10848,-94.63731
10849,-90.711525
10850,-86.546455
10851,-82.30443
10852,-78.15185
10853,-74.24792
10854,-70.72793
10855,-67.58414
10856,-64.61508
10857,-61.61314
10858,-58.381516
10859,-54.75106
10860,-50.70565
10861,-46.435738
10862,-42.14072
10863,-38.010445
10864,-34.20738
10865,-30.735817
10866,-27.384478
10867,-23.929575
10868,-20.155941
10869,-15.889315
10870,-11.190516
10871,-6.438585
10872,-2.0282936
10873,1.6601394
10874,4.2968535
10875,-652.161
10876,-629.2199
10877,-615.5601
10878,-601.9615
10879,-579.6336
10880,-540.51843
10881,-478.20108
10882,-389.42297
10883,-281.19983
10884,-192.59698
10885,-162.63455
10886,-136.22621
10887,-110.01606
10888,-84.861824
10889,-61.45449
10890,-40.308357
10891,-21.759708
10892,-5.9743085
10893,7.038147
10894,17.437548
10895,25.656475
10896,32.334225
10897,37.97859
10898,42.912003
10899,47.23027
10900,50.675224
10901,52.90058
10902,53.98123
10903,54.229042
10904,53.702236
10905,51.88034
10906,48.26301
10907,43.225536
10908,38.399307
10909,36.16543
10910,37.873734
10911,42.58936
10912,48.370636
10913,53.133762
10914,55.128193
10915,53.336075
10916,47.883907
10917,40.17921
10918,32.632053
10919,27.913382
10920,27.28773
10921,29.62821
10922,33.09038
10923,36.057076
10924,37.393932
10925,36.6576
10926,34.07031
10927,29.900742
10928,24.472548
10929,18.303867
10930,12.167853
10931,7.074148
10932,4.1713614
10933,4.569714
10934,22.777296
10935,44.31628
10936,54.533905
10937,54.951736
10938,54.705494
10939,51.795254
10940,42.475548
10941,24.400232
10942,-1.4959897
10943,-30.389023
10944,-54.67739
10945,-68.36069
10946,-71.00883
10947,-64.92476
10948,-53.27244
10949,-39.25639
10950,-25.512377
10951,-13.880093
10952,-5.635687
10953,-1.7637078
10954,-3.198106
10955,-10.434679
10956,-22.972256
10957,-39.947525
10958,-59.985916
10959,-80.99867
10960,-100.47766
10961,-115.960526
10962,-124.966545
10963,-125.20107
10964,-115.39477
10965,-97.7466
10966,-78.36522
10967,-62.959824
10968,-55.994038
10969,-61.215813
10970,-80.11692
10971,-109.461914
10972,-143.26515
10973,-172.7856
10974,-187.92097
10975,-183.55745
10976,-163.77344
10977,-135.23424
10978,-104.2196
10979,-75.77617
10980,-53.414852
10981,-39.369507
10982,-35.412766
10983,-44.225006
10984,-55.02164
10985,-50.302116
10986,-52.376396
10987,-59.21793
10988,-69.23845
10989,-80.68049
10990,-91.45838
10991,-99.16467
10992,-101.24382
10993,-95.332535
10994,-80.164856
10995,-57.855236
10996,-33.996025
10997,-13.3899145
10998,1.0790893
10999,8.13058
11000,7.95787
11001,1.8191935
11002,-9.367495
11003,-24.66493
11004,-42.75108
11005,-62.957905
11006,-86.64109
11007,-116.18639
11008,-154.77565
11009,-206.00694
11010,-270.20483
11011,-339.74783
11012,-401.78445
11013,-440.45935
11014,-441.3926
11015,-403.87357
11016,-345.52637
11017,-285.48166
11018,-238.48874
11019,-214.20984
11020,-214.55847
11021,-233.18388
11022,-262.7451
11023,-295.10916
11024,-321.13086
11025,-334.44632
11026,-334.71378
11027,-323.484
11028,-302.7656
11029,-274.82355
11030,-241.98915
11031,-206.50526
11032,-170.4064
11033,-135.43027
11034,-105.267624
11035,-82.89052
11036,-64.586876
11037,-50.131134
11038,-39.263996
11039,-31.778507
11040,-27.557802
11041,-26.61571
11042,-29.140444
11043,-35.543007
11044,-46.21815
11045,-59.940025
11046,-72.22029
11047,-77.03012
11048,-68.44055
11049,-43.70666
11050,-8.9939165
11051,17.583815
11052,42.8846
11053,51.676285
11054,53.76938
11055,52.96846
11056,48.924873
11057,40.902176
11058,31.72359
11059,27.399723
11060,31.24619
11061,39.845898
11062,48.239006
11063,53.337265
11064,54.89686
11065,54.62911
11066,54.032074
11067,53.66568
11068,53.55586
11069,53.540558
11070,53.517925
11071,53.53603
11072,53.66786
11073,53.962307
11074,54.402313
11075,54.84438
11076,55.039684
11077,54.736988
11078,53.72984
11079,51.88269
11080,49.148365
11081,45.57843
11082,41.326843
11083,36.646996
11084,29.210415
11085,17.491411
11086,12.873838
11087,15.4210825
11088,23.215899
11089,33.466248
11090,43.374985
11091,50.767075
11092,54.47824
11093,54.50886
11094,51.922073
11095,48.32029
11096,45.054142
11097,43.020954
11098,42.69362
11099,44.07763
11100,46.519466
11101,48.921936
11102,50.52069
11103,50.93319
11104,49.735825
11105,46.227444
11106,40.04738
11107,31.728619
11108,23.111115
11109,16.99895
11110,15.297364
11111,17.490139
11112,22.12736
11113,27.688238
11114,32.896366
11115,36.835133
11116,38.883827
11117,38.474796
11118,34.585205
11119,25.205608
11120,7.97215
11121,-17.615726
11122,-49.45222
11123,-82.464264
11124,-109.395164
11125,-124.46621
11126,-126.69853
11127,-117.47624
11128,-99.239296
11129,-74.9917
11130,-47.872623
11131,-20.805931
11132,3.7722883
11133,24.102558
11134,41.50119
11135,53.092094
11136,55.114197
11137,52.7199
11138,48.636642
11139,44.077816
11140,39.26414
11141,33.74985
11142,26.55335
11143,16.091183
11144,0.19667885
11145,-22.364439
11146,-49.265926
11147,-75.115616
11148,-92.41377
11149,-94.048744
11150,-79.800606
11151,-58.604015
11152,-39.649475
11153,-29.55542
11154,-33.20722
11155,-53.245296
11156,-87.702095
11157,-131.29951
11158,-174.38701
11159,-204.14737
11160,-212.83417
11161,-204.18533
11162,-185.56078
11163,-164.23882
11164,-146.08499
11165,-133.32106
11166,-124.00119
11167,-115.6344
11168,-105.98349
11169,-93.366264
11170,-78.09242
11171,-62.859432
11172,-50.31098
11173,-42.536346
11174,-41.211308
11175,-47.041252
11176,-59.32539
11177,-77.17345
11178,-99.51492
11179,-124.80637
11180,-150.88704
11181,-174.9781
11182,-193.8283
11183,-203.99565
11184,-208.44264
11185,-219.83789
11186,-241.61969
11187,-270.77185
11188,-303.94174
11189,-337.04846
11190,-365.25348
11191,-383.18628
11192,-385.426
11193,-367.2359
11194,-326.37048
11195,-267.7057
11196,-203.51366
11197,-144.74132
11198,-98.45832
11199,-67.870605
11200,-52.27062
11201,-48.590153
11202,-54.961193
11203,-70.9242
11204,-96.72997
11205,-132.04976
11206,-174.55841
11207,-220.04575
11208,-262.53287
11209,-295.17346
11210,-313.8587
11211,-319.9406
11212,-316.62024
11213,-307.46933
11214,-295.9748
11215,-284.7859
11216,-275.39572
11217,-269.0298
11218,-266.90637
11219,-270.00864
11220,-277.6972
11221,-286.75476
11222,-293.26096
11223,-293.173
11224,-283.01614
11225,-262.38565
11226,-235.03264
11227,-205.24646
11228,-176.70682
11229,-152.37888
11230,-134.59373
11231,-125.33289
11232,-126.71606
11233,-141.69385
11234,-155.2079
11235,-147.87117
11236,-153.2415
11237,-168.33534
11238,-191.10696
11239,-219.36484
11240,-250.44109
11241,-281.03738
11242,-307.23923
11243,-324.7081
11244,-329.57706
11245,-321.54523
11246,-305.44894
11247,-287.0051
11248,-271.44278
11249,-262.75684
11250,-260.24863
11251,-256.59634
11252,-243.3267
11253,-213.0404
11254,-162.58755
11255,-105.29986
11256,-48.67784
11257,-8.83433
11258,16.892267
11259,20.418564
11260,7.824214
11261,-20.08585
11262,-58.92614
11263,-96.171036
11264,-113.64462
11265,-101.94477
11266,-70.03993
11267,-31.7169
11268,2.0459635
11269,25.64003
11270,39.1165
11271,45.46391
11272,47.118187
11273,44.570545
11274,35.43007
11275,14.813891
11276,-26.50186
11277,-79.45417
11278,-145.04715
11279,-213.86656
11280,-267.0308
11281,-298.58267
11282,-289.30573
11283,-231.90997
11284,-178.62285
11285,-185.27007
11286,-183.59358
11287,-176.90031
11288,-167.4619
11289,-157.46448
11290,-148.93167
11291,-143.7383
11292,-143.71585
11293,-150.85544
11294,-167.30305
11295,-194.04594
11296,-229.53549
11297,-271.08023
11298,-315.04782
11299,-357.11
11300,-394.33173
11301,-426.98874
11302,3.7859566
11303,2.4453208
11304,1.1089405
11305,-0.17840247
11306,-1.2010567
11307,-1.7608801
11308,-1.6843761
11309,-0.8719154
11310,0.450993
11311,1.7161692
11312,-12.526141
11313,2.3096058
11314,0.83810616
11315,-1.9421178
11316,-5.4612246
11317,-9.1366415
11318,-12.34745
11319,-14.476903
11320,-15.316874
11321,-15.228966
11322,-14.493334
11323,-28.304663
11324,-11.823858
11325,-10.182937
11326,-8.494287
11327,-6.8568377
11328,-5.366251
11329,-4.122104
11330,-3.2319076
11331,-2.8134813
11332,-17.996944
11333,-3.9279563
11334,-5.542339
11335,-6.7321763
11336,-6.398535
11337,-5.5924892
11338,-4.58939
11339,-3.625251
11340,-2.9156716
11341,-2.6746202
11342,-3.1299644
11343,-4.537704
11344,-7.128249
11345,-10.76831
11346,-14.769503
11347,-18.407204
11348,-20.898935
11349,-21.554789
11350,-20.510138
11351,-33.825687
11352,-17.16331
11353,-15.894096
11354,-15.256555
11355,-15.188371
11356,-15.353432
11357,-15.60194
11358,-15.8341055
11359,-15.978017
11360,-16.162193
11361,-16.735346
11362,-17.956964
11363,-20.081398
11364,-38.330524
11365,-42.424625
11366,-29.325726
11367,-26.866705
11368,-26.0
11369,-26.0
11370,-26.0
11371,-25.599077
11372,-22.735462
11373,-18.687096
11374,-18.845997
11375,-20.211468
11376,-22.065134
11377,-24.06621
11378,-25.881727
11379,-27.083353
11380,-27.18855
11381,-25.832232
11382,-22.844028
11383,-18.106445
11384,-17.690126
11385,-24.666819
11386,-26.341389
11387,-27.64093
11388,-27.44372
11389,-26.0
11390,-26.0
11391,-26.0
11392,-26.0
11393,-26.0
11394,-26.0
11395,-26.0
11396,-26.0
11397,-26.0
11398,-41.0
11399,-24.986216
11400,-21.956057
11401,-19.595919
11402,-18.813658
11403,-18.95875
11404,-20.22185
11405,-22.260094
11406,-39.036568
11407,-39.716705
11408,-23.567112
11409,-20.27962
11410,-15.916236
11411,-12.26049
11412,-9.867128
11413,-9.087139
11414,-10.411918
11415,-13.700191
11416,-17.75049
11417,-21.412432
11418,-38.361244
11419,-22.420753
11420,-18.985565
11421,-14.961911
11422,-11.240247
11423,-8.101398
11424,-5.7015734
11425,-3.9939647
11426,-2.751451
11427,-1.9457691
11428,-1.5845304
11429,-1.6588136
11430,-2.1494777
11431,-3.0308588
11432,-4.273029
11433,-5.843108
11434,-8.195719
11435,-12.016353
11436,-16.58558
11437,-21.651241
11438,-26.88711
11439,-30.108618
11440,-28.239511
11441,-26.0
11442,-26.0
11443,-26.0
11444,-26.0
11445,-26.0
11446,-26.0
11447,-25.347712
11448,-23.15579
11449,-22.315237
11450,-25.228086
11451,-27.471308
11452,-26.873894
11453,-26.0
11454,-26.0
11455,-26.0
11456,-26.0
11457,-26.0
11458,-26.0
11459,-26.0
11460,-26.0
11461,-26.0
11462,-26.0
11463,-26.0
11464,-26.0
11465,-26.0
11466,-26.0
11467,-26.0
11468,-26.0
11469,-26.0
11470,-26.0
11471,-24.504797
11472,-20.740253
11473,-18.702118
11474,-17.660044
11475,-16.934925
11476,-16.426
11477,-16.11208
11478,-15.986471
11479,-16.034218
11480,-16.23463
11481,-16.56288
11482,-16.991005
11483,-17.488634
11484,-18.177685
11485,-18.552385
11486,-17.518566
11487,-16.208992
11488,-14.810324
11489,-13.47057
11490,-12.318318
11491,-11.479839
11492,-11.091363
11493,-11.307559
11494,-12.253206
11495,-13.768941
11496,-15.329838
11497,-31.483948
11498,-16.809341
11499,-15.981606
11500,-14.108574
11501,-26.699852
11502,-9.025712
11503,-6.2249026
11504,-3.41448
11505,-0.7574857
11506,1.5220257
11507,3.1996977
11508,4.0232744
11509,3.741961
11510,2.297886
11511,-0.090072535
11512,-3.2156
11513,-6.867255
11514,-10.782601
11515,-14.538552
11516,-17.48971
11517,-18.970366
11518,-18.405783
11519,-15.624788
11520,-11.577878
11521,-7.8663745
11522,-5.1662145
11523,-3.9467237
11524,-19.778645
11525,-7.7953033
11526,-12.396303
11527,-18.082754
11528,-24.27887
11529,-29.891968
11530,-30.626925
11531,-26.0
11532,-26.0
11533,-26.0
11534,-26.0
11535,-26.0
11536,-41.0
11537,-26.0
11538,-26.0
11539,-26.0
11540,-26.0
11541,-26.0
11542,-26.0
11543,-25.47117
11544,-23.117472
11545,-20.096586
11546,-18.75469
11547,-17.848907
11548,-17.504265
11549,-17.832228
11550,-18.70346
11551,-19.708002
11552,-20.554346
11553,-20.972984
11554,-20.759497
11555,-20.114872
11556,-19.638933
11557,-34.682587
11558,-20.51622
11559,-22.37133
11560,-25.068321
11561,-27.857748
11562,-28.408775
11563,-26.0
11564,-26.0
11565,-26.0
11566,-26.0
11567,-26.0
11568,-26.0
11569,-26.0
11570,-26.0
11571,-26.0
11572,-26.0
11573,-26.0
11574,-26.0
11575,-26.0
11576,-26.0
11577,-26.0
11578,-25.797173
11579,-22.377007
11580,-16.209213
11581,-15.017229
11582,-14.784813
11583,-30.920372
11584,-17.845234
11585,-19.316032
11586,-21.37065
11587,-23.456614
11588,-25.304285
11589,-26.613264
11590,-27.07815
11591,-26.433044
11592,-24.508741
11593,-21.27469
11594,-16.950706
11595,-12.351232
11596,-8.449594
11597,-5.502574
11598,-3.8082974
11599,-3.8083973
11600,-5.4490457
11601,-7.8868327
11602,-10.336573
11603,-11.941887
11604,-11.938251
11605,-10.468748
11606,-8.654857
11607,-7.191256
11608,-6.544826
11609,-7.1117706
11610,-8.860414
11611,-11.196392
11612,-13.633302
11613,-15.685909
11614,-16.869095
11615,-16.968975
11616,-16.134298
11617,-14.462171
11618,-12.018432
11619,-8.922253
11620,-5.5629277
11621,-2.528317
11622,-0.1819642
11623,1.1011392
11624,0.91258115
11625,-0.83131135
11626,-3.7227836
11627,-7.3861938
11628,-11.41643
11629,-15.32672
11630,-18.551493
11631,-20.474684
11632,-20.518505
11633,-18.300322
11634,-17.312386
11635,-20.279903
11636,-20.051437
11637,-19.416885
11638,-18.488766
11639,-17.361952
11640,-16.114511
11641,-14.811501
11642,-13.509802
11643,-12.262726
11644,-11.109417
11645,-10.017028
11646,-8.88197
11647,-7.6429667
11648,-6.2523427
11649,-4.650586
11650,-17.716692
11651,-0.26973855
11652,2.832156
11653,6.709676
11654,-357.942
11655,-271.15045
11656,-189.72815
11657,-122.95423
11658,-84.74569
11659,-70.94366
11660,-80.17878
11661,-108.894585
11662,-153.75812
11663,-209.50407
11664,-267.65363
11665,-320.26776
11666,-364.63766
11667,-400.01242
11668,-426.26093
11669,-443.96652
11670,4.225151
11671,3.7845926
11672,3.065526
11673,1.800116
11674,-0.2513412
11675,-3.0893905
11676,-6.369547
11677,-9.746043
11678,-12.864708
11679,-15.339027
11680,-16.773344
11681,-16.811817
11682,-15.207712
11683,-11.877486
11684,-10.827865
11685,-14.282652
11686,-28.4552
11687,-12.173152
11688,-10.722759
11689,-9.332756
11690,-8.2023
11691,-7.527368
11692,-7.5209494
11693,-8.428725
11694,-10.474958
11695,-13.533109
11696,-16.964024
11697,-20.13742
11698,-22.38088
11699,-23.080547
11700,-22.256144
11701,-20.662498
11702,-18.77379
11703,-16.850855
11704,-15.080369
11705,-13.650027
11706,-12.782871
11707,-12.708859
11708,-13.70813
11709,-16.039274
11710,-34.454758
11711,-22.954508
11712,-25.552338
11713,-26.228367
11714,-24.284462
11715,-20.494305
11716,-16.736223
11717,-13.74083
11718,-11.742187
11719,-10.924443
11720,-11.069143
11721,-11.479201
11722,-11.729329
11723,-11.432387
11724,-10.274455
11725,-8.430756
11726,-6.5485034
11727,-5.0067983
11728,-4.091875
11729,-4.122927
11730,-5.482888
11731,-8.655947
11732,-14.3102455
11733,-28.526352
11734,-34.464912
11735,-22.857952
11736,-22.422062
11737,-21.802456
11738,-21.035915
11739,-20.154554
11740,-19.186357
11741,-18.156021
11742,-17.085949
11743,-15.997172
11744,-14.89874
11745,-13.740229
11746,-12.416246
11747,-10.861751
11748,-9.026033
11749,-6.901282
11750,-4.6911798
11751,-2.7962332
11752,-1.506091
11753,-1.1086692
11754,-1.8680173
11755,-3.6597657
11756,-5.8086133
11757,-7.6584496
11758,-8.555737
11759,-7.988813
11760,-6.191868
11761,-4.143282
11762,-2.4712665
11763,-1.6427871
11764,-2.0821335
11765,-3.8356948
11766,-6.4268675
11767,-9.444821
11768,-12.468922
11769,-15.040594
11770,-16.809757
11771,-17.619978
11772,-17.325218
11773,-15.826475
11774,-13.179669
11775,-9.869376
11776,-6.643307
11777,-18.86438
11778,-1.8128576
11779,-0.85103524
11780,-1.4532976
11781,-4.235563
11782,-10.046541
11783,-25.26591
11784,-32.39328
11785,-19.420849
11786,-16.12279
11787,-12.549699
11788,-8.982264
11789,-5.563914
11790,-2.4201515
11791,0.2788134
11792,2.3007982
11793,3.3542056
11794,-11.827109
11795,1.8985412
11796,0.2528863
11797,-1.0373611
11798,-1.2538829
11799,0.14444566
11800,2.881896
11801,5.890361
11802,-400.28543
11803,-364.6156
11804,-356.8887
11805,-379.59833
11806,-423.91345
11807,2.2025716
11808,-0.05541092
11809,-0.8522788
11810,-0.07561653
11811,1.5847197
11812,3.6004865
11813,5.596614
11814,-415.58276
11815,-387.5122
11816,-365.47037
11817,-347.09598
11818,-330.28345
11819,-313.35562
11820,-296.2242
11821,-280.89825
11822,-269.64224
11823,-264.60077
11824,-267.55884
11825,-278.0168
11826,-291.78738
11827,-303.59894
11828,-307.85202
11829,-298.98804
11830,-272.28412
11831,-225.05658
11832,-158.26385
11833,-83.50722
11834,-34.421528
11835,-34.365063
11836,-36.327312
11837,-36.58488
11838,-35.83203
11839,-34.78241
11840,-34.14597
11841,-34.63187
11842,-36.981464
11843,-42.031937
11844,-50.59471
11845,-62.379997
11846,-74.94251
11847,-84.8262
11848,-88.15221
11849,-81.81306
11850,-67.0294
11851,-50.265175
11852,-37.675972
11853,-34.04927
11854,-43.87906
11855,-70.389885
11856,-112.442474
11857,-165.3597
11858,-220.07718
11859,-263.9488
11860,-287.13306
11861,-288.39633
11862,-270.2943
11863,-236.89429
11864,-193.35442
11865,-146.40909
11866,-103.569305
11867,-70.13051
11868,-48.996845
11869,-41.61525
11870,-47.894176
11871,-65.93973
11872,-93.880295
11873,-129.09491
11874,-167.56525
11875,-205.50896
11876,-241.4706
11877,-274.7405
11878,-304.76465
11879,-331.13754
11880,-353.58853
11881,-371.96686
11882,-386.22803
11883,-396.41962
11884,-431.32056
11885,0.27762923
11886,0.14598902
11887,1.8274045
11888,4.536862
11889,-416.96835
11890,-357.06805
11891,-304.8857
11892,-267.9813
11893,-252.52147
11894,-264.10605
11895,-303.76004
11896,-362.7903
11897,-427.42883
11898,2.1442065
11899,1.8541528
11900,3.5020504
11901,5.7103667
11902,-411.97812
11903,-396.27203
11904,-415.2021
11905,2.2389042
11906,-2.776947
11907,-7.691333
11908,-11.123865
11909,-11.799435
11910,-24.762102
11911,-6.5645714
11912,-3.1972651
11913,-0.1821404
11914,2.1312358
11915,3.7590284
11916,5.104384
11917,-429.59485
11918,-399.9337
11919,-365.69705
11920,-326.9962
11921,-289.03625
11922,-257.06076
11923,-235.32106
11924,-227.15077
11925,-233.40004
11926,-251.45787
11927,-278.1751
11928,-310.14694
11929,-343.31653
11930,-372.86047
11931,-393.3419
11932,-399.13428
11933,-385.11084
11934,-367.42584
11935,-368.6942
11936,-361.19354
11937,-348.01074
11938,-331.63776
11939,-314.4548
11940,-298.66226
11941,-286.27725
11942,-279.19556
11943,-279.31732
11944,-288.36856
11945,-306.21484
11946,-329.5204
11947,-353.88068
11948,-374.34467
11949,-385.83615
11950,-385.08228
11951,-371.94382
11952,-347.37622
11953,-312.80148
11954,-270.42517
11955,-224.76396
11956,-182.54993
11957,-149.2645
11958,-128.7874
11959,-123.899635
11960,-134.74461
11961,-157.32414
11962,-186.36702
11963,-215.25368
11964,-236.39314
11965,-245.2566
11966,-243.49182
11967,-234.54822
11968,-222.01414
11969,-209.1083
11970,-197.51854
11971,-186.93446
11972,-176.69502
11973,-166.19832
11974,-154.9803
11975,-143.12428
11976,-131.42703
11977,-120.740425
11978,-111.81364
11979,-105.32263
11980,-101.91579
11981,-102.279076
11982,-107.22077
11983,-117.774765
11984,-162.78131
11985,-273.68027
11986,-339.452
11987,-369.3198
11988,-361.40393
11989,-324.4941
11990,-269.72485
11991,-208.0956
11992,-148.79668
11993,-98.294395
11994,-59.856823
11995,-32.983948
11996,-14.581138
11997,-1.9668014
11998,6.7740574
11999,12.94578
12000,17.034575
12001,18.678652
12002,17.234755
12003,11.668084
12004,0.35503128
12005,-18.194635
12006,-43.915207
12007,-75.24876
12008,-109.00292
12009,-140.4259
12010,-164.104
12011,-175.14676
12012,-169.60298
12013,-145.3075
12014,-103.75443
12015,-53.65175
12016,-13.474869
12017,18.37939
12018,40.690506
12019,47.19277
12020,47.263947
12021,42.401405
12022,31.735125
12023,15.053868
12024,-5.431031
12025,-26.241467
12026,-45.239166
12027,-61.059338
12028,-72.69359
12029,-79.478386
12030,-81.08222
12031,-77.49367
12032,-69.00657
12033,-56.20034
12034,-65.40001
12035,-127.90157
12036,-159.26259
12037,-172.73865
12038,-166.66408
12039,-147.17911
12040,-121.11323
12041,-94.5963
12042,-72.37887
12043,-57.848602
12044,-53.22267
12045,-58.198437
12046,-68.74678
12047,-79.586334
12048,-84.584045
12049,-78.04459
12050,-59.19285
12051,-33.837517
12052,-8.304141
12053,12.98351
12054,28.06492
12055,37.529785
12056,43.29636
12057,46.843853
12058,49.11138
12059,50.679337
12060,51.852966
12061,52.749832
12062,53.43797
12063,53.966946
12064,54.367157
12065,54.64358
12066,54.797256
12067,54.849556
12068,54.798412
12069,54.544838
12070,53.87513
12071,52.62193
12072,50.824284
12073,48.795227
12074,47.07418
12075,46.17795
12076,46.334187
12077,47.534286
12078,49.557014
12079,51.95715
12080,54.055305
12081,54.926857
12082,53.38915
12083,47.986473
12084,42.30014
12085,43.667248
12086,42.900417
12087,40.54998
12088,36.77902
12089,31.822533
12090,26.135891
12091,20.455982
12092,15.77403
12093,13.222311
12094,13.820562
12095,17.952324
12096,25.055851
12097,34.016895
12098,43.314003
12099,51.006023
12100,54.922165
12101,54.15194
12102,50.402287
12103,47.253372
12104,47.91513
12105,51.83139
12106,54.75741
12107,53.666763
12108,49.221916
12109,45.20995
12110,44.720833
12111,46.983
12112,49.85727
12113,51.832317
12114,52.401703
12115,51.51712
12116,49.018833
12117,44.61856
12118,38.449917
12119,31.320824
12120,24.062767
12121,16.573898
12122,8.22493
12123,-1.9381148
12124,-15.13156
12125,-32.283596
12126,-53.35394
12127,-77.75138
12128,-104.44392
12129,-131.93643
12130,-158.30458
12131,-181.28697
12132,-198.43155
12133,-207.2991
12134,-240.29106
12135,-343.6036
12136,-430.1293
12137,-511.48996
12138,-580.25574
12139,-635.3238
12140,4.2116885
12141,3.14989
12142,2.5608864
12143,2.3566651
12144,2.4528415
12145,2.7834609
12146,3.3077545
12147,3.9868736
12148,4.7810884
12149,-653.2046
12150,-633.4366
12151,-617.72504
12152,-609.71234
12153,-613.04315
12154,-631.0776
12155,-664.3519
12156,2.8878741
12157,0.8834445
12158,-0.9689778
12159,-2.4283352
12160,-3.3800657
12161,-3.8844304
12162,-4.0139694
12163,-3.8341606
12164,-3.4172606
12165,-2.8752658
12166,-2.3747325
12167,-2.0861592
12168,-2.1783059
12169,-2.7869532
12170,-3.851803
12171,-5.040796
12172,-6.0013494
12173,-6.3908205
12174,-5.912452
12175,-4.535418
12176,-2.5922234
12177,-0.4378058
12178,1.5887268
12179,3.1483676
12180,3.900916
12181,3.5035324
12182,1.6093041
12183,-2.1336799
12184,-4.373211
12185,-1.5313045
12186,-0.31358597
12187,0.39970437
12188,0.72728944
12189,0.7883139
12190,0.70233727
12191,0.58931386
12192,0.56977886
12193,0.7646322
12194,1.2711425
12195,2.0478573
12196,2.8625586
12197,3.4699175
12198,3.6318781
12199,3.1470683
12200,2.0321953
12201,0.6067754
12202,-0.78577405
12203,-1.8132423
12204,-2.1780777
12205,-1.783612
12206,-0.80845594
12207,0.55101836
12208,2.1118107
12209,3.6957827
12210,5.1422925
12211,-638.84674
12212,-619.4823
12213,-612.546
12214,-620.5022
12215,-642.77454
12216,4.4080896
12217,3.0604827
12218,2.0340283
12219,1.5964494
12220,1.7828854
12221,2.3089707
12222,2.867911
12223,3.1659305
12224,2.9453714
12225,2.1606805
12226,1.0601823
12227,-0.08526814
12228,-1.0155277
12229,-1.4699554
12230,-1.18734
12231,0.09352325
12232,2.6323936
12233,-640.8217
12234,-600.15625
12235,3.1511102
12236,1.245716
12237,0.69757956
12238,1.2099221
12239,2.4900455
12240,4.2478423
12241,-644.5129
12242,-601.17816
12243,-566.7052
12244,-546.0195
12245,-539.20026
12246,-539.59235
12247,-539.23645
12248,-530.2242
12249,-506.05203
12250,-467.41687
12251,-424.5223
12252,-388.17047
12253,-367.60083
12254,-370.43198
12255,-398.50583
12256,-444.33575
12257,-497.3042
12258,-544.62976
12259,-572.74524
12260,-575.0713
12261,-557.2545
12262,-528.0994
12263,-496.17255
12264,-468.71933
12265,-448.87646
12266,-434.57593
12267,-422.87878
12268,-411.02118
12269,-396.47992
12270,-377.56445
12271,-353.76047
12272,-324.93588
12273,-291.1621
12274,-253.01581
12275,-212.71423
12276,-174.21158
12277,-140.91826
12278,-115.23438
12279,-98.859955
12280,-93.35686
12281,-100.96592
12282,-125.681595
12283,-174.57869
12284,-234.09581
12285,-266.72433
12286,-290.87903
12287,-305.40482
12288,-309.8191
12289,-304.08826
12290,-288.6048
12291,-264.1662
12292,-231.95102
12293,-193.49709
12294,-151.04538
12295,-108.93255
12296,-73.096565
12297,-47.574734
12298,-34.55782
12299,-35.683685
12300,-51.444836
12301,-79.15037
12302,-113.901436
12303,-147.70671
12304,-170.46721
12305,-176.81644
12306,-171.21626
12307,-160.88898
12308,-152.81265
12309,-152.96896
12310,-164.27951
12311,-185.40465
12312,-214.09315
12313,-247.69073
12314,-282.94214
12315,-316.6475
12316,-346.37958
12317,-369.80246
12318,-384.55283
12319,-388.80936
12320,-383.45526
12321,-373.1917
12322,-363.41092
12323,-359.28363
12324,-365.41003
12325,-383.5064
12326,-410.77588
12327,-443.2062
12328,-476.2839
12329,-504.8906
12330,-523.4353
12331,-526.2203
12332,-508.02997
12333,-464.957
12334,-451.00705
12335,-530.1667
12336,-607.5231
12337,3.682585
12338,0.74999326
12339,-1.9701033
12340,-4.5030255
12341,-6.8740005
12342,-9.10808
12343,-11.229843
12344,-13.242324
12345,-15.028063
12346,-16.304672
12347,-16.779703
12348,-16.168898
12349,-14.258399
12350,-11.233911
12351,-7.822872
12352,-4.7803693
12353,-2.8368452
12354,-2.6151147
12355,-4.096331
12356,-6.369411
12357,-8.453952
12358,-9.40189
12359,-8.390501
12360,-5.3100166
12361,-1.017482
12362,3.578528
12363,-620.3149
12364,-553.8938
12365,-524.66406
12366,-525.18884
12367,-547.60034
12368,-585.01105
12369,-630.7768
12370,3.99482
12371,1.8252037
12372,-0.42795804
12373,-2.776588
12374,-5.2219076
12375,-7.694501
12376,-10.026675
12377,-12.047019
12378,-13.591822
12379,-14.500878
12380,-14.617231
12381,-13.78692
12382,-11.858853
12383,-8.684785
12384,-9.552078
12385,-23.366453
12386,-22.457062
12387,-24.238722
12388,-24.121778
12389,-22.507582
12390,-19.7922
12391,-16.368143
12392,-12.624696
12393,-8.948004
12394,-5.688339
12395,-3.0013137
12396,-0.77823836
12397,1.105711
12398,2.764791
12399,4.301315
12400,-653.34625
12401,-622.4495
12402,-597.36884
12403,-579.42957
12404,-569.51666
12405,-566.0078
12406,-563.53125
12407,-555.95734
12408,-537.3491
12409,-503.00873
12410,-453.10577
12411,-393.98697
12412,-332.57797
12413,-274.5835
12414,-224.26819
12415,-184.46825
12416,-156.93483
12417,-143.05424
12418,-144.71992
12419,-164.77905
12420,-204.55667
12421,-260.24402
12422,-324.55496
12423,-386.6892
12424,-433.599
12425,-456.9185
12426,-458.46454
12427,-443.58322
12428,-418.28864
12429,-388.5417
12430,-359.8041
12431,-336.89285
12432,-324.12698
12433,-325.77713
12434,-347.25046
12435,-372.88324
12436,-363.00732
12437,-327.77896
12438,-278.4794
12439,-225.61472
12440,-177.58641
12441,-140.2891
12442,-117.62467
12443,-112.93242
12444,-130.41087
12445,-172.61023
12446,-235.28111
12447,-308.77814
12448,-377.5417
12449,-422.49783
12450,-432.75037
12451,-414.20456
12452,-378.10986
12453,-335.72818
12454,-296.1006
12455,-261.9773
12456,-228.9657
12457,-192.25183
12458,-148.55484
12459,-97.43391
12460,-49.177055
12461,-3.254626
12462,28.87517
12463,45.691704
12464,55.214504
12465,53.058006
12466,49.13611
12467,46.313915
12468,45.777702
12469,47.440178
12470,50.227688
12471,52.73871
12472,54.221127
12473,54.76242
12474,54.805397
12475,54.28787
12476,52.40806
12477,48.31204
12478,41.78542
12479,33.622826
12480,25.644571
12481,20.357365
12482,20.260237
12483,26.797277
12484,31.410164
12485,25.425266
12486,22.952723
12487,23.732935
12488,27.00561
12489,31.773296
12490,37.0438
12491,41.999954
12492,46.09632
12493,49.08313
12494,50.982094
12495,52.057064
12496,52.672626
12497,53.08915
12498,53.47908
12499,53.934822
12500,54.408054
12501,54.75895
12502,54.93328
12503,54.983704
12504,54.9968
12505,54.985622
12506,54.92009
12507,54.864494
12508,54.924126
12509,54.945713
12510,54.22821
12511,52.05116
12512,48.518723
12513,44.808487
12514,42.686657
12515,42.90857
12516,44.297173
12517,45.34847
12518,44.781944
12519,41.119278
12520,32.762604
12521,19.597609
12522,3.69412
12523,-10.414059
12524,-17.00469
12525,-13.5472765
12526,-3.325196
12527,9.047544
12528,19.902508
12529,26.97685
12530,28.922968
12531,23.857302
12532,6.950808
12533,-37.93358
12534,-68.4625
12535,-44.08215
12536,-32.19237
12537,-29.021233
12538,-33.089836
12539,-43.82999
12540,-61.18943
12541,-85.29517
12542,-116.17748
12543,-153.55212
12544,-196.64064
12545,-243.93997
12546,-293.04803
12547,-340.81287
12548,-383.49783
12549,-417.43484
12550,-441.62546
12551,-459.56308
12552,-476.15662
12553,-496.69287
12554,-526.45795
12555,-568.717
12556,-623.1816
12557,3.5407968
12558,0.48297766
12559,-2.7121189
12560,-5.9474826
12561,-9.13503
12562,-12.187481
12563,-15.0173855
12564,-17.53577
12565,-19.64355
12566,-21.2278
12567,-22.174965
12568,-22.372421
12569,-21.738335
12570,-20.368338
12571,-18.599537
12572,-16.781466
12573,-15.252403
12574,-14.317281
12575,-14.088139
12576,-14.412546
12577,-15.121747
12578,-16.057167
12579,-17.059359
12580,-17.968384
12581,-18.62418
12582,-18.866945
12583,-18.537317
12584,-16.93388
12585,-13.8776455
12586,-11.280878
12587,-8.977385
12588,-7.0934176
12589,-5.7556863
12590,-5.091517
12591,-5.229147
12592,-6.297806
12593,-8.427801
12594,-11.687429
12595,-15.776835
12596,-19.885853
12597,-23.168228
12598,-24.801298
12599,-24.119604
12600,-21.343822
12601,-17.893194
12602,-15.24234
12603,-14.810449
12604,-17.824417
12605,-29.337244
12606,-37.75483
12607,-46.354683
12608,-53.47861
12609,-52.655064
12610,-53.446114
12611,-51.807453
12612,-48.755207
12613,-45.235626
12614,-42.117157
12615,-39.83807
12616,-38.255066
12617,-37.19837
12618,-36.524574
12619,-36.096436
12620,-35.813602
12621,-35.62622
12622,-35.486835
12623,-35.34574
12624,-35.153797
12625,-34.86503
12626,-34.437668
12627,-33.830196
12628,-33.00093
12629,-31.908161
12630,-30.509514
12631,-28.761242
12632,-26.6181
12633,-24.034113
12634,-24.070337
12635,-29.115953
12636,-32.172634
12637,-34.47828
12638,-36.135345
12639,-37.246326
12640,-37.91393
12641,-38.241234
12642,-38.33159
12643,-38.28877
12644,-38.20254
12645,-38.08003
12646,-37.81562
12647,-37.298283
12648,-36.422417
12649,-35.096886
12650,-33.3139
12651,-31.1787
12652,-28.80202
12653,-26.289341
12654,-23.748278
12655,-21.300138
12656,-19.08481
12657,-17.24313
12658,-15.915239
12659,-15.23204
12660,-15.269289
12661,-16.02695
12662,-17.500454
12663,-19.688337
12664,-22.571722
12665,-26.031364
12666,-29.81014
12667,-33.64201
12668,-37.26664
12669,-40.432407
12670,-42.936646
12671,-44.643383
12672,-45.420383
12673,-45.13277
12674,-43.683235
12675,-41.191586
12676,-38.071762
12677,-34.750214
12678,-31.6388
12679,-29.148739
12680,-27.69157
12681,-27.680374
12682,-29.53112
12683,-33.663433
12684,-38.010662
12685,-39.340027
12686,-40.461483
12687,-41.108902
12688,-41.37931
12689,-41.36953
12690,-41.17614
12691,-40.895622
12692,-40.62438
12693,-40.458782
12694,-40.486877
12695,-40.74847
12696,-41.21767
12697,-41.865276
12698,-42.665073
12699,-43.586132
12700,-44.57041
12701,-45.522945
12702,-46.346928
12703,-46.94727
12704,-47.234093
12705,-47.147575
12706,-46.668774
12707,-45.780685
12708,-44.464554
12709,-42.725204
12710,-40.704765
12711,-38.731644
12712,-37.142693
12713,-36.266396
12714,-36.38854
12715,-37.54316
12716,-39.41993
12717,-41.69005
12718,-44.039227
12719,-46.17647
12720,-47.948475
12721,-49.389606
12722,-50.543518
12723,-51.445297
12724,-52.13394
12725,-52.671288
12726,-53.1502
12727,-53.665035
12728,-54.308636
12729,-55.173935
12730,-56.35386
12731,-57.94145
12732,-60.0298
12733,-62.712116
12734,-63.195057
12735,-59.379223
12736,-57.843185
12737,-57.239468
12738,-57.38688
12739,-58.10384
12740,-59.20843
12741,-60.51841
12742,-61.85141
12743,-63.024967
12744,-63.883335
12745,-64.426056
12746,-64.86347
12747,-65.41502
12748,-66.290344
12749,-67.6722
12750,-69.58698
12751,-71.8484
12752,-74.2609
12753,-76.6387
12754,-78.80188
12755,-80.603806
12756,-81.943245
12757,-82.72084
12758,-82.835205
12759,-82.21408
12760,-80.953926
12761,-79.37971
12762,-77.82544
12763,-76.61405
12764,-76.03832
12765,-76.2151
12766,-77.022705
12767,-78.32966
12768,-80.015564
12769,-81.95366
12770,-83.980804
12771,-85.88348
12772,-87.44356
12773,-88.44253
12774,-88.69052
12775,-88.17116
12776,-87.10403
12777,-85.71902
12778,-84.235886
12779,-82.87574
12780,-81.860916
12781,-81.41508
12782,-81.76312
12783,-83.131294
12784,-84.544685
12785,-85.004616
12786,-86.75664
12787,-89.218994
12788,-92.227104
12789,-95.61641
12790,-99.22253
12791,-102.88123
12792,-106.42839
12793,-109.699936
12794,-112.524
12795,-114.68251
12796,-115.8949
12797,-115.87812
12798,-114.35205
12799,-111.11247
12800,-106.39675
12801,-106.039505
12802,-100.89761
12803,-91.79822
12804,-89.45626
12805,-88.937386
12806,-89.42787
12807,-90.07869
12808,-90.08187
12809,-88.73983
12810,-85.997475
12811,-82.66941
12812,-79.603424
12813,-77.60529
12814,-77.369896
12815,-78.947815
12816,-81.514244
12817,-84.20611
12818,-86.20006
12819,-86.764305
12820,-85.699005
12821,-83.52473
12822,-80.79083
12823,-78.01206
12824,-75.6638
12825,-73.992165
12826,-72.933075
12827,-72.41014
12828,-72.362045
12829,-72.7275
12830,-73.44538
12831,-74.45468
12832,-75.694336
12833,-77.10346
12834,-79.1435
12835,-81.516716
12836,-81.952545
12837,-81.21182
12838,-79.56388
12839,-77.27744
12840,-74.620926
12841,-71.862465
12842,-69.26987
12843,-67.11084
12844,-65.629555
12845,-64.93374
12846,-64.946075
12847,-65.58132
12848,-66.76281
12849,-68.401215
12850,-70.334526
12851,-72.302086
12852,-74.03892
12853,-75.2846
12854,-75.81803
12855,-75.645775
12856,-75.08302
12857,-74.45749
12858,-74.08201
12859,-74.225494
12860,-74.90054
12861,-75.77216
12862,-76.4907
12863,-76.722855
12864,-76.17949
12865,-74.82824
12866,-72.98421
12867,-70.976585
12868,-69.117805
12869,-67.6946
12870,-66.84501
12871,-66.505455
12872,-66.60395
12873,-67.07791
12874,-67.86433
12875,-68.89796
12876,-70.110535
12877,-71.43363
12878,-72.79897
12879,-74.13829
12880,-75.383194
12881,-76.465485
12882,-77.31685
12883,-77.86907
12884,-78.250786
12885,-78.89081
12886,-79.91996
12887,-81.26923
12888,-82.91512
12889,-84.833984
12890,-87.00225
12891,-89.3963
12892,-91.99252
12893,-94.76732
12894,-97.67844
12895,-100.57529
12896,-103.16043
12897,-105.1307
12898,-106.19005
12899,-106.08452
12900,-104.804115
12901,-102.669
12902,-100.01191
12903,-97.1497
12904,-94.38597
12905,-91.948044
12906,-89.96015
12907,-88.542595
12908,-87.82057
12909,-87.89187
12910,-88.69359
12911,-89.94497
12912,-91.356476
12913,-92.64874
12914,-93.587845
12915,-94.203766
12916,-94.88404
12917,-96.03032
12918,-98.02736
12919,-101.18914
12920,-105.41758
12921,-110.05605
12922,-114.42577
12923,-117.87483
12924,-119.82148
12925,-120.08943
12926,-119.05108
12927,-117.0997
12928,-114.602196
12929,-111.925476
12930,-109.43624
12931,-107.50126
12932,-106.48725
12933,-106.76101
12934,-106.52043
12935,-103.85628
12936,-102.73781
12937,-102.31875
12938,-102.45529
12939,-103.00348
12940,-103.81945
12941,-104.759186
12942,-105.67874
12943,-106.434074
12944,-106.90966
12945,-107.15484
12946,-107.44251
12947,-108.05415
12948,-109.260544
12949,-111.27797
12950,-114.00553
12951,-116.91284
12952,-119.452835
12953,-121.099045
12954,-121.39709
12955,-120.31012
12956,-118.36659
12957,-116.11648
12958,-114.082565
12959,-112.7412
12960,-112.29873
12961,-112.596245
12962,-113.4608
12963,-114.737
12964,-116.26924
12965,-117.901924
12966,-119.479454
12967,-120.8462
12968,-121.84635
12969,-122.34394
12970,-122.317375
12971,-121.89995
12972,-121.23096
12973,-120.44238
12974,-119.66234
12975,-118.99504
12976,-118.512726
12977,-118.28645
12978,-118.38888
12979,-118.89271
12980,-119.87073
12981,-121.39574
12982,-123.54057
12983,-126.37809
12984,-129.65599
12985,-132.3249
12986,-133.68495
12987,-134.20695
12988,-134.13405
12989,-133.70923
12990,-133.17563
12991,-132.77628
12992,-132.75423
12993,-133.35252
12994,-134.76288
12995,-136.87907
12996,-139.1914
12997,-141.17493
12998,-142.32391
12999,-142.2055
13000,-140.80902
13001,-138.69585
13002,-136.44946
13003,-134.62592
13004,-133.71236
13005,-133.79547
13006,-134.42003
13007,-135.11009
13008,-135.41576
13009,-134.9465
13010,-133.65721
13011,-131.97057
13012,-130.327
13013,-129.14459
13014,-128.78632
13015,-129.2956
13016,-130.28308
13017,-131.34294
13018,-132.09006
13019,-132.20103
13020,-131.71033
13021,-131.13728
13022,-131.01968
13023,-131.872
13024,-134.14407
13025,-137.90944
13026,-142.73253
13027,-153.15828
13028,-158.75633
13029,-164.0964
13030,-163.74857
13031,-167.28284
13032,-169.26915
13033,-169.27705
13034,-169.04001
13035,-170.79762
13036,-171.25359
13037,-171.05423
13038,-170.29453
13039,-169.0695
13040,-167.4742
13041,-165.60373
13042,-163.5532
13043,-161.41774
13044,-159.29836
13045,-157.33023
13046,-155.69502
13047,-154.57599
13048,-154.15427
13049,-154.57439
13050,-155.76874
13051,-157.38257
13052,-159.05013
13053,-160.41934
13054,-161.18095
13055,-161.27328
13056,-160.97006
13057,-160.5582
13058,-160.30861
13059,-160.45589
13060,-161.02432
13061,-161.75313
13062,-162.37047
13063,-162.61813
13064,-162.28444
13065,-161.42795
13066,-160.47334
13067,-159.8597
13068,-160.00856
13069,-161.27531
13070,-163.63078
13071,-166.52545
13072,-169.38985
13073,-171.67952
13074,-172.90266
13075,-172.87375
13076,-171.82204
13077,-169.99323
13078,-167.61334
13079,-164.9086
13080,-162.10526
13081,-159.42958
13082,-157.10788
13083,-155.36636
13084,-153.79034
13085,-151.80223
13086,-150.40466
13087,-149.37366
13088,-148.66208
13089,-148.22276
13090,-148.00856
13091,-147.97232
13092,-148.06694
13093,-148.24529
13094,-148.46127
13095,-148.675
13096,-148.85477
13097,-148.96931
13098,-148.98692
13099,-148.88292
13100,-148.67404
13101,-148.43282
13102,-148.23393
13103,-148.14944
13104,-148.23404
13105,-148.44159
13106,-148.58939
13107,-148.48958
13108,-147.96083
13109,-146.86122
13110,-145.27867
13111,-143.61223
13112,-142.27298
13113,-141.65707
13114,-142.10072
13115,-143.59186
13116,-145.64714
13117,-147.7652
13118,-149.4674
13119,-150.33095
13120,-150.2578
13121,-149.58946
13122,-148.68445
13123,-147.88034
13124,-147.47845
13125,-147.5698
13126,-147.96062
13127,-148.4462
13128,-148.83546
13129,-148.93736
13130,-148.56085
13131,-147.5148
13132,-145.6081
13133,-142.64952
13134,-141.47449
13135,-144.62637
13136,-145.95303
13137,-146.74335
13138,-147.18976
13139,-147.48477
13140,-147.82082
13141,-148.39046
13142,-149.38611
13143,-151.00029
13144,-153.37338
13145,-156.3434
13146,-159.33914
13147,-161.77351
13148,-163.07884
13149,-162.78104
13150,-160.95445
13151,-158.41663
13152,-156.01471
13153,-154.56064
13154,-154.75046
13155,-156.6064
13156,-159.23871
13157,-161.72289
13158,-163.17853
13159,-162.85838
13160,-160.78868
13161,-158.04385
13162,-155.74004
13163,-154.94345
13164,-156.56816
13165,-160.64542
13166,-171.01192
13167,-176.45921
13168,-175.83687
13169,-178.12645
13170,-178.07497
13171,-176.46666
13172,-174.12746
13173,-171.83461
13174,-170.29266
13175,-169.78218
13176,-170.00923
13177,-170.657
13178,-171.43613
13179,-172.05717
13180,-172.23073
13181,-171.6673
13182,-170.0773
13183,-167.17096
13184,-164.08495
13185,-162.9392
13186,-162.62521
13187,-163.0215
13188,-163.92677
13189,-165.13991
13190,-166.45981
13191,-167.68541
13192,-168.61575
13193,-169.04968
13194,-168.81073
13195,-167.86537
13196,-166.37387
13197,-164.50421
13198,-162.41507
13199,-160.25195
13200,-158.08342
13201,-155.87373
13202,-153.58302
13203,-151.17639
13204,-148.64136
13205,-146.096
13206,-143.83495
13207,-142.15971
13208,-141.36325
13209,-141.69301
13210,-143.13208
13211,-145.3058
13212,-147.82579
13213,-150.32094
13214,-152.45602
13215,-154.10384
13216,-155.41891
13217,-156.56651
13218,-157.69847
13219,-158.94894
13220,-160.34952
13221,-161.79286
13222,-163.16624
13223,-164.36366
13224,-165.29176
13225,-165.93112
13226,-166.36232
13227,-166.67003
13228,-166.93398
13229,-167.23393
13230,-167.64977
13231,-168.26118
13232,-169.14801
13233,-170.39003
13234,-171.88437
13235,-172.76234
13236,-172.15393
13237,-170.65422
13238,-168.58861
13239,-166.28279
13240,-164.06245
13241,-162.2534
13242,-161.18135
13243,-161.17188
13244,-162.48122
13245,-164.9633
13246,-167.92734
13247,-170.66174
13248,-172.48114
13249,-172.80565
13250,-171.66902
13251,-169.93692
13252,-168.5083
13253,-168.24261
13254,-169.86678
13255,-173.33864
13256,-177.57513
13257,-181.45332
13258,-183.90036
13259,-183.9859
13260,-181.6091
13261,-177.79463
13262,-173.61365
13263,-170.08463
13264,-168.12895
13265,-168.10248
13266,-169.5954
13267,-172.16791
13268,-175.41693
13269,-178.93983
13270,-182.33466
13271,-185.20012
13272,-187.135
13273,-187.73776
13274,-186.67691
13275,-184.02908
13276,-180.42506
13277,-176.51854
13278,-172.93748
13279,-170.30971
13280,-169.26285
13281,-170.42398
13282,-174.4192
13283,-186.87267
13284,-195.00452
13285,-193.77429
13286,-195.8803
13287,-196.4801
13288,-195.95517
13289,-194.68819
13290,-193.06317
13291,-191.46544
13292,-190.28148
13293,-189.8987
13294,-190.65599
13295,-192.60674
13296,-195.41719
13297,-198.73865
13298,-202.24156
13299,-205.5891
13300,-208.39955
13301,-210.23004
13302,-210.63515
13303,-209.1718
13304,-205.47926
13305,-204.6782
13306,-197.54399
13307,-189.88094
13308,-182.46329
13309,-176.01324
13310,-170.95085
13311,-162.28673
13312,-160.01474
13313,-159.14812
13314,-159.64293
13315,-161.12335
13316,-162.76434
13317,-163.72343
13318,-163.1795
13319,-160.42549
13320,-155.42136
13321,-154.0318
13322,-147.1577
13323,-140.65695
13324,-135.30753
13325,-126.4258
13326,-123.7036
13327,-121.80911
13328,-120.4406
13329,-119.2963
13330,-118.07452
13331,-116.47352
13332,-114.19149
13333,-110.926796
13334,-110.583305
13335,-116.82561
13336,-121.264725
13337,-125.297935
13338,-128.9025
13339,-132.05554
13340,-134.73415
13341,-136.91534
13342,-138.57614
13343,-139.69339
13344,-140.25038
13345,-140.26735
13346,-139.81454
13347,-138.9643
13348,-137.7863
13349,-136.365
13350,-134.8695
13351,-133.58371
13352,-132.79588
13353,-132.78874
13354,-133.7856
13355,-135.66446
13356,-137.83597
13357,-139.69298
13358,-140.65083
13359,-140.21869
13360,-138.45125
13361,-136.14207
13362,-134.11308
13363,-133.1509
13364,-133.93442
13365,-136.5177
13366,-140.10898
13367,-143.88425
13368,-147.0603
13369,-148.94011
13370,-149.32628
13371,-148.69797
13372,-147.56032
13373,-146.38626
13374,-145.60605
13375,-145.40169
13376,-145.61896
13377,-146.09079
13378,-146.66621
13379,-147.19432
13380,-147.52412
13381,-147.50478
13382,-146.98526
13383,-145.8147
13384,-147.27328
13385,-158.22784
13386,-154.92851
13387,-154.6399
13388,-152.93117
13389,-150.37196
13390,-147.53221
13391,-144.98212
13392,-143.29181
13393,-143.03133
13394,-144.6651
13395,-148.04515
13396,-152.19456
13397,-156.10504
13398,-158.80843
13399,-159.46814
13400,-158.01268
13401,-155.40694
13402,-152.65678
13403,-150.7188
13404,-150.43027
13405,-151.93547
13406,-154.44046
13407,-157.11542
13408,-159.17574
13409,-159.92892
13410,-159.217
13411,-157.60616
13412,-155.69092
13413,-154.03136
13414,-153.12756
13415,-153.13046
13416,-153.71815
13417,-154.55046
13418,-155.30994
13419,-155.71057
13420,-155.64957
13421,-155.27243
13422,-154.73416
13423,-154.17804
13424,-153.732
13425,-153.4347
13426,-153.20392
13427,-152.95291
13428,-152.60071
13429,-152.06635
13430,-151.269
13431,-150.12773
13432,-148.56178
13433,-146.49028
13434,-143.99239
13435,-142.18047
13436,-142.40343
13437,-143.82744
13438,-146.01474
13439,-148.52786
13440,-150.92929
13441,-152.78171
13442,-153.64767
13443,-153.08966
13444,-150.76283
13445,-146.86157
13446,-142.31143
13447,-138.06659
13448,-135.04611
13449,-134.05118
13450,-135.19948
13451,-137.68376
13452,-140.66139
13453,-143.33441
13454,-144.98471
13455,-145.35805
13456,-144.82797
13457,-143.7922
13458,-142.61835
13459,-141.64265
13460,-141.01868
13461,-140.65239
13462,-140.44046
13463,-140.29129
13464,-140.11737
13465,-139.85481
13466,-139.47176
13467,-138.93747
13468,-138.2197
13469,-137.30524
13470,-136.29105
13471,-135.42348
13472,-134.95448
13473,-135.12897
13474,-136.15782
13475,-138.05492
13476,-140.56738
13477,-143.43217
13478,-146.39911
13479,-149.218
13480,-151.63878
13481,-153.41122
13482,-154.2853
13483,-154.01065
13484,-153.8861
13485,-155.78511
13486,-157.70038
13487,-159.81706
13488,-162.03914
13489,-164.27066
13490,-166.41563
13491,-168.37813
13492,-170.06221
13493,-171.37189
13494,-172.21194
13495,-172.49176
13496,-172.12682
13497,-171.0328
13498,-169.1251
13499,-166.36134
13500,-162.94487
13501,-159.41208
13502,-156.31274
13503,-154.18057
13504,-153.47758
13505,-154.24954
13506,-155.97891
13507,-158.12651
13508,-160.18036
13509,-161.68446
13510,-162.50809
13511,-162.96072
13512,-163.3691
13513,-164.0388
13514,-165.23195
13515,-166.95737
13516,-168.8809
13517,-170.65514
13518,-171.94914
13519,-172.46341
13520,-172.08205
13521,-170.93784
13522,-169.17336
13523,-166.91943
13524,-164.31105
13525,-161.50684
13526,-158.69742
13527,-156.07472
13528,-153.82915
13529,-152.15103
13530,-151.23064
13531,-151.25824
13532,-152.424
13533,-154.91797
13534,-157.27231
13535,-157.72173
13536,-158.85832
13537,-160.13866
13538,-161.45937
13539,-162.71715
13540,-163.80865
13541,-164.63057
13542,-165.07957
13543,-165.05229
13544,-164.47389
13545,-163.43596
13546,-162.2552
13547,-161.25732
13548,-160.75719
13549,-161.03255
13550,-162.14473
13551,-163.86241
13552,-165.94292
13553,-168.15758
13554,-170.28346
13555,-172.13007
13556,-173.55095
13557,-174.40132
13558,-174.53426
13559,-173.84512
13560,-172.47496
13561,-170.8982
13562,-169.6025
13563,-169.05974
13564,-169.67604
13565,-171.47583
13566,-173.96687
13567,-176.63692
13568,-178.9985
13569,-180.60881
13570,-181.28389
13571,-181.19046
13572,-180.50926
13573,-179.40439
13574,-178.04008
13575,-176.58083
13576,-175.19157
13577,-174.03711
13578,-173.28236
13579,-173.0921
13580,-173.63072
13581,-175.0619
13582,-177.54851
13583,-181.25282
13584,-183.71466
13585,-182.34464
13586,-181.83253
13587,-181.36366
13588,-180.90308
13589,-180.41617
13590,-179.86867
13591,-179.22653
13592,-178.45605
13593,-177.5237
13594,-176.39749
13595,-175.05379
13596,-173.48003
13597,-171.66411
13598,-169.59364
13599,-167.2763
13600,-164.83713
13601,-162.56015
13602,-160.73557
13603,-159.64595
13604,-159.5276
13605,-160.3476
13606,-161.70856
13607,-163.19914
13608,-164.42546
13609,-165.03743
13610,-164.93997
13611,-164.38345
13612,-163.63164
13613,-162.93188
13614,-162.50089
13615,-162.37726
13616,-162.35867
13617,-162.23322
13618,-161.80054
13619,-160.89218
13620,-159.52553
13621,-157.96977
13622,-156.504
13623,-155.39514
13624,-154.8831
13625,-155.05045
13626,-155.76677
13627,-156.89346
13628,-158.30205
13629,-159.8641
13630,-161.45116
13631,-162.93471
13632,-164.1863
13633,-165.0774
13634,-164.42426
13635,-162.11945
13636,-161.90274
13637,-162.82838
13638,-164.68945
13639,-167.27914
13640,-170.39069
13641,-173.81744
13642,-177.35277
13643,-180.79013
13644,-183.93054
13645,-186.61864
13646,-188.75798
13647,-190.2546
13648,-191.01149
13649,-190.95834
13650,-190.1797
13651,-188.97034
13652,-187.63348
13653,-186.46272
13654,-185.71046
13655,-185.39024
13656,-185.19191
13657,-184.79236
13658,-183.88367
13659,-182.19281
13660,-179.64885
13661,-176.45522
13662,-172.8265
13663,-168.96434
13664,-165.0742
13665,-161.38358
13666,-158.14954
13667,-155.63043
13668,-154.08296
13669,-153.71344
13670,-154.4356
13671,-155.76698
13672,-157.21005
13673,-158.28621
13674,-158.57095
13675,-157.95296
13676,-156.74542
13677,-155.27809
13678,-153.86043
13679,-152.80196
13680,-152.41223
13681,-153.00064
13682,-154.87657
13683,-158.34915
13684,-163.06934
13685,-167.63826
13686,-171.55006
13687,-174.94727
13688,-177.82643
13689,-180.18402
13690,-182.01656
13691,-183.32047
13692,-184.09224
13693,-184.32837
13694,-184.03825
13695,-183.30702
13696,-182.3223
13697,-181.27583
13698,-180.3546
13699,-179.71815
13700,-179.36682
13701,-179.08522
13702,-178.6492
13703,-177.84483
13704,-176.50633
13705,-174.75024
13706,-173.07585
13707,-171.99782
13708,-172.01254
13709,-173.5218
13710,-176.37764
13711,-179.6883
13712,-182.53331
13713,-184.02814
13714,-183.41557
13715,-180.68066
13716,-176.8152
13717,-172.85269
13718,-169.7795
13719,-168.46599
13720,-169.10869
13721,-170.9919
13722,-173.3643
13723,-175.5187
13724,-176.81107
13725,-176.96344
13726,-176.19398
13727,-174.74055
13728,-172.8174
13729,-170.63892
13730,-168.4196
13731,-166.37387
13732,-164.71617
13733,-163.66081
13734,-167.211
13735,-181.89594
13736,-186.55722
13737,-183.77315
13738,-183.99637
13739,-182.68001
13740,-180.27785
13741,-177.24417
13742,-174.03358
13743,-171.1009
13744,-168.86523
13745,-167.53822
13746,-167.05055
13747,-167.32172
13748,-168.28467
13749,-169.85185
13750,-171.81676
13751,-173.81163
13752,-175.4626
13753,-176.40335
13754,-176.32495
13755,-175.2525
13756,-173.66383
13757,-172.05492
13758,-170.90033
13759,-170.6203
13760,-171.31934
13761,-172.6744
13762,-174.34558
13763,-176.01358
13764,-177.37758
13765,-178.244
13766,-178.56439
13767,-178.29614
13768,-177.38965
13769,-175.82727
13770,-173.77792
13771,-171.66304
13772,-169.91432
13773,-168.95143
13774,-169.14072
13775,-170.53981
13776,-172.78839
13777,-175.50983
13778,-178.34756
13779,-180.94527
13780,-182.94656
13781,-183.99501
13782,-183.73398
13783,-181.8065
13784,-180.50908
13785,-182.0367
13786,-181.23929
13787,-179.4387
13788,-177.00003
13789,-174.28856
13790,-171.66986
13791,-169.50945
13792,-168.17284
13793,-168.02527
13794,-169.35942
13795,-172.04604
13796,-175.38513
13797,-178.6548
13798,-181.16058
13799,-182.28375
13800,-181.8451
13801,-180.26137
13802,-177.97328
13803,-175.39366
13804,-172.91078
13805,-170.76921
13806,-169.01869
13807,-167.7012
13808,-166.86795
13809,-166.55995
13810,-166.75902
13811,-167.3669
13812,-168.28214
13813,-169.40717
13814,-170.64555
13815,-171.90732
13816,-173.11128
13817,-174.17659
13818,-175.02194
13819,-175.58174
13820,-175.8813
13821,-176.06924
13822,-176.2991
13823,-176.7185
13824,-177.45421
13825,-178.5115
13826,-179.73128
13827,-180.94778
13828,-182.00328
13829,-182.73991
13830,-182.99979
13831,-182.62508
13832,-181.45781
13833,-179.3399
13834,-177.27579
13835,-176.53679
13836,-175.38676
13837,-174.16707
13838,-172.93239
13839,-171.73738
13840,-170.63667
13841,-169.6849
13842,-168.93675
13843,-168.44681
13844,-168.25874
13845,-168.35223
13846,-168.62044
13847,-168.95305
13848,-169.24397
13849,-169.39487
13850,-169.35275
13851,-169.12614
13852,-168.72585
13853,-168.15988
13854,-167.44118
13855,-166.61179
13856,-165.75328
13857,-164.94872
13858,-164.27936
13859,-163.82355
13860,-163.64328
13861,-163.77847
13862,-164.26808
13863,-165.15213
13864,-166.45718
13865,-168.13156
13866,-170.01775
13867,-171.95401
13868,-173.78378
13869,-175.35901
13870,-176.58131
13871,-177.41951
13872,-177.84505
13873,-177.82617
13874,-177.34363
13875,-176.4506
13876,-175.29865
13877,-174.04315
13878,-172.83498
13879,-171.82487
13880,-171.1637
13881,-171.00217
13882,-171.49104
13883,-172.78104
13884,-172.5065
13885,-169.16771
13886,-168.91339
13887,-170.17964
13888,-172.57736
13889,-175.71777
13890,-179.21242
13891,-182.67299
13892,-185.71132
13893,-187.93925
13894,-189.01505
13895,-188.86734
13896,-187.7915
13897,-186.09792
13898,-184.07973
13899,-182.01363
13900,-180.07967
13901,-178.32689
13902,-176.79906
13903,-175.5461
13904,-174.61006
13905,-173.98732
13906,-173.61234
13907,-173.41714
13908,-173.33669
13909,-173.32228
13910,-173.41989
13911,-173.80386
13912,-174.65361
13913,-176.14229
13914,-178.3917
13915,-181.22433
13916,-184.05775
13917,-186.29373
13918,-187.35326
13919,-186.7415
13920,-184.4547
13921,-181.15533
13922,-177.53355
13923,-174.24821
13924,-171.8965
13925,-170.71632
13926,-170.45866
13927,-170.85527
13928,-171.66124
13929,-172.63168
13930,-173.52187
13931,-174.08698
13932,-174.08228
13933,-173.26288
13934,-171.82622
13935,-170.876
13936,-171.0022
13937,-171.78108
13938,-172.99069
13939,-174.40895
13940,-175.81372
13941,-176.98254
13942,-177.69278
13943,-177.7218
13944,-176.88124
13945,-175.18237
13946,-172.90715
13947,-170.34865
13948,-167.78725
13949,-165.4918
13950,-163.66338
13951,-162.4112
13952,-161.84076
13953,-162.0621
13954,-163.15097
13955,-164.98395
13956,-167.16806
13957,-169.29994
13958,-170.98918
13959,-171.88907
13960,-171.9062
13961,-171.29045
13962,-170.30531
13963,-169.19797
13964,-168.20868
13965,-167.53726
13966,-167.32869
13967,-167.72565
13968,-168.87346
13969,-170.87033
13970,-173.5418
13971,-176.34398
13972,-178.71878
13973,-180.12566
13974,-180.08197
13975,-178.44244
13976,-175.51912
13977,-171.64268
13978,-167.12228
13979,-162.26733
13980,-157.38725
13981,-152.79144
13982,-148.78925
13983,-145.6898
13984,-144.21335
13985,-144.61896
13986,-145.45557
13987,-146.8684
13988,-148.76514
13989,-151.05333
13990,-153.6407
13991,-156.43488
13992,-159.34346
13993,-162.27419
13994,-165.13498
13995,-167.83574
13996,-170.28868
13997,-172.40625
13998,-174.10074
13999,-175.30421
14000,-176.06442
14001,-176.58571
14002,-177.07864
14003,-177.74637
14004,-178.76225
14005,-180.12688
14006,-181.60677
14007,-182.95909
14008,-183.95236
14009,-184.37138
14010,-184.0974
14011,-183.14186
14012,-181.52159
14013,-179.24715
14014,-176.3522
14015,-173.0047
14016,-169.55466
14017,-166.35939
14018,-163.76761
14019,-162.09163
14020,-161.43323
14021,-161.60898
14022,-162.42436
14023,-163.6985
14024,-165.25743
14025,-166.96619
14026,-168.74277
14027,-170.50728
14028,-172.17732
14029,-173.67044
14030,-174.90422
14031,-175.79619
14032,-176.26393
14033,-176.22495
14034,-174.9395
14035,-172.08846
14036,-169.62944
14037,-167.29811
14038,-165.16461
14039,-163.29904
14040,-161.7715
14041,-160.6521
14042,-160.0109
14043,-159.918
14044,-160.42247
14045,-161.45181
14046,-162.76889
14047,-164.13019
14048,-165.30003
14049,-166.07266
14050,-166.41518
14051,-166.52917
14052,-166.62535
14053,-166.90323
14054,-167.5454
14055,-168.63556
14056,-170.1237
14057,-171.9546
14058,-174.0793
14059,-176.43643
14060,-178.89177
14061,-181.21239
14062,-183.16164
14063,-184.50735
14064,-185.04555
14065,-184.73499
14066,-183.75558
14067,-182.29608
14068,-180.53474
14069,-178.64412
14070,-176.76514
14071,-174.9964
14072,-173.43391
14073,-172.17525
14074,-171.299
14075,-170.77383
14076,-170.41965
14077,-170.05112
14078,-169.491
14079,-168.5627
14080,-167.09045
14081,-164.89906
14082,-161.8138
14083,-157.66049
14084,-154.89212
14085,-155.83507
14086,-155.36813
14087,-154.5534
14088,-153.55052
14089,-152.51933
14090,-151.61975
14091,-151.01167
14092,-150.85504
14093,-151.30966
14094,-152.50945
14095,-154.43703
14096,-156.87057
14097,-159.58034
14098,-162.34634
14099,-164.95181
14100,-167.19885
14101,-168.91525
14102,-169.9296
14103,-170.06903
14104,-169.19588
14105,-167.37738
14106,-164.95859
14107,-162.29572
14108,-159.73161
14109,-157.5788
14110,-155.97365
14111,-154.81407
14112,-153.98853
14113,-153.39679
14114,-152.9401
14115,-152.5282
14116,-152.0824
14117,-151.52443
14118,-150.77536
14119,-149.77531
14120,-148.57542
14121,-147.37718
14122,-146.38783
14123,-145.80743
14124,-145.8056
14125,-146.37582
14126,-147.27312
14127,-148.24341
14128,-149.04398
14129,-149.43211
14130,-149.16504
14131,-147.99988
14132,-145.69379
14133,-142.00374
14134,-139.29189
14135,-140.0688
14136,-139.68883
14137,-139.04744
14138,-138.24501
14139,-137.38199
14140,-136.5587
14141,-135.87553
14142,-135.43289
14143,-135.33113
14144,-135.65375
14145,-136.38594
14146,-137.37994
14147,-138.48299
14148,-139.54855
14149,-140.44272
14150,-141.10364
14151,-141.56725
14152,-141.87326
14153,-142.05669
14154,-142.14742
14155,-142.14543
14156,-142.01033
14157,-141.70016
14158,-141.17494
14159,-140.41467
14160,-139.5159
14161,-138.73277
14162,-138.32553
14163,-138.5469
14164,-139.60124
14165,-141.41254
14166,-143.52495
14167,-145.46838
14168,-146.79086
14169,-147.10646
14170,-146.4124
14171,-145.22517
14172,-144.08118
14173,-143.49205
14174,-143.91061
14175,-145.4482
14176,-147.75383
14177,-150.45877
14178,-153.21667
14179,-155.6812
14180,-157.50604
14181,-158.34491
14182,-157.85126
14183,-155.67847
14184,-153.42969
14185,-153.38484
14186,-152.976
14187,-152.63622
14188,-152.39789
14189,-152.29347
14190,-152.35524
14191,-152.6152
14192,-153.10464
14193,-153.85419
14194,-154.88
14195,-156.11563
14196,-157.38295
14197,-158.50009
14198,-159.29103
14199,-159.60272
14200,-159.41214
14201,-158.86992
14202,-158.12851
14203,-157.32921
14204,-156.59839
14205,-155.97827
14206,-155.39772
14207,-154.78397
14208,-154.07275
14209,-153.2102
14210,-152.18861
14211,-151.06142
14212,-149.88647
14213,-148.72055
14214,-147.61212
14215,-146.55394
14216,-145.46263
14217,-144.25255
14218,-142.84218
14219,-141.15121
14220,-139.10501
14221,-136.6361
14222,-133.67653
14223,-130.15752
14224,-126.033646
14225,-121.39731
14226,-116.52751
14227,-111.710144
14228,-107.22189
14229,-103.339096
14230,-100.337845
14231,-98.49402
14232,-98.08341
14233,-99.3819
14234,-101.69691
14235,-102.624214
14236,-101.223885
14237,-98.38745
14238,-94.62192
14239,-90.43353
14240,-86.32781
14241,-82.80944
14242,-80.382576
14243,-79.55145
14244,-80.70968
14245,-83.60419
14246,-87.10314
14247,-90.03668
14248,-91.27625
14249,-89.84439
14250,-85.63741
14251,-84.732994
14252,-78.25335
14253,-72.26151
14254,-62.730885
14255,-60.126984
14256,-59.229546
14257,-59.790695
14258,-61.5943
14259,-64.404106
14260,-67.8714
14261,-71.49488
14262,-74.7661
14263,-77.183975
14264,-78.30849
14265,-78.05247
14266,-76.80648
14267,-74.980225
14268,-72.96026
14269,-71.10425
14270,-69.603714
14271,-68.425316
14272,-67.526505
14273,-66.87532
14274,-66.43907
14275,-66.18093
14276,-66.05835
14277,-66.0286
14278,-66.04916
14279,-66.07754
14280,-66.0713
14281,-65.987976
14282,-65.78517
14283,-65.42049
14284,-65.71789
14285,-67.31529
14286,-68.26713
14287,-68.966644
14288,-69.46387
14289,-69.80879
14290,-70.05145
14291,-70.241844
14292,-70.430016
14293,-70.66602
14294,-70.98815
14295,-71.36583
14296,-71.67522
14297,-71.78852
14298,-71.58243
14299,-70.95899
14300,-69.967674
14301,-68.857574
14302,-67.88608
14303,-67.30111
14304,-67.31495
14305,-67.931984
14306,-68.874146
14307,-69.85112
14308,-70.58578
14309,-70.84098
14310,-70.61245
14311,-70.21154
14312,-69.96281
14313,-70.17591
14314,-71.12123
14315,-72.839874
14316,-75.06147
14317,-77.50211
14318,-79.89244
14319,-81.98002
14320,-83.61113
14321,-84.76603
14322,-85.430565
14323,-85.584145
14324,-85.22392
14325,-84.44906
14326,-83.49722
14327,-82.611496
14328,-82.028305
14329,-81.984215
14330,-82.71585
14331,-84.46015
14332,-87.454254
14333,-91.9356
14334,-95.889206
14335,-96.30011
14336,-95.78516
14337,-94.34087
14338,-92.266045
14339,-89.85937
14340,-87.41933
14341,-85.24427
14342,-83.63254
14343,-82.882515
14344,-83.24655
14345,-84.70756
14346,-86.882774
14347,-89.37429
14348,-91.8012
14349,-93.81767
14350,-95.2817
14351,-96.32748
14352,-97.100296
14353,-97.73207
14354,-98.33287
14355,-98.88527
14356,-99.19918
14357,-99.07775
14358,-98.33242
14359,-96.79178
14360,-94.3833
14361,-91.1684
14362,-87.213684
14363,-82.57954
14364,-82.3851
14365,-77.09107
14366,-67.61965
14367,-64.910515
14368,-64.88295
14369,-68.30432
14370,-80.03574
14371,-88.69723
14372,-97.847595
14373,-106.10265
14374,-112.22033
14375,-110.76679
14376,-112.39914
14377,-112.81608
14378,-112.66317
14379,-112.58568
14380,-113.228676
14381,-115.237335
14382,-119.25704
14383,-130.9331
14384,-130.21638
14385,-126.587166
14386,-125.083664
14387,-124.023636
14388,-123.39368
14389,-123.18035
14390,-123.37027
14391,-123.94998
14392,-124.90609
14393,-126.225174
14394,-127.87348
14395,-129.69919
14396,-131.39055
14397,-132.62982
14398,-133.10683
14399,-132.56621
14400,-131.07045
14401,-129.11256
14402,-127.20201
14403,-125.827644
14404,-125.41462
14405,-126.019035
14406,-127.19677
14407,-128.48378
14408,-129.4396
14409,-129.67645
14410,-129.11394
14411,-128.08755
14412,-126.94917
14413,-126.03103
14414,-125.62825
14415,-125.8181
14416,-126.3829
14417,-127.093834
14418,-127.73666
14419,-128.1185
14420,-128.17038
14421,-127.990746
14422,-127.684616
14423,-127.349014
14424,-127.07507
14425,-126.91913
14426,-126.89041
14427,-126.996376
14428,-127.24682
14429,-127.651375
14430,-128.21979
14431,-128.96164
14432,-129.88661
14433,-131.00427
14434,-132.48979
14435,-134.05981
14436,-134.64848
14437,-134.66107
14438,-134.254
14439,-133.58002
14440,-132.78806
14441,-132.02498
14442,-131.43709
14443,-131.17146
14444,-131.34973
14445,-131.94026
14446,-132.70343
14447,-133.39343
14448,-133.77625
14449,-133.65887
14450,-133.07993
14451,-132.39058
14452,-131.95493
14453,-132.12283
14454,-133.17888
14455,-135.0243
14456,-137.04141
14457,-138.59283
14458,-139.06642
14459,-137.92699
14460,-135.08685
14461,-131.0643
14462,-126.400986
14463,-121.60931
14464,-117.170425
14465,-113.38488
14466,-110.30928
14467,-107.99061
14468,-106.487404
14469,-105.83807
14470,-105.96528
14471,-106.63478
14472,-107.60608
14473,-108.64576
14474,-109.53258
14475,-110.11728
14476,-110.348114
14477,-110.17695
14478,-109.55071
14479,-108.416145
14480,-106.71981
14481,-104.40812
14482,-101.42737
14483,-97.723694
14484,-96.53779
14485,-99.88886
14486,-99.62483
14487,-97.71878
14488,-94.603546
14489,-90.71147
14490,-86.47441
14491,-82.324104
14492,-78.69209
14493,-76.01013
14494,-74.65387
14495,-74.67162
14496,-75.66715
14497,-77.22567
14498,-78.95297
14499,-80.48465
14500,-81.63013
14501,-82.43493
14502,-82.95429
14503,-83.23242
14504,-83.3113
14505,-83.22058
14506,-82.97237
14507,-82.57662
14508,-82.04331
14509,-81.38744
14510,-80.65461
14511,-79.9321
14512,-79.30936
14513,-78.874794
14514,-78.70222
14515,-78.77806
14516,-78.96956
14517,-79.13846
14518,-79.15203
14519,-78.896706
14520,-78.36984
14521,-77.71891
14522,-77.098145
14523,-76.65529
14524,-76.52112
14525,-76.72462
14526,-77.15641
14527,-77.701775
14528,-78.25281
14529,-78.701775
14530,-78.94113
14531,-78.86343
14532,-78.36137
14533,-77.327675
14534,-76.10375
14535,-75.1767
14536,-73.950264
14537,-72.61129
14538,-71.236786
14539,-69.903534
14540,-68.688194
14541,-67.66728
14542,-66.917206
14543,-66.514244
14544,-66.51328
14545,-66.84516
14546,-67.27133
14547,-67.543205
14548,-67.41721
14549,-66.68647
14550,-65.36542
14551,-63.769337
14552,-62.226902
14553,-61.05367
14554,-60.528236
14555,-60.708035
14556,-61.349495
14557,-62.196617
14558,-63.00819
14559,-63.555832
14560,-63.683033
14561,-63.330433
14562,-62.44338
14563,-60.962875
14564,-58.855618
14565,-56.238476
14566,-53.431877
14567,-50.7646
14568,-48.555668
14569,-47.079987
14570,-46.354958
14571,-46.047543
14572,-45.807804
14573,-45.300335
14574,-44.22556
14575,-42.498466
14576,-40.326237
14577,-37.929573
14578,-35.51593
14579,-33.292973
14580,-31.468767
14581,-30.252054
14582,-29.852465
14583,-30.480764
14584,-31.776594
14585,-32.780518
14586,-33.577675
14587,-34.15146
14588,-34.474907
14589,-34.521057
14590,-34.262978
14591,-33.673687
14592,-32.726208
14593,-31.393469
14594,-29.677649
14595,-27.75118
14596,-26.017931
14597,-24.893305
14598,-24.78293
14599,-26.03386
14600,-28.643818
14601,-32.12939
14602,-35.977146
14603,-39.692764
14604,-42.818806
14605,-45.11446
14606,-46.633987
14607,-47.446632
14608,-47.60801
14609,-47.167583
14610,-46.140507
14611,-44.495422
14612,-42.19887
14613,-39.219593
14614,-35.569984
14615,-31.514902
14616,-27.66101
14617,-24.629787
14618,-23.027592
14619,-23.364426
14620,-25.574295
14621,-28.796343
14622,-32.11828
14623,-34.658894
14624,-35.632603
14625,-34.806114
14626,-32.69595
14627,-29.855047
14628,-26.800394
14629,-24.047173
14630,-22.109835
14631,-21.503231
14632,-22.743591
14633,-26.350332
14634,-29.50927
14635,-28.863035
14636,-29.877462
14637,-31.46942
14638,-33.435738
14639,-35.573727
14640,-37.68141
14641,-39.557835
14642,-41.00309
14643,-41.818428
14644,-41.838585
14645,-41.08778
14646,-39.84724
14647,-38.41057
14648,-37.059513
14649,-36.046658
14650,-35.45457
14651,-35.13421
14652,-34.92502
14653,-34.676723
14654,-34.260376
14655,-33.671257
14656,-33.073948
14657,-32.641464
14658,-32.53926
14659,-32.904808
14660,-33.712658
14661,-34.71465
14662,-35.65053
14663,-36.26966
14664,-36.350456
14665,-35.840397
14666,-34.917015
14667,-33.769012
14668,-32.57412
14669,-31.495367
14670,-30.61285
14671,-29.894072
14672,-29.300667
14673,-28.799248
14674,-28.35679
14675,-27.942377
14676,-27.52791
14677,-27.085518
14678,-26.587187
14679,-26.004942
14680,-25.310818
14681,-24.476833
14682,-23.475067
14683,-22.277594
14684,-22.37448
14685,-24.958387
14686,-26.656734
14687,-28.038984
14688,-29.133083
14689,-29.966877
14690,-30.56808
14691,-30.964373
14692,-31.18334
14693,-31.252506
14694,-31.209372
14695,-31.149767
14696,-31.24912
14697,-31.687073
14698,-32.63994
14699,-34.250275
14700,-36.462566
14701,-38.949932
14702,-41.37054
14703,-43.394398
14704,-44.7229
14705,-45.238464
14706,-45.069645
14707,-44.356785
14708,-43.2288
14709,-41.827423
14710,-40.370575
14711,-39.17979
14712,-38.581596
14713,-38.89823
14714,-40.400227
14715,-43.05183
14716,-46.39768
14717,-49.95967
14718,-53.27774
14719,-55.93336
14720,-57.74906
14721,-58.87488
14722,-59.475925
14723,-59.70191
14724,-59.69222
14725,-59.527172
14726,-59.207073
14727,-58.72867
14728,-58.092487
14729,-57.299
14730,-56.348747
14731,-55.24223
14732,-53.97999
14733,-52.562557
14734,-54.87001
14735,-68.21126
14736,-67.64674
14737,-70.27955
14738,-71.43933
14739,-71.45315
14740,-70.646774
14741,-69.34513
14742,-67.87268
14743,-66.55359
14744,-65.698074
14745,-65.53573
14746,-66.18694
14747,-67.767715
14748,-70.39937
14749,-74.15253
14750,-78.80278
14751,-83.72465
14752,-88.27482
14753,-91.829216
14754,-93.827675
14755,-94.07712
14756,-92.88109
14757,-90.56277
14758,-87.42164
14759,-83.76574
14760,-79.95373
14761,-76.41252
14762,-73.571625
14763,-71.8575
14764,-71.62756
14765,-72.83471
14766,-74.88187
14767,-77.14781
14768,-79.03604
14769,-80.01443
14770,-79.92759
14771,-79.130745
14772,-77.99977
14773,-76.88638
14774,-76.11557
14775,-75.857376
14776,-76.07187
14777,-76.71077
14778,-77.73579
14779,-79.108765
14780,-80.79162
14781,-82.74639
14782,-84.93509
14783,-87.31962
14784,-88.922104
14785,-88.77628
14786,-88.65082
14787,-88.35274
14788,-87.96102
14789,-87.554955
14790,-87.21458
14791,-87.020935
14792,-87.05606
14793,-87.4031
14794,-88.13089
14795,-89.220116
14796,-90.53183
14797,-91.9228
14798,-93.25592
14799,-94.40024
14800,-95.25702
14801,-95.77142
14802,-95.89045
14803,-95.559204
14804,-94.735985
14805,-93.4559
14806,-91.85771
14807,-90.0842
14808,-88.2731
14809,-86.54433
14810,-84.915436
14811,-83.2653
14812,-81.46718
14813,-79.40089
14814,-76.98034
14815,-74.31898
14816,-71.80023
14817,-69.81798
14818,-68.75319
14819,-68.91693
14820,-70.21412
14821,-71.9978
14822,-73.596436
14823,-74.36324
14824,-73.72847
14825,-71.57043
14826,-68.37426
14827,-64.649574
14828,-60.87667
14829,-57.53543
14830,-55.10569
14831,-54.068142
14832,-54.905247
14833,-58.102203
14834,-60.159878
14835,-56.828056
14836,-54.501003
14837,-52.41572
14838,-50.77343
14839,-49.77551
14840,-49.62374
14841,-50.520397
14842,-52.66847
14843,-56.271484
14844,-61.45544
14845,-72.89133
14846,-79.62953
14847,-85.69083
14848,-85.12648
14849,-87.117
14850,-86.58174
14851,-84.438934
14852,-81.64528
14853,-79.10848
14854,-77.63386
14855,-77.43676
14856,-77.933075
14857,-78.5056
14858,-78.57391
14859,-77.64248
14860,-75.71619
14861,-73.47856
14862,-71.64005
14863,-70.878784
14864,-71.76808
14865,-74.26578
14866,-77.492676
14867,-80.533195
14868,-82.511185
14869,-82.66366
14870,-80.87837
14871,-77.923485
14872,-74.6019
14873,-71.67388
14874,-69.8209
14875,-69.268654
14876,-69.62492
14877,-70.47165
14878,-71.41936
14879,-72.07824
14880,-72.05859
14881,-70.971016
14882,-68.42667
14883,-64.03791
14884,-63.75457
14885,-55.17706
14886,-53.481647
14887,-53.1612
14888,-53.90588
14889,-55.40461
14890,-57.345245
14891,-59.414852
14892,-61.30014
14893,-62.687733
14894,-63.307194
14895,-63.13694
14896,-62.492836
14897,-61.70508
14898,-61.0877
14899,-60.913475
14900,-61.215786
14901,-61.70286
14902,-62.068447
14903,-62.02135
14904,-61.316395
14905,-59.97547
14906,-58.382565
14907,-56.936985
14908,-56.02088
14909,-55.97407
14910,-56.889587
14911,-58.524483
14912,-60.62032
14913,-62.93372
14914,-65.23543
14915,-67.38007
14916,-69.33639
14917,-71.0782
14918,-72.57398
14919,-73.79602
14920,-74.73873
14921,-75.42642
14922,-75.88464
14923,-76.13752
14924,-76.20848
14925,-76.11655
14926,-75.87508
14927,-75.49705
14928,-74.995834
14929,-74.38469
14930,-73.67698
14931,-72.88595
14932,-72.025
14933,-71.107376
14934,-69.95993
14935,-69.02055
14936,-69.64403
14937,-71.24655
14938,-73.56854
14939,-76.34979
14940,-79.329865
14941,-82.2481
14942,-84.84388
14943,-86.856834
14944,-88.062416
14945,-88.444084
14946,-88.26681
14947,-87.80668
14948,-87.326164
14949,-87.05446
14950,-87.03216
14951,-87.045044
14952,-86.8674
14953,-86.28524
14954,-85.132706
14955,-83.521736
14956,-81.94054
14957,-80.89322
14958,-80.86757
14959,-82.28324
14960,-85.156494
14961,-88.9547
14962,-93.12291
14963,-97.13246
14964,-100.49582
14965,-102.96187
14966,-104.598915
14967,-105.48822
14968,-105.69588
14969,-105.28981
14970,-104.34813
14971,-102.96264
14972,-101.22569
14973,-99.2289
14974,-97.06977
14975,-94.88109
14976,-92.843315
14977,-91.13851
14978,-89.94632
14979,-89.44637
14980,-89.818146
14981,-91.24124
14982,-93.89517
14983,-97.95942
14984,-102.63124
14985,-105.70901
14986,-106.69477
14987,-106.11045
14988,-104.236206
14989,-101.35177
14990,-97.73661
14991,-93.669876
14992,-89.43047
14993,-85.29696
14994,-81.528046
14995,-78.26919
14996,-75.512596
14997,-73.24446
14998,-71.458145
14999,-70.14263
15000,-69.26312
15001,-68.752945
15002,-68.54354
15003,-68.5675
15004,-68.75652
15005,-69.036736
15006,-69.32655
15007,-69.54461
15008,-69.61032
15009,-69.46461
15010,-69.170906
15011,-68.95851
15012,-69.06405
15013,-69.716675
15014,-71.10055
15015,-73.13594
15016,-75.38453
15017,-77.392525
15018,-78.72303
15019,-79.00241
15020,-78.22297
15021,-76.87264
15022,-75.45915
15023,-74.4664
15024,-74.32518
15025,-75.15764
15026,-76.667206
15027,-78.53957
15028,-80.47986
15029,-82.192986
15030,-83.38379
15031,-83.75735
15032,-83.01887
15033,-80.87389
15034,-78.76594
15035,-78.944405
15036,-79.433014
15037,-80.34522
15038,-81.544205
15039,-82.892845
15040,-84.254074
15041,-85.4907
15042,-86.46546
15043,-87.04116
15044,-87.11562
15045,-86.79021
15046,-86.44201
15047,-86.459076
15048,-87.2163
15049,-89.022354
15050,-91.79975
15051,-94.94706
15052,-97.84134
15053,-99.88464
15054,-100.57036
15055,-99.92174
15056,-98.67911
15057,-97.61032
15058,-97.44876
15059,-98.82384
15060,-101.75976
15061,-105.460335
15062,-109.096405
15063,-111.87807
15064,-113.09717
15065,-112.51963
15066,-110.55293
15067,-107.62906
15068,-104.149086
15069,-100.50444
15070,-97.03087
15071,-93.98905
15072,-91.63667
15073,-90.23506
15074,-90.004326
15075,-90.92362
15076,-92.64525
15077,-94.808334
15078,-97.06727
15079,-99.07633
15080,-100.48991
15081,-100.96244
15082,-100.148705
15083,-97.703636
15084,-95.5034
15085,-95.490425
15086,-93.62856
15087,-91.03718
15088,-88.07321
15089,-85.0907
15090,-82.44072
15091,-80.47283
15092,-79.536385
15093,-79.98165
15094,-82.08559
15095,-85.6911
15096,-90.05057
15097,-94.3924
15098,-97.97403
15099,-100.14182
15100,-100.749985
15101,-100.33966
15102,-99.47922
15103,-98.70449
15104,-98.500496
15105,-99.05455
15106,-100.15077
15107,-101.55768
15108,-103.06306
15109,-104.46139
15110,-105.58516
15111,-106.318375
15112,-106.54702
15113,-106.15455
15114,-105.04768
15115,-103.26871
15116,-101.043304
15117,-98.604095
15118,-96.17466
15119,-93.96838
15120,-92.14118
15121,-90.77067
15122,-89.93001
15123,-89.694595
15124,-90.11358
15125,-91.08786
15126,-92.31801
15127,-93.496735
15128,-94.326775
15129,-94.511375
15130,-93.75451
15131,-91.760765
15132,-88.235504
15133,-82.88524
15134,-80.735825
15135,-86.17079
15136,-88.10759
15137,-88.66176
15138,-88.02304
15139,-86.380775
15140,-83.92405
15141,-80.84174
15142,-77.322556
15143,-73.55494
15144,-69.737595
15145,-66.129364
15146,-63.070755
15147,-60.905468
15148,-59.97373
15149,-60.555496
15150,-62.576385
15151,-65.47908
15152,-68.6833
15153,-71.630196
15154,-73.80289
15155,-74.92918
15156,-75.068886
15157,-74.29565
15158,-72.66642
15159,-70.271904
15160,-67.40941
15161,-64.65765
15162,-62.60618
15163,-61.831722
15164,-62.813446
15165,-65.454544
15166,-68.87285
15167,-72.15043
15168,-74.40614
15169,-74.86339
15170,-73.345085
15171,-70.48504
15172,-66.950066
15173,-63.367783
15174,-60.318726
15175,-58.113686
15176,-56.69833
15177,-56.003227
15178,-55.976223
15179,-56.565086
15180,-57.71751
15181,-59.381065
15182,-61.503147
15183,-64.030945
15184,-67.10616
15185,-70.08108
15186,-71.2411
15187,-71.260124
15188,-70.41283
15189,-68.97311
15190,-67.21423
15191,-65.40909
15192,-63.83022
15193,-62.750008
15194,-62.40397
15195,-62.81266
15196,-63.70479
15197,-64.79592
15198,-65.814896
15199,-66.51839
15200,-66.82581
15201,-66.87758
15202,-66.82349
15203,-66.80284
15204,-66.95667
15205,-67.43662
15206,-68.40875
15207,-70.039795
15208,-72.49601
15209,-75.892105
15210,-80.04308
15211,-84.35625
15212,-88.22146
15213,-91.04799
15214,-92.31052
15215,-91.86012
15216,-90.0573
15217,-87.28231
15218,-83.89083
15219,-80.234604
15220,-76.64449
15221,-73.42335
15222,-70.87282
15223,-69.29595
15224,-68.94979
15225,-69.82134
15226,-71.53077
15227,-73.68202
15228,-75.89576
15229,-77.79239
15230,-78.99245
15231,-79.11683
15232,-77.786896
15233,-74.62485
15234,-69.81908
15235,-65.47571
15236,-63.659027
15237,-63.47778
15238,-64.58022
15239,-66.61352
15240,-69.22371
15241,-72.05608
15242,-74.75567
15243,-76.96741
15244,-78.37456
15245,-78.88076
15246,-78.688614
15247,-78.01281
15248,-77.05381
15249,-76.006096
15250,-75.03066
15251,-74.24286
15252,-73.75629
15253,-73.686806
15254,-74.12282
15255,-74.99306
15256,-76.00951
15257,-76.87496
15258,-77.3025
15259,-77.05729
15260,-76.207085
15261,-75.229675
15262,-74.61941
15263,-74.85121
15264,-76.34418
15265,-79.190094
15266,-83.03596
15267,-87.50951
15268,-92.25896
15269,-96.93516
15270,-101.20449
15271,-104.75437
15272,-107.2734
15273,-108.44927
15274,-108.02563
15275,-106.07012
15276,-103.08889
15277,-99.60477
15278,-96.11926
15279,-93.13367
15280,-91.14912
15281,-90.66702
15282,-92.18942
15283,-96.21931
15284,-98.32159
15285,-94.068794
15286,-92.79896
15287,-92.6417
15288,-93.35399
15289,-94.6927
15290,-96.41448
15291,-98.27579
15292,-100.03303
15293,-101.44269
15294,-102.291565
15295,-102.54271
15296,-102.39787
15297,-102.068016
15298,-101.75267
15299,-101.642365
15300,-101.875595
15301,-102.520226
15302,-103.641594
15303,-105.30824
15304,-107.57451
15305,-110.411736
15306,-113.67871
15307,-117.2298
15308,-120.92476
15309,-124.6118
15310,-128.07153
15311,-130.99304
15312,-133.06201
15313,-133.96857
15314,-133.45384
15315,-131.55615
15316,-128.71611
15317,-125.38977
15318,-122.01388
15319,-119.00091
15320,-116.622215
15321,-114.95832
15322,-114.082436
15323,-114.07699
15324,-115.00369
15325,-116.803276
15326,-119.25258
15327,-122.12216
15328,-125.190346
15329,-128.23553
15330,-131.03613
15331,-133.37054
15332,-135.0173
15333,-135.75482
15334,-137.51361
15335,-141.64471
15336,-143.10873
15337,-143.13818
15338,-142.01022
15339,-140.00215
15340,-137.39127
15341,-134.45502
15342,-131.47083
15343,-128.71613
15344,-126.441376
15345,-124.740486
15346,-123.49542
15347,-122.580124
15348,-121.87875
15349,-121.27891
15350,-120.68888
15351,-120.04474
15352,-119.283676
15353,-118.34152
15354,-117.173355
15355,-115.84595
15356,-114.5774
15357,-113.59152
15358,-113.104866
15359,-113.30723
15360,-114.23259
15361,-115.704025
15362,-117.53644
15363,-119.55483
15364,-121.591415
15365,-123.520676
15366,-125.274086
15367,-126.7854
15368,-127.985596
15369,-128.82004
15370,-129.31721
15371,-129.6184
15372,-129.86908
15373,-130.2094
15374,-130.77629
15375,-131.68842
15376,-133.03952
15377,-134.92252
15378,-137.43138
15379,-140.66013
15380,-144.70264
15381,-149.65283
15382,-160.60448
15383,-167.6511
15384,-163.69873
15385,-158.75012
15386,-149.74791
15387,-148.15532
15388,-148.50354
15389,-150.3246
15390,-153.15083
15391,-156.51491
15392,-159.94968
15393,-162.9881
15394,-165.19456
15395,-166.3159
15396,-166.34595
15397,-165.288
15398,-163.13356
15399,-159.91098
15400,-155.86272
15401,-151.52153
15402,-147.43156
15403,-144.1232
15404,-142.06647
15405,-141.38239
15406,-141.71942
15407,-142.70813
15408,-144.00163
15409,-145.2619
15410,-146.20099
15411,-146.59892
15412,-146.2383
15413,-144.8984
15414,-142.42215
15415,-139.02257
15416,-135.41391
15417,-132.32985
15418,-130.47989
15419,-130.47253
15420,-132.33029
15421,-135.2824
15422,-138.52783
15423,-141.30379
15424,-142.92186
15425,-143.12563
15426,-142.24348
15427,-140.62624
15428,-138.59659
15429,-136.47751
15430,-134.59183
15431,-133.2624
15432,-132.81212
15433,-133.56372
15434,-133.26868
15435,-129.72282
15436,-127.88127
15437,-126.70751
15438,-126.04407
15439,-125.73347
15440,-125.618225
15441,-125.540955
15442,-125.34411
15443,-124.870255
15444,-124.00231
15445,-122.85764
15446,-121.87114
15447,-121.48976
15448,-122.14526
15449,-124.19548
15450,-127.568306
15451,-131.6097
15452,-135.64314
15453,-139.02039
15454,-141.17172
15455,-141.98337
15456,-141.95877
15457,-141.62502
15458,-141.47958
15459,-141.9632
15460,-143.18655
15461,-144.81361
15462,-146.4911
15463,-147.88734
15464,-148.70555
15465,-148.85187
15466,-148.50722
15467,-147.86316
15468,-147.09807
15469,-146.38396
15470,-145.8558
15471,-145.5984
15472,-145.69464
15473,-146.22969
15474,-147.27113
15475,-148.78355
15476,-150.5923
15477,-152.51736
15478,-154.38544
15479,-156.02322
15480,-157.25743
15481,-157.91475
15482,-157.82185
15483,-156.80531
15484,-156.356
15485,-158.96698
15486,-163.05934
15487,-168.17981
15488,-178.79926
15489,-184.38884
15490,-189.4201
15491,-188.36462
15492,-190.69373
15493,-190.8782
15494,-188.50829
15495,-183.87274
15496,-183.20937
15497,-177.79623
15498,-168.86642
15499,-167.48013
15500,-168.70117
15501,-171.24586
15502,-173.77853
15503,-175.0286
15504,-173.88516
15505,-170.16316
15506,-164.93332
15507,-164.31822
15508,-159.38182
15509,-151.07182
15510,-149.65854
15511,-149.49512
15512,-149.8997
15513,-150.23483
15514,-149.93129
15515,-148.81378
15516,-147.24075
15517,-145.59131
15518,-144.21916
15519,-143.43832
15520,-143.33247
15521,-143.67332
15522,-144.22055
15523,-144.74893
15524,-145.05083
15525,-145.02231
15526,-144.69954
15527,-144.12404
15528,-143.33049
15529,-142.35355
15530,-141.22777
15531,-139.9877
15532,-138.66774
15533,-137.30219
15534,-137.74976
15535,-141.4444
15536,-144.27263
15537,-146.96112
15538,-149.52089
15539,-151.96294
15540,-154.29814
15541,-156.53741
15542,-158.69153
15543,-160.77122
15544,-162.76883
15545,-164.56998
15546,-165.91576
15547,-166.54166
15548,-166.18991
15549,-164.65111
15550,-161.99777
15551,-158.68471
15552,-155.18193
15553,-151.94125
15554,-149.37805
15555,-147.69568
15556,-146.81067
15557,-146.62831
15558,-147.06775
15559,-148.03918
15560,-149.40112
15561,-150.94211
15562,-152.44806
15563,-153.70813
15564,-154.53285
15565,-154.85591
15566,-154.77815
15567,-154.40671
15568,-153.84082
15569,-153.16574
15570,-152.38518
15571,-151.3926
15572,-150.07709
15573,-148.33307
15574,-146.07448
15575,-143.32864
15576,-140.27657
15577,-137.10509
15578,-133.99384
15579,-131.12234
15580,-128.67012
15581,-126.81661
15582,-125.74134
15583,-125.62374
15584,-127.196396
15585,-130.18498
15586,-131.89154
15587,-132.95432
15588,-133.47401
15589,-133.55136
15590,-133.28712
15591,-132.78204
15592,-132.13686
15593,-131.45235
15594,-130.82722
15595,-130.3485
15596,-130.08714
15597,-130.11363
15598,-130.49908
15599,-131.30453
15600,-132.53171
15601,-134.10208
15602,-135.93413
15603,-137.9502
15604,-140.06084
15605,-142.1088
15606,-143.84485
15607,-145.01622
15608,-145.37462
15609,-144.72313
15610,-143.16423
15611,-141.2056
15612,-139.37077
15613,-138.1638
15614,-138.04207
15615,-139.19255
15616,-141.4359
15617,-144.57877
15618,-148.4454
15619,-152.85057
15620,-157.5538
15621,-162.23988
15622,-166.59097
15623,-170.29274
15624,-173.0775
15625,-174.94823
15626,-176.27444
15627,-177.44011
15628,-178.81183
15629,-180.75615
15630,-183.63959
15631,-187.82837
15632,-198.6883
15633,-206.58449
15634,-211.27557
15635,-202.03874
15636,-198.65836
15637,-194.8287
15638,-190.78018
15639,-186.74324
15640,-182.94844
15641,-179.62634
15642,-177.00749
15643,-175.32239
15644,-174.75238
15645,-175.19397
15646,-176.15796
15647,-177.13995
15648,-177.65414
15649,-177.27422
15650,-175.91988
15651,-173.97989
15652,-171.86185
15653,-169.95117
15654,-168.59084
15655,-167.87706
15656,-167.57182
15657,-167.4239
15658,-167.19804
15659,-166.69272
15660,-165.90207
15661,-165.08527
15662,-164.51205
15663,-164.43936
15664,-165.08017
15665,-166.39185
15666,-167.98552
15667,-169.45895
15668,-170.42648
15669,-170.55457
15670,-169.81264
15671,-168.58083
15672,-167.25551
15673,-166.21362
15674,-165.79236
15675,-166.09816
15676,-166.92494
15677,-168.05429
15678,-169.28288
15679,-170.40738
15680,-171.22446
15681,-171.53069
15682,-171.12273
15683,-169.79704
15684,-168.96404
15685,-170.25739
15686,-170.9713
15687,-171.52307
15688,-171.89296
15689,-172.06131
15690,-172.0084
15691,-171.71454
15692,-171.15999
15693,-170.32509
15694,-169.21777
15695,-168.00705
15696,-167.08002
15697,-166.8325
15698,-167.64969
15699,-169.8386
15700,-173.25247
15701,-177.13066
15702,-180.6888
15703,-183.1721
15704,-183.91295
15705,-182.75044
15706,-180.21126
15707,-176.85
15708,-173.1892
15709,-169.7178
15710,-166.72868
15711,-164.2485
15712,-162.29338
15713,-160.89204
15714,-160.0668
15715,-159.80261
15716,-160.0338
15717,-160.69286
15718,-161.71463
15719,-163.02257
15720,-164.47362
15721,-165.8348
15722,-166.86961
15723,-167.34584
15724,-167.06349
15725,-166.00977
15726,-164.42564
15727,-162.56218
15728,-160.65833
15729,-158.95311
15730,-157.68556
15731,-157.09464
15732,-157.41922
15733,-158.89812
15734,-157.48485
15735,-155.44771
15736,-148.02669
15737,-147.80968
15738,-149.30183
15739,-152.00894
15740,-155.43701
15741,-159.09232
15742,-162.48132
15743,-165.11052
15744,-166.55621
15745,-166.80003
15746,-166.37288
15747,-165.82718
15748,-165.68933
15749,-166.4138
15750,-168.03668
15751,-170.02756
15752,-171.83406
15753,-172.93094
15754,-172.86926
15755,-171.64415
15756,-169.8525
15757,-168.1153
15758,-167.02502
15759,-167.09126
15760,-168.34181
15761,-170.15236
15762,-171.8733
15763,-172.88626
15764,-172.64844
15765,-171.05653
15766,-168.60295
15767,-165.80396
15768,-163.14763
15769,-161.08296
15770,-159.8314
15771,-159.30605
15772,-159.40784
15773,-160.05263
15774,-161.14719
15775,-162.54622
15776,-164.0338
15777,-165.39125
15778,-166.40334
15779,-166.85472
15780,-166.53012
15781,-165.21407
15782,-162.691
15783,-158.7453
15784,-154.67793
15785,-153.23024
15786,-153.90776
15787,-156.17732
15788,-159.61641
15789,-163.80273
15790,-168.31424
15791,-172.72911
15792,-176.62567
15793,-179.58224
15794,-181.22804
15795,-181.48868
15796,-180.69138
15797,-179.17964
15798,-177.27803
15799,-175.29741
15800,-173.46808
15801,-171.91104
15802,-170.74278
15803,-170.08511
15804,-170.04977
15805,-170.69077
15806,-171.98386
15807,-173.90176
15808,-176.42091
15809,-179.4892
15810,-182.889
15811,-186.17854
15812,-188.90727
15813,-190.6353
15814,-190.98868
15815,-189.97797
15816,-188.13533
15817,-186.01448
15818,-184.14473
15819,-182.99443
15820,-182.67671
15821,-182.8237
15822,-183.04808
15823,-182.98557
15824,-182.31442
15825,-180.96095
15826,-179.18741
15827,-177.2696
15828,-175.46764
15829,-174.04143
15830,-173.25093
15831,-173.35605
15832,-174.61647
15833,-177.29173
15834,-180.03334
15835,-180.81128
15836,-181.52379
15837,-181.92958
15838,-182.05684
15839,-181.93373
15840,-181.58846
15841,-181.04921
15842,-180.34422
15843,-179.50168
15844,-178.55032
15845,-177.52185
15846,-176.45218
15847,-175.37727
15848,-174.333
15849,-173.36357
15850,-172.56253
15851,-172.09006
15852,-172.10893
15853,-172.77872
15854,-174.21588
15855,-176.28644
15856,-178.51724
15857,-180.42194
15858,-181.53046
15859,-181.43518
15860,-180.09332
15861,-177.95636
15862,-175.49593
15863,-173.16039
15864,-171.35516
15865,-170.23555
15866,-169.61794
15867,-169.30536
15868,-169.117
15869,-168.89267
15870,-168.59212
15871,-168.33751
15872,-168.25731
15873,-168.47235
15874,-169.0858
15875,-170.09837
15876,-171.37221
15877,-172.76399
15878,-174.13707
15879,-175.35478
15880,-176.28047
15881,-176.77744
15882,-176.709
15883,-175.9384
15884,-174.48036
15885,-173.25543
15886,-173.42938
15887,-174.40569
15888,-175.90337
15889,-177.64171
15890,-179.34004
15891,-180.71774
15892,-181.49417
15893,-181.38858
15894,-180.16997
15895,-177.89693
15896,-175.02109
15897,-172.01003
15898,-169.31282
15899,-167.34097
15900,-166.28763
15901,-166.0501
15902,-166.51407
15903,-167.57935
15904,-169.13127
15905,-170.97061
15906,-172.78374
15907,-174.2526
15908,-175.0645
15909,-174.94675
15910,-173.85896
15911,-172.0757
15912,-169.88416
15913,-167.55667
15914,-165.34534
15915,-163.38467
15916,-161.64958
15917,-160.1088
15918,-158.7386
15919,-157.5253
15920,-156.51367
15921,-155.82755
15922,-155.59383
15923,-155.93564
15924,-156.95659
15925,-158.6475
15926,-160.84628
15927,-163.38493
15928,-166.10287
15929,-168.83955
15930,-171.43443
15931,-173.727
15932,-175.55669
15933,-176.76297
15934,-177.71278
15935,-178.73553
15936,-178.76399
15937,-178.195
15938,-177.19969
15939,-175.9493
15940,-174.615
15941,-173.36809
15942,-172.37988
15943,-171.82161
15944,-171.83305
15945,-172.37128
15946,-173.14586
15947,-173.85664
15948,-174.21538
15949,-173.95026
15950,-172.88551
15951,-170.97559
15952,-168.18002
15953,-164.4522
15954,-159.80334
15955,-159.58109
15956,-154.58902
15957,-145.64876
15958,-143.55962
15959,-144.0026
15960,-146.97314
15961,-151.53891
15962,-156.73238
15963,-161.63098
15964,-165.40219
15965,-167.73346
15966,-169.01585
15967,-169.66788
15968,-170.07436
15969,-170.59746
15970,-171.46666
15971,-172.73146
15972,-174.43422
15973,-176.62595
15974,-179.32945
15975,-182.404
15976,-185.48744
15977,-188.20895
15978,-190.20828
15979,-191.12505
15980,-190.5986
15981,-188.26788
15982,-183.77136
15983,-181.747
15984,-174.74597
15985,-166.87453
15986,-165.24118
15987,-164.9119
15988,-165.6306
15989,-167.14143
15990,-169.1887
15991,-171.51689
15992,-173.87051
15993,-175.99408
15994,-177.6592
15995,-178.79416
15996,-179.53961
15997,-180.04463
15998,-180.44815
15999,-180.87186
16000,-181.33636
16001,-181.72556
16002,-181.91785
16003,-181.79811
16004,-181.271
16005,-180.35597
16006,-179.22813
16007,-178.06891
16008,-177.05235
16009,-176.34047
16010,-176.02544
16011,-176.10481
16012,-176.57242
16013,-177.42654
16014,-178.65033
16015,-180.13916
16016,-181.66948
16017,-183.01305
16018,-183.94725
16019,-184.27777
16020,-183.97473
16021,-183.23122
16022,-182.2493
16023,-181.22052
16024,-180.32042
16025,-179.63094
16026,-179.10733
16027,-178.6998
16028,-178.36447
16029,-178.05757
16030,-177.7353
16031,-177.35387
16032,-176.86942
16033,-176.23817
16034,-177.40617
16035,-181.42476
16036,-183.07578
16037,-183.59969
16038,-183.24951
16039,-182.27841
16040,-180.93967
16041,-179.48679
16042,-178.17326
16043,-177.25266
16044,-176.94962
16045,-177.32173
16046,-178.20001
16047,-179.40656
16048,-180.77429
16049,-182.14142
16050,-183.37701
16051,-184.39178
16052,-185.0981
16053,-185.40636
16054,-185.24068
16055,-184.60548
16056,-183.61388
16057,-182.3835
16058,-181.02675
16059,-179.6678
16060,-178.49863
16061,-177.80322
16062,-177.86925
16063,-178.97983
16064,-181.35806
16065,-184.87897
16066,-188.94655
16067,-192.9465
16068,-196.28714
16069,-198.42995
16070,-199.14459
16071,-198.61882
16072,-197.05745
16073,-194.64578
16074,-191.58255
16075,-188.14415
16076,-184.71223
16077,-181.6728
16078,-179.4069
16079,-178.29533
16080,-178.71863
16081,-181.05696
16082,-185.69002
16083,-197.99664
16084,-204.3428
16085,-199.78896
16086,-199.69316
16087,-198.55263
16088,-196.61327
16089,-194.12122
16090,-191.32281
16091,-188.4645
16092,-185.7927
16093,-183.55392
16094,-181.97046
16095,-181.12444
16096,-180.90796
16097,-181.20549
16098,-181.91068
16099,-182.91023
16100,-184.05132
16101,-185.12726
16102,-185.92928
16103,-186.25114
16104,-185.9153
16105,-184.91095
16106,-183.45354
16107,-181.76775
16108,-180.06761
16109,-178.55223
16110,-177.33429
16111,-176.40916
16112,-175.76753
16113,-175.40562
16114,-175.32355
16115,-175.54343
16116,-176.11737
16117,-177.09871
16118,-178.53928
16119,-180.46153
16120,-182.71674
16121,-184.9246
16122,-186.69574
16123,-187.65169
16124,-187.47205
16125,-186.17456
16126,-184.23573
16127,-182.15086
16128,-180.39363
16129,-179.43782
16130,-179.75699
16131,-181.82428
16132,-186.11235
16133,-198.09299
16134,-196.76096
16135,-191.02681
16136,-187.97374
16137,-185.59586
16138,-183.88982
16139,-182.85226
16140,-182.4799
16141,-182.7694
16142,-183.7174
16143,-185.3207
16144,-187.54146
16145,-190.1417
16146,-192.61224
16147,-194.43309
16148,-195.0971
16149,-194.17882
16150,-191.72964
16151,-188.44826
16152,-185.06047
16153,-182.26192
16154,-180.66093
16155,-180.35878
16156,-180.76967
16157,-181.2806
16158,-181.31125
16159,-180.35364
16160,-178.31932
16161,-175.68886
16162,-172.96587
16163,-170.62709
16164,-169.10779
16165,-168.60228
16166,-168.97864
16167,-170.09192
16168,-171.81294
16169,-174.01207
16170,-176.55734
16171,-179.3135
16172,-182.14532
16173,-184.91768
16174,-187.5031
16175,-189.81897
16176,-191.84322
16177,-193.5561
16178,-194.93512
16179,-195.95766
16180,-196.60112
16181,-196.84297
16182,-196.66054
16183,-196.03123
16184,-193.29552
16185,-188.0353
16186,-185.4014
16187,-184.10712
16188,-183.8648
16189,-184.38727
16190,-185.38744
16191,-186.57855
16192,-187.67384
16193,-188.3866
16194,-188.45912
16195,-187.80215
16196,-186.5551
16197,-184.86655
16198,-182.87436
16199,-180.70876
16200,-178.4551
16201,-176.1379
16202,-173.77925
16203,-171.40416
16204,-169.05237
16205,-166.84964
16206,-165.03825
16207,-163.86504
16208,-163.57124
16209,-164.35345
16210,-166.14938
16211,-168.54628
16212,-171.11784
16213,-173.45474
16214,-175.18745
16215,-176.1781
16216,-176.60255
16217,-176.64902
16218,-176.49084
16219,-176.29326
16220,-176.17476
16221,-176.19029
16222,-176.3923
16223,-176.83621
16224,-177.57373
16225,-178.63506
16226,-180.02122
16227,-181.73207
16228,-183.76886
16229,-186.1328
16230,-188.82513
16231,-191.84708
16232,-195.1999
16233,-198.88484
16234,-198.58371
16235,-196.66995
16236,-189.01208
16237,-188.13647
16238,-188.57751
16239,-189.87039
16240,-191.55075
16241,-193.15459
16242,-194.21793
16243,-194.27684
16244,-192.9457
16245,-190.2963
16246,-187.02113
16247,-183.83861
16248,-181.4381
16249,-180.42065
16250,-180.87514
16251,-182.19661
16252,-183.7527
16253,-184.94427
16254,-185.2389
16255,-184.49065
16256,-183.07774
16257,-181.39969
16258,-179.83124
16259,-178.7124
16260,-178.18042
16261,-178.09799
16262,-178.31677
16263,-178.70154
16264,-179.11592
16265,-179.41692
16266,-179.45253
16267,-179.07031
16268,-178.11826
16269,-176.47382
16270,-174.18604
16271,-171.53682
16272,-168.81732
16273,-166.30775
16274,-164.26552
16275,-162.81575
16276,-161.90445
16277,-161.47046
16278,-161.46126
16279,-161.82428
16280,-162.5071
16281,-163.45718
16282,-164.62201
16283,-165.94913
16284,-168.96495
16285,-174.13696
16286,-176.72844
16287,-177.98335
16288,-178.20998
16289,-177.71666
16290,-176.81201
16291,-175.80486
16292,-175.00398
16293,-174.71832
16294,-175.20224
16295,-176.39412
16296,-177.80432
16297,-178.92636
16298,-179.27417
16299,-178.43358
16300,-176.4084
16301,-173.76962
16302,-171.11113
16303,-169.00005
16304,-167.93163
16305,-167.98389
16306,-168.66985
16307,-169.48029
16308,-169.93317
16309,-169.60645
16310,-168.42621
16311,-166.79053
16312,-165.11621
16313,-163.79758
16314,-163.17958
16315,-163.31972
16316,-163.88618
16317,-164.53221
16318,-164.92949
16319,-164.79134
16320,-164.07214
16321,-163.05304
16322,-162.02798
16323,-161.27536
16324,-161.04431
16325,-161.41418
16326,-162.2341
16327,-163.34438
16328,-164.59627
16329,-165.84117
16330,-166.93039
16331,-167.71524
16332,-168.04704
16333,-167.77708
16334,-167.31236
16335,-167.47838
16336,-167.88077
16337,-168.44742
16338,-169.08522
16339,-169.70111
16340,-170.202
16341,-170.49486
16342,-170.48653
16343,-170.08397
16344,-169.23605
16345,-168.13562
16346,-167.30627
16347,-167.28458
16348,-168.59128
16349,-171.6378
16350,-176.20221
16351,-181.20576
16352,-185.53702
16353,-188.12572
16354,-188.0555
16355,-185.3072
16356,-181.07967
16357,-176.62256
16358,-173.12895
16359,-171.64696
16360,-172.38304
16361,-174.4042
16362,-176.7329
16363,-178.44661
16364,-178.73225
16365,-177.41269
16366,-175.17276
16367,-172.73212
16368,-170.76971
16369,-169.8862
16370,-170.22673
16371,-171.31973
16372,-172.66934
16373,-173.80939
16374,-174.32219
16375,-174.07214
16376,-173.30557
16377,-172.28404
16378,-171.251
16379,-170.44989
16380,-170.12413
16381,-170.51715
16382,-171.87221
16383,-174.43248
16384,-175.01976
16385,-170.78627
16386,-168.73444
16387,-167.48811
16388,-166.89745
16389,-166.81264
16390,-167.08398
16391,-167.56181
16392,-168.09659
16393,-168.5386
16394,-168.75677
16395,-168.72754
16396,-168.57286
16397,-168.42052
16398,-168.39133
16399,-168.58969
16400,-169.0248
16401,-169.57686
16402,-170.12111
16403,-170.53883
16404,-170.73288
16405,-170.73099
16406,-170.73027
16407,-170.93443
16408,-171.53912
16409,-172.70103
16410,-174.3502
16411,-176.10997
16412,-177.59163
16413,-178.42116
16414,-178.28186
16415,-177.19127
16416,-175.61961
16417,-174.05559
16418,-172.96637
16419,-172.76907
16420,-173.59042
16421,-175.1636
16422,-177.20642
16423,-179.45543
16424,-181.6647
16425,-183.68922
16426,-185.5205
16427,-187.15543
16428,-188.58452
16429,-189.79817
16430,-190.78679
16431,-191.54086
16432,-192.05077
16433,-192.30692
16434,-188.44336
16435,-183.87944
16436,-174.64809
16437,-173.02777
16438,-173.41034
16439,-175.18858
16440,-177.75574
16441,-180.50528
16442,-182.83093
16443,-184.12657
16444,-183.87347
16445,-182.06175
16446,-179.37135
16447,-176.51086
16448,-174.1566
16449,-172.91084
16450,-172.94385
16451,-173.8401
16452,-175.15945
16453,-176.48889
16454,-177.44534
16455,-177.82014
16456,-177.64085
16457,-176.94536
16458,-175.76114
16459,-174.13687
16460,-172.24063
16461,-170.40163
16462,-168.95616
16463,-168.2334
16464,-168.50946
16465,-169.75098
16466,-171.50508
16467,-173.30283
16468,-174.69563
16469,-175.28168
16470,-174.93065
16471,-173.88014
16472,-172.38234
16473,-170.672
16474,-168.97554
16475,-167.47098
16476,-166.2708
16477,-165.48468
16478,-165.22536
16479,-165.6053
16480,-166.7369
16481,-168.73225
16482,-171.70335
16483,-175.76187
16484,-177.90388
16485,-175.2678
16486,-173.91281
16487,-172.76907
16488,-171.79224
16489,-170.93791
16490,-170.16156
16491,-169.41847
16492,-168.66393
16493,-167.85303
16494,-166.94862
16495,-165.9584
16496,-164.95099
16497,-163.99733
16498,-163.16544
16499,-162.50821
16500,-161.99178
16501,-161.4645
16502,-160.77013
16503,-159.75793
16504,-158.30048
16505,-156.4052
16506,-154.26248
16507,-152.0699
16508,-150.0162
16509,-148.28725
16510,-147.05222
16511,-146.45782
16512,-146.64977
16513,-147.77477
16514,-149.92958
16515,-152.92029
16516,-156.15971
16517,-159.04568
16518,-160.99512
16519,-161.49695
16520,-160.46005
16521,-158.36208
16522,-155.70319
16523,-152.9565
16524,-150.55582
16525,-148.70575
16526,-147.30032
16527,-146.22166
16528,-145.36665
16529,-144.63226
16530,-143.91553
16531,-143.11337
16532,-142.12288
16533,-140.84099
16534,-140.53052
16535,-142.93681
16536,-146.2229
16537,-150.28178
16538,-154.80281
16539,-159.47539
16540,-163.98898
16541,-168.03331
16542,-171.29807
16543,-173.47287
16544,-174.2876
16545,-173.70708
16546,-172.01454
16547,-169.50595
16548,-166.4624
16549,-163.1586
16550,-159.83142
16551,-156.66643
16552,-153.84712
16553,-151.55943
16554,-149.9605
16555,-149.04042
16556,-148.56317
16557,-148.28404
16558,-147.9692
16559,-147.41138
16560,-146.55798
16561,-145.56578
16562,-144.59964
16563,-143.81435
16564,-143.35194
16565,-143.27985
16566,-143.56276
16567,-144.15648
16568,-145.01646
16569,-146.0769
16570,-147.1642
16571,-147.96053
16572,-148.1444
16573,-147.40366
16574,-145.48065
16575,-142.4224
16576,-138.68744
16577,-134.75246
16578,-131.0765
16579,-128.12004
16580,-126.3449
16581,-126.21399
16582,-128.1911
16583,-132.7409
16584,-137.54721
16585,-139.10435
16586,-140.66054
16587,-141.72493
16588,-142.28343
16589,-142.3218
16590,-141.82574
16591,-140.78069
16592,-139.17189
16593,-136.98419
16594,-134.23285
16595,-131.11023
16596,-128.04878
16597,-125.48977
16598,-123.86244
16599,-123.52347
16600,-124.4091
16601,-125.88679
16602,-127.3018
16603,-128.02635
16604,-127.50532
16605,-125.60687
16606,-122.77262
16607,-119.46571
16608,-116.12155
16609,-113.13714
16610,-110.6886
16611,-108.65331
16612,-106.897
16613,-105.2995
16614,-103.748085
16615,-102.17345
16616,-100.565346
16617,-98.91565
16618,-97.21321
16619,-95.4582
16620,-93.71628
16621,-92.14226
16622,-90.8941
16623,-90.1256
16624,-89.96783
16625,-90.41985
16626,-91.301956
16627,-92.42722
16628,-93.61711
16629,-94.69302
16630,-95.47632
16631,-95.78837
16632,-95.45061
16633,-94.28454
16634,-90.884705
16635,-85.63686
16636,-83.77959
16637,-83.83501
16638,-85.40696
16639,-88.098404
16640,-91.51148
16641,-95.247696
16642,-98.90841
16643,-102.09502
16644,-104.46988
16645,-106.04799
16646,-107.32181
16647,-108.80227
16648,-110.97742
16649,-114.24536
16650,-118.48041
16651,-122.847855
16652,-126.4855
16653,-128.5656
16654,-128.3641
16655,-125.759056
16656,-121.44335
16657,-121.14125
16658,-115.53789
16659,-110.27803
16660,-100.77352
16661,-97.12125
16662,-94.40622
16663,-92.728745
16664,-92.17205
16665,-92.71946
16666,-94.21863
16667,-96.51178
16668,-99.44745
16669,-102.86265
16670,-106.5279
16671,-110.123886
16672,-113.3278
16673,-115.82131
16674,-117.330605
16675,-117.83965
16676,-117.68148
16677,-117.20245
16678,-116.73212
16679,-116.60005
16680,-117.135864
16681,-118.669205
16682,-121.529724
16683,-126.04717
16684,-124.97907
16685,-118.681694
16686,-110.62243
16687,-111.27871
16688,-114.63956
16689,-119.6934
16690,-130.42744
16691,-135.82867
16692,-134.88463
16693,-136.58333
16694,-135.09167
16695,-130.61642
16696,-129.77298
16697,-124.231026
16698,-115.59216
16699,-115.24445
16700,-118.339386
16701,-123.35362
16702,-133.69879
16703,-132.86671
16704,-134.51544
16705,-133.26492
16706,-130.03691
16707,-125.80238
16708,-121.46857
16709,-117.87473
16710,-115.47373
16711,-114.19681
16712,-113.955734
16713,-114.68784
16714,-116.3086
16715,-118.6029
16716,-121.17835
16717,-123.63648
16718,-125.58802
16719,-126.6924
16720,-126.88915
16721,-126.49668
16722,-125.84821
16723,-125.25906
16724,-125.01242
16725,-125.203705
16726,-125.67405
16727,-126.254944
16728,-126.79017
16729,-127.12352
16730,-127.09873
16731,-126.55961
16732,-125.34986
16733,-123.31312
16734,-122.06397
16735,-123.364624
16736,-124.0954
16737,-124.69748
16738,-125.110466
16739,-125.27381
16740,-125.12687
16741,-124.60895
16742,-123.65919
16743,-122.21669
16744,-120.24323
16745,-117.83284
16746,-115.258766
16747,-112.80089
16748,-110.73037
16749,-109.287094
16750,-108.52969
16751,-108.27138
16752,-108.31579
16753,-108.4779
16754,-108.5887
16755,-108.57788
16756,-108.50929
16757,-108.451866
16758,-108.46812
16759,-108.61769
16760,-108.941505
16761,-109.4553
16762,-110.1741
16763,-111.114685
16764,-112.27794
16765,-113.57129
16766,-114.77546
16767,-115.66645
16768,-116.02651
16769,-115.67818
16770,-114.67658
16771,-113.39184
16772,-112.20609
16773,-111.486465
16774,-111.55418
16775,-112.464
16776,-113.90985
16777,-115.571625
16778,-117.146515
16779,-118.33166
16780,-118.824104
16781,-118.32099
16782,-116.51942
16783,-113.11655
16784,-115.46023
16785,-134.0272
16786,-141.26125
16787,-145.67644
16788,-142.63554
16789,-142.49966
16790,-140.6296
16791,-137.38615
16792,-133.1304
16793,-128.2234
16794,-128.03731
16795,-123.007614
16796,-113.65558
16797,-110.50537
16798,-109.077065
16799,-109.7843
16800,-112.42145
16801,-115.94343
16802,-119.27225
16803,-121.37007
16804,-121.335335
16805,-119.05731
16806,-115.49568
16807,-111.65079
16808,-108.47131
16809,-106.79873
16810,-106.853516
16811,-108.01549
16812,-109.63183
16813,-111.089806
16814,-111.84211
16815,-111.72253
16816,-111.080795
16817,-110.286446
16818,-109.68426
16819,-109.581825
16820,-110.07158
16821,-110.95419
16822,-112.01922
16823,-113.070076
16824,-113.92787
16825,-114.51653
16826,-114.898705
16827,-115.14146
16828,-115.3043
16829,-115.4462
16830,-115.62595
16831,-115.902626
16832,-116.33555
16833,-116.98451
16834,-116.586235
16835,-114.3264
16836,-113.443924
16837,-113.20324
16838,-113.4737
16839,-114.12493
16840,-115.02679
16841,-116.04935
16842,-117.06287
16843,-117.9377
16844,-118.55676
16845,-118.87525
16846,-118.94617
16847,-118.82615
16848,-118.56711
16849,-118.21405
16850,-117.77361
16851,-117.20031
16852,-116.44677
16853,-115.468094
16854,-114.22967
16855,-112.75657
16856,-111.15458
16857,-109.53267
16858,-107.99579
16859,-106.64474
16860,-105.55545
16861,-104.77013
16862,-104.32982
16863,-104.27704
16864,-104.64461
16865,-105.408615
16866,-106.46826
16867,-107.71869
16868,-109.05635
16869,-110.38442
16870,-111.65789
16871,-112.90328
16872,-114.15037
16873,-115.42623
16874,-116.756165
16875,-118.14951
16876,-119.593895
16877,-121.07706
16878,-122.58876
16879,-124.11962
16880,-125.66092
16881,-127.20456
16882,-128.74295
16883,-130.26884
16884,-133.16835
16885,-137.25821
16886,-137.39467
16887,-135.37189
16888,-131.85953
16889,-127.52759
16890,-123.04614
16891,-119.08504
16892,-116.31387
16893,-115.40197
16894,-116.88689
16895,-120.53971
16896,-125.09337
16897,-129.24023
16898,-131.72269
16899,-131.45833
16900,-128.38213
16901,-123.8065
16902,-119.09651
16903,-115.55077
16904,-114.295334
16905,-115.457405
16906,-117.81193
16907,-120.08158
16908,-121.05346
16909,-119.66987
16910,-115.774376
16911,-110.4307
16912,-109.74877
16913,-104.77922
16914,-96.453285
16915,-95.014145
16916,-94.773476
16917,-95.00549
16918,-95.02765
16919,-94.239525
16920,-92.520966
16921,-90.40225
16922,-88.43933
16923,-87.15756
16924,-87.02319
16925,-88.15543
16926,-90.20262
16927,-92.79434
16928,-95.58263
16929,-98.21968
16930,-100.35806
16931,-101.65067
16932,-101.7507
16933,-100.31178
16934,-99.27986
16935,-100.485504
16936,-99.41406
16937,-97.232765
16938,-94.26245
16939,-90.823715
16940,-87.23684
16941,-83.82192
16942,-80.898796
16943,-78.78716
16944,-77.753235
16945,-77.75118
16946,-78.312004
16947,-78.949
16948,-79.19504
16949,-78.64676
16950,-77.271484
16951,-75.53858
16952,-73.93756
16953,-72.93379
16954,-72.9308
16955,-73.97219
16956,-75.61293
16957,-77.38698
16958,-78.8509
16959,-79.604034
16960,-79.4947
16961,-78.70857
16962,-77.44499
16963,-75.88694
16964,-74.22071
16965,-72.65505
16966,-71.42944
16967,-70.78472
16968,-70.9604
16969,-72.15267
16970,-74.303215
16971,-77.00752
16972,-79.84626
16973,-82.416214
16974,-84.34962
16975,-85.48327
16976,-85.93117
16977,-85.81866
16978,-85.25788
16979,-84.36108
16980,-83.240456
16981,-82.008194
16982,-80.77648
16983,-79.65757
16984,-79.90931
16985,-82.510025
16986,-84.86681
16987,-87.319435
16988,-89.78537
16989,-92.1822
16990,-94.4274
16991,-96.43855
16992,-98.13321
16993,-99.42887
16994,-100.26101
16995,-100.668724
16996,-100.83167
16997,-100.93487
16998,-101.1566
16999,-101.651436
17000,-102.4357
17001,-103.338776
17002,-104.18267
17003,-104.79833
17004,-105.03762
17005,-104.874115
17006,-104.446175
17007,-103.89852
17008,-103.367905
17009,-102.984215
17010,-102.83726
17011,-102.96251
17012,-103.39341
17013,-104.16594
17014,-105.29195
17015,-106.642525
17016,-107.89695
17017,-108.723404
17018,-108.79554
17019,-107.83312
17020,-105.83518
17021,-103.179924
17022,-100.26137
17023,-97.45693
17024,-95.11006
17025,-93.35813
17026,-92.059
17027,-91.061104
17028,-90.227715
17029,-89.42325
17030,-88.51311
17031,-87.36354
17032,-85.841515
17033,-83.81449
17034,-82.9334
17035,-84.74815
17036,-85.68994
17037,-86.32106
17038,-86.609146
17039,-86.52176
17040,-86.0264
17041,-85.09055
17042,-83.681366
17043,-81.766014
17044,-79.34978
17045,-76.66077
17046,-74.228775
17047,-72.59523
17048,-72.28725
17049,-73.73976
17050,-76.84846
17051,-80.775085
17052,-84.64873
17053,-87.63219
17054,-88.97668
17055,-88.44529
17056,-86.493614
17057,-83.604294
17058,-80.2263
17059,-76.78799
17060,-73.60235
17061,-70.8262
17062,-68.610214
17063,-67.11227
17064,-66.47007
17065,-66.70309
17066,-67.67023
17067,-69.22333
17068,-71.221375
17069,-73.512
17070,-75.87822
17071,-78.01537
17072,-79.61511
17073,-80.37335
17074,-80.03327
17075,-78.61185
17076,-76.49662
17077,-74.08968
17078,-71.775185
17079,-69.937
17080,-68.95909
17081,-69.22582
17082,-71.12239
17083,-75.035065
17084,-78.12199
17085,-76.74503
17086,-75.72515
17087,-74.4826
17088,-73.15831
17089,-71.8931
17090,-70.82753
17091,-70.10213
17092,-69.85725
17093,-70.23342
17094,-71.34792
17095,-73.18171
17096,-75.53055
17097,-78.182205
17098,-80.93308
17099,-83.57826
17100,-85.904724
17101,-87.68843
17102,-88.70524
17103,-88.73162
17104,-87.6167
17105,-85.629875
17106,-83.60936
17107,-82.41543
17108,-82.88105
17109,-85.695244
17110,-90.70852
17111,-101.63215
17112,-107.12864
17113,-105.9152
17114,-106.887054
17115,-104.96429
17116,-101.45303
17117,-97.71224
17118,-95.03396
17119,-94.56824
17120,-96.64084
17121,-100.4601
17122,-105.18943
17123,-110.04487
17124,-114.294846
17125,-117.51177
17126,-119.67967
17127,-120.79844
17128,-120.84828
17129,-119.80937
17130,-117.66191
17131,-114.386086
17132,-109.96227
17133,-109.37093
17134,-104.24136
17135,-97.20471
17136,-96.90431
17137,-98.13724
17138,-100.61593
17139,-104.0522
17140,-108.15759
17141,-112.64329
17142,-117.220406
17143,-121.60014
17144,-125.48775
17145,-128.55397
17146,-130.42245
17147,-130.71509
17148,-129.05588
17149,-125.15945
17150,-124.26798
17151,-117.337875
17152,-110.35262
17153,-104.260445
17154,-94.90722
17155,-92.55086
17156,-91.65409
17157,-91.64904
17158,-92.00528
17159,-92.23309
17160,-92.08136
17161,-91.62258
17162,-90.94202
17163,-90.109604
17164,-89.209045
17165,-88.404755
17166,-87.97022
17167,-88.18343
17168,-89.31725
17169,-91.58473
17170,-94.84959
17171,-98.501625
17172,-101.9113
17173,-104.471695
17174,-105.65061
17175,-105.34835
17176,-104.05047
17177,-102.264915
17178,-100.47144
17179,-99.14965
17180,-98.77916
17181,-99.83976
17182,-102.81173
17183,-108.17571
17184,-119.95565
17185,-124.91726
17186,-122.109566
17187,-122.32315
17188,-120.95586
17189,-118.4051
17190,-115.068306
17191,-111.34284
17192,-107.62601
17193,-104.31489
17194,-101.77003
17195,-100.14008
17196,-99.28706
17197,-99.06193
17198,-99.3294
17199,-99.94506
17200,-100.71253
17201,-101.36479
17202,-101.63208
17203,-101.24808
17204,-99.99937
17205,-97.97993
17206,-95.69973
17207,-93.684715
17208,-92.440735
17209,-92.41414
17210,-93.70487
17211,-95.94306
17212,-98.740036
17213,-101.729164
17214,-104.562416
17215,-107.00037
17216,-108.95079
17217,-110.3273
17218,-111.03641
17219,-111.00808
17220,-110.308266
17221,-109.186905
17222,-107.9009
17223,-106.698425
17224,-105.804276
17225,-105.3081
17226,-105.1165
17227,-105.12904
17228,-105.25408
17229,-105.399864
17230,-105.47477
17231,-105.38707
17232,-105.04511
17233,-104.357185
17234,-100.16534
17235,-96.825134
17236,-89.21379
17237,-89.689156
17238,-92.58495
17239,-97.233284
17240,-107.964066
17241,-114.10621
17242,-119.9885
17243,-124.94032
17244,-123.37942
17245,-125.233315
17246,-126.11931
17247,-126.68086
17248,-127.528206
17249,-129.18431
17250,-131.66476
17251,-134.29839
17252,-136.38773
17253,-137.26842
17254,-136.36697
17255,-133.63777
17256,-129.75015
17257,-125.401146
17258,-121.253296
17259,-117.91216
17260,-115.65198
17261,-114.29893
17262,-113.66216
17263,-113.57215
17264,-113.872246
17265,-114.48555
17266,-115.44445
17267,-116.78376
17268,-118.53254
17269,-120.69884
17270,-123.16615
17271,-125.64851
17272,-127.85277
17273,-129.49434
17274,-130.32545
17275,-130.3061
17276,-129.67743
17277,-128.69336
17278,-127.59645
17279,-126.63131
17280,-126.044075
17281,-126.08239
17282,-126.995125
17283,-129.0321
17284,-132.1008
17285,-134.90392
17286,-136.12592
17287,-136.31862
17288,-135.69049
17289,-134.45006
17290,-132.80585
17291,-130.96617
17292,-129.13922
17293,-127.53287
17294,-126.31847
17295,-125.457184
17296,-124.62546
17297,-123.48861
17298,-121.72511
17299,-119.06701
17300,-115.558975
17301,-111.66889
17302,-107.88041
17303,-104.65624
17304,-102.39428
17305,-101.118614
17306,-100.3472
17307,-99.578156
17308,-98.333466
17309,-96.19983
17310,-93.14119
17311,-89.63226
17312,-86.16708
17313,-83.21463
17314,-81.18807
17315,-80.17736
17316,-79.83493
17317,-79.795235
17318,-79.713234
17319,-79.28786
17320,-78.47518
17321,-77.58011
17322,-76.921394
17323,-76.801216
17324,-77.472824
17325,-78.903946
17326,-80.67511
17327,-82.35037
17328,-83.51199
17329,-83.74226
17330,-82.623985
17331,-79.74045
17332,-74.6762
17333,-72.01788
17334,-65.66165
17335,-60.007183
17336,-57.86253
17337,-55.564007
17338,-53.258926
17339,-51.09454
17340,-49.21805
17341,-47.77668
17342,-46.917847
17343,-46.789265
17344,-47.512177
17345,-49.05193
17346,-51.161148
17347,-53.58175
17348,-56.064983
17349,-58.375816
17350,-60.359905
17351,-61.97266
17352,-63.17462
17353,-63.921314
17354,-64.18723
17355,-64.0567
17356,-63.763184
17357,-63.546425
17358,-63.639187
17359,-64.24613
17360,-65.40801
17361,-66.94284
17362,-68.6588
17363,-70.37432
17364,-71.92137
17365,-73.21028
17366,-74.25778
17367,-75.085045
17368,-75.70796
17369,-76.14782
17370,-76.45972
17371,-76.744415
17372,-77.104744
17373,-77.64148
17374,-78.4453
17375,-79.54721
17376,-80.89745
17377,-82.443
17378,-84.13471
17379,-85.92371
17380,-87.761185
17381,-89.59834
17382,-91.3866
17383,-93.07738
17384,-95.66533
17385,-99.1724
17386,-100.04021
17387,-99.417885
17388,-97.70246
17389,-95.29052
17390,-92.57836
17391,-89.96203
17392,-87.837425
17393,-86.60048
17394,-86.58691
17395,-87.78176
17396,-89.69428
17397,-91.81412
17398,-93.65326
17399,-94.78716
17400,-95.16059
17401,-95.21831
17402,-95.42477
17403,-96.22044
17404,-97.97437
17405,-100.63996
17406,-103.6071
17407,-106.24322
17408,-107.942764
17409,-108.18624
17410,-106.95383
17411,-104.90174
17412,-102.71199
17413,-101.03393
17414,-100.45805
17415,-101.23327
17416,-103.14473
17417,-105.95688
17418,-109.45334
17419,-113.4114
17420,-117.580475
17421,-121.67329
17422,-125.40223
17423,-128.4828
17424,-130.66974
17425,-131.939
17426,-132.56519
17427,-132.83542
17428,-133.02351
17429,-133.4042
17430,-134.25282
17431,-135.84537
17432,-138.45831
17433,-142.36836
17434,-144.50325
17435,-141.19179
17436,-137.78635
17437,-133.698
17438,-129.14586
17439,-124.34918
17440,-119.52703
17441,-114.89835
17442,-110.681755
17443,-107.09575
17444,-104.32416
17445,-102.35083
17446,-100.88901
17447,-99.64127
17448,-98.32313
17449,-96.68198
17450,-94.652664
17451,-92.42374
17452,-90.19343
17453,-88.14748
17454,-86.452095
17455,-85.16036
17456,-84.17209
17457,-83.38102
17458,-82.68792
17459,-82.0088
17460,-81.348976
17461,-80.83475
17462,-80.597115
17463,-80.76139
17464,-81.432434
17465,-82.5972
17466,-84.08265
17467,-85.70893
17468,-87.303764
17469,-88.70141
17470,-89.775375
17471,-90.45222
17472,-90.660675
17473,-90.32688
17474,-89.39984
17475,-87.96203
17476,-86.27671
17477,-84.614006
17478,-83.23522
17479,-82.40166
17480,-82.37457
17481,-83.415306
17482,-85.78562
17483,-89.74774
17484,-93.029305
17485,-93.01659
17486,-93.897484
17487,-94.883545
17488,-95.885826
17489,-96.8155
17490,-97.58398
17491,-98.1027
17492,-98.28335
17493,-98.03761
17494,-97.318924
17495,-96.32234
17496,-95.57011
17497,-95.59723
17498,-96.92328
17499,-99.97054
17500,-104.59315
17501,-114.87475
17502,-119.86798
17503,-118.6626
17504,-120.452095
17505,-120.02918
17506,-117.99722
17507,-114.99048
17508,-111.604164
17509,-108.39916
17510,-105.737625
17511,-103.713
17512,-102.40853
17513,-101.92032
17514,-102.31344
17515,-103.47203
17516,-105.03516
17517,-106.63225
17518,-107.90425
17519,-108.530525
17520,-108.41286
17521,-107.7542
17522,-106.76914
17523,-105.65774
17524,-104.6083
17525,-103.74079
17526,-103.082794
17527,-102.658325
17528,-102.495766
17529,-102.623566
17530,-103.07016
17531,-103.863976
17532,-105.03342
17533,-106.606895
17534,-109.6217
17535,-114.28219
17536,-117.28961
17537,-119.42611
17538,-120.83372
17539,-121.654366
17540,-122.02989
17541,-122.102104
17542,-122.01268
17543,-121.90253
17544,-121.88565
17545,-121.929695
17546,-121.80545
17547,-121.27602
17548,-120.11425
17549,-118.144135
17550,-115.48333
17551,-112.64687
17552,-110.16575
17553,-108.55272
17554,-108.243095
17555,-109.21867
17556,-110.846756
17557,-112.47103
17558,-113.4649
17559,-113.27212
17560,-111.74313
17561,-109.27858
17562,-106.30045
17563,-103.20452
17564,-100.35382
17565,-97.920296
17566,-95.81732
17567,-93.948044
17568,-92.22579
17569,-90.567184
17570,-88.93377
17571,-87.35216
17572,-85.85097
17573,-84.45664
17574,-83.193596
17575,-82.06507
17576,-81.045074
17577,-80.10889
17578,-79.23576
17579,-78.40702
17580,-77.605835
17581,-76.816956
17582,-76.026375
17583,-75.221016
17584,-73.24737
17585,-69.65601
17586,-67.75253
17587,-66.73676
17588,-66.440315
17589,-66.69446
17590,-67.3301
17591,-68.17763
17592,-69.06701
17593,-69.827774
17594,-70.30454
17595,-70.4317
17596,-70.26555
17597,-69.86709
17598,-69.291046
17599,-68.58208
17600,-67.72861
17601,-66.643036
17602,-65.234146
17603,-63.41395
17604,-61.11028
17605,-58.344563
17606,-55.265087
17607,-52.02506
17608,-48.771206
17609,-45.647522
17610,-42.784206
17611,-40.292995
17612,-38.284664
17613,-36.87079
17614,-36.13163
17615,-35.965034
17616,-36.019882
17617,-35.932007
17618,-35.348064
17619,-33.96426
17620,-31.763802
17621,-29.11962
17622,-26.423052
17623,-24.04707
17624,-22.329287
17625,-21.403633
17626,-21.126059
17627,-21.337156
17628,-21.889162
17629,-22.63384
17630,-23.422626
17631,-24.106817
17632,-24.537683
17633,-24.56668
17634,-24.697542
17635,-25.580122
17636,-26.188816
17637,-26.701895
17638,-27.138287
17639,-27.516905
17640,-27.85664
17641,-28.176453
17642,-28.495268
17643,-28.832005
17644,-29.202984
17645,-29.609983
17646,-30.035175
17647,-30.459402
17648,-30.864292
17649,-31.230997
17650,-31.537632
17651,-31.758095
17652,-31.866386
17653,-31.837042
17654,-31.656208
17655,-31.376133
17656,-31.139095
17657,-31.092182
17658,-31.378824
17659,-32.121178
17660,-33.31601
17661,-34.788548
17662,-36.35467
17663,-37.837814
17664,-39.07274
17665,-39.96039
17666,-40.491814
17667,-40.662743
17668,-40.464867
17669,-39.89953
17670,-39.02411
17671,-37.972137
17672,-36.88071
17673,-35.883392
17674,-35.10652
17675,-34.634487
17676,-34.494595
17677,-34.711372
17678,-35.311874
17679,-36.323246
17680,-37.772606
17681,-39.687103
17682,-42.09387
17683,-45.02
17684,-46.407055
17685,-44.77282
17686,-44.96412
17687,-45.91025
17688,-47.40097
17689,-49.225323
17690,-51.17106
17691,-53.022408
17692,-54.557755
17693,-55.550316
17694,-55.81395
17695,-55.413208
17696,-54.75453
17697,-54.26161
17698,-54.34508
17699,-55.355827
17700,-57.28065
17701,-59.60917
17702,-61.809834
17703,-63.376076
17704,-63.85334
17705,-63.078144
17706,-61.2807
17707,-58.708946
17708,-55.59278
17709,-52.17438
17710,-48.766525
17711,-45.777508
17712,-43.619747
17713,-42.701744
17714,-43.350597
17715,-45.412666
17716,-48.076416
17717,-50.494957
17718,-51.848648
17719,-51.42361
17720,-49.131176
17721,-45.73168
17722,-42.020973
17723,-38.753384
17724,-36.6116
17725,-35.86521
17726,-36.22159
17727,-37.36135
17728,-38.99025
17729,-40.813885
17730,-42.53794
17731,-43.868355
17732,-44.511417
17733,-44.174473
17734,-41.413776
17735,-40.590343
17736,-35.17398
17737,-29.743708
17738,-24.442965
17739,-19.414507
17740,-9.800443
17741,-5.742338
17742,-2.3816893
17743,0.13983376
17744,1.7042105
17745,2.3354323
17746,2.2538903
17747,1.6950387
17748,0.88834876
17749,0.052190557
17750,-0.6669022
17751,-1.2222353
17752,-1.5742997
17753,-1.6794977
17754,-1.4970762
17755,-1.0035498
17756,-0.19918722
17757,0.9142426
17758,2.336018
17759,4.055212
17760,-649.1174
17761,-602.2922
17762,-558.32776
17763,-520.4258
17764,-491.1384
17765,-471.34976
17766,-459.86185
17767,-455.24255
17768,-456.2399
17769,-461.71652
17770,-470.64273
17771,-482.0865
17772,-495.11536
17773,-508.7593
17774,-521.9696
17775,-533.44196
17776,-541.51654
17777,-544.4497
17778,-540.54065
17779,-528.2132
17780,-506.12387
17781,-473.2895
17782,-429.2378
17783,-374.18365
17784,-313.161
17785,-263.64282
17786,-239.60666
17787,-234.24388
17788,-243.0626
17789,-262.58685
17790,-289.5336
17791,-320.25504
17792,-350.44598
17793,-375.11548
17794,-389.459
17795,-392.53717
17796,-389.51105
17797,-386.9194
17798,-391.25552
17799,-408.47955
17800,-440.65155
17801,-483.22275
17802,-529.41003
17803,-571.259
17804,-600.54724
17805,-613.3977
17806,-613.4213
17807,-606.2055
17808,-597.40796
17809,-592.22064
17810,-593.6074
17811,-601.36633
17812,-614.67725
17813,-632.76526
17814,-654.81366
17815,4.208713
17816,3.1351
17817,2.1182363
17818,1.2333944
17819,0.53833604
17820,-0.010694054
17821,-0.5974183
17822,-1.4157255
17823,-2.6541758
17824,-4.4720225
17825,-6.854468
17826,-9.545544
17827,-12.271275
17828,-14.767062
17829,-16.768702
17830,-18.01284
17831,-18.237246
17832,-17.181227
17833,-14.585961
17834,-12.354688
17835,-13.393083
17836,-15.300506
17837,-18.126831
17838,-21.650997
17839,-25.650356
17840,-29.901459
17841,-34.18059
17842,-38.264328
17843,-41.92962
17844,-44.95993
17845,-47.17448
17846,-48.44115
17847,-48.630276
17848,-47.61028
17849,-45.299614
17850,-41.905014
17851,-38.02322
17852,-34.26723
17853,-31.23103
17854,-29.442947
17855,-29.049135
17856,-29.673937
17857,-30.913738
17858,-32.386494
17859,-33.73682
17860,-34.76981
17861,-35.510185
17862,-35.994453
17863,-36.249428
17864,-36.328835
17865,-36.44313
17866,-37.016415
17867,-38.484005
17868,-41.272804
17869,-45.726
17870,-56.6898
17871,-63.328556
17872,-69.7695
17873,-75.17148
17874,-73.78393
17875,-75.370804
17876,-75.391975
17877,-74.33574
17878,-72.656555
17879,-70.80801
17880,-69.24321
17881,-68.41528
17882,-68.77765
17883,-70.7847
17884,-72.78845
17885,-72.162025
17886,-71.3862
17887,-70.385086
17888,-69.389595
17889,-68.63019
17890,-68.33693
17891,-68.73989
17892,-70.06933
17893,-72.55587
17894,-76.3755
17895,-81.38297
17896,-91.99623
17897,-97.61415
17898,-102.65658
17899,-101.58944
17900,-104.14252
17901,-105.402306
17902,-105.469376
17903,-104.427055
17904,-102.368866
17905,-99.44764
17906,-95.89647
17907,-91.95148
17908,-87.84478
17909,-83.81125
17910,-80.1024
17911,-76.99248
17912,-74.7566
17913,-73.669044
17914,-73.956764
17915,-75.56917
17916,-78.0784
17917,-81.04002
17918,-84.02678
17919,-86.63956
17920,-88.643555
17921,-90.02682
17922,-90.78651
17923,-90.90925
17924,-90.39282
17925,-89.3012
17926,-87.78766
17927,-86.00898
17928,-84.11752
17929,-82.26563
17930,-80.605576
17931,-79.289604
17932,-78.46995
17933,-78.29897
17934,-79.27112
17935,-81.0521
17936,-81.64752
17937,-81.59234
17938,-81.01294
17939,-80.0355
17940,-78.78536
17941,-77.38617
17942,-75.95993
17943,-74.62767
17944,-73.49943
17945,-72.62284
17946,-71.96103
17947,-71.47441
17948,-71.1282
17949,-70.891426
17950,-70.75178
17951,-70.72184
17952,-70.81576
17953,-71.047104
17954,-71.43429
17955,-72.02144
17956,-72.88765
17957,-74.113594
17958,-75.77863
17959,-77.92504
17960,-80.378624
17961,-82.66947
17962,-84.31136
17963,-84.82987
17964,-83.82335
17965,-81.31442
17966,-77.900185
17967,-74.20181
17968,-70.81455
17969,-68.280716
17970,-66.82783
17971,-66.25629
17972,-66.350235
17973,-66.91495
17974,-67.76841
17975,-68.79879
17976,-69.98932
17977,-71.327644
17978,-72.797356
17979,-74.38212
17980,-76.06567
17981,-77.831505
17982,-79.662834
17983,-81.54234
17984,-80.89569
17985,-76.25509
17986,-74.19021
17987,-73.10149
17988,-72.631836
17989,-72.42347
17990,-72.11803
17991,-71.35682
17992,-69.78106
17993,-67.031906
17994,-62.834213
17995,-62.398357
17996,-56.59084
17997,-51.302338
17998,-42.390476
17999,-40.598232
18000,-41.001404
18001,-42.764946
18002,-45.006226
18003,-46.880253
18004,-47.619667
18005,-46.914494
18006,-45.076286
18007,-42.445335
18008,-39.332478
18009,-36.03505
18010,-32.776867
18011,-29.682487
18012,-26.871586
18013,-24.468273
18014,-22.576061
18015,-21.178513
18016,-20.095488
18017,-19.137604
18018,-18.122084
18019,-16.877821
18020,-15.303695
18021,-13.394428
18022,-11.1502695
18023,-8.567497
18024,-5.6646795
18025,-2.5894947
18026,0.33463082
18027,2.7741287
18028,4.4023585
18029,4.890699
18030,3.9068599
18031,1.113586
18032,-3.8313658
18033,-16.273415
18034,-22.514515
18035,-17.788502
18036,-18.071442
18037,-17.775764
18038,-17.113382
18039,-16.295437
18040,-15.532572
18041,-15.035281
18042,-15.013918
18043,-15.677623
18044,-17.190844
18045,-19.47287
18046,-22.108473
18047,-24.660028
18048,-26.704302
18049,-27.88403
18050,-28.215845
18051,-28.225233
18052,-28.466665
18053,-29.473984
18054,-31.690952
18055,-35.021595
18056,-38.62753
18057,-41.6276
18058,-43.174026
18059,-42.531857
18060,-39.607014
18061,-35.171993
18062,-30.037186
18063,-29.969543
18064,-20.668901
18065,-17.460888
18066,-15.164743
18067,-13.57446
18068,-12.506157
18069,-11.781387
18070,-11.254712
18071,-10.826065
18072,-10.398001
18073,-9.871089
18074,-9.157646
18075,-8.239221
18076,-7.192093
18077,-6.098174
18078,-5.0350623
18079,-4.0799675
18080,-3.3098657
18081,-2.8014698
18082,-2.631361
18083,-2.875964
18084,-2.4566588
18085,-0.27629972
18086,1.4941204
18087,3.1426783
18088,4.644405
18089,-647.4686
18090,-620.01263
18091,-598.05725
18092,-581.9017
18093,-571.8772
18094,-568.15027
18095,-569.64154
18096,-573.3528
18097,-575.84033
18098,-573.6335
18099,-563.8438
18100,-546.87775
18101,-527.8099
18102,-512.4184
18103,-506.16684
18104,-513.6802
18105,-534.98376
18106,-562.74963
18107,-587.4207
18108,-598.7089
18109,-587.3478
18110,-551.689
18111,-500.82645
18112,-445.4378
18113,-394.69473
18114,-355.37994
18115,-329.17694
18116,-312.0039
18117,-299.20712
18118,-286.59488
18119,-270.67816
18120,-250.51784
18121,-228.53952
18122,-207.57451
18123,-190.06586
18124,-177.91742
18125,-171.58354
18126,-169.6696
18127,-170.53004
18128,-172.58798
18129,-174.25887
18130,-173.93105
18131,-170.00626
18132,-161.00128
18133,-145.70499
18134,-122.202805
18135,-96.49269
18136,-82.31578
18137,-75.25137
18138,-72.04025
18139,-69.830864
18140,-65.9252
18141,-57.813812
18142,-43.50065
18143,-22.14048
18144,4.6612606
18145,30.960203
18146,43.960323
18147,50.22687
18148,52.006004
18149,45.639774
18150,42.1914
18151,43.23059
18152,47.185112
18153,51.568333
18154,54.37156
18155,54.819782
18156,53.46467
18157,51.798584
18158,51.50088
18159,53.187477
18160,55.02429
18161,53.835487
18162,48.26938
18163,40.08681
18164,33.454945
18165,31.701458
18166,34.48496
18167,39.722687
18168,45.246544
18169,49.60728
18170,52.419903
18171,53.993877
18172,54.72141
18173,54.95394
18174,54.974594
18175,54.959496
18176,54.961514
18177,54.97082
18178,54.9687
18179,54.93257
18180,54.79088
18181,54.32728
18182,53.034534
18183,49.918144
18184,47.124977
18185,48.921112
18186,48.976562
18187,47.81458
18188,45.47986
18189,41.96186
18190,37.372585
18191,32.055458
18192,26.627567
18193,21.954082
18194,18.97524
18195,18.148409
18196,19.075579
18197,21.091883
18198,23.524729
18199,25.838413
18200,28.011919
18201,30.657167
18202,34.36652
18203,39.426582
18204,45.489746
18205,51.110104
18206,54.471962
18207,55.00364
18208,53.61571
18209,52.1137
18210,51.87122
18211,52.813797
18212,54.100327
18213,54.88674
18214,54.740303
18215,53.71002
18216,52.0506
18217,50.056824
18218,48.033875
18219,46.273994
18220,45.036198
18221,44.52547
18222,44.866646
18223,46.078068
18224,48.028706
18225,50.35945
18226,52.54859
18227,54.16546
18228,54.972027
18229,54.951523
18230,54.299126
18231,53.37427
18232,52.614998
18233,52.414585
18234,47.76144
18235,20.822271
18236,18.991068
18237,30.297886
18238,47.124638
18239,49.85796
18240,40.43488
18241,16.307339
18242,-5.1009607
18243,-16.450975
18244,-1.1342789
18245,26.346079
18246,48.8703
18247,43.390446
18248,13.112551
18249,-20.111546
18250,-30.277733
18251,-26.39925
18252,-12.755766
18253,0.94665676
18254,8.307758
18255,7.462209
18256,-0.023509664
18257,-12.3994465
18258,-27.404259
18259,-41.85462
18260,-53.14585
18261,-60.924225
18262,-65.671234
18263,-68.100586
18264,-69.1153
18265,-70.02518
18266,-72.69331
18267,-79.19903
18268,-91.94073
18269,-113.63419
18270,-145.62282
18271,-185.7563
18272,-229.76782
18273,-271.64804
18274,-304.44894
18275,-323.99658
18276,-331.7363
18277,-330.9435
18278,-325.22424
18279,-318.22162
18280,-313.47476
18281,-314.44803
18282,-324.72388
18283,-348.3616
18284,-341.43237
18285,-269.36517
18286,-235.6848
18287,-227.77173
18288,-239.45963
18289,-266.5185
18290,-305.15393
18291,-350.94757
18292,-398.25366
18293,-440.06427
18294,3.1406176
18295,2.7081833
18296,2.4292912
18297,1.7445496
18298,0.14242268
18299,-2.831405
18300,-7.0926766
18301,-11.713852
18302,-15.6735
18303,-17.878733
18304,-17.460388
18305,-14.8989
18306,-11.956206
18307,-9.593072
18308,-8.3300495
18309,-8.588237
18310,-10.238494
18311,-12.420844
18312,-14.451438
18313,-15.646209
18314,-15.377195
18315,-13.549985
18316,-10.655858
18317,-6.9801855
18318,-2.649067
18319,2.2326396
18320,2.343027
18321,-355.40448
18322,-270.18417
18323,-218.70903
18324,-199.1589
18325,-211.2552
18326,-250.70222
18327,-313.66156
18328,-395.3997
18329,0.8561094
18330,-3.619327
18331,-6.712939
18332,-7.6824465
18333,-5.967571
18334,0.27140927
18335,3.6249504
18336,-353.1551
18337,-286.73932
18338,-252.6829
18339,-239.58702
18340,-243.38779
18341,-261.52753
18342,-292.23877
18343,-333.9513
18344,-384.83545
18345,-442.5072
18346,-14.260127
18347,-2.1810722
18348,-4.63689
18349,-21.432188
18350,-7.525372
18351,-8.0716095
18352,-8.202433
18353,-8.023457
18354,-7.6430435
18355,-7.228434
18356,-7.0146904
18357,-7.207063
18358,-8.008416
18359,-9.59843
18360,-11.925444
18361,-14.621398
18362,-32.35335
18363,-19.783667
18364,-21.591515
18365,-22.739758
18366,-23.557463
18367,-24.2706
18368,-25.042421
18369,-25.996777
18370,-26.996885
18371,-27.021324
18372,-26.0
18373,-26.0
18374,-26.0
18375,-26.0
18376,-26.0
18377,-26.0
18378,-25.700768
18379,-24.182636
18380,-21.861881
18381,-35.31312
18382,-33.71628
18383,-17.088196
18384,-14.09348
18385,-10.295733
18386,-9.807714
18387,-9.884056
18388,-25.59672
18389,-11.927075
18390,-13.807291
18391,-16.139214
18392,-18.801914
18393,-21.653057
18394,-24.508049
18395,-27.039343
18396,-28.286385
18397,-27.302355
18398,-26.0
18399,-25.336483
18400,-22.163376
18401,-32.552776
18402,-14.723055
18403,-12.682233
18404,-11.555832
18405,-11.217972
18406,-11.249111
18407,-11.447549
18408,-11.634778
18409,-11.605796
18410,-11.182067
18411,-10.232694
18412,-8.628807
18413,-6.258809
18414,-3.1092007
18415,0.44369254
18416,3.6993551
18417,6.1792903
18418,-413.71457
18419,-410.67212
18420,-443.22202
18421,0.73395187
18422,-3.5158951
18423,-7.6041703
18424,-10.75907
18425,-12.655957
18426,-13.661381
18427,-14.08995
18428,-14.174605
18429,-14.123647
18430,-14.123184
18431,-14.345712
18432,-14.961613
18433,-16.152
18434,-21.667414
18435,-36.48596
18436,-29.735147
18437,-25.367582
18438,-21.561142
18439,-16.537449
18440,-12.940301
18441,-10.291898
18442,-8.790248
18443,-8.877565
18444,-11.097153
18445,-15.321612
18446,-20.301073
18447,-24.690622
18448,-41.87736
18449,-25.488344
18450,-21.4145
18451,-17.544594
18452,-15.082984
18453,-14.46683
18454,-16.129005
18455,-19.786354
18456,-24.015982
18457,-27.575974
18458,-28.763083
18459,-26.831358
18460,-23.276533
18461,-18.58096
18462,-15.17658
18463,-12.8812475
18464,-11.803053
18465,-11.673437
18466,-11.797078
18467,-11.807915
18468,-11.379929
18469,-10.228315
18470,-8.436913
18471,-6.453988
18472,-4.525625
18473,-2.818705
18474,-1.4736936
18475,-0.47770095
18476,0.35630998
18477,1.1567479
18478,2.0338764
18479,3.101119
18480,4.471218
18481,-434.72882
18482,-393.02798
18483,-341.97144
18484,-319.8029
18485,-364.52335
18486,-401.64383
18487,-432.5518
18488,3.8205264
18489,2.9609215
18490,2.3255854
18491,1.8551761
18492,1.4920594
18493,1.1801218
18494,0.8727166
18495,0.5715274
18496,0.3374687
18497,0.22207274
18498,0.27020884
18499,0.5068001
18500,0.8505801
18501,1.095428
18502,1.0612142
18503,0.5772321
18504,-0.49576116
18505,-17.067135
18506,-3.735221
18507,-5.118139
18508,-5.855162
18509,-5.6735234
18510,-4.7269235
18511,-3.6228287
18512,-2.802102
18513,-2.625562
18514,-3.4015129
18515,-5.065923
18516,-7.053375
18517,-8.849135
18518,-9.953684
18519,-9.94813
18520,-8.890124
18521,-7.3490505
18522,-5.695418
18523,-4.178611
18524,-2.9884605
18525,-2.1082835
18526,-16.30014
18527,-0.4064211
18528,0.7014462
18529,2.1508198
18530,4.0637546
18531,-434.89682
18532,-377.0544
18533,-308.3418
18534,-267.46786
18535,-281.5398
18536,-265.54257
18537,-228.40944
18538,-178.91031
18539,-125.54583
18540,-75.35017
18541,-33.168507
18542,-1.395973
18543,19.81441
18544,31.947868
18545,37.282257
18546,37.63326
18547,33.177883
18548,22.314962
18549,1.9378356
18550,-30.888523
18551,-75.72518
18552,-127.81352
18553,-178.12653
18554,-215.29948
18555,-232.48686
18556,-232.59138
18557,-222.0106
18558,-207.53207
18559,-195.13824
18560,-188.05884
18561,-186.12991
18562,-188.65866
18563,-195.08733
18564,-204.94067
18565,-217.84698
18566,-233.55228
18567,-251.8148
18568,-272.36505
18569,-294.79907
18570,-318.07272
18571,-340.11542
18572,-358.44553
18573,-370.43103
18574,-373.7056
18575,-367.6841
18576,-354.38763
18577,-336.40778
18578,-316.24478
18579,-296.21323
18580,-278.39954
18581,-264.683
18582,-256.8197
18583,-256.58926
18584,-249.95734
18585,-224.98312
18586,-215.43584
18587,-217.20856
18588,-227.67725
18589,-244.5096
18590,-265.3103
18591,-287.3972
18592,-307.7121
18593,-322.86493
18594,-329.768
18595,-328.21545
18596,-322.3235
18597,-317.04477
18598,-317.19717
18599,-326.9234
18600,-346.20355
18601,-368.19727
18602,-383.89374
18603,-383.76575
18604,-360.2329
18605,-315.39212
18606,-263.10666
18607,-216.80965
18608,-186.38007
18609,-178.54553
18610,-194.0133
18611,-224.77849
18612,-259.75052
18613,-285.17026
18614,-286.9518
18615,-260.89
18616,-217.75027
18617,-170.42012
18618,-128.9765
18619,-99.549324
18620,-82.5598
18621,-73.42103
18622,-67.58851
18623,-61.13589
18624,-50.895256
18625,-36.245525
18626,-19.667768
18627,-3.7616208
18628,9.655845
18629,19.560308
18630,25.50618
18631,27.183004
18632,23.739897
18633,12.878477
18634,-0.1450194
18635,-3.3561158
18636,-10.040886
18637,-19.52608
18638,-31.12564
18639,-43.892998
18640,-56.561264
18641,-67.56319
18642,-75.129875
18643,-77.46837
18644,-73.26215
18645,-63.11657
18646,-50.020935
18647,-37.06304
18648,-26.700762
18649,-20.614576
18650,-18.944675
18651,-19.997349
18652,-21.795357
18653,-22.326185
18654,-19.81605
18655,-14.126936
18656,-7.3325744
18657,-1.6460084
18658,1.0965426
18659,-0.62058705
18660,-7.1583223
18661,-16.74657
18662,-26.58506
18663,-33.10873
18664,-32.786507
18665,-24.876526
18666,-12.654962
18667,0.15914902
18668,10.788645
18669,17.637115
18670,20.605333
18671,20.830864
18672,19.402119
18673,17.312353
18674,15.556274
18675,14.761348
18676,14.876334
18677,15.673182
18678,16.91329
18679,18.361572
18680,19.793915
18681,20.996454
18682,21.76088
18683,21.874907
18684,5.8142543
18685,-53.967113
18686,-86.66724
18687,-98.83037
18688,-87.92978
18689,-61.944454
18690,-30.211521
18691,-0.5972722
18692,22.060324
18693,36.269444
18694,43.148193
18695,45.06711
18696,44.112953
18697,41.45129
18698,38.29428
18699,36.243145
18700,36.067554
18701,36.704388
18702,36.677013
18703,34.46368
18704,28.172825
18705,16.111877
18706,-1.3619028
18707,-21.633415
18708,-39.795635
18709,-49.82284
18710,-48.72049
18711,-39.238216
18712,-25.741903
18713,-12.152998
18714,-1.2612944
18715,5.8596
18716,9.57276
18717,10.253865
18718,7.9849877
18719,2.6205707
18720,-5.8760805
18721,-17.035599
18722,-30.020878
18723,-43.613804
18724,-56.322674
18725,-67.15494
18726,-76.29554
18727,-84.34077
18728,-92.0135
18729,-100.135735
18730,-109.62385
18731,-121.507774
18732,-136.9759
18733,-157.44298
18734,-134.64749
18735,-49.144268
18736,2.0526502
18737,29.232494
18738,47.077103
18739,52.261295
18740,53.941025
18741,54.216824
18742,53.57171
18743,51.28275
18744,45.843643
18745,35.699764
18746,20.460815
18747,1.5358729
18748,-17.805567
18749,-33.225502
18750,-42.242302
18751,-46.56038
18752,-49.431313
18753,-54.439224
18754,-65.24113
18755,-84.38865
18756,-112.169556
18757,-148.13885
18758,-191.309
18759,-239.73555
18760,-289.5311
18761,-334.0714
18762,-365.25113
18763,-374.74194
18764,-356.51917
18765,-313.43036
18766,-258.8021
18767,-205.82146
18768,-164.15604
18769,-139.67482
18770,-132.98903
18771,-139.69556
18772,-155.35031
18773,-175.56686
18774,-195.56084
18775,-211.80426
18776,-223.62114
18777,-231.12334
18778,-234.5543
18779,-234.26242
18780,-230.6669
18781,-224.2282
18782,-215.4253
18783,-204.73817
18784,-190.85083
18785,-179.10179
18786,-184.55687
18787,-203.58139
18788,-233.60364
18789,-271.89536
18790,-314.9829
18791,-358.35117
18792,-396.44263
18793,-422.954
18794,-432.15704
18795,-423.30777
18796,-402.91858
18797,-378.82077
18798,-358.21036
18799,-347.2452
18800,-349.57068
18801,-365.801
18802,-396.5154
18803,-442.96732
18804,-14.431676
18805,-3.560927
18806,-7.728056
18807,-11.330269
18808,-13.736854
18809,-14.431913
18810,-13.5702505
18811,-12.038081
18812,-10.433722
18813,-9.139899
18814,-8.435963
18815,-8.331914
18816,-8.56334
18817,-8.992782
18818,-9.518934
18819,-10.048599
18820,-10.583423
18821,-11.239915
18822,-12.100679
18823,-13.235248
18824,-14.707556
18825,-16.525341
18826,-18.625126
18827,-20.964928
18828,-23.511827
18829,-26.230988
18830,-28.352394
18831,-27.86038
18832,-26.0
18833,-26.0
18834,-26.0
18835,-26.0
18836,-26.0
18837,-26.0
18838,-26.0
18839,-41.0
18840,-25.759022
18841,-23.746408
18842,-20.151463
18843,-18.27053
18844,-16.335506
18845,-14.398266
18846,-12.543309
18847,-25.827274
18848,-9.305745
18849,-8.025876
18850,-6.9528384
18851,-5.964171
18852,-4.978492
18853,-3.9242578
18854,-2.7392025
18855,-1.4285032
18856,-0.07122588
18857,1.2808069
18858,2.5864396
18859,3.8046064
18860,4.897425
18861,-437.5889
18862,-421.11142
18863,-409.30453
18864,-402.54922
18865,-400.21185
18866,-400.14178
18867,-399.89584
18868,-397.04623
18869,-389.5735
18870,-377.7238
18871,-364.93204
18872,-355.09668
18873,-351.95334
18874,-358.88998
18875,-377.13226
18876,-404.4337
18877,-437.64993
18878,2.8136802
18879,1.1950862
18880,0.03127624
18881,-0.4581533
18882,-0.07320281
18883,1.3538656
18884,3.2041028
18885,4.219709
18886,4.730193
18887,4.9643793
18888,5.01832
18889,4.9955626
18890,5.004
18891,-442.88617
18892,-436.67667
18893,-424.3687
18894,-404.45062
18895,-377.83987
18896,-348.59714
18897,-320.96698
18898,-298.63138
18899,-284.62003
18900,-280.45474
18901,-285.83197
18902,-300.40417
18903,-324.15906
18904,-356.9938
18905,-396.74585
18906,-437.44028
18907,2.9448032
18908,2.3862352
18909,3.1479828
18910,5.1067877
18911,-411.09534
18912,-360.20102
18913,-311.44867
18914,-270.95724
18915,-240.79132
18916,-218.82835
18917,-202.60716
18918,-190.06284
18919,-179.50264
18920,-170.1215
18921,-162.24936
18922,-156.43358
18923,-153.22577
18924,-153.11224
18925,-156.04933
18926,-161.16457
18927,-167.39818
18928,-173.64818
18929,-178.7504
18930,-181.49602
18931,-180.68399
18932,-175.19553
18933,-164.09229
18934,-137.69955
18935,-100.64434
18936,-88.57446
18937,-94.32378
18938,-114.85922
18939,-148.47029
18940,-193.19073
18941,-245.70552
18942,-300.76242
18943,-351.1116
18944,-388.67706
18945,-409.1513
18946,-415.3173
18947,-412.162
18948,-404.96344
18949,-398.74347
18950,-397.1536
18951,-402.00543
18952,-414.8921
18953,-437.69846
18954,2.8925385
18955,0.4470549
18956,-2.0069666
18957,-4.007913
18958,-5.1086044
18959,-4.9626527
18960,-3.6764963
18961,-1.8311235
18962,0.16628656
18963,2.021212
18964,3.5036902
18965,4.6327295
18966,-441.46683
18967,-416.54282
18968,-386.4171
18969,-348.2355
18970,-303.93024
18971,-260.95865
18972,-226.29877
18973,-205.40169
18974,-202.72244
18975,-220.4817
18976,-257.67807
18977,-313.21753
18978,-385.8609
18979,1.718927
18980,-3.3542337
18981,-8.235034
18982,-12.538051
18983,-15.839263
18984,-18.242786
18985,-19.693523
18986,-18.84352
18987,-17.176195
18988,-15.166223
18989,-13.144667
18990,-11.345695
18991,-9.968746
18992,-24.226091
18993,-9.371421
18994,-25.652542
18995,-13.011836
18996,-15.965129
18997,-19.087408
18998,-21.929714
18999,-24.044039
19000,-25.372107
19001,-26.382914
19002,-27.30209
19003,-27.246132
19004,-26.0
19005,-26.0
19006,-26.0
19007,-26.0
19008,-26.0
19009,-25.626717
19010,-21.252962
19011,-13.154725
19012,-9.560527
19013,-6.9100423
19014,-5.410022
19015,-5.049212
19016,-5.428097
19017,-6.322831
19018,-7.485777
19019,-8.62531
19020,-24.557432
19021,-10.261991
19022,-10.680816
19023,-10.740325
19024,-10.391718
19025,-9.68493
19026,-8.7704
19027,-7.7517514
19028,-6.708721
19029,-5.716335
19030,-19.848217
19031,-4.1792107
19032,-3.7876527
19033,-3.7573714
19034,-2.858356
19035,-15.180084
19036,1.5413492
19037,3.1740904
19038,4.6876106
19039,-437.4135
19040,-412.0011
19041,-391.41614
19042,-375.98413
19043,-366.0427
19044,-361.9277
19045,-363.75494
19046,-371.2951
19047,-384.32257
19048,-402.68973
19049,-426.11252
19050,4.0038166
19051,2.6430986
19052,1.5974746
19053,1.0770494
19054,-13.7550955
19055,2.0502746
19056,-11.798636
19057,4.465068
19058,-442.85938
19059,-422.4496
19060,-407.04645
19061,-394.6375
19062,-382.72046
19063,-368.96054
19064,-351.57483
19065,-331.24234
19066,-311.9042
19067,-297.77222
19068,-292.7589
19069,-300.4314
19070,-322.1329
19071,-355.46927
19072,-396.99478
19073,-442.6103
19074,1.8955811
19075,0.023387048
19076,-16.487986
19077,-2.6528108
19078,-3.4745748
19079,-3.9593477
19080,-4.1153674
19081,-3.9521153
19082,-3.479462
19083,-2.7070441
19084,-1.2153653
19085,-0.60182625
19086,-4.3697987
19087,-9.95312
19088,-21.706882
19089,-28.647648
19090,-29.384573
19091,-30.579744
19092,-26.772978
19093,-23.201946
19094,-12.97458
19095,-6.364766
19096,1.6097167
19097,-381.82346
19098,-270.5718
19099,-242.36319
19100,-306.6762
19101,-3.0686197
19102,-14.425513
19103,-24.7008
19104,-29.913836
19105,-23.415607
19106,-18.792831
19107,-14.130674
19108,-10.690898
19109,-8.85926
19110,-8.386036
19111,-8.604349
19112,-9.310655
19113,-10.368708
19114,-11.61791
19115,-13.027882
19116,-14.750601
19117,-31.891768
19118,-19.544981
19119,-22.761593
19120,-26.22422
19121,-28.706161
19122,-28.21357
19123,-26.0
19124,-26.0
19125,-23.718996
19126,-32.89955
19127,-14.261684
19128,-11.931197
19129,-10.755665
19130,-11.1703205
19131,-13.87711
19132,-19.961842
19133,-34.24254
19134,-32.798397
19135,-26.0
19136,-26.0
19137,-26.0
19138,-26.0
19139,-25.231249
19140,-22.699715
19141,-20.178879
19142,-18.580366
19143,-32.132484
19144,-15.904553
19145,-30.065443
19146,-14.88171
19147,-30.59735
19148,-17.500566
19149,-20.882103
19150,-25.605297
19151,-44.412266
19152,-28.561687
19153,-26.0
19154,-26.0
19155,-26.0
19156,-26.0
19157,-26.0
19158,-41.0
19159,-26.0
19160,-26.0
19161,-26.0
19162,-26.0
19163,-26.0
19164,-26.0
19165,-26.0
19166,-26.0
19167,-26.0
19168,-26.0
19169,-41.0
19170,-26.0
19171,-26.0
19172,-26.0
19173,-26.0
19174,-26.0
19175,-26.0
19176,-26.0
19177,-26.0
19178,-26.0
19179,-26.0
19180,-26.0
19181,-26.0
19182,-26.0
19183,-26.0
19184,-26.0
19185,-26.0
19186,-26.0
19187,-26.0
19188,-26.0
19189,-26.0
19190,-26.0
19191,-26.0
19192,-26.0
19193,-26.0
19194,-26.0
19195,-26.0
19196,-26.0
19197,-26.0
19198,-26.0
19199,-26.0
19200,-26.0
19201,-26.0
19202,-26.0
19203,-26.0
19204,-26.0
19205,-26.0
19206,-26.0
19207,-41.0
19208,-26.0
19209,-26.0
19210,-26.0
19211,-26.0
19212,-26.0
19213,-26.0
19214,-26.0
19215,-26.0
19216,-26.0
19217,-26.0
19218,-26.0
19219,-26.0
19220,-26.0
19221,-26.0
19222,-26.0
19223,-41.0
19224,-26.0
19225,-26.0
19226,-26.0
19227,-26.0
19228,-26.0
19229,-26.0
19230,-26.0
19231,-26.0
19232,-26.0
19233,-26.0
19234,-41.0
19235,-41.0
19236,-26.0
19237,-26.0
19238,-26.0
19239,-26.0
19240,-26.0
19241,-26.0
19242,-26.0
19243,-26.0
19244,-26.0
19245,-26.0
19246,-26.0
19247,-26.0
19248,-26.0
19249,-26.0
19250,-26.0
19251,-26.0
19252,-26.0
19253,-26.0
19254,-26.0
19255,-26.0
19256,-26.0
19257,-26.0
19258,-26.0
19259,-26.0
19260,-26.0
19261,-26.0
19262,-26.0
19263,-26.0
19264,-26.0
19265,-26.0
19266,-26.0
19267,-26.0
19268,-26.0
19269,-26.0
19270,-26.0
19271,-26.0
19272,-26.0
19273,-26.0
19274,-26.0
19275,-26.0
19276,-26.0
19277,-26.0
19278,-26.0
19279,-26.0
19280,-26.0
19281,-26.0
19282,-26.0
19283,-26.0
19284,-26.0
19285,-26.0
19286,-26.0
19287,-26.0
19288,-26.0
19289,-26.0
19290,-26.0
19291,-26.0
19292,-26.0
19293,-26.0
19294,-26.0
19295,-26.0
19296,-25.427353
19297,-21.291727
19298,-15.999264
19299,-17.424335
19300,-20.501272
19301,-24.506586
19302,-28.408989
19303,-28.894974
19304,-26.0
19305,-26.0
19306,-41.0
19307,-26.0
19308,-26.0
19309,-26.0
19310,-26.0
19311,-26.0
19312,-26.0
19313,-26.0
19314,-26.0
19315,-26.0
19316,-26.0
19317,-26.0
19318,-26.0
19319,-40.238087
19320,-23.73709
19321,-23.778809
19322,-23.878933
19323,-23.854347
19324,-23.6403
19325,-23.386736
19326,-23.451313
19327,-24.04355
19328,-25.344664
19329,-26.994627
19330,-27.201578
19331,-26.0
19332,-26.0
19333,-26.0
19334,-26.0
19335,-26.0
19336,-26.0
19337,-26.0
19338,-26.0
19339,-26.0
19340,-41.0
19341,-26.0
19342,-26.0
19343,-26.0
19344,-26.0
19345,-26.0
19346,-26.0
19347,-26.0
19348,-26.0
19349,-26.0
19350,-26.0
19351,-26.0
19352,-26.0
19353,-26.0
19354,-26.0
19355,-26.0
19356,-26.0
19357,-26.0
19358,-26.0
19359,-26.0
19360,-26.0
19361,-26.0
19362,-26.0
19363,-26.0
19364,-26.0
19365,-26.0
19366,-26.0
19367,-26.0
19368,-24.61016
19369,-21.665907
19370,-21.865265
19371,-23.91799
19372,-26.16416
19373,-27.50295
19374,-26.730568
19375,-41.0
19376,-26.0
19377,-26.0
19378,-26.0
19379,-26.0
19380,-26.0
19381,-26.0
19382,-26.0
19383,-41.0
19384,-26.0
19385,-26.0
19386,-26.0
19387,-26.0
19388,-26.0
19389,-26.0
19390,-26.0
19391,-26.0
19392,-26.0
19393,-26.0
19394,-26.0
19395,-26.0
19396,-26.0
19397,-26.0
19398,-26.0
19399,-26.0
19400,-26.0
19401,-26.0
19402,-25.994694
19403,-25.733946
19404,-25.657001
19405,-26.33373
19406,-26.0
19407,-26.0
19408,-26.0
19409,-26.0
19410,-26.0
19411,-26.0
19412,-26.0
19413,-26.0
19414,-26.0
19415,-26.0
19416,-26.0
19417,-26.0
19418,-26.0
19419,-25.007057
19420,-22.327778
19421,-20.495016
19422,-19.477062
19423,-19.16306
19424,-19.70502
19425,-20.952988
19426,-22.400618
19427,-23.710075
19428,-24.567055
19429,-24.63876
19430,-23.62727
19431,-21.331581
19432,-17.689075
19433,-12.7546015
19434,-10.040692
19435,-12.43614
19436,-14.562379
19437,-17.545992
19438,-21.18985
19439,-25.188051
19440,-28.860546
19441,-29.222176
19442,-41.0
19443,-26.0
19444,-26.0
19445,-26.0
19446,-26.0
19447,-25.423512
19448,-21.975273
19449,-16.832888
19450,-14.704209
19451,-13.058489
19452,-12.053123
19453,-11.916646
19454,-12.864499
19455,-14.75586
19456,-16.973175
19457,-18.97012
19458,-20.183964
19459,-20.134312
19460,-18.956882
19461,-17.42413
19462,-15.968898
19463,-14.838453
19464,-14.220927
19465,-14.1498575
19466,-14.515958
19467,-15.318542
19468,-16.593243
19469,-18.348408
19470,-35.416954
19471,-22.404152
19472,-38.94859
19473,-24.703922
19474,-24.404339
19475,-23.154865
19476,-21.4174
19477,-19.444063
19478,-17.36378
19479,-15.262693
19480,-13.205366
19481,-11.252059
19482,-9.469587
19483,-7.9364934
19484,-8.283894
19485,-10.402873
19486,-9.140748
19487,-7.362938
19488,-5.4143567
19489,-3.5650213
19490,-2.0552897
19491,-1.1323609
19492,-1.073623
19493,-2.2034352
19494,-4.8186846
19495,-8.734666
19496,-13.008073
19497,-16.606464
19498,-18.421198
19499,-17.57643
19500,-14.508534
19501,-10.85143
19502,-7.4367332
19503,-4.6324067
19504,-2.7061875
19505,-1.641506
19506,-1.1074913
19507,-0.94349325
19508,-1.0154456
19509,-16.171703
19510,-1.2875065
19511,-1.2816552
19512,-1.0637937
19513,-0.5414699
19514,0.3401059
19515,1.4510169
19516,2.4569178
19517,3.081026
19518,3.063306
19519,2.1723225
19520,0.44183418
19521,-1.7226915
19522,-3.9239125
19523,-5.764366
19524,-6.880481
19525,-7.1971183
19526,-6.998398
19527,-6.497905
19528,-5.8521695
19529,-5.2025633
19530,-4.681985
19531,-4.4216413
19532,-19.557127
19533,-5.2340074
19534,-6.644174
19535,-8.00909
19536,-7.8346167
19537,-7.1992216
19538,-6.330951
19539,-5.426674
19540,-4.664119
19541,-4.215188
19542,-4.257462
19543,-4.9840293
19544,-6.548645
19545,-8.760165
19546,-10.9481535
19547,-12.470188
19548,-12.721442
19549,-11.292959
19550,-8.53683
19551,-5.4488564
19552,-2.5648355
19553,-0.22226018
19554,1.279781
19555,1.9149677
19556,1.9991783
19557,1.7544544
19558,1.3874427
19559,1.0975744
19560,0.93796307
19561,0.7725174
19562,0.49501422
19563,-14.98238
19564,-0.7303734
19565,-1.7116508
19566,-2.7504547
19567,-3.6891918
19568,-4.3824387
19569,-4.711127
19570,-4.6992474
19571,-4.537156
19572,-4.3718877
19573,-4.3250184
19574,-4.4947567
19575,-4.859563
19576,-5.255092
19577,-5.549727
19578,-5.628154
19579,-5.3774066
19580,-4.6908836
19581,-3.471886
19582,-1.6356251
19583,0.8913883
19584,2.7865798
19585,2.7963226
19586,3.2562068
19587,3.601095
19588,3.8760424
19589,4.1275325
19590,4.402852
19591,4.7495103
19592,-444.4664
19593,-433.11588
19594,-418.41803
19595,-401.82468
19596,-387.48114
19597,-379.8424
19598,-383.2966
19599,-401.89313
19600,-436.0038
19601,2.340254
19602,0.183907
19603,-1.2132678
19604,-1.42341
19605,-0.54425967
19606,0.7363358
19607,1.8928747
19608,2.503489
19609,2.2105927
19610,1.0293843
19611,-0.5258021
19612,-1.9778162
19613,-2.8677175
19614,-2.7927551
19615,-1.680498
19616,0.16700833
19617,2.541144
19618,5.3054338
19619,-405.0475
19620,-345.7021
19621,-291.9373
19622,-248.13345
19623,-217.47542
19624,-202.12694
19625,-201.76923
19626,-212.78087
19627,-231.18336
19628,-252.82101
19629,-272.95447
19630,-286.25046
19631,-287.15298
19632,-270.6322
19633,-233.30907
19634,-221.68156
19635,-281.46603
19636,-312.5055
19637,-317.9337
19638,-302.79636
19639,-273.72797
19640,-237.5845
19641,-200.52646
19642,-167.54057
19643,-142.3873
19644,-127.47624
19645,-122.22709
19646,-122.329506
19647,-122.943726
19648,-119.28457
19649,-107.41417
19650,-87.479385
19651,-64.65275
19652,-44.007057
19653,-29.09679
19654,-21.981106
19655,-22.239721
19656,-26.42279
19657,-30.378075
19658,-29.63883
19659,-20.529015
19660,-3.6085894
19661,15.693758
19662,32.38089
19663,43.86045
19664,50.09327
19665,52.853764
19666,54.031857
19667,54.598404
19668,54.912075
19669,54.885574
19670,53.94928
19671,51.34767
19672,46.520298
19673,39.284454
19674,29.912392
19675,19.012777
19676,7.2976832
19677,-4.409632
19678,-15.189584
19679,-24.084372
19680,-30.166374
19681,-32.619717
19682,-30.831701
19683,-24.495789
19684,-13.9419985
19685,-2.3042595
19686,6.316449
19687,12.760797
19688,17.627956
19689,21.388067
19690,24.41672
19691,27.02123
19692,29.457083
19693,31.9355
19694,34.60707
19695,37.48918
19696,40.45156
19697,43.348503
19698,46.055706
19699,48.469433
19700,50.49085
19701,52.04192
19702,53.11693
19703,53.771366
19704,54.093742
19705,54.195942
19706,54.20149
19707,54.212795
19708,54.32269
19709,54.577038
19710,54.88107
19711,55.03133
19712,54.893456
19713,54.471775
19714,53.90742
19715,53.38973
19716,53.032825
19717,52.880455
19718,52.931614
19719,53.141033
19720,53.37625
19721,53.42075
19722,53.017185
19723,51.657013
19724,48.23113
19725,41.17301
19726,29.70061
19727,14.591912
19728,-1.5655501
19729,-14.639798
19730,-19.8503
19731,-13.292888
19732,5.912558
19733,27.863863
19734,46.104393
19735,40.361076
19736,35.620705
19737,32.38761
19738,30.707468
19739,30.341879
19740,30.902445
19741,31.948778
19742,33.0498
19743,33.80868
19744,33.91925
19745,33.46831
19746,33.144432
19747,33.782528
19748,36.12359
19749,40.45722
19750,45.947723
19751,50.856388
19752,53.940323
19753,54.929058
19754,54.45558
19755,53.456627
19756,52.313377
19757,50.82731
19758,48.367165
19759,43.794273
19760,35.7189
19761,23.394487
19762,6.952587
19763,-12.43031
19764,-32.67995
19765,-52.280823
19766,-71.881805
19767,-93.24768
19768,-118.82773
19769,-151.65022
19770,-194.34776
19771,-248.0537
19772,-313.33438
19773,-390.41193
19774,-479.16495
19775,-579.7088
19776,3.0007164
19777,-7.068319
19778,-12.339891
19779,-17.831331
19780,-23.561184
19781,-29.54912
19782,-35.815716
19783,-42.38238
19784,-37.025066
19785,-28.912077
19786,-19.017126
19787,-9.849163
19788,-1.527585
19789,-565.9992
19790,-429.6556
19791,-331.08624
19792,-259.59326
19793,-220.66501
19794,-206.08334
19795,-211.6382
19796,-229.93929
19797,-252.66751
19798,-270.4049
19799,-273.6962
19800,-259.11093
19801,-232.6817
19802,-202.17654
19803,-174.28754
19804,-153.8384
19805,-141.6386
19806,-133.93008
19807,-126.44671
19808,-115.2868
19809,-97.59909
19810,-74.2622
19811,-50.32417
19812,-30.301355
19813,-17.101143
19814,-12.378942
19815,-16.050411
19816,-25.825525
19817,-38.83735
19818,-51.40343
19819,-59.29913
19820,-60.55402
19821,-57.4323
19822,-53.22172
19823,-51.05637
19824,-53.617893
19825,-61.64737
19826,-72.74383
19827,-83.38741
19828,-89.496605
19829,-86.817535
19830,-71.86204
19831,-43.3871
19832,-4.4174833
19833,30.180737
19834,47.984135
19835,54.408012
19836,54.675163
19837,54.39244
19838,53.381573
19839,51.16714
19840,47.502216
19841,42.677166
19842,37.61128
19843,33.72694
19844,32.479588
19845,34.231495
19846,37.75304
19847,41.58098
19848,44.641136
19849,46.38038
19850,46.877487
19851,46.741146
19852,46.610016
19853,47.115063
19854,48.70187
19855,51.101337
19856,53.35532
19857,54.73081
19858,55.052933
19859,54.678574
19860,54.14643
19861,53.693516
19862,53.265896
19863,52.660595
19864,51.567608
19865,49.755623
19866,47.479492
19867,45.472454
19868,44.755226
19869,46.13184
19870,49.23207
19871,52.47071
19872,54.502914
19873,54.892925
19874,54.1552
19875,53.2061
19876,52.557453
19877,52.28917
19878,52.273766
19879,52.31364
19880,52.202877
19881,51.711254
19882,50.49054
19883,47.903088
19884,46.378452
19885,48.41379
19886,46.453705
19887,40.214657
19888,27.811953
19889,7.209069
19890,-22.843622
19891,-62.1569
19892,-108.73742
19893,-158.71236
19894,-206.88924
19895,-249.24307
19896,-285.31027
19897,-316.26474
19898,-344.00555
19899,-370.7876
19900,-398.22177
19901,-426.56146
19902,-455.74384
19903,-485.70447
19904,-516.1744
19905,-545.62885
19906,-570.5279
19907,-586.6917
19908,-589.865
19909,-576.8018
19910,-549.6036
19911,-517.65845
19912,-491.0572
19913,-478.99948
19914,-489.59155
19915,-525.8294
19916,-582.33594
19917,-651.21185
19918,2.1079097
19919,-0.33040282
19920,-1.9609125
19921,-2.6636753
19922,-2.335999
19923,-0.8725067
19924,1.7993796
19925,5.5785594
19926,-564.0182
19927,-459.36807
19928,-366.58725
19929,-277.16928
19930,-209.97252
19931,-161.71175
19932,-132.91592
19933,-124.353836
19934,-124.31117
19935,-106.15699
19936,-72.07336
19937,-30.922598
19938,3.3952737
19939,33.343124
19940,48.788525
19941,47.63029
19942,31.01574
19943,3.1494372
19944,-24.552822
19945,-56.148952
19946,-84.24134
19947,-108.914925
19948,-131.67429
19949,-154.68312
19950,-178.72665
19951,-201.5359
19952,-219.75345
19953,-229.75891
19954,-228.60538
19955,-217.21016
19956,-201.71788
19957,-188.81757
19958,-184.56654
19959,-194.33148
19960,-219.98637
19961,-257.1386
19962,-298.81766
19963,-336.10196
19964,-359.32877
19965,-364.1987
19966,-355.82523
19967,-341.61987
19968,-328.73712
19969,-323.26624
19970,-327.3685
19971,-337.70566
19972,-349.75198
19973,-358.77713
19974,-360.29184
19975,-352.3804
19976,-337.04236
19977,-317.10013
19978,-295.23557
19979,-273.88956
19980,-255.22066
19981,-241.14091
19982,-233.42378
19983,-233.88725
19984,-221.25026
19985,-176.55061
19986,-145.72589
19987,-125.4069
19988,-113.799904
19989,-109.71489
19990,-112.472206
19991,-121.814606
19992,-137.8233
19993,-160.8396
19994,-191.30684
19995,-229.22379
19996,-273.57986
19997,-322.6603
19998,-374.104
19999,-424.80334
20000,2.7280831
20001,1.2379943
20002,0.7453897
20003,1.4594828
20004,3.4698455
20005,-438.85983
20006,-377.9974
20007,-319.98688
20008,-274.1936
20009,-246.93134
20010,-239.35576
20011,-247.02582
20012,-265.19315
20013,-289.24118
20014,-314.4493
20015,-338.0978
20016,-361.27606
20017,-386.1163
20018,-414.99368
20019,3.987092
20020,1.8400502
20021,-0.11479265
20022,-1.4764571
20023,-1.8759325
20024,-1.0416296
20025,0.9334048
20026,3.5931296
20027,-439.06628
20028,-377.32333
20029,-318.40125
20030,-266.9087
20031,-226.15263
20032,-198.49715
20033,-186.01076
20034,-187.49054
20035,-191.23288
20036,-185.23196
20037,-171.70755
20038,-152.9016
20039,-131.05052
20040,-108.20279
20041,-86.09714
20042,-66.09953
20043,-49.199078
20044,-35.991447
20045,-26.474432
20046,-20.08202
20047,-16.284409
20048,-14.697985
20049,-15.024278
20050,-16.877985
20051,-19.654266
20052,-22.670237
20053,-25.193636
20054,-26.52643
20055,-26.417435
20056,-25.314066
20057,-23.81654
20058,-22.509558
20059,-21.910559
20060,-22.242867
20061,-23.306568
20062,-24.813354
20063,-26.46947
20064,-27.94053
20065,-28.70448
20066,-27.975069
20067,-24.954632
20068,-18.986063
20069,-9.912313
20070,0.8437206
20071,10.3316555
20072,16.175377
20073,16.529528
20074,9.136242
20075,-8.224057
20076,-35.33093
20077,-69.12021
20078,-103.04662
20079,-127.46145
20080,-131.66225
20081,-107.57103
20082,-60.003345
20083,6.513282
20084,35.939964
20085,29.168655
20086,22.803162
20087,22.830431
20088,27.950357
20089,35.765263
20090,43.77771
20091,50.08118
20092,53.747807
20093,54.91742
20094,54.576847
20095,53.901623
20096,53.48161
20097,53.371296
20098,53.40345
20099,53.36673
20100,53.06179
20101,52.238045
20102,50.420486
20103,46.704662
20104,39.616222
20105,27.763275
20106,11.527888
20107,-6.4839416
20108,-21.697363
20109,-28.892199
20110,-25.824743
20111,-15.336991
20112,-1.6325498
20113,11.664081
20114,22.237272
20115,29.604656
20116,34.64631
20117,38.19451
20118,40.84136
20119,43.002407
20120,44.886036
20121,46.510994
20122,47.87184
20123,48.973083
20124,49.830593
20125,50.491905
20126,51.038464
20127,51.54302
20128,52.062687
20129,52.636726
20130,53.278034
20131,53.95902
20132,54.591965
20133,55.003197
20134,54.613842
20135,51.008976
20136,47.299488
20137,45.66866
20138,46.378254
20139,48.686226
20140,51.480152
20141,53.74249
20142,54.854202
20143,54.740444
20144,53.844124
20145,52.862106
20146,52.352135
20147,52.58933
20148,53.507942
20149,54.62945
20150,55.04623
20151,53.719887
20152,49.923782
20153,43.470837
20154,34.769207
20155,24.499302
20156,13.073421
20157,0.6982488
20158,-12.540317
20159,-26.561892
20160,-40.66347
20161,-52.906345
20162,-60.81403
20163,-61.903755
20164,-54.597332
20165,-40.620605
20166,-25.32899
20167,-13.536492
20168,-8.73316
20169,-13.937454
20170,-31.149239
20171,-59.291603
20172,-94.841
20173,-131.1303
20174,-159.07042
20175,-172.51334
20176,-172.7766
20177,-163.8732
20178,-150.23032
20179,-136.07364
20180,-125.1573
20181,-120.85394
20182,-126.61686
20183,-146.82329
20184,-177.49876
20185,-201.64735
20186,-219.00926
20187,-229.94252
20188,-235.16638
20189,-235.64374
20190,-232.47836
20191,-226.8316
20192,-219.86284
20193,-212.69075
20194,-206.40584
20195,-202.20793
20196,-201.51448
20197,-205.85373
20198,-216.95097
20199,-236.71744
20200,-266.43427
20201,-305.99216
20202,-354.8766
20203,-412.3159
20204,2.0025687
20205,-1.4895363
20206,-4.7175913
20207,-7.4025373
20208,-9.265724
20209,-10.113441
20210,-10.1776495
20211,-10.164264
20212,-10.619616
20213,-12.013803
20214,-14.768217
20215,-18.807077
20216,-23.31274
20217,-27.485317
20218,-29.389515
20219,-27.519587
20220,-26.0
20221,-26.0
20222,-26.0
20223,-26.0
20224,-26.0
20225,-26.0
20226,-26.0
20227,-26.0
20228,-26.0
20229,-26.0
20230,-26.0
20231,-26.0
20232,-26.0
20233,-26.0
20234,-24.315016
20235,-19.997145
20236,-17.785692
20237,-17.283619
20238,-17.21632
20239,-17.691887
20240,-18.805338
20241,-35.65213
20242,-23.342184
20243,-27.01979
20244,-29.15619
20245,-26.831974
20246,-26.0
20247,-26.0
20248,-26.0
20249,-26.0
20250,-26.0
20251,-26.0
20252,-26.0
20253,-26.0
20254,-26.0
20255,-26.0
20256,-41.0
20257,-26.0
20258,-26.0
20259,-26.0
20260,-26.0
20261,-26.0
20262,-26.0
20263,-26.0
20264,-26.0
20265,-25.325111
20266,-23.940401
20267,-24.012684
20268,-24.696505
20269,-25.845327
20270,-26.801058
20271,-26.498734
20272,-26.0
20273,-26.0
20274,-26.0
20275,-41.0
20276,-26.0
20277,-26.0
20278,-26.0
20279,-26.0
20280,-26.0
20281,-26.0
20282,-26.0
20283,-26.0
20284,-26.0
20285,-26.0
20286,-26.0
20287,-26.0
20288,-26.0
20289,-25.74666
20290,-36.2062
20291,-13.025433
20292,-11.155672
20293,-10.374
20294,-11.149715
20295,-13.517135
20296,-16.860626
20297,-20.650045
20298,-24.24174
20299,-26.895359
20300,-28.261644
20301,-27.802795
20302,-26.0
20303,-26.0
20304,-26.0
20305,-26.0
20306,-26.0
20307,-26.0
20308,-26.0
20309,-26.0
20310,-26.0
20311,-26.0
20312,-26.0
20313,-25.883827
20314,-23.266617
20315,-17.431318
20316,-14.148024
20317,-12.090391
20318,-11.534583
20319,-12.917226
20320,-16.105158
20321,-20.032986
20322,-23.726711
20323,-26.04786
20324,-25.904358
20325,-23.443146
20326,-20.17801
20327,-16.916548
20328,-13.95434
20329,-11.44274
20330,-9.534484
20331,-8.454995
20332,-8.524816
20333,-10.172714
20334,-12.217557
20335,-12.433989
20336,-12.652685
20337,-12.589022
20338,-12.245503
20339,-11.625463
20340,-10.732544
20341,-9.570103
20342,-8.140659
20343,-6.4453955
20344,-4.5087094
20345,-2.4830785
20346,-0.6483074
20347,0.7763362
20348,1.5755903
20349,1.558123
20350,-14.206417
20351,-0.2971425
20352,-1.3216168
20353,-1.8996366
20354,-1.7097882
20355,-0.7682893
20356,0.52810323
20357,1.8871945
20358,3.0809643
20359,3.911694
20360,4.316265
20361,4.393259
20362,4.21044
20363,3.8226025
20364,3.306056
20365,2.8420017
20366,2.742036
20367,3.2963612
20368,4.7613235
20369,-417.5463
20370,-356.97266
20371,-286.37964
20372,-214.1855
20373,-147.15219
20374,-89.89963
20375,-44.59849
20376,-11.281524
20377,11.259005
20378,24.873793
20379,31.39906
20380,31.824816
20381,25.288944
20382,7.8954
20383,-33.64785
20384,-89.1006
20385,-131.53287
20386,-162.62462
20387,-175.7877
20388,-172.68756
20389,-156.91269
20390,-132.88478
20391,-105.027885
20392,-77.190636
20393,-52.31612
20394,-32.242237
20395,-17.387388
20396,-7.02598
20397,-0.42472297
20398,2.911283
20399,3.2818823
20400,1.0378044
20401,-3.1934824
20402,-8.6943035
20403,-14.636525
20404,-20.073576
20405,-24.17138
20406,-26.425062
20407,-26.449806
20408,-23.944248
20409,-18.841362
20410,-11.830119
20411,-4.462881
20412,1.7987236
20413,5.790538
20414,6.560428
20415,3.4991982
20416,-3.6115253
20417,-15.174653
20418,-31.843513
20419,-54.27833
20420,-82.15749
20421,-112.98265
20422,-142.59435
20423,-165.66254
20424,-176.81728
20425,-174.04631
20426,-160.66064
20427,-141.35057
20428,-120.52516
20429,-101.90991
20430,-88.48353
20431,-82.76726
20432,-87.46652
20433,-106.46452
20434,-137.10938
20435,-166.09927
20436,-194.4563
20437,-221.50635
20438,-246.60379
20439,-269.12064
20440,-288.45767
20441,-304.0574
20442,-315.41782
20443,-322.11795
20444,-323.9783
20445,-321.71255
20446,-317.25317
20447,-312.7587
20448,-310.332
20449,-311.78452
20450,-317.38382
20451,-325.06628
20452,-332.2004
20453,-336.05634
20454,-334.29352
20455,-327.1748
20456,-318.71484
20457,-313.53934
20458,-316.1551
20459,-330.6835
20460,-358.1434
20461,-394.182
20462,-432.55347
20463,-11.778572
20464,2.4757335
20465,2.6886206
20466,3.6503222
20467,5.187715
20468,-417.2602
20469,-375.41968
20470,-332.1444
20471,-294.121
20472,-267.2246
20473,-256.5474
20474,-266.78766
20475,-299.34592
20476,-349.18292
20477,-408.5638
20478,2.613293
20479,0.66074955
20480,0.44716042
20481,2.4878628
20482,-435.62494
20483,-320.35294
20484,-232.62244
20485,-243.18121
20486,-257.1309
20487,-271.74344
20488,-287.45197
20489,-304.73553
20490,-324.13214
20491,-346.25934
20492,-371.83038
20493,-401.66214
20494,-436.4408
20495,2.632605
20496,0.66441834
20497,-0.9840477
20498,-2.0914338
20499,-2.4878292
20500,-2.2575567
20501,-1.7762393
20502,-1.3449965
20503,-1.2171025
20504,-1.6164407
20505,-2.6114075
20506,-4.0757394
20507,-5.9206214
20508,-8.073529
20509,-10.441591
20510,-12.83985
20511,-14.960845
20512,-16.501076
20513,-17.17492
20514,-16.789783
20515,-15.518274
20516,-13.876098
20517,-12.172859
20518,-10.60376
20519,-9.325358
20520,-8.41599
20521,-7.8875794
20522,-22.808975
20523,-8.274071
20524,-9.358456
20525,-10.9802475
20526,-12.85116
20527,-14.710698
20528,-16.300234
20529,-17.348755
20530,-17.593998
20531,-16.812946
20532,-14.853679
20533,-11.650504
20534,-10.666107
20535,-14.337813
20536,-15.6927185
20537,-17.102613
20538,-18.511776
20539,-19.861755
20540,-21.091946
20541,-22.140692
20542,-22.947079
20543,-23.453058
20544,-23.592178
20545,-23.230635
20546,-22.175524
20547,-20.319078
20548,-17.618088
20549,-14.154282
20550,-10.429613
20551,-7.172575
20552,-4.7040377
20553,-3.3581846
20554,-3.527173
20555,-5.1653576
20556,-7.5698357
20557,-10.089231
20558,-12.024521
20559,-12.725798
20560,-12.195033
20561,-11.201477
20562,-10.255772
20563,-9.702224
20564,-9.793073
20565,-10.395361
20566,-10.932786
20567,-10.973746
20568,-10.157554
20569,-8.262546
20570,-5.61668
20571,-3.0158668
20572,-0.93058497
20573,0.25191545
20574,0.15426654
20575,-1.2283584
20576,-3.3680344
20577,-5.779918
20578,-7.963099
20579,-9.371933
20580,-9.471203
20581,-7.8196654
20582,-4.151051
20583,-13.380285
20584,4.590552
20585,1.0675772
20586,-0.055727616
20587,-1.1954958
20588,-2.2549913
20589,-3.136285
20590,-3.7421415
20591,-3.9785316
20592,-3.757568
20593,-3.0002396
20594,-1.6584094
20595,0.19717054
20596,2.3780453
20597,4.7507687
20598,-423.25284
20599,-374.9895
20600,-331.75504
20601,-297.18088
20602,-274.45
20603,-266.5706
20604,-276.4874
20605,-304.45877
20606,-345.45502
20607,-392.29584
20608,-436.07275
20609,3.2035482
20610,2.874233
20611,3.0138352
20612,3.171312
20613,2.9684577
20614,-12.898549
20615,0.6647405
20616,-0.71587205
20617,-16.449657
20618,-1.0055076
20619,0.98541284
20620,4.3137217
20621,-413.0444
20622,-336.00967
20623,-265.82364
20624,-209.19441
20625,-167.89856
20626,-139.6162
20627,-121.99215
20628,-113.417725
20629,-112.93911
20630,-120.18128
20631,-135.27179
20632,-158.76614
20633,-191.57506
20634,-177.95639
20635,-90.24494
20636,-41.005817
20637,-11.498492
20638,-2.3520815
20639,-3.9883647
20640,-14.9142885
20641,-35.26024
20642,-65.58197
20643,-105.930336
20644,-155.05934
20645,-209.2117
20646,-261.09424
20647,-300.99252
20648,-318.35132
20649,-305.1604
20650,-264.22723
20651,-211.10213
20652,-160.97423
20653,-124.44767
20654,-107.77302
20655,-112.386154
20656,-135.5199
20657,-174.87163
20658,-227.96138
20659,-290.68207
20660,-357.1129
20661,-420.05484
20662,2.591603
20663,1.6015857
20664,2.2336059
20665,4.1745586
20666,-432.242
20667,-389.3057
20668,-357.1777
20669,-345.01617
20670,-355.69885
20671,-383.78046
20672,-422.12527
20673,3.2313273
20674,1.6911763
20675,0.9652767
20676,0.9411039
20677,1.5220708
20678,2.6416032
20679,4.2402477
20680,-436.31573
20681,-391.76892
20682,-341.95233
20683,-288.82153
20684,-276.17685
20685,-339.37448
20686,-376.07394
20687,-389.38718
20688,-383.3944
20689,-363.54898
20690,-335.68597
20691,-305.34738
20692,-277.4152
20693,-256.048
20694,-244.1953
20695,-240.54546
20696,-237.78735
20697,-227.55672
20698,-202.30318
20699,-157.96861
20700,-100.28854
20701,-48.84405
20702,-4.6729503
20703,28.219362
20704,41.97965
20705,47.02344
20706,47.851013
20707,46.285057
20708,43.088375
20709,39.214924
20710,35.655342
20711,32.644875
20712,30.095007
20713,27.823181
20714,25.565567
20715,22.90139
20716,19.168495
20717,13.504496
20718,4.758483
20719,-8.518368
20720,-27.20992
20721,-50.328484
20722,-75.42267
20723,-98.79785
20724,-116.0885
20725,-124.37378
20726,-123.82519
20727,-115.84514
20728,-102.23938
20729,-84.95993
20730,-65.895546
20731,-46.71603
20732,-28.769432
20733,-13.031928
20734,-9.558451
20735,-25.438055
20736,-35.049892
20737,-39.025604
20738,-38.63735
20739,-35.541405
20740,-31.46329
20741,-28.02991
20742,-26.749424
20743,-29.138206
20744,-36.724617
20745,-49.91855
20746,-66.69191
20747,-83.699326
20748,-96.64968
20749,-101.10936
20750,-95.31358
20751,-81.78239
20752,-64.07622
20753,-45.44729
20754,-28.39384
20755,-14.1460905
20756,-2.7437205
20757,6.012451
20758,12.323551
20759,16.440996
20760,19.024458
20761,21.314049
20762,24.528381
20763,29.609148
20764,36.77729
20765,44.679462
20766,50.940655
20767,54.256443
20768,54.900093
20769,54.31184
20770,53.961254
20771,54.252117
20772,54.803215
20773,55.04454
20774,54.606274
20775,53.44051
20776,51.653522
20777,49.40883
20778,46.921272
20779,44.443863
20780,42.24963
20781,40.609497
20782,39.766106
20783,39.90356
20784,42.457382
20785,47.418907
20786,50.877563
20787,53.18741
20788,54.53124
20789,54.944668
20790,54.314106
20791,52.360836
20792,48.611835
20793,42.358982
20794,32.713108
20795,19.361103
20796,3.9055998
20797,-10.2901325
20798,-18.809988
20799,-17.686453
20800,-6.564903
20801,10.194459
20802,27.482618
20803,41.461056
20804,50.319313
20805,54.35143
20806,55.069824
20807,54.216816
20808,53.348007
20809,53.422226
20810,54.32511
20811,54.94185
20812,53.9783
20813,50.580143
20814,44.66033
20815,36.85775
20816,28.193308
20817,19.946283
20818,13.532139
20819,10.187098
20820,10.130206
20821,12.145013
20822,14.691479
20823,16.350708
20824,15.92917
20825,12.886256
20826,7.641698
20827,0.875837
20828,-6.5429554
20829,-13.48583
20830,-18.59479
20831,-20.411026
20832,-17.6037
20833,-9.297488
20834,-8.455497
20835,-29.136307
20836,-44.11952
20837,-52.96897
20838,-55.86759
20839,-53.651443
20840,-47.52817
20841,-38.84919
20842,-28.93571
20843,-18.960325
20844,-9.898136
20845,-2.5905356
20846,2.1856506
20847,3.7072847
20848,1.0848632
20849,-6.9161835
20850,-21.253828
20851,-41.58108
20852,-66.60744
20853,-93.98217
20854,-120.67316
20855,-145.9413
20856,-174.15005
20857,-212.1466
20858,-268.96918
20859,-360.67398
20860,-482.33557
20861,-626.1086
20862,-4.878369
20863,-3.3416317
20864,-3.6913826
20865,-0.925952
20866,3.6769345
20867,-597.0176
20868,-499.48145
20869,-443.8397
20870,-435.0827
20871,-463.33508
20872,-518.14374
20873,-589.0182
20874,-663.99176
20875,1.6991059
20876,-0.65046036
20877,-2.6025708
20878,-4.181036
20879,-5.409454
20880,-6.3112483
20881,-6.909741
20882,-7.228103
20883,-7.289501
20884,-6.317164
20885,-3.8004007
20886,-1.7538147
20887,0.047869507
20888,1.5298511
20889,2.6171381
20890,3.2344317
20891,3.3060608
20892,2.7558618
20893,1.5071766
20894,-0.49704665
20895,-3.1964288
20896,-6.36726
20897,-9.7724085
20898,-13.180544
20899,-16.367813
20900,-19.15519
20901,-21.425413
20902,-23.065697
20903,-23.961159
20904,-24.035772
20905,-23.438057
20906,-22.622454
20907,-22.05938
20908,-22.205805
20909,-23.452526
20910,-25.800014
20911,-28.711504
20912,-31.616999
20913,-33.968742
20914,-35.28513
20915,-35.466602
20916,-34.933205
20917,-34.13085
20918,-33.481213
20919,-33.362038
20920,-33.89747
20921,-34.86574
20922,-36.026764
20923,-37.155533
20924,-38.04568
20925,-38.6007
20926,-38.87379
20927,-38.9257
20928,-38.810463
20929,-38.582027
20930,-38.294353
20931,-38.001335
20932,-37.75686
20933,-37.614857
20934,-36.795887
20935,-35.220432
20936,-35.614517
20937,-37.13406
20938,-39.47888
20939,-42.347145
20940,-45.43593
20941,-48.441856
20942,-51.061646
20943,-52.992355
20944,-53.971775
20945,-53.971622
20946,-53.28094
20947,-52.202866
20948,-51.025326
20949,-50.011196
20950,-49.279095
20951,-48.751827
20952,-48.343273
20953,-47.976284
20954,-47.58855
20955,-47.204033
20956,-46.964123
20957,-47.015667
20958,-47.500282
20959,-48.53336
20960,-50.07703
20961,-51.88436
20962,-53.698273
20963,-55.271015
20964,-56.39006
20965,-57.04702
20966,-57.51079
20967,-58.062294
20968,-58.968613
20969,-60.458622
20970,-62.543617
20971,-64.93944
20972,-67.34856
20973,-69.48742
20974,-71.099144
20975,-72.07917
20976,-72.52957
20977,-72.561516
20978,-72.276825
20979,-71.77757
20980,-71.16612
20981,-70.545044
20982,-70.017105
20983,-69.685234
20984,-68.70166
20985,-66.607925
20986,-65.872154
20987,-65.89181
20988,-66.53189
20989,-67.65727
20990,-69.13258
20991,-70.822296
20992,-72.59075
20993,-74.30224
20994,-75.82821
20995,-77.081795
20996,-78.032845
20997,-78.65348
20998,-78.913025
20999,-78.8069
21000,-78.48246
21001,-78.292984
21002,-78.600136
21003,-79.75595
21004,-82.0508
21005,-85.41546
21006,-89.29218
21007,-93.10252
21008,-96.29111
21009,-98.36182
21010,-99.16125
21011,-98.999886
21012,-98.20617
21013,-97.08623
21014,-95.925156
21015,-94.88688
21016,-93.97135
21017,-93.17211
21018,-92.49049
21019,-91.92901
21020,-91.4969
21021,-91.2128
21022,-91.09557
21023,-91.16363
21024,-91.43084
21025,-91.884346
21026,-92.475204
21027,-93.153015
21028,-93.86909
21029,-94.57464
21030,-95.22094
21031,-95.75925
21032,-96.14081
21033,-96.31682
21034,-96.00041
21035,-95.042114
21036,-94.12846
21037,-93.21701
21038,-92.37172
21039,-91.65645
21040,-91.13515
21041,-90.872
21042,-90.9315
21043,-91.37852
21044,-92.24881
21045,-93.40778
21046,-94.48959
21047,-95.11948
21048,-94.93395
21049,-93.63781
21050,-91.33042
21051,-88.645355
21052,-86.23667
21053,-84.73277
21054,-84.700455
21055,-86.34692
21056,-89.3916
21057,-93.53395
21058,-98.4958
21059,-108.98021
21060,-114.58244
21061,-119.7521
21062,-118.93336
21063,-121.577835
21064,-122.221695
21065,-120.89156
21066,-118.278
21067,-115.09679
21068,-112.03171
21069,-109.697334
21070,-108.307045
21071,-107.53151
21072,-107.02054
21073,-106.44992
21074,-105.52935
21075,-104.16655
21076,-102.53709
21077,-100.826866
21078,-99.20883
21079,-97.85596
21080,-96.94107
21081,-96.636635
21082,-97.114235
21083,-98.54459
21084,-98.94203
21085,-96.60693
21086,-96.06888
21087,-96.334076
21088,-97.2288
21089,-98.57959
21090,-100.21348
21091,-101.95765
21092,-103.639854
21093,-105.08802
21094,-106.14085
21095,-106.697876
21096,-106.7407
21097,-106.25424
21098,-105.21973
21099,-103.64034
21100,-101.64735
21101,-99.544945
21102,-97.64404
21103,-96.24716
21104,-95.61645
21105,-95.77887
21106,-96.44288
21107,-97.30434
21108,-98.07407
21109,-98.4989
21110,-98.534325
21111,-98.41882
21112,-98.40178
21113,-98.719025
21114,-99.57626
21115,-101.004654
21116,-102.798805
21117,-104.74386
21118,-106.636284
21119,-108.28786
21120,-109.60027
21121,-110.59702
21122,-111.3062
21123,-111.75
21124,-111.94761
21125,-111.900764
21126,-111.58766
21127,-110.98548
21128,-110.072556
21129,-108.827194
21130,-107.22763
21131,-105.252106
21132,-102.8789
21133,-100.086174
21134,-97.78163
21135,-97.38945
21136,-98.00247
21137,-99.390785
21138,-101.274734
21139,-103.37449
21140,-105.41017
21141,-107.10183
21142,-108.16956
21143,-108.33361
21144,-107.38349
21145,-105.51159
21146,-103.45539
21147,-101.97323
21148,-101.79713
21149,-103.545135
21150,-107.170654
21151,-111.72576
21152,-116.22675
21153,-119.733086
21154,-121.41746
21155,-121.108955
21156,-119.524635
21157,-117.415306
21158,-115.48918
21159,-114.38232
21160,-114.31254
21161,-114.93156
21162,-115.86928
21163,-116.78283
21164,-117.36235
21165,-117.49076
21166,-117.311905
21167,-116.97951
21168,-116.63489
21169,-116.407845
21170,-116.36169
21171,-116.46954
21172,-116.70112
21173,-117.03047
21174,-117.42709
21175,-117.83415
21176,-118.159195
21177,-118.30832
21178,-118.189384
21179,-117.71027
21180,-116.778885
21181,-115.30309
21182,-113.19081
21183,-110.350044
21184,-108.946335
21185,-110.73894
21186,-110.86065
21187,-110.427795
21188,-109.66397
21189,-108.792694
21190,-108.03748
21191,-107.62181
21192,-107.76927
21193,-108.70337
21194,-110.59668
21195,-113.32462
21196,-116.360085
21197,-119.16042
21198,-121.202194
21199,-122.03453
21200,-121.626495
21201,-120.51578
21202,-119.26183
21203,-118.39667
21204,-118.39193
21205,-119.36809
21206,-120.9701
21207,-122.82473
21208,-124.581474
21209,-125.92714
21210,-126.76502
21211,-127.29143
21212,-127.7139
21213,-128.2259
21214,-128.99963
21215,-130.08409
21216,-131.3613
21217,-132.70695
21218,-134.00467
21219,-135.14218
21220,-136.03026
21221,-136.61101
21222,-136.82771
21223,-136.6222
21224,-135.95604
21225,-134.90625
21226,-133.70602
21227,-132.59428
21228,-131.80122
21229,-131.55415
21230,-132.07741
21231,-133.59373
21232,-136.32536
21233,-140.4952
21234,-143.41333
21235,-142.33514
21236,-142.70921
21237,-143.73645
21238,-145.51076
21239,-148.12726
21240,-151.68205
21241,-156.27219
21242,-166.99522
21243,-173.94937
21244,-182.14056
21245,-191.03809
21246,-199.38542
21247,-205.89941
21248,-204.33119
21249,-203.61922
21250,-198.80159
21251,-196.41206
21252,-188.04971
21253,-180.24515
21254,-174.36595
21255,-165.83006
21256,-163.76947
21257,-162.26547
21258,-160.46182
21259,-157.58347
21260,-153.32474
21261,-153.01546
21262,-147.01102
21263,-140.63646
21264,-134.2103
21265,-128.01392
21266,-122.278755
21267,-117.233574
21268,-108.10903
21269,-105.09088
21270,-103.102905
21271,-101.71455
21272,-100.48203
21273,-98.979004
21274,-96.831474
21275,-93.966965
21276,-90.72113
21277,-87.44541
21278,-84.47175
21279,-82.13204
21280,-80.758316
21281,-80.68296
21282,-82.23893
21283,-85.759834
21284,-88.66349
21285,-87.71037
21286,-87.31614
21287,-86.83034
21288,-86.290276
21289,-85.73273
21290,-85.1937
21291,-84.70845
21292,-84.311646
21293,-84.037796
21294,-83.91255
21295,-83.91034
21296,-83.936264
21297,-83.89258
21298,-83.68445
21299,-83.22542
21300,-82.48504
21301,-81.50984
21302,-80.34924
21303,-79.04871
21304,-77.65928
21305,-76.263954
21306,-74.98922
21307,-73.964264
21308,-73.3172
21309,-73.146935
21310,-73.37721
21311,-73.69389
21312,-73.77339
21313,-73.303925
21314,-72.017685
21315,-69.89974
21316,-67.277245
21317,-64.49125
21318,-61.866486
21319,-59.696075
21320,-58.09068
21321,-56.91348
21322,-56.01699
21323,-55.265095
21324,-54.534153
21325,-53.77436
21326,-53.03616
21327,-52.37433
21328,-51.838818
21329,-51.47937
21330,-51.345127
21331,-51.483955
21332,-51.942547
21333,-52.76689
21334,-52.221794
21335,-49.094345
21336,-47.607246
21337,-46.903744
21338,-46.872868
21339,-47.40385
21340,-48.386047
21341,-49.70888
21342,-51.261894
21343,-52.934784
21344,-54.605103
21345,-56.079617
21346,-57.06871
21347,-57.278656
21348,-56.420662
21349,-54.267246
21350,-50.943565
21351,-47.051792
21352,-43.21338
21353,-40.026287
21354,-38.02932
21355,-37.419975
21356,-37.931057
21357,-39.272293
21358,-41.173237
21359,-43.364635
21360,-45.590397
21361,-47.612827
21362,-49.195248
21363,-50.100403
21364,-50.133293
21365,-49.343307
21366,-48.111423
21367,-46.833233
21368,-45.88863
21369,-45.62125
21370,-46.16472
21371,-47.36655
21372,-49.060368
21373,-51.092472
21374,-53.31409
21375,-55.606796
21376,-57.89358
21377,-60.09941
21378,-62.147396
21379,-63.960636
21380,-65.462234
21381,-66.57541
21382,-67.22337
21383,-67.32941
21384,-67.05047
21385,-66.94005
21386,-67.20064
21387,-67.65556
21388,-68.20746
21389,-68.75887
21390,-69.21238
21391,-69.470566
21392,-69.43601
21393,-69.01138
21394,-68.12201
21395,-66.824715
21396,-65.35444
21397,-63.953514
21398,-62.855827
21399,-62.259987
21400,-62.15935
21401,-62.268547
21402,-62.289986
21403,-61.93903
21404,-60.96867
21405,-59.350304
21406,-57.351257
21407,-55.25142
21408,-53.31661
21409,-51.799812
21410,-50.880222
21411,-50.636913
21412,-51.144722
21413,-52.48331
21414,-54.698566
21415,-57.638317
21416,-60.880386
21417,-63.989494
21418,-66.54277
21419,-68.16911
21420,-68.79623
21421,-68.75692
21422,-68.40108
21423,-68.059204
21424,-68.032616
21425,-68.45345
21426,-69.22447
21427,-70.238625
21428,-71.39961
21429,-72.61102
21430,-73.77653
21431,-74.79974
21432,-75.58436
21433,-76.03406
21434,-74.30152
21435,-70.08141
21436,-69.17377
21437,-70.01359
21438,-72.18925
21439,-75.28757
21440,-78.89428
21441,-82.59442
21442,-85.97303
21443,-88.61525
21444,-90.16351
21445,-90.59057
21446,-90.31634
21447,-89.77837
21448,-89.39266
21449,-89.52897
21450,-90.28856
21451,-91.40908
21452,-92.61346
21453,-93.642
21454,-94.266464
21455,-94.44208
21456,-94.37243
21457,-94.270874
21458,-94.338936
21459,-94.75358
21460,-95.549065
21461,-96.56627
21462,-97.63747
21463,-98.6034
21464,-99.32427
21465,-99.775734
21466,-100.09021
21467,-100.4065
21468,-100.85629
21469,-101.54961
21470,-102.46829
21471,-103.42057
21472,-104.20817
21473,-104.64152
21474,-104.558365
21475,-103.95453
21476,-103.03975
21477,-102.03201
21478,-101.13919
21479,-100.56932
21480,-100.5304
21481,-101.230675
21482,-102.87841
21483,-105.68198
21484,-106.75589
21485,-103.53733
21486,-102.37838
21487,-101.97923
21488,-102.16739
21489,-102.77023
21490,-103.615
21491,-104.52893
21492,-105.33913
21493,-105.872604
21494,-105.99066
21495,-105.75336
21496,-105.48983
21497,-105.53846
21498,-106.22221
21499,-107.80864
21500,-110.256905
21501,-113.10989
21502,-115.89465
21503,-118.1591
21504,-119.49505
21505,-119.74365
21506,-119.08317
21507,-117.705795
21508,-115.7886
21509,-113.50788
21510,-111.03065
21511,-108.5111
21512,-106.103355
21513,-103.96259
21514,-102.23353
21515,-100.9986
21516,-100.25571
21517,-99.99964
21518,-100.229256
21519,-100.922775
21520,-101.93827
21521,-102.97098
21522,-103.70962
21523,-103.85064
21524,-103.131325
21525,-101.526886
21526,-99.3345
21527,-96.86361
21528,-94.407906
21529,-92.26076
21530,-90.7154
21531,-90.06495
21532,-90.60252
21533,-92.62156
21534,-93.83895
21535,-91.56462
21536,-90.00726
21537,-88.51957
21538,-87.12845
21539,-85.86072
21540,-84.74308
21541,-83.801865
21542,-83.06176
21543,-82.54382
21544,-82.262474
21545,-82.213326
21546,-82.3686
21547,-82.70014
21548,-83.18226
21549,-83.78934
21550,-84.48898
21551,-85.23873
21552,-85.99732
21553,-86.725525
21554,-87.37753
21555,-87.86348
21556,-88.03317
21557,-87.7347
21558,-86.81967
21559,-85.171715
21560,-82.8571
21561,-80.18928
21562,-77.49134
21563,-75.07451
21564,-73.21546
21565,-71.99014
21566,-71.20086
21567,-70.63375
21568,-70.08265
21569,-69.36877
21570,-68.48763
21571,-67.67287
21572,-67.169846
21573,-67.21503
21574,-68.002335
21575,-69.46577
21576,-71.18514
21577,-72.72645
21578,-73.67384
21579,-73.613014
21580,-72.13124
21581,-68.81749
21582,-68.262985
21583,-60.062447
21584,-51.78365
21585,-47.201454
21586,-37.80219
21587,-34.022835
21588,-30.810696
21589,-28.112839
21590,-25.875984
21591,-24.046465
21592,-22.570173
21593,-21.392475
21594,-20.442974
21595,-19.561686
21596,-18.46637
21597,-16.867582
21598,-14.481678
21599,-11.0846
21600,-6.7936387
21601,-2.188242
21602,2.1298494
21603,5.5815496
21604,-611.7959
21605,-590.8575
21606,-591.1553
21607,-598.7045
21608,-599.64703
21609,-581.45105
21610,-540.20874
21611,-484.22876
21612,-423.63467
21613,-366.93552
21614,-320.29233
21615,-285.6816
21616,-260.7889
21617,-242.95953
21618,-229.99666
21619,-220.22522
21620,-213.46584
21621,-211.5581
21622,-216.85597
21623,-232.05751
21624,-260.0774
21625,-301.6598
21626,-352.83582
21627,-407.20926
21628,-456.58795
21629,-491.31406
21630,-501.24564
21631,-477.37872
21632,-414.11453
21633,-317.17053
21634,-246.60165
21635,-285.89893
21636,-315.3592
21637,-336.62222
21638,-350.82312
21639,-359.48517
21640,-364.36276
21641,-367.3279
21642,-370.30368
21643,-375.24216
21644,-384.0383
21645,-398.05084
21646,-417.79987
21647,-443.69864
21648,-476.25797
21649,-515.72424
21650,-560.15735
21651,-603.8395
21652,-639.48517
21653,-659.21826
21654,-655.9132
21655,-627.49896
21656,-579.20404
21657,-518.0087
21658,-450.60413
21659,-382.93262
21660,-320.03
21661,-265.92526
21662,-223.44873
21663,-194.5346
21664,-180.51097
21665,-181.24586
21666,-194.69376
21667,-218.98328
21668,-252.46552
21669,-293.27148
21670,-339.2604
21671,-388.10385
21672,-436.95734
21673,-482.4131
21674,-520.81824
21675,-549.5149
21676,-567.7852
21677,-575.6086
21678,-573.23975
21679,-561.15424
21680,-539.99567
21681,-510.5364
21682,-473.6669
21683,-430.41138
21684,-505.6749
21685,-9.456003
21686,-17.745655
21687,-16.893848
21688,-17.749725
21689,-16.111017
21690,-12.753545
21691,-8.441848
21692,-3.9326742
21693,0.023438433
21694,2.758261
21695,4.063577
21696,4.3619356
21697,4.119972
21698,3.7819529
21699,3.7573633
21700,4.245506
21701,-664.77344
21702,-637.072
21703,-604.56866
21704,-569.9022
21705,-535.78845
21706,-505.08295
21707,-480.45035
21708,-464.36908
21709,-459.0136
21710,-465.03967
21711,-480.83752
21712,-504.41287
21713,-533.76373
21714,-566.4255
21715,-597.74176
21716,-619.67993
21717,-623.2168
21718,-599.83295
21719,-544.3614
21720,-462.9598
21721,-374.3131
21722,-295.48068
21723,-238.02571
21724,-208.5423
21725,-207.50693
21726,-229.65842
21727,-270.18942
21728,-324.33072
21729,-385.7051
21730,-445.57764
21731,-492.98254
21732,-515.72546
21733,-502.26123
21734,-495.71487
21735,-540.5762
21736,-528.8516
21737,-472.02753
21738,-385.2027
21739,-289.63538
21740,-190.12611
21741,-103.15603
21742,-35.78206
21743,9.702794
21744,35.45291
21745,51.901203
21746,55.072998
21747,54.502712
21748,53.1515
21749,52.565586
21750,52.90876
21751,53.44767
21752,53.538998
21753,52.475925
21754,48.14617
21755,36.170437
21756,12.497118
21757,-28.616037
21758,-68.008316
21759,-112.03981
21760,-147.4238
21761,-171.60855
21762,-185.1374
21763,-189.9045
21764,-188.43123
21765,-182.88919
21766,-174.56485
21767,-164.5407
21768,-153.85062
21769,-143.37357
21770,-133.47032
21771,-123.83488
21772,-114.063675
21773,-103.80215
21774,-92.79135
21775,-81.07317
21776,-69.0598
21777,-57.189518
21778,-45.836136
21779,-35.306084
21780,-25.839886
21781,-17.617886
21782,-10.771078
21783,-5.396962
21784,2.7580042
21785,13.793591
21786,15.015656
21787,9.075792
21788,-3.18555
21789,-21.11545
21790,-43.26768
21791,-66.88473
21792,-87.84746
21793,-101.09938
21794,-102.04635
21795,-90.193184
21796,-70.62966
21797,-49.160652
21798,-30.342115
21799,-16.981834
21800,-9.409865
21801,-5.8059177
21802,-4.3764496
21803,-3.5794199
21804,-2.078927
21805,0.64080197
21806,3.94028
21807,7.0061927
21808,9.119957
21809,9.700625
21810,8.649174
21811,6.577249
21812,4.2809477
21813,2.6229985
21814,2.4110363
21815,3.8156385
21816,6.0525546
21817,8.169142
21818,9.2763195
21819,8.608251
21820,5.960845
21821,2.0355678
21822,-2.1682196
21823,-5.495099
21824,-6.784049
21825,-5.524795
21826,-2.2534354
21827,2.2424934
21828,7.218994
21829,12.031233
21830,16.15489
21831,19.17233
21832,20.72549
21833,20.437042
21834,21.216267
21835,25.165735
21836,24.66937
21837,20.650629
21838,13.521271
21839,3.6868424
21840,-8.150169
21841,-20.823158
21842,-32.67206
21843,-41.65029
21844,-45.809082
21845,-44.8487
21846,-40.950825
21847,-36.78214
21848,-34.824024
21849,-37.27139
21850,-45.230793
21851,-58.071056
21852,-74.67117
21853,-93.569595
21854,-112.91504
21855,-131.03914
21856,-147.04042
21857,-160.22063
21858,-169.92154
21859,-175.64938
21860,-177.55823
21861,-176.71999
21862,-174.43297
21863,-171.9923
21864,-170.39558
21865,-168.98357
21866,-164.6776
21867,-154.06438
21868,-134.2989
21869,-104.406395
21870,-68.61295
21871,-35.63684
21872,-11.629519
21873,0.6223817
21874,-0.46741277
21875,-16.59613
21876,-48.43079
21877,-95.20482
21878,-152.35402
21879,-210.12497
21880,-254.22884
21881,-268.55545
21882,-239.93845
21883,-169.89195
21884,-104.10475
21885,-91.77683
21886,-81.66906
21887,-70.376595
21888,-58.560806
21889,-46.808517
21890,-35.616505
21891,-25.38501
21892,-16.420567
21893,-8.947654
21894,-3.102848
21895,1.1634127
21896,4.108334
21897,5.983098
21898,6.9929905
21899,7.3644204
21900,7.621846
21901,8.749386
21902,11.762718
21903,17.442173
21904,25.901026
21905,35.7387
21906,44.452877
21907,50.450844
21908,53.544323
21909,54.630074
21910,54.877674
21911,54.906948
21912,54.8782
21913,54.8973
21914,54.976486
21915,54.723476
21916,53.745296
21917,52.422012
21918,51.87211
21919,52.973396
21920,54.74359
21921,54.769405
21922,51.891636
21923,47.311855
21924,43.98096
21925,44.03457
21926,46.780136
21927,50.37192
21928,53.231133
21929,54.664135
21930,54.954857
21931,54.93266
21932,55.01503
21933,53.722683
21934,53.934315
21935,45.387318
21936,39.511368
21937,32.98399
21938,33.4466
21939,38.838005
21940,45.639862
21941,51.022118
21942,53.878376
21943,54.74872
21944,54.66247
21945,53.37119
21946,49.02482
21947,39.725174
21948,25.045393
21949,6.660727
21950,-12.674145
21951,-30.964394
21952,-46.738106
21953,-58.825294
21954,-66.43314
21955,-69.47241
21956,-68.72526
21957,-65.28838
21958,-60.31572
21959,-54.938293
21960,-50.283287
21961,-47.50769
21962,-47.76182
21963,-52.30475
21964,-62.539185
21965,-79.2672
21966,-101.846466
21967,-128.94635
21968,-158.61528
21969,-188.36586
21970,-216.31665
21971,-242.2723
21972,-266.60782
21973,-289.87216
21974,-312.68637
21975,-335.31567
21976,-357.33798
21977,-378.1099
21978,-396.9272
21979,-413.05008
21980,-425.73447
21981,-434.26053
21982,-437.9619
21983,-436.2556
21984,-440.17407
21985,-461.83176
21986,-479.14035
21987,-491.07956
21988,-496.50247
21989,-494.364
21990,-483.78018
21991,-464.09476
21992,-434.95135
21993,-396.37567
21994,-349.32144
21995,-297.7429
21996,-248.7733
21997,-208.57623
21998,-181.64728
21999,-171.01341
22000,-176.07623
22001,-191.02759
22002,-208.73186
22003,-221.19739
22004,-220.72585
22005,-205.61972
22006,-183.03407
22007,-161.2284
22008,-147.15181
22009,-146.32555
22010,-160.86925
22011,-187.95937
22012,-223.40022
22013,-261.82455
22014,-296.62723
22015,-322.22025
22016,-336.20758
22017,-337.4005
22018,-325.22675
22019,-300.3142
22020,-266.7707
22021,-232.57024
22022,-205.13203
22023,-190.5167
22024,-193.8095
22025,-217.0472
22026,-257.1139
22027,-309.21326
22028,-366.86514
22029,-421.29944
22030,-461.72754
22031,-476.4765
22032,-454.98312
22033,-390.65042
22034,-342.99536
22035,-376.91357
22036,-394.463
22037,-398.65106
22038,-392.37402
22039,-378.89017
22040,-361.51187
22041,-343.40436
22042,-327.49347
22043,-316.478
22044,-312.67773
22045,-316.88248
22046,-327.65765
22047,-343.13513
22048,-361.39337
22049,-380.29965
22050,-397.17834
22051,-408.6279
22052,-411.02405
22053,-400.9042
22054,-376.13574
22055,-339.88617
22056,-301.76718
22057,-271.21817
22058,-256.1481
22059,-263.34802
22060,-295.64578
22061,-348.94653
22062,-416.6789
22063,-489.88385
22064,-557.1916
22065,-608.64557
22066,-639.4787
22067,-646.982
22068,-629.588
22069,-587.4335
22070,-524.13306
22071,-447.1234
22072,-364.22995
22073,-282.3152
22074,-206.89499
22075,-142.1102
22076,-90.58774
22077,-53.08948
22078,-29.010973
22079,-17.374107
22080,-18.174877
22081,-34.08854
22082,-72.524765
22083,-153.03549
22084,-224.56424
22085,-203.27914
22086,-191.21436
22087,-182.85194
22088,-178.62103
22089,-179.02225
22090,-184.68639
22091,-196.44028
22092,-215.3803
22093,-242.95572
22094,-280.7407
22095,-328.72253
22096,-383.51767
22097,-439.84082
22098,-491.0173
22099,-529.9461
22100,-553.2578
22101,-564.27216
22102,-568.301
22103,-570.9425
22104,-577.41034
22105,-590.10114
22106,-607.1001
22107,-625.4779
22108,-642.1717
22109,-654.1591
22110,-659.39307
22111,-657.42584
22112,-648.2526
22113,-631.9816
22114,-608.793
22115,-578.7332
22116,-541.63354
22117,-497.4726
22118,-446.5139
22119,-389.84378
22120,-331.514
22121,-278.72583
22122,-237.60791
22123,-212.72589
22124,-207.67238
22125,-223.57646
22126,-257.79086
22127,-307.09222
22128,-367.51807
22129,-433.47946
22130,-497.4258
22131,-550.04346
22132,-580.99695
22133,-580.2097
22134,-556.6508
22135,-560.27856
22136,-628.7443
22137,-4.45979
22138,-11.179776
22139,-18.382801
22140,-25.301947
22141,-31.173119
22142,-30.23934
22143,-31.75212
22144,-30.117338
22145,-25.595123
22146,-24.596468
22147,-18.57927
22148,-8.939615
22149,-6.909903
22150,-7.785252
22151,-10.566622
22152,-14.1611185
22153,-17.516973
22154,-19.655449
22155,-20.043903
22156,-18.759937
22157,-15.918707
22158,-11.609429
22159,-10.972283
22160,-4.440716
22161,-646.6448
22162,-512.5649
22163,-415.84103
22164,-372.12338
22165,-372.61526
22166,-402.13113
22167,-443.67252
22168,-478.125
22169,-485.79004
22170,-458.5538
22171,-407.14868
22172,-346.0599
22173,-287.67612
22174,-240.77977
22175,-208.2661
22176,-187.50214
22177,-175.55031
22178,-170.11626
22179,-169.28287
22180,-171.3176
22181,-174.54027
22182,-177.25146
22183,-177.72403
22184,-162.14395
22185,-127.79034
22186,-111.99055
22187,-107.94723
22188,-111.045586
22189,-117.219406
22190,-122.314156
22191,-121.971756
22192,-112.03151
22193,-89.44371
22194,-54.309776
22195,-13.54436
22196,16.365252
22197,38.575043
22198,53.11184
22199,55.058983
22200,55.023094
22201,54.862434
22202,53.523727
22203,49.771976
22204,43.79715
22205,37.113335
22206,31.295174
22207,27.72049
22208,27.446999
22209,30.846716
22210,36.9436
22211,43.60144
22212,49.05744
22213,52.51523
22214,54.14671
22215,54.708885
22216,54.86645
22217,54.90364
22218,54.921844
22219,54.964108
22220,55.009453
22221,55.0011
22222,54.94746
22223,54.91918
22224,54.961426
22225,54.95825
22226,54.602577
22227,53.499226
22228,51.255795
22229,47.551678
22230,42.190983
22231,35.140587
22232,26.552704
22233,16.772556
22234,11.943172
22235,16.827358
22236,17.257654
22237,13.435831
22238,4.6395664
22239,-10.602762
22240,-34.566765
22241,-70.38712
22242,-122.114914
22243,-199.77527
22244,-298.62015
22245,-423.79352
22246,-562.7989
22247,-1.9249598
22248,-0.28081256
22249,-0.79904664
22250,1.5542173
22251,-660.7697
22252,-547.76904
22253,-434.67285
22254,-338.39896
22255,-273.90494
22256,-231.29024
22257,-205.4599
22258,-192.85918
22259,-191.13058
22260,-199.12462
22261,-216.89378
22262,-245.12167
22263,-284.93936
22264,-337.8267
22265,-405.25626
22266,-488.30347
22267,-587.78766
22268,2.52649
22269,-7.725847
22270,-12.979976
22271,-12.804129
22272,-16.7534
22273,-19.393816
22274,-20.358568
22275,-19.654581
22276,-17.796114
22277,-15.324026
22278,-12.75447
22279,-10.601928
22280,-9.38102
22281,-9.608899
22282,-11.807915
22283,-16.50731
22284,-16.771856
22285,-11.600839
22286,-6.6818013
22287,0.97586846
22288,1.774497
22289,1.1198336
22290,-0.5763444
22291,-2.896258
22292,-5.417979
22293,-7.717656
22294,-9.403653
22295,-10.273902
22296,-10.386371
22297,-9.816269
22298,-8.6278105
22299,-6.9013004
22300,-4.812884
22301,-2.66957
22302,-0.78572494
22303,0.5299147
22304,1.007297
22305,0.606007
22306,-0.396385
22307,-1.6981845
22308,-3.0087118
22309,-4.059806
22310,-4.7186832
22311,-5.0392714
22312,-5.088368
22313,-4.9251556
22314,-4.617611
22315,-4.2861996
22316,-4.1235695
22317,-4.3272133
22318,-5.092159
22319,-6.5801377
22320,-8.754953
22321,-11.306111
22322,-13.903103
22323,-16.225924
22324,-17.990942
22325,-19.125471
22326,-19.84552
22327,-20.384222
22328,-20.96202
22329,-21.799139
22330,-23.115932
22331,-25.133156
22332,-28.072134
22333,-32.15477
22334,-34.647846
22335,-32.70117
22336,-31.734058
22337,-30.888021
22338,-30.158117
22339,-29.539394
22340,-29.026941
22341,-28.615818
22342,-28.30109
22343,-28.077835
22344,-27.953417
22345,-28.006762
22346,-28.414614
22347,-29.359163
22348,-31.01876
22349,-33.530945
22350,-36.793003
22351,-40.372524
22352,-43.8183
22353,-46.69373
22354,-48.606228
22355,-49.416016
22356,-49.326412
22357,-48.556816
22358,-47.310375
22359,-45.789833
22360,-44.19764
22361,-42.73568
22362,-41.604473
22363,-41.00325
22364,-41.0938
22365,-41.82297
22366,-42.84467
22367,-43.798317
22368,-44.33702
22369,-44.166004
22370,-43.289906
22371,-42.119743
22372,-41.085854
22373,-40.600266
22374,-41.028294
22375,-42.461933
22376,-44.62024
22377,-47.20249
22378,-49.923985
22379,-52.500195
22380,-54.64746
22381,-56.083202
22382,-56.526287
22383,-55.697044
22384,-52.828785
22385,-48.825706
22386,-47.289997
22387,-47.048523
22388,-47.703793
22389,-48.856888
22390,-50.107994
22391,-51.056797
22392,-51.303146
22393,-50.447475
22394,-48.182804
22395,-44.734818
22396,-41.050007
22397,-38.10454
22398,-36.840668
22399,-38.05663
22400,-41.69619
22401,-46.527946
22402,-51.252075
22403,-54.618454
22404,-55.536503
22405,-53.82984
22406,-50.558445
22407,-46.833614
22408,-43.70516
22409,-42.126377
22410,-42.500515
22411,-44.482666
22412,-47.69111
22413,-51.775845
22414,-56.379654
22415,-61.113388
22416,-65.545494
22417,-69.24272
22418,-71.77432
22419,-72.7742
22420,-72.249596
22421,-70.713425
22422,-68.69885
22423,-66.714424
22424,-65.22238
22425,-64.418274
22426,-64.13606
22427,-64.19447
22428,-64.42908
22429,-64.67541
22430,-64.76895
22431,-64.545296
22432,-63.84005
22433,-62.489113
22434,-61.696636
22435,-62.57275
22436,-62.353973
22437,-61.605743
22438,-60.411118
22439,-58.85246
22440,-57.009518
22441,-54.957195
22442,-52.76589
22443,-50.503613
22444,-48.23695
22445,-46.027973
22446,-43.933193
22447,-42.011097
22448,-40.32298
22449,-38.92667
22450,-37.84769
22451,-37.066586
22452,-36.563435
22453,-36.32201
22454,-36.333035
22455,-36.621407
22456,-37.25794
22457,-38.316467
22458,-39.869392
22459,-41.946316
22460,-44.32527
22461,-46.440556
22462,-47.709133
22463,-47.564323
22464,-45.551685
22465,-41.85996
22466,-37.54662
22467,-33.7015
22468,-31.36708
22469,-31.431044
22470,-33.892494
22471,-37.530983
22472,-41.053997
22473,-43.220608
22474,-42.924324
22475,-39.81747
22476,-34.577423
22477,-32.92839
22478,-25.544313
22479,-18.094889
22480,-11.245181
22481,-5.6568046
22482,3.0078351
22483,4.077501
22484,4.0090814
22485,-657.5104
22486,-629.9396
22487,-604.8735
22488,-580.49963
22489,-555.1329
22490,-527.234
22491,-495.4464
22492,-458.649
22493,-416.03113
22494,-367.48886
22495,-315.06357
22496,-263.13992
22497,-215.67915
22498,-175.54005
22499,-144.1922
22500,-120.12048
22501,-98.65955
22502,-75.54073
22503,-47.944233
22504,-15.6068125
22505,17.00669
22506,37.18716
22507,49.46131
22508,47.330658
22509,33.34798
22510,17.813091
22511,-3.6447594
22512,-21.0328
22513,-30.368998
22514,-29.459618
22515,-19.711443
22516,-6.143164
22517,6.444366
22518,14.8129015
22519,17.090246
22520,12.787588
22521,2.9808545
22522,-10.7225895
22523,-25.714615
22524,-38.315105
22525,-45.530293
22526,-46.792194
22527,-42.576702
22528,-33.787983
22529,-21.610466
22530,-7.3735046
22531,7.5665164
22532,21.926348
22533,34.579334
22534,42.14056
22535,43.19545
22536,42.548054
22537,40.51538
22538,37.31061
22539,33.217915
22540,28.704338
22541,24.456263
22542,21.340218
22543,20.288027
22544,21.94888
22545,25.746733
22546,29.713833
22547,32.027317
22548,31.12644
22549,25.119991
22550,12.301912
22551,-6.6687746
22552,-28.384272
22553,-46.603245
22554,-53.936108
22555,-47.35903
22556,-31.359499
22557,-12.109545
22558,5.4307218
22559,18.364859
22560,26.106768
22561,29.44453
22562,28.795832
22563,23.713243
22564,12.881703
22565,-4.672071
22566,-27.315369
22567,-50.6235
22568,-67.81503
22569,-71.71479
22570,-59.956284
22571,-37.602787
22572,-11.480038
22573,12.685702
22574,31.385368
22575,43.81354
22576,50.969143
22577,54.21084
22578,54.92826
22579,54.422802
22580,53.770954
22581,53.67188
22582,54.27917
22583,55.016804
22584,54.781376
22585,54.344826
22586,54.33193
22587,54.687798
22588,54.959545
22589,54.431267
22590,52.253124
22591,47.554188
22592,39.539158
22593,27.569109
22594,11.282919
22595,-8.952524
22596,-31.426851
22597,-53.29114
22598,-70.92994
22599,-80.776
22600,-81.58687
22601,-75.77097
22602,-66.723335
22603,-57.65422
22604,-51.094738
22605,-47.69254
22606,-45.748104
22607,-43.186634
22608,-38.056843
22609,-28.967125
22610,-16.614878
22611,-4.0265436
22612,6.116235
22613,12.018698
22614,12.413185
22615,6.6725683
22616,-4.8717127
22617,-21.69316
22618,-42.728653
22619,-66.034836
22620,-89.231834
22621,-110.207344
22622,-126.8196
22623,-136.91554
22624,-138.87924
22625,-133.43082
22626,-124.417366
22627,-116.11526
22628,-112.44306
22629,-117.26057
22630,-135.1322
22631,-172.56218
22632,-239.69833
22633,-357.50687
22634,-471.10223
22635,-489.20752
22636,-513.19867
22637,-537.23706
22638,-561.274
22639,-585.261
22640,-609.1504
22641,-632.89575
22642,-656.44934
22643,4.217187
22644,3.2782683
22645,2.36752
22646,1.4864547
22647,0.63661754
22648,-0.18044737
22649,-0.9685023
22650,-1.7624416
22651,-2.640187
22652,-3.682705
22653,-4.9693217
22654,-6.5583816
22655,-8.384894
22656,-10.213587
22657,-11.796962
22658,-12.894268
22659,-13.301321
22660,-13.025563
22661,-12.363581
22662,-11.629056
22663,-11.123029
22664,-11.115046
22665,-11.690918
22666,-12.683893
22667,-13.910832
22668,-15.1986475
22669,-16.393261
22670,-17.452059
22671,-18.485374
22672,-19.613008
22673,-20.948387
22674,-22.589014
22675,-24.539524
22676,-26.676857
22677,-28.87038
22678,-30.994808
22679,-32.924915
22680,-34.535603
22681,-35.701973
22682,-36.299274
22683,-36.203068
22684,-35.38762
22685,-33.993954
22686,-32.147064
22687,-30.052965
22688,-27.902239
22689,-25.88516
22690,-24.191927
22691,-23.012794
22692,-22.538486
22693,-22.960363
22694,-24.427177
22695,-26.8341
22696,-29.727293
22697,-32.631153
22698,-35.08447
22699,-36.675358
22700,-37.276787
22701,-37.14933
22702,-36.573
22703,-35.80984
22704,-35.10906
22705,-34.64849
22706,-34.508972
22707,-34.76652
22708,-35.501667
22709,-36.775146
22710,-38.53143
22711,-40.555595
22712,-42.62282
22713,-44.513824
22714,-46.0345
22715,-47.14135
22716,-47.996494
22717,-48.77231
22718,-49.63245
22719,-50.71431
22720,-51.999817
22721,-53.258953
22722,-54.252197
22723,-54.75042
22724,-54.561733
22725,-53.707832
22726,-52.499893
22727,-51.26198
22728,-50.30472
22729,-49.938965
22730,-50.47604
22731,-52.228115
22732,-55.508427
22733,-60.631207
22734,-64.993286
22735,-65.31944
22736,-66.00631
22737,-66.41392
22738,-66.57527
22739,-66.52277
22740,-66.28851
22741,-65.90441
22742,-65.40235
22743,-64.814354
22744,-64.1719
22745,-63.50318
22746,-62.83184
22747,-62.181396
22748,-61.57574
22749,-61.02109
22750,-60.420437
22751,-59.536636
22752,-58.126633
22753,-55.954144
22754,-52.840088
22755,-48.935356
22756,-44.837124
22757,-41.160603
22758,-38.49949
22759,-37.36382
22760,-37.773994
22761,-39.081577
22762,-40.602592
22763,-41.681145
22764,-41.749203
22765,-40.75196
22766,-39.33182
22767,-38.163662
22768,-37.89018
22769,-39.0646
22770,-41.714676
22771,-45.148254
22772,-48.633793
22773,-51.470802
22774,-53.03907
22775,-53.182713
22776,-52.37567
22777,-51.11996
22778,-49.887478
22779,-49.149544
22780,-49.377697
22781,-51.044464
22782,-54.62422
22783,-65.593216
22784,-76.03815
22785,-89.307076
22786,-96.18444
22787,-94.36548
22788,-94.63719
22789,-92.778595
22790,-89.56545
22791,-85.77201
22792,-82.17154
22793,-79.53666
22794,-78.534256
22795,-79.21765
22796,-80.807655
22797,-82.49001
22798,-83.48917
22799,-83.114815
22800,-81.17205
22801,-78.13664
22802,-74.51089
22803,-70.764534
22804,-67.33947
22805,-64.5183
22806,-62.36822
22807,-60.94764
22808,-60.324997
22809,-60.55528
22810,-61.617455
22811,-63.387733
22812,-65.73637
22813,-68.53745
22814,-71.65139
22815,-74.861015
22816,-77.84384
22817,-80.27424
22818,-81.833046
22819,-82.24293
22820,-81.46185
22821,-79.76582
22822,-77.44435
22823,-74.77236
22824,-72.01299
22825,-69.359146
22826,-66.90843
22827,-64.75479
22828,-62.9969
22829,-61.733624
22830,-61.06407
22831,-61.08753
22832,-61.903503
22833,-63.61171
22834,-66.20928
22835,-68.68459
22836,-69.52258
22837,-69.24332
22838,-68.015564
22839,-66.00751
22840,-63.386948
22841,-60.321198
22842,-56.97725
22843,-53.52166
22844,-50.120514
22845,-46.938934
22846,-44.140987
22847,-41.890522
22848,-40.351482
22849,-39.645725
22850,-39.64862
22851,-39.899467
22852,-39.920254
22853,-39.24784
22854,-37.48946
22855,-34.65967
22856,-31.325129
22857,-28.077213
22858,-25.48091
22859,-24.025959
22860,-23.765512
22861,-24.155468
22862,-24.617464
22863,-24.597708
22864,-23.626602
22865,-21.725204
22866,-19.581968
22867,-17.919563
22868,-17.431252
22869,-18.710981
22870,-21.760212
22871,-25.760248
22872,-29.836645
22873,-33.147083
22874,-34.945965
22875,-35.043724
22876,-34.00591
22877,-32.435326
22878,-30.898731
22879,-29.961742
22880,-30.190445
22881,-32.153336
22882,-36.422886
22883,-48.575798
22884,-53.801205
22885,-46.83732
22886,-47.186867
22887,-48.142326
22888,-49.54449
22889,-51.233776
22890,-53.050392
22891,-54.83442
22892,-56.42595
22893,-57.665154
22894,-58.413452
22895,-58.655266
22896,-58.54186
22897,-58.23192
22898,-57.876213
22899,-57.612064
22900,-57.498604
22901,-57.488876
22902,-57.53122
22903,-57.578896
22904,-57.59734
22905,-57.622875
22906,-57.788048
22907,-58.229782
22908,-59.08055
22909,-60.47196
22910,-62.529675
22911,-65.37129
22912,-69.11416
22913,-73.876015
22914,-84.71707
22915,-91.36295
22916,-98.08463
22917,-104.133995
22918,-103.7856
22919,-106.40557
22920,-106.886314
22921,-105.831055
22922,-103.86794
22923,-101.58933
22924,-99.53934
22925,-97.98481
22926,-96.817825
22927,-95.91689
22928,-95.179695
22929,-94.50493
22930,-93.792244
22931,-92.94228
22932,-91.85656
22933,-90.43724
22934,-88.251915
22935,-85.42766
22936,-83.50115
22937,-82.06915
22938,-81.03994
22939,-80.321884
22940,-79.82359
22941,-79.45355
22942,-79.12037
22943,-78.73256
22944,-78.21359
22945,-77.57382
22946,-76.94141
22947,-76.44914
22948,-76.22415
22949,-76.37216
22950,-76.87485
22951,-77.54559
22952,-78.19064
22953,-78.623985
22954,-78.68058
22955,-78.31825
22956,-77.661026
22957,-76.8397
22958,-75.976974
22959,-75.19265
22960,-74.5908
22961,-74.254265
22962,-74.26488
22963,-74.705414
22964,-75.64793
22965,-77.10208
22966,-78.99291
22967,-81.241806
22968,-83.77396
22969,-86.50682
22970,-89.31359
22971,-92.00747
22972,-94.39917
22973,-96.302246
22974,-97.55145
22975,-98.10441
22976,-98.0851
22977,-97.624
22978,-96.84348
22979,-95.86591
22980,-94.813545
22981,-93.80861
22982,-92.97331
22983,-92.4298
22984,-92.306885
22985,-92.39363
22986,-92.16653
22987,-91.826225
22988,-91.44985
22989,-91.11127
22990,-90.87941
22991,-90.81874
22992,-90.99169
22993,-91.46063
22994,-92.286
22995,-93.512085
22996,-95.16088
22997,-97.256004
22998,-99.82472
22999,-102.85016
23000,-106.04715
23001,-108.766136
23002,-110.34484
23003,-110.140144
23004,-107.61927
23005,-102.88396
23006,-101.89403
23007,-95.64176
23008,-90.07747
23009,-81.04679
23010,-78.792404
23011,-77.7416
23012,-77.28931
23013,-76.86829
23014,-75.96669
23015,-74.396835
23016,-72.41084
23017,-70.278275
23018,-68.24731
23019,-66.5401
23020,-65.229546
23021,-64.18637
23022,-63.272495
23023,-62.35892
23024,-61.333725
23025,-60.186226
23026,-59.043186
23027,-58.036922
23028,-57.293045
23029,-56.937
23030,-57.094025
23031,-57.889282
23032,-59.447903
23033,-61.895027
23034,-62.79192
23035,-59.781395
23036,-57.8217
23037,-56.06877
23038,-54.501507
23039,-53.098663
23040,-51.838852
23041,-50.70062
23042,-49.662354
23043,-48.70235
23044,-47.811726
23045,-47.056366
23046,-46.603832
23047,-46.62646
23048,-47.292118
23049,-48.718994
23050,-50.734684
23051,-52.770466
23052,-54.238163
23053,-54.568054
23054,-53.296097
23055,-50.56684
23056,-47.348404
23057,-44.642963
23058,-43.41344
23059,-44.47577
23060,-47.77986
23061,-52.088528
23062,-56.10053
23063,-58.566685
23064,-58.402058
23065,-55.462337
23066,-50.874393
23067,-45.81629
23068,-41.402115
23069,-38.634853
23070,-37.8876
23071,-38.6778
23072,-40.480988
23073,-42.808826
23074,-45.200146
23075,-47.36343
23076,-49.239365
23077,-50.78036
23078,-51.9285
23079,-52.625866
23080,-52.814693
23081,-52.437256
23082,-51.436005
23083,-49.753483
23084,-51.28015
23085,-63.77122
23086,-62.886402
23087,-65.48609
23088,-66.80669
23089,-67.082825
23090,-66.54816
23091,-65.435715
23092,-63.978146
23093,-62.4078
23094,-60.933693
23095,-59.6298
23096,-58.387093
23097,-57.088665
23098,-55.62622
23099,-53.931507
23100,-52.168816
23101,-50.817955
23102,-50.37275
23103,-51.313377
23104,-54.03093
23105,-58.38964
23106,-63.532913
23107,-73.56763
23108,-72.63349
23109,-74.985405
23110,-75.54051
23111,-75.11234
23112,-74.55073
23113,-74.66229
23114,-76.147194
23115,-79.086555
23116,-82.72033
23117,-86.252235
23118,-88.92534
23119,-90.0726
23120,-89.546455
23121,-87.902504
23122,-85.72378
23123,-83.55927
23124,-81.909004
23125,-80.98996
23126,-80.63605
23127,-80.66571
23128,-80.91559
23129,-81.22217
23130,-81.42194
23131,-81.351425
23132,-80.84711
23133,-79.74562
23134,-79.5523
23135,-81.766266
23136,-83.20073
23137,-84.40351
23138,-85.3872
23139,-86.164345
23140,-86.74753
23141,-87.149315
23142,-87.38223
23143,-87.45888
23144,-87.398346
23145,-87.25834
23146,-87.14848
23147,-87.18058
23148,-87.463936
23149,-88.09254
23150,-89.071106
23151,-90.283325
23152,-91.60807
23153,-92.92989
23154,-94.14882
23155,-95.25475
23156,-96.35938
23157,-97.579216
23158,-99.024994
23159,-100.78406
23160,-102.80823
23161,-104.865685
23162,-106.71736
23163,-108.132965
23164,-108.918144
23165,-109.08642
23166,-108.933136
23167,-108.76429
23168,-108.87243
23169,-109.50859
23170,-110.682175
23171,-112.075645
23172,-113.35848
23173,-114.21478
23174,-114.36328
23175,-113.73613
23176,-112.55678
23177,-111.059494
23178,-109.46493
23179,-107.99473
23180,-106.87169
23181,-106.31993
23182,-106.56504
23183,-107.833725
23184,-109.89869
23185,-111.579895
23186,-112.19534
23187,-112.12391
23188,-111.53448
23189,-110.5964
23190,-109.47933
23191,-108.3532
23192,-107.38815
23193,-106.75447
23194,-106.600876
23195,-106.95078
23196,-107.65759
23197,-108.56821
23198,-109.537445
23199,-110.426765
23200,-111.13653
23201,-111.6198
23202,-111.831505
23203,-111.72391
23204,-111.24949
23205,-110.36308
23206,-109.02267
23207,-107.18622
23208,-104.811386
23209,-101.87192
23210,-98.43566
23211,-94.69785
23212,-90.85838
23213,-87.11082
23214,-83.63253
23215,-80.50903
23216,-77.701385
23217,-75.16563
23218,-72.863625
23219,-70.76869
23220,-68.92097
23221,-67.45105
23222,-66.49336
23223,-66.17798
23224,-66.612366
23225,-67.77149
23226,-69.45031
23227,-71.43573
23228,-73.52279
23229,-75.50642
23230,-77.181335
23231,-78.34126
23232,-78.777596
23233,-78.27942
23234,-76.79829
23235,-75.418594
23236,-75.64971
23237,-76.82177
23238,-78.64934
23239,-80.84738
23240,-83.13173
23241,-85.21941
23242,-86.82867
23243,-87.67915
23244,-87.53468
23245,-86.40987
23246,-84.65805
23247,-82.6466
23248,-80.72701
23249,-79.22185
23250,-78.2833
23251,-77.83263
23252,-77.78205
23253,-78.054726
23254,-78.55196
23255,-79.04765
23256,-79.14286
23257,-78.43162
23258,-76.516396
23259,-73.08466
23260,-68.31567
23261,-68.0534
23262,-58.166534
23263,-54.490566
23264,-52.77345
23265,-53.255833
23266,-55.488026
23267,-58.987736
23268,-63.301945
23269,-67.968735
23270,-72.48402
23271,-76.287476
23272,-78.81707
23273,-79.51426
23274,-77.91281
23275,-74.0774
23276,-68.79069
23277,-67.86245
23278,-62.0662
23279,-57.173367
23280,-48.95451
23281,-48.18213
23282,-50.63413
23283,-62.095966
23284,-67.544235
23285,-61.021423
23286,-62.004047
23287,-63.68066
23288,-65.801865
23289,-68.1183
23290,-70.38133
23291,-72.34352
23292,-73.758865
23293,-74.38282
23294,-74.00864
23295,-72.641495
23296,-70.573265
23297,-68.108086
23298,-65.536964
23299,-63.125137
23300,-60.986988
23301,-59.03233
23302,-57.162613
23303,-55.28912
23304,-53.34206
23305,-51.36101
23306,-49.533894
23307,-48.05513
23308,-47.112263
23309,-46.85613
23310,-47.22281
23311,-47.855896
23312,-48.38464
23313,-48.45128
23314,-47.751354
23315,-46.28992
23316,-44.49215
23317,-42.801846
23318,-41.642982
23319,-41.388718
23320,-42.116276
23321,-43.499153
23322,-45.190247
23323,-46.8599
23324,-48.210426
23325,-49.13292
23326,-49.775417
23327,-50.298088
23328,-50.84915
23329,-51.576675
23330,-52.628654
23331,-54.153133
23332,-56.298183
23333,-59.212032
23334,-60.841747
23335,-59.582687
23336,-60.31476
23337,-61.910297
23338,-64.12567
23339,-66.71658
23340,-69.43836
23341,-72.046196
23342,-74.29527
23343,-75.94099
23344,-76.77543
23345,-76.80325
23346,-76.31728
23347,-75.62186
23348,-75.00761
23349,-74.71839
23350,-74.72661
23351,-74.63668
23352,-74.037735
23353,-72.53645
23354,-69.815384
23355,-65.995285
23356,-61.789654
23357,-57.93497
23358,-55.13886
23359,-54.023895
23360,-54.71684
23361,-56.66929
23362,-59.301018
23363,-62.061176
23364,-64.43702
23365,-66.14176
23366,-67.19603
23367,-67.63411
23368,-67.47603
23369,-66.75804
23370,-65.611565
23371,-64.296875
23372,-63.079563
23373,-62.2191
23374,-61.94763
23375,-62.338116
23376,-63.24719
23377,-64.52202
23378,-66.01962
23379,-67.59697
23380,-69.11095
23381,-70.41847
23382,-71.376564
23383,-71.84226
23384,-72.46779
23385,-74.123924
23386,-75.627914
23387,-77.09106
23388,-78.45206
23389,-79.6493
23390,-80.62157
23391,-81.30806
23392,-81.64864
23393,-81.58397
23394,-81.07481
23395,-80.19593
23396,-79.176346
23397,-78.25161
23398,-77.65047
23399,-77.57628
23400,-78.0828
23401,-79.02085
23402,-80.2329
23403,-81.571175
23404,-82.89491
23405,-84.10393
23406,-85.15298
23407,-85.999115
23408,-86.59681
23409,-86.90523
23410,-86.91079
23411,-86.63674
23412,-86.10787
23413,-85.3469
23414,-84.3868
23415,-83.3199
23416,-82.31926
23417,-81.56106
23418,-81.217606
23419,-81.43329
23420,-82.189964
23421,-83.249
23422,-84.36266
23423,-85.29367
23424,-85.82629
23425,-85.87099
23426,-85.50913
23427,-84.82891
23428,-83.91036
23429,-82.833336
23430,-81.677734
23431,-80.52336
23432,-79.44996
23433,-78.53719
23434,-80.22194
23435,-85.78758
23436,-88.90382
23437,-90.9268
23438,-92.050835
23439,-92.46968
23440,-92.376816
23441,-91.96549
23442,-91.42881
23443,-90.95984
23444,-90.73851
23445,-90.86912
23446,-91.35331
23447,-92.188805
23448,-93.378075
23449,-94.90954
23450,-96.68992
23451,-98.515335
23452,-100.17741
23453,-101.47302
23454,-102.22542
23455,-102.41049
23456,-102.21097
23457,-101.81746
23458,-101.41072
23459,-101.14971
23460,-101.06687
23461,-101.02351
23462,-100.874214
23463,-100.48175
23464,-99.723175
23465,-98.55842
23466,-97.05959
23467,-95.303185
23468,-93.36024
23469,-91.30513
23470,-89.231125
23471,-87.25735
23472,-85.5038
23473,-84.089264
23474,-83.124535
23475,-82.67341
23476,-82.736115
23477,-83.3103
23478,-84.39665
23479,-85.99589
23480,-88.108215
23481,-90.7331
23482,-93.86911
23483,-97.5143
23484,-99.17016
23485,-96.62904
23486,-95.07978
23487,-93.79098
23488,-92.88428
23489,-92.481766
23490,-92.705894
23491,-93.67924
23492,-95.52286
23493,-98.3535
23494,-102.21928
23495,-106.79274
23496,-111.24028
23497,-114.70931
23498,-116.371796
23499,-115.51667
23500,-112.12138
23501,-107.097984
23502,-106.396065
23503,-100.92284
23504,-91.51984
23505,-88.63406
23506,-87.17763
23507,-87.04593
23508,-88.16325
23509,-90.40709
23510,-93.36903
23511,-96.251595
23512,-98.24191
23513,-98.54667
23514,-96.49351
23515,-92.10655
23516,-91.35149
23517,-85.229744
23518,-79.69605
23519,-70.59533
23520,-68.14221
23521,-66.69857
23522,-65.59114
23523,-64.18561
23524,-61.90296
23525,-58.490185
23526,-54.136177
23527,-49.04769
23528,-48.409645
23529,-42.405727
23530,-36.218357
23531,-30.028507
23532,-24.01563
23533,-18.35758
23534,-8.957036
23535,-6.282343
23536,-3.33154
23537,-0.47923967
23538,2.2301345
23539,4.7526035
23540,-626.30164
23541,-578.8118
23542,-539.8116
23543,-509.56085
23544,-487.96793
23545,-472.77997
23546,-458.60098
23547,-439.63882
23548,-410.58817
23549,-367.81357
23550,-313.2862
23551,-255.39438
23552,-202.09068
23553,-158.99467
23554,-129.47571
23555,-114.55848
23556,-113.7983
23557,-127.8768
23558,-159.42319
23559,-212.56883
23560,-288.3536
23561,-383.14883
23562,-465.37088
23563,-527.496
23564,-542.14777
23565,-504.70602
23566,-436.53934
23567,-362.7263
23568,-303.1339
23569,-270.8857
23570,-269.2476
23571,-291.62598
23572,-330.72476
23573,-378.83188
23574,-427.11868
23575,-469.41302
23576,-505.88843
23577,-538.646
23578,-570.1939
23579,-603.37573
23580,-641.3556
23581,3.723511
23582,1.2800984
23583,-1.7538761
23584,-2.9357266
23585,0.024609407
23586,1.9581573
23587,3.6580365
23588,5.148557
23589,-636.0434
23590,-608.6763
23591,-585.05536
23592,-564.45764
23593,-546.2151
23594,-529.7858
23595,-515.1442
23596,-502.98593
23597,-494.13696
23598,-489.41626
23599,-489.5723
23600,-494.8544
23601,-504.7443
23602,-518.58075
23603,-535.7108
23604,-555.59674
23605,-578.4867
23606,-605.894
23607,-639.7514
23608,3.9755046
23609,1.7561514
23610,-0.7809874
23611,-3.4023106
23612,-5.8611503
23613,-7.9173946
23614,-9.350308
23615,-10.048781
23616,-10.05196
23617,-9.408848
23618,-8.162005
23619,-6.375396
23620,-4.238311
23621,-2.111141
23622,-0.36418465
23623,0.63921505
23624,0.57932556
23625,-0.6012263
23626,-2.5951877
23627,-5.066675
23628,-7.6919494
23629,-10.146226
23630,-12.105004
23631,-13.244742
23632,-13.24348
23633,-11.7814245
23634,-12.043266
23635,-17.151295
23636,-20.294575
23637,-22.594555
23638,-24.132917
23639,-24.990437
23640,-25.24725
23641,-24.983057
23642,-24.277296
23643,-23.209122
23644,-21.870253
23645,-20.426332
23646,-19.143873
23647,-18.294903
23648,-18.14744
23649,-18.921314
23650,-20.550467
23651,-22.575243
23652,-24.51096
23653,-25.889063
23654,-26.302505
23655,-25.699194
23656,-24.510292
23657,-23.192108
23658,-22.178795
23659,-21.860495
23660,-22.372679
23661,-23.50211
23662,-25.015142
23663,-26.692549
23664,-28.3322
23665,-29.834223
23666,-31.238878
23667,-32.594234
23668,-33.942265
23669,-35.31855
23670,-36.72135
23671,-38.098064
23672,-39.393444
23673,-40.554478
23674,-41.537586
23675,-42.353596
23676,-43.087486
23677,-43.827896
23678,-44.660133
23679,-45.669456
23680,-46.941235
23681,-48.560837
23682,-50.613747
23683,-53.185486
23684,-57.67435
23685,-69.07993
23686,-67.58271
23687,-69.41481
23688,-69.8751
23689,-69.260254
23690,-67.8659
23691,-65.98702
23692,-63.918423
23693,-61.954834
23694,-60.369354
23695,-59.30867
23696,-58.748013
23697,-58.65548
23698,-59.00743
23699,-59.76877
23700,-60.83682
23701,-62.017094
23702,-63.110977
23703,-63.92419
23704,-64.28101
23705,-64.11259
23706,-63.495243
23707,-62.511475
23708,-61.23698
23709,-59.755592
23710,-58.19862
23711,-56.761845
23712,-55.643787
23713,-55.039978
23714,-55.119434
23715,-55.89581
23716,-57.171326
23717,-58.73833
23718,-60.39865
23719,-61.978718
23720,-63.44904
23721,-64.97588
23722,-66.73427
23723,-68.890045
23724,-71.57911
23725,-74.7628
23726,-78.165146
23727,-81.49989
23728,-84.49183
23729,-86.86599
23730,-88.34754
23731,-88.66195
23732,-87.53494
23733,-84.692566
23734,-82.41169
23735,-83.451614
23736,-83.82103
23737,-84.16535
23738,-84.49277
23739,-84.81141
23740,-85.12935
23741,-85.45475
23742,-85.79571
23743,-86.160225
23744,-86.55559
23745,-86.98379
23746,-87.43989
23747,-87.91871
23748,-88.41535
23749,-88.91128
23750,-89.308525
23751,-89.40159
23752,-88.98069
23753,-87.841225
23754,-85.837715
23755,-83.16718
23756,-80.49023
23757,-78.485306
23758,-77.808945
23759,-79.019066
23760,-82.097115
23761,-86.24084
23762,-90.61388
23763,-94.41638
23764,-96.92943
23765,-97.90342
23766,-97.7238
23767,-96.80087
23768,-95.51421
23769,-94.22875
23770,-93.22479
23771,-92.66815
23772,-92.720345
23773,-93.54841
23774,-95.28695
23775,-97.88184
23776,-101.023
23777,-104.38993
23778,-107.67438
23779,-110.56804
23780,-112.76286
23781,-113.95087
23782,-113.824104
23783,-112.074814
23784,-110.72199
23785,-111.839325
23786,-111.17898
23787,-109.848656
23788,-108.16761
23789,-106.45496
23790,-105.02973
23791,-104.211006
23792,-104.317444
23793,-105.6671
23794,-108.49875
23795,-112.59398
23796,-117.11538
23797,-121.20143
23798,-124.02082
23799,-124.84984
23800,-123.58611
23801,-120.96807
23802,-117.76666
23803,-114.71274
23804,-112.46819
23805,-111.29406
23806,-110.908646
23807,-111.00966
23808,-111.32103
23809,-111.592285
23810,-111.721756
23811,-111.8092
23812,-111.96217
23813,-112.27842
23814,-112.83269
23815,-113.57012
23816,-114.26143
23817,-114.669205
23818,-114.563805
23819,-113.755745
23820,-112.286316
23821,-110.50905
23822,-108.79077
23823,-107.4846
23824,-106.90418
23825,-107.12722
23826,-107.91114
23827,-109.00147
23828,-110.15935
23829,-111.14615
23830,-111.7237
23831,-111.6543
23832,-110.70063
23833,-108.62583
23834,-107.60033
23835,-109.40339
23836,-108.84819
23837,-107.15431
23838,-104.58098
23839,-101.38645
23840,-97.82715
23841,-94.157135
23842,-90.62822
23843,-87.49058
23844,-84.96121
23845,-83.067055
23846,-81.57785
23847,-80.25434
23848,-78.87067
23849,-77.23554
23850,-75.35339
23851,-73.49314
23852,-71.935074
23853,-70.94766
23854,-70.75855
23855,-71.35546
23856,-72.39982
23857,-73.539185
23858,-74.43636
23859,-74.78606
23860,-74.46915
23861,-73.618835
23862,-72.37856
23863,-70.87956
23864,-69.24847
23865,-67.58698
23866,-65.963104
23867,-64.44316
23868,-63.094788
23869,-61.97533
23870,-61.08358
23871,-60.338875
23872,-59.65638
23873,-58.95343
23874,-58.155487
23875,-57.242947
23876,-56.27149
23877,-55.300167
23878,-54.38484
23879,-53.581764
23880,-52.947662
23881,-52.539726
23882,-52.415638
23883,-52.633472
23884,-55.184837
23885,-60.709366
23886,-63.31022
23887,-64.394516
23888,-64.265625
23889,-63.225452
23890,-61.57499
23891,-59.614628
23892,-57.644318
23893,-55.963776
23894,-54.843456
23895,-54.38423
23896,-54.456707
23897,-54.921062
23898,-55.647923
23899,-56.52548
23900,-57.54543
23901,-58.840385
23902,-60.54926
23903,-62.80453
23904,-65.70238
23905,-69.12777
23906,-72.67828
23907,-75.93859
23908,-78.50677
23909,-80.0042
23910,-80.185265
23911,-78.98439
23912,-76.343605
23913,-72.19668
23914,-71.52938
23915,-64.62678
23916,-57.177555
23917,-49.884068
23918,-43.426796
23919,-38.41686
23920,-30.075022
23921,-28.093838
23922,-27.141554
23923,-26.909132
23924,-27.105717
23925,-27.55819
23926,-28.256353
23927,-29.197182
23928,-30.37002
23929,-31.76466
23930,-33.37207
23931,-35.18466
23932,-37.196373
23933,-39.40275
23934,-39.192036
23935,-34.980824
23936,-33.363266
23937,-32.923798
23938,-33.41889
23939,-34.60449
23940,-36.236046
23941,-38.06861
23942,-39.857178
23943,-41.356853
23944,-42.351673
23945,-42.792217
23946,-42.855663
23947,-42.73012
23948,-42.59316
23949,-42.596867
23950,-42.745846
23951,-42.844048
23952,-42.68549
23953,-42.073166
23954,-40.831818
23955,-38.912163
23956,-36.436028
23957,-33.53302
23958,-30.324528
23959,-26.944954
23960,-23.60624
23961,-20.625938
23962,-18.326584
23963,-17.026491
23964,-17.00448
23965,-18.301832
23966,-20.632235
23967,-23.68768
23968,-27.171894
23969,-30.788471
23970,-34.24707
23971,-37.26646
23972,-39.56649
23973,-40.867348
23974,-40.931892
23975,-39.767017
23976,-37.710697
23977,-35.115902
23978,-32.319485
23979,-29.6574
23980,-27.465109
23981,-26.078264
23982,-25.833475
23983,-27.069254
23984,-28.214241
23985,-27.349918
23986,-27.56355
23987,-28.273094
23988,-29.38806
23989,-30.817688
23990,-32.470966
23991,-34.256783
23992,-36.083893
23993,-37.861034
23994,-39.49996
23995,-40.929813
23996,-42.103474
23997,-42.975113
23998,-43.49788
23999,-43.639626
24000,-43.453392
24001,-43.108124
24002,-42.778225
24003,-42.632782
24004,-42.830044
24005,-43.4653
24006,-44.54793
24007,-46.083202
24008,-48.08029
24009,-50.52187
24010,-53.236343
24011,-55.841877
24012,-57.94652
24013,-59.168377
24014,-59.180748
24015,-57.97472
24016,-55.97195
24017,-53.61217
24018,-51.31435
24019,-49.461353
24020,-48.22864
24021,-47.51041
24022,-47.18815
24023,-47.15621
24024,-47.316486
24025,-47.615444
24026,-48.060204
24027,-48.660816
24028,-49.424522
24029,-50.358616
24030,-51.470383
24031,-52.76714
24032,-54.2562
24033,-55.944897
24034,-59.531246
24035,-70.10371
24036,-66.8188
24037,-66.405304
24038,-64.41617
24039,-61.401436
24040,-57.909355
24041,-54.48685
24042,-51.679806
24043,-50.033287
24044,-50.01221
24045,-51.614822
24046,-54.20312
24047,-57.107323
24048,-59.685616
24049,-61.359467
24050,-61.917877
24051,-61.648438
24052,-60.86104
24053,-59.842346
24054,-58.866714
24055,-58.136326
24056,-57.755486
24057,-57.8246
24058,-58.44892
24059,-59.713985
24060,-61.589127
24061,-63.88543
24062,-66.40673
24063,-68.96408
24064,-71.376175
24065,-73.50573
24066,-75.275276
24067,-76.61003
24068,-77.43239
24069,-77.68123
24070,-77.3909
24071,-76.72502
24072,-75.852516
24073,-74.93592
24074,-74.12143
24075,-73.46061
24076,-72.876335
24077,-72.285576
24078,-71.61087
24079,-70.7746
24080,-69.69927
24081,-68.307556
24082,-66.52244
24083,-64.267265
24084,-61.93403
24085,-60.74841
24086,-61.18444
24087,-62.72376
24088,-65.05065
24089,-67.84853
24090,-70.80033
24091,-73.58893
24092,-75.89724
24093,-77.408554
24094,-77.859436
24095,-77.29416
24096,-76.17388
24097,-74.97641
24098,-74.15942
24099,-74.12165
24100,-74.91897
24101,-76.142136
24102,-77.36207
24103,-78.17151
24104,-78.21845
24105,-77.4728
24106,-76.34053
24107,-75.24516
24108,-74.58929
24109,-74.717545
24110,-75.637085
24111,-76.89732
24112,-78.02814
24113,-78.580864
24114,-78.1753
24115,-76.82806
24116,-75.09337
24117,-73.54692
24118,-72.738625
24119,-73.14589
24120,-74.82358
24121,-77.25249
24122,-79.888664
24123,-82.214554
24124,-83.759705
24125,-84.32709
24126,-84.090004
24127,-83.2349
24128,-81.92606
24129,-80.3234
24130,-78.58425
24131,-76.86539
24132,-75.32434
24133,-74.12021
24134,-74.55055
24135,-77.15555
24136,-78.59244
24137,-79.57633
24138,-80.20853
24139,-80.5919
24140,-80.830605
24141,-81.02999
24142,-81.2963
24143,-81.736534
24144,-82.42437
24145,-83.236145
24146,-83.78048
24147,-83.65535
24148,-82.47167
24149,-79.92189
24150,-76.169334
24151,-72.01422
24152,-68.28086
24153,-65.76236
24154,-65.137856
24155,-66.423706
24156,-68.73463
24157,-71.144325
24158,-72.767
24159,-72.82522
24160,-71.172264
24161,-68.51555
24162,-65.596466
24163,-63.114704
24164,-61.69568
24165,-61.53717
24166,-62.256714
24167,-63.446163
24168,-64.72351
24169,-65.73191
24170,-66.263985
24171,-66.31549
24172,-65.89089
24173,-64.984985
24174,-63.60367
24175,-61.817898
24176,-59.786953
24177,-57.673576
24178,-55.636158
24179,-53.832947
24180,-52.422054
24181,-51.561676
24182,-51.41012
24183,-52.125984
24184,-51.477325
24185,-47.461304
24186,-44.978924
24187,-43.129753
24188,-41.843887
24189,-41.05135
24190,-40.682068
24191,-40.66579
24192,-40.932186
24193,-41.41078
24194,-42.031277
24195,-42.724937
24196,-43.425137
24197,-44.06534
24198,-44.57892
24199,-44.91356
24200,-45.099964
24201,-45.2819
24202,-45.608467
24203,-46.223743
24204,-47.257828
24205,-48.75929
24206,-50.66549
24207,-52.9084
24208,-55.424946
24209,-58.139946
24210,-60.90785
24211,-63.487396
24212,-65.63306
24213,-67.103966
24214,-67.70127
24215,-67.468796
24216,-66.7793
24217,-66.019196
24218,-65.55924
24219,-65.74071
24220,-66.73368
24221,-68.47561
24222,-70.89392
24223,-73.926765
24224,-77.49226
24225,-81.392044
24226,-85.26996
24227,-88.76318
24228,-91.5166
24229,-93.17545
24230,-93.38541
24231,-91.79247
24232,-88.0433
24233,-86.78562
24234,-79.595505
24235,-92.67763
24236,-92.384964
24237,-96.087555
24238,-98.85487
24239,-100.75616
24240,-101.86022
24241,-102.23593
24242,-101.95191
24243,-101.076866
24244,-99.68411
24245,-97.87419
24246,-95.78449
24247,-93.5538
24248,-91.31916
24249,-89.211266
24250,-87.32428
24251,-85.702965
24252,-84.39026
24253,-83.431366
24254,-82.85981
24255,-82.64084
24256,-82.64711
24257,-82.747406
24258,-82.81429
24259,-82.73919
24260,-82.52918
24261,-82.34919
24262,-82.370415
24263,-82.756714
24264,-83.64023
24265,-84.965485
24266,-86.42247
24267,-87.691475
24268,-88.4654
24269,-88.48223
24270,-87.73837
24271,-86.57984
24272,-85.36682
24273,-84.44295
24274,-84.11885
24275,-84.51136
24276,-85.47474
24277,-86.85268
24278,-88.50138
24279,-90.2769
24280,-92.03544
24281,-93.63311
24282,-94.925995
24283,-95.77026
24284,-97.08654
24285,-99.3578
24286,-99.834724
24287,-99.29911
24288,-97.98495
24289,-96.12605
24290,-93.955986
24291,-91.70809
24292,-89.61558
24293,-87.91153
24294,-86.792725
24295,-86.24574
24296,-85.97209
24297,-85.66187
24298,-85.01858
24299,-83.79775
24300,-82.05767
24301,-80.26659
24302,-78.90879
24303,-78.44909
24304,-79.28297
24305,-81.40138
24306,-84.24598
24307,-87.23494
24308,-89.812065
24309,-91.47974
24310,-92.08041
24311,-91.91727
24312,-91.3116
24313,-90.56256
24314,-89.951775
24315,-89.65969
24316,-89.72989
24317,-90.200455
24318,-91.1161
24319,-92.496124
24320,-94.21277
24321,-95.93877
24322,-97.3388
24323,-98.08714
24324,-97.90385
24325,-96.77445
24326,-95.04374
24327,-93.07041
24328,-91.195915
24329,-89.761444
24330,-89.108376
24331,-89.578224
24332,-91.51285
24333,-95.25458
24334,-98.75769
24335,-98.80231
24336,-98.003456
24337,-96.36926
24338,-94.20201
24339,-91.80389
24340,-89.47689
24341,-87.52294
24342,-86.244
24343,-85.9421
24344,-86.865585
24345,-88.948906
24346,-91.70048
24347,-94.611084
24348,-97.19156
24349,-99.01309
24350,-99.99785
24351,-100.543106
24352,-101.06475
24353,-101.95578
24354,-103.566574
24355,-105.99927
24356,-109.01959
24357,-112.380165
24358,-115.84954
24359,-119.19911
24360,-122.216194
24361,-124.70961
24362,-126.48911
24363,-127.3634
24364,-127.17785
24365,-125.990654
24366,-124.148384
24367,-122.008545
24368,-119.9148
24369,-118.17721
24370,-116.91071
24371,-115.966095
24372,-115.18406
24373,-114.41802
24374,-113.54028
24375,-112.53349
24376,-111.52949
24377,-110.66582
24378,-110.0729
24379,-109.88111
24380,-110.22094
24381,-111.22284
24382,-113.01731
24383,-115.73487
24384,-115.79463
24385,-110.65627
24386,-108.997345
24387,-108.88026
24388,-109.96951
24389,-111.929436
24390,-114.42412
24391,-117.117615
24392,-119.67389
24393,-121.756905
24394,-123.067215
24395,-123.516754
24396,-123.30388
24397,-122.63776
24398,-121.71394
24399,-120.738335
24400,-119.97774
24401,-119.7813
24402,-120.50132
24403,-122.486244
24404,-125.99746
24405,-130.79059
24406,-140.93655
24407,-140.48027
24408,-143.49988
24409,-144.20724
24410,-142.59071
24411,-139.69011
24412,-136.586
24413,-134.30882
24414,-133.76402
24415,-135.13156
24416,-137.6093
24417,-140.35776
24418,-142.58467
24419,-143.57741
24420,-143.08575
24421,-141.4854
24422,-139.17615
24423,-136.52794
24424,-133.89499
24425,-131.54091
24426,-129.60608
24427,-128.22633
24428,-127.54339
24429,-127.69884
24430,-128.83438
24431,-131.09175
24432,-134.6125
24433,-139.53825
24434,-142.20493
24435,-139.34657
24436,-138.70857
24437,-138.71236
24438,-139.14905
24439,-139.80966
24440,-140.4853
24441,-140.9671
24442,-141.04608
24443,-140.51337
24444,-139.2052
24445,-137.22035
24446,-135.01302
24447,-133.05118
24448,-131.78564
24449,-131.61131
24450,-132.59778
24451,-134.37445
24452,-136.55397
24453,-138.77008
24454,-140.68698
24455,-142.14545
24456,-143.22533
24457,-144.01553
24458,-144.5936
24459,-145.02768
24460,-145.33186
24461,-145.44707
24462,-145.31136
24463,-144.86629
24464,-144.07445
24465,-143.02032
24466,-141.95354
24467,-141.13008
24468,-140.79797
24469,-141.1665
24470,-142.21942
24471,-143.63536
24472,-145.08122
24473,-146.23865
24474,-146.8175
24475,-146.69176
24476,-145.95755
24477,-144.71964
24478,-143.07205
24479,-141.10889
24480,-138.92432
24481,-136.61243
24482,-134.26729
24483,-131.98311
24484,-131.41669
24485,-134.03653
24486,-136.60785
24487,-139.48917
24488,-142.52745
24489,-145.56978
24490,-148.46318
24491,-151.05475
24492,-153.19156
24493,-154.72069
24494,-155.52066
24495,-155.65288
24496,-155.42653
24497,-155.16037
24498,-155.16138
24499,-155.68631
24500,-156.70052
24501,-157.77448
24502,-158.46353
24503,-158.34193
24504,-157.04974
24505,-154.6105
24506,-151.56734
24507,-148.48383
24508,-145.89874
24509,-144.29503
24510,-143.83113
24511,-144.22627
24512,-145.1829
24513,-146.42451
24514,-147.68512
24515,-148.75923
24516,-149.52324
24517,-149.85669
24518,-149.63524
24519,-148.76004
24520,-147.28073
24521,-145.44812
24522,-143.5208
24523,-141.74782
24524,-140.35416
24525,-139.42542
24526,-138.85849
24527,-138.543
24528,-138.3777
24529,-138.26125
24530,-138.09236
24531,-137.76982
24532,-137.19226
24533,-136.25845
24534,-137.84276
24535,-148.89757
24536,-147.26482
24537,-149.40558
24538,-150.4806
24539,-150.65054
24540,-150.07603
24541,-148.91785
24542,-147.33673
24543,-145.4935
24544,-143.55074
24545,-141.68097
24546,-140.07019
24547,-138.90488
24548,-138.37088
24549,-138.62743
24550,-139.67966
24551,-141.32428
24552,-143.34995
24553,-145.55539
24554,-147.75134
24555,-149.8173
24556,-151.7262
24557,-153.4545
24558,-154.97418
24559,-156.26727
24560,-157.3735
24561,-158.41086
24562,-159.50034
24563,-160.75926
24564,-162.27502
24565,-163.96185
24566,-165.49922
24567,-166.55751
24568,-166.81833
24569,-166.02647
24570,-164.29501
24571,-162.23595
24572,-160.48102
24573,-159.63837
24574,-160.23721
24575,-162.34981
24576,-165.4297
24577,-168.90671
24578,-172.24051
24579,-174.89093
24580,-176.3177
24581,-175.98029
24582,-173.33751
24583,-167.84747
24584,-163.50946
24585,-165.34879
24586,-166.46216
24587,-167.80875
24588,-169.27925
24589,-170.76434
24590,-172.15474
24591,-173.34113
24592,-174.21416
24593,-174.66457
24594,-174.60007
24595,-174.02792
24596,-173.09016
24597,-171.93427
24598,-170.7013
24599,-169.52129
24600,-168.46022
24601,-167.49718
24602,-166.60786
24603,-165.77214
24604,-164.97476
24605,-164.22963
24606,-163.58992
24607,-163.1104
24608,-162.84386
24609,-162.83975
24610,-163.12749
24611,-163.7094
24612,-164.58676
24613,-165.76215
24614,-167.21634
24615,-168.80338
24616,-170.20578
24617,-171.09938
24618,-171.16803
24619,-170.15384
24620,-168.13719
24621,-165.65718
24622,-163.2712
24623,-161.51492
24624,-160.86377
24625,-161.44331
24626,-162.9054
24627,-164.88362
24628,-167.03432
24629,-169.01395
24630,-170.47894
24631,-171.08571
24632,-170.49057
24633,-168.34949
24634,-165.49687
24635,-163.71352
24636,-162.35551
24637,-161.54225
24638,-161.32748
24639,-161.76495
24640,-162.9084
24641,-164.81152
24642,-167.52803
24643,-171.11153
24644,-175.56082
24645,-180.55663
24646,-185.34933
24647,-189.17262
24648,-191.28079
24649,-191.04332
24650,-188.50331
24651,-184.6182
24652,-180.3839
24653,-176.75383
24654,-174.57347
24655,-174.06055
24656,-174.58228
24657,-175.47234
24658,-176.1052
24659,-175.929
24660,-174.81955
24661,-173.23196
24662,-171.64462
24663,-170.50845
24664,-170.21152
24665,-170.77667
24666,-171.7323
24667,-172.58745
24668,-172.87477
24669,-172.2034
24670,-170.6272
24671,-168.80281
24672,-167.41104
24673,-167.10396
24674,-168.44333
24675,-171.46754
24676,-175.50673
24677,-179.86365
24678,-183.87544
24679,-186.8793
24680,-188.21234
24681,-187.21082
24682,-183.21005
24683,-180.54391
24684,-171.7481
24685,-184.23146
24686,-182.31429
24687,-183.95512
24688,-184.41795
24689,-183.967
24690,-182.86678
24691,-181.38185
24692,-179.77707
24693,-178.31718
24694,-177.23286
24695,-176.55518
24696,-176.04517
24697,-175.45308
24698,-174.54195
24699,-173.10614
24700,-171.12143
24701,-168.80965
24702,-166.40247
24703,-164.1199
24704,-162.16502
24705,-160.64256
24706,-159.52393
24707,-158.7753
24708,-158.36932
24709,-158.27962
24710,-158.48582
24711,-158.97577
24712,-159.73756
24713,-160.75908
24714,-162.0257
24715,-163.50969
24716,-165.1654
24717,-166.94652
24718,-168.80751
24719,-170.69522
24720,-172.5114
24721,-174.09575
24722,-175.28242
24723,-175.90579
24724,-175.82585
24725,-175.05841
24726,-173.83145
24727,-172.38284
24728,-170.94183
24729,-169.73941
24730,-169.00812
24731,-168.9818
24732,-169.89561
24733,-171.98558
24734,-174.46135
24735,-175.46736
24736,-175.21895
24737,-174.07472
24738,-172.30247
24739,-170.17033
24740,-167.94687
24741,-165.90077
24742,-164.30077
24743,-163.41556
24744,-163.45078
24745,-164.24617
24746,-165.14606
24747,-165.47542
24748,-164.58272
24749,-161.92378
24750,-157.58112
24751,-152.48701
24752,-147.60756
24753,-143.86795
24754,-142.06697
24755,-142.27148
24756,-143.5579
24757,-144.96483
24758,-145.57819
24759,-144.59866
24760,-141.89452
24761,-138.23822
24762,-134.4371
24763,-131.25505
24764,-129.3679
24765,-128.9411
24766,-129.44946
24767,-130.3414
24768,-131.09833
24769,-131.24393
24770,-130.548
24771,-129.11375
24772,-127.05696
24773,-124.47734
24774,-121.48795
24775,-118.279976
24776,-115.1502
24777,-112.39928
24778,-110.32269
24779,-109.215935
24780,-109.374535
24781,-111.09407
24782,-114.67042
24783,-125.39929
24784,-124.651215
24785,-123.82684
24786,-125.29451
24787,-127.48473
24788,-130.12926
24789,-132.95978
24790,-135.70804
24791,-138.1057
24792,-139.88466
24793,-140.77661
24794,-140.5581
24795,-139.26593
24796,-137.28937
24797,-135.0312
24798,-132.87744
24799,-131.17772
24800,-130.07034
24801,-129.4075
24802,-129.03055
24803,-128.79459
24804,-128.5714
24805,-128.33011
24806,-128.17152
24807,-128.20143
24808,-128.51945
24809,-129.20596
24810,-130.23058
24811,-131.41168
24812,-132.55951
24813,-133.48886
24814,-134.03049
24815,-134.11594
24816,-133.814
24817,-133.19958
24818,-132.34233
24819,-131.30797
24820,-130.13351
24821,-128.81664
24822,-127.35443
24823,-125.746994
24824,-124.00226
24825,-122.169464
24826,-120.35212
24827,-118.65308
24828,-117.16954
24829,-115.99709
24830,-115.23137
24831,-114.96868
24832,-115.30687
24833,-116.3454
24834,-114.301285
24835,-111.74194
24836,-103.19078
24837,-101.50771
24838,-101.32651
24839,-102.28195
24840,-104.00916
24841,-106.14363
24842,-108.321045
24843,-110.17723
24844,-111.38537
24845,-111.83424
24846,-111.704475
24847,-111.18769
24848,-110.46144
24849,-109.68285
24850,-108.89263
24851,-107.973724
24852,-106.80268
24853,-105.26335
24854,-103.27538
24855,-100.968796
24856,-98.75777
24857,-97.0656
24858,-96.3009
24859,-96.801056
24860,-98.49108
24861,-100.73716
24862,-102.883446
24863,-104.30116
24864,-104.4362
24865,-103.16605
24866,-100.95191
24867,-98.277
24868,-95.59605
24869,-93.31526
24870,-91.56116
24871,-90.08186
24872,-88.610985
24873,-86.90039
24874,-84.72865
24875,-82.02796
24876,-78.93823
24877,-75.60764
24878,-72.17451
24879,-68.77706
24880,-65.55346
24881,-62.641754
24882,-60.18
24883,-58.3062
24884,-54.7879
24885,-53.680584
24886,-46.535896
24887,-46.505245
24888,-48.028557
24889,-50.541985
24890,-53.478477
24891,-56.26901
24892,-58.34377
24893,-59.13329
24894,-58.160286
24895,-55.478275
24896,-51.858547
24897,-48.10016
24898,-44.96607
24899,-43.13979
24900,-42.847893
24901,-43.695362
24902,-45.25776
24903,-47.13825
24904,-48.96424
24905,-50.506073
24906,-51.72891
24907,-52.607826
24908,-53.10958
24909,-53.22427
24910,-53.076073
24911,-52.971012
24912,-53.22352
24913,-54.139885
24914,-55.956024
24915,-58.495583
24916,-61.020443
24917,-62.766018
24918,-62.994205
24919,-61.088993
24920,-57.13513
24921,-52.16449
24922,-47.245605
24923,-43.3991
24924,-41.53182
24925,-41.89607
24926,-43.852287
24927,-46.71567
24928,-49.838367
24929,-52.570778
24930,-54.26355
24931,-54.2689
24932,-51.941574
24933,-46.64058
24934,-43.884407
24935,-38.3728
24936,-34.66818
24937,-40.246246
24938,-53.836468
24939,-64.13934
24940,-74.84196
24941,-84.632645
24942,-92.207375
24943,-91.26953
24944,-90.725876
24945,-85.640724
24946,-82.64254
24947,-73.4166
24948,-64.567024
24949,-57.54697
24950,-52.972305
24951,-45.33327
24952,-44.075768
24953,-43.69774
24954,-43.72524
24955,-43.85498
24956,-44.017
24957,-44.15291
24958,-44.19401
24959,-44.08376
24960,-43.835136
24961,-43.555443
24962,-43.356613
24963,-43.3464
24964,-43.613354
24965,-44.13385
24966,-44.731297
24967,-45.22164
24968,-45.427708
24969,-45.20992
24970,-44.647114
24971,-44.114952
24972,-44.002945
24973,-44.687225
24974,-46.48884
24975,-49.404655
24976,-52.988274
24977,-56.770424
24978,-60.30124
24979,-63.131107
24980,-64.81114
24981,-64.893425
24982,-62.93129
24983,-58.48002
24984,-55.65523
24985,-58.726242
24986,-59.361485
24987,-59.115337
24988,-58.148037
24989,-56.61908
24990,-54.688007
24991,-52.514595
24992,-50.25797
24993,-48.074818
24994,-46.116737
24995,-44.52352
24996,-43.42131
24997,-42.935883
24998,-43.19335
24999,-44.274273
25000,-45.9935
25001,-47.803764
25002,-49.14227
25003,-49.466125
25004,-48.331062
25005,-45.84534
25006,-42.86407
25007,-40.276203
25008,-38.937214
25009,-39.574825
25010,-42.158104
25011,-45.61545
25012,-48.818485
25013,-50.68419
25014,-50.26695
25015,-47.40869
25016,-43.015076
25017,-38.033176
25018,-33.353752
25019,-29.764921
25020,-27.484364
25021,-25.95659
25022,-24.58791
25023,-22.818789
25024,-20.151989
25025,-16.44869
25026,-12.056419
25027,-7.3476005
25028,-2.6717446
25029,1.6232693
25030,5.1905317
25031,-612.87585
25032,-582.951
25033,-592.4228
25034,-565.6591
25035,-429.51425
25036,-320.29858
25037,-235.92339
25038,-166.38214
25039,-117.50998
25040,-80.89518
25041,-53.78746
25042,-34.007816
25043,-19.861479
25044,-9.924383
25045,-2.3749332
25046,5.248873
25047,14.961908
25048,27.6546
25049,41.933662
25050,52.809654
25051,49.70333
25052,46.77649
25053,33.757473
25054,23.667776
25055,21.816286
25056,26.510015
25057,33.522697
25058,39.376163
25059,42.267445
25060,41.930786
25061,38.86126
25062,33.369045
25063,25.941742
25064,17.615377
25065,9.796548
25066,3.821122
25067,0.9766389
25068,2.352258
25069,8.319898
25070,17.315819
25071,26.041191
25072,31.98788
25073,33.631493
25074,29.281628
25075,16.421003
25076,-7.2256827
25077,-42.98685
25078,-89.93798
25079,-143.9646
25080,-197.64914
25081,-240.98691
25082,-262.93655
25083,-253.80171
25084,-215.61864
25085,-175.9701
25086,-158.50194
25087,-156.58617
25088,-166.17796
25089,-184.03477
25090,-206.8753
25091,-230.87007
25092,-251.46751
25093,-263.55847
25094,-262.60178
25095,-248.39186
25096,-226.77457
25097,-204.36134
25098,-186.87122
25099,-178.7379
25100,-180.99947
25101,-190.13918
25102,-201.69397
25103,-210.91818
25104,-213.22758
25105,-206.8029
25106,-194.10112
25107,-178.42146
25108,-162.78111
25109,-149.73535
25110,-141.03351
25111,-137.60092
25112,-140.33037
25113,-150.39848
25114,-169.13808
25115,-196.54495
25116,-229.72513
25117,-264.26782
25118,-294.6486
25119,-315.03326
25120,-322.715
25121,-320.42114
25122,-312.34747
25123,-302.73398
25124,-295.3931
25125,-292.27536
25126,-292.7606
25127,-295.74997
25128,-300.15704
25129,-304.8586
25130,-308.67734
25131,-310.38876
25132,-308.75046
25133,-302.55725
25134,-286.99783
25135,-263.71008
25136,-250.23257
25137,-244.46176
25138,-245.02095
25139,-250.7476
25140,-260.58612
25141,-273.50815
25142,-288.46194
25143,-304.33304
25144,-320.06216
25145,-335.40036
25146,-351.44858
25147,-369.7043
25148,-391.825
25149,-419.30423
25150,3.973851
25151,2.3297272
25152,1.1005224
25153,0.5735814
25154,0.94917554
25155,2.0236032
25156,3.1509674
25157,3.8109007
25158,3.5338535
25159,1.8989897
25160,-1.0259062
25161,-19.439337
25162,-7.4967527
25163,-9.32818
25164,-9.226021
25165,-7.4268227
25166,-5.1351185
25167,-3.1203
25168,-1.9040552
25169,-1.940054
25170,-3.3003576
25171,-5.549248
25172,-8.344578
25173,-11.347132
25174,-29.202465
25175,-31.758806
25176,-19.169405
25177,-21.54125
25178,-23.951164
25179,-26.482979
25180,-28.33041
25181,-27.614714
25182,-26.0
25183,-26.0
25184,-26.0
25185,-26.0
25186,-26.0
25187,-41.0
25188,-26.0
25189,-41.0
25190,-41.0
25191,-26.0
25192,-26.0
25193,-26.0
25194,-26.0
25195,-26.0
25196,-26.0
25197,-26.0
25198,-26.0
25199,-26.0
25200,-26.0
25201,-26.0
25202,-26.0
25203,-26.0
25204,-25.524014
25205,-24.504171
25206,-24.837297
25207,-26.261696
25208,-26.791174
25209,-26.0
25210,-26.0
25211,-41.0
25212,-26.0
25213,-26.0
25214,-26.0
25215,-26.0
25216,-26.0
25217,-26.0
25218,-24.267166
25219,-22.171707
25220,-26.035938
25221,-27.991055
25222,-26.0
25223,-26.0
25224,-26.0
25225,-26.0
25226,-26.0
25227,-26.0
25228,-26.0
25229,-26.0
25230,-26.0
25231,-26.0
25232,-26.0
25233,-26.0
25234,-26.0
25235,-26.0
25236,-26.0
25237,-26.0
25238,-26.0
25239,-26.0
25240,-26.0
25241,-26.0
25242,-26.0
25243,-26.0
25244,-26.0
25245,-26.0
25246,-26.0
25247,-26.0
25248,-26.0
25249,-26.0
25250,-26.0
25251,-26.0
25252,-26.0
25253,-26.0
25254,-26.0
25255,-26.0
25256,-26.0
25257,-26.0
25258,-26.0
25259,-26.0
25260,-41.0
25261,-26.0
25262,-26.0
25263,-26.0
25264,-26.0
25265,-26.0
25266,-26.0
25267,-26.0
25268,-26.0
25269,-26.0
25270,-26.0
25271,-26.0
25272,-26.0
25273,-26.0
25274,-26.0
25275,-26.0
25276,-26.0
25277,-26.0
25278,-26.0
25279,-41.0
25280,-26.0
25281,-26.0
25282,-26.0
25283,-26.0
25284,-26.0
25285,-26.0
25286,-26.0
25287,-26.0
25288,-41.0
25289,-26.0
25290,-26.0
25291,-26.0
25292,-26.0
25293,-26.0
25294,-26.0
25295,-26.0
25296,-26.0
25297,-26.0
25298,-26.0
25299,-26.0
25300,-26.0
25301,-26.0
25302,-26.0
25303,-26.0
25304,-26.0
25305,-26.0
25306,-26.0
25307,-26.0
25308,-26.0
25309,-26.0
25310,-26.0
25311,-26.0
25312,-26.0
25313,-26.0
25314,-26.0
25315,-26.0
25316,-26.0
25317,-26.0
25318,-26.0
25319,-26.0
25320,-26.0
25321,-26.0
25322,-26.0
25323,-26.0
25324,-26.0
25325,-26.0
25326,-26.0
25327,-26.0
25328,-26.0
25329,-26.0
25330,-26.0
25331,-26.0
25332,-26.0
25333,-26.0
25334,-26.0
25335,-26.0
25336,-26.0
25337,-26.0
25338,-26.0
25339,-26.0
25340,-26.0
25341,-26.0
25342,-26.0
25343,-26.0
25344,-26.0
25345,-26.0
25346,-26.0
25347,-26.0
25348,-26.0
25349,-26.0
25350,-26.0
25351,-26.0
25352,-26.0
25353,-26.0
25354,-41.0
25355,-26.0
25356,-26.0
25357,-26.0
25358,-26.0
25359,-26.0
25360,-26.0
25361,-26.0
25362,-26.0
25363,-26.0
25364,-26.0
25365,-26.0
25366,-26.0
25367,-26.0
25368,-26.0
25369,-26.0
25370,-23.630283
25371,-13.371039
25372,-7.387013
25373,-4.1806626
25374,2.481022
25375,1.9088556
25376,-0.7334452
25377,-5.2759314
25378,-11.386853
25379,-23.560398
25380,-31.110815
25381,-31.196562
25382,-44.36735
25383,-26.0
25384,-26.0
25385,-26.0
25386,-26.0
25387,-26.0
25388,-26.0
25389,-26.0
25390,-26.0
25391,-26.0
25392,-26.0
25393,-26.0
25394,-26.0
25395,-26.0
25396,-26.0
25397,-26.0
25398,-26.0
25399,-26.0
25400,-26.0
25401,-26.0
25402,-26.0
25403,-26.0
25404,-26.0
25405,-26.0
25406,-26.0
25407,-26.0
25408,-26.0
25409,-26.0
25410,-26.0
25411,-26.0
25412,-26.0
25413,-26.0
25414,-41.0
25415,-26.0
25416,-26.0
25417,-26.0
25418,-26.0
25419,-26.0
25420,-26.0
25421,-26.0
25422,-26.0
25423,-26.0
25424,-26.0
25425,-26.0
25426,-26.0
25427,-26.0
25428,-26.0
25429,-26.0
25430,-26.0
25431,-26.0
25432,-26.0
25433,-26.0
25434,-41.0
25435,-26.0
25436,-26.0
25437,-26.0
25438,-26.0
25439,-26.0
25440,-26.0
25441,-26.0
25442,-26.0
25443,-26.0
25444,-26.0
25445,-26.0
25446,-26.0
25447,-26.0
25448,-24.11627
25449,-19.724667
25450,-17.712563
25451,-16.235287
25452,-15.309084
25453,-15.108238
25454,-15.793322
25455,-17.200462
25456,-18.757383
25457,-20.005625
25458,-20.502928
25459,-19.900581
25460,-18.382214
25461,-16.633608
25462,-15.010262
25463,-13.713002
25464,-12.910575
25465,-12.685547
25466,-13.044818
25467,-14.079676
25468,-15.923542
25469,-18.688284
25470,-22.214317
25471,-25.94146
25472,-28.829386
25473,-28.50496
25474,-26.0
25475,-26.0
25476,-26.0
25477,-26.0
25478,-41.0
25479,-26.0
25480,-26.0
25481,-41.0
25482,-26.0
25483,-26.0
25484,-24.306236
25485,-19.811954
25486,-17.82541
25487,-18.798862
25488,-20.166714
25489,-21.91917
25490,-23.904354
25491,-25.881521
25492,-27.546383
25493,-27.640594
25494,-26.030962
25495,-26.0
25496,-26.0
25497,-26.0
25498,-26.0
25499,-26.0
25500,-26.0
25501,-26.0
25502,-26.0
25503,-26.0
25504,-26.0
25505,-26.0
25506,-26.0
25507,-25.112392
25508,-23.330406
25509,-23.488102
25510,-24.16798
25511,-39.666786
25512,-24.614086
25513,-23.725086
25514,-21.848923
25515,-19.351053
25516,-16.958357
25517,-14.955565
25518,-13.495298
25519,-12.725424
25520,-12.628551
25521,-13.006355
25522,-13.789382
25523,-14.933541
25524,-16.37265
25525,-17.990467
25526,-19.61288
25527,-21.065649
25528,-22.171595
25529,-22.753838
25530,-37.650925
25531,-21.7355
25532,-19.930773
25533,-17.21492
25534,-12.876362
25535,-8.431973
25536,-7.294691
25537,-6.5901117
25538,-6.4050207
25539,-6.717067
25540,-7.4458914
25541,-8.476588
25542,-9.671437
25543,-10.876663
25544,-11.9386425
25545,-27.761091
25546,-13.322994
25547,-13.58746
25548,-13.513708
25549,-13.070564
25550,-12.248042
25551,-11.056059
25552,-9.497844
25553,-7.5723767
25554,-5.29517
25555,-2.777227
25556,-0.21773648
25557,2.2434304
25558,4.4777446
25559,-437.51483
25560,-403.29892
25561,-376.90652
25562,-356.548
25563,-340.6744
25564,-328.17667
25565,-319.68472
25566,-318.2719
25567,-327.65164
25568,-352.10907
25569,-396.22986
25570,2.855721
25571,-1.1437004
25572,-4.5559907
25573,-6.5370073
25574,-6.412034
25575,-4.3547406
25576,-1.4014754
25577,1.7757155
25578,4.75912
25579,-426.71918
25580,-390.42746
25581,-381.17404
25582,-408.344
25583,1.2707309
25584,-18.648018
25585,-18.362444
25586,-3.6729121
25587,-3.4846716
25588,-2.9185026
25589,-2.0843453
25590,-1.0816773
25591,-0.0018014595
25592,1.0690694
25593,2.0467663
25594,2.838471
25595,3.3030996
25596,3.2392306
25597,2.442696
25598,0.69221044
25599,-2.2020733
25600,-6.071606
25601,-10.189591
25602,-13.759959
25603,-15.941809
25604,-16.049164
25605,-14.331932
25606,-11.999054
25607,-9.782376
25608,-8.0999365
25609,-7.2554765
25610,-7.22419
25611,-7.6279297
25612,-8.249049
25613,-8.905161
25614,-9.396879
25615,-9.530016
25616,-9.130303
25617,-8.0380535
25618,-6.1198134
25619,-3.3408408
25620,-0.032302227
25621,3.1692162
25622,5.842454
25623,-413.4119
25624,-394.61987
25625,-403.1842
25626,-433.9041
25627,2.2082942
25628,-0.7316818
25629,-3.4468038
25630,-20.444916
25631,-6.2384615
25632,-5.406064
25633,-17.661066
25634,0.705209
25635,2.225683
25636,2.4374714
25637,1.8533957
25638,0.5831864
25639,-1.2226686
25640,-3.3854368
25641,-5.70365
25642,-7.9562335
25643,-9.906551
25644,-11.333623
25645,-12.156257
25646,-12.471862
25647,-12.347507
25648,-11.829442
25649,-10.986023
25650,-10.01424
25651,-9.239321
25652,-8.911452
25653,-9.267704
25654,-10.50889
25655,-12.486809
25656,-14.584835
25657,-16.252392
25658,-16.962725
25659,-31.315647
25660,-14.522379
25661,-12.368802
25662,-10.289904
25663,-8.540247
25664,-7.3114505
25665,-6.574891
25666,-6.0748935
25667,-5.6741476
25668,-5.265899
25669,-4.761739
25670,-4.214426
25671,-3.837721
25672,-3.7955267
25673,-19.236687
25674,-5.294969
25675,-6.9592133
25676,-9.025729
25677,-11.318292
25678,-13.6662035
25679,-15.882242
25680,-17.76551
25681,-19.108755
25682,-19.712627
25683,-19.407072
25684,-18.238356
25685,-31.935083
25686,-16.095087
25687,-15.163353
25688,-14.128618
25689,-12.97997
25690,-26.706549
25691,-10.297455
25692,-8.7420635
25693,-22.030336
25694,-20.16722
25695,-3.234421
25696,-1.390477
25697,0.24154617
25698,1.5441208
25699,2.4121726
25700,2.8544946
25701,3.0223682
25702,3.043923
25703,3.0407412
25704,3.111334
25705,3.1939003
25706,3.027353
25707,2.3775668
25708,1.0173817
25709,-1.246802
25710,-4.297113
25711,-7.555022
25712,-10.41861
25713,-12.277625
25714,-12.645964
25715,-11.74726
25716,-10.5592985
25717,-9.738468
25718,-9.762004
25719,-11.032831
25720,-13.4930725
25721,-16.46892
25722,-19.392427
25723,-21.684317
25724,-22.804832
25725,-22.793783
25726,-37.38599
25727,-22.051502
25728,-22.094027
25729,-22.792181
25730,-24.448431
25731,-27.20105
25732,-28.349447
25733,-26.0
25734,-26.0
25735,-26.0
25736,-26.0
25737,-41.0
25738,-26.0
25739,-26.0
25740,-26.0
25741,-26.0
25742,-40.878525
25743,-25.825048
25744,-26.142336
25745,-26.013823
25746,-26.0
25747,-26.0
25748,-26.0
25749,-41.0
25750,-26.0
25751,-41.0
25752,-26.0
25753,-26.0
25754,-26.0
25755,-23.412405
25756,-17.803791
25757,-16.28317
25758,-16.094372
25759,-17.314968
25760,-19.810549
25761,-22.824892
25762,-25.746832
25763,-27.892366
25764,-27.99249
25765,-26.30394
25766,-26.0
25767,-26.0
25768,-26.0
25769,-41.0
25770,-26.0
25771,-26.0
25772,-26.0
25773,-41.0
25774,-26.0
25775,-26.0
25776,-26.0
25777,-41.0
25778,-26.0
25779,-26.0
25780,-26.0
25781,-26.0
25782,-26.0
25783,-26.0
25784,-24.33775
25785,-20.22215
25786,-19.806725
25787,-23.860535
25788,-27.838272
25789,-28.326563
25790,-26.0
25791,-26.0
25792,-26.0
25793,-26.0
25794,-26.0
25795,-41.0
25796,-26.0
25797,-26.0
25798,-26.0
25799,-26.0
25800,-40.656494
25801,-24.525343
25802,-23.997969
25803,-40.17465
25804,-26.500877
25805,-26.83519
25806,-26.0
25807,-26.0
25808,-26.0
25809,-26.0
25810,-26.0
25811,-26.0
25812,-26.0
25813,-26.0
25814,-26.0
25815,-26.0
25816,-26.0
25817,-26.0
25818,-26.0
25819,-26.0
25820,-41.0
25821,-26.0
25822,-26.0
25823,-26.0
25824,-26.0
25825,-26.0
25826,-26.0
25827,-41.0
25828,-26.0
25829,-26.0
25830,-41.0
25831,-26.0
25832,-26.0
25833,-26.0
25834,-26.0
25835,-26.0
25836,-26.0
25837,-26.0
25838,-26.0
25839,-26.0
25840,-26.0
25841,-26.0
25842,-26.0
25843,-26.0
25844,-26.0
25845,-26.0
25846,-26.0
25847,-41.0
25848,-26.0
25849,-26.0
25850,-41.0
25851,-26.0
25852,-41.0
25853,-26.0
25854,-26.0
25855,-26.0
25856,-26.0
25857,-26.0
25858,-26.0
25859,-26.0
25860,-26.0
25861,-26.0
25862,-26.0
25863,-26.0
25864,-26.0
25865,-26.0
25866,-26.0
25867,-26.0
25868,-41.0
25869,-26.0
25870,-26.0
25871,-26.0
25872,-41.0
25873,-26.0
25874,-26.0
25875,-26.0
25876,-26.0
25877,-26.0
25878,-26.0
25879,-26.0
25880,-75.33948
25881,-24.065203
25882,1.6042805
25883,18.181776
25884,29.145922
25885,36.520523
25886,41.53147
25887,44.949333
25888,47.291527
25889,48.997246
25890,50.478638
25891,51.985584
25892,53.53694
25893,54.785187
25894,54.969902
25895,53.613903
25896,51.263103
25897,49.336857
25898,49.336605
25899,51.44175
25900,54.00078
25901,54.863014
25902,52.341267
25903,45.74388
25904,35.65731
25905,23.982777
25906,13.632759
25907,7.9152174
25908,9.326745
25909,17.158375
25910,27.220633
25911,35.755974
25912,40.770878
25913,41.515736
25914,37.57927
25915,28.61301
25916,14.333429
25917,-4.462881
25918,-25.37716
25919,-45.4765
25920,-62.90806
25921,-76.33231
25922,-84.676384
25923,-87.18324
25924,-83.45874
25925,-73.52337
25926,-57.863194
25927,-37.48413
25928,-3.9682105
25929,29.033356
25930,49.467243
25931,54.358498
25932,55.08658
25933,54.714252
25934,54.36419
25935,54.20868
25936,54.07448
25937,53.665905
25938,52.45611
25939,49.627163
25940,44.618057
25941,37.571278
25942,29.552355
25943,22.395544
25944,17.72084
25945,15.943462
25946,16.834955
25947,19.877357
25948,24.36441
25949,29.35562
25950,33.783802
25951,36.8496
25952,37.977364
25953,36.654087
25954,32.918453
25955,28.287745
25956,25.323751
25957,26.976969
25958,34.810284
25959,45.95911
25960,53.84709
25961,53.515244
25962,44.035114
25963,28.793036
25964,13.520639
25965,3.0885174
25966,0.70659053
25967,7.586317
25968,22.234735
25969,39.558887
25970,52.28412
25971,49.68798
25972,39.37937
25973,17.921043
25974,-4.3473244
25975,-29.312073
25976,-42.93544
25977,-37.962433
25978,-24.369194
25979,-23.278217
25980,-30.044468
25981,-43.78799
25982,-63.898552
25983,-89.49856
25984,-119.06074
25985,-150.20871
25986,-179.7035
25987,-203.61649
25988,-218.12372
25989,-222.22868
25990,-219.40485
25991,-214.22632
25992,-211.1868
25993,-214.32874
25994,-225.62033
25995,-243.92085
25996,-267.39618
25997,-294.014
25998,-321.49057
25999,-347.71277
26000,-371.1267
26001,-390.24524
26002,-403.54715
26003,-409.83182
26004,-409.6887
26005,-406.30603
26006,-403.3877
26007,-404.5906
26008,-413.14297
26009,-429.54367
26010,4.3069854
26011,3.3597467
26012,2.8636029
26013,3.0409167
26014,3.853144
26015,4.9604387
26016,-432.79102
26017,-413.7435
26018,-401.35934
26019,-397.0145
26020,-398.22702
26021,-401.82
26022,-404.62952
26023,-403.46103
26024,-395.17502
26025,-376.88272
26026,-346.24762
26027,-301.90045
26028,-265.40924
26029,-260.7076
26030,-254.98781
26031,-249.98141
26032,-246.76006
26033,-246.38074
26034,-249.92564
26035,-258.56354
26036,-273.62976
26037,-296.7258
26038,-329.35168
26039,-370.34964
26040,-413.51553
26041,3.9352946
26042,-11.759256
26043,3.9815214
26044,-437.94797
26045,-393.82803
26046,-346.3928
26047,-305.39023
26048,-277.94528
26049,-266.03674
26050,-265.8614
26051,-273.03665
26052,-283.3693
26053,-292.74536
26054,-298.38858
26055,-299.798
26056,-297.01498
26057,-290.13907
26058,-279.45682
26059,-266.01135
26060,-251.83784
26061,-239.02179
26062,-229.47438
26063,-224.86182
26064,-226.01437
26065,-232.61237
26066,-244.2034
26067,-260.42224
26068,-280.83893
26069,-304.38846
26070,-328.91064
26071,-351.74133
26072,-369.9324
26073,-380.37576
26074,-380.02817
26075,-366.22702
26076,-337.07346
26077,-291.87878
26078,-267.43958
26079,-300.7638
26080,-325.21887
26081,-342.78827
26082,-354.66547
26083,-362.2901
26084,-367.2416
26085,-371.16776
26086,-375.74966
26087,-382.6984
26088,-393.5512
26089,-408.51044
26090,-425.64957
26091,-442.46133
26092,4.130783
26093,3.8356054
26094,3.858475
26095,4.0226307
26096,4.174065
26097,4.1764936
26098,-11.073658
26099,3.504869
26100,3.22885
26101,3.3873827
26102,4.2379847
26103,-438.0369
26104,-395.93326
26105,-347.69818
26106,-301.63205
26107,-264.35602
26108,-240.56564
26109,-231.19244
26110,-232.85742
26111,-241.83022
26112,-254.53558
26113,-267.25507
26114,-276.39047
26115,-278.82172
26116,-271.66858
26117,-252.51114
26118,-220.4112
26119,-178.76503
26120,-135.43744
26121,-97.248474
26122,-68.59385
26123,-52.03993
26124,-49.785683
26125,-66.025055
26126,-110.22411
26127,-206.34377
26128,-334.84473
26129,-436.06406
26130,-0.95747846
26131,-4.499931
26132,-7.032454
26133,-8.620323
26134,-9.345406
26135,-9.300825
26136,-8.583077
26137,-7.2836885
26138,-5.5255966
26139,-3.6423593
26140,-2.1764045
26141,-1.5599004
26142,-2.2387738
26143,-4.6391454
26144,-8.601832
26145,-13.03345
26146,-16.738531
26147,-18.4227
26148,-17.075125
26149,-13.2421
26150,-8.806379
26151,-4.6409736
26152,-1.0746133
26153,1.6334001
26154,3.4494689
26155,4.6138144
26156,5.212674
26157,-442.24414
26158,-444.09598
26159,4.3977766
26160,3.57615
26161,2.648895
26162,1.7255595
26163,0.9009167
26164,0.17144887
26165,-0.5919016
26166,-1.5029781
26167,-17.665493
26168,-4.168043
26169,-5.992986
26170,-7.981501
26171,-9.989732
26172,-11.880789
26173,-13.5116825
26174,-14.737223
26175,-15.41694
26176,-15.424819
26177,-14.66005
26178,-15.77032
26179,-20.290537
26180,-21.362322
26181,-21.73792
26182,-21.535385
26183,-20.870872
26184,-19.849953
26185,-18.562166
26186,-17.07967
26187,-15.459305
26188,-13.750018
26189,-12.011031
26190,-10.313876
26191,-8.719372
26192,-7.2891808
26193,-6.090627
26194,-20.194876
26195,-4.676985
26196,-4.6208344
26197,-5.1195974
26198,-6.2295413
26199,-7.7436233
26200,-9.107693
26201,-24.808464
26202,-9.382627
26203,-7.5588117
26204,-4.7857947
26205,-2.1187239
26206,-0.19679652
26207,0.44008753
26208,-0.7546597
26209,-3.8148944
26210,-7.9669366
26211,-27.416914
26212,-16.266642
26213,-18.594475
26214,-19.20014
26215,-18.904106
26216,-18.3201
26217,-17.851864
26218,-17.785086
26219,-18.128695
26220,-18.633238
26221,-19.189102
26222,-19.733608
26223,-20.200684
26224,-20.522741
26225,-20.632801
26226,-20.467001
26227,-19.967346
26228,-21.64929
26229,-26.596483
26230,-27.6681
26231,-27.556915
26232,-26.344427
26233,-26.0
26234,-26.0
26235,-25.649658
26236,-24.22128
26237,-22.268747
26238,-20.713772
26239,-19.073154
26240,-17.303347
26241,-15.391935
26242,-13.335166
26243,-11.168416
26244,-9.125777
26245,-22.61822
26246,-6.950055
26247,-7.451998
26248,-9.449947
26249,-12.812651
26250,-16.7137
26251,-20.312443
26252,-22.67837
26253,-22.966557
26254,-21.299671
26255,-18.872078
26256,-16.380854
26257,-14.156409
26258,-12.360719
26259,-10.837094
26260,-9.179131
26261,-22.198608
26262,-4.755904
26263,-1.7499386
26264,-13.363962
26265,4.956658
26266,-416.54022
26267,-364.3539
26268,-330.1243
26269,-312.80597
26270,-305.92355
26271,-303.10333
26272,-298.972
26273,-288.91837
26274,-269.13867
26275,-236.87323
26276,-190.88185
26277,-132.23903
26278,-47.09417
26279,35.999165
26280,48.903458
26281,28.426233
26282,-5.2877316
26283,-37.391514
26284,-74.30287
26285,-111.44542
26286,-152.04878
26287,-201.65912
26288,-267.6286
26289,-361.54468
26290,-476.12387
26291,-616.78827
26292,-5.700896
26293,-12.62762
26294,-19.384058
26295,-25.737383
26296,-31.472092
26297,-36.391113
26298,-35.341232
26299,-38.349575
26300,-40.682556
26301,-42.624947
26302,-44.454548
26303,-46.42218
26304,-48.60923
26305,-50.862434
26306,-53.015045
26307,-54.91094
26308,-56.40491
26309,-57.412174
26310,-57.92971
26311,-57.95907
26312,-57.498875
26313,-56.555054
26314,-55.172966
26315,-53.45115
26316,-51.49101
26317,-49.392452
26318,-47.25697
26319,-45.18212
26320,-43.255623
26321,-41.56517
26322,-40.20013
26323,-39.25138
26324,-38.81058
26325,-38.968185
26326,-39.809765
26327,-41.41144
26328,-41.000484
26329,-36.22437
26330,-33.11428
26331,-30.591068
26332,-28.57844
26333,-26.999186
26334,-25.777561
26335,-24.840853
26336,-24.120188
26337,-23.550905
26338,-23.08275
26339,-22.728785
26340,-22.586737
26341,-22.762114
26342,-23.359867
26343,-24.449291
26344,-25.87895
26345,-27.193869
26346,-27.922586
26347,-27.608526
26348,-25.874979
26349,-22.798061
26350,-19.06694
26351,-15.399582
26352,-12.484148
26353,-10.925026
26354,-10.841587
26355,-11.686537
26356,-12.868607
26357,-13.820994
26358,-14.036347
26359,-13.361455
26360,-12.127605
26361,-10.69426
26362,-9.39903
26363,-8.54396
26364,-8.227867
26365,-8.270966
26366,-8.475163
26367,-8.652959
26368,-8.630344
26369,-8.314612
26370,-7.724696
26371,-6.886541
26372,-5.821275
26373,-4.5498223
26374,-3.092789
26375,-1.4704624
26376,0.2973104
26377,2.1908891
26378,5.521131
26379,-553.40607
26380,-483.6266
26381,-444.32278
26382,-427.32635
26383,-426.45392
26384,-436.5341
26385,-452.69962
26386,-469.94455
26387,-482.95145
26388,-486.8819
26389,-481.17764
26390,-471.71664
26391,-465.61145
26392,-469.82968
26393,-490.62045
26394,-528.827
26395,-575.9574
26396,-620.08356
26397,-647.67975
26398,-646.23
26399,-613.8947
26400,-564.2099
26401,-512.8764
26402,-473.44208
26403,-456.40897
26404,-464.57922
26405,-490.44955
26406,-524.2782
26407,-555.434
26408,-573.04443
26409,-571.0559
26410,-551.6984
26411,-519.4388
26412,-478.87622
26413,-434.38196
26414,-389.80234
26415,-348.3147
26416,-312.50458
26417,-284.4743
26418,-265.82416
26419,-256.94153
26420,-256.72656
26421,-264.0926
26422,-278.35263
26423,-299.28625
26424,-327.16904
26425,-362.7602
26426,-407.27246
26427,-462.34152
26428,-530.19257
26429,-607.6778
26430,3.5655286
26431,0.15381555
26432,-3.6243496
26433,-7.959082
26434,-12.986899
26435,-23.796467
26436,-30.44495
26437,-37.976105
26438,-46.39856
26439,-55.520466
26440,-64.876274
26441,-74.0031
26442,-82.47997
26443,-89.966606
26444,-96.416115
26445,-102.17304
26446,-107.60195
26447,-113.0532
26448,-118.83631
26449,-125.00377
26450,-131.25818
26451,-137.29182
26452,-142.81714
26453,-142.5866
26454,-146.57303
26455,-150.04633
26456,-153.28902
26457,-156.57088
26458,-160.13094
26459,-164.02267
26460,-168.04803
26461,-172.00067
26462,-175.68777
26463,-178.93729
26464,-181.69049
26465,-184.04166
26466,-186.09377
26467,-187.94557
26468,-189.69966
26469,-191.46426
26470,-193.35275
26471,-195.47578
26472,-197.93616
26473,-200.8243
26474,-204.21599
26475,-208.17336
26476,-212.74825
26477,-222.98615
26478,-222.56851
26479,-225.52519
26480,-229.933
26481,-234.98103
26482,-245.44363
26483,-251.09944
26484,-256.73138
26485,-262.12628
26486,-267.07443
26487,-266.36905
26488,-269.83118
26489,-272.43008
26490,-274.33603
26491,-275.72995
26492,-276.7851
26493,-277.66617
26494,-278.48206
26495,-279.2653
26496,-280.04523
26497,-280.855
26498,-281.71854
26499,-282.60526
26500,-283.41028
26501,-284.02515
26502,-284.34457
26503,-284.28412
26504,-283.8806
26505,-283.33643
26506,-282.8617
26507,-282.65887
26508,-282.9073
26509,-283.65323
26510,-284.76166
26511,-286.08884
26512,-287.49878
26513,-288.85175
26514,-289.9857
26515,-290.7085
26516,-290.8264
26517,-290.14658
26518,-288.51056
26519,-285.9621
26520,-282.82043
26521,-279.41867
26522,-276.0774
26523,-273.1172
26524,-270.85837
26525,-269.6209
26526,-269.7243
26527,-271.48752
26528,-271.97617
26529,-267.97052
26530,-265.1613
26531,-262.63452
26532,-260.38245
26533,-258.3972
26534,-256.6708
26535,-255.1953
26536,-253.96217
26537,-252.96231
26538,-252.17868
26539,-251.55301
26540,-250.97145
26541,-250.31757
26542,-249.47778
26543,-248.35747
26544,-246.97136
26545,-245.48283
26546,-244.0624
26547,-242.87396
26548,-242.05682
26549,-241.6063
26550,-241.32193
26551,-240.99474
26552,-240.42479
26553,-239.43849
26554,-238.01422
26555,-236.33696
26556,-234.60104
26557,-232.99123
26558,-231.6651
26559,-230.62135
26560,-229.64302
26561,-228.50356
26562,-226.98651
26563,-224.91629
26564,-222.35564
26565,-219.69112
26566,-217.32353
26567,-215.63857
26568,-214.96878
26569,-215.3392
26570,-216.35779
26571,-217.6149
26572,-218.72064
26573,-219.28517
26574,-218.9184
26575,-217.23004
26576,-213.82921
26577,-213.32448
26578,-203.87094
26579,-204.11026
26580,-203.14607
26581,-201.9853
26582,-200.67464
26583,-199.25926
26584,-197.78285
26585,-196.28833
26586,-194.81828
26587,-193.41554
26588,-192.11525
26589,-190.90625
26590,-189.71428
26591,-188.46318
26592,-187.08043
26593,-185.51587
26594,-183.84642
26595,-182.32115
26596,-181.19644
26597,-180.72075
26598,-181.0943
26599,-182.23965
26600,-183.70605
26601,-185.03201
26602,-185.77344
26603,-185.52638
26604,-184.13771
26605,-181.79553
26606,-178.70215
26607,-175.0442
26608,-171.01491
26609,-166.84163
26610,-162.79802
26611,-159.15988
26612,-156.20107
26613,-154.15315
26614,-153.00102
26615,-152.39516
26616,-151.97269
26617,-151.38615
26618,-150.32129
26619,-148.65831
26620,-146.54103
26621,-144.12355
26622,-141.54759
26623,-138.95496
26624,-136.48753
26625,-134.28719
26626,-132.49574
26627,-131.25511
26628,-133.71399
26629,-145.61969
26630,-142.38718
26631,-141.47548
26632,-138.44936
26633,-133.8739
26634,-133.31448
26635,-127.33669
26636,-121.50577
26637,-116.38662
26638,-107.48645
26639,-104.980316
26640,-103.59417
26641,-103.03683
26642,-103.038445
26643,-103.33242
26644,-103.67161
26645,-103.83539
26646,-103.60413
26647,-102.75676
26648,-101.10405
26649,-98.641075
26650,-95.612625
26651,-92.27301
26652,-88.864265
26653,-85.621765
26654,-82.7427
26655,-80.37264
26656,-78.65524
26657,-77.73664
26658,-77.71657
26659,-78.42437
26660,-79.32242
26661,-79.85761
26662,-79.49423
26663,-77.779175
26664,-74.737976
26665,-71.04373
26666,-67.39382
26667,-64.4534
26668,-62.816395
26669,-62.66643
26670,-63.630493
26671,-65.311455
26672,-67.33771
26673,-69.33743
26674,-70.93896
26675,-71.771225
26676,-71.463806
26677,-69.64729
26678,-67.988396
26679,-68.46309
26680,-67.73748
26681,-66.598
26682,-65.24593
26683,-63.882526
26684,-62.708942
26685,-61.926445
26686,-61.736412
26687,-62.34052
26688,-63.894516
26689,-66.28532
26690,-69.033844
26691,-71.64434
26692,-73.6379
26693,-74.58774
26694,-74.36772
26695,-73.25916
26696,-71.55998
26697,-69.54853
26698,-67.472496
26699,-65.402916
26700,-63.17166
26701,-60.600746
26702,-57.523575
26703,-53.828453
26704,-49.721443
26705,-45.838467
26706,-42.832966
26707,-41.338627
26708,-41.88874
26709,-44.4207
26710,-48.05494
26711,-51.866554
26712,-54.964127
26713,-56.554996
26714,-56.42401
26715,-55.13969
26716,-53.30472
26717,-51.484325
26718,-50.198948
26719,-49.710873
26720,-49.931892
26721,-50.758533
26722,-52.103867
26723,-53.88129
26724,-56.00451
26725,-58.38747
26726,-60.944336
26727,-63.589565
26728,-65.99083
26729,-67.80524
26730,-69.409355
26731,-70.71377
26732,-71.69094
26733,-72.31336
26734,-72.55349
26735,-72.38384
26736,-71.776924
26737,-70.70522
26738,-69.18037
26739,-67.44157
26740,-66.03646
26741,-65.52537
26742,-66.45466
26743,-69.26425
26744,-73.76884
26745,-78.93047
26746,-83.671326
26747,-86.95266
26748,-87.87774
26749,-86.371
26750,-83.4676
26751,-80.24559
26752,-77.72922
26753,-76.82892
26754,-77.79566
26755,-79.98547
26756,-82.71715
26757,-85.35096
26758,-87.30442
26759,-88.330635
26760,-88.63728
26761,-88.44731
26762,-87.9593
26763,-87.352
26764,-86.69412
26765,-85.90609
26766,-84.90434
26767,-83.6145
26768,-81.97211
26769,-79.9611
26770,-77.62994
26771,-75.030174
26772,-72.21105
26773,-69.22258
26774,-66.11587
26775,-62.94302
26776,-59.75716
26777,-56.61235
26778,-52.82764
26779,-48.419647
26780,-45.943893
26781,-44.646687
26782,-44.29378
26783,-44.65026
26784,-45.48024
26785,-46.54601
26786,-47.607136
26787,-48.420628
26788,-48.75829
26789,-48.48797
26790,-47.60897
26791,-46.12623
26792,-44.03901
26793,-41.370136
26794,-38.273663
26795,-35.08109
26796,-32.1331
26797,-29.763489
26798,-28.256746
26799,-27.604765
26800,-27.399729
26801,-27.2128
26802,-26.63255
26803,-25.290184
26804,-23.066036
26805,-20.17974
26806,-16.867548
26807,-13.349588
26808,-9.846851
26809,-6.588014
26810,-3.812762
26811,-1.762243
26812,-0.6787125
26813,-0.7574552
26814,-1.9074668
26815,-3.6394918
26816,-5.4328527
26817,-6.780669
26818,-7.2194633
26819,-6.5384436
26820,-4.8719554
26821,-2.374978
26822,0.81348175
26823,4.5554996
26824,-594.80005
26825,-498.1748
26826,-405.9983
26827,-321.62442
26828,-242.27873
26829,-158.85614
26830,-97.676025
26831,-59.45861
26832,-32.954838
26833,-13.816379
26834,0.98309714
26835,13.523436
26836,25.114435
26837,36.26963
26838,46.365135
26839,53.278084
26840,55.111393
26841,52.626434
26842,48.99625
26843,47.900696
26844,50.17986
26845,53.154007
26846,54.698704
26847,54.96272
26848,54.949528
26849,53.39271
26850,47.034634
26851,34.68146
26852,19.546827
26853,8.421052
26854,6.3258424
26855,11.9887495
26856,21.583809
26857,31.446188
26858,39.254215
26859,44.638294
26860,48.477123
26861,51.42476
26862,53.674374
26863,54.885414
26864,54.214405
26865,51.0816
26866,45.897263
26867,40.09078
26868,35.673084
26869,34.04551
26870,35.058723
26871,37.84039
26872,41.3806
26873,44.808987
26874,47.54061
26875,49.285404
26876,49.92079
26877,49.226803
26878,47.570377
26879,46.98469
26880,48.061394
26881,49.93368
26882,51.783783
26883,53.109257
26884,53.764896
26885,53.753227
26886,52.763416
26887,49.45925
26888,40.676994
26889,21.87408
26890,-14.740321
26891,-58.061768
26892,-102.29151
26893,-147.82317
26894,-180.93124
26895,-198.55734
26896,-200.7785
26897,-189.28915
26898,-167.00429
26899,-138.25594
26900,-108.36909
26901,-81.802986
26902,-61.689705
26903,-49.90362
26904,-46.510292
26905,-49.78264
26906,-58.095665
26907,-69.98576
26908,-83.86828
26909,-98.253265
26910,-112.04546
26911,-124.138054
26912,-133.32614
26913,-138.60359
26914,-140.37065
26915,-141.13571
26916,-143.88957
26917,-151.7215
26918,-167.73648
26919,-193.60098
26920,-228.12967
26921,-269.0289
26922,-313.20837
26923,-356.64157
26924,-394.44183
26925,-421.1422
26926,-431.17978
26927,-419.58868
26928,-411.02496
26929,-434.0118
26930,-437.96872
26931,-427.37894
26932,-406.87735
26933,-381.16714
26934,-354.6626
26935,-331.32013
26936,-314.65802
26937,-307.96603
26938,-314.19254
26939,-333.8487
26940,-363.31067
26941,-397.65704
26942,-431.19913
26943,-458.3821
26944,-479.093
26945,-502.39554
26946,-540.21423
26947,-606.31555
26948,2.1081073
26949,-9.304639
26950,-16.128767
26951,-22.16857
26952,-21.269577
26953,-22.45654
26954,-20.732935
26955,-17.423801
26956,-13.916359
26957,-11.530168
26958,-11.443479
26959,-14.019843
26960,-18.49473
26961,-29.021818
26962,-34.79241
26963,-40.03694
26964,-39.230045
26965,-42.180977
26966,-43.719032
26967,-43.659496
26968,-41.870834
26969,-38.528423
26970,-34.222275
26971,-29.557085
26972,-25.113646
26973,-21.469694
26974,-19.202824
26975,-18.894188
26976,-21.132425
26977,-26.515905
26978,-31.407816
26979,-31.232683
26980,-32.515995
26981,-34.088036
26982,-35.79252
26983,-37.47369
26984,-38.97641
26985,-40.14615
26986,-40.828995
26987,-40.871635
26988,-40.148785
26989,-38.695396
26990,-36.7635
26991,-34.614437
26992,-32.498688
26993,-30.643028
26994,-29.138205
26995,-27.890022
26996,-26.79524
26997,-25.759048
26998,-24.704563
26999,-23.657864
27000,-22.785034
27001,-22.258915
27002,-22.24602
27003,-22.871874
27004,-24.021378
27005,-25.249483
27006,-26.091991
27007,-26.099579
27008,-24.887896
27009,-22.442415
27010,-19.25047
27011,-15.824161
27012,-12.6515465
27013,-10.179026
27014,-8.617345
27015,-7.855828
27016,-7.7648344
27017,-8.227762
27018,-9.127002
27019,-10.342419
27020,-11.750833
27021,-13.228425
27022,-14.651286
27023,-15.895284
27024,-16.83613
27025,-17.348326
27026,-17.30373
27027,-16.571259
27028,-15.181599
27029,-13.91875
27030,-13.679548
27031,-13.992896
27032,-14.609786
27033,-15.280078
27034,-15.754591
27035,-15.786653
27036,-15.133079
27037,-13.554708
27038,-10.867024
27039,-7.181245
27040,-3.0081394
27041,1.1196609
27042,4.687461
27043,-623.394
27044,-586.2583
27045,-568.7162
27046,-561.6809
27047,-556.73456
27048,-546.2892
27049,-526.6174
27050,-499.59216
27051,-468.20563
27052,-435.24457
27053,-402.87534
27054,-371.0578
27055,-336.9796
27056,-297.77106
27057,-251.40363
27058,-197.67578
27059,-141.02312
27060,-89.82641
27061,-50.02063
27062,-24.08002
27063,-12.061788
27064,-11.856315
27065,-19.420185
27066,-30.674904
27067,-40.685013
27068,-43.89385
27069,-37.717236
27070,-24.867617
27071,-9.249072
27072,5.8440924
27073,18.164803
27074,26.534588
27075,30.448145
27076,29.261997
27077,20.958841
27078,15.785897
27079,29.438673
27080,39.665047
27081,47.03218
27082,51.823303
27083,54.37768
27084,55.081203
27085,54.351215
27086,52.620335
27087,50.32136
27088,47.872395
27089,45.662296
27090,44.033333
27091,43.255936
27092,43.499775
27093,44.75054
27094,46.57268
27095,48.17436
27096,48.935486
27097,48.312897
27098,45.41964
27099,39.23197
27100,30.080217
27101,20.28082
27102,13.951889
27103,15.216811
27104,23.865017
27105,34.484665
27106,42.553253
27107,46.33267
27108,45.37223
27109,38.356247
27110,24.105453
27111,4.165416
27112,-15.333229
27113,-25.26045
27114,-20.688896
27115,-5.7530584
27116,12.787375
27117,29.385237
27118,41.136105
27119,48.0849
27120,51.794567
27121,53.591175
27122,54.360966
27123,54.632664
27124,54.651974
27125,54.449837
27126,53.90428
27127,52.79605
27128,50.34095
27129,44.360683
27130,33.220505
27131,15.933549
27132,-7.258474
27133,-34.599678
27134,-62.829437
27135,-87.486694
27136,-103.51476
27137,-106.1623
27138,-92.74813
27139,-66.41427
27140,-36.142857
27141,-9.711011
27142,8.5600195
27143,17.401962
27144,17.853336
27145,12.179554
27146,2.27537
27147,-9.4576435
27148,-19.702433
27149,-26.018492
27150,-28.672466
27151,-28.873468
27152,-27.988451
27153,-27.281317
27154,-27.28128
27155,-27.44955
27156,-27.019053
27157,-25.236431
27158,-21.4521
27159,-15.413593
27160,-7.411223
27161,2.0750682
27162,12.479942
27163,23.130589
27164,33.15105
27165,41.605427
27166,47.923798
27167,51.99373
27168,54.11851
27169,54.886612
27170,54.895195
27171,54.571243
27172,54.185646
27173,53.88952
27174,53.74649
27175,53.760563
27176,53.899616
27177,54.11457
27178,54.406612
27179,54.59391
27180,54.32705
27181,53.526363
27182,51.92857
27183,49.394638
27184,46.0754
27185,42.471657
27186,39.388596
27187,37.784367
27188,38.407063
27189,41.002003
27190,44.19751
27191,46.7761
27192,48.01677
27193,47.412174
27194,44.337036
27195,38.019943
27196,27.498735
27197,11.967896
27198,-8.819912
27199,-34.03357
27200,-61.265644
27201,-86.75504
27202,-105.85076
27203,-114.039986
27204,-109.529915
27205,-94.710526
27206,-73.33416
27207,-49.164307
27208,-25.537664
27209,-5.3591514
27210,9.14054
27211,16.886377
27212,17.00813
27213,7.4233227
27214,-14.466252
27215,-47.928055
27216,-87.54473
27217,-122.572784
27218,-139.58145
27219,-131.85484
27220,-105.467705
27221,-70.30304
27222,-35.219166
27223,-6.333853
27224,13.465687
27225,23.760405
27226,24.586618
27227,13.176184
27228,-1.6905359
27229,1.53141
27230,1.0943637
27231,-2.42745
27232,-9.025111
27233,-18.850039
27234,-32.139645
27235,-49.15105
27236,-70.10729
27237,-95.15341
27238,-124.23531
27239,-156.5588
27240,-190.04095
27241,-221.76749
27242,-248.26363
27243,-266.10687
27244,-274.19983
27245,-275.23697
27246,-272.97577
27247,-271.24838
27248,-273.41885
27249,-280.1015
27250,-287.7076
27251,-291.5944
27252,-287.07074
27253,-270.38516
27254,-242.09259
27255,-208.23457
27256,-175.13062
27257,-147.79008
27258,-129.51427
27259,-120.01535
27260,-114.81108
27261,-108.97548
27262,-97.97848
27263,-78.65799
27264,-52.46189
27265,-25.666157
27266,-3.507232
27267,11.28654
27268,17.920357
27269,16.951555
27270,9.5980015
27271,-3.49518
27272,-21.552319
27273,-42.85549
27274,-64.39111
27275,-81.94727
27276,-90.66095
27277,-86.02138
27278,-70.46362
27279,-52.663754
27280,-32.75585
27281,-13.4383
27282,3.371031
27283,16.564486
27284,25.735493
27285,30.897861
27286,32.03304
27287,28.461927
27288,18.322603
27289,-0.31980878
27290,-26.391672
27291,-55.041553
27292,-77.80921
27293,-85.219986
27294,-74.3929
27295,-52.805786
27296,-29.502638
27297,-11.117959
27298,-1.1674527
27299,0.5055997
27300,-2.8235624
27301,-7.5923886
27302,-9.89758
27303,-6.041422
27304,4.555351
27305,18.272995
27306,31.302208
27307,41.256756
27308,47.432438
27309,50.519234
27310,51.627277
27311,51.3095
27312,49.33568
27313,44.684963
27314,36.222897
27315,24.34201
27316,11.596798
27317,2.418115
27318,1.5097635
27319,10.105115
27320,24.273651
27321,38.86675
27322,49.75708
27323,54.810024
27324,54.245617
27325,50.379494
27326,46.741734
27327,46.574547
27328,47.274025
27329,43.82224
27330,41.576134
27331,40.78724
27332,41.355564
27333,42.977898
27334,45.252594
27335,47.764225
27336,50.148415
27337,52.136856
27338,53.58964
27339,54.506393
27340,54.931507
27341,54.826008
27342,54.03577
27343,52.257286
27344,48.900463
27345,42.78718
27346,31.859234
27347,12.787037
27348,-19.165016
27349,-72.64247
27350,-134.93555
27351,-201.43286
27352,-251.87077
27353,-279.45218
27354,-272.0592
27355,-238.84204
27356,-193.42128
27357,-147.93307
27358,-110.835144
27359,-84.95217
27360,-68.38878
27361,-59.08914
27362,-55.670544
27363,-57.14406
27364,-62.233067
27365,-68.80486
27366,-74.33875
27367,-76.108574
27368,-71.73346
27369,-61.052948
27370,-46.87297
27371,-32.26705
27372,-19.661274
27373,-10.812199
27374,-7.077787
27375,-9.986877
27376,-22.1028
27377,-48.18168
27378,-74.80665
27379,-77.56663
27380,-90.17066
27381,-110.722046
27382,-137.71733
27383,-169.11078
27384,-202.03656
27385,-232.75282
27386,-256.80518
27387,-269.41327
27388,-266.70178
27389,-249.45201
27390,-224.62738
27391,-199.82516
27392,-181.49792
27393,-174.73698
27394,-181.72954
27395,-201.00247
27396,-230.6684
27397,-268.77963
27398,-312.7946
27399,-358.97684
27400,-402.0245
27401,-435.58084
27402,-452.83112
27403,-448.33264
27404,-423.97232
27405,-391.41562
27406,-363.25134
27407,-350.60687
27408,-363.14154
27409,-404.794
27410,-469.66846
27411,-548.1846
27412,-627.7082
27413,3.332776
27414,1.7094775
27415,0.7067572
27416,-0.11177518
27417,-1.15904
27418,-2.7947698
27419,-5.0755553
27420,-7.639149
27421,-10.090209
27422,-12.049058
27423,-13.137636
27424,-12.981038
27425,-11.208899
27426,-7.4567885
27427,-6.3690968
27428,3.3595264
27429,2.3849413
27430,2.1486948
27431,1.7783605
27432,1.2990066
27433,0.734897
27434,0.10974038
27435,-0.5532751
27436,-1.2312624
27437,-1.9016604
27438,-2.548353
27439,-3.192215
27440,-3.9050703
27441,-4.7622333
27442,-5.836994
27443,-7.1758504
27444,-8.6689825
27445,-9.991028
27446,-10.801763
27447,-10.770378
27448,-9.626319
27449,-7.4438767
27450,-4.766493
27451,-2.1632953
27452,-0.18152985
27453,0.7050875
27454,0.45142925
27455,-0.3946992
27456,-1.240542
27457,-1.5144395
27458,-0.7080628
27459,1.3189765
27460,4.204525
27461,-618.18036
27462,-540.9218
27463,-472.40775
27464,-417.4698
27465,-377.83813
27466,-354.66257
27467,-349.49307
27468,-364.17203
27469,-397.89938
27470,-444.3855
27471,-494.9465
27472,-539.1122
27473,-564.9212
27474,-560.1895
27475,-514.73804
27476,-423.5857
27477,-296.10995
27478,-196.87354
27479,-191.25664
27480,-209.0257
27481,-242.88812
27482,-290.21512
27483,-347.65536
27484,-410.44357
27485,-472.13092
27486,-524.7275
27487,-559.2634
27488,-567.9821
27489,-551.59076
27490,-522.7576
27491,-495.99194
27492,-484.61353
27493,-500.10718
27494,-545.70135
27495,-610.6881
27496,3.9106817
27497,1.9066944
27498,1.4741282
27499,2.7035875
27500,4.8939843
27501,-620.41614
27502,-575.2637
27503,-554.0569
27504,-561.6837
27505,-592.038
27506,-637.0419
27507,3.6707106
27508,1.7595041
27509,0.28505158
27510,-0.8485399
27511,-1.7590902
27512,-2.5541933
27513,-3.3241227
27514,-4.061122
27515,-4.623231
27516,-4.859623
27517,-4.625767
27518,-3.809407
27519,-2.4795396
27520,-0.95224565
27521,0.44187114
27522,1.3835567
27523,1.5531484
27524,0.6287753
27525,-1.7150582
27526,-5.8079677
27527,-16.98296
27528,-15.951685
27529,-13.114307
27530,-11.747261
27531,-10.5169935
27532,-9.344608
27533,-8.151662
27534,-6.860146
27535,-5.39248
27536,-3.6713293
27537,-1.6197195
27538,0.81154853
27539,3.5115635
27540,-648.69104
27541,-595.10266
27542,-558.67944
27543,-544.26306
27544,-550.0524
27545,-564.2725
27546,-572.6664
27547,-560.7125
27548,-516.7593
27549,-442.1994
27550,-354.3159
27551,-270.34634
27552,-202.28525
27553,-156.4762
27554,-133.02158
27555,-127.74579
27556,-137.85141
27557,-162.40776
27558,-201.27197
27559,-252.75528
27560,-311.14835
27561,-367.4938
27562,-410.3468
27563,-428.1177
27564,-416.37827
27565,-382.08682
27566,-335.14716
27567,-284.8142
27568,-238.37447
27569,-199.25926
27570,-167.00761
27571,-140.57089
27572,-119.06577
27573,-101.7482
27574,-87.99631
27575,-77.29498
27576,-69.22176
27577,-63.433884
27578,-46.080437
27579,-15.029513
27580,-5.6531487
27581,-9.734098
27582,-24.329756
27583,-47.769405
27584,-77.3661
27585,-108.22486
27586,-133.1424
27587,-143.60168
27588,-132.8272
27589,-102.89315
27590,-66.05248
27591,-33.58366
27592,-12.081513
27593,-4.0869665
27594,-8.512802
27595,-20.558687
27596,-33.82237
27597,-39.783524
27598,-30.448944
27599,-6.813137
27600,19.642902
27601,39.42593
27602,49.639797
27603,52.816433
27604,52.4576
27605,49.18054
27606,41.71799
27607,29.932045
27608,16.178415
27609,3.3988152
27610,-8.00986
27611,-19.14126
27612,-31.81296
27613,-48.22325
27614,-69.36092
27615,-93.23877
27616,-116.23747
27617,-133.75272
27618,-141.12912
27619,-136.5643
27620,-122.79049
27621,-103.73122
27622,-83.07756
27623,-63.902836
27624,-48.530064
27625,-38.66592
27626,-35.800285
27627,-41.871918
27628,-50.05357
27629,-49.07125
27630,-52.300682
27631,-58.557243
27632,-66.86312
27633,-76.13821
27634,-85.133995
27635,-92.430244
27636,-96.49534
27637,-95.81094
27638,-89.294754
27639,-77.628654
27640,-63.6841
27641,-50.38262
27642,-40.07042
27643,-34.515026
27644,-34.638157
27645,-40.564598
27646,-52.693604
27647,-71.92054
27648,-99.33277
27649,-134.59714
27650,-174.00536
27651,-211.40019
27652,-238.92438
27653,-248.8701
27654,-239.37474
27655,-217.38977
27656,-191.53485
27657,-169.32573
27658,-156.48752
27659,-155.15207
27660,-163.30612
27661,-178.45067
27662,-198.11308
27663,-219.69742
27664,-241.49368
27665,-263.6045
27666,-286.60556
27667,-311.1462
27668,-337.84897
27669,-366.68744
27670,-396.4656
27671,-425.50497
27672,-451.8861
27673,-473.51038
27674,-488.20288
27675,-493.84573
27676,-488.52386
27677,-470.6739
27678,-397.63504
27679,-271.64902
27680,-196.91112
27681,-165.77821
27682,-161.03227
27683,-175.87875
27684,-205.98863
27685,-247.3191
27686,-294.69394
27687,-341.1182
27688,-378.4117
27689,-401.03146
27690,-409.16656
27691,-404.98376
27692,-391.1681
27693,-370.34598
27694,-343.55713
27695,-309.64725
27696,-267.54318
27697,-217.08142
27698,-159.7185
27699,-100.19234
27700,-50.768955
27701,-6.979853
27702,23.583464
27703,46.25003
27704,53.76016
27705,55.11267
27706,54.267036
27707,54.038486
27708,54.841793
27709,53.966583
27710,48.23185
27711,38.04977
27712,28.405703
27713,26.242931
27714,33.826603
27715,45.535053
27716,53.96185
27717,54.09992
27718,45.115993
27719,29.60519
27720,10.595896
27721,-9.429233
27722,-28.432484
27723,-44.800926
27724,-57.327984
27725,-65.19518
27726,-67.954056
27727,-65.507904
27728,-85.776276
27729,-165.25485
27730,-213.65298
27731,-242.26843
27732,-248.28589
27733,-237.47778
27734,-216.99168
27735,-193.86089
27736,-174.24182
27737,-163.37238
27738,-165.50587
27739,-181.28955
27740,-205.40239
27741,-230.29697
27742,-247.0123
27743,-246.77338
27744,-227.14615
27745,-195.07146
27746,-158.9372
27747,-125.63372
27748,-99.82012
27749,-82.71398
27750,-72.39971
27751,-66.89931
27752,-64.647934
27753,-64.34786
27754,-65.150566
27755,-66.78113
27756,-69.08797
27757,-71.92089
27758,-75.186646
27759,-79.13513
27760,-84.557976
27761,-92.435936
27762,-103.889244
27763,-120.099495
27764,-141.50246
27765,-166.98955
27766,-194.7266
27767,-222.36732
27768,-247.20631
27769,-267.02005
27770,-280.77628
27771,-287.8598
27772,-287.84998
27773,-280.54642
27774,-265.98953
27775,-244.48317
27776,-216.61612
27777,-183.28462
27778,-165.5428
27779,-180.9059
27780,-186.7312
27781,-185.39745
27782,-178.98935
27783,-169.69472
27784,-159.63063
27785,-150.75769
27786,-144.88179
27787,-143.74329
27788,-149.07486
27789,-162.23691
27790,-183.97011
27791,-215.18887
27792,-257.16718
27793,-310.99704
27794,-374.60797
27795,-439.59818
27796,1.381894
27797,0.50589633
27798,1.7057707
27799,4.608491
27800,-410.7666
27801,-347.43622
27802,-297.22687
27803,-269.65256
27804,-266.18567
27805,-279.20905
27806,-299.80908
27807,-318.483
27808,-325.6401
27809,-316.82004
27810,-295.9789
27811,-268.8709
27812,-240.77843
27813,-215.8742
27814,-195.58133
27815,-178.15022
27816,-161.481
27817,-143.7746
27818,-123.729416
27819,-101.40875
27820,-78.43087
27821,-56.429688
27822,-36.64106
27823,-19.894018
27824,-6.6509275
27825,2.8979917
27826,8.685479
27827,10.562838
27828,21.151346
27829,39.050488
27830,53.326485
27831,54.745384
27832,52.19695
27833,48.29141
27834,44.63185
27835,42.05763
27836,40.857807
27837,40.95473
27838,42.065517
27839,43.861343
27840,46.055614
27841,48.374737
27842,50.569664
27843,52.42768
27844,53.767464
27845,54.520542
27846,54.81403
27847,54.827892
27848,54.535213
27849,53.518314
27850,51.250477
27851,47.558846
27852,42.91467
27853,38.40196
27854,35.089527
27855,33.32927
27856,33.066723
27857,34.057774
27858,35.932716
27859,38.17009
27860,40.138668
27861,41.306034
27862,41.201103
27863,39.318764
27864,35.449207
27865,30.285654
27866,25.21576
27867,22.183973
27868,23.081621
27869,28.078407
27870,35.047176
27871,41.76271
27872,46.837296
27873,49.80871
27874,50.76387
27875,49.492634
27876,44.172703
27877,29.588089
27878,14.686026
27879,22.776396
27880,26.427382
27881,27.295664
27882,26.097843
27883,23.322577
27884,19.413607
27885,14.893525
27886,10.427503
27887,6.826738
27888,4.8646183
27889,4.522747
27890,4.554431
27891,3.4415455
27892,-0.42211562
27893,-8.784822
27894,-22.638468
27895,-40.93863
27896,-61.311283
27897,-80.205376
27898,-93.42414
27899,-98.43618
27900,-96.1103
27901,-88.48759
27902,-77.797714
27903,-66.15664
27904,-55.29319
27905,-46.47221
27906,-40.734215
27907,-39.07375
27908,-42.432552
27909,-50.786385
27910,-62.252544
27911,-74.161545
27912,-83.307785
27913,-86.49812
27914,-82.83119
27915,-74.964905
27916,-66.20647
27917,-59.516327
27918,-57.260006
27919,-60.07898
27920,-66.20788
27921,-73.28869
27922,-78.727936
27923,-79.73792
27924,-73.6488
27925,-58.483856
27926,-33.801346
27927,-1.8030664
27928,11.55283
27929,-12.418516
27930,-26.784834
27931,-30.906277
27932,-26.274487
27933,-15.776861
27934,-2.6240742
27935,10.386569
27936,21.27305
27937,28.934217
27938,33.03743
27939,34.172314
27940,33.80916
27941,33.45785
27942,34.62059
27943,38.343376
27944,43.861214
27945,48.830807
27946,51.88127
27947,52.94392
27948,52.116898
27949,48.34634
27950,40.099663
27951,27.216055
27952,12.234276
27953,0.0053557605
27954,-5.794543
27955,-5.8463554
27956,-2.601531
27957,1.3014215
27958,3.647016
27959,3.4767842
27960,1.3690636
27961,-1.8241465
27962,-5.2023416
27963,-7.8050284
27964,-8.86077
27965,-8.001594
27966,-5.0239234
27967,0.15060128
27968,7.3296227
27969,15.597547
27970,23.37631
27971,29.43423
27972,33.02216
27973,33.553284
27974,30.033886
27975,20.242622
27976,-0.33971417
27977,-44.850792
27978,-98.335144
27979,-132.73021
27980,-168.52644
27981,-198.57117
27982,-221.36258
27983,-235.86816
27984,-241.50792
27985,-238.13489
27986,-226.01758
27987,-205.82219
27988,-178.98189
27989,-149.34813
27990,-123.255
27991,-106.15615
27992,-102.621925
27993,-117.36865
27994,-153.19867
27995,-207.15813
27996,-272.36508
27997,-337.5566
27998,-388.49603
27999,-417.00708
28000,-428.2379
28001,-431.64413
28002,-437.25937
28003,-454.5677
28004,-488.66217
28005,-537.5604
28006,-597.4084
28007,-663.6232
28008,1.8301312
28009,-0.5984928
28010,-2.6242847
28011,-4.1579895
28012,-5.1082807
28013,-5.4096956
28014,-5.144162
28015,-4.5951986
28016,-4.059152
28017,-3.8238037
28018,-4.142195
28019,-5.06492
28020,-6.363092
28021,-7.7879
28022,-9.101184
28023,-10.064803
28024,-10.44115
28025,-9.993478
28026,-8.486452
28027,-5.686703
28028,-4.722505
28029,-8.788408
28030,-11.62392
28031,-14.177088
28032,-16.475815
28033,-18.547749
28034,-20.420341
28035,-22.12085
28036,-23.676384
28037,-25.11391
28038,-26.439598
28039,-27.539368
28040,-28.1347
28041,-27.938189
28042,-26.670448
28043,-24.122084
28044,-20.484262
28045,-16.490551
28046,-12.89915
28047,-10.442401
28048,-9.74313
28049,-10.77825
28050,-12.631453
28051,-14.323136
28052,-14.907151
28053,-13.561871
28054,-10.179287
28055,-5.6185083
28056,-0.78754234
28057,3.454661
28058,-646.3658
28059,-611.45746
28060,-609.26764
28061,-631.2905
28062,4.4993668
28063,2.4390948
28064,0.26082426
28065,-2.0565143
28066,-4.5499325
28067,-7.248604
28068,-10.169119
28069,-13.254261
28070,-16.345001
28071,-19.27526
28072,-21.883333
28073,-24.007765
28074,-25.487707
28075,-26.162828
28076,-25.87346
28077,-24.460695
28078,-27.258984
28079,-43.17173
28080,-49.33728
28081,-48.285316
28082,-50.41149
28083,-51.104
28084,-50.747063
28085,-49.722748
28086,-48.41181
28087,-47.194214
28088,-46.415726
28089,-46.2246
28090,-46.50061
28091,-47.110924
28092,-47.934834
28093,-48.864235
28094,-49.865414
28095,-51.00593
28096,-52.358208
28097,-53.990063
28098,-55.945778
28099,-58.13247
28100,-60.27047
28101,-62.07151
28102,-63.25608
28103,-63.582222
28104,-63.024715
28105,-61.852173
28106,-60.345592
28107,-58.771957
28108,-57.396885
28109,-56.479332
28110,-56.269573
28111,-57.017853
28112,-58.975464
28113,-62.33535
28114,-66.947136
28115,-77.19219
28116,-82.4295
28117,-82.03985
28118,-85.46591
28119,-87.50588
28120,-88.43898
28121,-88.5638
28122,-88.15575
28123,-87.4899
28124,-86.841225
28125,-86.48459
28126,-86.69495
28127,-87.74734
28128,-89.94686
28129,-92.10131
28130,-91.80476
28131,-90.15405
28132,-87.64221
28133,-84.76152
28134,-82.00397
28135,-79.861176
28136,-78.82478
28137,-79.38714
28138,-81.94744
28139,-86.35916
28140,-96.733116
28141,-102.14803
28142,-101.71757
28143,-104.65204
28144,-105.71868
28145,-105.438324
28146,-104.360634
28147,-102.999016
28148,-101.80733
28149,-100.89556
28150,-99.90808
28151,-98.47119
28152,-96.23363
28153,-92.90407
28154,-88.53893
28155,-83.66485
28156,-78.82619
28157,-74.54413
28158,-71.296425
28159,-69.31042
28160,-68.47448
28161,-68.663475
28162,-69.76825
28163,-71.66021
28164,-74.09923
28165,-76.693825
28166,-79.04568
28167,-80.76378
28168,-81.50429
28169,-81.19683
28170,-80.141304
28171,-78.652466
28172,-77.027214
28173,-75.562225
28174,-74.5542
28175,-74.29997
28176,-75.09669
28177,-77.24211
28178,-78.70293
28179,-77.35342
28180,-77.45939
28181,-78.14812
28182,-79.28593
28183,-80.73912
28184,-82.37377
28185,-84.05606
28186,-85.652084
28187,-87.02791
28188,-88.0671
28189,-88.754036
28190,-89.20971
28191,-89.56068
28192,-89.92692
28193,-90.41159
28194,-91.02031
28195,-91.6266
28196,-92.098595
28197,-92.310814
28198,-92.16379
28199,-91.709724
28200,-91.20614
28201,-90.91854
28202,-91.10274
28203,-91.97145
28204,-93.48691
28205,-95.27183
28206,-96.93526
28207,-98.102325
28208,-98.456665
28209,-98.02082
28210,-97.276375
28211,-96.72264
28212,-96.83705
28213,-98.02346
28214,-100.258644
28215,-102.94013
28216,-105.44247
28217,-107.167725
28218,-107.59271
28219,-106.62686
28220,-104.76525
28221,-102.52462
28222,-100.39182
28223,-98.85193
28224,-98.389084
28225,-99.48754
28226,-102.63233
28227,-113.3095
28228,-111.47771
28229,-107.06812
28230,-105.481926
28231,-104.820915
28232,-104.964455
28233,-105.79234
28234,-107.184944
28235,-109.02299
28236,-111.18751
28237,-113.55981
28238,-116.01954
28239,-118.43531
28240,-120.6607
28241,-122.54881
28242,-123.9536
28243,-124.7567
28244,-125.00063
28245,-124.945625
28246,-124.86017
28247,-125.00235
28248,-125.60541
28249,-126.75955
28250,-128.36128
28251,-130.29958
28252,-132.47256
28253,-134.7795
28254,-137.12587
28255,-139.42604
28256,-141.59448
28257,-143.54527
28258,-145.19048
28259,-146.43164
28260,-147.15613
28261,-147.25052
28262,-146.60208
28263,-145.12892
28264,-142.92929
28265,-140.34564
28266,-137.72963
28267,-135.42131
28268,-133.72646
28269,-132.75261
28270,-132.33904
28271,-132.31467
28272,-132.52136
28273,-132.80081
28274,-132.99474
28275,-132.94482
28276,-132.49268
28277,-131.47992
28278,-129.19258
28279,-125.45851
28280,-122.24379
28281,-119.34537
28282,-116.890465
28283,-115.00631
28284,-113.820145
28285,-113.45917
28286,-114.05065
28287,-115.72193
28288,-118.53572
28289,-122.17887
28290,-125.82957
28291,-128.64641
28292,-129.81262
28293,-128.66533
28294,-125.43535
28295,-121.56357
28296,-118.536934
28297,-117.78325
28298,-120.51936
28299,-131.74341
28300,-139.80357
28301,-147.98409
28302,-154.64992
28303,-153.34436
28304,-153.6353
28305,-151.47672
28306,-147.87715
28307,-143.78023
28308,-140.05635
28309,-137.14279
28310,-134.89012
28311,-133.12659
28312,-131.70842
28313,-130.49706
28314,-129.39026
28315,-128.33615
28316,-127.28478
28317,-126.18419
28318,-124.98352
28319,-123.63597
28320,-122.0997
28321,-120.33395
28322,-118.29829
28323,-115.95301
28324,-113.25888
28325,-110.17712
28326,-106.669334
28327,-102.69734
28328,-101.390625
28329,-105.14091
28330,-106.78327
28331,-107.69251
28332,-107.97553
28333,-107.73927
28334,-107.090385
28335,-106.13544
28336,-104.98078
28337,-103.73267
28338,-102.48253
28339,-101.23672
28340,-99.885765
28341,-98.31339
28342,-96.40734
28343,-94.06951
28344,-91.28604
28345,-88.15755
28346,-84.789856
28347,-81.28432
28348,-77.745575
28349,-74.29313
28350,-71.06614
28351,-68.20512
28352,-65.85026
28353,-64.132545
28354,-63.126915
28355,-62.832012
28356,-63.243515
28357,-64.36081
28358,-66.16596
28359,-68.53988
28360,-71.2259
28361,-73.961044
28362,-76.4886
28363,-78.56022
28364,-79.97631
28365,-80.60362
28366,-80.31152
28367,-78.96633
28368,-76.47191
28369,-72.95041
28370,-68.8192
28371,-64.50685
28372,-60.42708
28373,-56.99295
28374,-54.61741
28375,-53.713978
28376,-54.697674
28377,-57.98567
28378,-61.490112
28379,-61.97501
28380,-62.293816
28381,-62.163605
28382,-61.681248
28383,-60.94339
28384,-60.046555
28385,-59.087082
28386,-58.161224
28387,-57.36515
28388,-56.786633
28389,-56.464985
28390,-56.373623
28391,-56.482998
28392,-56.766598
28393,-57.193172
28394,-57.704212
28395,-58.204273
28396,-58.596176
28397,-58.784504
28398,-58.678955
28399,-58.21941
28400,-57.38656
28401,-56.162937
28402,-54.529217
28403,-52.489807
28404,-50.186703
28405,-47.948494
28406,-46.111774
28407,-45.00456
28408,-44.91195
28409,-45.866413
28410,-47.555824
28411,-49.65072
28412,-51.836594
28413,-53.82234
28414,-55.45466
28415,-56.768005
28416,-57.805607
28417,-58.602093
28418,-59.195942
28419,-59.648598
28420,-60.052555
28421,-60.501724
28422,-61.088547
28423,-61.905525
28424,-63.045197
28425,-64.60018
28426,-66.66316
28427,-69.326935
28428,-69.79412
28429,-65.965294
28430,-64.43006
28431,-63.832523
28432,-63.99105
28433,-64.723656
28434,-65.84807
28435,-67.181816
28436,-68.54224
28437,-69.74665
28438,-70.63914
28439,-71.21918
28440,-71.6972
28441,-72.29249
28442,-73.21437
28443,-74.64545
28444,-76.611565
28445,-78.926
28446,-81.39292
28447,-83.82651
28448,-86.04664
28449,-87.90663
28450,-89.305115
28451,-90.14268
28452,-90.31772
28453,-89.75785
28454,-88.55943
28455,-87.0476
28456,-85.556244
28457,-84.408325
28458,-83.89652
28459,-84.137436
28460,-85.00896
28461,-86.37934
28462,-88.12816
28463,-90.12855
28464,-92.21741
28465,-94.18255
28466,-95.80976
28467,-96.88729
28468,-97.233406
28469,-96.84026
28470,-95.93568
28471,-94.75659
28472,-93.52857
28473,-92.47718
28474,-91.827644
28475,-91.80481
28476,-92.63309
28477,-94.53669
28478,-96.5365
28479,-97.63003
28480,-100.06266
28481,-103.24584
28482,-107.010666
28483,-111.188255
28484,-115.610115
28485,-120.10782
28486,-124.513336
28487,-128.65889
28488,-132.36894
28489,-135.42198
28490,-137.53421
28491,-138.41945
28492,-137.79448
28493,-135.45207
28494,-131.62648
28495,-127.150055
28496,-122.87812
28497,-119.63703
28498,-118.141045
28499,-118.45356
28500,-119.75712
28501,-121.200516
28502,-121.97458
28503,-121.38084
28504,-119.36345
28505,-116.73641
28506,-114.34585
28507,-112.99551
28508,-113.37765
28509,-115.53815
28510,-118.64717
28511,-121.84144
28512,-124.29986
28513,-125.29358
28514,-124.625984
28515,-122.82099
28516,-120.43023
28517,-117.97105
28518,-115.92121
28519,-114.528595
28520,-113.72951
28521,-113.44851
28522,-113.625305
28523,-114.19943
28524,-115.11065
28525,-116.29864
28526,-117.70299
28527,-119.26336
28528,-121.44337
28529,-123.94344
28530,-124.48844
28531,-123.847015
28532,-122.288
28533,-120.080124
28534,-117.492134
28535,-114.79257
28536,-112.24999
28537,-110.13278
28538,-108.68557
28539,-108.0158
28540,-108.0451
28541,-108.68788
28542,-109.8674
28543,-111.49431
28544,-113.40648
28545,-115.343124
28546,-117.039665
28547,-118.23616
28548,-118.71194
28549,-118.47454
28550,-117.84024
28551,-117.13711
28552,-116.67833
28553,-116.73287
28554,-117.31254
28555,-118.08106
28556,-118.68879
28557,-118.80271
28558,-118.13409
28559,-116.651344
28560,-114.67094
28561,-112.52258
28562,-110.519264
28563,-108.94816
28564,-107.9471
28565,-107.45159
28566,-107.38944
28567,-107.6982
28568,-108.314865
28569,-109.17438
28570,-110.20867
28571,-111.34949
28572,-112.52879
28573,-113.678505
28574,-114.73054
28575,-115.61682
28576,-116.26933
28577,-116.61996
28578,-116.79808
28579,-117.2336
28580,-118.05662
28581,-119.19762
28582,-120.63311
28583,-122.339645
28584,-124.29378
28585,-126.47201
28586,-128.85089
28587,-131.40698
28588,-134.09814
28589,-136.77388
28590,-139.13692
28591,-140.8844
28592,-141.72054
28593,-141.39143
28594,-139.88702
28595,-137.5274
28596,-134.64536
28597,-131.55797
28598,-128.56921
28599,-125.9067
28600,-123.69482
28601,-122.05391
28602,-121.10937
28603,-120.95884
28604,-121.539085
28605,-122.5688
28606,-123.75839
28607,-124.82863
28608,-125.54487
28609,-125.934814
28610,-126.38188
28611,-127.2821
28612,-129.01411
28613,-131.88596
28614,-135.79396
28615,-140.07721
28616,-144.05452
28617,-147.0726
28618,-148.54884
28619,-148.30623
28620,-146.71677
28621,-144.1742
28622,-141.04657
28623,-137.7026
28624,-134.51134
28625,-131.84201
28626,-130.064
28627,-129.54678
28628,-128.4898
28629,-124.98614
28630,-123.010826
28631,-121.71867
28632,-120.96851
28633,-120.61906
28634,-120.52894
28635,-120.55678
28636,-120.56103
28637,-120.400024
28638,-119.96046
28639,-119.293846
28640,-118.6751
28641,-118.38748
28642,-118.70349
28643,-119.84082
28644,-121.69998
28645,-123.75184
28646,-125.450584
28647,-126.27101
28648,-125.75972
28649,-123.880684
28650,-121.16311
28651,-118.15769
28652,-115.38783
28653,-113.33026
28654,-112.1917
28655,-111.813576
28656,-112.023186
28657,-112.665306
28658,-113.58463
28659,-114.62601
28660,-115.63456
28661,-116.455246
28662,-116.93312
28663,-116.93273
28664,-116.43299
28665,-115.56753
28666,-114.47583
28667,-113.289925
28668,-112.1377
28669,-111.12326
28670,-110.31843
28671,-109.79373
28672,-109.62135
28673,-109.873375
28674,-110.621925
28675,-111.93912
28676,-113.897095
28677,-116.567955
28678,-119.69861
28679,-122.239006
28680,-123.48812
28681,-123.91596
28682,-123.764915
28683,-123.27726
28684,-122.695274
28685,-122.26123
28686,-122.217415
28687,-122.80613
28688,-124.2184
28689,-126.34728
28690,-128.68243
28691,-130.69814
28692,-131.888
28693,-131.81844
28694,-130.47838
28695,-128.4288
28696,-126.25262
28697,-124.50534
28698,-123.67342
28699,-123.84321
28700,-124.55896
28701,-125.34436
28702,-125.74905
28703,-125.38219
28704,-124.19833
28705,-122.6198
28706,-121.08675
28707,-120.016815
28708,-119.77274
28709,-120.397705
28710,-121.502106
28711,-122.67994
28712,-123.54586
28713,-123.77616
28714,-123.40519
28715,-122.95206
28716,-122.9544
28717,-123.9266
28718,-126.318245
28719,-130.203
28720,-135.14507
28721,-145.6892
28722,-151.40465
28723,-156.86095
28724,-156.62784
28725,-160.2752
28726,-162.37286
28727,-162.49026
28728,-162.36165
28729,-164.22687
28730,-164.78764
28731,-164.69133
28732,-164.03285
28733,-162.90724
28734,-161.40955
28735,-159.63484
28736,-157.67825
28737,-155.63487
28738,-153.60577
28739,-151.7262
28740,-150.17766
28741,-149.1436
28742,-148.80513
28743,-149.30678
28744,-150.58098
28745,-152.27295
28746,-154.0169
28747,-155.4609
28748,-156.29564
28749,-156.45952
28750,-156.22647
28751,-155.88342
28752,-155.70126
28753,-155.9147
28754,-156.54799
28755,-157.34029
28756,-158.01976
28757,-158.32831
28758,-158.05423
28759,-157.25616
28760,-156.35895
28761,-155.80165
28762,-156.00589
28763,-157.32704
28764,-159.73589
28765,-162.68286
28766,-165.59843
28767,-167.9382
28768,-169.21036
28769,-169.22946
28770,-168.22491
28771,-166.44249
28772,-164.1082
28773,-161.4483
28774,-158.68906
28775,-156.05673
28776,-153.77763
28777,-152.07796
28778,-150.54298
28779,-148.5951
28780,-147.23714
28781,-146.24507
28782,-145.57172
28783,-145.16989
28784,-144.99252
28785,-144.99251
28786,-145.12267
28787,-145.33594
28788,-145.58624
28789,-145.83365
28790,-146.04654
28791,-146.19359
28792,-146.24313
28793,-146.17055
28794,-145.9925
28795,-145.78157
28796,-145.61247
28797,-145.55727
28798,-145.67065
28799,-145.90645
28800,-146.082
28801,-146.00946
28802,-145.50745
28803,-144.43411
28804,-142.8774
28805,-141.23636
28806,-139.92212
28807,-139.33078
28808,-139.79855
28809,-141.31343
28810,-143.392
28811,-145.53293
28812,-147.25755
28813,-148.14307
28814,-148.09148
28815,-147.44432
28816,-146.56018
28817,-145.77657
28818,-145.39485
28819,-145.50606
28820,-145.91632
28821,-146.421
28822,-146.82901
28823,-146.94931
28824,-146.59084
28825,-145.5625
28826,-143.67317
28827,-140.7317
28828,-139.57355
28829,-142.74217
28830,-144.08504
28831,-144.89124
28832,-145.35327
28833,-145.6636
28834,-146.01477
28835,-146.59921
28836,-147.60945
28837,-149.23796
28838,-151.62517
28839,-154.60902
28840,-157.61835
28841,-160.06627
28842,-161.38562
28843,-161.10347
28844,-159.29533
28845,-156.78018
28846,-154.4064
28847,-152.98695
28848,-153.21878
28849,-155.12473
28850,-157.81548
28851,-160.36679
28852,-161.89844
28853,-161.66312
28854,-159.68701
28855,-157.04437
28856,-154.85095
28857,-154.1725
28858,-155.92259
28859,-160.13193
28860,-170.63663
28861,-176.22762
28862,-175.75394
28863,-178.19658
28864,-178.30199
28865,-176.8539
28866,-174.67754
28867,-172.54962
28868,-171.17406
28869,-170.83095
28870,-171.22583
28871,-172.0417
28872,-172.98886
28873,-173.77783
28874,-174.11905
28875,-173.72298
28876,-172.29991
28877,-169.55995
28878,-166.63948
28879,-165.65797
28880,-165.50726
28881,-166.06548
28882,-167.13126
28883,-168.5032
28884,-169.98001
28885,-171.36052
28886,-172.4434
28887,-173.02742
28888,-172.93588
28889,-172.13509
28890,-170.78497
28891,-169.0534
28892,-167.09885
28893,-165.06674
28894,-163.02551
28895,-160.9393
28896,-158.76813
28897,-156.47704
28898,-154.0535
28899,-151.61545
28900,-149.45744
28901,-147.88098
28902,-147.17903
28903,-147.59897
28904,-149.12392
28905,-151.37921
28906,-153.9766
28907,-156.54501
28908,-158.7492
28909,-160.46208
28910,-161.83806
28911,-163.04247
28912,-164.22716
28913,-165.52635
28914,-166.97171
28915,-168.45605
28916,-169.86676
28917,-171.0979
28918,-172.05615
28919,-172.72221
28920,-173.17671
28921,-173.5043
28922,-173.7849
28923,-174.09833
28924,-174.52452
28925,-175.14334
28926,-176.03465
28927,-177.27835
28928,-178.77171
28929,-179.64648
28930,-179.03288
28931,-177.52539
28932,-175.44954
28933,-173.13104
28934,-170.89572
28935,-169.06952
28936,-167.97823
28937,-167.94756
28938,-169.23381
28939,-171.69109
28940,-174.62894
28941,-177.33595
28942,-179.12682
28943,-179.42175
28944,-178.25429
28945,-176.48976
28946,-175.02707
28947,-174.72583
28948,-176.3131
28949,-179.74696
28950,-183.94493
28951,-187.78424
28952,-190.19223
28953,-190.23853
28954,-187.82195
28955,-183.96657
28956,-179.74347
28957,-176.17133
28958,-174.17163
28959,-174.10059
28960,-175.54868
28961,-178.07614
28962,-181.27997
28963,-184.7576
28964,-188.10704
28965,-190.92714
28966,-192.8167
28967,-193.37427
28968,-192.26826
28969,-189.57516
28970,-185.9255
28971,-181.973
28972,-178.34566
28973,-175.67139
28974,-174.5779
28975,-175.69228
28976,-179.64075
28977,-192.0484
28978,-200.13963
28979,-198.88077
28980,-200.9739
28981,-201.58377
28982,-201.09814
28983,-199.90529
28984,-198.3938
28985,-196.95253
28986,-195.97047
28987,-195.83647
28988,-196.89
28989,-199.18431
28990,-202.38498
28991,-206.14189
28992,-210.1237
28993,-213.99129
28994,-217.36055
28995,-219.78593
28996,-220.8192
28997,-220.01434
28998,-217.00745
28999,-211.91557
29000,-210.50996
29001,-203.59146
29002,-196.93118
29003,-191.24832
29004,-181.96056
29005,-179.07623
29006,-177.58662
29007,-177.50204
29008,-178.77518
29009,-181.02657
29010,-183.42754
29011,-185.13196
29012,-185.31508
29013,-183.26665
29014,-178.94278
29015,-178.2044
29016,-171.95055
29017,-166.03821
29018,-161.24544
29019,-152.88898
29020,-150.6611
29021,-149.22989
29022,-148.29346
29023,-147.55037
29024,-146.69928
29025,-145.4389
29026,-143.46806
29027,-140.48553
29028,-140.39673
29029,-151.86696
29030,-151.5061
29031,-155.7146
29032,-159.47052
29033,-162.75197
29034,-165.53693
29035,-167.80333
29036,-169.52905
29037,-170.69197
29038,-171.27614
29039,-171.30261
29040,-170.84253
29041,-169.96892
29042,-168.75241
29043,-167.27823
29044,-165.71614
29045,-164.35083
29046,-163.47131
29047,-163.3611
29048,-164.24417
29049,-165.99951
29050,-168.03888
29051,-169.75604
29052,-170.56711
29053,-169.98172
29054,-168.05432
29055,-165.57779
29056,-163.3746
29057,-162.2321
29058,-162.82988
29059,-165.22284
29060,-168.62016
29061,-172.19865
29062,-175.17586
29063,-176.85535
29064,-177.0394
29065,-176.20622
29066,-174.86092
29067,-173.47673
29068,-172.48431
29069,-172.06627
29070,-172.06912
29071,-172.32608
29072,-172.68636
29073,-172.99916
29074,-173.11383
29075,-172.87958
29076,-172.14558
29077,-170.76103
29078,-172.00247
29079,-177.73735
29080,-179.22878
29081,-178.73131
29082,-176.81377
29083,-174.04572
29084,-170.99706
29085,-168.23717
29086,-166.33322
29087,-165.85
29088,-167.2454
29089,-170.36487
29090,-174.22577
29091,-177.81458
29092,-180.15887
29093,-180.41841
29094,-178.51807
29095,-175.41956
29096,-172.12796
29097,-169.6005
29098,-168.67581
29099,-169.50041
29100,-171.28305
29101,-173.19646
29102,-174.45871
29103,-174.38005
29104,-172.80504
29105,-170.3023
29106,-167.46959
29107,-164.87048
29108,-163.00851
29109,-162.03809
29110,-161.64069
29111,-161.47916
29112,-161.23897
29113,-160.63702
29114,-159.57333
29115,-158.1962
29116,-156.66336
29117,-155.12074
29118,-153.69858
29119,-152.4378
29120,-151.25816
29121,-150.07465
29122,-148.80786
29123,-147.37827
29124,-145.7062
29125,-143.71188
29126,-141.31537
29127,-138.43669
29128,-135.1556
29129,-132.58524
29130,-132.0749
29131,-132.7907
29132,-134.29523
29133,-136.15106
29134,-137.9207
29135,-139.1666
29136,-139.45114
29137,-138.33665
29138,-135.47809
29139,-131.07018
29140,-126.03845
29141,-121.336624
29142,-117.88287
29143,-116.47747
29144,-117.23772
29145,-119.35636
29146,-121.99051
29147,-124.34137
29148,-125.690094
29149,-125.78182
29150,-124.989845
29151,-123.71147
29152,-122.31378
29153,-121.132416
29154,-120.320244
29155,-119.7827
29156,-119.415886
29157,-119.12764
29158,-118.82993
29159,-118.45836
29160,-117.98046
29161,-117.365005
29162,-116.57931
29163,-115.60953
29164,-114.55223
29165,-113.65317
29166,-113.16378
29167,-113.32848
29168,-114.357765
29169,-116.26515
29170,-118.797485
29171,-121.691216
29172,-124.695656
29173,-127.5601
29174,-130.03386
29175,-131.8664
29176,-132.80713
29177,-132.60548
29178,-132.56078
29179,-134.54666
29180,-136.55359
29181,-138.76714
29182,-141.09096
29183,-143.4288
29184,-145.68431
29185,-147.7613
29186,-149.56355
29187,-150.99478
29188,-151.95953
29189,-152.36696
29190,-152.13235
29191,-151.17125
29192,-149.39886
29193,-146.77266
29194,-143.4961
29195,-140.1057
29196,-137.1508
29197,-135.16489
29198,-134.60951
29199,-135.53024
29200,-137.40906
29201,-139.70595
29202,-141.90666
29203,-143.55157
29204,-144.50577
29205,-145.07463
29206,-145.58067
29207,-146.32584
29208,-147.56912
29209,-149.31673
29210,-151.23253
29211,-152.96799
29212,-154.19151
29213,-154.60371
29214,-154.08925
29215,-152.78206
29216,-150.82594
29217,-148.35324
29218,-145.50046
29219,-142.42798
29220,-139.32837
29221,-136.39548
29222,-133.82158
29223,-131.799
29224,-130.52002
29225,-130.17686
29226,-130.9617
29227,-133.06673
29228,-135.02504
29229,-135.07239
29230,-135.80519
29231,-136.68025
29232,-137.59576
29233,-138.44978
29234,-139.14034
29235,-139.56526
29236,-139.62244
29237,-139.20953
29238,-138.2528
29239,-136.84483
29240,-135.30348
29241,-133.95515
29242,-133.11539
29243,-133.06235
29244,-133.85785
29245,-135.2708
29246,-137.05878
29247,-138.99341
29248,-140.85194
29249,-142.44405
29250,-143.62341
29251,-144.24538
29252,-144.16306
29253,-143.2719
29254,-141.71344
29255,-139.96254
29256,-138.50682
29257,-137.81792
29258,-138.30177
29259,-139.98225
29260,-142.36642
29261,-144.94145
29262,-147.21953
29263,-148.75743
29264,-149.37129
29265,-149.2283
29266,-148.50917
29267,-147.37772
29268,-145.99792
29269,-144.53395
29270,-143.15038
29271,-142.01176
29272,-141.28256
29273,-141.12729
29274,-141.71046
29275,-143.19652
29276,-145.74982
29277,-149.53473
29278,-152.08853
29279,-150.82196
29280,-150.43864
29281,-150.11816
29282,-149.82645
29283,-149.52943
29284,-149.19305
29285,-148.7832
29286,-148.26585
29287,-147.60698
29288,-146.77391
29289,-145.74208
29290,-144.49805
29291,-143.02861
29292,-141.32024
29293,-139.37949
29294,-137.33026
29295,-135.45544
29296,-134.04395
29297,-133.37706
29298,-133.68971
29299,-134.94768
29300,-136.75224
29301,-138.69083
29302,-140.36836
29303,-141.43373
29304,-141.79118
29305,-141.69046
29306,-141.39458
29307,-141.14998
29308,-141.17258
29309,-141.5001
29310,-141.92928
29311,-142.2476
29312,-142.25414
29313,-141.7799
29314,-140.84201
29315,-139.70943
29316,-138.66074
29317,-137.96257
29318,-137.85439
29319,-138.41844
29320,-139.52396
29321,-141.03212
29322,-142.81432
29323,-144.74191
29324,-146.68634
29325,-148.519
29326,-150.11133
29327,-151.33478
29328,-151.00494
29329,-149.01501
29330,-149.10696
29331,-150.33281
29332,-152.48569
29333,-155.35893
29334,-158.74585
29335,-162.43983
29336,-166.23436
29337,-169.92296
29338,-173.30673
29339,-176.23044
29340,-178.59792
29341,-180.31523
29342,-181.28561
29343,-181.43889
29344,-180.85994
29345,-179.84375
29346,-178.69382
29347,-177.70378
29348,-177.1262
29349,-176.97458
29350,-176.93881
29351,-176.69577
29352,-175.93784
29353,-174.3921
29354,-171.988
29355,-168.92926
29356,-165.43059
29357,-161.69382
29358,-157.92451
29359,-154.3503
29360,-151.22838
29361,-148.81715
29362,-147.37352
29363,-147.10388
29364,-147.92204
29365,-149.34564
29366,-150.87724
29367,-152.03838
29368,-152.40457
29369,-151.86488
29370,-150.73268
29371,-149.3378
29372,-147.98985
29373,-146.9985
29374,-146.67331
29375,-147.3238
29376,-149.25948
29377,-152.78963
29378,-157.56516
29379,-162.18704
29380,-166.14949
29381,-169.59538
29382,-172.52129
29383,-174.92381
29384,-176.79953
29385,-178.14499
29386,-178.95677
29387,-179.23132
29388,-178.97824
29389,-178.28273
29390,-177.33247
29391,-176.31932
29392,-175.43031
29393,-174.825
29394,-174.50377
29395,-174.2511
29396,-173.84306
29397,-173.06584
29398,-171.75426
29399,-170.02586
29400,-168.38116
29401,-167.336
29402,-167.38783
29403,-168.9393
29404,-171.8432
29405,-175.20811
29406,-178.11398
29407,-179.67644
29408,-179.13855
29409,-176.48558
29410,-172.70961
29411,-168.84401
29412,-165.87473
29413,-164.67169
29414,-165.4309
29415,-167.43597
29416,-169.93523
29417,-172.2209
29418,-173.6485
29419,-173.93973
29420,-173.31232
29421,-172.00365
29422,-170.2275
29423,-168.1978
29424,-166.12852
29425,-164.23372
29426,-162.7273
29427,-161.82324
29428,-165.52466
29429,-180.36024
29430,-185.17006
29431,-182.53313
29432,-182.90193
29433,-181.7293
29434,-179.46873
29435,-176.57428
29436,-173.50037
29437,-170.7015
29438,-168.59663
29439,-167.39731
29440,-167.03401
29441,-167.42615
29442,-168.50656
29443,-170.18768
29444,-172.26286
29445,-174.36438
29446,-176.11826
29447,-177.15822
29448,-177.17534
29449,-176.19466
29450,-174.69398
29451,-173.16934
29452,-172.09525
29453,-171.89201
29454,-172.66415
29455,-174.08873
29456,-175.82591
29457,-177.55646
29458,-178.97957
29459,-179.90178
29460,-180.27467
29461,-180.05573
29462,-179.19537
29463,-177.67609
29464,-175.66676
29465,-173.58894
29466,-171.87439
29467,-170.9428
29468,-171.16066
29469,-172.58574
29470,-174.85779
29471,-177.60028
29472,-180.45683
29473,-183.07109
29474,-185.08682
29475,-186.14772
29476,-185.89711
29477,-183.97824
29478,-182.6872
29479,-184.21901
29480,-183.4248
29481,-181.62569
29482,-179.18681
29483,-176.4736
29484,-173.85164
29485,-171.68658
29486,-170.34392
29487,-170.1891
29488,-171.51472
29489,-174.19171
29490,-177.52026
29491,-180.77844
29492,-183.27199
29493,-184.38213
29494,-183.92966
29495,-182.33127
29496,-180.02774
29497,-177.43196
29498,-174.93217
29499,-172.77304
29500,-171.00446
29501,-169.6684
29502,-168.81607
29503,-168.48859
29504,-168.66783
29505,-169.25551
29506,-170.15024
29507,-171.25449
29508,-172.47183
29509,-173.71236
29510,-174.89488
29511,-175.9386
29512,-176.7622
29513,-177.30016
29514,-177.57779
29515,-177.7437
29516,-177.95145
29517,-178.34871
29518,-179.0622
29519,-180.09734
29520,-181.29494
29521,-182.48936
29522,-183.52283
29523,-184.23752
29524,-184.4756
29525,-184.07916
29526,-182.89029
29527,-180.75093
29528,-178.66539
29529,-177.905
29530,-176.73381
29531,-175.49312
29532,-174.23763
29533,-173.02196
29534,-171.9008
29535,-170.92874
29536,-170.1605
29537,-169.65068
29538,-169.44293
29539,-169.51694
29540,-169.76585
29541,-170.07947
29542,-170.35158
29543,-170.4839
29544,-170.4235
29545,-170.17879
29546,-169.76064
29547,-169.17703
29548,-168.44092
29549,-167.59436
29550,-166.71892
29551,-165.89769
29552,-165.21184
29553,-164.73979
29554,-164.54356
29555,-164.66302
29556,-165.13712
29557,-166.00587
29558,-167.29591
29559,-168.95549
29560,-170.82715
29561,-172.74908
29562,-174.5648
29563,-176.12624
29564,-177.33495
29565,-178.15979
29566,-178.57222
29567,-178.5405
29568,-178.04527
29569,-177.13985
29570,-175.97565
29571,-174.70813
29572,-173.48811
29573,-172.46645
29574,-171.79387
29575,-171.62117
29576,-172.09909
29577,-173.37825
29578,-173.09322
29579,-169.74423
29580,-169.47968
29581,-170.73593
29582,-173.12384
29583,-176.25465
29584,-179.73988
29585,-183.19128
29586,-186.22064
29587,-188.43977
29588,-189.50696
29589,-189.35086
29590,-188.26677
29591,-186.56508
29592,-184.53896
29593,-182.46506
29594,-180.52347
29595,-178.76321
29596,-177.22809
29597,-175.96794
29598,-175.02489
29599,-174.3953
29600,-174.01363
29601,-173.81184
29602,-173.725
29603,-173.70432
29604,-173.79579
29605,-174.17377
29606,-175.01761
29607,-176.50058
29608,-178.74434
29609,-181.57147
29610,-184.39957
29611,-186.63034
29612,-187.68478
29613,-187.06808
29614,-184.77643
29615,-181.47234
29616,-177.84589
29617,-174.55603
29618,-172.19989
29619,-171.01534
29620,-170.7534
29621,-171.14587
29622,-171.94781
29623,-172.91435
29624,-173.80067
29625,-174.36208
29626,-174.35374
29627,-173.5308
29628,-172.09067
29629,-171.13708
29630,-171.25995
29631,-172.03561
29632,-173.2421
29633,-174.65749
29634,-176.05997
29635,-177.22774
29636,-177.93903
29637,-177.97194
29638,-177.1389
29639,-175.4519
29640,-173.19342
29641,-170.65695
29642,-168.1232
29643,-165.8612
29644,-164.0721
29645,-162.86508
29646,-162.34558
29647,-162.62344
29648,-163.77422
29649,-165.67416
29650,-167.93001
29651,-170.13808
29652,-171.90765
29653,-172.89163
29654,-172.99617
29655,-172.4708
29656,-171.5786
29657,-170.56635
29658,-169.67397
29659,-169.10089
29660,-168.99171
29661,-169.4888
29662,-170.73715
29663,-172.83469
29664,-175.6066
29665,-178.50885
29666,-180.98308
29667,-182.48857
29668,-182.54248
29669,-180.9992
29670,-178.17061
29671,-174.38705
29672,-169.9576
29673,-165.19144
29674,-160.39787
29675,-155.8863
29676,-151.96585
29677,-148.94566
29678,-147.54587
29679,-148.02554
29680,-148.93365
29681,-150.41531
29682,-152.3781
29683,-154.72966
29684,-157.37756
29685,-160.22946
29686,-163.19307
29687,-166.17604
29688,-169.08636
29689,-171.83392
29690,-174.33102
29691,-176.49011
29692,-178.22351
29693,-179.46335
29694,-180.25737
29695,-180.8099
29696,-181.33156
29697,-182.02553
29698,-183.06522
29699,-184.45134
29700,-185.95053
29701,-187.32011
29702,-188.32855
29703,-188.76082
29704,-188.4981
29705,-187.5519
29706,-185.93903
29707,-183.6702
29708,-180.77907
29709,-177.43362
29710,-173.98386
29711,-170.78716
29712,-168.19235
29713,-166.51183
29714,-165.84746
29715,-166.01593
29716,-166.82283
29717,-168.08731
29718,-169.63542
29719,-171.33228
29720,-173.09592
29721,-174.8465
29722,-176.50165
29723,-177.979
29724,-179.19614
29725,-180.07071
29726,-180.52028
29727,-180.46239
29728,-179.1576
29729,-176.28662
29730,-173.80652
29731,-171.45355
29732,-169.2978
29733,-167.4095
29734,-165.85873
29735,-164.71567
29736,-164.05038
29737,-163.933
29738,-164.41266
29739,-165.4169
29740,-166.7086
29741,-168.04431
29742,-169.18843
29743,-169.93512
29744,-170.25159
29745,-170.3393
29746,-170.409
29747,-170.66023
29748,-171.27559
29749,-172.33887
29750,-173.80006
29751,-175.60393
29752,-177.70158
29753,-180.03168
29754,-182.46
29755,-184.7537
29756,-186.67609
29757,-187.99512
29758,-188.50665
29759,-188.1696
29760,-187.1637
29761,-185.6777
29762,-183.89005
29763,-181.97397
29764,-180.07224
29765,-178.28452
29766,-176.70317
29767,-175.41699
29768,-174.49281
29769,-173.88634
29770,-173.4049
29771,-172.85202
29772,-172.04094
29773,-170.7877
29774,-168.91107
29775,-166.23242
29776,-162.57541
29777,-157.76573
29778,-154.25775
29779,-154.38069
29780,-153.01646
29781,-151.23137
29782,-149.18988
29783,-147.05717
29784,-144.99872
29785,-143.18034
29786,-141.76787
29787,-140.92715
29788,-140.79793
29789,-141.36871
29790,-142.42331
29791,-143.73738
29792,-145.09605
29793,-146.28755
29794,-147.11859
29795,-147.42131
29796,-147.02844
29797,-145.77097
29798,-143.51483
29799,-140.33089
29800,-136.5677
29801,-132.58434
29802,-128.72604
29803,-125.30737
29804,-122.46642
29805,-120.10247
29806,-118.10553
29807,-116.376656
29808,-114.81821
29809,-113.34087
29810,-111.8667
29811,-110.31784
29812,-108.615166
29813,-106.69699
29814,-104.61117
29815,-102.554955
29816,-100.731026
29817,-99.33506
29818,-98.53279
29819,-98.31466
29820,-98.43334
29821,-98.63286
29822,-98.66908
29823,-98.298386
29824,-97.277596
29825,-95.364006
29826,-92.31549
29827,-87.89039
29828,-84.44755
29829,-84.4934
29830,-83.39809
29831,-82.05065
29832,-80.552574
29833,-79.00533
29834,-77.51041
29835,-76.16916
29836,-75.08298
29837,-74.35323
29838,-74.06446
29839,-74.20324
29840,-74.62334
29841,-75.17288
29842,-75.7061
29843,-76.089554
29844,-76.261765
29845,-76.25875
29846,-76.12062
29847,-75.88277
29848,-75.575294
29849,-75.1986
29850,-74.71258
29851,-74.075386
29852,-73.247086
29853,-72.20765
29854,-71.05305
29855,-70.0366
29856,-69.41793
29857,-69.44942
29858,-70.33559
29859,-72.001724
29860,-73.99365
29861,-75.84071
29862,-77.08985
29863,-77.35403
29864,-76.62922
29865,-75.43013
29866,-74.29219
29867,-73.72618
29868,-74.18438
29869,-75.779274
29870,-78.161705
29871,-80.962776
29872,-83.83502
29873,-86.43081
29874,-88.40259
29875,-89.403175
29876,-89.0857
29877,-87.10361
29878,-85.05792
29879,-85.22515
29880,-85.04457
29881,-84.9466
29882,-84.96448
29883,-85.131386
29884,-85.48057
29885,-86.04524
29886,-86.85867
29887,-87.95409
29888,-89.34994
29889,-90.98078
29890,-92.66786
29891,-94.227234
29892,-95.48013
29893,-96.270775
29894,-96.57583
29895,-96.55123
29896,-96.36066
29897,-96.15975
29898,-96.09009
29899,-96.2083
29900,-96.455864
29901,-96.77011
29902,-97.09427
29903,-97.3792
29904,-97.619576
29905,-97.86888
29906,-98.18314
29907,-98.61567
29908,-99.210075
29909,-99.95319
29910,-100.754845
29911,-101.52188
29912,-102.164856
29913,-102.59521
29914,-102.73017
29915,-102.4948
29916,-101.814384
29917,-100.6138
29918,-98.84159
29919,-96.5841
29920,-94.114136
29921,-91.71155
29922,-89.64707
29923,-88.19142
29924,-87.61525
29925,-88.1895
29926,-90.185265
29927,-93.87403
29928,-98.5589
29929,-101.83075
29930,-102.743835
29931,-102.185715
29932,-100.660255
29933,-98.67074
29934,-96.72008
29935,-95.31099
29936,-94.9462
29937,-96.12868
29938,-99.25034
29939,-104.05496
29940,-114.40674
29941,-114.13453
29942,-117.1097
29943,-117.35465
29944,-114.76536
29945,-110.41987
29946,-105.44092
29947,-100.89277
29948,-97.74846
29949,-96.468056
29950,-96.82004
29951,-98.54619
29952,-101.421455
29953,-105.20218
29954,-109.53377
29955,-113.91106
29956,-117.824425
29957,-120.77295
29958,-122.31783
29959,-122.37421
29960,-121.33581
29961,-119.61525
29962,-117.60278
29963,-115.660484
29964,-113.98411
29965,-112.54417
29966,-111.30279
29967,-110.23307
29968,-109.30743
29969,-108.494125
29970,-107.7558
29971,-107.05468
29972,-106.353294
29973,-105.614044
29974,-104.79914
29975,-103.87073
29976,-102.790695
29977,-101.5209
29978,-100.89311
29979,-101.548485
29980,-101.53396
29981,-101.25449
29982,-100.763275
29983,-100.11314
29984,-99.35684
29985,-98.54697
29986,-97.73585
29987,-96.975784
29988,-96.307
29989,-95.70058
29990,-95.03405
29991,-94.1812
29992,-93.02013
29993,-91.45433
29994,-89.53472
29995,-87.51207
29996,-85.64472
29997,-84.181435
29998,-83.33498
29999,-83.10964
30000,-83.22704
30001,-83.39731
30002,-83.34383
30003,-82.830055
30004,-81.85238
30005,-80.72291
30006,-79.76625
30007,-79.29206
30008,-79.57044
30009,-80.64197
30010,-82.23571
30011,-84.06775
30012,-85.86876
30013,-87.38626
30014,-88.46653
30015,-89.08972
30016,-89.241295
30017,-88.90048
30018,-88.06398
30019,-86.8308
30020,-85.438156
30021,-84.12881
30022,-83.13877
30023,-82.70418
30024,-83.061264
30025,-84.44651
30026,-87.096664
30027,-91.24879
30028,-94.887764
30029,-94.9985
30030,-94.19715
30031,-92.47981
30032,-90.144966
30033,-87.49087
30034,-84.81556
30035,-82.417015
30036,-80.593025
30037,-79.641685
30038,-79.81488
30039,-81.095314
30040,-83.10018
30041,-85.43126
30042,-87.707344
30043,-89.58219
30044,-90.91342
30045,-91.8348
30046,-92.4912
30047,-93.014366
30048,-93.514
30049,-93.97246
30050,-94.199455
30051,-93.99786
30052,-93.17893
30053,-91.570915
30054,-89.10113
30055,-85.83068
30056,-81.826035
30057,-77.147316
30058,-76.913475
30059,-71.58469
30060,-62.082092
30061,-59.344498
30062,-59.290718
30063,-62.688522
30064,-74.40098
30065,-83.050064
30066,-92.19375
30067,-100.44633
30068,-106.564644
30069,-105.11401
30070,-106.7514
30071,-107.17563
30072,-107.0323
30073,-106.96663
30074,-107.62353
30075,-109.648125
30076,-113.68574
30077,-125.38188
30078,-124.687675
30079,-121.08242
30080,-119.604164
30081,-118.570885
30082,-117.96906
30083,-117.78519
30084,-118.00579
30085,-118.617325
30086,-119.606346
30087,-120.95938
30088,-122.64258
30089,-124.50404
30090,-126.23198
30091,-127.50853
30092,-128.0235
30093,-127.52139
30094,-126.06473
30095,-124.146255
30096,-122.27354
30097,-120.929985
30098,-120.5319
30099,-121.124725
30100,-122.25426
30101,-123.4477
30102,-124.25757
30103,-124.29093
30104,-123.463776
30105,-122.10965
30106,-120.57966
30107,-119.20646
30108,-118.28651
30109,-117.89918
30110,-117.82957
30111,-117.852196
30112,-117.75647
30113,-117.353485
30114,-116.57812
30115,-115.532616
30116,-114.32523
30117,-113.05625
30118,-111.81976
30119,-110.67524
30120,-109.63503
30121,-108.7098
30122,-107.912415
30123,-107.25586
30124,-106.75301
30125,-106.41672
30126,-106.259705
30127,-106.29464
30128,-106.69953
30129,-107.19401
30130,-106.71529
30131,-105.67083
30132,-104.22134
30133,-102.527374
30134,-100.749176
30135,-99.046745
30136,-97.579865
30137,-96.5081
30138,-95.96419
30139,-95.92584
30140,-96.160904
30141,-96.4287
30142,-96.4984
30143,-96.17857
30144,-95.50752
30145,-94.83477
30146,-94.52182
30147,-94.915215
30148,-96.29563
30149,-98.56037
30150,-101.087204
30151,-103.233025
30152,-104.37945
30153,-103.98535
30154,-101.9573
30155,-98.80781
30156,-95.07256
30157,-91.25777
30158,-87.83832
30159,-85.10908
30160,-83.12167
30161,-81.918365
30162,-81.552795
30163,-82.05855
30164,-83.35336
30165,-85.198105
30166,-87.34709
30167,-89.561844
30168,-91.61652
30169,-93.35755
30170,-94.72956
30171,-95.68121
30172,-96.156815
30173,-96.100815
30174,-95.45794
30175,-94.17297
30176,-92.19093
30177,-89.456985
30178,-89.208694
30179,-93.46636
30180,-94.084305
30181,-93.03149
30182,-90.74323
30183,-87.65422
30184,-84.19865
30185,-80.81037
30186,-77.922874
30187,-75.96966
30188,-75.32796
30189,-76.04732
30190,-77.732216
30191,-79.968185
30192,-82.36116
30193,-84.54683
30194,-86.334724
30195,-87.77045
30196,-88.90925
30197,-89.79516
30198,-90.470116
30199,-90.96422
30200,-91.29151
30201,-91.46537
30202,-91.49992
30203,-91.41454
30204,-91.2589
30205,-91.123886
30206,-91.10196
30207,-91.28361
30208,-91.74429
30209,-92.47164
30210,-93.334435
30211,-94.19665
30212,-94.927956
30213,-95.41701
30214,-95.66299
30215,-95.814804
30216,-96.02718
30217,-96.44771
30218,-97.206345
30219,-98.330505
30220,-99.708664
30221,-101.22379
30222,-102.765495
30223,-104.22334
30224,-105.48693
30225,-106.44592
30226,-106.989944
30227,-107.008644
30228,-106.841644
30229,-106.97401
30230,-106.80366
30231,-106.51647
30232,-106.186874
30233,-105.889244
30234,-105.69806
30235,-105.68746
30236,-105.92987
30237,-106.49368
30238,-107.42182
30239,-108.63068
30240,-109.86773
30241,-110.874794
30242,-111.40312
30243,-111.24432
30244,-110.41447
30245,-109.23289
30246,-108.03229
30247,-107.13271
30248,-106.81688
30249,-107.14334
30250,-107.864655
30251,-108.718185
30252,-109.45326
30253,-109.82987
30254,-109.67902
30255,-108.92885
30256,-107.51308
30257,-105.363495
30258,-102.440895
30259,-98.860435
30260,-94.944824
30261,-91.027054
30262,-87.432335
30263,-84.44295
30264,-82.08277
30265,-80.02502
30266,-77.929955
30267,-75.47504
30268,-72.37534
30269,-68.56237
30270,-64.260376
30271,-59.70482
30272,-55.11653
30273,-50.71545
30274,-46.720585
30275,-43.35011
30276,-40.821667
30277,-39.352646
30278,-38.586346
30279,-37.567955
30280,-36.39067
30281,-35.03963
30282,-33.488186
30283,-31.70899
30284,-29.674332
30285,-27.356293
30286,-24.726906
30287,-21.75812
30288,-18.450771
30289,-14.97499
30290,-11.731021
30291,-9.130875
30292,-7.577179
30293,-7.4154673
30294,-8.647331
30295,-10.797526
30296,-13.355757
30297,-15.828089
30298,-17.756266
30299,-18.896496
30300,-19.299084
30301,-19.032383
30302,-18.151936
30303,-16.707088
30304,-14.7132845
30305,-12.139906
30306,-8.953846
30307,-5.1243486
30308,-0.66369814
30309,4.1684966
30310,-595.6196
30311,-509.1679
30312,-455.67416
30313,-441.42072
30314,-465.3677
30315,-514.8063
30316,-573.295
30317,-621.31226
30318,-638.5155
30319,-616.01495
30320,-563.9173
30321,-496.70404
30322,-427.48956
30323,-366.90817
30324,-323.03537
30325,-302.369
30326,-311.86557
30327,-362.039
30328,-415.753
30329,-410.28207
30330,-422.05597
30331,-446.98834
30332,-481.9293
30333,-523.5257
30334,-567.9386
30335,-610.71906
30336,-646.8404
30337,4.5776863
30338,4.4050264
30339,4.955717
30340,-645.9913
30341,-619.57513
30342,-595.25256
30343,-578.69037
30344,-572.08014
30345,-572.8777
30346,-577.64246
30347,-582.95953
30348,-585.7702
30349,-585.39685
30350,-584.76575
30351,-587.5779
30352,-597.57825
30353,-618.17474
30354,-649.8684
30355,3.7545507
30356,2.1579947
30357,0.86340755
30358,0.095909104
30359,-0.086063914
30360,0.14685664
30361,0.60815066
30362,1.1208391
30363,1.5222908
30364,1.7309328
30365,1.7769176
30366,1.6982558
30367,1.5287198
30368,1.3017025
30369,1.0486685
30370,0.79818314
30371,0.5787011
30372,0.4187535
30373,0.3468589
30374,0.39156055
30375,0.5813264
30376,0.9446468
30377,1.509917
30378,0.8128837
30379,-2.3431113
30380,-4.658019
30381,-6.6462746
30382,-8.335846
30383,-9.754432
30384,-10.929429
30385,-11.888155
30386,-12.657859
30387,-13.265088
30388,-13.744675
30389,-14.187407
30390,-14.761779
30391,-15.640228
30392,-16.99186
30393,-18.952885
30394,-21.463444
30395,-24.19369
30396,-26.797686
30397,-28.942112
30398,-30.326263
30399,-30.831047
30400,-30.584196
30401,-29.727291
30402,-28.39126
30403,-26.720242
30404,-24.934376
30405,-23.357244
30406,-22.317968
30407,-22.141914
30408,-23.103508
30409,-25.173595
30410,-27.904863
30411,-30.823812
30412,-33.473747
30413,-35.439075
30414,-36.544167
30415,-36.94027
30416,-36.79552
30417,-36.26295
30418,-35.48501
30419,-34.54522
30420,-33.447266
30421,-32.19064
30422,-30.778252
30423,-29.212835
30424,-27.497025
30425,-25.633272
30426,-23.623903
30427,-21.471113
30428,-23.007189
30429,-35.558395
30430,-34.331993
30431,-36.308468
30432,-36.822674
30433,-36.204845
30434,-34.78253
30435,-32.881504
30436,-30.826326
30437,-28.940783
30438,-27.534655
30439,-26.838078
30440,-26.972961
30441,-28.055983
30442,-30.20913
30443,-33.504795
30444,-37.7233
30445,-42.24413
30446,-46.42333
30447,-49.635223
30448,-51.31875
30449,-51.279198
30450,-49.818398
30451,-47.260532
30452,-43.90594
30453,-40.06264
30454,-36.087822
30455,-32.405785
30456,-29.443342
30457,-27.624601
30458,-27.3067
30459,-28.448849
30460,-30.463625
30461,-32.73101
30462,-34.65279
30463,-35.6947
30464,-35.6969
30465,-35.009224
30466,-34.006973
30467,-33.041862
30468,-32.438805
30469,-32.3694
30470,-32.796288
30471,-33.67144
30472,-34.956024
30473,-36.61108
30474,-38.59755
30475,-40.876297
30476,-43.40811
30477,-46.153725
30478,-48.142277
30479,-48.408985
30480,-48.705887
30481,-48.857403
30482,-48.94808
30483,-49.062363
30484,-49.284756
30485,-49.699722
30486,-50.391827
30487,-51.44563
30488,-52.930656
30489,-54.827873
30490,-56.99731
30491,-59.29189
30492,-61.568764
30493,-63.689762
30494,-65.54865
30495,-67.08296
30496,-68.23263
30497,-68.93625
30498,-69.146286
30499,-68.89232
30500,-68.30821
30501,-67.53272
30502,-66.7001
30503,-65.9275
30504,-65.23034
30505,-64.48602
30506,-63.56632
30507,-62.349747
30508,-60.74924
30509,-58.876953
30510,-57.115
30511,-55.856934
30512,-55.4839
30513,-56.308105
30514,-58.237103
30515,-60.626984
30516,-62.8076
30517,-64.13387
30518,-64.038246
30519,-62.401215
30520,-59.709995
30521,-56.476875
30522,-53.184532
30523,-50.31482
30524,-48.34929
30525,-47.770103
30526,-49.061287
30527,-52.709515
30528,-55.221912
30529,-52.347775
30530,-50.46886
30531,-48.829357
30532,-47.630417
30533,-47.073257
30534,-47.359497
30535,-48.691174
30536,-51.270977
30537,-55.302124
30538,-65.91012
30539,-72.76538
30540,-79.91739
30541,-86.386055
30542,-91.22195
30543,-88.60515
30544,-88.45474
30545,-86.68868
30546,-84.26351
30547,-82.08675
30548,-80.96367
30549,-81.10937
30550,-81.9389
30551,-82.83477
30552,-83.216896
30553,-82.59165
30554,-80.9674
30555,-79.03234
30556,-77.501465
30557,-77.05731
30558,-78.27688
30559,-81.12027
30560,-84.7094
30561,-88.130165
30562,-90.50767
30563,-91.079445
30564,-89.73362
30565,-87.23864
30566,-84.39682
30567,-81.96787
30568,-80.63231
30569,-80.61282
30570,-81.51091
30571,-82.90026
30572,-84.38232
30573,-85.557915
30574,-86.02836
30575,-85.396095
30576,-83.2651
30577,-79.24126
30578,-74.27254
30579,-70.963234
30580,-69.483795
30581,-69.321915
30582,-70.166336
30583,-71.70578
30584,-73.62878
30585,-75.623955
30586,-77.38006
30587,-78.586235
30588,-78.97478
30589,-78.527534
30590,-77.564125
30591,-76.417786
30592,-75.405594
30593,-74.80318
30594,-74.64613
30595,-74.644714
30596,-74.49546
30597,-73.910065
30598,-72.64569
30599,-70.72549
30600,-68.533676
30601,-66.46811
30602,-64.90907
30603,-64.194466
30604,-64.415184
30605,-65.32665
30606,-66.67011
30607,-68.202675
30608,-69.69614
30609,-71.006615
30610,-72.104614
30611,-72.965836
30612,-73.56085
30613,-73.864235
30614,-73.872765
30615,-73.6132
30616,-73.11357
30617,-72.4005
30618,-71.499855
30619,-70.433105
30620,-69.215935
30621,-67.86364
30622,-66.39175
30623,-64.815605
30624,-63.1505
30625,-61.41159
30626,-59.613926
30627,-57.7724
30628,-55.715874
30629,-53.881912
30630,-53.622387
30631,-54.36006
30632,-55.836975
30633,-57.794235
30634,-59.972267
30635,-62.11111
30636,-63.950687
30637,-65.23098
30638,-65.72775
30639,-65.42417
30640,-64.58454
30641,-63.4849
30642,-62.387833
30643,-61.52382
30644,-60.93783
30645,-60.423256
30646,-59.762455
30647,-58.749573
30648,-57.226185
30649,-55.309654
30650,-53.49104
30651,-52.27746
30652,-52.15886
30653,-53.55711
30654,-56.4922
30655,-60.435184
30656,-64.82976
30657,-69.14379
30658,-72.88553
30659,-75.79895
30660,-77.94763
30661,-79.40896
30662,-80.24523
30663,-80.52029
30664,-80.308044
30665,-79.69601
30666,-78.77221
30667,-77.62398
30668,-76.34471
30669,-75.06299
30670,-73.955055
30671,-73.199265
30672,-72.97164
30673,-73.4485
30674,-74.806206
30675,-77.221565
30676,-80.871414
30677,-85.93284
30678,-96.60161
30679,-95.67374
30680,-97.64669
30681,-98.03981
30682,-97.13191
30683,-95.2012
30684,-92.525734
30685,-89.38325
30686,-86.05136
30687,-82.80755
30688,-79.90969
30689,-77.502464
30690,-75.57757
30691,-74.12059
30692,-73.12458
30693,-72.57856
30694,-72.44899
30695,-72.67151
30696,-73.18045
30697,-73.91161
30698,-74.79967
30699,-75.77341
30700,-76.75354
30701,-77.66041
30702,-78.414795
30703,-78.95852
30704,-79.35563
30705,-79.83599
30706,-80.63627
30707,-81.985275
30708,-84.06658
30709,-86.799065
30710,-89.74272
30711,-92.44262
30712,-94.46093
30713,-95.42309
30714,-95.32082
30715,-94.64185
30716,-93.89318
30717,-93.557945
30718,-94.06608
30719,-95.53805
30720,-97.6751
30721,-100.16168
30722,-102.70204
30723,-105.00053
30724,-106.76144
30725,-107.689285
30726,-107.4886
30727,-105.86412
30728,-104.26228
30729,-104.93578
30730,-105.89875
30731,-107.26724
30732,-108.904106
30733,-110.67212
30734,-112.43412
30735,-114.0529
30736,-115.39133
30737,-116.312195
30738,-116.71351
30739,-116.697044
30740,-116.64059
30741,-116.9325
30742,-117.94789
30743,-119.995384
30744,-122.99669
30745,-126.34957
30746,-129.43181
30747,-131.64633
30748,-132.48732
30749,-131.9787
30750,-130.86137
30751,-129.9038
30752,-129.83995
30753,-131.29941
30754,-134.30582
30755,-138.0621
30756,-141.74002
30757,-144.55086
30758,-145.78754
30759,-145.21637
30760,-143.24466
30761,-140.30438
30762,-136.79701
30763,-133.11452
30764,-129.59349
30765,-126.49522
30766,-124.07808
30767,-122.60402
30768,-122.29342
30769,-123.12509
30770,-124.75084
30771,-126.80983
30772,-128.95697
30773,-130.8472
30774,-132.13545
30775,-132.47662
30776,-131.52571
30777,-128.93752
30778,-126.59036
30779,-126.42848
30780,-124.409195
30781,-121.65649
30782,-118.52898
30783,-115.38519
30784,-112.58358
30785,-110.4826
30786,-109.4406
30787,-109.8161
30788,-111.892746
30789,-115.517555
30790,-119.945984
30791,-124.41027
30792,-128.17126
30793,-130.57716
30794,-131.48279
30795,-131.42844
30796,-130.98064
30797,-130.67287
30798,-130.98741
30799,-132.10817
30800,-133.81529
30801,-135.87338
30802,-138.06657
30803,-140.18544
30804,-142.05869
30805,-143.5665
30806,-144.59099
30807,-145.01184
30808,-144.73201
30809,-143.79012
30810,-142.40843
30811,-140.8164
30812,-139.23462
30813,-137.87384
30814,-136.88745
30815,-136.35123
30816,-136.33789
30817,-136.92398
30818,-138.16043
30819,-139.95013
30820,-141.99539
30821,-143.99088
30822,-145.64098
30823,-146.65002
30824,-146.7223
30825,-145.56209
30826,-142.87346
30827,-138.36047
30828,-137.06032
30829,-143.36066
30830,-146.13794
30831,-147.53285
30832,-147.73221
30833,-146.92265
30834,-145.29105
30835,-143.02419
30836,-140.30904
30837,-137.33257
30838,-134.29219
30839,-131.44609
30840,-129.13467
30841,-127.70144
30842,-127.48598
30843,-128.7663
30844,-131.46324
30845,-135.01395
30846,-138.837
30847,-142.37428
30848,-145.10902
30849,-146.76727
30850,-147.40443
30851,-147.08743
30852,-145.86697
30853,-143.83028
30854,-141.275
30855,-138.78365
30856,-136.95076
30857,-136.35812
30858,-137.48834
30859,-140.24329
30860,-143.73831
30861,-147.0596
30862,-149.33188
30863,-149.7832
30864,-148.24008
30865,-145.33932
30866,-141.74956
30867,-138.10095
30868,-134.97708
30869,-132.68999
30870,-131.18399
30871,-130.38936
30872,-130.25386
30873,-130.72542
30874,-131.7517
30875,-133.28036
30876,-135.25894
30877,-137.63484
30878,-140.55092
30879,-143.35599
30880,-144.3325
30881,-144.16429
30882,-143.12486
30883,-141.48752
30884,-139.52559
30885,-137.5123
30886,-135.72075
30887,-134.42387
30888,-133.8573
30889,-134.04027
30890,-134.69928
30891,-135.54948
30892,-136.32002
30893,-136.76808
30894,-136.81421
30895,-136.60007
30896,-136.2758
30897,-135.9808
30898,-135.8563
30899,-136.05402
30900,-136.74017
30901,-138.08144
30902,-140.24368
30903,-143.34105
30904,-147.18701
30905,-151.18849
30906,-154.73691
30907,-157.24335
30908,-158.18338
30909,-157.40787
30910,-155.276
30911,-152.16629
30912,-148.4329
30913,-144.42653
30914,-140.47745
30915,-136.88806
30916,-133.96002
30917,-131.99629
30918,-131.25336
30919,-131.71623
30920,-133.00223
30921,-134.71495
30922,-136.47575
30923,-137.9061
30924,-138.62773
30925,-138.2623
30926,-136.43153
30927,-132.75702
30928,-127.426544
30929,-122.55197
30930,-120.199974
30931,-119.45949
30932,-119.96921
30933,-121.36842
30934,-123.29722
30935,-125.39677
30936,-127.30953
30937,-128.67923
30938,-129.18863
30939,-128.74236
30940,-127.544495
30941,-125.8114
30942,-123.7458
30943,-121.54505
30944,-119.373314
30945,-117.34948
30946,-115.59093
30947,-114.2174
30948,-113.321175
30949,-112.83431
30950,-112.47195
30951,-111.94095
30952,-110.95837
30953,-109.29344
30954,-107.01848
30955,-104.61594
30956,-102.58381
30957,-101.400154
30958,-101.48648
30959,-102.93581
30960,-105.39608
30961,-108.49758
30962,-111.89143
30963,-115.231155
30964,-118.185455
30965,-120.44377
30966,-121.69626
30967,-121.63189
30968,-119.99537
30969,-116.85529
30970,-112.71865
30971,-108.1091
30972,-103.52899
30973,-99.48016
30974,-96.46411
30975,-94.98235
30976,-95.53678
30977,-98.630135
30978,-99.82666
30979,-94.70002
30980,-92.58939
30981,-91.62255
30982,-91.55636
30983,-92.14742
30984,-93.15211
30985,-94.326614
30986,-95.42696
30987,-96.209175
30988,-96.45958
30989,-96.14063
30990,-95.45337
30991,-94.608185
30992,-93.8039
30993,-93.23041
30994,-93.02557
30995,-93.2567
30996,-93.98838
30997,-95.28866
30998,-97.21122
30999,-99.72683
31000,-102.69373
31001,-105.96565
31002,-109.40169
31003,-112.84928
31004,-116.088326
31005,-118.807236
31006,-120.690994
31007,-121.42903
31008,-120.7619
31009,-118.72739
31010,-115.76502
31011,-112.32844
31012,-108.8508
31013,-105.74014
31014,-103.263336
31015,-101.49678
31016,-100.510025
31017,-100.38244
31018,-101.17326
31019,-102.821526
31020,-105.102905
31021,-107.78709
31022,-110.65202
31023,-113.47598
31024,-116.03762
31025,-118.11596
31026,-119.490234
31027,-119.93998
31028,-121.39683
31029,-125.21362
31030,-126.35152
31031,-126.04467
31032,-124.571915
31033,-122.212105
31034,-119.24416
31035,-115.94686
31036,-112.59898
31037,-109.47917
31038,-106.83901
31039,-104.77358
31040,-103.1662
31041,-101.89198
31042,-100.83611
31043,-99.887314
31044,-98.95474
31045,-97.97533
31046,-96.887
31047,-95.62638
31048,-94.1491
31049,-92.52249
31050,-90.96481
31051,-89.7002
31052,-88.94553
31053,-88.890884
31054,-89.57085
31055,-90.80919
31056,-92.42113
31057,-94.23177
31058,-96.07337
31059,-97.82022
31060,-99.4038
31061,-100.75771
31062,-101.81291
31063,-102.51461
31064,-102.89117
31065,-103.083694
31066,-103.23747
31067,-103.49251
31068,-103.985565
31069,-104.835106
31070,-106.134766
31071,-107.97717
31072,-110.45623
31073,-113.665764
31074,-117.699585
31075,-122.65143
31076,-133.61488
31077,-140.68344
31078,-136.75563
31079,-131.83438
31080,-122.881516
31081,-121.3441
31082,-121.75426
31083,-123.644424
31084,-126.54706
31085,-129.9945
31086,-133.51904
31087,-136.65312
31088,-138.96062
31089,-140.18819
31090,-140.32967
31091,-139.38834
31092,-137.35559
31093,-134.25967
31094,-130.34314
31095,-126.138596
31096,-122.18978
31097,-119.02628
31098,-117.11765
31099,-116.58447
31100,-117.0753
31101,-118.22059
31102,-119.67337
31103,-121.095314
31104,-122.19825
31105,-122.76197
31106,-122.56889
31107,-121.39821
31108,-119.092804
31109,-115.86576
31110,-112.43128
31111,-109.52236
31112,-107.84795
31113,-108.01621
31114,-110.050125
31115,-113.179535
31116,-116.603294
31117,-119.55791
31118,-121.35456
31119,-121.73663
31120,-121.03266
31121,-119.59344
31122,-117.74086
31123,-115.79533
31124,-114.0756
31125,-112.899445
31126,-112.58456
31127,-113.44893
31128,-113.2403
31129,-109.75136
31130,-107.93284
31131,-106.74702
31132,-106.035416
31133,-105.64002
31134,-105.40356
31135,-105.16909
31136,-104.780235
31137,-104.08089
31138,-102.955574
31139,-101.52336
31140,-100.21999
31141,-99.49189
31142,-99.76851
31143,-101.404884
31144,-104.32645
31145,-107.87682
31146,-111.37706
31147,-114.17694
31148,-115.70572
31149,-115.84969
31150,-115.113464
31151,-114.02588
31152,-113.086525
31153,-112.7387
31154,-113.09606
31155,-113.825806
31156,-114.5781
31157,-115.02468
31158,-114.87231
31159,-114.030754
31160,-112.68472
31161,-111.02932
31162,-109.2464
31163,-107.51129
31164,-105.96205
31165,-104.68652
31166,-103.770424
31167,-103.30172
31168,-103.35057
31169,-103.88409
31170,-104.72985
31171,-105.709885
31172,-106.6527
31173,-107.38659
31174,-107.73966
31175,-107.53993
31176,-106.61533
31177,-104.793594
31178,-103.566895
31179,-105.428795
31180,-108.80174
31181,-113.233505
31182,-118.19451
31183,-123.15338
31184,-127.57545
31185,-130.92249
31186,-132.65454
31187,-132.23114
31188,-129.23282
31189,-123.94229
31190,-122.5931
31191,-116.45677
31192,-106.7602
31193,-104.56001
31194,-104.92088
31195,-106.56349
31196,-108.15711
31197,-108.43574
31198,-106.29409
31199,-101.555626
31200,-100.300385
31201,-93.65603
31202,-87.68877
31203,-78.3471
31204,-75.904625
31205,-74.72223
31206,-74.12446
31207,-73.47832
31208,-72.21779
31209,-70.16953
31210,-67.69256
31211,-65.167206
31212,-62.948235
31213,-61.350647
31214,-60.460342
31215,-60.05248
31216,-59.88852
31217,-59.743984
31218,-59.411793
31219,-58.787647
31220,-57.906956
31221,-56.81109
31222,-55.534637
31223,-54.112026
31224,-52.57748
31225,-50.965027
31226,-49.308525
31227,-47.64166
31228,-47.804543
31229,-51.23252
31230,-53.86467
31231,-56.38908
31232,-58.816105
31233,-61.15593
31234,-63.418682
31235,-65.61438
31236,-67.753
31237,-69.8444
31238,-71.8801
31239,-73.745155
31240,-75.18002
31241,-75.91907
31242,-75.70369
31243,-74.32402
31244,-71.85199
31245,-68.74087
31246,-65.45893
31247,-62.455814
31248,-60.144615
31249,-58.728134
31250,-58.124138
31251,-58.238327
31252,-58.989647
31253,-60.288036
31254,-61.991817
31255,-63.889004
31256,-65.76409
31257,-67.40443
31258,-68.61843
31259,-69.33764
31260,-69.660645
31261,-69.69329
31262,-69.5337
31263,-69.26608
31264,-68.893616
31265,-68.30954
31266,-67.40256
31267,-66.06679
31268,-64.215935
31269,-61.876392
31270,-59.226963
31271,-56.45196
31272,-53.72799
31273,-51.231476
31274,-49.139008
31275,-47.627544
31276,-46.874737
31277,-47.059093
31278,-48.907944
31279,-52.157475
31280,-54.1311
31281,-55.439377
31282,-56.184296
31283,-56.467785
31284,-56.3917
31285,-56.057915
31286,-55.568287
31287,-55.02471
31288,-54.527058
31289,-54.16358
31290,-54.006603
31291,-54.12783
31292,-54.599762
31293,-55.484776
31294,-56.786446
31295,-58.428192
31296,-60.329704
31297,-62.414192
31298,-64.593185
31299,-66.710495
31300,-68.51788
31301,-69.76313
31302,-70.19854
31303,-69.62791
31304,-68.15364
31305,-66.2825
31306,-64.53751
31307,-63.42236
31308,-63.394604
31309,-64.6435
31310,-66.99339
31311,-70.25244
31312,-74.24521
31313,-78.78637
31314,-83.63501
31315,-88.47524
31316,-92.988075
31317,-96.858406
31318,-99.81805
31319,-101.87006
31320,-103.38481
31321,-104.746864
31322,-106.32312
31323,-108.480354
31324,-111.5854
31325,-116.005104
31326,-127.10619
31327,-135.25507
31328,-140.1897
31329,-131.17508
31330,-128.05666
31331,-124.49865
31332,-120.73137
31333,-116.98503
31334,-113.48982
31335,-110.4758
31336,-108.17305
31337,-106.81164
31338,-106.57267
31339,-107.35228
31340,-108.66009
31341,-109.98935
31342,-110.85028
31343,-110.812164
31344,-109.79076
31345,-108.1714
31346,-106.35794
31347,-104.73217
31348,-103.63408
31349,-103.15753
31350,-103.06305
31351,-103.09862
31352,-103.02884
31353,-102.652306
31354,-101.96379
31355,-101.223404
31356,-100.70167
31357,-100.65638
31358,-101.30157
31359,-102.59574
31360,-104.15127
31361,-105.567
31362,-106.45843
31363,-106.493385
31364,-105.64331
31365,-104.290504
31366,-102.83309
31367,-101.649414
31368,-101.07795
31369,-101.22607
31370,-101.887375
31371,-102.841675
31372,-103.8825
31373,-104.802986
31374,-105.39618
31375,-105.455696
31376,-104.77574
31377,-103.15135
31378,-101.99318
31379,-102.93433
31380,-103.26698
31381,-103.41048
31382,-103.34638
31383,-103.05645
31384,-102.52156
31385,-101.72014
31386,-100.62817
31387,-99.220245
31388,-97.49857
31389,-95.62689
31390,-93.98794
31391,-92.97412
31392,-92.96891
31393,-94.27926
31394,-96.75999
31395,-99.652245
31396,-102.17318
31397,-103.5699
31398,-103.17809
31399,-100.84263
31400,-97.097336
31401,-92.50258
31402,-87.58543
31403,-82.83875
31404,-78.55899
31405,-74.77731
31406,-71.51443
31407,-68.80363
31408,-66.671616
31409,-65.107834
31410,-64.051094
31411,-63.43788
31412,-63.20675
31413,-63.284557
31414,-63.531635
31415,-63.71813
31416,-63.609962
31417,-62.9771
31418,-61.62157
31419,-59.53197
31420,-56.949745
31421,-54.126682
31422,-51.302208
31423,-48.715324
31424,-46.604744
31425,-45.209232
31426,-44.767815
31427,-45.5202
31428,-43.462765
31429,-40.871696
31430,-32.836132
31431,-32.040493
31432,-33.00046
31433,-35.227665
31434,-38.22944
31435,-41.509956
31436,-44.571426
31437,-46.914707
31438,-48.109394
31439,-48.12877
31440,-47.494663
31441,-46.75408
31442,-46.42858
31443,-46.969135
31444,-48.41304
31445,-50.2335
31446,-51.876507
31447,-52.814022
31448,-52.595154
31449,-51.212337
31450,-49.25878
31451,-47.354057
31452,-46.089478
31453,-45.97478
31454,-47.043747
31455,-48.68092
31456,-50.23866
31457,-51.098186
31458,-50.71651
31459,-48.98922
31460,-46.40643
31461,-43.484158
31462,-40.709816
31463,-38.531357
31464,-37.172085
31465,-36.550243
31466,-36.569527
31467,-37.14724
31468,-38.19155
31469,-39.55859
31470,-41.033756
31471,-42.398552
31472,-43.43752
31473,-43.93536
31474,-43.677086
31475,-42.448124
31476,-40.03465
31477,-36.223896
31478,-32.299503
31479,-30.96875
31480,-31.774103
31481,-34.198143
31482,-37.821995
31483,-42.222813
31484,-46.975254
31485,-51.653084
31486,-55.830296
31487,-59.08193
31488,-61.035007
31489,-61.61363
31490,-61.14435
31491,-59.971035
31492,-58.418114
31493,-56.795734
31494,-55.333565
31495,-54.152252
31496,-53.366974
31497,-53.096096
31498,-53.446297
31499,-54.465965
31500,-56.125336
31501,-58.391346
31502,-61.235172
31503,-64.600395
31504,-68.26623
31505,-71.787926
31506,-74.71168
31507,-76.59552
31508,-77.0651
31509,-76.13218
31510,-74.330986
31511,-72.21674
31512,-70.31895
31513,-69.104256
31514,-68.68386
31515,-68.68823
31516,-68.72747
31517,-68.434456
31518,-67.48541
31519,-65.80514
31520,-63.654926
31521,-61.310825
31522,-59.033657
31523,-57.084816
31524,-55.72627
31525,-55.220753
31526,-55.831905
31527,-57.82447
31528,-59.863495
31529,-59.92475
31530,-59.89287
31531,-59.538193
31532,-58.893112
31533,-57.989918
31534,-56.86075
31535,-55.53754
31536,-54.05208
31537,-52.435898
31538,-50.720856
31539,-48.941578
31540,-47.136528
31541,-45.34414
31542,-43.60243
31543,-41.957565
31544,-40.50428
31545,-39.40338
31546,-38.81875
31547,-38.91137
31548,-39.79985
31549,-41.354847
31550,-43.108215
31551,-44.5739
31552,-45.28092
31553,-44.82121
31554,-43.15023
31555,-40.716343
31556,-37.989853
31557,-35.41733
31558,-33.402233
31559,-32.101376
31560,-31.33629
31561,-30.911726
31562,-30.646992
31563,-30.381443
31564,-30.072554
31565,-29.839169
31566,-29.8085
31567,-30.100754
31568,-30.818829
31569,-31.96476
31570,-33.40243
31571,-34.988083
31572,-36.583908
31573,-38.05199
31574,-39.254486
31575,-40.053654
31576,-40.311974
31577,-39.892143
31578,-38.8072
31579,-37.96675
31580,-38.529804
31581,-39.9188
31582,-41.85289
31583,-44.050156
31584,-46.227863
31585,-48.102985
31586,-49.39256
31587,-49.814087
31588,-49.13528
31589,-47.412666
31590,-45.094204
31591,-42.64499
31592,-40.511307
31593,-39.102333
31594,-38.612053
31595,-38.941643
31596,-39.978184
31597,-41.621807
31598,-43.757893
31599,-46.187645
31600,-48.59755
31601,-50.66828
31602,-52.086018
31603,-52.577187
31604,-52.100174
31605,-50.92793
31606,-49.347404
31607,-47.630505
31608,-46.02876
31609,-44.67696
31610,-43.551407
31611,-42.621174
31612,-41.862576
31613,-41.261864
31614,-40.863068
31615,-40.788994
31616,-41.166283
31617,-42.118275
31618,-43.749302
31619,-46.051945
31620,-48.866116
31621,-52.023785
31622,-55.363564
31623,-58.723972
31624,-61.943604
31625,-64.86117
31626,-67.315575
31627,-69.14588
31628,-70.71764
31629,-72.36032
31630,-73.007065
31631,-73.043846
31632,-72.62856
31633,-71.915985
31634,-71.06002
31635,-70.21551
31636,-69.539314
31637,-69.19085
31638,-69.30107
31639,-69.821594
31640,-70.459366
31641,-70.913086
31642,-70.89516
31643,-70.13636
31644,-68.46515
31645,-65.84162
31646,-62.232433
31647,-57.599056
31648,-56.96138
31649,-50.673435
31650,-44.539505
31651,-39.379574
31652,-30.991028
31653,-30.058365
31654,-31.598433
31655,-34.71006
31656,-38.436726
31657,-41.856754
31658,-44.136223
31659,-44.960136
31660,-44.7192
31661,-43.83803
31662,-42.70779
31663,-41.695957
31664,-41.03789
31665,-40.789856
31666,-40.999348
31667,-41.72184
31668,-42.98466
31669,-44.65236
31670,-46.367363
31671,-47.760166
31672,-48.470932
31673,-48.14009
31674,-46.40883
31675,-42.919086
31676,-42.31394
31677,-34.23975
31678,-26.209478
31679,-17.244877
31680,-14.554508
31681,-13.182928
31682,-12.876809
31683,-13.380064
31684,-14.431203
31685,-15.763565
31686,-17.107857
31687,-18.194574
31688,-18.782297
31689,-18.786293
31690,-18.3357
31691,-17.57456
31692,-16.640022
31693,-15.654212
31694,-14.641953
31695,-13.494013
31696,-12.093845
31697,-10.331158
31698,-8.115513
31699,-5.469394
31700,-2.5687394
31701,0.4013215
31702,3.2621992
31703,-655.9039
31704,-602.5939
31705,-559.821
31706,-526.8237
31707,-503.0075
31708,-487.68945
31709,-478.83557
31710,-472.31613
31711,-463.65134
31712,-448.5185
31713,-423.38885
31714,-387.99197
31715,-346.30518
31716,-302.7836
31717,-261.20486
31718,-224.37515
31719,-193.30476
31720,-167.1292
31721,-144.7777
31722,-125.344734
31723,-108.06053
31724,-92.27035
31725,-77.424
31726,-63.068996
31727,-48.85371
31728,-48.944233
31729,-74.707756
31730,-87.674484
31731,-88.955505
31732,-81.00563
31733,-67.09122
31734,-50.53723
31735,-34.22886
31736,-20.368969
31737,-10.488368
31738,-5.544931
31739,-5.6064
31740,-9.752825
31741,-17.068718
31742,-26.633442
31743,-37.337185
31744,-47.99053
31745,-57.511047
31746,-64.761604
31747,-68.56574
31748,-67.940025
31749,-62.785168
31750,-54.21533
31751,-43.611378
31752,-32.26288
31753,-21.35254
31754,-12.238714
31755,-6.557685
31756,-5.879676
31757,-12.179786
31758,-28.382166
31759,-56.945347
31760,-96.799995
31761,-143.47903
31762,-188.96358
31763,-222.86923
31764,-237.77144
31765,-233.63365
31766,-213.60686
31767,-181.97874
31768,-143.5945
31769,-103.807175
31770,-67.86837
31771,-39.322765
31772,-19.91681
31773,-10.385192
31774,-11.817231
31775,-27.606436
31776,-65.977684
31777,-148.08812
31778,-239.46382
31779,-260.8744
31780,-267.3401
31781,-256.63312
31782,-233.35149
31783,-202.51877
31784,-168.8865
31785,-136.47838
31786,-108.37793
31787,-86.75911
31788,-72.959656
31789,-67.03578
31790,-67.77021
31791,-74.12763
31792,-85.39432
31793,-100.89291
31794,-119.46136
31795,-139.00705
31796,-156.80556
31797,-169.70496
31798,-174.7094
31799,-170.97339
31800,-160.9169
31801,-147.6815
31802,-134.19574
31803,-122.8989
31804,-115.09038
31805,-110.740234
31806,-109.639336
31807,-111.68211
31808,-116.89399
31809,-125.617455
31810,-138.66174
31811,-157.11647
31812,-182.35527
31813,-215.7653
31814,-256.80075
31815,-300.95035
31816,-341.49615
31817,-370.42047
31818,-380.12323
31819,-369.12048
31820,-345.03824
31821,-317.2072
31822,-294.00848
31823,-282.84866
31824,-291.01736
31825,-327.44977
31826,-405.38644
31827,-550.93066
31828,-650.8108
31829,-569.7793
31830,-509.5091
31831,-466.09232
31832,-437.77945
31833,-423.3771
31834,-422.24222
31835,-434.275
31836,-459.91263
31837,-500.12097
31838,-555.7638
31839,-624.1276
31840,3.2107186
31841,0.8296376
31842,-0.42034197
31843,-0.111228704
31844,1.7157185
31845,4.3805485
31846,-625.1509
31847,-572.5128
31848,-545.2153
31849,-545.9514
31850,-564.8432
31851,-589.4635
31852,-606.71277
31853,-604.25824
31854,-578.4459
31855,-538.5568
31856,-496.00546
31857,-460.87357
31858,-441.33914
31859,-441.2635
31860,-459.25912
31861,-493.47794
31862,-542.514
31863,-605.02155
31864,3.853945
31865,0.4281107
31866,-3.0595129
31867,-6.469567
31868,-9.671116
31869,-12.57816
31870,-15.166172
31871,-17.415398
31872,-19.304056
31873,-20.810669
31874,-21.913998
31875,-22.59306
31876,-22.827057
31877,-22.595316
31878,-20.269499
31879,-15.427124
31880,-13.101753
31881,-12.100805
31882,-12.14494
31883,-12.952501
31884,-14.239032
31885,-15.7167225
31886,-17.095116
31887,-18.082632
31888,-18.416206
31889,-17.999779
31890,-16.96534
31891,-15.458617
31892,-13.615947
31893,-11.566394
31894,-9.395411
31895,-7.1285863
31896,-4.7879133
31897,-2.397956
31898,0.002391191
31899,2.2907732
31900,4.2305984
31901,-657.3103
31902,-641.8188
31903,-650.0864
31904,4.051297
31905,1.9405367
31906,-0.3455049
31907,-2.3963835
31908,-3.8405905
31909,-4.534152
31910,-4.6458254
31911,-4.3657236
31912,-3.8706582
31913,-3.3289154
31914,-2.8627822
31915,-2.531593
31916,-2.3902879
31917,-2.4962037
31918,-2.9030256
31919,-3.6435442
31920,-4.7216625
31921,-6.139176
31922,-7.898961
31923,-10.00377
31924,-12.456248
31925,-15.258897
31926,-18.414074
31927,-21.923996
31928,-21.541794
31929,-19.63593
31930,-11.825021
31931,-10.813828
31932,-11.149682
31933,-12.375062
31934,-14.027844
31935,-15.642938
31936,-16.75422
31937,-16.896217
31938,-15.682753
31939,-13.179601
31940,-10.06614
31941,-7.0533
31942,-4.8229394
31943,-3.9725966
31944,-4.6070666
31945,-6.1498384
31946,-7.974634
31947,-9.479066
31948,-10.12518
31949,-9.755963
31950,-8.735854
31951,-7.4611316
31952,-6.3050113
31953,-5.6063066
31954,-5.5070343
31955,-5.8789983
31956,-6.5760255
31957,-7.462482
31958,-8.401292
31959,-9.248618
31960,-9.851713
31961,-10.057417
31962,-9.7132845
31963,-8.696129
31964,-7.0508885
31965,-5.051883
31966,-2.986746
31967,-1.1327541
31968,0.25498953
31969,1.048836
31970,1.2961965
31971,1.0566801
31972,0.3840089
31973,-0.66690266
31974,-2.0403028
31975,-3.6800911
31976,-5.5301585
31977,-7.534652
31978,-11.1749
31979,-21.951035
31980,-20.24128
31981,-22.153654
31982,-23.004543
31983,-23.106722
31984,-22.770998
31985,-22.306997
31986,-22.023922
31987,-22.231068
31988,-23.185085
31989,-24.832397
31990,-26.693356
31991,-28.262598
31992,-29.051937
31993,-28.642597
31994,-27.027828
31995,-24.762922
31996,-22.430494
31997,-20.587088
31998,-19.720072
31999,-19.91065
32000,-20.683071
32001,-21.529518
32002,-21.966276
32003,-21.569754
32004,-20.261389
32005,-18.432074
32006,-16.498413
32007,-14.856254
32008,-13.853487
32009,-13.55822
32010,-13.654806
32011,-13.804049
32012,-13.682242
32013,-13.005334
32014,-11.723672
32015,-10.108564
32016,-8.448784
32017,-7.018474
32018,-6.0637426
32019,-5.666682
32020,-5.684035
32021,-5.9586196
32022,-6.342953
32023,-6.690144
32024,-6.8538947
32025,-6.6886325
32026,-6.049399
32027,-4.791927
32028,-3.3113167
32029,-2.4192443
32030,-1.7595702
32031,-1.2609246
32032,-0.8327057
32033,-0.38262534
32034,0.18257461
32035,0.9563467
32036,2.031886
32037,3.5017307
32038,-662.78577
32039,-612.64514
32040,-568.0481
32041,-539.9643
32042,-538.68
32043,-573.7937
32044,-646.0556
32045,1.3415575
32046,-1.9612709
32047,-3.5707238
32048,-2.5650432
32049,1.0861139
32050,-656.63153
32051,-540.5853
32052,-440.18015
32053,-386.427
32054,-375.0473
32055,-391.19128
32056,-418.24164
32057,-438.63596
32058,-435.24115
32059,-402.54727
32060,-352.60648
32061,-299.9376
32062,-256.26318
32063,-229.5656
32064,-221.12895
32065,-224.81702
32066,-233.57265
32067,-240.2924
32068,-238.23521
32069,-224.60568
32070,-202.59982
32071,-176.59967
32072,-150.51448
32073,-127.555145
32074,-110.23899
32075,-100.633675
32076,-100.84334
32077,-113.738205
32078,-110.06296
32079,-61.789032
32080,-30.128168
32081,-9.212853
32082,4.551203
32083,13.65237
32084,19.821299
32085,24.297876
32086,28.01306
32087,31.688427
32088,35.7919
32089,40.246826
32090,44.45975
32091,47.947662
32092,50.48808
32093,52.102264
32094,53.03081
32095,53.596424
32096,54.013996
32097,54.401047
32098,54.772728
32099,55.007435
32100,54.993565
32101,54.829376
32102,54.75272
32103,54.88775
32104,54.950718
32105,54.52014
32106,53.673332
32107,53.083893
32108,53.47341
32109,54.550987
32110,55.06655
32111,54.35591
32112,52.967415
32113,52.24926
32114,52.94846
32115,54.292927
32116,54.933342
32117,53.800583
32118,50.54434
32119,45.46173
32120,38.965935
32121,31.457102
32122,23.341469
32123,15.023139
32124,6.897192
32125,-0.65868753
32126,-7.2914586
32127,-12.682249
32128,5.5181084
32129,38.109318
32130,52.890038
32131,54.46306
32132,53.976936
32133,51.234207
32134,44.224213
32135,32.165493
32136,17.072247
32137,3.855815
32138,-1.5213971
32139,2.9931982
32140,13.089299
32141,23.545462
32142,30.804987
32143,33.08998
32144,29.965212
32145,21.912552
32146,9.519928
32147,-5.7901583
32148,-21.381823
32149,-34.620266
32150,-44.411705
32151,-50.350456
32152,-52.33271
32153,-50.664017
32154,-46.74365
32155,-43.307133
32156,-43.214516
32157,-49.425674
32158,-65.27418
32159,-92.95149
32160,-131.13853
32161,-176.16043
32162,-222.01572
32163,-261.05243
32164,-288.13025
32165,-304.18912
32166,-312.3748
32167,-316.38608
32168,-320.03165
32169,-326.50702
32170,-338.05695
32171,-356.89252
32172,-385.5662
32173,-427.16623
32174,-485.5507
32175,-565.6193
32176,3.8344603
32177,-7.0774217
32178,-6.1448627
32179,-5.4753556
32180,-5.877541
32181,-6.446848
32182,-7.134927
32183,-7.894051
32184,-8.677164
32185,-9.437851
32186,-10.130252
32187,-10.70898
32188,-11.136369
32189,-11.4185915
32190,-11.621869
32191,-11.81608
32192,-12.068686
32193,-12.432882
32194,-12.8771925
32195,-13.254006
32196,-13.408709
32197,-13.192091
32198,-12.478167
32199,-11.273713
32200,-9.766466
32201,-8.154856
32202,-6.6293583
32203,-5.377657
32204,-4.5714226
32205,-4.3607736
32206,-4.89506
32207,-6.325487
32208,-8.75563
32209,-12.005332
32210,-15.500913
32211,-18.63958
32212,-20.83499
32213,-21.574368
32214,-20.761953
32215,-18.868814
32216,-16.395853
32217,-13.81664
32218,-11.564479
32219,-9.848684
32220,-8.573638
32221,-7.6258082
32222,-6.90423
32223,-6.3076444
32224,-5.7345276
32225,-5.083204
32226,-4.251923
32227,-3.1389778
32228,-2.963166
32229,-5.4470134
32230,-8.87229
32231,-13.094853
32232,-17.797512
32233,-22.660664
32234,-27.364462
32235,-31.59009
32236,-35.02035
32237,-37.339134
32238,-38.270046
32239,-37.769386
32240,-36.1108
32241,-33.583355
32242,-30.461596
32243,-27.014132
32244,-23.47299
32245,-20.020552
32246,-16.837807
32247,-14.109226
32248,-11.9926605
32249,-10.4846115
32250,-9.360131
32251,-8.381489
32252,-7.320467
32253,-5.974862
32254,-4.2934494
32255,-2.4312873
32256,-0.5562459
32257,1.1725535
32258,2.6084208
32259,3.676253
32260,4.3993697
32261,4.808083
32262,4.929087
32263,4.8070917
32264,4.5908256
32265,4.5725346
32266,5.055315
32267,-638.0042
32268,-588.22797
32269,-518.59534
32270,-440.434
32271,-364.99713
32272,-300.79135
32273,-253.71046
32274,-228.00624
32275,-228.10059
32276,-261.2438
32277,-341.01077
32278,-450.1408
32279,-508.8497
32280,-568.50684
32281,-622.06555
32282,4.5395985
32283,3.107802
32284,2.1374123
32285,1.64973
32286,1.6660914
32287,2.2078648
32288,3.2669754
32289,4.663901
32290,-647.07666
32291,-626.1525
32292,-625.40674
32293,-653.4526
32294,2.6342561
32295,-0.63891923
32296,-3.8832495
32297,-6.4589067
32298,-7.799254
32299,-7.755994
32300,-6.7521996
32301,-5.246307
32302,-3.6705363
32303,-2.418859
32304,-1.6712246
32305,-1.3145219
32306,-1.2160859
32307,-1.2547508
32308,-1.3163619
32309,-1.3290559
32310,-1.2793783
32311,-1.1579461
32312,-0.95310676
32313,-0.6641325
32314,-0.35415736
32315,-0.17417295
32316,-0.2813808
32317,-0.8297501
32318,-1.9518583
32319,-3.6524014
32320,-5.758773
32321,-8.084953
32322,-10.451402
32323,-12.678486
32324,-14.586775
32325,-15.997256
32326,-16.731499
32327,-16.6118
32328,-14.262378
32329,-10.041215
32330,-9.054845
32331,-9.960295
32332,-12.370693
32333,-15.893094
32334,-20.129297
32335,-24.677864
32336,-29.136393
32337,-33.103104
32338,-36.23737
32339,-38.549255
32340,-40.526295
32341,-42.680714
32342,-45.502956
32343,-49.39461
32344,-54.237514
32345,-59.203114
32346,-63.42696
32347,-66.07831
32348,-66.43219
32349,-64.36616
32350,-60.572258
32351,-55.775436
32352,-55.660076
32353,-45.868782
32354,-41.812664
32355,-38.590775
32356,-36.289093
32357,-35.008617
32358,-34.834057
32359,-35.751694
32360,-37.612915
32361,-40.26152
32362,-43.546574
32363,-47.30524
32364,-51.308365
32365,-55.236633
32366,-58.76648
32367,-61.578815
32368,-63.399376
32369,-64.21117
32370,-64.346085
32371,-64.150856
32372,-63.95558
32373,-64.0901
32374,-64.88437
32375,-66.668655
32376,-69.773834
32377,-74.53134
32378,-73.72558
32379,-67.71404
32380,-59.864834
32381,-60.721485
32382,-64.285286
32383,-69.54944
32384,-80.50003
32385,-86.12021
32386,-85.39364
32387,-87.306244
32388,-86.02521
32389,-81.75866
32390,-81.121216
32391,-75.77961
32392,-67.33016
32393,-67.15799
32394,-70.42286
32395,-75.61492
32396,-86.1464
32397,-85.50431
32398,-87.34246
32399,-86.27885
32400,-83.23508
32401,-79.18369
32402,-75.033356
32403,-71.625275
32404,-69.41673
32405,-68.34557
32406,-68.32779
32407,-69.301
32408,-71.177124
32409,-73.73523
32410,-76.57586
32411,-79.292114
32412,-81.48652
32413,-82.81133
32414,-83.19969
32415,-82.964836
32416,-82.436615
32417,-81.927925
32418,-81.720535
32419,-81.90966
32420,-82.3372
32421,-82.83547
32422,-83.24935
32423,-83.42412
32424,-83.20539
32425,-82.43915
32426,-80.97154
32427,-78.64906
32428,-77.0836
32429,-78.03732
32430,-78.40831
32431,-78.6323
32432,-78.651436
32433,-78.40773
32434,-77.842964
32435,-76.898865
32436,-75.51688
32437,-73.63844
32438,-71.22742
32439,-68.37943
32440,-65.368546
32441,-62.475548
32442,-59.97248
32443,-58.100197
32444,-56.919456
32445,-56.24669
32446,-55.887497
32447,-55.658455
32448,-55.392864
32449,-55.02275
32450,-54.614376
32451,-54.239883
32452,-53.96505
32453,-53.852303
32454,-53.945126
32455,-54.261223
32456,-54.817116
32457,-55.63039
32458,-56.702526
32459,-57.941685
32460,-59.129078
32461,-60.040066
32462,-60.455902
32463,-60.19778
32464,-59.3184
32465,-58.184433
32466,-57.17592
32467,-56.658066
32468,-56.950737
32469,-58.109333
32470,-59.829334
32471,-61.789593
32472,-63.685226
32473,-65.211235
32474,-66.062775
32475,-65.935425
32476,-64.52524
32477,-61.529133
32478,-64.25027
32479,-83.183205
32480,-90.87605
32481,-95.74028
32482,-93.14612
32483,-93.45836
32484,-92.039345
32485,-89.25033
32486,-85.45202
32487,-81.00473
32488,-76.2793
32489,-71.70937
32490,-67.813805
32491,-65.11468
32492,-64.13066
32493,-65.276085
32494,-68.350105
32495,-72.3129
32496,-76.08524
32497,-78.62636
32498,-79.032455
32499,-77.190956
32500,-74.059235
32501,-70.63663
32502,-67.87005
32503,-66.599594
32504,-67.04811
32505,-68.600586
32506,-70.60553
32507,-72.449615
32508,-73.58446
32509,-73.842125
32510,-73.570435
32511,-73.13865
32512,-72.89158
32513,-73.136955
32514,-73.967995
32515,-75.18676
32516,-76.582985
32517,-77.959854
32518,-79.1371
32519,-80.0345
32520,-80.708374
32521,-81.219444
32522,-81.62147
32523,-81.968636
32524,-82.31611
32525,-82.72022
32526,-83.238594
32527,-83.93017
32528,-83.53434
32529,-81.23706
32530,-80.26896
32531,-79.90275
32532,-80.00977
32533,-80.46186
32534,-81.131165
32535,-81.89023
32536,-82.61179
32537,-83.168846
32538,-83.44684
32539,-83.40352
32540,-83.09419
32541,-82.57825
32542,-81.910286
32543,-81.13821
32544,-80.27155
32545,-79.26782
32546,-78.0823
32547,-76.67258
32548,-75.00635
32549,-73.11058
32550,-71.092545
32551,-69.062645
32552,-67.12719
32553,-65.388084
32554,-63.922302
32555,-62.773197
32556,-61.982533
32557,-61.593597
32558,-61.63984
32559,-62.09823
32560,-62.869038
32561,-63.848957
32562,-64.93807
32563,-66.04536
32564,-67.1326
32565,-68.2333
32566,-69.38395
32567,-70.61767
32568,-71.964516
32569,-73.4376
32570,-75.02699
32571,-76.7218
32572,-78.51203
32573,-80.387695
32574,-82.33877
32575,-84.35513
32576,-86.42663
32577,-88.54312
32578,-92.085304
32579,-96.86977
32580,-97.75345
32581,-96.5188
32582,-93.83354
32583,-90.36424
32584,-86.77658
32585,-83.735756
32586,-81.90662
32587,-81.95465
32588,-84.41502
32589,-89.059074
32590,-99.61917
32591,-104.78303
32592,-103.28773
32593,-104.04707
32594,-101.993576
32595,-98.43758
32596,-94.74159
32597,-92.200966
32598,-91.939316
32599,-94.083885
32600,-97.410805
32601,-100.64117
32602,-102.55981
32603,-102.107216
32604,-99.12574
32605,-94.67782
32606,-89.87223
32607,-85.7581
32608,-83.26568
32609,-82.63907
32610,-83.19328
32611,-84.20583
32612,-84.9976
32613,-84.97169
32614,-84.01097
32615,-82.64839
32616,-81.44259
32617,-80.921196
32618,-81.55225
32619,-83.45645
32620,-86.283066
32621,-89.661705
32622,-93.24389
32623,-96.68108
32624,-99.62484
32625,-101.72692
32626,-102.63937
32627,-102.01448
32628,-101.79703
32629,-103.81666
32630,-103.556145
32631,-102.18175
32632,-100.012924
32633,-97.36886
32634,-94.56862
32635,-91.931145
32636,-89.77522
32637,-88.41975
32638,-88.12996
32639,-88.85869
32640,-90.135216
32641,-91.47158
32642,-92.39977
32643,-92.51566
32644,-91.786415
32645,-90.681694
32646,-89.69098
32647,-89.279526
32648,-89.85068
32649,-91.447014
32650,-93.62173
32651,-95.908356
32652,-97.86344
32653,-99.086525
32654,-99.426384
32655,-99.06942
32656,-98.21521
32657,-97.047066
32658,-95.7523
32659,-94.541115
32660,-93.654976
32661,-93.33658
32662,-93.82718
32663,-95.324265
32664,-97.76975
32665,-100.75915
32666,-103.87385
32667,-106.7118
32668,-108.90622
32669,-110.29494
32670,-110.99264
32671,-111.12476
32672,-110.80349
32673,-110.14087
32674,-109.24898
32675,-108.23993
32676,-107.22575
32677,-106.318474
32678,-106.7786
32679,-109.58375
32680,-112.13225
32681,-114.769104
32682,-117.41168
32683,-119.97735
32684,-122.383514
32685,-124.54758
32686,-126.386894
32687,-127.818985
32688,-128.77904
32689,-129.3062
32690,-129.58006
32691,-129.78557
32692,-130.101
32693,-130.68074
32694,-131.54105
32695,-132.51112
32696,-133.41304
32697,-134.0778
32698,-134.3574
32699,-134.22552
32700,-133.8207
32701,-133.28777
32702,-132.76366
32703,-132.37839
32704,-132.22185
32705,-132.32971
32706,-132.73547
32707,-133.47531
32708,-134.5612
32709,-135.86464
32710,-137.06682
32711,-137.84174
32712,-137.8725
32713,-136.89034
32714,-134.90604
32715,-132.30908
32716,-129.50343
32717,-126.87495
32718,-124.77361
32719,-123.341255
32720,-122.43805
32721,-121.91338
32722,-121.63018
32723,-121.45133
32724,-121.239815
32725,-120.85855
32726,-120.170425
32727,-119.03839
32728,-119.112625
32729,-121.938934
32730,-123.9313
32731,-125.654015
32732,-127.06929
32733,-128.13927
32734,-128.82619
32735,-129.09225
32736,-128.89961
32737,-128.21045
32738,-127.025475
32739,-125.569
32740,-124.36817
32741,-123.961655
32742,-124.87362
32743,-127.53499
32744,-131.8347
32745,-136.92795
32746,-141.94188
32747,-146.03925
32748,-148.47104
32749,-148.99931
32750,-148.07799
32751,-146.18758
32752,-143.7756
32753,-141.26994
32754,-138.98314
32755,-137.07152
32756,-135.6854
32757,-134.98251
32758,-135.10017
32759,-136.05676
32760,-137.70969
32761,-139.91028
32762,-142.51747
32763,-145.37918
32764,-148.27875
32765,-150.91208
32766,-152.97171
32767,-154.15442
32768,-154.20404
32769,-153.13814
32770,-151.34534
32771,-149.22859
32772,-147.17337
32773,-145.56502
32774,-144.78893
32775,-145.23036
32776,-147.2745
32777,-151.30617
32778,-154.47264
32779,-153.13684
32780,-152.13828
32781,-150.88277
32782,-149.50812
32783,-148.15244
32784,-146.95428
32785,-146.05272
32786,-145.58748
32787,-145.69896
32788,-146.50444
32789,-147.98492
32790,-149.93636
32791,-152.14809
32792,-154.41873
32793,-156.54576
32794,-158.31871
32795,-159.51607
32796,-159.91605
32797,-159.29741
32798,-157.51122
32799,-154.82906
32800,-152.09239
32801,-150.16513
32802,-149.88362
32803,-151.93938
32804,-156.18329
32805,-161.32893
32806,-166.04698
32807,-169.0631
32808,-169.27835
32809,-166.61446
32810,-162.37717
32811,-157.92804
32812,-154.56328
32813,-153.4366
32814,-154.87411
32815,-158.08209
32816,-162.22382
32817,-166.5166
32818,-170.23026
32819,-172.93777
32820,-174.62215
32821,-175.28217
32822,-174.89688
32823,-173.44527
32824,-170.90625
32825,-167.25864
32826,-162.4813
32827,-161.55309
32828,-156.10184
32829,-148.75949
32830,-148.1615
32831,-149.0909
32832,-151.24365
32833,-154.31511
32834,-158.0014
32835,-162.00044
32836,-166.01247
32837,-169.74025
32838,-172.88301
32839,-175.10754
32840,-176.03574
32841,-175.28912
32842,-172.49252
32843,-167.36241
32844,-165.14307
32845,-156.79474
32846,-148.30779
32847,-140.63892
32848,-134.64293
32849,-125.585
32850,-122.93313
32851,-121.12522
32852,-119.63757
32853,-117.98762
32854,-115.93168
32855,-113.54952
32856,-110.93294
32857,-108.158005
32858,-105.31419
32859,-102.57141
32860,-100.20826
32861,-98.507225
32862,-97.745224
32863,-98.13887
32864,-99.55516
32865,-101.387085
32866,-103.00853
32867,-103.815544
32868,-103.27854
32869,-101.29989
32870,-98.366745
32871,-94.988464
32872,-91.64581
32873,-88.81913
32874,-86.98837
32875,-86.63361
32876,-88.23555
32877,-92.27558
32878,-102.78036
32879,-101.51749
32880,-102.532875
32881,-101.61555
32882,-99.163635
32883,-95.57453
32884,-91.24529
32885,-86.57259
32886,-81.95262
32887,-77.7811
32888,-74.41715
32889,-72.00863
32890,-70.41761
32891,-69.49472
32892,-69.10402
32893,-69.100525
32894,-69.28717
32895,-69.39636
32896,-69.15748
32897,-68.30331
32898,-66.61947
32899,-64.198074
32900,-61.546127
32901,-59.187332
32902,-57.62573
32903,-57.306442
32904,-58.330692
32905,-60.33148
32906,-62.920143
32907,-65.72882
32908,-68.40788
32909,-70.71597
32910,-72.559006
32911,-73.84957
32912,-74.493355
32913,-74.41957
32914,-73.693054
32915,-72.56235
32916,-71.28353
32917,-70.10372
32918,-69.24696
32919,-68.802635
32920,-68.677475
32921,-68.77065
32922,-68.98984
32923,-69.242714
32924,-69.43692
32925,-69.48019
32926,-69.280205
32927,-68.744774
32928,-64.72844
32929,-61.584328
32930,-54.130104
32931,-54.768227
32932,-57.83882
32933,-62.67669
32934,-73.611336
32935,-79.969124
32936,-86.07584
32937,-91.258224
32938,-89.93207
32939,-92.02349
32940,-93.14902
32941,-93.95246
32942,-95.044075
32943,-96.9469
32944,-99.6771
32945,-102.56395
32946,-104.909386
32947,-106.04828
32948,-105.40673
32949,-102.93914
32950,-99.31481
32951,-95.23026
32952,-91.34728
32953,-88.270325
32954,-86.2734
32955,-85.183365
32956,-84.80977
32957,-84.983345
32958,-85.54899
32959,-86.43449
32960,-87.67997
32961,-89.33011
32962,-91.42423
32963,-93.980255
32964,-96.89157
32965,-99.88256
32966,-102.670944
32967,-104.98253
32968,-106.57865
32969,-107.42678
32970,-107.773384
32971,-107.87565
32972,-107.977394
32973,-108.32235
32974,-109.15437
32975,-110.71722
32976,-113.254814
32977,-117.011086
32978,-121.886765
32979,-126.57707
32980,-129.75829
32981,-131.97418
32982,-133.42535
32983,-134.31218
32984,-134.835
32985,-135.19427
32986,-135.59036
32987,-136.22368
32988,-137.25848
32989,-138.64906
32990,-140.06557
32991,-141.1672
32992,-141.62689
32993,-141.17139
32994,-139.84029
32995,-138.09694
32996,-136.42102
32997,-135.2719
32998,-135.04451
32999,-135.76
33000,-136.93315
33001,-138.05952
33002,-138.659
33003,-138.3164
33004,-136.99428
33005,-135.16661
33006,-133.32698
33007,-131.9445
33008,-131.43243
33009,-131.88008
33010,-132.938
33011,-134.24008
33012,-135.44127
33013,-136.24088
33014,-136.5962
33015,-136.81374
33016,-137.21327
33017,-138.09789
33018,-139.72136
33019,-142.05116
33020,-144.66725
33021,-147.1348
33022,-149.03766
33023,-149.95963
33024,-149.48444
33025,-147.19562
33026,-142.67648
33027,-140.51025
33028,-134.61275
33029,-129.41159
33030,-127.647385
33031,-125.69051
33032,-123.68987
33033,-121.79427
33034,-120.152534
33035,-118.91353
33036,-118.226006
33037,-118.23885
33038,-119.07379
33039,-120.695076
33040,-122.85364
33041,-125.29217
33042,-127.76361
33043,-130.03488
33044,-131.95389
33045,-133.4781
33046,-134.56924
33047,-135.18376
33048,-135.29698
33049,-134.99475
33050,-134.51208
33051,-134.08992
33052,-133.96188
33053,-134.33325
33054,-135.24452
33055,-136.51295
33056,-137.94727
33057,-139.36696
33058,-140.605
33059,-141.57298
33060,-142.28885
33061,-142.77466
33062,-143.04729
33063,-143.12952
33064,-143.078
33065,-142.99535
33066,-142.98581
33067,-143.1516
33068,-143.58447
33069,-144.31636
33070,-145.29794
33071,-146.4769
33072,-147.80473
33073,-149.23296
33074,-150.71315
33075,-152.1968
33076,-153.63539
33077,-154.98056
33078,-157.22752
33079,-160.39674
33080,-160.92982
33081,-159.97745
33082,-157.93524
33083,-155.1992
33084,-152.1655
33085,-149.23047
33086,-146.79042
33087,-145.24156
33088,-144.91953
33089,-145.80806
33090,-147.41464
33091,-149.2287
33092,-150.7624
33093,-151.59167
33094,-151.66148
33095,-151.41672
33096,-151.32161
33097,-151.8165
33098,-153.27002
33099,-155.63481
33100,-158.30038
33101,-160.6348
33102,-162.033
33103,-161.97581
33104,-160.44273
33105,-158.08897
33106,-155.59659
33107,-153.61546
33108,-152.73666
33109,-153.20912
33110,-154.81874
33111,-157.3336
33112,-160.54396
33113,-164.2354
33114,-168.16624
33115,-172.0577
33116,-175.62961
33117,-178.60367
33118,-180.73921
33119,-182.01486
33120,-182.70634
33121,-183.1012
33122,-183.473
33123,-184.09534
33124,-185.24171
33125,-187.18567
33126,-190.20055
33127,-194.55946
33128,-197.196
33129,-194.44049
33130,-191.61516
33131,-188.13907
33132,-184.22748
33133,-180.0957
33134,-175.9591
33135,-172.03308
33136,-168.53302
33137,-165.67413
33138,-163.6372
33139,-162.40312
33140,-161.68188
33141,-161.173
33142,-160.58894
33143,-159.67455
33144,-158.3621
33145,-156.83807
33146,-155.29886
33147,-153.9286
33148,-152.8921
33149,-152.2409
33150,-151.87329
33151,-151.6816
33152,-151.56552
33153,-151.44017
33154,-151.31021
33155,-151.3016
33156,-151.54501
33157,-152.16522
33158,-153.26675
33159,-154.83589
33160,-156.69894
33161,-158.6761
33162,-160.59528
33163,-162.29106
33164,-163.63733
33165,-164.56096
33166,-164.99095
33167,-164.85367
33168,-164.09848
33169,-162.80861
33170,-161.24866
33171,-159.69037
33172,-158.3968
33173,-157.6311
33174,-157.65625
33175,-158.73521
33176,-161.13084
33177,-165.1057
33178,-168.3871
33179,-168.36641
33180,-169.23381
33181,-170.19983
33182,-171.17624
33183,-172.0748
33184,-172.80727
33185,-173.28546
33186,-173.42105
33187,-173.12584
33188,-172.35301
33189,-171.2974
33190,-170.48102
33191,-170.43884
33192,-171.69019
33193,-174.65631
33194,-179.19017
33195,-184.37589
33196,-189.2682
33197,-192.95901
33198,-194.64264
33199,-194.10956
33200,-191.95901
33201,-188.82375
33202,-185.29892
33203,-181.94606
33204,-179.12848
33205,-176.94055
33206,-175.46556
33207,-174.79959
33208,-175.00743
33209,-175.97319
33210,-177.33604
33211,-178.72559
33212,-179.78317
33213,-180.18837
33214,-179.84268
33215,-178.94855
33216,-177.72041
33217,-176.35852
33218,-175.05144
33219,-173.91946
33220,-172.99055
33221,-172.28883
33222,-171.84302
33223,-171.6816
33224,-171.83319
33225,-172.32637
33226,-173.18976
33227,-174.45189
33228,-177.14885
33229,-181.48488
33230,-184.16815
33231,-185.977
33232,-187.05318
33233,-187.53839
33234,-187.57458
33235,-187.30365
33236,-186.86754
33237,-186.40833
33238,-186.0432
33239,-185.74507
33240,-185.29132
33241,-184.45137
33242,-183.00397
33243,-180.77797
33244,-177.89462
33245,-174.87149
33246,-172.24243
33247,-170.52234
33248,-170.1479
33249,-171.10165
33250,-172.75153
33251,-174.4414
33252,-175.54483
33253,-175.50496
33254,-174.17027
33255,-171.93852
33256,-169.22948
33257,-166.43694
33258,-163.922
33259,-161.85448
33260,-160.14516
33261,-158.69455
33262,-157.41563
33263,-156.22998
33264,-155.10944
33265,-154.0939
33266,-153.22592
33267,-152.5448
33268,-152.08578
33269,-151.86041
33270,-151.84831
33271,-152.0278
33272,-152.3788
33273,-152.88115
33274,-153.51474
33275,-154.25948
33276,-155.09525
33277,-156.00192
33278,-155.81467
33279,-154.07582
33280,-154.0962
33281,-155.0569
33282,-156.77982
33283,-159.0867
33284,-161.79956
33285,-164.74036
33286,-167.73105
33287,-170.5938
33288,-173.16614
33289,-175.37611
33290,-177.27386
33291,-178.91454
33292,-180.34724
33293,-181.61166
33294,-182.69151
33295,-183.49477
33296,-183.92647
33297,-183.89517
33298,-183.32567
33299,-182.23686
33300,-180.77539
33301,-179.09311
33302,-177.33583
33303,-175.64703
33304,-174.15675
33305,-172.97653
33306,-172.21738
33307,-171.9909
33308,-172.37714
33309,-173.27129
33310,-174.31854
33311,-175.15433
33312,-175.42593
33313,-174.83046
33314,-173.35454
33315,-171.37737
33316,-169.2938
33317,-167.48018
33318,-166.27705
33319,-165.81679
33320,-165.94983
33321,-166.51564
33322,-167.36713
33323,-168.35718
33324,-169.33884
33325,-170.16507
33326,-170.68886
33327,-170.76312
33328,-170.90465
33329,-171.76894
33330,-172.30278
33331,-172.70248
33332,-172.98833
33333,-173.18048
33334,-173.2992
33335,-173.36469
33336,-173.39722
33337,-173.41696
33338,-173.44179
33339,-173.47534
33340,-173.50221
33341,-173.50623
33342,-173.47212
33343,-173.38405
33344,-173.22282
33345,-172.96472
33346,-172.58586
33347,-172.06253
33348,-171.38249
33349,-170.60017
33350,-169.86029
33351,-169.31114
33352,-169.09666
33353,-169.33891
33354,-170.03271
33355,-171.0004
33356,-172.0577
33357,-173.02846
33358,-173.74805
33359,-174.1184
33360,-174.1315
33361,-173.78294
33362,-173.064
33363,-171.97568
33364,-170.57552
33365,-168.99776
33366,-167.37965
33367,-165.85486
33368,-164.54971
33369,-163.54799
33370,-162.87602
33371,-162.55777
33372,-162.62001
33373,-163.08945
33374,-163.99283
33375,-165.35686
33376,-167.2083
33377,-169.57378
33378,-170.37656
33379,-168.13977
33380,-167.76588
33381,-168.14055
33382,-169.05284
33383,-170.29184
33384,-171.64668
33385,-172.90666
33386,-173.86096
33387,-174.29883
33388,-174.0527
33389,-173.20691
33390,-172.187
33391,-171.43219
33392,-171.3655
33393,-172.34613
33394,-174.36365
33395,-176.90714
33396,-179.44615
33397,-181.47433
33398,-182.535
33399,-182.46077
33400,-181.47618
33401,-179.82156
33402,-177.71875
33403,-175.40193
33404,-173.17647
33405,-171.44417
33406,-170.61069
33407,-171.07678
33408,-173.15938
33409,-176.68864
33410,-180.83632
33411,-184.74869
33412,-187.60393
33413,-188.68816
33414,-187.91536
33415,-186.05144
33416,-183.89713
33417,-182.21274
33418,-181.68503
33419,-182.5787
33420,-184.58798
33421,-187.38412
33422,-190.66595
33423,-194.13297
33424,-197.48544
33425,-200.42429
33426,-202.65108
33427,-203.86787
33428,-202.6158
33429,-198.24629
33430,-194.25989
33431,-190.2121
33432,-186.24457
33433,-182.4992
33434,-179.11803
33435,-176.24323
33436,-174.01695
33437,-172.58139
33438,-172.05327
33439,-172.40126
33440,-173.3937
33441,-174.79092
33442,-176.36293
33443,-177.89258
33444,-179.23726
33445,-180.35548
33446,-181.20952
33447,-181.75687
33448,-181.95787
33449,-181.79076
33450,-181.25763
33451,-180.36147
33452,-179.10326
33453,-177.4931
33454,-175.60161
33455,-173.58302
33456,-171.59474
33457,-169.79034
33458,-168.3093
33459,-167.20712
33460,-166.42526
33461,-165.90137
33462,-165.57927
33463,-165.404
33464,-165.3249
33465,-165.29669
33466,-165.27464
33467,-165.21413
33468,-165.06882
33469,-164.78102
33470,-164.27766
33471,-163.4851
33472,-162.33052
33473,-160.74112
33474,-158.64395
33475,-155.96619
33476,-152.63478
33477,-148.57677
33478,-143.99962
33479,-140.0528
33480,-137.7763
33481,-136.61696
33482,-136.3192
33483,-136.62732
33484,-137.28564
33485,-138.0384
33486,-138.62973
33487,-138.80357
33488,-138.34511
33489,-137.27908
33490,-135.95468
33491,-134.7335
33492,-133.96141
33493,-133.93565
33494,-134.67091
33495,-135.7995
33496,-136.939
33497,-137.72539
33498,-137.83615
33499,-137.19043
33500,-136.0347
33501,-134.62794
33502,-133.21338
33503,-132.0148
33504,-131.14328
33505,-130.55746
33506,-130.21002
33507,-130.06091
33508,-130.06778
33509,-130.17433
33510,-130.30545
33511,-130.38536
33512,-130.33916
33513,-130.10991
33514,-129.74524
33515,-129.43439
33516,-129.37195
33517,-129.74573
33518,-130.71274
33519,-132.25076
33520,-134.09518
33521,-135.972
33522,-137.61894
33523,-138.77377
33524,-139.1742
33525,-138.55792
33526,-136.6626
33527,-133.22588
33528,-130.20293
33529,-130.54521
33530,-131.71584
33531,-133.8027
33532,-136.58429
33533,-139.8391
33534,-143.34563
33535,-146.88248
33536,-150.22826
33537,-153.16168
33538,-155.46765
33539,-156.96706
33540,-157.5295
33541,-157.02638
33542,-155.32669
33543,-152.34935
33544,-148.30342
33545,-143.79134
33546,-139.43095
33547,-135.82123
33548,-133.49377
33549,-132.58937
33550,-132.72
33551,-133.47745
33552,-134.479
33553,-135.36993
33554,-135.95807
33555,-136.27127
33556,-136.34581
33557,-136.2075
33558,-135.90932
33559,-135.66292
33560,-135.8946
33561,-137.03893
33562,-139.52005
33563,-143.67575
33564,-154.34221
33565,-160.67683
33566,-166.81174
33567,-171.91203
33568,-170.23131
33569,-171.53497
33570,-171.28151
33571,-169.9568
33572,-168.01385
33573,-165.90602
33574,-164.08688
33575,-163.00996
33576,-163.12865
33577,-164.8961
33578,-166.656
33579,-165.77922
33580,-164.76007
33581,-163.51703
33582,-162.28096
33583,-161.28271
33584,-160.75307
33585,-160.92288
33586,-162.02287
33587,-164.28362
33588,-167.8803
33589,-172.66614
33590,-183.05907
33591,-188.46045
33592,-188.29282
33593,-192.02393
33594,-194.3836
33595,-195.45674
33596,-195.34232
33597,-194.12248
33598,-191.88976
33599,-188.79588
33600,-185.07306
33601,-180.95699
33602,-176.67967
33603,-172.47601
33604,-168.59785
33605,-165.31976
33606,-162.91719
33607,-161.66435
33608,-161.78728
33609,-163.23311
33610,-165.57133
33611,-168.35693
33612,-171.16322
33613,-173.59177
33614,-175.4084
33615,-176.60114
33616,-177.16672
33617,-177.09128
33618,-176.37224
33619,-175.07312
33620,-173.34692
33621,-171.3503
33622,-169.23572
33623,-167.1556
33624,-165.26244
33625,-163.70866
33626,-162.64667
33627,-162.22885
33628,-162.9502
33629,-164.47433
33630,-164.80403
33631,-164.47873
33632,-163.62453
33633,-162.36757
33634,-160.83406
33635,-159.15019
33636,-157.44221
33637,-155.83641
33638,-154.44815
33639,-153.32993
33640,-152.44897
33641,-151.76923
33642,-151.25867
33643,-150.88841
33644,-150.64752
33645,-150.54924
33646,-150.60785
33647,-150.83644
33648,-151.25243
33649,-151.89888
33650,-152.85329
33651,-154.19458
33652,-155.99991
33653,-158.30948
33654,-160.94829
33655,-163.45016
33656,-165.33774
33657,-166.14757
33658,-165.4888
33659,-163.39359
33660,-160.46742
33661,-157.33867
33662,-154.60861
33663,-152.82361
33664,-152.21175
33665,-152.57
33666,-153.6787
33667,-155.33885
33668,-157.36353
33669,-159.63576
33670,-162.13307
33671,-164.8367
33672,-167.7231
33673,-170.76845
33674,-173.94846
33675,-177.23866
33676,-180.6146
33677,-184.05177
33678,-184.9688
33679,-181.89096
33680,-181.38676
33681,-181.84944
33682,-182.9155
33683,-184.22202
33684,-185.40628
33685,-186.10574
33686,-185.9579
33687,-184.60017
33688,-181.75354
33689,-177.62598
33690,-173.08623
33691,-169.03038
33692,-166.3232
33693,-165.71208
33694,-167.26479
33695,-170.12932
33696,-173.41824
33697,-176.28862
33698,-177.97649
33699,-178.17628
33700,-177.2031
33701,-175.39682
33702,-173.06796
33703,-170.51451
33704,-167.96078
33705,-165.53125
33706,-163.34634
33707,-161.53119
33708,-160.18987
33709,-159.30399
33710,-158.6895
33711,-158.15584
33712,-157.52032
33713,-156.61267
33714,-155.33397
33715,-153.68217
33716,-151.65906
33717,-149.26167
33718,-146.5099
33719,-143.55658
33720,-140.73454
33721,-138.38347
33722,-136.83435
33723,-136.4182
33724,-137.46585
33725,-140.30814
33726,-145.27565
33727,-157.69856
33728,-163.77254
33729,-158.75664
33730,-158.86292
33731,-158.3744
33732,-157.50246
33733,-156.45859
33734,-155.45422
33735,-154.7009
33736,-154.41006
33737,-154.79318
33738,-156.01929
33739,-158.01117
33740,-160.35844
33741,-162.63785
33742,-164.44217
33743,-165.42885
33744,-165.63052
33745,-165.58815
33746,-165.86266
33747,-166.99075
33748,-169.41441
33749,-173.02635
33750,-176.97563
33751,-180.38287
33752,-182.40433
33753,-182.306
33754,-179.994
33755,-176.2428
33756,-171.8626
33757,-167.62292
33758,-164.22795
33759,-161.99957
33760,-160.74208
33761,-160.2394
33762,-160.30006
33763,-160.73882
33764,-161.4043
33765,-162.19145
33766,-162.99696
33767,-163.71538
33768,-164.25342
33769,-164.5888
33770,-164.79546
33771,-164.95103
33772,-165.1286
33773,-165.4012
33774,-165.84192
33775,-166.52382
33776,-167.52002
33777,-168.90349
33778,-169.55444
33779,-168.3643
33780,-167.60957
33781,-166.93803
33782,-166.37314
33783,-165.93823
33784,-165.65683
33785,-165.55232
33786,-165.64815
33787,-165.96776
33788,-166.52255
33789,-167.25443
33790,-168.01093
33791,-168.63596
33792,-168.97797
33793,-168.9141
33794,-168.4886
33795,-167.9722
33796,-167.64459
33797,-167.77467
33798,-168.58333
33799,-170.01314
33800,-171.62968
33801,-172.98387
33802,-173.64468
33803,-173.24011
33804,-171.74217
33805,-169.58908
33806,-167.23785
33807,-165.12338
33808,-163.63432
33809,-162.8906
33810,-162.6482
33811,-162.64879
33812,-162.65152
33813,-162.4438
33814,-161.97711
33815,-161.42517
33816,-160.97044
33817,-160.78474
33818,-161.01968
33819,-161.70941
33820,-162.72913
33821,-163.94786
33822,-165.2422
33823,-166.48886
33824,-167.5644
33825,-168.34557
33826,-168.70892
33827,-168.5311
33828,-167.56693
33829,-166.34319
33830,-166.29922
33831,-166.81227
33832,-167.60976
33833,-168.41914
33834,-168.96797
33835,-168.98378
33836,-168.19398
33837,-166.32594
33838,-163.17299
33839,-158.91292
33840,-154.2446
33841,-149.88786
33842,-146.53746
33843,-144.81364
33844,-144.90488
33845,-146.41522
33846,-148.92639
33847,-152.04823
33848,-155.3946
33849,-158.60173
33850,-161.3362
33851,-163.2658
33852,-164.05669
33853,-163.44069
33854,-161.53227
33855,-158.9643
33856,-156.39029
33857,-154.43912
33858,-153.67232
33859,-154.2603
33860,-155.84387
33861,-158.04355
33862,-160.50523
33863,-162.89754
33864,-165.02003
33865,-166.84956
33866,-168.36983
33867,-169.55603
33868,-170.3928
33869,-170.9193
33870,-171.24854
33871,-171.49654
33872,-171.77576
33873,-172.19865
33874,-172.87773
33875,-173.92542
33876,-175.45413
33877,-177.5763
33878,-178.72356
33879,-177.5637
33880,-177.64203
33881,-178.19038
33882,-179.07799
33883,-180.17426
33884,-181.34845
33885,-182.46997
33886,-183.4082
33887,-184.03252
33888,-184.22937
33889,-183.98468
33890,-183.41919
33891,-182.65909
33892,-181.8242
33893,-181.01505
33894,-180.22002
33895,-179.27563
33896,-178.01216
33897,-176.26715
33898,-173.91515
33899,-171.04631
33900,-168.04295
33901,-165.29913
33902,-163.19507
33903,-162.06836
33904,-162.00981
33905,-162.776
33906,-164.1105
33907,-165.77304
33908,-167.53787
33909,-169.26402
33910,-170.92506
33911,-172.49911
33912,-173.95879
33913,-175.27654
33914,-176.42397
33915,-177.37154
33916,-178.08958
33917,-178.54858
33918,-178.72711
33919,-178.65123
33920,-178.41139
33921,-178.10054
33922,-177.80865
33923,-177.62567
33924,-177.6415
33925,-177.94606
33926,-178.6293
33927,-179.78111
33928,-177.98878
33929,-172.27916
33930,-173.16771
33931,-177.42708
33932,-188.98807
33933,-196.78363
33934,-204.74869
33935,-211.81927
33936,-216.93184
33937,-214.0217
33938,-212.2092
33939,-206.70168
33940,-204.18675
33941,-196.41908
33942,-190.08621
33943,-181.68498
33944,-181.60574
33945,-183.74103
33946,-186.92416
33947,-190.06102
33948,-192.16223
33949,-192.84247
33950,-192.53473
33951,-191.70526
33952,-190.78175
33953,-190.15665
33954,-190.01595
33955,-190.26613
33956,-190.8021
33957,-191.53223
33958,-192.35765
33959,-193.13846
33960,-193.67888
33961,-193.78091
33962,-193.2491
33963,-191.92676
33964,-189.88287
33965,-187.49263
33966,-185.14394
33967,-183.2103
33968,-182.02562
33969,-181.69424
33970,-182.00943
33971,-182.75197
33972,-183.7175
33973,-184.70174
33974,-185.50038
33975,-185.90923
33976,-185.7239
33977,-184.74008
33978,-185.97226
33979,-191.50064
33980,-193.70525
33981,-194.33638
33982,-193.73201
33983,-192.23074
33984,-190.1714
33985,-187.89311
33986,-185.73512
33987,-184.03673
33988,-183.08116
33989,-182.82599
33990,-182.78745
33991,-182.46417
33992,-181.37576
33993,-179.12352
33994,-175.78429
33995,-172.08014
33996,-168.75941
33997,-166.53975
33998,-166.0382
33999,-167.28809
34000,-169.53268
34001,-171.98465
34002,-173.89485
34003,-174.6043
34004,-173.9782
34005,-172.592
34006,-171.04944
34007,-169.92076
34008,-169.73268
34009,-170.75903
34010,-172.93126
34011,-176.16722
34012,-180.40115
34013,-185.52505
34014,-196.18507
34015,-201.6948
34016,-201.3551
34017,-204.4825
34018,-205.47684
34019,-204.2243
34020,-201.27164
34021,-197.1937
34022,-192.5351
34023,-187.84096
34024,-183.6565
34025,-180.52686
34026,-178.99681
34027,-179.61052
34028,-184.11833
34029,-196.83891
34030,-201.5378
34031,-199.61993
34032,-201.26704
34033,-201.66098
34034,-200.98381
34035,-199.41777
34036,-197.14537
34037,-194.34917
34038,-191.21156
34039,-187.91296
34040,-184.63113
34041,-181.54366
34042,-178.82831
34043,-176.64555
34044,-175.05605
34045,-173.98515
34046,-173.35283
34047,-173.08545
34048,-173.10098
34049,-173.26782
34050,-173.38736
34051,-173.2583
34052,-172.68266
34053,-171.49313
34054,-169.70238
34055,-167.56657
34056,-165.35165
34057,-163.31203
34058,-161.67612
34059,-160.52136
34060,-159.72073
34061,-159.13927
34062,-158.65176
34063,-158.14755
34064,-157.60065
34065,-157.09967
34066,-156.73769
34067,-156.60234
34068,-156.77304
34069,-157.28154
34070,-158.09523
34071,-159.17899
34072,-160.50072
34073,-162.02841
34074,-163.73001
34075,-165.57346
34076,-167.52675
34077,-169.55785
34078,-172.38474
34079,-176.08878
34080,-178.16833
34081,-179.25172
34082,-179.47357
34083,-178.96855
34084,-177.87148
34085,-176.31715
34086,-174.44054
34087,-172.37651
34088,-170.26982
34089,-168.32118
34090,-166.80742
34091,-166.0084
34092,-166.2002
34093,-167.60768
34094,-170.15895
34095,-173.38019
34096,-176.78229
34097,-179.89542
34098,-182.29727
34099,-183.84125
34100,-184.75417
34101,-185.27763
34102,-185.63565
34103,-186.04802
34104,-186.7101
34105,-187.78386
34106,-189.43
34107,-191.8107
34108,-195.03401
34109,-198.89413
34110,-202.76025
34111,-205.98465
34112,-207.93971
34113,-208.08319
34114,-206.37105
34115,-203.43604
34116,-199.93988
34117,-196.5132
34118,-193.73247
34119,-191.85864
34120,-190.7243
34121,-190.14445
34122,-189.9544
34123,-189.98958
34124,-190.08534
34125,-190.07721
34126,-189.8006
34127,-189.09099
34128,-185.82574
34129,-184.9161
34130,-178.32063
34131,-178.9855
34132,-181.28235
34133,-184.5837
34134,-188.26291
34135,-191.69377
34136,-194.25027
34137,-195.30614
34138,-194.34384
34139,-191.4801
34140,-187.69301
34141,-183.997
34142,-181.36633
34143,-180.64372
34144,-181.90845
34145,-184.20625
34146,-186.54228
34147,-187.97124
34148,-187.67282
34149,-185.55284
34150,-182.50209
34151,-179.45215
34152,-177.28824
34153,-176.78906
34154,-178.11469
34155,-180.58739
34156,-183.49667
34157,-186.17232
34158,-188.01582
34159,-188.8442
34160,-189.03737
34161,-188.99802
34162,-189.10231
34163,-189.6855
34164,-190.84557
34165,-192.35869
34166,-193.98814
34167,-195.51256
34168,-196.73413
34169,-197.59238
34170,-198.21307
34171,-198.72949
34172,-199.26614
34173,-199.94762
34174,-200.89838
34175,-202.24301
34176,-204.10591
34177,-206.61156
34178,-207.15913
34179,-203.45218
34180,-201.13293
34181,-199.18542
34182,-197.55681
34183,-196.1943
34184,-195.04512
34185,-194.05644
34186,-193.17554
34187,-192.34969
34188,-191.53275
34189,-190.71732
34190,-189.94841
34191,-189.27316
34192,-188.73631
34193,-188.36783
34194,-188.11243
34195,-187.79924
34196,-187.2527
34197,-186.30273
34198,-184.81241
34199,-182.83768
34200,-180.69623
34201,-178.7164
34202,-177.21408
34203,-176.45679
34204,-176.43083
34205,-176.74158
34206,-176.9793
34207,-176.75258
34208,-175.7253
34209,-173.88416
34210,-171.65321
34211,-169.47418
34212,-167.76794
34213,-166.90738
34214,-166.98593
34215,-167.7189
34216,-168.80672
34217,-169.96799
34218,-170.95033
34219,-171.66988
34220,-172.2709
34221,-172.90663
34222,-173.7194
34223,-174.85165
34224,-176.44562
34225,-178.64363
34226,-181.5879
34227,-185.4206
34228,-187.42528
34229,-185.68797
34230,-186.88503
34231,-189.4256
34232,-192.96222
34233,-197.1477
34234,-201.63524
34235,-206.0782
34236,-210.13002
34237,-213.44421
34238,-215.69872
34239,-216.71432
34240,-216.50566
34241,-215.09546
34242,-212.49736
34243,-208.76355
34244,-204.17017
34245,-199.29788
34246,-194.74057
34247,-191.07788
34248,-188.82016
34249,-188.07652
34250,-188.41237
34251,-189.37111
34252,-190.52238
34253,-191.4682
34254,-191.99864
34255,-192.15834
34256,-192.00227
34257,-191.5734
34258,-190.91353
34259,-190.05844
34260,-189.03545
34261,-187.87157
34262,-186.59418
34263,-185.23746
34264,-183.8746
34265,-182.6318
34266,-181.63742
34267,-181.01726
34268,-180.87985
34269,-181.23358
34270,-181.95102
34271,-182.89937
34272,-183.95226
34273,-184.98343
34274,-185.86656
34275,-186.47539
34276,-186.68355
34277,-186.3647
34278,-186.61784
34279,-188.23244
34280,-188.38335
34281,-187.7885
34282,-186.63034
34283,-185.09137
34284,-183.35423
34285,-181.60156
34286,-180.01604
34287,-178.78035
34288,-178.04549
34289,-177.77846
34290,-177.69708
34291,-177.50928
34292,-176.93475
34293,-175.7456
34294,-174.01831
34295,-172.24185
34296,-170.92177
34297,-170.54314
34298,-171.50436
34299,-173.7077
34300,-176.38518
34301,-178.74255
34302,-180.01805
34303,-179.55986
34304,-177.35455
34305,-174.25409
34306,-171.1465
34307,-168.87968
34308,-168.19931
34309,-169.25386
34310,-171.38298
34311,-173.8952
34312,-176.13852
34313,-177.53223
34314,-177.90866
34315,-177.65952
34316,-177.19884
34317,-176.91432
34318,-177.15071
34319,-178.00293
34320,-179.22748
34321,-180.5674
34322,-181.78188
34323,-182.63005
34324,-182.87096
34325,-182.26341
34326,-180.56607
34327,-177.53728
34328,-174.72188
34329,-173.9191
34330,-172.20099
34331,-170.21458
34332,-168.09901
34333,-165.99333
34334,-164.03654
34335,-162.36751
34336,-161.12498
34337,-160.44757
34338,-160.44437
34339,-161.05331
34340,-161.98059
34341,-162.92336
34342,-163.58983
34343,-163.7257
34344,-163.29482
34345,-162.55652
34346,-161.78177
34347,-161.22733
34348,-161.11177
34349,-161.4322
34350,-161.88564
34351,-162.15742
34352,-161.94719
34353,-161.00333
34354,-159.3579
34355,-157.42732
34356,-155.64311
34357,-154.4184
34358,-154.11188
34359,-154.76614
34360,-155.99605
34361,-157.39981
34362,-158.59628
34363,-159.24399
34364,-159.23201
34365,-158.76161
34366,-158.04623
34367,-157.28438
34368,-156.65825
34369,-156.25475
34370,-156.03183
34371,-155.94249
34372,-155.9457
34373,-156.00023
34374,-156.06464
34375,-156.09726
34376,-156.05647
34377,-155.90068
34378,-152.32716
34379,-149.15767
34380,-141.01607
34381,-140.46333
34382,-141.93828
34383,-144.88054
34384,-148.73003
34385,-152.92699
34386,-156.91202
34387,-160.12585
34388,-162.0792
34389,-162.68883
34390,-162.42126
34391,-161.76465
34392,-161.18098
34393,-161.07462
34394,-161.51419
34395,-162.11392
34396,-162.47018
34397,-162.20122
34398,-160.98764
34399,-158.87326
34400,-156.39407
34401,-154.10548
34402,-152.53937
34403,-152.16399
34404,-153.07835
34405,-154.8816
34406,-157.15372
34407,-159.49867
34408,-161.54779
34409,-163.09018
34410,-164.12878
34411,-164.67477
34412,-164.72903
34413,-164.30333
34414,-163.4721
34415,-162.39497
34416,-161.23483
34417,-160.15062
34418,-159.28491
34419,-158.68565
34420,-158.27255
34421,-157.96045
34422,-157.67018
34423,-157.32262
34424,-156.83868
34425,-156.13922
34426,-155.1451
34427,-153.77719
34428,-156.59459
34429,-171.83618
34430,-178.54576
34431,-183.7707
34432,-182.61356
34433,-185.17668
34434,-186.56241
34435,-186.873
34436,-186.21089
34437,-184.67851
34438,-182.39653
34439,-179.59047
34440,-176.62827
34441,-173.88367
34442,-171.72368
34443,-170.46306
34444,-170.11304
34445,-170.27391
34446,-170.52985
34447,-170.48471
34448,-169.78174
34449,-168.29292
34450,-166.2004
34451,-163.69855
34452,-160.96706
34453,-158.19736
34454,-155.64893
34455,-153.67337
34456,-152.62589
34457,-152.85709
34458,-154.64711
34459,-157.86737
34460,-161.83603
34461,-165.85022
34462,-169.23395
34463,-171.38478
34464,-172.12744
34465,-171.86534
34466,-171.02461
34467,-170.00409
34468,-169.17352
34469,-168.73308
34470,-168.6532
34471,-168.89519
34472,-169.43137
34473,-170.23402
34474,-171.27548
34475,-172.52803
34476,-173.96397
34477,-175.55571
34478,-177.42924
34479,-179.11029
34480,-179.31976
34481,-178.64117
34482,-177.34087
34483,-175.68526
34484,-173.94098
34485,-172.37468
34486,-171.25304
34487,-170.84268
34488,-171.36575
34489,-172.78706
34490,-174.72253
34491,-176.7747
34492,-178.56274
34493,-179.73274
34494,-180.08673
34495,-179.63821
34496,-178.40895
34497,-176.41072
34498,-173.6844
34499,-170.44026
34500,-167.11806
34501,-164.16682
34502,-162.02469
34503,-161.07208
34504,-161.35533
34505,-162.46849
34506,-163.98804
34507,-165.51227
34508,-166.67464
34509,-167.31242
34510,-167.53908
34511,-167.47876
34512,-167.24255
34513,-166.92976
34514,-166.57161
34515,-166.10707
34516,-165.4715
34517,-164.60452
34518,-163.45271
34519,-162.00182
34520,-160.29073
34521,-158.36055
34522,-156.24982
34523,-153.997
34524,-151.64062
34525,-149.21931
34526,-146.77147
34527,-144.33571
34528,-143.117
34529,-144.14034
34530,-144.94177
34531,-145.92418
34532,-147.07344
34533,-148.3755
34534,-149.8163
34535,-151.38177
34536,-153.05786
34537,-154.83044
34538,-156.6813
34539,-158.56755
34540,-160.41307
34541,-162.14043
34542,-163.67386
34543,-164.94882
34544,-165.96619
34545,-166.8154
34546,-167.58943
34547,-168.37701
34548,-169.25748
34549,-170.25598
34550,-171.32414
34551,-172.41074
34552,-173.46799
34553,-174.44884
34554,-175.30984
34555,-176.01244
34556,-176.51836
34557,-176.78906
34558,-176.79724
34559,-176.58145
34560,-176.2691
34561,-175.99136
34562,-175.87497
34563,-176.02362
34564,-176.40614
34565,-176.80875
34566,-177.0104
34567,-176.79886
34568,-175.98982
34569,-174.56256
34570,-172.718
34571,-170.66588
34572,-168.60548
34573,-166.73615
34574,-165.25716
34575,-164.36769
34576,-164.267
34577,-165.15414
34578,-166.62021
34579,-167.56635
34580,-168.02759
34581,-168.17293
34582,-168.1114
34583,-167.95213
34584,-167.80421
34585,-167.77676
34586,-167.97894
34587,-168.51982
34588,-169.4856
34589,-170.82967
34590,-172.32545
34591,-173.73938
34592,-174.84647
34593,-175.43938
34594,-175.4133
34595,-174.80228
34596,-173.64594
34597,-171.97726
34598,-169.85239
34599,-167.46184
34600,-165.1783
34601,-163.38173
34602,-162.44333
34603,-162.68117
34604,-164.10562
34605,-166.31029
34606,-168.87273
34607,-171.39052
34608,-173.49677
34609,-175.03018
34610,-176.10785
34611,-176.8578
34612,-177.3948
34613,-177.82266
34614,-178.1815
34615,-178.42506
34616,-178.50365
34617,-178.37166
34618,-177.99275
34619,-177.38457
34620,-176.6378
34621,-175.84612
34622,-175.0996
34623,-174.48845
34624,-174.10284
34625,-174.03287
34626,-174.36868
34627,-175.20041
34628,-177.49133
34629,-180.91165
34630,-181.70677
34631,-181.02885
34632,-179.23741
34633,-176.6924
34634,-173.75403
34635,-170.78279
34636,-168.13918
34637,-166.18364
34638,-165.23259
34639,-165.34743
34640,-166.24406
34641,-167.62491
34642,-169.20901
34643,-170.72879
34644,-171.9939
34645,-172.91849
34646,-173.42076
34647,-173.41399
34648,-172.84222
34649,-171.82895
34650,-170.74094
34651,-169.95454
34652,-169.83461
34653,-170.69757
34654,-172.57938
34655,-175.13612
34656,-178.00923
34657,-180.85823
34658,-183.38193
34659,-185.50607
34660,-187.4638
34661,-189.5006
34662,-191.84717
34663,-194.68776
34664,-197.93585
34665,-201.13835
34666,-203.82745
34667,-205.5527
34668,-205.91257
34669,-204.79082
34670,-202.45866
34671,-199.20374
34672,-195.29568
34673,-191.00443
34674,-186.59995
34675,-182.3524
34676,-178.53175
34677,-175.40805
34678,-172.93973
34679,-171.15787
34680,-170.81075
34681,-171.4018
34682,-172.6427
34683,-174.24527
34684,-175.92143
34685,-177.38318
34686,-178.34259
34687,-178.51157
34688,-177.64587
34689,-175.7568
34690,-173.20206
34691,-170.35329
34692,-167.56589
34693,-165.16003
34694,-163.25092
34695,-161.67616
34696,-160.2623
34697,-158.84933
34698,-157.31534
34699,-155.76082
34700,-154.58731
34701,-154.20807
34702,-155.02187
34703,-157.35449
34704,-161.10826
34705,-165.61263
34706,-170.17532
34707,-174.13187
34708,-176.88516
34709,-178.22969
34710,-178.49031
34711,-178.01273
34712,-177.11758
34713,-176.10867
34714,-175.19063
34715,-174.43361
34716,-173.9025
34717,-173.66844
34718,-173.79204
34719,-174.27211
34720,-175.02374
34721,-175.95877
34722,-176.99307
34723,-178.0425
34724,-179.02286
34725,-179.85004
34726,-180.43987
34727,-180.70822
34728,-181.54037
34729,-183.84537
34730,-185.81259
34731,-187.70467
34732,-189.48988
34733,-191.13657
34734,-192.6131
34735,-193.88776
34736,-194.92888
34737,-195.70482
34738,-196.18718
34739,-196.36731
34740,-196.26314
34741,-195.89359
34742,-195.27644
34743,-194.4411
34744,-193.48502
34745,-192.5978
34746,-191.97289
34747,-191.79927
34748,-192.23874
34749,-193.29454
34750,-194.75522
34751,-196.40074
34752,-198.0212
34753,-199.42992
34754,-200.5747
34755,-201.58554
34756,-202.6
34757,-203.747
34758,-205.12938
34759,-206.69925
34760,-208.20389
34761,-209.38231
34762,-209.98299
34763,-209.78871
34764,-208.7813
34765,-207.21289
34766,-205.34721
34767,-203.43535
34768,-201.71118
34769,-200.30844
34770,-199.2249
34771,-198.45259
34772,-197.98997
34773,-197.83551
34774,-197.98772
34775,-198.44498
34776,-199.20583
34777,-200.26869
34778,-201.95462
34779,-203.12793
34780,-200.89262
34781,-196.85297
34782,-191.84691
34783,-191.7136
34784,-182.2928
34785,-179.42406
34786,-178.94606
34787,-181.69638
34788,-193.30135
34789,-203.1687
34790,-214.0602
34791,-223.67769
34792,-229.80336
34793,-225.51799
34794,-220.65034
34795,-217.41121
34796,-208.12224
34797,-199.99988
34798,-195.03336
34799,-188.88449
34800,-190.41699
34801,-193.42195
34802,-196.77754
34803,-199.45424
34804,-200.9523
34805,-201.48947
34806,-201.31267
34807,-200.63503
34808,-199.6515
34809,-198.45128
34810,-196.97961
34811,-195.17595
34812,-192.98642
34813,-190.3914
34814,-187.57074
34815,-184.9748
34816,-183.065
34817,-182.28992
34818,-183.02727
34819,-185.24544
34820,-188.35834
34821,-191.75816
34822,-194.86383
34823,-197.09435
34824,-197.86852
34825,-196.60457
34826,-192.71988
34827,-190.6306
34828,-184.7024
34829,-180.53088
34830,-180.80319
34831,-181.55417
34832,-182.69539
34833,-184.13837
34834,-185.79474
34835,-187.5761
34836,-189.39409
34837,-191.16034
34838,-192.77716
34839,-194.09239
34840,-194.88013
34841,-194.91136
34842,-193.96053
34843,-191.85387
34844,-188.72029
34845,-185.09918
34846,-181.54727
34847,-178.60188
34848,-176.7397
34849,-176.08464
34850,-176.28291
34851,-176.96178
34852,-177.7714
34853,-178.38327
34854,-178.59254
34855,-178.36179
34856,-177.66016
34857,-176.44882
34858,-174.71983
34859,-172.6445
34860,-170.63718
34861,-169.1219
34862,-168.51118
34863,-169.14963
34864,-170.98831
34865,-173.44568
34866,-175.91946
34867,-177.83305
34868,-178.67433
34869,-178.30586
34870,-177.09798
34871,-175.44148
34872,-173.70306
34873,-172.24963
34874,-171.44806
34875,-171.66504
34876,-173.26714
34877,-176.62059
34878,-180.4992
34879,-182.35777
34880,-183.06033
34881,-182.84077
34882,-181.94196
34883,-180.60696
34884,-179.07901
34885,-177.60132
34886,-176.41722
34887,-175.76991
34888,-175.85919
34889,-176.63214
34890,-177.6936
34891,-178.63503
34892,-179.0642
34893,-178.65761
34894,-177.49187
34895,-176.18582
34896,-175.38014
34897,-175.68968
34898,-177.63545
34899,-181.19452
34900,-185.60771
34901,-190.08745
34902,-193.88155
34903,-196.31474
34904,-197.15718
34905,-196.78296
34906,-195.59097
34907,-193.9518
34908,-192.21979
34909,-190.65347
34910,-189.38133
34911,-188.52641
34912,-188.21788
34913,-188.54924
34914,-189.40656
34915,-190.3949
34916,-191.10812
34917,-191.1534
34918,-190.18687
34919,-188.15001
34920,-185.37154
34921,-182.19609
34922,-178.95018
34923,-175.96039
34924,-173.5532
34925,-172.0551
34926,-171.79234
34927,-173.09091
34928,-173.60196
34929,-170.79483
34930,-169.4483
34931,-168.6935
34932,-168.46814
34933,-168.70992
34934,-169.35652
34935,-170.34567
34936,-171.61517
34937,-173.10274
34938,-174.73627
34939,-176.38618
34940,-177.84506
34941,-178.90242
34942,-179.35147
34943,-179.02884
34944,-178.02434
34945,-176.77078
34946,-175.71494
34947,-175.28712
34948,-175.86266
34949,-177.4961
34950,-179.80804
34951,-182.40201
34952,-184.90244
34953,-186.96184
34954,-188.39594
34955,-189.24156
34956,-189.54425
34957,-189.33911
34958,-188.67804
34959,-187.71057
34960,-186.71844
34961,-185.98882
34962,-185.80263
34963,-186.38907
34964,-187.67737
34965,-189.19023
34966,-190.43423
34967,-190.93524
34968,-190.28188
34969,-188.42827
34970,-185.82439
34971,-182.9407
34972,-180.22435
34973,-178.12265
34974,-177.08267
34975,-177.55128
34976,-179.97488
34977,-184.79935
34978,-188.30794
34979,-186.06546
34980,-184.77994
34981,-183.56746
34982,-182.58376
34983,-181.98454
34984,-181.92548
34985,-182.5622
34986,-184.05025
34987,-186.54509
34988,-190.14372
34989,-194.60417
34990,-199.22568
34991,-203.28954
34992,-206.099
34993,-207.04527
34994,-206.03345
34995,-203.66634
34996,-200.57652
34997,-197.3644
34998,-194.582
34999,-192.49911
35000,-191.00217
35001,-189.96182
35002,-189.2668
35003,-188.81677
35004,-188.57481
35005,-188.58974
35006,-188.91396
35007,-189.5957
35008,-190.66779
35009,-192.07285
35010,-193.63155
35011,-195.15959
35012,-196.47852
35013,-197.43005
35014,-197.97304
35015,-198.2252
35016,-198.3108
35017,-198.34665
35018,-198.43048
35019,-198.5495
35020,-198.54097
35021,-198.23602
35022,-197.47276
35023,-196.08931
35024,-193.92366
35025,-190.8138
35026,-186.59755
35027,-186.11258
35028,-176.92383
35029,-176.77135
35030,-175.86095
35031,-175.06337
35032,-174.44873
35033,-174.0869
35034,-174.04797
35035,-174.40186
35036,-175.21854
35037,-176.56795
35038,-178.48262
35039,-180.77806
35040,-182.97577
35041,-184.58566
35042,-185.13171
35043,-184.22078
35044,-181.9436
35045,-179.0473
35046,-176.306
35047,-174.46289
35048,-174.16078
35049,-175.4604
35050,-177.63425
35051,-179.92403
35052,-181.60934
35053,-182.06702
35054,-181.23863
35055,-179.8315
35056,-178.584
35057,-178.19818
35058,-179.28069
35059,-181.8838
35060,-185.30934
35061,-188.82976
35062,-191.75366
35063,-193.46147
35064,-193.7506
35065,-192.98378
35066,-191.54697
35067,-189.79953
35068,-188.07654
35069,-186.5702
35070,-185.2791
35071,-184.1939
35072,-183.31435
35073,-182.6404
35074,-182.17175
35075,-181.90831
35076,-181.84988
35077,-181.99626
35078,-181.45338
35079,-179.72002
35080,-179.1007
35081,-179.00688
35082,-179.29161
35083,-179.80803
35084,-180.40927
35085,-180.9485
35086,-181.27893
35087,-181.2537
35088,-180.75584
35089,-179.84251
35090,-178.80661
35091,-177.95058
35092,-177.5657
35093,-177.89496
35094,-178.90167
35095,-180.17
35096,-181.26926
35097,-181.78676
35098,-181.36783
35099,-179.99495
35100,-178.10773
35101,-176.16432
35102,-174.60132
35103,-173.80627
35104,-173.8818
35105,-174.54457
35106,-175.49606
35107,-176.45619
35108,-177.1759
35109,-177.58623
35110,-177.86217
35111,-178.18837
35112,-178.73792
35113,-179.65427
35114,-180.9087
35115,-182.23949
35116,-183.37555
35117,-184.05693
35118,-184.05974
35119,-183.36911
35120,-182.25395
35121,-180.99469
35122,-179.85826
35123,-179.11168
35124,-179.02193
35125,-179.85582
35126,-181.88008
35127,-185.3612
35128,-188.46332
35129,-188.26202
35130,-186.95134
35131,-184.62267
35132,-181.59164
35133,-178.17422
35134,-174.68643
35135,-171.44443
35136,-168.76424
35137,-166.9619
35138,-166.31308
35139,-166.86032
35140,-168.33035
35141,-170.43765
35142,-172.91188
35143,-175.48508
35144,-177.90239
35145,-179.92659
35146,-181.32117
35147,-181.84868
35148,-181.31807
35149,-179.80878
35150,-177.767
35151,-175.65382
35152,-173.91315
35153,-172.93909
35154,-172.83669
35155,-173.31953
35156,-174.08583
35157,-174.85239
35158,-175.35495
35159,-175.43855
35160,-175.09619
35161,-174.32668
35162,-173.12192
35163,-171.49118
35164,-169.54558
35165,-167.53433
35166,-165.71198
35167,-164.3266
35168,-163.60144
35169,-163.61562
35170,-164.25304
35171,-165.39014
35172,-166.91258
35173,-168.70613
35174,-170.65656
35175,-172.64966
35176,-174.57121
35177,-176.30705
35178,-176.70767
35179,-175.5162
35180,-176.07014
35181,-177.38205
35182,-179.14433
35183,-181.04955
35184,-182.79034
35185,-184.05939
35186,-184.54924
35187,-183.9524
35188,-182.03249
35189,-178.96776
35190,-175.49913
35191,-172.39066
35192,-170.37967
35193,-170.11017
35194,-171.68474
35195,-174.47296
35196,-177.81613
35197,-181.09082
35198,-183.72859
35199,-185.47847
35200,-186.5197
35201,-187.04855
35202,-187.2409
35203,-187.2673
35204,-187.2665
35205,-187.33412
35206,-187.56422
35207,-188.05269
35208,-188.87021
35209,-189.93971
35210,-190.9842
35211,-191.71866
35212,-191.86745
35213,-191.197
35214,-189.71797
35215,-187.77255
35216,-185.71654
35217,-183.89017
35218,-182.60088
35219,-181.96477
35220,-181.839
35221,-182.07033
35222,-182.51778
35223,-183.0404
35224,-183.4974
35225,-183.74785
35226,-183.65082
35227,-183.06543
35228,-181.82977
35229,-180.46422
35230,-180.0844
35231,-180.23322
35232,-180.72258
35233,-181.36444
35234,-181.97075
35235,-182.35355
35236,-182.32483
35237,-181.69655
35238,-180.32674
35239,-178.34198
35240,-176.23291
35241,-174.5049
35242,-173.64597
35243,-174.07532
35244,-175.81223
35245,-178.33472
35246,-181.0997
35247,-183.59015
35248,-185.34012
35249,-186.17981
35250,-186.3409
35251,-186.07118
35252,-185.59946
35253,-185.13301
35254,-184.75406
35255,-184.37514
35256,-183.90192
35257,-183.24817
35258,-182.34279
35259,-181.20316
35260,-179.96658
35261,-178.77515
35262,-177.7653
35263,-177.05595
35264,-176.66426
35265,-176.46945
35266,-176.34532
35267,-176.17221
35268,-175.84624
35269,-175.35495
35270,-174.81
35271,-174.3279
35272,-174.01927
35273,-173.99478
35274,-174.36502
35275,-175.24059
35276,-176.73201
35277,-178.9498
35278,-180.88629
35279,-181.24944
35280,-181.67372
35281,-181.96298
35282,-182.16455
35283,-182.32579
35284,-182.49408
35285,-182.71677
35286,-183.04124
35287,-183.51479
35288,-184.16484
35289,-184.90257
35290,-185.48175
35291,-185.64992
35292,-185.16194
35293,-183.8199
35294,-181.70074
35295,-179.2541
35296,-176.94482
35297,-175.22017
35298,-174.46523
35299,-174.70422
35300,-175.47281
35301,-176.28728
35302,-176.68738
35303,-176.27243
35304,-174.98831
35305,-173.25049
35306,-171.49333
35307,-170.12897
35308,-169.53203
35309,-169.85979
35310,-170.97519
35311,-172.72945
35312,-174.98796
35313,-177.6045
35314,-180.36519
35315,-182.96439
35316,-185.09291
35317,-186.44585
35318,-186.76018
35319,-186.01645
35320,-184.5257
35321,-182.61235
35322,-180.58546
35323,-178.754
35324,-177.42708
35325,-176.91364
35326,-177.52258
35327,-179.56248
35328,-179.36862
35329,-173.93282
35330,-171.83606
35331,-171.1962
35332,-171.68346
35333,-172.96855
35334,-174.72229
35335,-176.61583
35336,-178.32025
35337,-179.50676
35338,-179.89647
35339,-179.50102
35340,-178.72589
35341,-177.99232
35342,-177.70297
35343,-178.2024
35344,-179.49794
35345,-181.14001
35346,-182.66122
35347,-183.61581
35348,-183.625
35349,-182.69923
35350,-181.37666
35351,-180.21678
35352,-179.75421
35353,-180.45288
35354,-182.3667
35355,-184.99428
35356,-187.81241
35357,-190.32451
35358,-192.08981
35359,-192.99138
35360,-193.35106
35361,-193.50867
35362,-193.78326
35363,-194.4628
35364,-195.65459
35365,-197.22083
35366,-199.01384
35367,-200.89757
35368,-202.74152
35369,-204.44727
35370,-205.95998
35371,-207.22655
35372,-208.19177
35373,-208.80049
35374,-208.99751
35375,-208.72763
35376,-207.93558
35377,-206.56606
35378,-204.59917
35379,-202.43214
35380,-200.70526
35381,-199.22952
35382,-197.95871
35383,-196.84656
35384,-195.84692
35385,-194.91356
35386,-194.00029
35387,-193.06093
35388,-192.05371
35389,-190.96254
35390,-189.80617
35391,-188.6048
35392,-187.37697
35393,-186.14409
35394,-184.94441
35395,-183.839
35396,-182.88974
35397,-182.15752
35398,-181.69063
35399,-181.46439
35400,-181.35512
35401,-181.23524
35402,-180.98187
35403,-180.48788
35404,-179.73767
35405,-178.83965
35406,-177.90726
35407,-177.04805
35408,-176.36073
35409,-175.8928
35410,-175.62216
35411,-175.52403
35412,-175.57693
35413,-175.74583
35414,-175.91734
35415,-175.87172
35416,-175.38513
35417,-174.23862
35418,-172.25523
35419,-169.50195
35420,-166.37666
35421,-163.29053
35422,-160.63899
35423,-158.81749
35424,-158.2212
35425,-159.24522
35426,-162.28423
35427,-167.73254
35428,-171.08134
35429,-167.60934
35430,-166.17645
35431,-165.19716
35432,-164.57603
35433,-164.2177
35434,-164.02667
35435,-163.90764
35436,-163.76518
35437,-163.50392
35438,-163.04875
35439,-162.44199
35440,-161.88507
35441,-161.5858
35442,-161.74417
35443,-162.52731
35444,-163.9102
35445,-165.60793
35446,-167.32542
35447,-168.78026
35448,-169.72835
35449,-170.14935
35450,-170.32591
35451,-170.55267
35452,-171.10977
35453,-172.24162
35454,-173.98462
35455,-176.09367
35456,-178.31259
35457,-180.39876
35458,-182.14056
35459,-183.5067
35460,-184.71017
35461,-185.97372
35462,-187.50842
35463,-189.50574
35464,-192.04295
35465,-195.04272
35466,-198.42154
35467,-202.10321
35468,-206.01811
35469,-210.13452
35470,-214.4722
35471,-219.05289
35472,-223.89587
35473,-234.02052
35474,-239.44618
35475,-245.1921
35476,-251.27765
35477,-257.72205
35478,-252.27011
35479,-244.05736
35480,-234.15393
35481,-225.02684
35482,-216.79744
35483,-209.58694
35484,-203.51646
35485,-198.70692
35486,-190.27914
35487,-188.35382
35488,-188.00177
35489,-189.00388
35490,-190.74864
35491,-192.609
35492,-193.97684
35493,-194.315
35494,-193.49844
35495,-191.96095
35496,-190.15947
35497,-188.52463
35498,-187.4352
35499,-186.9676
35500,-186.78862
35501,-186.54843
35502,-185.91666
35503,-184.61658
35504,-182.68317
35505,-180.57431
35506,-178.76508
35507,-177.71051
35508,-177.80301
35509,-179.07178
35510,-181.05429
35511,-183.26863
35512,-185.25645
35513,-186.61356
35514,-187.24944
35515,-187.49884
35516,-187.71365
35517,-188.22557
35518,-189.31837
35519,-190.99696
35520,-192.88823
35521,-194.60405
35522,-195.77422
35523,-196.02844
35524,-194.99622
35525,-192.30669
35526,-187.58849
35527,-185.46983
35528,-179.56635
35529,-174.59819
35530,-174.87294
35531,-175.97908
35532,-177.68243
35533,-179.74893
35534,-181.94461
35535,-184.03558
35536,-185.78796
35537,-186.96782
35538,-187.37704
35539,-187.02562
35540,-186.20589
35541,-185.22159
35542,-184.36324
35543,-183.88466
35544,-183.82658
35545,-183.94093
35546,-183.96803
35547,-183.6619
35548,-182.80939
35549,-181.38817
35550,-179.63455
35551,-177.79535
35552,-176.10518
35553,-174.7702
35554,-173.83102
35555,-173.10411
35556,-172.39699
35557,-171.52788
35558,-170.34615
35559,-168.8819
35560,-167.41032
35561,-166.21632
35562,-165.57314
35563,-165.71313
35564,-166.63194
35565,-168.00458
35566,-169.49358
35567,-170.77682
35568,-171.5639
35569,-171.74803
35570,-171.47124
35571,-170.88544
35572,-170.1307
35573,-169.34703
35574,-168.6746
35575,-168.2535
35576,-168.22374
35577,-168.72537
35578,-168.38501
35579,-166.42146
35580,-166.6777
35581,-168.13895
35582,-170.53734
35583,-173.60529
35584,-177.07535
35585,-180.68018
35586,-184.15257
35587,-187.22528
35588,-189.6602
35589,-191.38835
35590,-192.5699
35591,-193.3742
35592,-193.95982
35593,-194.47435
35594,-195.00131
35595,-195.53743
35596,-196.07593
35597,-196.61407
35598,-197.13777
35599,-197.56653
35600,-197.73004
35601,-197.45415
35602,-196.56906
35603,-194.94952
35604,-192.73059
35605,-190.40025
35606,-188.46129
35607,-187.39975
35608,-187.63931
35609,-189.24225
35610,-191.78131
35611,-194.80989
35612,-197.90477
35613,-200.66406
35614,-202.80812
35615,-204.22295
35616,-204.80124
35617,-204.42773
35618,-203.01735
35619,-200.6611
35620,-197.689
35621,-194.44125
35622,-191.24702
35623,-188.43553
35624,-186.33585
35625,-185.27698
35626,-185.58759
35627,-187.59615
35628,-190.17516
35629,-190.75111
35630,-189.71057
35631,-187.45638
35632,-184.29643
35633,-180.53897
35634,-176.49254
35635,-172.46567
35636,-168.76694
35637,-165.70493
35638,-163.54979
35639,-162.3496
35640,-161.85155
35641,-161.79114
35642,-161.91823
35643,-162.01381
35644,-162.0387
35645,-162.19743
35646,-162.70409
35647,-163.76097
35648,-165.52562
35649,-167.89514
35650,-170.41425
35651,-172.61389
35652,-174.04213
35653,-174.31334
35654,-173.42938
35655,-171.91708
35656,-170.32434
35657,-169.17421
35658,-168.92712
35659,-169.68019
35660,-171.03822
35661,-172.5868
35662,-173.93513
35663,-174.73727
35664,-174.9077
35665,-174.71373
35666,-174.43669
35667,-174.34116
35668,-174.66444
35669,-175.48541
35670,-176.6683
35671,-178.06891
35672,-179.5533
35673,-180.9875
35674,-182.23758
35675,-183.16962
35676,-183.64964
35677,-183.54364
35678,-184.58165
35679,-188.20312
35680,-190.37462
35681,-191.83604
35682,-192.62518
35683,-192.77977
35684,-192.33751
35685,-191.33623
35686,-189.81369
35687,-187.80774
35688,-185.36337
35689,-182.56737
35690,-179.56303
35691,-176.4961
35692,-173.50957
35693,-170.75189
35694,-168.40318
35695,-166.68643
35696,-165.8262
35697,-166.045
35698,-167.51097
35699,-170.07745
35700,-173.17151
35701,-176.20389
35702,-178.60583
35703,-179.87015
35704,-179.84712
35705,-178.87163
35706,-177.29803
35707,-175.45773
35708,-173.65163
35709,-172.00185
35710,-170.38834
35711,-168.68132
35712,-166.76262
35713,-164.54446
35714,-162.11646
35715,-159.80823
35716,-157.95906
35717,-156.89658
35718,-156.90744
35719,-158.04028
35720,-160.02162
35721,-162.5655
35722,-165.40158
35723,-168.25948
35724,-170.86896
35725,-172.95981
35726,-174.2617
35727,-174.50427
35728,-173.75629
35729,-173.02663
35730,-173.18236
35731,-173.87393
35732,-174.97833
35733,-176.37265
35734,-177.93394
35735,-179.53934
35736,-181.06598
35737,-182.39095
35738,-183.40157
35739,-184.04425
35740,-184.34543
35741,-184.33488
35742,-184.03844
35743,-183.48662
35744,-182.73619
35745,-181.87978
35746,-181.01138
35747,-180.2234
35748,-179.5969
35749,-179.14745
35750,-178.8018
35751,-178.48325
35752,-178.11922
35753,-177.64474
35754,-177.0387
35755,-176.3395
35756,-175.58786
35757,-174.82172
35758,-174.08337
35759,-173.4405
35760,-172.99509
35761,-172.85054
35762,-173.10852
35763,-173.83302
35764,-174.86833
35765,-175.7615
35766,-176.04784
35767,-175.27667
35768,-173.07208
35769,-169.4935
35770,-165.19084
35771,-160.83798
35772,-157.08081
35773,-154.56512
35774,-153.93631
35775,-155.83928
35776,-160.91837
35777,-174.81657
35778,-180.13997
35779,-169.50922
35780,-168.04733
35781,-167.88867
35782,-168.76012
35783,-170.38881
35784,-172.50214
35785,-174.82753
35786,-177.09259
35787,-179.02484
35788,-180.38338
35789,-181.11034
35790,-181.39563
35791,-181.4393
35792,-181.42944
35793,-181.54953
35794,-181.95471
35795,-182.76213
35796,-184.08731
35797,-186.04756
35798,-188.72061
35799,-191.95447
35800,-195.28616
35801,-198.24033
35802,-200.35648
35803,-201.23216
35804,-200.80289
35805,-199.46297
35806,-197.62573
35807,-195.68336
35808,-193.99501
35809,-192.7281
35810,-191.78987
35811,-191.07684
35812,-190.49779
35813,-189.96869
35814,-189.44658
35815,-188.94417
35816,-188.47656
35817,-188.05612
35818,-187.69205
35819,-187.37473
35820,-187.06909
35821,-186.73904
35822,-186.34973
35823,-185.86626
35824,-185.25375
35825,-184.4773
35826,-183.50203
35827,-182.29303
35828,-180.01315
35829,-176.66617
35830,-175.15886
35831,-174.70844
35832,-175.11615
35833,-176.18327
35834,-177.71135
35835,-179.50188
35836,-181.3565
35837,-183.07686
35838,-184.47641
35839,-185.43692
35840,-185.93272
35841,-185.94193
35842,-185.4381
35843,-184.40762
35844,-182.91092
35845,-181.10866
35846,-179.16568
35847,-177.24214
35848,-175.4849
35849,-173.96378
35850,-172.6443
35851,-171.4878
35852,-170.46054
35853,-169.54482
35854,-168.81586
35855,-168.47487
35856,-168.72797
35857,-169.77518
35858,-171.76337
35859,-174.52985
35860,-177.49347
35861,-180.05676
35862,-181.64224
35863,-181.75569
35864,-180.38666
35865,-178.18118
35866,-175.8119
35867,-173.92065
35868,-173.0845
35869,-173.50368
35870,-174.86826
35871,-176.84808
35872,-179.13763
35873,-181.4314
35874,-183.42397
35875,-184.80995
35876,-185.28377
35877,-184.53978
35878,-183.19519
35879,-182.72803
35880,-182.7816
35881,-183.27469
35882,-184.13211
35883,-185.27863
35884,-186.63902
35885,-188.13814
35886,-189.70076
35887,-191.25177
35888,-192.71378
35889,-193.99619
35890,-194.99088
35891,-195.58882
35892,-195.68188
35893,-195.1767
35894,-194.06631
35895,-192.461
35896,-190.47583
35897,-188.22043
35898,-185.8111
35899,-183.40306
35900,-181.20432
35901,-179.42493
35902,-178.27243
35903,-177.9099
35904,-178.24242
35905,-178.8255
35906,-179.20096
35907,-178.92715
35908,-177.62807
35909,-175.30917
35910,-172.49323
35911,-169.72398
35912,-167.52069
35913,-166.34361
35914,-166.31029
35915,-167.07431
35916,-168.27116
35917,-169.55861
35918,-170.62282
35919,-171.31438
35920,-171.70679
35921,-171.88232
35922,-171.91254
35923,-171.86903
35924,-171.82347
35925,-171.84747
35926,-172.01262
35927,-172.39055
35928,-174.01096
35929,-177.32233
35930,-179.53665
35931,-181.13025
35932,-182.08328
35933,-182.37582
35934,-181.98805
35935,-180.90002
35936,-179.09183
35937,-176.54356
35938,-173.2714
35939,-169.50168
35940,-165.74547
35941,-162.52533
35942,-160.35023
35943,-159.65468
35944,-160.442
35945,-162.13202
35946,-164.12192
35947,-165.83717
35948,-166.76747
35949,-166.77556
35950,-166.22964
35951,-165.51772
35952,-165.00374
35953,-165.01318
35954,-165.6473
35955,-166.70375
35956,-167.96846
35957,-169.24176
35958,-170.33536
35959,-171.12663
35960,-171.58188
35961,-171.6708
35962,-171.35892
35963,-170.62338
35964,-169.50938
35965,-168.15422
35966,-166.69888
35967,-165.27995
35968,-164.02286
35969,-162.98814
35970,-162.14836
35971,-161.4727
35972,-160.93445
35973,-160.50696
35974,-160.16359
35975,-159.87767
35976,-159.62256
35977,-159.37157
35978,-157.68265
35979,-154.50835
35980,-154.7615
35981,-156.88583
35982,-160.35912
35983,-164.65959
35984,-169.26581
35985,-173.65659
35986,-177.31093
35987,-179.70781
35988,-180.39873
35989,-179.35788
35990,-177.13303
35991,-174.29517
35992,-171.38844
35993,-168.91473
35994,-167.12909
35995,-165.9519
35996,-165.2903
35997,-165.06735
35998,-165.20087
35999,-165.57741
36000,-166.04137
36001,-166.43542
36002,-166.60437
36003,-166.42839
36004,-165.99377
36005,-165.66617
36006,-165.82199
36007,-166.82443
36008,-168.96292
36009,-172.09929
36010,-175.51645
36011,-178.47513
36012,-180.26378
36013,-180.27226
36014,-178.48141
36015,-175.6737
36016,-172.66412
36017,-170.23015
36018,-169.07074
36019,-169.42947
36020,-170.93277
36021,-173.18304
36022,-175.81229
36023,-178.4526
36024,-180.73625
36025,-182.29555
36026,-182.76259
36027,-181.76926
36028,-180.06004
36029,-179.23912
36030,-178.59279
36031,-178.20186
36032,-178.0727
36033,-178.21158
36034,-178.62491
36035,-179.31892
36036,-180.29999
36037,-181.5744
36038,-183.13089
36039,-184.85591
36040,-186.49739
36041,-187.79779
36042,-188.5061
36043,-188.41264
36044,-187.54834
36045,-186.27037
36046,-184.94937
36047,-183.94052
36048,-183.55765
36049,-183.87433
36050,-184.63855
36051,-185.58527
36052,-186.46498
36053,-187.0494
36054,-187.23375
36055,-187.08058
36056,-186.65912
36057,-186.03072
36058,-185.2713
36059,-184.54176
36060,-184.11806
36061,-184.2807
36062,-185.30473
36063,-187.4262
36064,-190.65527
36065,-194.69646
36066,-199.24217
36067,-203.99962
36068,-208.68187
36069,-213.03589
36070,-216.85435
36071,-219.93164
36072,-222.06003
36073,-223.03139
36074,-222.63751
36075,-220.66977
36076,-216.91934
36077,-216.177
36078,-209.86023
36079,-200.8426
36080,-198.52747
36081,-197.61287
36082,-197.8501
36083,-198.99083
36084,-200.78708
36085,-202.99092
36086,-205.35468
36087,-207.6307
36088,-209.58804
36089,-211.09221
36090,-212.13974
36091,-212.73245
36092,-212.86606
36093,-212.54546
36094,-211.82878
36095,-210.84668
36096,-209.73277
36097,-208.6174
36098,-207.62456
36099,-206.84172
36100,-206.30658
36101,-206.05481
36102,-206.1244
36103,-206.53659
36104,-207.2159
36105,-207.95543
36106,-208.54286
36107,-208.77205
36108,-208.45413
36109,-207.50038
36110,-205.95828
36111,-203.88094
36112,-201.31519
36113,-198.32654
36114,-195.08994
36115,-191.92854
36116,-189.17177
36117,-187.14194
36118,-186.11906
36119,-186.13768
36120,-186.89981
36121,-188.09416
36122,-189.42535
36123,-190.59808
36124,-191.31715
36125,-191.28717
36126,-190.21272
36127,-187.7981
36128,-184.62442
36129,-182.03256
36130,-179.60846
36131,-177.39432
36132,-175.40231
36133,-173.64459
36134,-172.13333
36135,-170.88066
36136,-169.89874
36137,-169.19974
36138,-168.78687
36139,-168.61157
36140,-168.5553
36141,-168.49657
36142,-168.31732
36143,-167.91814
36144,-167.30759
36145,-166.6406
36146,-166.07788
36147,-165.77313
36148,-165.85153
36149,-166.27184
36150,-166.7677
36151,-167.064
36152,-166.89627
36153,-166.04292
36154,-164.53134
36155,-162.7262
36156,-161.00558
36157,-159.73146
36158,-159.23352
36159,-159.65338
36160,-160.87813
36161,-162.78505
36162,-165.2635
36163,-168.18307
36164,-171.29767
36165,-174.20454
36166,-176.49495
36167,-177.76755
36168,-177.68573
36169,-176.2898
36170,-174.13123
36171,-171.78227
36172,-169.79103
36173,-168.7056
36174,-169.07387
36175,-171.44337
36176,-176.36093
36177,-189.37242
36178,-195.5006
36179,-188.98912
36180,-188.92316
36181,-188.80423
36182,-188.60594
36183,-188.3018
36184,-187.86537
36185,-187.27019
36186,-186.4898
36187,-185.49776
36188,-184.2825
36189,-182.91904
36190,-181.59981
36191,-180.52208
36192,-179.87741
36193,-179.8265
36194,-180.35083
36195,-181.18874
36196,-182.06903
36197,-182.73212
36198,-182.94148
36199,-182.59457
36200,-181.77052
36201,-180.55582
36202,-179.02826
36203,-177.27533
36204,-175.44019
36205,-173.74162
36206,-172.4014
36207,-171.63768
36208,-171.63799
36209,-172.41232
36210,-173.7302
36211,-175.35172
36212,-177.04854
36213,-178.60243
36214,-179.85406
36215,-180.72377
36216,-181.13495
36217,-181.00723
36218,-180.28036
36219,-179.0112
36220,-177.41542
36221,-175.71513
36222,-174.12491
36223,-172.8594
36224,-172.13313
36225,-172.16066
36226,-173.15637
36227,-175.33452
36228,-176.71278
36229,-174.95831
36230,-173.63937
36231,-172.24054
36232,-170.8096
36233,-169.39426
36234,-168.04234
36235,-166.80157
36236,-165.71971
36237,-164.84456
36238,-164.23051
36239,-163.9708
36240,-164.21123
36241,-165.09962
36242,-166.78123
36243,-169.35246
36244,-172.62616
36245,-176.03128
36246,-178.98215
36247,-180.91132
36248,-181.33073
36249,-180.21445
36250,-178.163
36251,-175.80238
36252,-173.72923
36253,-172.4749
36254,-172.19104
36255,-172.5149
36256,-173.06342
36257,-173.47821
36258,-173.4495
36259,-172.95006
36260,-172.33551
36261,-171.9767
36262,-172.22621
36263,-173.37651
36264,-175.37091
36265,-177.68005
36266,-179.75612
36267,-181.074
36268,-181.17465
36269,-179.98442
36270,-177.95198
36271,-175.54726
36272,-173.21558
36273,-171.40224
36274,-170.55261
36275,-171.11177
36276,-173.5244
36277,-178.23479
36278,-181.60504
36279,-179.30278
36280,-177.90317
36281,-176.46082
36282,-175.06598
36283,-173.8088
36284,-172.77957
36285,-172.06842
36286,-171.76558
36287,-171.9612
36288,-172.7301
36289,-174.05856
36290,-175.81265
36291,-177.8538
36292,-180.04921
36293,-182.2577
36294,-184.28976
36295,-185.8903
36296,-186.80159
36297,-186.76881
36298,-185.58707
36299,-183.34189
36300,-180.51283
36301,-177.59567
36302,-175.06775
36303,-173.34827
36304,-172.51924
36305,-172.2059
36306,-172.01532
36307,-171.57645
36308,-170.57744
36309,-169.05037
36310,-167.49352
36311,-166.42358
36312,-166.33513
36313,-167.65483
36314,-170.4164
36315,-174.12169
36316,-178.25204
36317,-182.31451
36318,-185.85191
36319,-188.6138
36320,-190.62978
36321,-191.94038
36322,-192.5729
36323,-192.55464
36324,-191.91286
36325,-190.67487
36326,-188.86801
36327,-186.51958
36328,-188.42892
36329,-202.70781
36330,-207.6108
36331,-205.51381
36332,-206.67433
36333,-206.35014
36334,-204.79945
36335,-202.28075
36336,-199.05293
36337,-195.37506
36338,-191.51883
36339,-187.82823
36340,-184.74506
36341,-182.71509
36342,-182.1792
36343,-183.48952
36344,-186.48425
36345,-190.30624
36346,-194.07118
36347,-196.9284
36348,-198.11458
36349,-197.37418
36350,-195.14066
36351,-191.87604
36352,-188.01039
36353,-183.9667
36354,-180.1248
36355,-176.806
36356,-174.32909
36357,-173.01538
36358,-173.12056
36359,-174.51941
36360,-176.57117
36361,-178.61507
36362,-180.01508
36363,-180.2093
36364,-179.06682
36365,-177.04086
36366,-174.60832
36367,-172.21852
36368,-170.2878
36369,-169.03975
36370,-168.4371
36371,-168.43216
36372,-168.98964
36373,-170.07426
36374,-171.65091
36375,-173.68423
36376,-176.1391
36377,-178.98027
36378,-178.96306
36379,-174.0149
36380,-172.05942
36381,-171.36893
36382,-171.66808
36383,-172.6819
36384,-174.1355
36385,-175.75417
36386,-177.26328
36387,-178.38815
36388,-178.91052
36389,-178.93906
36390,-179.02588
36391,-179.74077
36392,-181.63232
36393,-185.15623
36394,-190.23027
36395,-201.04424
36396,-206.75977
36397,-206.57375
36398,-209.76987
36399,-211.13599
36400,-211.14418
36401,-210.29509
36402,-209.05768
36403,-207.86493
36404,-206.93886
36405,-206.215
36406,-205.61679
36407,-205.0812
36408,-204.541
36409,-203.90477
36410,-203.04828
36411,-201.84592
36412,-200.1736
36413,-197.93646
36414,-195.21022
36415,-192.30199
36416,-189.52855
36417,-187.1958
36418,-185.58081
36419,-184.79329
36420,-184.71608
36421,-185.22295
36422,-186.19835
36423,-187.52692
36424,-189.09328
36425,-190.78206
36426,-192.47794
36427,-194.0656
36428,-193.76599
36429,-190.65353
36430,-189.20605
36431,-188.3975
36432,-188.03616
36433,-187.9305
36434,-187.88902
36435,-187.72026
36436,-187.23276
36437,-186.23506
36438,-184.57394
36439,-182.31873
36440,-179.8408
36441,-177.52385
36442,-175.73723
36443,-174.80795
36444,-174.81703
36445,-175.51231
36446,-176.62848
36447,-177.91612
36448,-179.14072
36449,-180.15297
36450,-180.91924
36451,-181.41049
36452,-181.5921
36453,-181.44847
36454,-181.07399
36455,-180.71223
36456,-180.61275
36457,-181.01802
36458,-182.12767
36459,-183.89253
36460,-185.92657
36461,-187.8305
36462,-189.22101
36463,-189.75586
36464,-189.33168
36465,-188.16873
36466,-186.50064
36467,-184.54568
36468,-182.5095
36469,-180.52328
36470,-178.61732
36471,-176.81778
36472,-175.1557
36473,-173.662
36474,-172.3677
36475,-171.30374
36476,-170.50111
36477,-169.99072
36478,-170.31203
36479,-171.69193
36480,-172.66728
36481,-173.57349
36482,-174.46918
36483,-175.41304
36484,-176.46378
36485,-177.68002
36486,-179.12048
36487,-180.84377
36488,-182.87793
36489,-185.0731
36490,-187.03845
36491,-188.3736
36492,-188.6895
36493,-187.65071
36494,-185.2345
36495,-181.84238
36496,-177.89352
36497,-173.78714
36498,-169.90408
36499,-166.51685
36500,-163.75107
36501,-161.72653
36502,-160.5699
36503,-160.3829
36504,-161.1229
36505,-162.55148
36506,-164.42282
36507,-166.5005
36508,-168.55675
36509,-170.41406
36510,-171.96289
36511,-173.09636
36512,-173.70427
36513,-173.70079
36514,-173.14195
36515,-172.27574
36516,-171.35803
36517,-170.63542
36518,-170.3269
36519,-170.49077
36520,-170.9675
36521,-171.58905
36522,-172.19781
36523,-172.63611
36524,-172.74628
36525,-172.3707
36526,-171.35167
36527,-169.53139
36528,-169.08192
36529,-171.83572
36530,-172.82794
36531,-173.05591
36532,-172.6361
36533,-171.68504
36534,-170.31929
36535,-168.65555
36536,-166.81042
36537,-164.90063
36538,-163.04565
36539,-161.38127
36540,-160.0653
36541,-159.25642
36542,-159.11223
36543,-159.76006
36544,-161.15175
36545,-163.0017
36546,-165.01506
36547,-166.90846
36548,-168.44908
36549,-169.69763
36550,-171.11232
36551,-173.16696
36552,-176.31624
36553,-180.90788
36554,-191.66971
36555,-197.49078
36556,-197.22815
36557,-199.77872
36558,-199.20166
36559,-195.50534
36560,-194.9878
36561,-189.00285
36562,-183.8451
36563,-175.67754
36564,-174.89885
36565,-175.87228
36566,-177.92012
36567,-180.41443
36568,-182.77232
36569,-184.66948
36570,-186.13164
36571,-187.19855
36572,-187.89316
36573,-188.2385
36574,-188.25757
36575,-187.9734
36576,-187.40903
36577,-186.58746
36578,-184.70912
36579,-181.26353
36580,-178.34091
36581,-175.66673
36582,-173.31662
36583,-171.36607
36584,-169.89058
36585,-168.96568
36586,-168.66681
36587,-169.06947
36588,-170.22824
36589,-172.07686
36590,-174.38554
36591,-176.91798
36592,-179.44589
36593,-181.74869
36594,-183.65094
36595,-185.03804
36596,-185.79787
36597,-185.8153
36598,-185.01427
36599,-183.54617
36600,-181.87083
36601,-180.46078
36602,-179.77374
36603,-180.19899
36604,-181.72742
36605,-183.81047
36606,-185.87843
36607,-187.38736
36608,-187.85931
36609,-187.19966
36610,-185.83377
36611,-184.20808
36612,-182.7447
36613,-181.82147
36614,-181.55933
36615,-181.73097
36616,-182.09512
36617,-182.42711
36618,-182.5213
36619,-182.28278
36620,-181.76654
36621,-181.0337
36622,-180.13809
36623,-179.1337
36624,-178.07448
36625,-177.01439
36626,-176.00731
36627,-175.10727
36628,-173.52498
36629,-171.18648
36630,-170.85504
36631,-171.64847
36632,-173.2645
36633,-175.40121
36634,-177.75671
36635,-180.02927
36636,-181.91722
36637,-183.11888
36638,-183.37267
36639,-182.65129
36640,-181.24484
36641,-179.45638
36642,-177.5739
36643,-175.8607
36644,-174.43466
36645,-173.2171
36646,-172.12137
36647,-171.07013
36648,-170.00114
36649,-168.9391
36650,-168.02646
36651,-167.41046
36652,-167.23265
36653,-167.6079
36654,-168.4966
36655,-169.64984
36656,-170.81052
36657,-171.73154
36658,-172.20113
36659,-172.2123
36660,-172.03552
36661,-171.95236
36662,-172.2311
36663,-173.10251
36664,-174.57921
36665,-176.3784
36666,-178.2058
36667,-179.78117
36668,-180.85048
36669,-181.31145
36670,-181.2676
36671,-180.83054
36672,-180.10226
36673,-179.18472
36674,-178.17992
36675,-177.1898
36676,-176.31645
36677,-175.66182
36678,-174.3743
36679,-171.99391
36680,-170.99751
36681,-170.77379
36682,-171.18568
36683,-172.09622
36684,-173.36845
36685,-174.86545
36686,-176.45035
36687,-177.9863
36688,-179.34366
36689,-180.43454
36690,-181.22769
36691,-181.69409
36692,-181.80196
36693,-181.54576
36694,-181.0721
36695,-180.73369
36696,-180.89171
36697,-181.89731
36698,-184.03963
36699,-187.2477
36700,-190.9631
36701,-194.60822
36702,-197.62897
36703,-199.52986
36704,-200.15652
36705,-199.81706
36706,-198.83871
36707,-197.527
36708,-196.1669
36709,-194.92256
36710,-193.79416
36711,-192.77519
36712,-191.86676
36713,-191.07127
36714,-190.39789
36715,-189.86508
36716,-189.49171
36717,-189.29617
36718,-189.29225
36719,-189.46716
36720,-189.77202
36721,-190.15651
36722,-190.57199
36723,-190.96985
36724,-191.30142
36725,-191.51816
36726,-191.57138
36727,-191.41248
36728,-190.75516
36729,-189.45009
36730,-188.18362
36731,-186.91609
36732,-185.71368
36733,-184.64247
36734,-183.76859
36735,-183.15816
36736,-182.87724
36737,-182.99197
36738,-183.539
36739,-184.38446
36740,-185.1632
36741,-185.50093
36742,-185.03423
36743,-183.46729
36744,-180.89824
36745,-177.95949
36746,-175.30533
36747,-173.56477
36748,-173.3046
36749,-174.73045
36750,-177.55934
36751,-181.48897
36752,-186.24063
36753,-196.51732
36754,-201.91489
36755,-206.88405
36756,-205.86987
36757,-208.324
36758,-208.7816
36759,-207.26573
36760,-204.46211
36761,-201.08514
36762,-197.81871
36763,-195.27814
36764,-193.67839
36765,-192.69124
36766,-191.96616
36767,-191.17838
36768,-190.03706
36769,-188.44907
36770,-186.58905
36771,-184.64268
36772,-182.78296
36773,-181.18285
36774,-180.01534
36775,-179.45337
36776,-179.66978
36777,-180.83736
36778,-180.97537
36779,-178.38745
36780,-177.5998
36781,-177.62593
36782,-178.2938
36783,-179.4314
36784,-180.8669
36785,-182.42847
36786,-183.94426
36787,-185.24257
36788,-186.16199
36789,-186.60144
36790,-186.54161
36791,-185.9665
36792,-184.85623
36793,-183.21281
36794,-181.16592
36795,-179.01851
36796,-177.08041
36797,-175.65338
36798,-174.99861
36799,-175.1419
36800,-175.79048
36801,-176.63898
36802,-177.39723
36803,-177.81105
36804,-177.83487
36805,-177.70586
36806,-177.67247
36807,-177.96959
36808,-178.80225
36809,-180.20085
36810,-181.95952
36811,-183.86302
36812,-185.70738
36813,-187.3042
36814,-188.55469
36815,-189.48164
36816,-190.11272
36817,-190.46977
36818,-190.57175
36819,-190.4202
36820,-189.99313
36821,-189.26768
36822,-188.22205
36823,-186.83438
36824,-185.08292
36825,-182.94577
36826,-180.40121
36827,-177.42737
36828,-174.9312
36829,-174.33778
36830,-174.74156
36831,-175.91185
36832,-177.56897
36833,-179.43333
36834,-181.22552
36835,-182.66612
36836,-183.47566
36837,-183.3746
36838,-182.15245
36839,-180.00066
36840,-177.65588
36841,-175.8771
36842,-175.3974
36843,-176.83498
36844,-180.14296
36845,-184.37424
36846,-188.54694
36847,-191.72269
36848,-193.07547
36849,-192.43262
36850,-190.50757
36851,-188.0504
36852,-185.76993
36853,-184.30319
36854,-183.86961
36855,-184.12216
36856,-184.69115
36857,-185.23386
36858,-185.44066
36859,-185.19432
36860,-184.63814
36861,-183.92593
36862,-183.19922
36863,-182.58803
36864,-182.156
36865,-181.87668
36866,-181.71999
36867,-181.66013
36868,-181.66678
36869,-181.68332
36870,-181.61748
36871,-181.37558
36872,-180.86555
36873,-179.99548
36874,-178.67326
36875,-176.80681
36876,-174.30405
36877,-171.07283
36878,-169.27658
36879,-170.67584
36880,-170.40955
36881,-169.5892
36882,-168.43849
36883,-167.18094
36884,-166.04028
36885,-165.24022
36886,-165.0044
36887,-165.55641
36888,-167.06871
36889,-169.4167
36890,-172.07388
36891,-174.49811
36892,-176.16667
36893,-176.62877
36894,-175.85272
36895,-174.37488
36896,-172.75441
36897,-171.52364
36898,-171.1545
36899,-171.76799
36900,-173.00967
36901,-174.50641
36902,-175.90791
36903,-176.90111
36904,-177.389
36905,-177.5673
36906,-177.64343
36907,-177.8108
36908,-178.2417
36909,-178.98528
36910,-179.924
36911,-180.93356
36912,-181.89774
36913,-182.70416
36914,-183.26369
36915,-183.51833
36916,-183.41133
36917,-182.88445
36918,-181.89926
36919,-180.5325
36920,-179.01694
36921,-177.59178
36922,-176.48872
36923,-175.93954
36924,-176.1758
36925,-177.42911
36926,-179.93083
36927,-183.91211
36928,-186.69685
36929,-185.54926
36930,-185.90494
36931,-186.97816
36932,-188.86475
36933,-191.66042
36934,-195.46085
36935,-200.36153
36936,-211.45787
36937,-218.84506
36938,-227.52599
36939,-236.9683
36940,-245.91563
36941,-253.08269
36942,-252.21733
36943,-252.25328
36944,-248.21925
36945,-246.63782
36946,-239.10426
36947,-232.1489
36948,-227.14034
36949,-219.50069
36950,-218.36678
36951,-217.81973
36952,-217.00157
36953,-215.13503
36954,-211.90994
36955,-207.65051
36956,-202.70831
36957,-202.40558
36958,-197.0586
36959,-191.94798
36960,-182.30582
36961,-178.36208
36962,-175.34883
36963,-173.45296
36964,-172.59897
36965,-172.35606
36966,-172.27948
36967,-171.94157
36968,-170.96645
36969,-169.27931
36970,-167.21326
36971,-165.1177
36972,-163.32266
36973,-162.15805
36974,-161.9538
36975,-163.03958
36976,-165.745
36977,-170.39922
36978,-174.41434
36979,-174.55318
36980,-175.2312
36981,-175.79361
36982,-176.27577
36983,-176.713
36984,-177.14066
36985,-177.59407
36986,-178.1086
36987,-178.71956
36988,-179.45348
36989,-180.28552
36990,-181.12134
36991,-181.86378
36992,-182.419
36993,-182.70308
36994,-182.6895
36995,-182.42953
36996,-181.97763
36997,-181.38458
36998,-180.70659
36999,-180.03136
37000,-179.4895
37001,-179.21333
37002,-179.33301
37003,-179.94846
37004,-180.98322
37005,-182.12198
37006,-183.04004
37007,-183.42401
37008,-183.00389
37009,-181.76218
37010,-180.0237
37011,-178.1272
37012,-176.39526
37013,-175.11893
37014,-174.40567
37015,-174.11435
37016,-174.09389
37017,-174.20512
37018,-174.32164
37019,-174.39151
37020,-174.46349
37021,-174.59036
37022,-174.82014
37023,-175.20079
37024,-175.78024
37025,-176.60655
37026,-177.72757
37027,-179.19135
37028,-179.25368
37029,-176.70396
37030,-175.80418
37031,-175.67397
37032,-176.20253
37033,-177.27917
37034,-178.7933
37035,-180.6343
37036,-182.69154
37037,-184.85455
37038,-187.00053
37039,-188.93546
37040,-190.36887
37041,-191.00626
37042,-190.5577
37043,-188.79372
37044,-185.83829
37045,-182.29492
37046,-178.78714
37047,-175.91594
37048,-174.22246
37049,-173.90086
37050,-174.67537
37051,-176.25154
37052,-178.35748
37053,-180.72386
37054,-183.09525
37055,-185.23488
37056,-186.90689
37057,-187.87433
37058,-187.94238
37059,-187.16145
37060,-185.91428
37061,-184.5973
37062,-183.5913
37063,-183.24048
37064,-183.67691
37065,-184.74507
37066,-186.27794
37067,-188.1222
37068,-190.12984
37069,-192.18353
37070,-194.20746
37071,-196.12741
37072,-197.86726
37073,-199.3508
37074,-200.50189
37075,-201.24434
37076,-201.50194
37077,-201.19843
37078,-200.49147
37079,-199.9357
37080,-199.7339
37081,-199.70941
37082,-199.76541
37083,-199.80516
37084,-199.73189
37085,-199.44878
37086,-198.85913
37087,-197.86607
37088,-196.39542
37089,-194.5046
37090,-192.42946
37091,-190.41339
37092,-188.69133
37093,-187.4627
37094,-186.72081
37095,-186.17949
37096,-185.5413
37097,-184.52199
37098,-182.87503
37099,-180.5726
37100,-177.88376
37101,-175.08955
37102,-172.45708
37103,-170.24051
37104,-168.61955
37105,-167.67296
37106,-167.47534
37107,-168.10619
37108,-169.6106
37109,-171.83469
37110,-174.3551
37111,-176.73811
37112,-178.56285
37113,-179.45988
37114,-179.3582
37115,-178.59143
37116,-177.50943
37117,-176.4429
37118,-175.69351
37119,-175.39317
37120,-175.44405
37121,-175.739
37122,-176.18199
37123,-176.67691
37124,-177.12773
37125,-177.43835
37126,-177.51273
37127,-177.25473
37128,-174.81409
37129,-169.88477
37130,-168.28438
37131,-168.4362
37132,-169.92548
37133,-172.33786
37134,-175.25948
37135,-178.27655
37136,-180.97557
37137,-182.943
37138,-183.82181
37139,-183.5846
37140,-182.65033
37141,-181.45624
37142,-180.41843
37143,-179.90692
37144,-180.02318
37145,-180.50476
37146,-181.07475
37147,-181.47362
37148,-181.47331
37149,-181.02893
37150,-180.3438
37151,-179.63124
37152,-179.09285
37153,-178.9056
37154,-179.10393
37155,-179.52919
37156,-180.01494
37157,-180.404
37158,-180.55905
37159,-180.45822
37160,-180.23615
37161,-180.03362
37162,-179.98416
37163,-180.1991
37164,-180.66136
37165,-181.18002
37166,-181.5572
37167,-181.60324
37168,-181.15565
37169,-180.20941
37170,-178.97304
37171,-177.66367
37172,-176.48839
37173,-175.65416
37174,-175.36803
37175,-175.83693
37176,-177.26772
37177,-179.86708
37178,-180.75261
37179,-177.36166
37180,-176.03197
37181,-175.47168
37182,-175.50682
37183,-175.96341
37184,-176.66763
37185,-177.44568
37186,-178.1238
37187,-178.5282
37188,-178.51926
37189,-178.15602
37190,-177.76654
37191,-177.68977
37192,-178.25177
37193,-179.72577
37194,-182.07817
37195,-184.86009
37196,-187.60632
37197,-189.87149
37198,-191.25287
37199,-191.59485
37200,-191.077
37201,-189.89255
37202,-188.21884
37203,-186.2317
37204,-184.09705
37205,-181.96732
37206,-179.99438
37207,-178.33078
37208,-177.11824
37209,-176.43594
37210,-176.27829
37211,-176.63632
37212,-177.50505
37213,-178.85889
37214,-180.55225
37215,-182.27701
37216,-183.7187
37217,-184.57057
37218,-184.56664
37219,-183.67831
37220,-182.19908
37221,-180.43544
37222,-178.67876
37223,-177.22038
37224,-176.35172
37225,-176.364
37226,-177.54842
37227,-180.19585
37228,-182.02249
37229,-180.33917
37230,-179.34822
37231,-178.40373
37232,-177.53175
37233,-176.75833
37234,-176.10948
37235,-175.61125
37236,-175.28963
37237,-175.17067
37238,-175.27744
37239,-175.61623
37240,-176.17027
37241,-176.92203
37242,-177.85498
37243,-178.95117
37244,-180.18398
37245,-181.5151
37246,-182.90584
37247,-184.31801
37248,-185.70564
37249,-186.97762
37250,-187.98163
37251,-188.5628
37252,-188.56924
37253,-187.8803
37254,-186.55753
37255,-184.9096
37256,-183.2554
37257,-181.90205
37258,-181.12215
37259,-180.98743
37260,-181.29738
37261,-181.84055
37262,-182.41862
37263,-182.86336
37264,-183.18187
37265,-183.61876
37266,-184.4282
37267,-185.853
37268,-188.0907
37269,-191.07579
37270,-194.38681
37271,-197.58813
37272,-200.26132
37273,-201.98764
37274,-202.3483
37275,-200.92392
37276,-197.29465
37277,-196.03976
37278,-189.72656
37279,-182.1595
37280,-179.77602
37281,-178.01785
37282,-176.8246
37283,-176.13585
37284,-175.8912
37285,-176.03027
37286,-176.49277
37287,-177.21837
37288,-178.1312
37289,-179.06482
37290,-179.73026
37291,-179.83354
37292,-179.08656
37293,-177.26088
37294,-174.47617
37295,-171.32408
37296,-168.41547
37297,-166.33882
37298,-165.60056
37299,-166.23119
37300,-167.61682
37301,-169.11867
37302,-170.12885
37303,-170.10812
37304,-168.91594
37305,-166.95216
37306,-164.63812
37307,-162.36952
37308,-160.50815
37309,-159.21878
37310,-158.399
37311,-157.93604
37312,-157.72986
37313,-157.6987
37314,-157.86678
37315,-158.40198
37316,-159.47775
37317,-161.2605
37318,-163.87767
37319,-167.22989
37320,-170.91081
37321,-174.50233
37322,-177.6012
37323,-179.8041
37324,-180.7076
37325,-179.90787
37326,-177.00066
37327,-171.58112
37328,-168.5974
37329,-173.1499
37330,-175.42268
37331,-177.17444
37332,-178.50859
37333,-179.52863
37334,-180.33797
37335,-181.04015
37336,-181.73866
37337,-182.53703
37338,-183.53188
37339,-184.77957
37340,-186.28217
37341,-188.0394
37342,-190.05365
37343,-192.30687
37344,-194.6622
37345,-196.82172
37346,-198.4812
37347,-199.34386
37348,-199.14804
37349,-197.83719
37350,-195.633
37351,-192.76881
37352,-189.46495
37353,-185.9443
37354,-182.44319
37355,-179.21637
37356,-176.51923
37357,-174.60623
37358,-173.70094
37359,-173.8476
37360,-174.84775
37361,-176.49342
37362,-178.58826
37363,-180.93967
37364,-183.37622
37365,-185.75511
37366,-187.93468
37367,-189.77197
37368,-191.13509
37369,-191.9575
37370,-192.261
37371,-192.07103
37372,-191.40878
37373,-190.29549
37374,-188.75238
37375,-186.80066
37376,-184.46164
37377,-181.75658
37378,-186.2772
37379,-207.22218
37380,-214.81158
37381,-213.49191
37382,-214.01753
37383,-212.14467
37384,-208.6319
37385,-204.23941
37386,-199.7287
37387,-195.86162
37388,-193.31752
37389,-192.29526
37390,-192.34273
37391,-192.98122
37392,-193.76315
37393,-194.27843
37394,-194.33382
37395,-194.02988
37396,-193.47919
37397,-192.78047
37398,-192.03497
37399,-191.35881
37400,-190.88808
37401,-190.75975
37402,-191.10979
37403,-192.05678
37404,-193.61877
37405,-195.67725
37406,-198.10832
37407,-200.79465
37408,-203.60176
37409,-206.29659
37410,-208.51198
37411,-209.87527
37412,-210.01991
37413,-208.65785
37414,-205.95932
37415,-202.71712
37416,-199.7509
37417,-197.85133
37418,-197.72249
37419,-199.56667
37420,-202.9065
37421,-207.23727
37422,-212.08678
37423,-216.98343
37424,-221.45576
37425,-225.03235
37426,-227.24158
37427,-227.61118
37428,-228.7084
37429,-232.628
37430,-232.78976
37431,-230.84903
37432,-227.2372
37433,-222.38678
37434,-221.73108
37435,-215.70387
37436,-209.73935
37437,-204.27167
37438,-194.70221
37439,-191.24211
37440,-188.84451
37441,-187.45187
37442,-187.01875
37443,-187.46446
37444,-188.50269
37445,-189.5685
37446,-190.08589
37447,-189.4921
37448,-187.30634
37449,-183.52704
37450,-178.80283
37451,-173.8095
37452,-169.19241
37453,-165.53857
37454,-163.09615
37455,-161.65445
37456,-160.98448
37457,-160.87944
37458,-161.14195
37459,-161.62898
37460,-162.27126
37461,-163.00243
37462,-163.75256
37463,-164.45891
37464,-165.10054
37465,-165.71288
37466,-166.33372
37467,-166.99808
37468,-167.73598
37469,-168.54854
37470,-169.39633
37471,-170.2349
37472,-171.01962
37473,-171.70552
37474,-172.24826
37475,-172.60472
37476,-172.73352
37477,-172.59488
37478,-172.95363
37479,-173.83795
37480,-172.54945
37481,-170.0176
37482,-166.59248
37483,-162.62549
37484,-158.469
37485,-154.47601
37486,-150.99997
37487,-148.39465
37488,-146.95988
37489,-146.68199
37490,-147.1229
37491,-147.82817
37492,-148.36385
37493,-148.34047
37494,-147.62794
37495,-146.44724
37496,-145.03262
37497,-143.60155
37498,-142.34802
37499,-141.33214
37500,-140.43254
37501,-139.52065
37502,-138.47629
37503,-137.19667
37504,-135.68015
37505,-134.06247
37506,-132.48436
37507,-131.07974
37508,-129.96323
37509,-129.13838
37510,-128.45836
37511,-127.77043
37512,-126.92894
37513,-125.809685
37514,-124.414314
37515,-122.91492
37516,-121.48985
37517,-120.30926
37518,-119.525185
37519,-119.18549
37520,-119.19709
37521,-119.461395
37522,-119.88648
37523,-120.38034
37524,-120.850914
37525,-121.206055
37526,-121.35352
37527,-121.2011
37528,-121.44192
37529,-122.47575
37530,-122.34004
37531,-121.60837
37532,-120.46066
37533,-119.0768
37534,-117.63667
37535,-116.32009
37536,-115.30688
37537,-114.77678
37538,-114.87712
37539,-115.566
37540,-116.54537
37541,-117.50739
37542,-118.15644
37543,-118.22993
37544,-117.65671
37545,-116.6249
37546,-115.332565
37547,-113.965294
37548,-112.69762
37549,-111.63972
37550,-110.81464
37551,-110.2421
37552,-109.946045
37553,-109.94241
37554,-110.20029
37555,-110.625404
37556,-111.12104
37557,-111.59358
37558,-111.97436
37559,-112.33977
37560,-112.962654
37561,-114.12348
37562,-116.09328
37563,-119.07397
37564,-122.86522
37565,-126.72205
37566,-129.87863
37567,-131.59547
37568,-131.2324
37569,-128.7254
37570,-124.79075
37571,-120.17467
37572,-115.585915
37573,-111.733
37574,-109.32422
37575,-109.06791
37576,-111.67299
37577,-122.849236
37578,-128.4988
37579,-123.33875
37580,-124.50274
37581,-125.7985
37582,-127.176956
37583,-128.58911
37584,-129.98596
37585,-131.31848
37586,-132.5377
37587,-133.59468
37588,-134.44536
37589,-135.07478
37590,-135.50697
37591,-135.76764
37592,-135.88052
37593,-135.87996
37594,-135.86217
37595,-136.00674
37596,-136.49664
37597,-137.51073
37598,-139.19109
37599,-141.46616
37600,-143.97505
37601,-146.34595
37602,-148.22087
37603,-149.29132
37604,-149.53552
37605,-149.32004
37606,-149.02637
37607,-149.01756
37608,-149.60036
37609,-150.75455
37610,-152.0174
37611,-152.9091
37612,-152.97116
37613,-151.81657
37614,-149.47429
37615,-146.53705
37616,-143.61945
37617,-141.30927
37618,-140.12903
37619,-140.22289
37620,-141.2227
37621,-142.74069
37622,-144.41385
37623,-145.87909
37624,-146.7734
37625,-146.73373
37626,-145.39699
37627,-142.39986
37628,-142.99371
37629,-156.1588
37630,-154.22829
37631,-155.06676
37632,-154.20088
37633,-152.15768
37634,-149.46451
37635,-146.64899
37636,-144.23889
37637,-142.76189
37638,-142.6793
37639,-144.06737
37640,-146.481
37641,-149.45532
37642,-152.55052
37643,-155.35674
37644,-157.63751
37645,-159.39113
37646,-160.6248
37647,-161.33453
37648,-161.52399
37649,-161.24144
37650,-160.59578
37651,-159.69824
37652,-158.65712
37653,-157.58267
37654,-156.59561
37655,-155.83113
37656,-155.4249
37657,-155.51183
37658,-156.20418
37659,-157.48201
37660,-159.14645
37661,-160.99179
37662,-162.82089
37663,-164.45383
37664,-165.8108
37665,-166.94733
37666,-167.92432
37667,-168.79611
37668,-169.61176
37669,-170.38942
37670,-171.10524
37671,-171.73375
37672,-172.25148
37673,-172.63495
37674,-172.86072
37675,-172.90526
37676,-172.74513
37677,-172.35683
37678,-172.42667
37679,-173.56128
37680,-174.27208
37681,-174.75433
37682,-174.96063
37683,-174.84361
37684,-174.35591
37685,-173.45016
37686,-172.07895
37687,-170.19487
37688,-167.78157
37689,-165.00354
37690,-162.27036
37691,-160.0012
37692,-158.60362
37693,-158.41928
37694,-159.40775
37695,-161.01146
37696,-162.65292
37697,-163.77953
37698,-163.91382
37699,-163.01494
37700,-161.6335
37701,-160.34358
37702,-159.69093
37703,-160.15521
37704,-161.83195
37705,-164.29657
37706,-167.10442
37707,-169.83592
37708,-172.09845
37709,-173.65527
37710,-174.4808
37711,-174.55775
37712,-173.85864
37713,-172.39131
37714,-170.36894
37715,-168.28313
37716,-166.63649
37717,-165.91844
37718,-166.55293
37719,-168.5841
37720,-171.54218
37721,-174.93744
37722,-178.30504
37723,-181.18022
37724,-183.09828
37725,-183.59425
37726,-182.20274
37727,-178.45778
37728,-176.03978
37729,-178.89601
37730,-179.63536
37731,-179.68124
37732,-179.19626
37733,-178.34322
37734,-177.28494
37735,-176.18428
37736,-175.20413
37737,-174.5074
37738,-174.23756
37739,-174.42572
37740,-174.95056
37741,-175.68477
37742,-176.50832
37743,-177.29758
37744,-177.90788
37745,-178.166
37746,-177.89758
37747,-176.92957
37748,-175.13866
37749,-172.69174
37750,-170.14885
37751,-168.08594
37752,-167.06017
37753,-167.5533
37754,-169.6098
37755,-172.68234
37756,-176.20067
37757,-179.62321
37758,-182.44194
37759,-184.3437
37760,-185.27884
37761,-185.20815
37762,-184.07965
37763,-181.86023
37764,-178.62527
37765,-174.5977
37766,-170.00658
37767,-165.07411
37768,-165.02773
37769,-155.12491
37770,-150.66394
37771,-146.94455
37772,-144.26442
37773,-142.92104
37774,-143.21191
37775,-145.43434
37776,-149.88553
37777,-161.86223
37778,-166.54881
37779,-158.83453
37780,-157.81317
37781,-157.04318
37782,-156.57137
37783,-156.44444
37784,-156.7092
37785,-157.41234
37786,-158.6006
37787,-160.32076
37788,-162.59572
37789,-165.3108
37790,-168.16476
37791,-170.84926
37792,-173.06487
37793,-174.5502
37794,-175.26474
37795,-175.46729
37796,-175.42844
37797,-175.40466
37798,-175.62589
37799,-176.16763
37800,-176.89621
37801,-177.66965
37802,-178.356
37803,-178.83203
37804,-179.0256
37805,-178.93385
37806,-178.55652
37807,-177.89015
37808,-176.92899
37809,-175.65392
37810,-174.02782
37811,-172.0128
37812,-169.5719
37813,-166.69939
37814,-163.57193
37815,-160.61308
37816,-158.25627
37817,-156.92299
37818,-156.98056
37819,-158.48196
37820,-161.0549
37821,-164.3106
37822,-167.88095
37823,-171.39786
37824,-174.4935
37825,-176.79988
37826,-177.94905
37827,-177.57266
37828,-176.24501
37829,-176.61024
37830,-180.15845
37831,-185.60808
37832,-197.22354
37833,-204.27028
37834,-211.01456
37835,-216.723
37836,-215.6621
37837,-217.0974
37838,-215.43964
37839,-210.95149
37840,-210.05478
37841,-204.22363
37842,-194.8792
37843,-193.27328
37844,-194.67586
37845,-198.02765
37846,-202.21628
37847,-206.19373
37848,-208.98953
37849,-210.07939
37850,-209.54384
37851,-207.48839
37852,-203.98997
37853,-199.17767
37854,-198.48271
37855,-192.74658
37856,-187.82841
37857,-179.56772
37858,-178.67819
37859,-180.14622
37860,-182.97374
37861,-186.12444
37862,-188.60956
37863,-189.54805
37864,-188.68372
37865,-186.60751
37866,-183.94507
37867,-181.2824
37868,-179.15721
37869,-177.82593
37870,-177.16336
37871,-177.02911
37872,-177.30084
37873,-177.85628
37874,-178.57324
37875,-179.32953
37876,-180.00294
37877,-180.47131
37878,-179.50926
37879,-176.90413
37880,-176.3132
37881,-176.62852
37882,-177.49307
37883,-178.55022
37884,-179.44334
37885,-179.8159
37886,-179.31122
37887,-177.57257
37888,-174.32298
37889,-169.75166
37890,-164.67986
37891,-159.95474
37892,-156.39334
37893,-154.7186
37894,-155.10875
37895,-157.00473
37896,-159.81918
37897,-163.00032
37898,-166.02776
37899,-168.56189
37900,-170.50781
37901,-171.78003
37902,-172.28131
37903,-171.94264
37904,-170.85956
37905,-169.35036
37906,-167.74232
37907,-166.35223
37908,-165.46214
37909,-165.15292
37910,-165.23277
37911,-165.49922
37912,-165.7629
37913,-165.85677
37914,-165.74403
37915,-165.56422
37916,-165.4638
37917,-165.58084
37918,-166.03964
37919,-166.88533
37920,-168.05562
37921,-169.484
37922,-171.1091
37923,-172.86955
37924,-174.70407
37925,-176.55128
37926,-178.34987
37927,-180.0385
37928,-180.43132
37929,-178.94733
37930,-178.732
37931,-179.247
37932,-180.51024
37933,-182.53987
37934,-185.35379
37935,-188.97
37936,-193.40639
37937,-203.6809
37938,-209.75253
37939,-216.23875
37940,-222.2945
37941,-227.0565
37942,-224.68274
37943,-224.44946
37944,-221.32588
37945,-216.22447
37946,-215.1004
37947,-208.86641
37948,-203.36641
37949,-194.03996
37950,-190.77739
37951,-188.4458
37952,-186.93819
37953,-186.1537
37954,-186.02696
37955,-186.54025
37956,-187.67796
37957,-189.4221
37958,-191.75107
37959,-194.62187
37960,-197.96262
37961,-201.70016
37962,-205.76286
37963,-210.05476
37964,-214.33891
37965,-218.1871
37966,-221.16333
37967,-222.84032
37968,-222.8548
37969,-221.21777
37970,-218.4489
37971,-215.09036
37972,-211.66107
37973,-208.68025
37974,-206.66698
37975,-206.14006
37976,-207.61766
37977,-211.61713
37978,-211.0535
37979,-204.90868
37980,-199.31937
37981,-191.03348
37982,-189.627
37983,-189.67691
37984,-190.76111
37985,-192.45795
37986,-194.34612
37987,-196.00455
37988,-197.04524
37989,-197.27176
37990,-196.74773
37991,-195.54732
37992,-193.73239
37993,-191.38194
37994,-188.67352
37995,-185.91873
37996,-183.43454
37997,-181.53166
37998,-180.4797
37999,-180.3093
38000,-180.72758
38001,-181.42882
38002,-182.12277
38003,-182.54309
38004,-182.56198
38005,-182.23947
38006,-181.6431
38007,-180.83153
38008,-179.87265
38009,-178.88846
38010,-178.0742
38011,-177.62793
38012,-177.74437
38013,-178.583
38014,-180.0999
38015,-181.97563
38016,-183.87988
38017,-185.4955
38018,-186.54208
38019,-186.95245
38020,-186.94864
38021,-186.76427
38022,-186.61928
38023,-186.73364
38024,-187.32733
38025,-188.62032
38026,-190.83232
38027,-194.18304
38028,-195.90337
38029,-193.14787
38030,-191.42728
38031,-189.82515
38032,-188.33673
38033,-186.95729
38034,-185.68207
38035,-184.50624
38036,-183.42513
38037,-182.43393
38038,-181.54039
38039,-180.82477
38040,-180.46565
38041,-180.64557
38042,-181.5423
38043,-183.29173
38044,-185.7867
38045,-188.59097
38046,-191.25536
38047,-193.34642
38048,-194.4741
38049,-194.50078
38050,-193.63126
38051,-192.08424
38052,-190.06247
38053,-187.76881
38054,-185.40633
38055,-183.17831
38056,-181.28802
38057,-179.93874
38058,-179.29628
38059,-179.30923
38060,-179.63202
38061,-179.90733
38062,-179.79189
38063,-178.99413
38064,-177.52281
38065,-175.79388
38066,-174.23969
38067,-173.27335
38068,-173.26033
38069,-174.29051
38070,-176.08029
38071,-178.33139
38072,-180.7635
38073,-183.0964
38074,-185.04988
38075,-186.34375
38076,-186.69766
38077,-185.8311
38078,-182.97188
38079,-179.02777
38080,-177.62442
38081,-177.56139
38082,-178.4347
38083,-179.84077
38084,-181.3763
38085,-182.63812
38086,-183.223
38087,-182.72772
38088,-180.8408
38089,-177.7858
38090,-174.5122
38091,-171.99915
38092,-171.19121
38093,-172.88258
38094,-176.99692
38095,-182.27988
38096,-192.43224
38097,-191.21185
38098,-192.53314
38099,-191.22029
38100,-188.33205
38101,-184.97845
38102,-182.21219
38103,-180.99011
38104,-181.71088
38105,-184.0168
38106,-187.52003
38107,-191.86903
38108,-196.7072
38109,-201.64722
38110,-206.25983
38111,-210.11414
38112,-212.78119
38113,-213.8956
38114,-213.46388
38115,-211.9973
38116,-210.02905
38117,-208.06892
38118,-206.58102
38119,-205.76201
38120,-205.44586
38121,-205.45119
38122,-205.61385
38123,-205.76965
38124,-205.75449
38125,-205.4042
38126,-204.55463
38127,-203.04152
38128,-202.07216
38129,-202.75822
38130,-202.3273
38131,-201.35086
38132,-199.91203
38133,-198.09387
38134,-195.97954
38135,-193.65227
38136,-191.19519
38137,-188.69156
38138,-186.22368
38139,-183.86836
38140,-181.69508
38141,-179.77304
38142,-178.17163
38143,-176.95438
38144,-176.14969
38145,-175.73846
38146,-175.69981
38147,-176.01503
38148,-176.6712
38149,-177.68878
38150,-179.13356
38151,-181.07307
38152,-183.57265
38153,-186.65395
38154,-190.08525
38155,-193.29147
38156,-195.68404
38157,-196.6905
38158,-195.84894
38159,-193.34203
38160,-190.22777
38161,-187.60097
38162,-186.51544
38163,-187.8684
38164,-191.6504
38165,-196.6252
38166,-201.5086
38167,-205.07579
38168,-206.23114
38169,-204.63086
38170,-200.95195
38171,-195.91476
38172,-195.19286
38173,-189.46048
38174,-184.3921
38175,-175.66191
38176,-173.94356
38177,-174.90984
38178,-177.00478
38179,-177.4022
38180,-178.27966
38181,-179.24202
38182,-180.21172
38183,-181.11118
38184,-181.86287
38185,-182.38928
38186,-182.6128
38187,-182.45583
38188,-181.8612
38189,-180.89015
38190,-179.76456
38191,-178.71286
38192,-177.95576
38193,-177.67203
38194,-177.79617
38195,-177.93182
38196,-177.66943
38197,-176.61525
38198,-174.43208
38199,-171.11253
38200,-167.09659
38201,-162.84236
38202,-158.78673
38203,-155.34352
38204,-152.79219
38205,-151.23015
38206,-150.7477
38207,-151.4438
38208,-153.3723
38209,-156.325
38210,-159.73918
38211,-163.03857
38212,-165.66412
38213,-167.12494
38214,-167.32649
38215,-166.71118
38216,-165.74242
38217,-164.85828
38218,-164.46242
38219,-164.75812
38220,-165.67732
38221,-167.1414
38222,-169.08458
38223,-171.44124
38224,-174.14568
38225,-177.13225
38226,-180.33531
38227,-183.68927
38228,-186.12758
38229,-186.51097
38230,-186.57361
38231,-186.20778
38232,-185.55156
38233,-184.74318
38234,-183.92078
38235,-183.22253
38236,-182.78665
38237,-182.75133
38238,-183.21713
38239,-184.0662
38240,-184.8848
38241,-185.24742
38242,-184.74251
38243,-183.03067
38244,-180.19261
38245,-176.87889
38246,-173.76355
38247,-171.4937
38248,-170.63731
38249,-171.30429
38250,-172.98396
38251,-175.14151
38252,-177.27191
38253,-178.90096
38254,-179.73207
38255,-179.70952
38256,-178.7869
38257,-176.9064
38258,-174.05315
38259,-170.46222
38260,-166.70773
38261,-163.37747
38262,-161.04309
38263,-160.2076
38264,-160.97638
38265,-162.91673
38266,-165.57506
38267,-168.52376
38268,-171.3605
38269,-173.82826
38270,-175.86685
38271,-177.42381
38272,-178.43712
38273,-178.8449
38274,-178.58505
38275,-177.59558
38276,-175.8144
38277,-173.17946
38278,-170.48274
38279,-169.0476
38280,-168.19551
38281,-167.92482
38282,-168.17271
38283,-168.8765
38284,-169.9734
38285,-171.40079
38286,-173.09593
38287,-174.99619
38288,-177.02727
38289,-179.04738
38290,-180.82332
38291,-182.11815
38292,-182.69937
38293,-182.37088
38294,-181.14877
38295,-179.33691
38296,-177.25093
38297,-175.19286
38298,-173.42859
38299,-172.01373
38300,-170.71886
38301,-169.30315
38302,-167.53941
38303,-165.24153
38304,-162.46259
38305,-159.57964
38306,-156.98253
38307,-155.04575
38308,-154.0988
38309,-154.21045
38310,-155.09673
38311,-156.45992
38312,-158.01938
38313,-159.50629
38314,-160.72021
38315,-161.55336
38316,-161.90154
38317,-161.656
38318,-160.73907
38319,-159.25273
38320,-157.54271
38321,-155.96439
38322,-154.86139
38323,-154.57741
38324,-155.45592
38325,-157.84033
38326,-162.07378
38327,-173.49893
38328,-178.43816
38329,-172.72754
38330,-173.1053
38331,-173.47475
38332,-173.83444
38333,-174.18292
38334,-174.51869
38335,-174.84029
38336,-175.1463
38337,-175.43521
38338,-175.70557
38339,-175.95544
38340,-176.18259
38341,-176.38461
38342,-176.5593
38343,-176.7098
38344,-176.8714
38345,-177.12282
38346,-177.54451
38347,-178.21477
38348,-179.19029
38349,-180.40152
38350,-181.60797
38351,-182.56241
38352,-183.02574
38353,-182.79576
38354,-181.8852
38355,-180.59808
38356,-179.25034
38357,-178.14403
38358,-177.54878
38359,-177.5456
38360,-177.95982
38361,-178.60666
38362,-179.31343
38363,-179.92714
38364,-180.40802
38365,-180.8699
38366,-181.43279
38367,-182.20932
38368,-183.29591
38369,-184.69449
38370,-186.27913
38371,-187.91872
38372,-189.48836
38373,-190.86308
38374,-191.91794
38375,-192.52791
38376,-192.56796
38377,-191.91309
38378,-190.53755
38379,-188.58347
38380,-186.17534
38381,-183.52011
38382,-180.8088
38383,-178.23259
38384,-175.98244
38385,-174.24944
38386,-173.22452
38387,-173.09859
38388,-174.01804
38389,-175.87105
38390,-178.19643
38391,-180.51935
38392,-182.38173
38393,-183.37471
38394,-183.37527
38395,-182.64787
38396,-181.47244
38397,-180.11081
38398,-178.81232
38399,-177.7544
38400,-177.01674
38401,-176.67502
38402,-176.80972
38403,-177.4809
38404,-178.63136
38405,-180.04485
38406,-181.49887
38407,-182.77856
38408,-183.69507
38409,-184.21114
38410,-184.4947
38411,-184.72203
38412,-185.0597
38413,-185.64714
38414,-186.46683
38415,-187.2885
38416,-187.87323
38417,-187.99236
38418,-187.45377
38419,-186.27922
38420,-184.78021
38421,-183.28017
38422,-182.08879
38423,-181.5157
38424,-181.87053
38425,-183.46266
38426,-186.6012
38427,-191.59491
38428,-195.82773
38429,-196.03229
38430,-196.62099
38431,-196.93974
38432,-197.02036
38433,-196.8946
38434,-196.59433
38435,-196.15132
38436,-195.59738
38437,-194.96439
38438,-194.28352
38439,-193.5826
38440,-192.88461
38441,-192.21246
38442,-191.58925
38443,-191.02019
38444,-190.40697
38445,-189.51076
38446,-188.087
38447,-185.89769
38448,-182.76172
38449,-178.82942
38450,-174.70076
38451,-170.99414
38452,-168.30663
38453,-167.1493
38454,-167.53514
38455,-168.80266
38456,-170.26422
38457,-171.26462
38458,-171.23752
38459,-170.13269
38460,-168.5993
38461,-167.31445
38462,-166.92192
38463,-167.97359
38464,-170.48802
38465,-173.76195
38466,-177.06416
38467,-179.6983
38468,-181.0479
38469,-180.9604
38470,-179.91241
38471,-178.40572
38472,-176.91243
38473,-175.90495
38474,-175.85548
38475,-177.23605
38476,-180.51828
38477,-191.17314
38478,-201.28276
38479,-214.1725
38480,-220.66957
38481,-218.48515
38482,-218.38747
38483,-216.14702
38484,-212.53651
38485,-208.33032
38486,-204.3037
38487,-201.23227
38488,-199.78554
38489,-200.01753
38490,-201.14835
38491,-202.36412
38492,-202.89073
38493,-202.03897
38494,-199.61311
38495,-196.08728
38496,-191.96394
38497,-187.71439
38498,-183.78262
38499,-180.45305
38500,-177.79341
38501,-175.86264
38502,-174.72978
38503,-174.45105
38504,-175.00826
38505,-176.28227
38506,-178.15005
38507,-180.49342
38508,-183.18074
38509,-186.00224
38510,-188.64233
38511,-190.78116
38512,-192.1039
38513,-192.33582
38514,-191.4355
38515,-189.6783
38516,-187.35262
38517,-184.73207
38518,-182.07822
38519,-179.58186
38520,-177.33786
38521,-175.43716
38522,-173.97523
38523,-173.04753
38524,-172.74947
38525,-173.1764
38526,-174.42365
38527,-176.58652
38528,-179.6572
38529,-182.61707
38530,-183.9485
38531,-184.17393
38532,-183.45743
38533,-181.96323
38534,-179.85568
38535,-177.29927
38536,-174.45853
38537,-171.49803
38538,-168.58234
38539,-165.87527
38540,-163.5399
38541,-161.73914
38542,-160.63593
38543,-160.35028
38544,-160.75273
38545,-161.37617
38546,-161.74048
38547,-161.3816
38548,-159.90611
38549,-157.33107
38550,-154.22974
38551,-151.19739
38552,-148.80276
38553,-147.53772
38554,-147.44745
38555,-147.97261
38556,-148.53065
38557,-148.56815
38558,-147.61719
38559,-145.70724
38560,-143.54146
38561,-141.84903
38562,-141.3269
38563,-142.56702
38564,-145.55194
38565,-149.43962
38566,-153.35657
38567,-156.46925
38568,-158.0401
38569,-157.8888
38570,-156.58955
38571,-154.74612
38572,-152.92635
38573,-151.69818
38574,-151.62953
38575,-153.28807
38576,-157.24117
38577,-169.0555
38578,-173.86476
38579,-166.43109
38580,-166.37524
38581,-166.90959
38582,-167.875
38583,-169.11253
38584,-170.46324
38585,-171.76816
38586,-172.86838
38587,-173.60495
38588,-173.84016
38589,-173.55956
38590,-172.91563
38591,-172.06766
38592,-171.16685
38593,-170.35104
38594,-169.67946
38595,-169.10492
38596,-168.57599
38597,-168.04637
38598,-167.48203
38599,-166.92006
38600,-166.49408
38601,-166.3415
38602,-166.59506
38603,-167.3865
38604,-168.84135
38605,-171.0769
38606,-174.21004
38607,-178.35793
38608,-183.58008
38609,-194.60191
38610,-200.6968
38611,-206.12086
38612,-205.15182
38613,-207.15712
38614,-207.0279
38615,-205.3659
38616,-202.80322
38617,-199.93912
38618,-197.3256
38619,-195.23787
38620,-193.57512
38621,-192.2209
38622,-191.0765
38623,-190.04332
38624,-189.02266
38625,-187.9159
38626,-186.62442
38627,-185.04958
38628,-182.75758
38629,-179.87296
38630,-177.93071
38631,-176.52603
38632,-175.56409
38633,-174.95013
38634,-174.58943
38635,-174.38724
38636,-174.2489
38637,-174.07971
38638,-173.79994
38639,-173.41696
38640,-173.05614
38641,-172.84746
38642,-172.91533
38643,-173.36275
38644,-174.16853
38645,-175.14333
38646,-176.09103
38647,-176.82375
38648,-177.17459
38649,-177.09962
38650,-176.72145
38651,-176.16927
38652,-175.56442
38653,-175.02556
38654,-174.65569
38655,-174.53658
38656,-174.7492
38657,-175.37547
38658,-176.48659
38659,-178.09128
38660,-180.11383
38661,-182.47516
38662,-185.1002
38663,-187.90637
38664,-190.76692
38665,-193.49533
38666,-195.9027
38667,-197.80292
38668,-199.03094
38669,-199.54417
38670,-199.46613
38671,-198.92712
38672,-198.04965
38673,-196.95638
38674,-195.76985
38675,-194.61282
38676,-193.60785
38677,-192.87767
38678,-192.55142
38679,-192.41908
38680,-191.95804
38681,-191.36856
38682,-190.72925
38683,-190.11859
38684,-189.61523
38685,-189.29768
38686,-189.24452
38687,-189.53426
38688,-190.24231
38689,-191.4257
38690,-193.11682
38691,-195.34688
38692,-198.1484
38693,-201.50734
38694,-205.1403
38695,-208.39871
38696,-210.61926
38697,-211.15555
38698,-209.46889
38699,-205.65079
38700,-200.64949
38701,-200.4508
38702,-191.00107
38703,-188.1427
38704,-187.11354
38705,-187.3324
38706,-188.18492
38707,-189.0961
38708,-189.547
38709,-189.34346
38710,-188.73146
38711,-187.97487
38712,-187.31674
38713,-186.97449
38714,-187.01611
38715,-187.30733
38716,-187.70558
38717,-188.07802
38718,-188.30925
38719,-188.38576
38720,-188.43216
38721,-188.57855
38722,-188.94855
38723,-189.66579
38724,-190.85374
38725,-192.63597
38726,-195.13591
38727,-198.47693
38728,-200.21301
38729,-197.98804
38730,-196.7765
38731,-195.72375
38732,-194.80855
38733,-194.00969
38734,-193.30595
38735,-192.67613
38736,-192.09901
38737,-191.5534
38738,-191.03104
38739,-190.59903
38740,-190.4266
38741,-190.6872
38742,-191.54932
38743,-193.13106
38744,-195.25832
38745,-197.36093
38746,-198.85287
38747,-199.16678
38748,-197.83965
38749,-195.01752
38750,-191.67317
38751,-188.81433
38752,-187.40987
38753,-188.27707
38754,-191.35454
38755,-195.39162
38756,-199.09114
38757,-201.213
38758,-200.67764
38759,-197.3409
38760,-192.32938
38761,-191.8241
38762,-181.94746
38763,-178.71194
38764,-177.48949
38765,-177.78453
38766,-179.0668
38767,-180.84764
38768,-182.66833
38769,-184.24144
38770,-185.51164
38771,-186.43283
38772,-186.94777
38773,-186.99931
38774,-186.5302
38775,-185.48318
38776,-183.80101
38777,-181.42638
38778,-182.27809
38779,-194.10027
38780,-192.48228
38781,-194.35165
38782,-194.94058
38783,-194.48138
38784,-193.20667
38785,-191.34933
38786,-189.1423
38787,-186.81874
38788,-184.58849
38789,-182.5259
38790,-180.52156
38791,-178.45871
38792,-176.22911
38793,-173.76495
38794,-171.23221
38795,-169.11409
38796,-167.90642
38797,-168.08968
38798,-170.05267
38799,-173.65265
38800,-178.02776
38801,-182.28857
38802,-185.58044
38803,-187.16225
38804,-186.95232
38805,-185.76314
38806,-184.44386
38807,-183.80154
38808,-184.53644
38809,-186.7279
38810,-189.61435
38811,-192.40103
38812,-194.33337
38813,-194.74585
38814,-193.48996
38815,-191.11916
38816,-188.2158
38817,-185.32965
38818,-182.96187
38819,-181.3303
38820,-180.26872
38821,-179.59526
38822,-179.14638
38823,-178.7586
38824,-178.26845
38825,-177.5125
38826,-176.32722
38827,-174.54915
38828,-173.68561
38829,-175.23639
38830,-176.00883
38831,-176.55473
38832,-176.8866
38833,-177.017
38834,-176.9585
38835,-176.72357
38836,-176.32478
38837,-175.7747
38838,-175.09248
38839,-174.3357
38840,-173.6141
38841,-173.03949
38842,-172.72115
38843,-172.75307
38844,-173.13982
38845,-173.765
38846,-174.50749
38847,-175.2519
38848,-175.89835
38849,-176.43669
38850,-176.97855
38851,-177.64034
38852,-178.53264
38853,-179.74275
38854,-181.22253
38855,-182.74045
38856,-184.0577
38857,-184.94414
38858,-185.20538
38859,-184.85452
38860,-184.18604
38861,-183.5058
38862,-183.10632
38863,-183.23871
38864,-183.91275
38865,-184.81145
38866,-185.60472
38867,-185.97807
38868,-185.65404
38869,-184.57083
38870,-182.95895
38871,-181.06088
38872,-179.10522
38873,-177.32068
38874,-175.9359
38875,-175.17952
38876,-175.28008
38877,-176.466
38878,-178.51082
38879,-180.23584
38880,-180.95818
38881,-181.05307
38882,-180.68677
38883,-180.02556
38884,-179.2359
38885,-178.48415
38886,-177.93675
38887,-177.76013
38888,-178.0991
38889,-178.97314
38890,-180.23195
38891,-181.71841
38892,-183.28368
38893,-184.7855
38894,-186.12065
38895,-187.23872
38896,-188.09131
38897,-188.62762
38898,-188.79712
38899,-188.55185
38900,-187.84718
38901,-186.6386
38902,-184.88135
38903,-182.54692
38904,-179.70102
38905,-176.53694
38906,-173.2533
38907,-170.04263
38908,-167.08168
38909,-164.45518
38910,-162.12321
38911,-160.04102
38912,-158.1696
38913,-156.48169
38914,-155.01709
38915,-153.90662
38916,-153.28458
38917,-153.28094
38918,-154.00275
38919,-155.4239
38920,-157.33826
38921,-159.5326
38922,-161.8025
38923,-163.94353
38924,-165.75133
38925,-167.02138
38926,-167.54932
38927,-167.13052
38928,-165.72429
38929,-164.42538
38930,-164.75377
38931,-166.04247
38932,-168.01263
38933,-170.38564
38934,-172.88289
38935,-175.22592
38936,-177.1363
38937,-178.33553
38938,-178.5879
38939,-177.90714
38940,-176.6449
38941,-175.16647
38942,-173.82124
38943,-172.92918
38944,-172.6392
38945,-172.8687
38946,-173.5257
38947,-174.5294
38948,-175.77708
38949,-177.03854
38950,-177.91096
38951,-177.98466
38952,-176.858
38953,-174.21376
38954,-170.2268
38955,-165.73946
38956,-161.62123
38957,-158.70984
38958,-157.75429
38959,-158.989
38960,-161.95226
38961,-166.1554
38962,-171.1435
38963,-181.4547
38964,-186.58615
38965,-185.97894
38966,-189.07199
38967,-190.30656
38968,-189.21434
38969,-185.85616
38970,-181.01152
38971,-180.49031
38972,-175.0692
38973,-165.52487
38974,-162.63373
38975,-162.17146
38976,-164.91289
38977,-176.63164
38978,-182.2639
38979,-175.87587
38980,-177.01619
38981,-178.838
38982,-181.1005
38983,-183.56291
38984,-185.98462
38985,-188.12505
38986,-189.7435
38987,-190.59933
38988,-190.488
38989,-189.41565
38990,-187.67415
38991,-185.56718
38992,-183.3851
38993,-181.39212
38994,-179.70068
38995,-178.21738
38996,-176.84058
38997,-175.47836
38998,-174.05774
38999,-172.61578
39000,-171.3386
39001,-170.41826
39002,-170.0397
39003,-170.35057
39004,-171.28181
39005,-172.47104
39006,-173.54439
39007,-174.14198
39008,-173.95752
39009,-172.99597
39010,-171.68399
39011,-170.46529
39012,-169.76341
39013,-169.95029
39014,-171.09825
39015,-172.87381
39016,-174.92763
39017,-176.92978
39018,-178.58319
39019,-179.78047
39020,-180.67134
39021,-181.4157
39022,-182.16125
39023,-183.05573
39024,-184.24677
39025,-185.88213
39026,-188.10934
39027,-191.07607
39028,-192.7214
39029,-191.44492
39030,-192.14835
39031,-193.68617
39032,-195.8146
39033,-198.29001
39034,-200.8688
39035,-203.30754
39036,-205.36273
39037,-206.79097
39038,-207.38512
39039,-207.15007
39040,-206.37851
39041,-205.37517
39042,-204.43146
39043,-203.79211
39044,-203.43039
39045,-202.95132
39046,-201.94469
39047,-200.01741
39048,-196.85162
39049,-192.56754
39050,-187.88022
39051,-183.52997
39052,-180.2291
39053,-178.60327
39054,-178.7766
39055,-180.19379
39056,-182.27283
39057,-184.46443
39058,-186.25842
39059,-187.3709
39060,-187.82423
39061,-187.65315
39062,-186.87779
39063,-185.53467
39064,-183.75568
39065,-181.80206
39066,-179.94034
39067,-178.43092
39068,-177.50668
39069,-177.24034
39070,-177.48758
39071,-178.09552
39072,-178.92168
39073,-179.82352
39074,-180.6586
39075,-181.28444
39076,-181.5586
39077,-181.33855
39078,-181.27835
39079,-182.25018
39080,-183.06972
39081,-183.85403
39082,-184.54622
39083,-185.08934
39084,-185.42656
39085,-185.50089
39086,-185.25543
39087,-184.63326
39088,-183.59692
39089,-182.22234
39090,-180.73924
39091,-179.3836
39092,-178.38405
39093,-177.94339
39094,-178.11417
39095,-178.74533
39096,-179.6779
39097,-180.76245
39098,-181.85666
39099,-182.8587
39100,-183.72159
39101,-184.40045
39102,-184.84798
39103,-185.02135
39104,-184.90508
39105,-184.52058
39106,-183.8908
39107,-183.03687
39108,-181.99022
39109,-180.842
39110,-179.76437
39111,-178.93274
39112,-178.5186
39113,-178.66548
39114,-179.35408
39115,-180.3447
39116,-181.3888
39117,-182.24849
39118,-182.7075
39119,-182.67563
39120,-182.23338
39121,-181.4682
39122,-180.45937
39123,-179.28625
39124,-178.02817
39125,-176.76448
39126,-175.57458
39127,-174.53778
39128,-176.09378
39129,-181.5211
39130,-184.484
39131,-186.34763
39132,-187.30453
39133,-187.54745
39134,-187.26918
39135,-186.66261
39136,-185.9208
39137,-185.23679
39138,-184.7906
39139,-184.68665
39140,-184.92674
39141,-185.50854
39142,-186.43456
39143,-187.69331
39144,-189.19179
39145,-190.72644
39146,-192.08937
39147,-193.07787
39148,-193.51544
39149,-193.37784
39150,-192.84729
39151,-192.1145
39152,-191.36046
39153,-190.74448
39154,-190.29958
39155,-189.88763
39156,-189.36357
39157,-188.5904
39158,-187.44531
39159,-185.88829
39160,-183.99144
39161,-181.8314
39162,-179.4796
39163,-177.01067
39164,-174.51833
39165,-172.12201
39166,-169.94217
39167,-168.09811
39168,-166.70091
39169,-165.81459
39170,-165.43942
39171,-165.57309
39172,-166.21642
39173,-167.37013
39174,-169.03497
39175,-171.21175
39176,-173.90118
39177,-177.10403
39178,-178.32715
39179,-175.36726
39180,-173.40817
39181,-171.7249
39182,-170.44136
39183,-169.68143
39184,-169.56892
39185,-170.22768
39186,-171.78143
39187,-174.3538
39188,-178.00429
39189,-182.41959
39190,-186.78209
39191,-190.25479
39192,-192.02458
39193,-191.3961
39194,-188.36148
39195,-183.84647
39196,-178.81622
39197,-174.19246
39198,-170.82858
39199,-169.17874
39200,-169.15643
39201,-170.65349
39202,-173.5877
39203,-177.82733
39204,-182.95355
39205,-193.15898
39206,-192.62146
39207,-195.53748
39208,-196.22223
39209,-194.68333
39210,-191.86848
39211,-188.76495
39212,-186.31631
39213,-185.35753
39214,-186.09096
39215,-187.86212
39216,-189.98239
39217,-191.80417
39218,-192.73624
39219,-192.51425
39220,-191.31685
39221,-189.3407
39222,-186.76164
39223,-183.75566
39224,-180.49881
39225,-177.1672
39226,-173.93694
39227,-170.98415
39228,-169.23148
39229,-169.14731
39230,-168.65031
39231,-168.16151
39232,-167.72426
39233,-167.38187
39234,-167.17761
39235,-167.1549
39236,-167.35693
39237,-167.8271
39238,-168.58606
39239,-169.52312
39240,-170.34966
39241,-170.77013
39242,-170.49733
39243,-169.29283
39244,-167.20117
39245,-164.65063
39246,-162.08488
39247,-159.92935
39248,-158.58487
39249,-158.30997
39250,-159.17027
39251,-161.22394
39252,-164.53818
39253,-169.11546
39254,-179.58249
39255,-185.05772
39256,-184.64037
39257,-187.45403
39258,-187.75255
39259,-185.55
39260,-181.89215
39261,-177.86789
39262,-174.51799
39263,-172.77513
39264,-172.94211
39265,-174.46877
39266,-176.77155
39267,-179.30782
39268,-181.58131
39269,-183.364
39270,-184.79074
39271,-186.01093
39272,-187.15659
39273,-188.35979
39274,-189.75262
39275,-191.46722
39276,-193.63557
39277,-196.38965
39278,-197.20674
39279,-193.79555
39280,-191.55022
39281,-189.53102
39282,-187.71277
39283,-186.07037
39284,-184.57863
39285,-183.21245
39286,-181.94669
39287,-180.75623
39288,-179.62056
39289,-178.54608
39290,-177.57565
39291,-176.75357
39292,-176.12244
39293,-175.71935
39294,-175.55002
39295,-175.57745
39296,-175.76291
39297,-176.06978
39298,-176.46875
39299,-176.97339
39300,-177.65509
39301,-178.58769
39302,-179.84212
39303,-181.4683
39304,-183.39351
39305,-185.3788
39306,-187.17877
39307,-188.55592
39308,-189.29178
39309,-189.27872
39310,-188.5595
39311,-187.18295
39312,-185.19084
39313,-182.64702
39314,-179.74443
39315,-176.85089
39316,-174.3413
39317,-172.58229
39318,-171.89322
39319,-172.31993
39320,-173.53781
39321,-175.20773
39322,-177.00829
39323,-178.6183
39324,-179.71652
39325,-179.98163
39326,-179.09224
39327,-176.72658
39328,-176.15651
39329,-180.51274
39330,-182.74234
39331,-184.13428
39332,-184.7675
39333,-184.72107
39334,-184.07396
39335,-182.90532
39336,-181.29425
39337,-179.31992
39338,-177.07454
39339,-174.72563
39340,-172.54303
39341,-170.80061
39342,-169.76738
39343,-169.66191
39344,-170.41054
39345,-171.54384
39346,-172.57693
39347,-173.04395
39348,-172.54051
39349,-171.02039
39350,-168.92279
39351,-166.70631
39352,-164.80658
39353,-163.61438
39354,-163.26031
39355,-163.5225
39356,-164.16527
39357,-164.96985
39358,-165.73532
39359,-166.36447
39360,-166.90051
39361,-167.39207
39362,-167.88112
39363,-168.40308
39364,-168.9558
39365,-169.48611
39366,-169.93878
39367,-170.26105
39368,-170.40965
39369,-170.39607
39370,-170.30618
39371,-170.22873
39372,-170.24902
39373,-170.45222
39374,-170.92365
39375,-171.74846
39376,-173.01187
39377,-174.79907
39378,-178.51514
39379,-189.14691
39380,-186.861
39381,-187.91986
39382,-187.61905
39383,-186.2544
39384,-184.12206
39385,-181.5185
39386,-178.7403
39387,-176.08418
39388,-173.82497
39389,-172.11005
39390,-170.91418
39391,-170.20522
39392,-169.9592
39393,-170.1406
39394,-170.64584
39395,-171.27942
39396,-171.84227
39397,-172.13965
39398,-171.99527
39399,-171.33998
39400,-170.2496
39401,-168.80582
39402,-167.08336
39403,-165.16519
39404,-163.18217
39405,-161.32993
39406,-159.80658
39407,-158.80717
39408,-158.49982
39409,-158.89592
39410,-159.7949
39411,-160.98804
39412,-162.27666
39413,-163.48714
39414,-164.59041
39415,-165.7533
39416,-167.15024
39417,-168.94623
39418,-171.27623
39419,-174.1002
39420,-177.14145
39421,-180.11397
39422,-182.74316
39423,-184.75443
39424,-185.87306
39425,-185.82422
39426,-184.33282
39427,-181.12346
39428,-178.47234
39429,-179.14252
39430,-179.1389
39431,-179.10805
39432,-179.058
39433,-178.99689
39434,-178.93271
39435,-178.87363
39436,-178.82771
39437,-178.80307
39438,-178.80688
39439,-178.8412
39440,-178.90121
39441,-178.98169
39442,-179.07785
39443,-179.17116
39444,-179.1638
39445,-178.85039
39446,-178.02116
39447,-176.47145
39448,-174.05544
39449,-170.96994
39450,-167.87628
39451,-165.4545
39452,-164.36243
39453,-165.1579
39454,-167.81953
39455,-171.54219
39456,-175.49059
39457,-178.8674
39458,-180.95592
39459,-181.50688
39460,-180.90433
39461,-179.55759
39462,-177.84615
39463,-176.13515
39464,-174.70537
39465,-173.72305
39466,-173.3498
39467,-173.75258
39468,-175.06586
39469,-177.23524
39470,-179.95074
39471,-182.89233
39472,-185.75235
39473,-188.2232
39474,-189.99728
39475,-190.7668
39476,-190.22377
39477,-188.05995
39478,-186.28867
39479,-186.98361
39480,-185.91016
39481,-184.16689
39482,-182.073
39483,-179.94788
39484,-178.11092
39485,-176.88156
39486,-176.57907
39487,-177.52263
39488,-179.95264
39489,-183.65317
39490,-187.79085
39491,-191.50838
39492,-193.9781
39493,-194.47847
39494,-192.9062
39495,-189.99692
39496,-186.52147
39497,-183.21153
39498,-180.73015
39499,-179.33951
39500,-178.75838
39501,-178.68364
39502,-178.83817
39503,-178.97038
39504,-178.97736
39505,-178.9573
39506,-179.01654
39507,-179.25172
39508,-179.73781
39509,-180.42303
39510,-181.08423
39511,-181.4913
39512,-181.42238
39513,-180.69498
39514,-179.35591
39515,-177.7629
39516,-176.28633
39517,-175.2818
39518,-175.06406
39519,-175.71085
39520,-176.979
39521,-178.61253
39522,-180.37094
39523,-182.01375
39524,-183.30052
39525,-183.99078
39526,-183.84395
39527,-182.61935
39528,-182.47911
39529,-185.19864
39530,-185.59909
39531,-184.88692
39532,-183.31644
39533,-181.14221
39534,-178.61902
39535,-176.00172
39536,-173.54518
39537,-171.50435
39538,-170.1012
39539,-169.36696
39540,-169.07425
39541,-168.98555
39542,-168.8758
39543,-168.55331
39544,-168.02155
39545,-167.54794
39546,-167.41043
39547,-167.87427
39548,-169.16312
39549,-171.25919
39550,-173.81795
39551,-176.4821
39552,-178.91008
39553,-180.7924
39554,-182.00575
39555,-182.67896
39556,-182.95093
39557,-182.94855
39558,-182.79453
39559,-182.58691
39560,-182.3902
39561,-182.26762
39562,-182.28392
39563,-182.49387
39564,-182.89352
39565,-183.39987
39566,-183.92651
39567,-184.39095
39568,-184.72025
39569,-184.8975
39570,-184.98161
39571,-185.03455
39572,-185.11465
39573,-185.28035
39574,-185.58997
39575,-186.10185
39576,-186.87439
39577,-187.9659
39578,-191.37807
39579,-202.73781
39580,-201.12427
39581,-202.97733
39582,-203.59538
39583,-203.27731
39584,-202.32222
39585,-201.02953
39586,-199.69876
39587,-198.62956
39588,-198.09225
39589,-198.18655
39590,-198.7809
39591,-199.73425
39592,-200.91661
39593,-202.21582
39594,-203.6237
39595,-205.27307
39596,-207.30257
39597,-209.84398
39598,-212.99287
39599,-216.63356
39600,-220.36427
39601,-223.77156
39602,-226.45535
39603,-228.0382
39604,-228.27438
39605,-227.09703
39606,-224.44691
39607,-220.25624
39608,-219.50864
39609,-212.4869
39610,-204.88078
39611,-197.39845
39612,-190.72914
39613,-185.49336
39614,-176.91406
39615,-174.67537
39616,-173.4398
39617,-172.89558
39618,-172.75261
39619,-172.84451
39620,-173.1725
39621,-173.74438
39622,-174.56006
39623,-175.61943
39624,-176.92232
39625,-178.46864
39626,-180.25826
39627,-182.29099
39628,-181.93152
39629,-177.60153
39630,-175.98712
39631,-175.60498
39632,-176.20683
39633,-177.54445
39634,-179.37001
39635,-181.43558
39636,-183.49345
39637,-185.29597
39638,-186.62419
39639,-187.42645
39640,-187.87788
39641,-188.16266
39642,-188.45425
39643,-188.90057
39644,-189.50119
39645,-190.05434
39646,-190.35027
39647,-190.18863
39648,-189.39091
39649,-187.90544
39650,-185.8525
39651,-183.35942
39652,-180.54552
39653,-177.54376
39654,-174.56647
39655,-171.93352
39656,-169.9692
39657,-168.99242
39658,-169.27989
39659,-170.86394
39660,-173.4457
39661,-176.71349
39662,-180.37157
39663,-184.12553
39664,-187.6876
39665,-190.77888
39666,-193.12073
39667,-194.43405
39668,-194.48167
39669,-193.27101
39670,-191.14163
39671,-188.44698
39672,-185.52496
39673,-182.71367
39674,-180.35121
39675,-178.77562
39676,-178.3247
39677,-179.33612
39678,-180.20586
39679,-179.00745
39680,-178.90573
39681,-179.27458
39682,-180.0237
39683,-181.06287
39684,-182.30186
39685,-183.65045
39686,-185.01848
39687,-186.31569
39688,-187.45496
39689,-188.36656
39690,-189.0045
39691,-189.32368
39692,-189.2779
39693,-188.83566
39694,-188.05128
39695,-187.09535
39696,-186.14322
39697,-185.36475
39698,-184.91884
39699,-184.90067
39700,-185.31914
39701,-186.17967
39702,-187.49167
39703,-189.238
39704,-191.24666
39705,-193.13574
39706,-194.51501
39707,-195.00415
39708,-194.2773
39709,-192.32602
39710,-189.5731
39711,-186.45912
39712,-183.40463
39713,-180.79428
39714,-178.80371
39715,-177.32524
39716,-176.23979
39717,-175.44164
39718,-174.83295
39719,-174.36082
39720,-174.03326
39721,-173.86076
39722,-173.85083
39723,-174.01105
39724,-174.34894
39725,-174.87209
39726,-175.58804
39727,-176.5043
39728,-179.32767
39729,-184.13466
39730,-185.06422
39731,-183.87529
39732,-181.11484
39733,-177.33083
39734,-173.07184
39735,-168.88696
39736,-165.32515
39737,-162.93533
39738,-162.18494
39739,-163.06966
39740,-164.9466
39741,-167.14828
39742,-169.03807
39743,-170.04253
39744,-169.95541
39745,-169.06787
39746,-167.69069
39747,-166.11093
39748,-164.60338
39749,-163.37
39750,-162.51424
39751,-162.1357
39752,-162.33856
39753,-163.20694
39754,-164.70792
39755,-166.65018
39756,-168.83636
39757,-171.07666
39758,-173.18887
39759,-175.03491
39760,-176.53622
39761,-177.61661
39762,-178.19708
39763,-178.21492
39764,-177.703
39765,-176.8237
39766,-175.74455
39767,-174.62695
39768,-173.61612
39769,-172.76266
39770,-171.98915
39771,-171.21303
39772,-170.35782
39773,-169.34712
39774,-168.10442
39775,-166.5533
39776,-164.61725
39777,-162.21983
39778,-159.75517
39779,-158.45482
39780,-158.79083
39781,-160.2373
39782,-162.47678
39783,-165.19194
39784,-168.06564
39785,-170.78087
39786,-173.0206
39787,-174.46774
39788,-174.85815
39789,-174.23512
39790,-173.05891
39791,-171.80641
39792,-170.93484
39793,-170.84229
39794,-171.58284
39795,-172.74481
39796,-173.89833
39797,-174.63576
39798,-174.60484
39799,-173.77519
39800,-172.55263
39801,-171.36044
39802,-170.6012
39803,-170.6192
39804,-171.42032
39805,-172.55219
39806,-173.54445
39807,-173.94864
39808,-173.38463
39809,-171.86906
39810,-169.95674
39811,-168.2239
39812,-167.22136
39813,-167.42664
39814,-168.89288
39815,-171.09846
39816,-173.49939
39817,-175.5794
39818,-176.86919
39819,-177.17259
39820,-176.66315
39821,-175.5292
39822,-173.94151
39823,-172.07095
39824,-170.08841
39825,-168.16486
39826,-166.47119
39827,-165.17834
39828,-165.5965
39829,-168.27087
39830,-169.85422
39831,-171.07358
39832,-172.03122
39833,-172.82939
39834,-173.57037
39835,-174.35648
39836,-175.29001
39837,-176.4732
39838,-177.97435
39839,-179.66386
39840,-181.1443
39841,-182.0076
39842,-181.85834
39843,-180.38193
39844,-177.73445
39845,-174.7104
39846,-172.1304
39847,-170.78482
39848,-171.34875
39849,-173.8295
39850,-177.33057
39851,-180.92049
39852,-183.7115
39853,-184.9242
39854,-184.40884
39855,-182.86922
39856,-181.04391
39857,-179.6313
39858,-179.25597
39859,-180.11235
39860,-181.81221
39861,-183.94432
39862,-186.12527
39863,-187.99759
39864,-189.35379
39865,-190.18939
39866,-190.50807
39867,-190.30377
39868,-189.58182
39869,-188.41286
39870,-186.95633
39871,-185.3753
39872,-183.8287
39873,-182.47542
39874,-181.47435
39875,-180.9844
39876,-181.16438
39877,-182.17302
39878,-181.76328
39879,-177.92912
39880,-175.61897
39881,-173.90625
39882,-172.72113
39883,-171.99385
39884,-171.65466
39885,-171.63391
39886,-171.86183
39887,-172.26878
39888,-172.78542
39889,-173.3439
39890,-173.87871
39891,-174.32433
39892,-174.6152
39893,-174.70007
39894,-174.61139
39895,-174.49492
39896,-174.50099
39897,-174.77443
39898,-175.44597
39899,-176.564
39900,-178.06552
39901,-179.8831
39902,-181.95468
39903,-184.20601
39904,-186.4923
39905,-188.57338
39906,-190.20512
39907,-191.14801
39908,-191.20406
39909,-190.41795
39910,-189.16336
39911,-187.82748
39912,-186.7821
39913,-186.36931
39914,-186.75922
39915,-187.88866
39916,-189.68506
39917,-192.08694
39918,-195.0129
39919,-198.26541
39920,-201.48964
39921,-204.32452
39922,-206.41649
39923,-207.41168
39924,-206.9561
39925,-204.69514
39926,-200.27377
39927,-198.33629
39928,-190.45677
39929,-202.84991
39930,-201.86665
39931,-204.88094
39932,-206.9612
39933,-208.17598
39934,-208.5938
39935,-208.28328
39936,-207.31299
39937,-205.75168
39938,-203.67274
39939,-201.17682
39940,-198.4014
39941,-195.48572
39942,-192.56718
39943,-189.77696
39944,-187.2097
39945,-184.9106
39946,-182.92274
39947,-181.2916
39948,-180.05077
39949,-179.16562
39950,-178.50867
39951,-177.94888
39952,-177.3596
39953,-176.63431
39954,-175.78355
39955,-174.97664
39956,-174.3892
39957,-174.18927
39958,-174.51247
39959,-175.30603
39960,-176.26215
39961,-177.0629
39962,-177.40259
39963,-177.01978
39964,-175.91063
39965,-174.42061
39966,-172.90909
39967,-171.719
39968,-171.15977
39969,-171.3466
39970,-172.13144
39971,-173.35597
39972,-174.87445
39973,-176.54112
39974,-178.21027
39975,-179.73628
39976,-180.97343
39977,-181.77603
39978,-183.06177
39979,-185.31142
39980,-185.77834
39981,-185.2393
39982,-183.92618
39983,-182.07094
39984,-179.90573
39985,-177.66272
39986,-175.57425
39987,-173.87259
39988,-172.75371
39989,-172.20306
39990,-171.92097
39991,-171.59645
39992,-170.93211
39993,-169.68271
39994,-167.90593
39995,-166.06998
39996,-164.65947
39997,-164.13928
39998,-164.90443
39999,-166.94395
40000,-169.69748
40001,-172.5834
40002,-175.04657
40003,-176.59035
40004,-177.0575
40005,-176.75063
40006,-175.99051
40007,-175.07626
40008,-174.28969
40009,-173.8115
40010,-173.68535
40011,-173.94948
40012,-174.64862
40013,-175.8022
40014,-177.28258
40015,-178.76286
40016,-179.90834
40017,-180.39383
40018,-179.9396
40019,-178.53085
40020,-176.51196
40021,-174.24191
40022,-172.0627
40023,-170.31633
40024,-169.34483
40025,-169.48999
40026,-171.0935
40027,-174.49664
40028,-177.65413
40029,-177.35103
40030,-176.19861
40031,-174.20515
40032,-171.67299
40033,-168.90477
40034,-166.20312
40035,-163.8708
40036,-162.2104
40037,-161.52452
40038,-162.0614
40039,-163.75467
40040,-166.1121
40041,-168.62498
40042,-170.80522
40043,-172.22496
40044,-172.80667
40045,-172.9473
40046,-173.0625
40047,-173.54538
40048,-174.7464
40049,-176.76773
40050,-179.37556
40051,-182.32286
40052,-185.3787
40053,-188.31499
40054,-190.91942
40055,-193.00116
40056,-194.37013
40057,-194.83517
40058,-194.24147
40059,-192.64645
40060,-190.39565
40061,-187.84647
40062,-185.34291
40063,-183.19563
40064,-181.52028
40065,-180.16833
40066,-178.98065
40067,-177.81061
40068,-176.53049
40069,-175.12282
40070,-173.71922
40071,-172.4573
40072,-171.46768
40073,-170.88078
40074,-170.82718
40075,-171.43726
40076,-172.84142
40077,-175.17003
40078,-174.84781
40079,-169.33342
40080,-167.28934
40081,-166.79102
40082,-167.50192
40083,-169.08572
40084,-171.20653
40085,-173.52849
40086,-175.71591
40087,-177.4331
40088,-178.38069
40089,-178.47034
40090,-177.89961
40091,-176.87746
40092,-175.59938
40093,-174.27135
40094,-173.16013
40095,-172.61488
40096,-172.98788
40097,-174.6274
40098,-177.7945
40099,-182.24521
40100,-187.05214
40101,-191.26167
40102,-193.95299
40103,-194.33792
40104,-192.40213
40105,-189.18138
40106,-185.75572
40107,-183.15628
40108,-182.28949
40109,-183.33688
40110,-185.49818
40111,-187.93434
40112,-189.85341
40113,-190.54292
40114,-189.75145
40115,-187.85265
40116,-185.24582
40117,-182.30084
40118,-179.37233
40119,-176.72412
40120,-174.49718
40121,-172.82736
40122,-171.85638
40123,-171.72588
40124,-172.57738
40125,-174.55238
40126,-177.79216
40127,-182.43797
40128,-184.83354
40129,-181.71495
40130,-180.80452
40131,-180.5386
40132,-180.70805
40133,-181.1039
40134,-181.51721
40135,-181.73907
40136,-181.56058
40137,-180.77274
40138,-179.21161
40139,-176.97537
40140,-174.51758
40141,-172.3061
40142,-170.7921
40143,-170.37056
40144,-171.11154
40145,-172.6449
40146,-174.58334
40147,-176.56067
40148,-178.24123
40149,-179.46552
40150,-180.31294
40151,-180.87227
40152,-181.22095
40153,-181.42711
40154,-181.50499
40155,-181.39558
40156,-181.037
40157,-180.37076
40158,-179.35936
40159,-178.08704
40160,-176.80315
40161,-175.76361
40162,-175.21652
40163,-175.37123
40164,-176.21175
40165,-177.41719
40166,-178.6546
40167,-179.60567
40168,-179.9802
40169,-179.65184
40170,-178.71635
40171,-177.27824
40172,-175.43161
40173,-173.27051
40174,-170.88904
40175,-168.38138
40176,-165.84163
40177,-163.364
40178,-162.60391
40179,-165.02989
40180,-167.41118
40181,-170.10385
40182,-172.95486
40183,-175.81137
40184,-178.52048
40185,-180.92932
40186,-182.88498
40187,-184.23459
40188,-184.85655
40189,-184.81192
40190,-184.40938
40191,-183.96753
40192,-183.79338
40193,-184.14384
40194,-184.98459
40195,-185.88689
40196,-186.4063
40197,-186.11696
40198,-184.65883
40199,-182.05466
40200,-178.84659
40201,-175.59813
40202,-172.84824
40203,-171.08018
40204,-170.45285
40205,-170.68597
40206,-171.48203
40207,-172.5644
40208,-173.66718
40209,-174.58472
40210,-175.1934
40211,-175.37273
40212,-174.99829
40213,-173.97116
40214,-172.34082
40215,-170.3577
40216,-168.28044
40217,-166.35806
40218,-164.8157
40219,-163.73914
40220,-163.02538
40221,-162.56413
40222,-162.25407
40223,-161.99387
40224,-161.68224
40225,-161.21782
40226,-160.49944
40227,-159.42566
40228,-160.86879
40229,-166.78091
40230,-170.0114
40231,-172.01662
40232,-172.95694
40233,-172.99287
40234,-172.285
40235,-170.99397
40236,-169.28056
40237,-167.30559
40238,-165.23163
40239,-163.23123
40240,-161.49059
40241,-160.1962
40242,-159.53409
40243,-159.66357
40244,-160.5901
40245,-162.11046
40246,-164.01349
40247,-166.098
40248,-168.17471
40249,-170.12323
40250,-171.91637
40251,-173.53055
40252,-174.9378
40253,-176.12006
40254,-177.11691
40255,-178.04625
40256,-179.029
40257,-180.18237
40258,-181.59381
40259,-183.17758
40260,-184.61342
40261,-185.5718
40262,-185.73424
40263,-184.8454
40264,-183.01772
40265,-180.86253
40266,-179.01147
40267,-178.07271
40268,-178.57553
40269,-180.59251
40270,-183.57782
40271,-186.96144
40272,-190.20311
40273,-192.76266
40274,-194.09991
40275,-193.67426
40276,-190.94438
40277,-185.36803
40278,-180.93929
40279,-182.6824
40280,-183.70613
40281,-184.96347
40282,-186.34506
40283,-187.74161
40284,-189.04375
40285,-190.14221
40286,-190.92767
40287,-191.2908
40288,-191.13928
40289,-190.48029
40290,-189.45561
40291,-188.21274
40292,-186.89272
40293,-185.62556
40294,-184.47737
40295,-183.42738
40296,-182.45128
40297,-181.52887
40298,-180.64496
40299,-179.81345
40300,-179.08743
40301,-178.52162
40302,-178.16896
40303,-178.0788
40304,-178.2806
40305,-178.77672
40306,-179.56845
40307,-180.65837
40308,-182.02727
40309,-183.52934
40310,-184.84724
40311,-185.6569
40312,-185.64221
40313,-184.5452
40314,-182.44582
40315,-179.88272
40316,-177.41331
40317,-175.5733
40318,-174.83824
40319,-175.334
40320,-176.71283
40321,-178.60832
40322,-180.67686
40323,-182.57494
40324,-183.95903
40325,-184.48557
40326,-183.81085
40327,-181.5908
40328,-178.65877
40329,-176.79474
40330,-175.35667
40331,-174.46365
40332,-174.16942
40333,-174.52773
40334,-175.59229
40335,-177.41681
40336,-180.05493
40337,-183.56024
40338,-187.93161
40339,-192.85002
40340,-197.5663
40341,-201.31442
40342,-203.34872
40343,-203.0386
40344,-200.42633
40345,-196.4683
40346,-192.16028
40347,-188.45586
40348,-186.20071
40349,-185.61317
40350,-186.06116
40351,-186.87843
40352,-187.43947
40353,-187.19238
40354,-186.01253
40355,-184.35461
40356,-182.69687
40357,-181.4903
40358,-181.12302
40359,-181.61818
40360,-182.50449
40361,-183.29108
40362,-183.51059
40363,-182.77213
40364,-181.1292
40365,-179.23804
40366,-177.77931
40367,-177.40518
40368,-178.67749
40369,-181.63486
40370,-185.6079
40371,-189.89954
40372,-193.84692
40373,-196.78741
40374,-198.05809
40375,-196.99522
40376,-192.93399
40377,-190.20802
40378,-181.34761
40379,-193.76164
40380,-191.78424
40381,-193.36516
40382,-193.76826
40383,-193.25774
40384,-192.09805
40385,-190.55379
40386,-188.88976
40387,-187.37083
40388,-186.2276
40389,-185.49136
40390,-184.92326
40391,-184.27362
40392,-183.3055
40393,-181.8131
40394,-179.77219
40395,-177.40443
40396,-174.94144
40397,-172.60327
40398,-170.59303
40399,-169.01543
40400,-167.84206
40401,-167.0391
40402,-166.57912
40403,-166.43576
40404,-166.58865
40405,-167.0256
40406,-167.7348
40407,-168.70396
40408,-169.91862
40409,-171.35097
40410,-172.95535
40411,-174.68549
40412,-176.49582
40413,-178.33333
40414,-180.10056
40415,-181.64026
40416,-182.79274
40417,-183.40112
40418,-183.33533
40419,-182.62103
40420,-181.49513
40421,-180.20317
40422,-178.98064
40423,-178.06313
40424,-177.68611
40425,-178.08508
40426,-179.49535
40427,-182.15207
40428,-185.26369
40429,-186.9732
40430,-187.49168
40431,-187.17365
40432,-186.28261
40433,-185.08229
40434,-183.8365
40435,-182.80911
40436,-182.26399
40437,-182.46494
40438,-183.6128
40439,-185.54294
40440,-187.59595
40441,-189.09283
40442,-189.37805
40443,-187.90344
40444,-184.74655
40445,-180.83429
40446,-177.12885
40447,-174.55257
40448,-173.90166
40449,-175.24117
40450,-177.64638
40451,-180.15396
40452,-181.84827
40453,-181.92831
40454,-180.25943
40455,-177.61029
40456,-174.78645
40457,-172.55096
40458,-171.57915
40459,-172.03647
40460,-173.39798
40461,-175.11163
40462,-176.6586
40463,-177.56235
40464,-177.59222
40465,-176.85046
40466,-175.45264
40467,-173.4984
40468,-171.10097
40469,-168.45161
40470,-165.84737
40471,-163.58955
40472,-161.97433
40473,-161.29787
40474,-161.85612
40475,-163.94495
40476,-167.85985
40477,-178.89601
40478,-178.43042
40479,-177.87015
40480,-179.56435
40481,-181.9551
40482,-184.77487
40483,-187.75626
40484,-190.63196
40485,-193.13466
40486,-194.99712
40487,-195.95186
40488,-195.77597
40489,-194.50598
40490,-192.53055
40491,-190.2529
40492,-188.05995
40493,-186.30234
40494,-185.11975
40495,-184.36584
40496,-183.88275
40497,-183.52611
40498,-183.16833
40499,-182.77896
40500,-182.45903
40501,-182.31497
40502,-182.4469
40503,-182.93588
40504,-183.75241
40505,-184.71713
40506,-185.64471
40507,-186.35701
40508,-186.69315
40509,-186.593
40510,-186.13322
40511,-185.39577
40512,-184.45627
40513,-183.38522
40514,-182.2231
40515,-180.96986
40516,-179.62372
40517,-178.1849
40518,-176.66061
40519,-175.0988
40520,-173.60269
40521,-172.27763
40522,-171.22638
40523,-170.55165
40524,-170.35623
40525,-170.74278
40526,-171.81393
40527,-173.6723
40528,-172.5418
40529,-170.98676
40530,-163.51596
40531,-163.0002
40532,-164.06755
40533,-166.34657
40534,-169.46626
40535,-173.05574
40536,-176.74438
40537,-180.16173
40538,-182.97429
40539,-185.06372
40540,-186.60289
40541,-187.77621
40542,-188.75441
40543,-189.6881
40544,-190.61209
40545,-191.40382
40546,-191.9345
40547,-192.08272
40548,-191.76324
40549,-191.10175
40550,-190.50977
40551,-190.41045
40552,-191.21338
40553,-193.25708
40554,-196.46776
40555,-200.21341
40556,-203.83998
40557,-206.72005
40558,-208.29997
40559,-208.45514
40560,-207.643
40561,-206.34564
40562,-205.01797
40563,-204.06714
40564,-203.62108
40565,-203.42886
40566,-203.2239
40567,-202.75742
40568,-201.80692
40569,-200.30304
40570,-198.38406
40571,-196.19699
40572,-193.87904
40573,-191.56754
40574,-189.39969
40575,-187.51282
40576,-186.04416
40577,-185.13086
40578,-182.5276
40579,-177.28464
40580,-176.00714
40581,-176.80922
40582,-179.122
40583,-182.3775
40584,-186.00832
40585,-189.44739
40586,-192.12793
40587,-193.48293
40588,-193.03632
40589,-190.8431
40590,-187.67885
40591,-184.34937
40592,-181.62688
40593,-180.20381
40594,-180.30888
40595,-181.54272
40596,-183.48088
40597,-185.72903
40598,-187.91785
40599,-189.82106
40600,-191.40652
40601,-192.6498
40602,-193.51726
40603,-193.99835
40604,-194.21677
40605,-194.47835
40606,-195.0964
40607,-196.37553
40608,-198.549
40609,-201.43608
40610,-204.29521
40611,-206.3623
40612,-206.89954
40613,-205.28883
40614,-201.61089
40615,-196.89615
40616,-192.21622
40617,-188.59866
40618,-186.9564
40619,-187.53658
40620,-189.68498
40621,-192.71141
40622,-195.96901
40623,-198.81148
40624,-200.59253
40625,-200.6655
40626,-198.38298
40627,-193.09637
40628,-190.31883
40629,-184.79823
40630,-181.14984
40631,-186.74763
40632,-200.29295
40633,-210.49104
40634,-221.05028
40635,-230.68126
40636,-238.09546
40637,-237.00288
40638,-236.30734
40639,-231.05766
40640,-227.86427
40641,-218.4125
40642,-209.31953
40643,-202.05908
40644,-197.26247
40645,-189.41776
40646,-187.96501
40647,-187.39882
40648,-187.24408
40649,-187.19899
40650,-187.19604
40651,-187.17729
40652,-187.07367
40653,-186.82812
40654,-186.45326
40655,-186.05627
40656,-185.74818
40657,-185.6355
40658,-185.80527
40659,-186.23135
40660,-186.73424
40661,-187.12833
40662,-187.23523
40663,-186.91435
40664,-186.24495
40665,-185.6042
40666,-185.38136
40667,-185.95152
40668,-187.63338
40669,-190.41837
40670,-193.8548
40671,-197.47356
40672,-200.82675
40673,-203.46652
40674,-204.94504
40675,-204.81384
40676,-202.6241
40677,-197.9261
40678,-194.84833
40679,-197.67732
40680,-198.03099
40681,-197.49858
40682,-196.24492
40683,-194.43475
40684,-192.23317
40685,-189.80511
40686,-187.31573
40687,-184.93013
40688,-182.81177
40689,-181.11421
40690,-179.97778
40691,-179.54208
40692,-179.94737
40693,-181.28755
40694,-183.38727
40695,-185.70665
40696,-187.69154
40697,-188.80518
40698,-188.60541
40699,-187.20102
40700,-185.44814
40701,-184.2336
40702,-184.40894
40703,-186.69238
40704,-191.03047
40705,-201.3253
40706,-206.43852
40707,-205.28207
40708,-206.90279
40709,-206.13188
40710,-203.86552
40711,-201.04509
40712,-198.56287
40713,-197.21191
40714,-197.20651
40715,-197.97621
40716,-198.91849
40717,-199.46817
40718,-199.12233
40719,-197.7399
40720,-195.67055
40721,-193.28444
40722,-190.92876
40723,-188.95076
40724,-187.69765
40725,-187.51642
40726,-188.75392
40727,-191.75655
40728,-192.37592
40729,-186.52551
40730,-182.81291
40731,-179.75359
40732,-177.30792
40733,-175.43631
40734,-174.09927
40735,-173.25726
40736,-172.87083
40737,-172.9005
40738,-173.2845
40739,-173.83133
40740,-174.17377
40741,-173.93765
40742,-172.75713
40743,-170.3419
40744,-166.84196
40745,-163.00426
40746,-159.59978
40747,-157.37106
40748,-156.96336
40749,-158.45813
40750,-161.17378
40751,-164.39944
40752,-167.4612
40753,-169.75
40754,-171.03334
40755,-171.58832
40756,-171.7121
40757,-171.67747
40758,-171.74683
40759,-172.12106
40760,-172.91788
40761,-174.2516
40762,-176.24045
40763,-178.95793
40764,-182.21754
40765,-185.4808
40766,-188.1956
40767,-189.82646
40768,-189.90515
40769,-188.355
40770,-185.63068
40771,-182.2089
40772,-178.54153
40773,-175.08072
40774,-172.27855
40775,-170.58694
40776,-170.45758
40777,-172.34177
40778,-176.09406
40779,-179.74237
40780,-181.46336
40781,-182.02667
40782,-181.72269
40783,-180.84201
40784,-179.67542
40785,-178.51385
40786,-177.6483
40787,-177.3696
40788,-177.92157
40789,-179.2738
40790,-181.02475
40791,-182.75829
40792,-184.07603
40793,-184.63008
40794,-184.3661
40795,-183.62755
40796,-182.77408
40797,-182.14655
40798,-182.04887
40799,-182.57092
40800,-183.5122
40801,-184.66072
40802,-185.81828
40803,-186.79477
40804,-187.44638
40805,-187.69223
40806,-187.45392
40807,-186.65002
40808,-185.22646
40809,-183.28773
40810,-181.15378
40811,-179.1533
40812,-177.60483
40813,-176.78867
40814,-176.76328
40815,-177.28671
40816,-178.10506
40817,-178.97885
40818,-179.6898
40819,-180.14311
40820,-180.41096
40821,-180.57231
40822,-180.69815
40823,-180.8594
40824,-181.12709
40825,-181.5722
40826,-182.26566
40827,-183.27846
40828,-184.95172
40829,-187.14647
40830,-188.5649
40831,-189.54024
40832,-190.14381
40833,-190.44705
40834,-190.52133
40835,-190.43808
40836,-190.26875
40837,-190.08478
40838,-189.94733
40839,-189.85805
40840,-189.73763
40841,-189.50356
40842,-189.07715
40843,-188.40271
40844,-187.55821
40845,-186.80292
40846,-186.40347
40847,-186.61784
40848,-187.65181
40849,-189.40808
40850,-191.37883
40851,-193.03981
40852,-193.8864
40853,-193.49382
40854,-191.90224
40855,-189.78285
40856,-187.83301
40857,-186.72047
40858,-187.02292
40859,-188.79523
40860,-191.38454
40861,-194.10977
40862,-196.32394
40863,-197.44632
40864,-197.28151
40865,-196.15672
40866,-194.4207
40867,-192.39777
40868,-190.38675
40869,-188.5379
40870,-186.79979
40871,-185.11266
40872,-183.42633
40873,-181.69067
40874,-179.85548
40875,-177.87059
40876,-175.6858
40877,-173.25096
40878,-173.64783
40879,-178.3861
40880,-179.02684
40881,-177.75113
40882,-175.10332
40883,-171.6287
40884,-167.87292
40885,-164.38206
40886,-161.70203
40887,-160.37859
40888,-160.87915
40889,-163.2174
40890,-166.79283
40891,-170.98152
40892,-175.18924
40893,-178.87216
40894,-181.77737
40895,-184.04575
40896,-185.8337
40897,-187.27876
40898,-188.4909
40899,-189.41861
40900,-189.79167
40901,-189.3311
40902,-187.768
40903,-184.91574
40904,-181.06653
40905,-177.16248
40906,-174.17252
40907,-173.0345
40908,-174.53413
40909,-178.5762
40910,-183.87401
40911,-194.09532
40912,-192.96576
40913,-194.3646
40914,-193.06424
40915,-190.0489
40916,-186.35332
40917,-182.95604
40918,-180.74492
40919,-180.07834
40920,-180.59692
40921,-181.91267
40922,-183.67183
40923,-185.5209
40924,-187.10648
40925,-188.07512
40926,-188.0733
40927,-186.74731
40928,-183.93724
40929,-180.67319
40930,-178.51631
40931,-177.05211
40932,-176.20836
40933,-175.91301
40934,-176.09398
40935,-176.67926
40936,-177.59682
40937,-178.77464
40938,-180.14343
40939,-181.64888
40940,-183.25706
40941,-184.93492
40942,-186.64842
40943,-188.34653
40944,-189.87912
40945,-190.96216
40946,-191.30597
40947,-190.62726
40948,-188.70354
40949,-185.66771
40950,-182.13472
40951,-178.7396
40952,-176.09473
40953,-174.74355
40954,-174.83026
40955,-175.95813
40956,-177.70914
40957,-179.69127
40958,-181.5333
40959,-182.98442
40960,-183.95645
40961,-184.36786
40962,-184.12921
40963,-183.1729
40964,-181.55855
40965,-179.51819
40966,-177.29099
40967,-175.1079
40968,-173.18973
40969,-171.69762
40970,-170.71204
40971,-170.31013
40972,-170.57297
40973,-171.58144
40974,-173.41653
40975,-176.15907
40976,-179.88992
40977,-184.68973
40978,-186.17348
40979,-180.46262
40980,-176.7847
40981,-173.6129
40982,-170.97432
40983,-168.89607
40984,-167.40526
40985,-166.529
40986,-166.2944
40987,-166.72856
40988,-167.84943
40989,-169.62193
40990,-171.93916
40991,-174.6914
40992,-177.77246
40993,-181.05644
40994,-184.30305
40995,-187.11694
40996,-189.09677
40997,-189.8483
40998,-189.05025
40999,-186.80676
41000,-183.79932
41001,-180.73346
41002,-178.28761
41003,-177.07097
41004,-177.28996
41005,-178.60568
41006,-180.65749
41007,-183.11105
41008,-185.63918
41009,-187.9553
41010,-189.82817
41011,-191.02856
41012,-191.32448
41013,-190.52347
41014,-188.66339
41015,-186.09433
41016,-183.17949
41017,-180.26738
41018,-177.68234
41019,-175.60738
41020,-174.03407
41021,-172.94627
41022,-172.33693
41023,-172.19894
41024,-172.52531
41025,-173.309
41026,-174.54292
41027,-176.22008
41028,-175.73253
41029,-171.79459
41030,-171.40955
41031,-172.73756
41032,-175.29907
41033,-178.61508
41034,-182.20692
41035,-185.59628
41036,-188.30481
41037,-189.85422
41038,-189.8416
41039,-188.30481
41040,-185.87941
41041,-183.22581
41042,-180.9764
41043,-179.68733
41044,-179.47084
41045,-179.83789
41046,-180.27538
41047,-180.29906
41048,-179.49252
41049,-177.83391
41050,-175.83643
41051,-174.03482
41052,-172.9385
41053,-172.98334
41054,-174.17805
41055,-175.95316
41056,-177.7165
41057,-178.90381
41058,-179.05154
41059,-178.28311
41060,-177.51729
41061,-177.70483
41062,-179.75845
41063,-184.43675
41064,-196.60657
41065,-204.92924
41066,-213.02057
41067,-219.55511
41068,-218.33868
41069,-218.93915
41070,-216.95898
41071,-213.04483
41072,-207.79616
41073,-206.81364
41074,-200.69878
41075,-195.05315
41076,-185.47833
41077,-182.57538
41078,-182.06587
41079,-183.30951
41080,-183.94617
41081,-184.36911
41082,-184.52533
41083,-184.36198
41084,-183.82605
41085,-182.8646
41086,-181.42464
41087,-179.45317
41088,-176.92657
41089,-173.99178
41090,-171.02705
41091,-168.42017
41092,-166.5476
41093,-165.74257
41094,-166.08594
41095,-167.31712
41096,-169.1622
41097,-171.36378
41098,-173.67593
41099,-175.91971
41100,-178.00667
41101,-179.8519
41102,-181.36617
41103,-182.46591
41104,-183.10028
41105,-183.26288
41106,-182.94902
41107,-182.15196
41108,-180.88261
41109,-179.25468
41110,-177.52135
41111,-175.94133
41112,-174.76683
41113,-174.21373
41114,-174.28734
41115,-174.70773
41116,-175.18375
41117,-175.43784
41118,-175.22502
41119,-174.48994
41120,-173.43405
41121,-172.26897
41122,-171.19424
41123,-170.40936
41124,-170.11377
41125,-170.50688
41126,-171.78809
41127,-174.15662
41128,-175.5781
41129,-173.83391
41130,-172.84435
41131,-171.9999
41132,-171.32863
41133,-170.85857
41134,-170.61772
41135,-170.63417
41136,-170.93588
41137,-171.5509
41138,-172.50212
41139,-173.78242
41140,-175.34422
41141,-177.13837
41142,-179.1176
41143,-181.2232
41144,-183.33012
41145,-185.22313
41146,-186.68355
41147,-187.49686
41148,-187.4883
41149,-186.71442
41150,-185.54536
41151,-184.36426
41152,-183.53932
41153,-183.3957
41154,-184.00824
41155,-185.11266
41156,-186.4311
41157,-187.70192
41158,-188.67583
41159,-189.17511
41160,-189.11906
41161,-188.43079
41162,-187.02887
41163,-184.86176
41164,-182.05312
41165,-178.96379
41166,-175.96454
41167,-173.41476
41168,-171.6361
41169,-170.73013
41170,-170.50063
41171,-170.73947
41172,-171.2529
41173,-171.84715
41174,-172.32855
41175,-172.50336
41176,-172.17784
41177,-171.15823
41178,-171.79823
41179,-175.82837
41180,-177.3991
41181,-177.82886
41182,-177.3581
41183,-176.22734
41184,-174.67737
41185,-172.94907
41186,-171.28336
41187,-169.92114
41188,-169.07257
41189,-168.76872
41190,-168.79807
41191,-168.9396
41192,-168.98393
41193,-168.74988
41194,-168.2205
41195,-167.60124
41196,-167.10637
41197,-166.93947
41198,-167.2737
41199,-168.10483
41200,-169.18854
41201,-170.27121
41202,-171.11058
41203,-171.50037
41204,-171.4426
41205,-171.2215
41206,-171.13258
41207,-171.45782
41208,-172.43922
41209,-174.08597
41210,-176.0922
41211,-178.13966
41212,-179.92532
41213,-181.17213
41214,-181.75488
41215,-181.7539
41216,-181.2578
41217,-180.34537
41218,-179.0993
41219,-177.62485
41220,-176.05782
41221,-174.53519
41222,-173.19255
41223,-172.16542
41224,-171.5894
41225,-171.59991
41226,-172.33247
41227,-173.92241
41228,-176.91502
41229,-180.8051
41230,-183.07245
41231,-184.3835
41232,-184.88382
41233,-184.71909
41234,-184.03513
41235,-182.97775
41236,-181.69289
41237,-180.3265
41238,-179.01767
41239,-177.86513
41240,-176.91307
41241,-176.20345
41242,-175.78088
41243,-175.68819
41244,-175.95848
41245,-176.61159
41246,-177.66682
41247,-179.14413
41248,-181.05002
41249,-183.31302
41250,-185.75606
41251,-188.19795
41252,-190.46257
41253,-192.39015
41254,-193.91647
41255,-195.10658
41256,-196.03084
41257,-196.75345
41258,-197.31946
41259,-197.66295
41260,-197.56732
41261,-196.80988
41262,-195.17476
41263,-192.5045
41264,-188.98096
41265,-185.2468
41266,-181.96378
41267,-179.77199
41268,-179.23094
41269,-180.43336
41270,-182.84007
41271,-185.88708
41272,-189.04083
41273,-191.7681
41274,-193.53558
41275,-193.80977
41276,-192.05656
41277,-187.74112
41278,-183.41425
41279,-182.90553
41280,-182.4686
41281,-182.53838
41282,-183.0211
41283,-183.82298
41284,-184.85036
41285,-186.00943
41286,-187.20659
41287,-188.34816
41288,-189.33374
41289,-190.02422
41290,-190.22784
41291,-189.75073
41292,-188.40129
41293,-186.04034
41294,-182.83327
41295,-179.35869
41296,-176.21228
41297,-173.97028
41298,-173.13383
41299,-173.76978
41300,-175.35667
41301,-177.3501
41302,-179.23387
41303,-180.54062
41304,-181.08536
41305,-181.06587
41306,-180.69511
41307,-180.168
41308,-179.67801
41309,-179.4108
41310,-179.54105
41311,-180.24307
41312,-181.69164
41313,-184.01273
41314,-187.04987
41315,-190.26387
41316,-193.1005
41317,-195.02393
41318,-195.56177
41319,-194.6123
41320,-192.57649
41321,-189.87625
41322,-186.91005
41323,-184.0765
41324,-181.7743
41325,-180.40204
41326,-180.35805
41327,-182.04037
41328,-184.75017
41329,-186.39188
41330,-186.77238
41331,-186.24174
41332,-184.99219
41333,-183.21606
41334,-181.10591
41335,-178.85426
41336,-176.65375
41337,-174.69699
41338,-173.1616
41339,-172.13817
41340,-171.59926
41341,-171.51285
41342,-171.85245
41343,-172.57584
41344,-173.54936
41345,-174.51544
41346,-175.21155
41347,-175.38118
41348,-174.81334
41349,-173.56274
41350,-172.04396
41351,-170.68607
41352,-169.90094
41353,-170.04927
41354,-171.19351
41355,-172.99272
41356,-175.09007
41357,-177.14815
41358,-178.8612
41359,-180.1071
41360,-181.01224
41361,-181.71301
41362,-182.33388
41363,-182.98071
41364,-183.65054
41365,-184.19313
41366,-184.4523
41367,-184.27885
41368,-183.54427
41369,-182.23996
41370,-180.52008
41371,-178.54541
41372,-176.46906
41373,-174.44414
41374,-172.62381
41375,-171.1611
41376,-170.20914
41377,-169.92096
41378,-170.36156
41379,-171.21364
41380,-172.04292
41381,-172.95894
41382,-173.97577
41383,-175.10764
41384,-176.36865
41385,-177.77301
41386,-179.33484
41387,-181.06827
41388,-182.9773
41389,-185.00629
41390,-187.01923
41391,-188.87683
41392,-190.44366
41393,-191.60231
41394,-192.34035
41395,-192.78745
41396,-193.07921
41397,-193.34442
41398,-193.68845
41399,-194.08014
41400,-194.30331
41401,-194.13423
41402,-193.35788
41403,-191.80466
41404,-189.56992
41405,-187.10825
41406,-184.88925
41407,-183.36545
41408,-182.92287
41409,-183.56104
41410,-184.75615
41411,-185.9636
41412,-186.66377
41413,-186.4018
41414,-185.09874
41415,-183.1856
41416,-181.11414
41417,-179.31212
41418,-178.15993
41419,-177.7622
41420,-177.85005
41421,-178.13968
41422,-178.36516
41423,-178.26056
41424,-177.55995
41425,-175.99725
41426,-173.30637
41427,-169.22093
41428,-165.9631
41429,-166.50218
41430,-167.34685
41431,-168.7708
41432,-170.56068
41433,-172.50314
41434,-174.38498
41435,-175.99295
41436,-177.11377
41437,-177.53418
41438,-177.08093
41439,-175.81413
41440,-174.11012
41441,-172.35811
41442,-170.93225
41443,-170.17726
41444,-170.26677
41445,-171.14253
41446,-172.73715
41447,-174.99435
41448,-177.83272
41449,-181.02539
41450,-184.1482
41451,-186.76942
41452,-188.46669
41453,-188.88034
41454,-188.01628
41455,-186.37627
41456,-184.4824
41457,-182.83362
41458,-181.87338
41459,-181.72325
41460,-182.06831
41461,-182.57617
41462,-182.93532
41463,-182.86641
41464,-182.27771
41465,-181.33136
41466,-180.19989
41467,-179.04369
41468,-178.01498
41469,-177.21822
41470,-176.69301
41471,-176.47638
41472,-176.60847
41473,-177.12936
41474,-178.07915
41475,-179.49791
41476,-181.42563
41477,-183.90239
41478,-187.79819
41479,-192.38277
41480,-193.47295
41481,-192.5438
41482,-190.1417
41483,-186.81401
41484,-183.10876
41485,-179.57434
41486,-176.75914
41487,-175.21146
41488,-175.40092
41489,-177.34229
41490,-180.43433
41491,-184.05202
41492,-187.60005
41493,-190.53036
41494,-192.56824
41495,-193.80907
41496,-194.36302
41497,-194.32283
41498,-193.7767
41499,-192.78723
41500,-191.38199
41501,-189.58719
41502,-187.4307
41503,-184.95567
41504,-182.29457
41505,-179.70082
41506,-177.43274
41507,-175.7429
41508,-174.84126
41509,-174.69016
41510,-174.91672
41511,-175.13477
41512,-174.97423
41513,-174.11188
41514,-172.49724
41515,-170.44945
41516,-168.30247
41517,-166.37273
41518,-164.94878
41519,-164.15732
41520,-163.90587
41521,-164.09323
41522,-164.62877
41523,-165.42188
41524,-166.38194
41525,-167.41832
41526,-168.44046
41527,-169.35777
41528,-171.05238
41529,-173.7426
41530,-174.48326
41531,-174.13441
41532,-172.95609
41533,-171.20853
41534,-169.15213
41535,-167.04729
41536,-165.15463
41537,-163.73454
41538,-163.01996
41539,-163.08342
41540,-163.78043
41541,-164.95798
41542,-166.47357
41543,-168.17967
41544,-169.90028
41545,-171.42036
41546,-172.52357
41547,-172.99516
41548,-172.65517
41549,-171.52495
41550,-169.89888
41551,-168.08226
41552,-166.36745
41553,-165.03351
41554,-164.28212
41555,-164.21024
41556,-164.91054
41557,-166.4807
41558,-168.97289
41559,-172.17513
41560,-175.51791
41561,-178.41794
41562,-180.30913
41563,-180.70253
41564,-179.55885
41565,-177.44855
41566,-174.96681
41567,-172.68022
41568,-171.10579
41569,-170.47215
41570,-170.61719
41571,-171.36324
41572,-172.55138
41573,-174.02277
41574,-175.61856
41575,-177.17998
41576,-178.54828
41577,-179.56462
41578,-179.10242
41579,-176.82178
41580,-175.80914
41581,-175.40176
41582,-175.51465
41583,-176.06291
41584,-176.96158
41585,-178.12587
41586,-179.47087
41587,-180.91177
41588,-182.35835
41589,-183.68901
41590,-184.73952
41591,-185.34396
41592,-185.33841
41593,-184.5974
41594,-183.21928
41595,-181.60599
41596,-180.17186
41597,-179.3168
41598,-179.3854
41599,-180.40121
41600,-181.95273
41601,-183.61136
41602,-184.96928
41603,-185.66516
41604,-185.60779
41605,-185.07199
41606,-184.34738
41607,-183.70634
41608,-183.38899
41609,-183.44824
41610,-183.68314
41611,-183.8826
41612,-183.84753
41613,-183.39998
41614,-182.48386
41615,-181.20863
41616,-179.69035
41617,-178.03732
41618,-176.35052
41619,-174.68788
41620,-173.0494
41621,-171.43263
41622,-169.83792
41623,-168.26566
41624,-166.71614
41625,-165.18971
41626,-163.6868
41627,-162.20766
41628,-160.04332
41629,-157.58319
41630,-157.91074
41631,-159.78062
41632,-162.65999
41633,-166.01637
41634,-169.31755
41635,-172.03156
41636,-173.62633
41637,-173.56958
41638,-171.43304
41639,-167.3958
41640,-162.46072
41641,-157.66434
41642,-154.0042
41643,-152.36789
41644,-153.00612
41645,-155.30779
41646,-158.6287
41647,-162.36623
41648,-165.94229
41649,-168.91917
41650,-171.04912
41651,-172.09154
41652,-171.79662
41653,-169.98595
41654,-166.89725
41655,-163.33258
41656,-160.11679
41657,-158.04787
41658,-157.8169
41659,-159.4947
41660,-162.31282
41661,-165.47055
41662,-168.20776
41663,-169.85106
41664,-170.22997
41665,-169.85541
41666,-169.26509
41667,-168.9644
41668,-169.40195
41669,-170.69614
41670,-172.51817
41671,-174.52173
41672,-176.38196
41673,-177.77402
41674,-178.37305
41675,-177.85403
41676,-175.89174
41677,-172.1606
41678,-170.22998
41679,-173.69981
41680,-175.2779
41681,-176.3125
41682,-176.90851
41683,-177.1709
41684,-177.20468
41685,-177.11487
41686,-177.00652
41687,-176.98462
41688,-177.14253
41689,-177.50557
41690,-178.00694
41691,-178.57613
41692,-179.14702
41693,-179.66241
41694,-180.11678
41695,-180.57446
41696,-181.10269
41697,-181.76526
41698,-182.60867
41699,-183.5782
41700,-184.48213
41701,-185.1233
41702,-185.31096
41703,-184.88019
41704,-183.81573
41705,-182.30551
41706,-180.54567
41707,-178.72275
41708,-177.02715
41709,-175.671
41710,-174.89597
41711,-174.94487
41712,-176.05899
41713,-178.41548
41714,-181.81996
41715,-185.57515
41716,-188.9642
41717,-191.29442
41718,-191.95892
41719,-190.85063
41720,-188.54053
41721,-185.62761
41722,-182.67932
41723,-180.26323
41724,-178.94691
41725,-179.29753
41726,-181.88171
41727,-187.26523
41728,-190.41174
41729,-185.40863
41730,-181.42616
41731,-177.23776
41732,-173.04494
41733,-169.04938
41734,-165.45256
41735,-162.45602
41736,-160.26112
41737,-159.0692
41738,-159.04045
41739,-160.09671
41740,-161.8369
41741,-163.84763
41742,-165.73114
41743,-167.12639
41744,-167.88641
41745,-168.15393
41746,-168.08296
41747,-167.81372
41748,-167.48213
41749,-167.19867
41750,-167.03946
41751,-167.07921
41752,-167.39432
41753,-168.04243
41754,-168.97261
41755,-169.98672
41756,-170.88094
41757,-171.45844
41758,-171.54875
41759,-171.13492
41760,-170.40775
41761,-169.56635
41762,-168.79997
41763,-168.29178
41764,-168.19006
41765,-168.59584
41766,-169.60817
41767,-171.3283
41768,-173.83495
41769,-177.07587
41770,-180.82143
41771,-184.83527
41772,-188.88954
41773,-192.75638
41774,-196.2081
41775,-199.01688
41776,-200.95483
41777,-201.79395
41778,-199.00241
41779,-196.7682
41780,-187.25984
41781,-183.94261
41782,-181.61426
41783,-180.07274
41784,-179.11626
41785,-178.54317
41786,-178.1519
41787,-177.74097
41788,-177.1385
41789,-176.34515
41790,-175.59515
41791,-175.13219
41792,-175.18864
41793,-175.95906
41794,-177.41727
41795,-179.23842
41796,-181.08589
41797,-182.63744
41798,-183.60733
41799,-183.9222
41800,-183.79651
41801,-183.4564
41802,-183.11427
41803,-182.95387
41804,-182.99191
41805,-183.01863
41806,-182.81519
41807,-182.17352
41808,-180.92781
41809,-179.15813
41810,-177.27798
41811,-175.71432
41812,-174.87831
41813,-175.13264
41814,-176.55904
41815,-178.85878
41816,-181.71829
41817,-184.84224
41818,-187.95288
41819,-190.87407
41820,-193.5673
41821,-195.99947
41822,-198.13098
41823,-199.92216
41824,-201.33339
41825,-202.32497
41826,-202.85721
41827,-202.89044
41828,-206.67152
41829,-221.12502
41830,-219.39006
41831,-219.42473
41832,-216.91399
41833,-212.54495
41834,-212.00667
41835,-205.98933
41836,-200.18388
41837,-195.28134
41838,-186.89853
41839,-185.22311
41840,-184.86118
41841,-185.39523
41842,-186.43571
41843,-187.60776
41844,-188.62016
41845,-189.29494
41846,-189.45868
41847,-188.9325
41848,-187.57384
41849,-185.45181
41850,-182.92252
41851,-180.35393
41852,-178.10048
41853,-176.47615
41854,-175.55957
41855,-175.11064
41856,-174.87665
41857,-174.61992
41858,-174.13097
41859,-173.36278
41860,-172.48866
41861,-171.69061
41862,-171.14024
41863,-170.99573
41864,-171.33755
41865,-172.14104
41866,-173.37727
41867,-175.02249
41868,-177.0481
41869,-179.3984
41870,-181.98082
41871,-184.70132
41872,-187.46771
41873,-190.18773
41874,-192.76921
41875,-195.11992
41876,-197.14763
41877,-198.76012
41878,-198.71931
41879,-196.47461
41880,-195.30481
41881,-194.53119
41882,-194.07587
41883,-193.86089
41884,-193.80832
41885,-193.84033
41886,-193.87904
41887,-193.84651
41888,-193.67073
41889,-193.31297
41890,-192.78003
41891,-192.08049
41892,-191.22084
41893,-190.20374
41894,-189.01004
41895,-187.59099
41896,-185.89656
41897,-183.87817
41898,-181.51193
41899,-178.91782
41900,-176.41081
41901,-174.31381
41902,-172.94043
41903,-172.55467
41904,-173.13307
41905,-174.26288
41906,-175.51599
41907,-176.48305
41908,-176.80621
41909,-176.42639
41910,-175.68965
41911,-174.95824
41912,-174.57513
41913,-174.83904
41914,-175.79141
41915,-177.12523
41916,-178.5198
41917,-179.67107
41918,-180.30293
41919,-180.30219
41920,-179.77614
41921,-178.841
41922,-177.60243
41923,-176.1662
41924,-174.63803
41925,-173.12378
41926,-171.72914
41927,-170.55992
41928,-168.36078
41929,-164.5324
41930,-162.7625
41931,-162.14865
41932,-162.496
41933,-163.60983
41934,-165.29561
41935,-167.35878
41936,-169.60493
41937,-171.83963
41938,-173.88525
41939,-175.66125
41940,-177.21869
41941,-178.61372
41942,-179.89622
41943,-181.10426
41944,-182.20663
41945,-183.0784
41946,-183.59088
41947,-183.6198
41948,-183.06705
41949,-181.98627
41950,-180.63704
41951,-179.28726
41952,-178.1951
41953,-177.58516
41954,-177.48651
41955,-177.6636
41956,-177.87027
41957,-177.87299
41958,-177.47337
41959,-176.67726
41960,-175.76712
41961,-175.03656
41962,-174.766
41963,-175.19658
41964,-176.34125
41965,-177.90396
41966,-179.5765
41967,-181.0655
41968,-182.10146
41969,-182.55339
41970,-182.47821
41971,-181.94035
41972,-180.99527
41973,-179.69846
41974,-178.10542
41975,-176.27179
41976,-174.25298
41977,-172.10464
41978,-170.74084
41979,-171.06061
41980,-171.45605
41981,-172.11005
41982,-172.95673
41983,-173.9303
41984,-174.96492
41985,-175.99481
41986,-176.95416
41987,-177.77716
41988,-178.40007
41989,-178.77122
41990,-178.85518
41991,-178.6173
41992,-178.02197
41993,-177.07329
41994,-176.00531
41995,-175.364
41996,-175.70764
41997,-177.57945
41998,-181.40404
41999,-191.91835
42000,-197.92946
42001,-203.20897
42002,-201.57315
42003,-201.99805
42004,-199.39255
42005,-194.93274
42006,-189.8492
42007,-185.31427
42008,-182.38104
42009,-181.40727
42010,-181.8085
42011,-182.96246
42012,-184.29216
42013,-185.2752
42014,-185.70619
42015,-185.80869
42016,-185.82353
42017,-185.97131
42018,-186.45833
42019,-187.40869
42020,-188.83505
42021,-190.74548
42022,-193.15338
42023,-196.0721
42024,-199.51501
42025,-203.4955
42026,-208.02684
42027,-213.12238
42028,-217.8502
42029,-220.73424
42030,-222.58482
42031,-223.44202
42032,-223.41475
42033,-222.612
42034,-221.14285
42035,-219.11653
42036,-216.64224
42037,-213.82939
42038,-210.78654
42039,-207.61778
42040,-204.42099
42041,-201.29375
42042,-198.33403
42043,-195.64456
42044,-193.35681
42045,-191.64095
42046,-190.6687
42047,-190.6099
42048,-191.61444
42049,-193.71713
42050,-196.79689
42051,-200.72638
42052,-205.38573
42053,-215.6079
42054,-220.9514
42055,-220.60292
42056,-223.7339
42057,-224.5326
42058,-222.32397
42059,-217.23564
42060,-215.48782
42061,-208.35094
42062,-202.0459
42063,-192.65321
42064,-190.43648
42065,-189.552
42066,-189.11087
42067,-188.2773
42068,-186.30667
42069,-182.98439
42070,-178.81435
42071,-174.33017
42072,-170.03162
42073,-166.41846
42074,-163.99023
42075,-163.2462
42076,-164.6852
42077,-168.8055
42078,-180.64491
42079,-187.29535
42080,-184.83226
42081,-184.89687
42082,-183.13991
42083,-180.21326
42084,-176.76965
42085,-173.46245
42086,-170.94508
42087,-169.8708
42088,-170.79251
42089,-173.68187
42090,-177.72408
42091,-182.0742
42092,-185.92532
42093,-188.54726
42094,-189.65437
42095,-189.56322
42096,-188.61467
42097,-187.12119
42098,-185.38615
42099,-183.65872
42100,-182.11456
42101,-180.92625
42102,-180.26987
42103,-180.2934
42104,-180.9821
42105,-182.1007
42106,-183.40518
42107,-184.66206
42108,-185.653
42109,-186.24661
42110,-186.42972
42111,-186.19374
42112,-185.52455
42113,-184.42635
42114,-183.00955
42115,-181.52884
42116,-180.2446
42117,-179.41052
42118,-179.2455
42119,-179.76643
42120,-180.71696
42121,-181.82968
42122,-182.8504
42123,-183.52486
42124,-183.59883
42125,-182.81798
42126,-180.92783
42127,-177.67366
42128,-174.41107
42129,-173.44804
42130,-173.33151
42131,-174.08942
42132,-175.59592
42133,-177.7254
42134,-180.35222
42135,-183.35081
42136,-186.59566
42137,-189.96124
42138,-193.31197
42139,-196.45251
42140,-199.10713
42141,-200.9966
42142,-201.84547
42143,-201.4202
42144,-199.73172
42145,-197.1231
42146,-193.9514
42147,-190.55833
42148,-187.31027
42149,-184.71626
42150,-183.47865
42151,-184.30724
42152,-187.90167
42153,-199.78989
42154,-209.50818
42155,-220.25351
42156,-230.17339
42157,-237.48094
42158,-235.60948
42159,-234.27869
42160,-229.95872
42161,-229.20003
42162,-223.47552
42163,-214.1099
42164,-211.55511
42165,-210.07796
42166,-208.89423
42167,-207.27583
42168,-204.57246
42169,-200.58485
42170,-195.72644
42171,-195.43686
42172,-190.1272
42173,-180.20857
42174,-176.09206
42175,-173.18839
42176,-171.90799
42177,-172.66096
42178,-176.45921
42179,-181.59369
42180,-182.53319
42181,-181.16933
42182,-178.15198
42183,-174.13214
42184,-169.76169
42185,-165.69275
42186,-162.57762
42187,-161.06812
42188,-161.70352
42189,-164.37105
42190,-168.07541
42191,-171.78777
42192,-174.52191
42193,-175.41533
42194,-174.32347
42195,-172.07516
42196,-169.53835
42197,-167.53513
42198,-166.81
42199,-167.65596
42200,-169.75473
42201,-172.76407
42202,-176.3711
42203,-180.25601
42204,-184.05754
42205,-187.35835
42206,-189.73877
42207,-190.78162
42208,-190.14316
42209,-187.9081
42210,-184.74272
42211,-181.33757
42212,-178.35611
42213,-176.39572
42214,-175.67014
42215,-175.87315
42216,-176.6779
42217,-177.78242
42218,-178.905
42219,-179.88113
42220,-180.70511
42221,-181.37743
42222,-181.89111
42223,-182.23912
42224,-182.41444
42225,-182.41006
42226,-182.21896
42227,-181.83412
42228,-182.76897
42229,-185.53152
42230,-185.65446
42231,-184.44966
42232,-182.326
42233,-179.69286
42234,-176.9599
42235,-174.53688
42236,-172.83356
42237,-172.25954
42238,-173.1735
42239,-175.6391
42240,-179.32101
42241,-183.86833
42242,-188.94934
42243,-199.22928
42244,-204.35374
42245,-203.94147
42246,-207.61028
42247,-209.97896
42248,-210.73395
42249,-209.95726
42250,-208.26787
42251,-206.30788
42252,-204.69458
42253,-203.96696
42254,-204.20815
42255,-204.88301
42256,-205.43094
42257,-205.32057
42258,-204.0891
42259,-201.67328
42260,-198.55217
42261,-195.22795
42262,-192.17747
42263,-189.83289
42264,-188.36687
42265,-187.60005
42266,-187.33862
42267,-187.40564
42268,-187.63385
42269,-187.91267
42270,-188.20822
42271,-188.48969
42272,-188.72264
42273,-188.87263
42274,-188.90523
42275,-188.78592
42276,-188.48038
42277,-187.95403
42278,-190.06451
42279,-201.42331
42280,-199.55077
42281,-201.1857
42282,-201.66513
42283,-201.32646
42284,-200.50743
42285,-199.54607
42286,-198.78043
42287,-198.54865
42288,-199.13159
42289,-200.47778
42290,-202.08522
42291,-203.43355
42292,-204.02382
42293,-203.4328
42294,-201.6779
42295,-199.375
42296,-197.16519
42297,-195.66165
42298,-195.39337
42299,-196.40103
42300,-198.06337
42301,-199.73256
42302,-200.79214
42303,-200.68323
42304,-199.18082
42305,-196.51308
42306,-192.92708
42307,-188.64874
42308,-183.91951
42309,-179.06975
42310,-174.55048
42311,-170.8175
42312,-168.32072
42313,-167.44322
42314,-168.18088
42315,-170.00562
42316,-172.36902
42317,-174.74796
42318,-176.66713
42319,-177.92725
42320,-178.7031
42321,-179.18422
42322,-179.54239
42323,-179.9494
42324,-180.57707
42325,-181.59715
42326,-183.18146
42327,-185.50165
42328,-187.16266
42329,-185.74669
42330,-182.5995
42331,-178.1778
42332,-172.98232
42333,-172.51431
42334,-167.27522
42335,-157.76628
42336,-154.48859
42337,-152.94286
42338,-153.53278
42339,-156.10019
42340,-159.7265
42341,-163.46423
42342,-166.40288
42343,-167.74277
42344,-167.32884
42345,-165.87901
42346,-164.14575
42347,-162.84027
42348,-162.58376
42349,-163.47433
42350,-164.90178
42351,-166.22844
42352,-166.85063
42353,-166.2421
42354,-164.32701
42355,-161.64006
42356,-158.7402
42357,-156.1574
42358,-154.38466
42359,-153.70042
42360,-154.09242
42361,-155.53706
42362,-158.02464
42363,-161.50854
42364,-165.72786
42365,-170.13144
42366,-174.15727
42367,-177.25735
42368,-178.94974
42369,-179.13704
42370,-178.24289
42371,-176.71191
42372,-174.9642
42373,-173.41997
42374,-172.49951
42375,-172.62299
42376,-174.21039
42377,-177.68124
42378,-180.9213
42379,-180.74902
42380,-180.2341
42381,-179.16408
42382,-177.73224
42383,-176.132
42384,-174.55685
42385,-173.20021
42386,-172.25557
42387,-171.91634
42388,-172.34384
42389,-173.51323
42390,-175.14766
42391,-176.96039
42392,-178.67674
42393,-180.0549
42394,-181.0432
42395,-181.84764
42396,-182.68459
42397,-183.75806
42398,-185.22458
42399,-186.96416
42400,-188.48242
42401,-189.27007
42402,-188.83537
42403,-186.76746
42404,-183.1276
42405,-178.61758
42406,-173.96605
42407,-169.87149
42408,-166.9633
42409,-165.4689
42410,-165.07144
42411,-165.43266
42412,-166.2404
42413,-167.20636
42414,-168.17947
42415,-169.1947
42416,-170.2942
42417,-171.5113
42418,-172.87408
42419,-174.37997
42420,-175.98508
42421,-177.64392
42422,-179.3129
42423,-180.94846
42424,-182.50708
42425,-183.94516
42426,-185.21921
42427,-186.28563
42428,-184.4797
42429,-178.89334
42430,-177.31
42431,-177.64917
42432,-179.36098
42433,-181.8963
42434,-184.7066
42435,-187.24356
42436,-188.95908
42437,-189.30478
42438,-187.83577
42439,-184.71085
42440,-180.9083
42441,-177.44049
42442,-175.28125
42443,-175.27216
42444,-177.48851
42445,-180.96829
42446,-184.70927
42447,-187.75934
42448,-189.27885
42449,-189.08076
42450,-187.86275
42451,-186.35855
42452,-185.26048
42453,-185.20374
42454,-186.49115
42455,-188.97522
42456,-192.49036
42457,-196.89244
42458,-202.01872
42459,-212.59808
42460,-218.2125
42461,-223.43814
42462,-222.85828
42463,-226.09595
42464,-228.00632
42465,-228.75966
42466,-228.53973
42467,-227.51572
42468,-225.85365
42469,-223.70076
42470,-221.17833
42471,-218.40666
42472,-215.5073
42473,-212.60178
42474,-209.81168
42475,-207.25854
42476,-205.06392
42477,-203.34932
42478,-202.37065
42479,-190.08658
42480,-185.12888
42481,-178.9679
42482,-180.70511
42483,-184.44522
42484,-189.29485
42485,-194.36195
42486,-198.75523
42487,-201.58345
42488,-202.07121
42489,-200.11862
42490,-196.54337
42491,-192.20216
42492,-187.90952
42493,-184.40218
42494,-181.96269
42495,-180.25768
42496,-178.92854
42497,-177.64618
42498,-176.12872
42499,-174.36826
42500,-172.72832
42501,-171.58731
42502,-171.30594
42503,-172.1834
42504,-174.16241
42505,-176.70311
42506,-179.24681
42507,-181.25812
42508,-182.26123
42509,-182.12729
42510,-181.19765
42511,-179.83255
42512,-178.37
42513,-177.11642
42514,-176.19324
42515,-175.4713
42516,-174.81145
42517,-174.08647
42518,-173.18787
42519,-172.11604
42520,-171.01897
42521,-170.05048
42522,-169.35739
42523,-169.08652
42524,-169.38463
42525,-170.39839
42526,-172.27452
42527,-175.15952
42528,-178.02914
42529,-179.16455
42530,-179.62828
42531,-179.50781
42532,-178.98175
42533,-178.22878
42534,-177.42763
42535,-176.75702
42536,-176.39572
42537,-176.52246
42538,-177.28056
42539,-178.60808
42540,-180.16486
42541,-181.59985
42542,-182.57524
42543,-182.79561
42544,-182.21146
42545,-181.10689
42546,-179.77948
42547,-178.51105
42548,-177.55618
42549,-177.01099
42550,-176.75687
42551,-176.66656
42552,-176.62314
42553,-176.52272
42554,-176.3377
42555,-176.14366
42556,-176.02034
42557,-176.04254
42558,-176.27351
42559,-176.70961
42560,-177.25624
42561,-177.8154
42562,-178.29329
42563,-178.60559
42564,-178.72299
42565,-178.69046
42566,-178.55598
42567,-178.36409
42568,-178.15785
42569,-177.9724
42570,-177.8322
42571,-177.7612
42572,-177.7839
42573,-177.92482
42574,-178.20844
42575,-178.65921
42576,-179.30162
42577,-180.16019
42578,-178.10439
42579,-176.65047
42580,-169.41997
42581,-169.22969
42582,-170.55698
42583,-172.87985
42584,-175.67694
42585,-178.42715
42586,-180.60951
42587,-181.70306
42588,-181.27519
42589,-179.40817
42590,-176.88269
42591,-174.50795
42592,-173.0602
42593,-173.20609
42594,-174.97606
42595,-177.53949
42596,-180.03203
42597,-181.63087
42598,-181.61838
42599,-179.88919
42600,-177.1681
42601,-174.21384
42602,-171.74597
42603,-170.40991
42604,-170.41946
42605,-171.40378
42606,-172.96915
42607,-174.74976
42608,-176.4085
42609,-177.77328
42610,-178.8957
42611,-179.8361
42612,-180.64429
42613,-181.36324
42614,-181.99698
42615,-182.49663
42616,-182.81119
42617,-182.89218
42618,-182.70422
42619,-182.28827
42620,-181.7886
42621,-181.35376
42622,-181.12735
42623,-181.25291
42624,-181.87402
42625,-183.13417
42626,-185.17677
42627,-188.14525
42628,-189.28139
42629,-186.10194
42630,-184.48073
42631,-183.21396
42632,-182.12958
42633,-181.0557
42634,-179.82036
42635,-178.25166
42636,-176.17764
42637,-173.42632
42638,-169.87627
42639,-165.70071
42640,-161.47221
42641,-157.77937
42642,-155.19165
42643,-154.21289
42644,-154.9668
42645,-157.06288
42646,-160.09076
42647,-163.66498
42648,-167.40111
42649,-170.9209
42650,-173.85394
42651,-175.83025
42652,-176.47908
42653,-175.51514
42654,-173.14975
42655,-170.2681
42656,-167.78276
42657,-166.57436
42658,-167.4094
42659,-170.39302
42660,-174.73543
42661,-179.6123
42662,-184.24284
42663,-187.90729
42664,-190.23901
42665,-191.34947
42666,-191.36902
42667,-190.4054
42668,-188.58308
42669,-186.12395
42670,-183.38162
42671,-180.71541
42672,-178.4783
42673,-177.02325
42674,-176.70312
42675,-177.87042
42676,-180.87741
42677,-186.0758
42678,-196.62677
42679,-194.37228
42680,-196.24963
42681,-197.25877
42682,-197.59502
42683,-197.45378
42684,-197.03073
42685,-196.52145
42686,-196.1217
42687,-196.0272
42688,-196.39937
42689,-197.20091
42690,-198.12486
42691,-198.85336
42692,-199.08133
42693,-198.53767
42694,-197.15007
42695,-195.11548
42696,-192.64221
42697,-189.92592
42698,-187.15598
42699,-184.48474
42700,-182.01445
42701,-179.84523
42702,-178.07953
42703,-176.80779
42704,-176.05022
42705,-175.73213
42706,-175.775
42707,-176.10484
42708,-176.64867
42709,-177.339
42710,-178.11578
42711,-178.91933
42712,-179.68953
42713,-180.37706
42714,-180.9951
42715,-181.64154
42716,-182.41763
42717,-183.42056
42718,-184.72829
42719,-186.30658
42720,-187.96948
42721,-189.52496
42722,-190.78813
42723,-191.5742
42724,-191.69823
42725,-190.97523
42726,-189.22012
42727,-186.24763
42728,-183.77477
42729,-183.75023
42730,-182.99066
42731,-182.08443
42732,-181.09042
42733,-180.06747
42734,-179.0745
42735,-178.17035
42736,-177.41396
42737,-176.8641
42738,-176.58095
42739,-176.63133
42740,-177.09146
42741,-178.03793
42742,-179.54681
42743,-181.66222
42744,-184.24278
42745,-186.89581
42746,-189.21878
42747,-190.82112
42748,-191.3625
42749,-190.79518
42750,-189.46825
42751,-187.74707
42752,-185.97844
42753,-184.4678
42754,-183.27971
42755,-182.15204
42756,-180.80959
42757,-178.99254
42758,-176.49664
42759,-173.44058
42760,-170.38104
42761,-167.89235
42762,-166.52791
42763,-166.758
42764,-168.57077
42765,-171.30193
42766,-174.26198
42767,-176.79295
42768,-178.3009
42769,-178.56355
42770,-177.8622
42771,-176.49825
42772,-174.74925
42773,-172.8929
42774,-171.20692
42775,-169.9691
42776,-169.45714
42777,-169.9486
42778,-172.34193
42779,-176.26367
42780,-178.52065
42781,-180.00009
42782,-180.92976
42783,-181.53755
42784,-182.05136
42785,-182.69928
42786,-183.70924
42787,-185.30928
42788,-187.66943
42789,-190.62375
42790,-193.55118
42791,-195.81267
42792,-196.79063
42793,-195.96815
42794,-193.4148
42795,-189.99673
42796,-186.61354
42797,-184.12776
42798,-183.29897
42799,-184.28937
42800,-186.45213
42801,-189.10841
42802,-191.61826
42803,-193.4129
42804,-194.33623
42805,-194.79141
42806,-195.20421
42807,-195.97418
42808,-197.43344
42809,-199.52261
42810,-201.65195
42811,-203.21033
42812,-203.61148
42813,-202.36272
42814,-199.51677
42815,-195.86696
42816,-192.23833
42817,-189.42134
42818,-188.1191
42819,-188.52734
42820,-190.15437
42821,-192.4809
42822,-195.02069
42823,-197.28769
42824,-198.79602
42825,-199.05951
42826,-197.59161
42827,-193.90514
42828,-190.87408
42829,-192.1937
42830,-192.8398
42831,-193.58304
42832,-194.40724
42833,-195.29619
42834,-196.23372
42835,-197.2037
42836,-198.1899
42837,-199.17618
42838,-200.15378
42839,-201.15692
42840,-202.27815
42841,-203.61246
42842,-205.25192
42843,-207.23639
42844,-209.30087
42845,-210.76743
42846,-210.94096
42847,-209.14523
42848,-204.84113
42849,-203.29219
42850,-195.85355
42851,-188.9286
42852,-183.86972
42853,-176.8579
42854,-178.08415
42855,-181.39995
42856,-185.60469
42857,-189.563
42858,-192.25133
42859,-193.29213
42860,-193.1831
42861,-192.45738
42862,-191.6071
42863,-191.07181
42864,-190.9854
42865,-191.06693
42866,-191.01868
42867,-190.56253
42868,-189.4612
42869,-187.71478
42870,-185.64548
42871,-183.58868
42872,-181.86461
42873,-180.79338
42874,-180.6951
42875,-181.8896
42876,-184.69652
42877,-189.43492
42878,-190.41476
42879,-188.31613
42880,-181.65117
42881,-182.28287
42882,-184.5571
42883,-187.82083
42884,-191.42194
42885,-194.70868
42886,-197.02956
42887,-197.73276
42888,-196.27007
42889,-192.69919
42890,-187.90067
42891,-182.79016
42892,-178.24518
42893,-175.05272
42894,-173.47356
42895,-173.0556
42896,-173.3184
42897,-173.81567
42898,-174.13475
42899,-174.05699
42900,-173.62651
42901,-172.89777
42902,-171.9128
42903,-170.72934
42904,-169.49681
42905,-168.48882
42906,-167.98381
42907,-168.25435
42908,-169.52023
42909,-171.69586
42910,-174.28194
42911,-176.76314
42912,-178.64412
42913,-179.48627
42914,-179.1821
42915,-178.07251
42916,-176.51646
42917,-174.85184
42918,-173.38737
42919,-172.26256
42920,-171.38736
42921,-170.6627
42922,-170.00038
42923,-169.31227
42924,-168.51013
42925,-167.50583
42926,-166.21117
42927,-164.538
42928,-165.45413
42929,-170.78119
42930,-172.8718
42931,-173.45421
42932,-172.83151
42933,-171.3071
42934,-169.18463
42935,-166.76794
42936,-164.36095
42937,-162.26762
42938,-160.76201
42939,-159.94421
42940,-159.67892
42941,-159.82156
42942,-160.23892
42943,-160.80103
42944,-161.39714
42945,-161.94255
42946,-162.35344
42947,-162.54488
42948,-162.45097
42949,-162.11703
42950,-161.7391
42951,-161.51907
42952,-161.65158
42953,-162.30833
42954,-163.52731
42955,-165.16551
42956,-167.07294
42957,-169.10828
42958,-171.12837
42959,-172.9794
42960,-174.49318
42961,-175.50082
42962,-175.83409
42963,-175.36095
42964,-174.15904
42965,-172.59071
42966,-171.02972
42967,-169.83627
42968,-169.33235
42969,-169.61742
42970,-170.48952
42971,-171.73492
42972,-173.15433
42973,-174.54846
42974,-175.7181
42975,-176.46402
42976,-176.5869
42977,-175.88739
42978,-176.95697
42979,-181.75165
42980,-183.9646
42981,-185.04317
42982,-185.27141
42983,-184.93347
42984,-184.3138
42985,-183.69684
42986,-183.36722
42987,-183.60944
42988,-184.66106
42989,-186.48706
42990,-188.68314
42991,-190.83034
42992,-192.52742
42993,-193.41402
42994,-193.3677
42995,-192.58867
42996,-191.2904
42997,-189.67113
42998,-187.93085
42999,-186.27948
43000,-184.94025
43001,-184.1369
43002,-184.0924
43003,-184.97554
43004,-186.64029
43005,-188.51414
43006,-190.00786
43007,-190.55234
43008,-189.65416
43009,-187.26074
43010,-183.91753
43011,-180.19482
43012,-176.63493
43013,-173.73384
43014,-171.71696
43015,-170.44356
43016,-169.75809
43017,-169.52254
43018,-169.60414
43019,-169.89977
43020,-170.34657
43021,-170.88333
43022,-171.44687
43023,-171.974
43024,-172.40163
43025,-172.66653
43026,-172.7056
43027,-172.45558
43028,-172.60875
43029,-174.10211
43030,-175.88092
43031,-177.90855
43032,-180.02495
43033,-182.06999
43034,-183.88376
43035,-185.30615
43036,-186.17714
43037,-186.33655
43038,-185.659
43039,-184.22124
43040,-182.37416
43041,-180.47995
43042,-178.88779
43043,-177.91
43044,-177.64406
43045,-177.89647
43046,-178.46213
43047,-179.14986
43048,-179.78568
43049,-180.29562
43050,-180.74112
43051,-181.18898
43052,-181.69963
43053,-182.33539
43054,-183.16963
43055,-184.29082
43056,-185.788
43057,-187.74947
43058,-190.23393
43059,-193.12836
43060,-196.087
43061,-198.75485
43062,-200.78807
43063,-201.8832
43064,-201.97282
43065,-201.30972
43066,-200.1599
43067,-198.77443
43068,-197.3878
43069,-196.13708
43070,-195.0273
43071,-194.05795
43072,-193.23483
43073,-192.56366
43074,-192.05026
43075,-191.70038
43076,-191.51974
43077,-191.51411
43078,-193.99214
43079,-204.72455
43080,-201.82552
43081,-201.98764
43082,-200.575
43083,-197.9523
43084,-194.48488
43085,-190.53842
43086,-186.47888
43087,-182.67226
43088,-179.4701
43089,-177.13893
43090,-175.83041
43091,-175.6914
43092,-176.87404
43093,-179.47575
43094,-183.27594
43095,-187.62363
43096,-191.85138
43097,-195.31252
43098,-197.43188
43099,-198.04994
43100,-197.57097
43101,-196.42229
43102,-195.00505
43103,-193.68407
43104,-192.6124
43105,-191.6558
43106,-190.66824
43107,-189.51726
43108,-188.09064
43109,-186.39388
43110,-184.59222
43111,-182.85742
43112,-181.35362
43113,-180.2269
43114,-179.51839
43115,-179.1268
43116,-178.94524
43117,-178.87358
43118,-178.81863
43119,-178.72794
43120,-178.60405
43121,-178.45168
43122,-178.27298
43123,-178.07011
43124,-177.84518
43125,-177.60033
43126,-177.33769
43127,-177.05939
43128,-178.34732
43129,-182.21054
43130,-184.72678
43131,-186.68175
43132,-188.1535
43133,-189.22005
43134,-189.95947
43135,-190.44989
43136,-190.76936
43137,-190.99605
43138,-191.19826
43139,-191.38718
43140,-191.49669
43141,-191.45744
43142,-191.20377
43143,-190.68369
43144,-189.92477
43145,-189.0626
43146,-188.23705
43147,-187.58295
43148,-187.2135
43149,-187.11646
43150,-187.10927
43151,-187.00266
43152,-186.61536
43153,-185.79138
43154,-184.5218
43155,-182.9971
43156,-181.4158
43157,-179.96709
43158,-178.81425
43159,-177.97047
43160,-177.24538
43161,-176.44049
43162,-175.367
43163,-173.87625
43164,-172.05287
43165,-170.29758
43166,-169.02382
43167,-168.6299
43168,-169.4593
43169,-171.53763
43170,-174.4601
43171,-177.80533
43172,-181.17265
43173,-184.16148
43174,-186.37132
43175,-187.40154
43176,-186.8511
43177,-184.31859
43178,-182.19717
43179,-183.24736
43180,-182.81557
43181,-181.91646
43182,-180.7581
43183,-179.54854
43184,-178.49591
43185,-177.8083
43186,-177.69383
43187,-178.36052
43188,-179.97934
43189,-182.50702
43190,-185.61
43191,-188.94342
43192,-192.17633
43193,-194.99493
43194,-197.18474
43195,-198.66556
43196,-199.36261
43197,-199.19466
43198,-198.10646
43199,-196.19415
43200,-193.75928
43201,-191.11205
43202,-188.55307
43203,-186.35468
43204,-184.62363
43205,-183.24261
43206,-182.08511
43207,-181.03528
43208,-179.9969
43209,-178.98767
43210,-178.1797
43211,-177.7513
43212,-177.87335
43213,-178.68199
43214,-180.11122
43215,-181.82127
43216,-183.46162
43217,-184.69489
43218,-185.22804
43219,-185.02682
43220,-184.40762
43221,-183.701
43222,-183.22095
43223,-183.28142
43224,-184.19637
43225,-186.27953
43226,-189.84436
43227,-195.20398
43228,-198.26007
43229,-194.9289
43230,-193.5254
43231,-192.54034
43232,-191.86937
43233,-191.4083
43234,-191.05281
43235,-190.69878
43236,-190.24197
43237,-189.5782
43238,-188.6138
43239,-187.31644
43240,-185.73705
43241,-183.92993
43242,-181.94547
43243,-179.83781
43244,-177.68329
43245,-175.58829
43246,-173.66034
43247,-172.00557
43248,-170.71463
43249,-169.78838
43250,-169.10602
43251,-168.54199
43252,-167.9765
43253,-167.29634
43254,-166.42645
43255,-165.34348
43256,-164.02611
43257,-162.45049
43258,-160.62132
43259,-158.70892
43260,-157.10788
43261,-156.22165
43262,-156.44275
43263,-158.09067
43264,-161.06056
43265,-164.6735
43266,-168.22853
43267,-171.05263
43268,-172.55138
43269,-172.58788
43270,-171.64503
43271,-170.23044
43272,-168.82231
43273,-167.89905
43274,-167.93895
43275,-169.42014
43276,-172.82037
43277,-183.61682
43278,-188.78868
43279,-184.47176
43280,-185.84924
43281,-187.03694
43282,-187.9798
43283,-188.62267
43284,-188.91042
43285,-188.78787
43286,-188.19987
43287,-187.09125
43288,-185.42796
43289,-183.29945
43290,-180.96239
43291,-178.68034
43292,-176.70895
43293,-175.283
43294,-174.51572
43295,-174.35585
43296,-174.74559
43297,-175.63496
43298,-176.95435
43299,-178.51955
43300,-179.99135
43301,-181.02432
43302,-181.28055
43303,-180.47778
43304,-178.6591
43305,-176.30844
43306,-173.92786
43307,-171.99838
43308,-170.9471
43309,-170.88654
43310,-171.50323
43311,-172.46704
43312,-173.46829
43313,-174.22658
43314,-174.63187
43315,-174.80498
43316,-174.87572
43317,-174.96303
43318,-175.17337
43319,-175.54117
43320,-176.00316
43321,-176.49217
43322,-176.94566
43323,-177.30124
43324,-177.49629
43325,-177.46843
43326,-177.15504
43327,-176.49368
43328,-176.42537
43329,-178.39983
43330,-181.30162
43331,-184.84492
43332,-188.6741
43333,-192.43387
43334,-195.76888
43335,-198.32391
43336,-199.74352
43337,-199.67194
43338,-197.84178
43339,-194.5017
43340,-190.60092
43341,-187.11871
43342,-185.00136
43343,-185.05614
43344,-187.28482
43345,-190.5987
43346,-193.86633
43347,-196.00879
43348,-196.08434
43349,-193.95012
43350,-190.54721
43351,-186.86229
43352,-183.83154
43353,-182.27594
43354,-182.34628
43355,-183.28552
43356,-184.30052
43357,-184.64153
43358,-183.66714
43359,-181.36545
43360,-178.5784
43361,-176.18283
43362,-175.0153
43363,-175.81076
43364,-178.71631
43365,-183.08334
43366,-188.23236
43367,-198.52237
43368,-198.34622
43369,-202.29074
43370,-205.20518
43371,-206.94922
43372,-207.3698
43373,-206.31367
43374,-203.62735
43375,-199.15718
43376,-197.74925
43377,-189.2497
43378,-184.92137
43379,-185.26007
43380,-187.00607
43381,-187.67929
43382,-187.50035
43383,-186.69022
43384,-185.46982
43385,-184.06033
43386,-182.68294
43387,-181.55888
43388,-180.92204
43389,-181.08008
43390,-182.4405
43391,-185.41463
43392,-190.40843
43393,-202.69379
43394,-211.76709
43395,-221.07649
43396,-229.03076
43397,-234.0887
43398,-229.90828
43399,-226.31659
43400,-224.73303
43401,-216.65062
43402,-208.49202
43403,-201.56143
43404,-196.46388
43405,-187.85518
43406,-185.35098
43407,-183.612
43408,-182.32082
43409,-181.28528
43410,-180.4828
43411,-179.89764
43412,-179.50603
43413,-179.28189
43414,-179.18552
43415,-179.15901
43416,-179.14359
43417,-179.08145
43418,-178.92001
43419,-178.6374
43420,-178.25328
43421,-177.78897
43422,-177.26382
43423,-176.69725
43424,-176.10861
43425,-175.51721
43426,-174.94244
43427,-174.40367
43428,-174.56151
43429,-175.83212
43430,-176.60538
43431,-177.1818
43432,-177.57567
43433,-177.80128
43434,-177.8729
43435,-177.8048
43436,-177.61127
43437,-177.30658
43438,-176.90814
43439,-176.45132
43440,-175.99596
43441,-175.60283
43442,-175.33151
43443,-175.23131
43444,-175.2909
43445,-175.41714
43446,-175.51369
43447,-175.488
43448,-175.27237
43449,-174.94312
43450,-174.77165
43451,-175.03725
43452,-176.00969
43453,-177.90472
43454,-180.62334
43455,-183.6406
43456,-186.41502
43457,-188.42546
43458,-189.2394
43459,-188.94005
43460,-188.30977
43461,-188.15967
43462,-189.26762
43463,-192.27766
43464,-197.05746
43465,-207.42429
43466,-207.15425
43467,-210.07376
43468,-210.14862
43469,-207.15845
43470,-201.98909
43471,-200.5746
43472,-193.7988
43473,-187.54616
43474,-182.70107
43475,-175.14705
43476,-175.76637
43477,-180.43976
43478,-183.45897
43479,-178.57906
43480,-177.37033
43481,-177.50275
43482,-178.63432
43483,-180.42357
43484,-182.52914
43485,-184.60991
43486,-186.32475
43487,-187.33253
43488,-187.33736
43489,-186.30605
43490,-184.56216
43491,-182.44366
43492,-180.27196
43493,-178.34433
43494,-176.81866
43495,-175.66351
43496,-174.83987
43497,-174.31776
43498,-174.0587
43499,-173.97513
43500,-173.91307
43501,-173.71579
43502,-173.22981
43503,-172.33586
43504,-171.1138
43505,-169.91356
43506,-169.09564
43507,-169.00777
43508,-169.95512
43509,-171.99696
43510,-174.85919
43511,-178.25493
43512,-181.91327
43513,-185.56345
43514,-188.93495
43515,-191.75763
43516,-193.76129
43517,-194.67545
43518,-194.27994
43519,-192.64713
43520,-190.24664
43521,-187.56476
43522,-185.06912
43523,-183.2275
43524,-182.5075
43525,-183.37642
43526,-186.30107
43527,-191.74748
43528,-192.78185
43529,-188.44743
43530,-179.31256
43531,-177.2569
43532,-176.89641
43533,-177.84785
43534,-179.72853
43535,-182.15604
43536,-184.74834
43537,-187.12344
43538,-188.92482
43539,-189.94371
43540,-190.1714
43541,-189.60716
43542,-188.24075
43543,-186.09016
43544,-183.33777
43545,-180.38867
43546,-177.65727
43547,-175.5474
43548,-174.41469
43549,-174.33565
43550,-175.00854
43551,-176.11676
43552,-177.36182
43553,-178.46292
43554,-179.24149
43555,-179.65735
43556,-179.67593
43557,-179.25592
43558,-178.37184
43559,-177.08986
43560,-175.60031
43561,-174.0987
43562,-172.77444
43563,-171.80196
43564,-171.26749
43565,-171.13805
43566,-171.3759
43567,-171.94894
43568,-172.82094
43569,-173.93121
43570,-175.18604
43571,-176.49046
43572,-177.751
43573,-178.87425
43574,-179.7668
43575,-180.33522
43576,-180.48601
43577,-180.12572
43578,-177.63849
43579,-172.70416
43580,-170.30733
43581,-169.15903
43582,-168.95174
43583,-169.37819
43584,-170.13138
43585,-170.90437
43586,-171.39029
43587,-171.28226
43588,-170.31386
43589,-168.45427
43590,-165.99197
43591,-163.22816
43592,-160.44897
43593,-157.92784
43594,-155.86409
43595,-154.35687
43596,-153.50134
43597,-153.39746
43598,-154.12181
43599,-155.61594
43600,-157.63835
43601,-159.94057
43602,-162.28293
43603,-164.4321
43604,-166.1912
43605,-167.4127
43606,-167.95093
43607,-167.6578
43608,-166.43413
43609,-164.46497
43610,-162.3206
43611,-160.5868
43612,-159.83083
43613,-160.53209
43614,-162.65977
43615,-165.4927
43616,-168.28319
43617,-170.31677
43618,-170.95895
43619,-170.03992
43620,-168.0195
43621,-165.38258
43622,-162.58438
43623,-160.08018
43624,-158.32526
43625,-157.77473
43626,-158.88356
43627,-162.10628
43628,-165.46935
43629,-166.32022
43630,-168.12537
43631,-170.17937
43632,-172.35258
43633,-174.51535
43634,-176.53806
43635,-178.2911
43636,-179.64488
43637,-180.4697
43638,-180.65968
43639,-180.24731
43640,-179.45251
43641,-178.5029
43642,-177.61713
43643,-176.99107
43644,-176.68779
43645,-176.59041
43646,-176.57495
43647,-176.52585
43648,-176.33783
43649,-175.96416
43650,-175.43762
43651,-174.79417
43652,-174.066
43653,-173.28943
43654,-172.52545
43655,-171.86827
43656,-171.41335
43657,-171.25465
43658,-171.47067
43659,-172.05054
43660,-172.86217
43661,-173.76883
43662,-174.63956
43663,-175.35007
43664,-175.81544
43665,-176.00394
43666,-175.88583
43667,-175.42899
43668,-174.61148
43669,-173.4716
43670,-172.12904
43671,-170.70683
43672,-169.32408
43673,-168.09993
43674,-167.1535
43675,-166.60393
43676,-166.57025
43677,-167.17154
43678,-166.54836
43679,-163.50305
43680,-162.83115
43681,-163.29659
43682,-164.58286
43683,-166.3736
43684,-168.35255
43685,-170.20363
43686,-171.61072
43687,-172.25768
43688,-171.87637
43689,-170.47821
43690,-168.45346
43691,-166.20761
43692,-164.12814
43693,-162.57661
43694,-161.7634
43695,-161.69406
43696,-162.36601
43697,-163.78665
43698,-165.94452
43699,-168.72018
43700,-171.84756
43701,-175.05516
43702,-178.07848
43703,-180.66574
43704,-182.63904
43705,-183.92052
43706,-184.43617
43707,-184.10721
43708,-182.893
43709,-180.97534
43710,-178.83766
43711,-176.97565
43712,-175.87073
43713,-175.9349
43714,-177.17693
43715,-179.05963
43716,-181.02454
43717,-182.5392
43718,-183.12633
43719,-182.62831
43720,-181.32085
43721,-179.49712
43722,-177.42987
43723,-175.392
43724,-173.65637
43725,-172.49582
43726,-172.18318
43727,-172.99101
43728,-171.24406
43729,-169.2173
43730,-160.95564
43731,-159.46884
43732,-159.41975
43733,-160.47185
43734,-162.28874
43735,-164.5344
43736,-166.87277
43737,-168.96794
43738,-170.51329
43739,-171.37228
43740,-171.63867
43741,-171.41516
43742,-170.79366
43743,-169.87646
43744,-168.82712
43745,-167.89195
43746,-167.32057
43747,-167.3586
43748,-168.20583
43749,-169.79533
43750,-171.69958
43751,-173.47682
43752,-174.7027
43753,-175.01236
43754,-174.3873
43755,-173.27829
43756,-172.1549
43757,-171.46451
43758,-171.61377
43759,-172.77283
43760,-174.7919
43761,-177.50845
43762,-180.77533
43763,-184.43567
43764,-188.27577
43765,-192.0049
43766,-195.32945
43767,-197.95934
43768,-199.63365
43769,-200.26096
43770,-199.97986
43771,-198.93842
43772,-197.27393
43773,-195.12372
43774,-192.62532
43775,-189.91623
43776,-187.134
43777,-184.41626
43778,-183.1215
43779,-183.88943
43780,-183.30759
43781,-182.1816
43782,-180.67325
43783,-178.94447
43784,-177.15704
43785,-175.47296
43786,-174.05412
43787,-173.06241
43788,-172.639
43789,-172.80518
43790,-173.41959
43791,-174.3346
43792,-175.41022
43793,-176.50717
43794,-177.48909
43795,-178.22389
43796,-178.57957
43797,-178.42387
43798,-177.65501
43799,-176.34764
43800,-174.81598
43801,-173.3838
43802,-172.3636
43803,-172.02283
43804,-172.36826
43805,-173.05327
43806,-173.71745
43807,-174.01718
43808,-173.65503
43809,-172.60156
43810,-171.19072
43811,-169.77094
43812,-168.6733
43813,-168.1908
43814,-168.39413
43815,-169.05313
43816,-169.92581
43817,-170.78465
43818,-171.42409
43819,-171.76639
43820,-171.90704
43821,-171.94824
43822,-171.98405
43823,-172.10846
43824,-172.41548
43825,-172.99913
43826,-173.9534
43827,-175.3723
43828,-177.92853
43829,-181.3802
43830,-183.15334
43831,-184.02412
43832,-184.22757
43833,-183.99886
43834,-183.57327
43835,-183.18617
43836,-183.07297
43837,-183.46898
43838,-184.55638
43839,-186.2085
43840,-187.88017
43841,-189.00961
43842,-189.05498
43843,-187.57039
43844,-184.67027
43845,-181.22946
43846,-178.1542
43847,-176.31491
43848,-176.45839
43849,-178.61485
43850,-181.84451
43851,-185.16986
43852,-187.66022
43853,-188.49648
43854,-187.50807
43855,-185.40388
43856,-182.92894
43857,-180.78702
43858,-179.6068
43859,-179.57976
43860,-180.30489
43861,-181.35767
43862,-182.34186
43863,-182.90369
43864,-182.93564
43865,-182.66402
43866,-182.32845
43867,-182.15279
43868,-182.33286
43869,-182.90138
43870,-183.6703
43871,-184.44272
43872,-185.03224
43873,-185.25246
43874,-184.91687
43875,-183.83908
43876,-181.83241
43877,-178.7102
43878,-175.70915
43879,-174.61975
43880,-173.6572
43881,-172.94789
43882,-172.38033
43883,-171.84306
43884,-171.22461
43885,-170.4135
43886,-169.29826
43887,-167.7674
43888,-165.74008
43889,-163.31384
43890,-160.82779
43891,-158.6307
43892,-157.05978
43893,-156.4195
43894,-156.82486
43895,-158.13428
43896,-160.19623
43897,-162.87155
43898,-166.00891
43899,-169.38615
43900,-172.68547
43901,-175.58525
43902,-177.7686
43903,-178.96083
43904,-179.13393
43905,-178.5939
43906,-177.66023
43907,-176.63663
43908,-175.80678
43909,-175.33774
43910,-175.23848
43911,-175.51161
43912,-176.1673
43913,-177.20305
43914,-178.54279
43915,-180.01071
43916,-181.42719
43917,-182.61726
43918,-183.4216
43919,-183.771
43920,-183.7187
43921,-183.32278
43922,-182.63559
43923,-181.70937
43924,-180.5965
43925,-179.3493
43926,-178.02011
43927,-176.66132
43928,-174.60309
43929,-171.48135
43930,-169.20676
43931,-167.4096
43932,-166.06631
43933,-165.15338
43934,-164.64728
43935,-164.5245
43936,-164.76157
43937,-165.33498
43938,-166.21971
43939,-167.38153
43940,-168.77408
43941,-170.35028
43942,-172.06381
43943,-173.86377
43944,-175.67284
43945,-177.37784
43946,-178.86418
43947,-180.01903
43948,-180.75514
43949,-181.13431
43950,-181.42035
43951,-181.88507
43952,-182.79082
43953,-184.34923
43954,-186.47829
43955,-188.69835
43956,-190.51387
43957,-191.44827
43958,-191.09799
43959,-189.4849
43960,-187.20801
43961,-184.89029
43962,-183.1276
43963,-182.45023
43964,-183.00778
43965,-184.43416
43966,-186.34268
43967,-188.37143
43968,-190.17929
43969,-191.54605
43970,-192.41512
43971,-192.73634
43972,-192.45193
43973,-191.50395
43974,-189.83447
43975,-187.38559
43976,-184.09921
43977,-179.91747
43978,-178.31
43979,-182.28069
43980,-184.45428
43981,-186.15558
43982,-187.44228
43983,-188.37221
43984,-189.00317
43985,-189.39297
43986,-189.59947
43987,-189.68051
43988,-189.68533
43989,-189.6133
43990,-189.396
43991,-188.96234
43992,-188.24442
43993,-187.20453
43994,-185.98112
43995,-184.95125
43996,-184.50165
43997,-185.00769
43998,-186.78438
43999,-189.7969
44000,-193.537
44001,-197.47774
44002,-201.11497
44003,-203.99197
44004,-205.92651
44005,-207.10873
44006,-207.7439
44007,-208.01988
44008,-208.0983
44009,-207.98743
44010,-207.48766
44011,-206.39066
44012,-204.49768
44013,-201.65765
44014,-197.99683
44015,-194.01804
44016,-190.24023
44017,-187.16467
44018,-185.23714
44019,-184.5823
44020,-184.88953
44021,-185.83075
44022,-187.09866
44023,-188.38618
44024,-189.38626
44025,-189.79187
44026,-189.2958
44027,-187.59074
44028,-188.14241
44029,-193.50659
44030,-195.05771
44031,-194.82309
44032,-193.2299
44033,-190.70607
44034,-187.6799
44035,-184.58008
44036,-181.83543
44037,-179.87473
44038,-179.06038
44039,-179.37025
44040,-180.26128
44041,-181.16978
44042,-181.55699
44043,-180.95782
44044,-179.3354
44045,-177.23323
44046,-175.21849
44047,-173.83086
44048,-173.54031
44049,-174.41261
44050,-175.96605
44051,-177.6973
44052,-179.1295
44053,-179.8365
44054,-179.68765
44055,-178.95255
44056,-177.91682
44057,-176.84726
44058,-175.99214
44059,-175.4925
44060,-175.34401
44061,-175.53662
44062,-176.06708
44063,-176.91888
44064,-177.99783
44065,-179.10454
44066,-180.03552
44067,-180.59225
44068,-180.60164
44069,-180.03833
44070,-179.07733
44071,-177.90152
44072,-176.68452
44073,-175.59982
44074,-174.82098
44075,-174.52155
44076,-174.87497
44077,-176.05464
44078,-177.30667
44079,-177.81995
44080,-179.24707
44081,-181.13579
44082,-183.3434
44083,-185.72726
44084,-188.14478
44085,-190.4534
44086,-192.51051
44087,-194.17354
44088,-195.3224
44089,-195.96817
44090,-196.29965
44091,-196.51283
44092,-196.7955
44093,-197.29411
44094,-197.91551
44095,-198.24167
44096,-197.84114
44097,-196.29782
44098,-193.27129
44099,-188.86371
44100,-183.77808
44101,-183.74283
44102,-174.45825
44103,-171.55717
44104,-170.28174
44105,-170.34477
44106,-171.43819
44107,-173.27937
44108,-175.58536
44109,-178.07019
44110,-180.44395
44111,-182.4166
44112,-183.69817
44113,-184.03925
44114,-183.42613
44115,-182.16478
44116,-180.574
44117,-178.95775
44118,-177.59483
44119,-176.6183
44120,-175.9637
44121,-175.55853
44122,-175.33984
44123,-175.24463
44124,-175.20988
44125,-175.1726
44126,-175.06985
44127,-174.8386
44128,-176.29517
44129,-180.2809
44130,-181.65283
44131,-181.72849
44132,-180.82777
44133,-179.27098
44134,-177.37862
44135,-175.4713
44136,-173.86972
44137,-172.89456
44138,-172.81726
44139,-173.62378
44140,-174.91331
44141,-176.26996
44142,-177.29636
44143,-177.63615
44144,-177.172
44145,-176.1102
44146,-174.66989
44147,-173.05511
44148,-171.46468
44149,-170.06816
44150,-168.99533
44151,-168.37431
44152,-168.33513
44153,-168.98082
44154,-170.25797
44155,-171.9012
44156,-173.63692
44157,-175.20174
44158,-176.35779
44159,-177.01582
44160,-177.28767
44161,-177.29323
44162,-177.14288
44163,-176.94508
44164,-176.7979
44165,-176.78502
44166,-176.98962
44167,-177.4955
44168,-178.37654
44169,-179.64825
44170,-181.24751
44171,-183.10791
44172,-185.16689
44173,-187.3619
44174,-189.6304
44175,-191.90988
44176,-194.13776
44177,-196.25153
44178,-195.2299
44179,-189.41464
44180,-186.59511
44181,-185.04068
44182,-184.4599
44183,-184.56158
44184,-185.05492
44185,-185.64914
44186,-186.05356
44187,-185.97752
44188,-185.17442
44189,-183.65364
44190,-181.77202
44191,-179.9004
44192,-178.39331
44193,-177.56467
44194,-177.49242
44195,-177.9348
44196,-178.63748
44197,-179.36131
44198,-179.8864
44199,-180.10422
44200,-180.05711
44201,-179.79349
44202,-179.3546
44203,-178.79247
44204,-178.22202
44205,-177.84334
44206,-177.85995
44207,-178.47127
44208,-179.8282
44209,-181.80002
44210,-183.87468
44211,-185.52515
44212,-186.24242
44213,-185.59451
44214,-183.59724
44215,-180.87402
44216,-178.07326
44217,-175.81479
44218,-174.65839
44219,-174.81474
44220,-176.02188
44221,-177.99908
44222,-180.4883
44223,-183.23158
44224,-185.97115
44225,-188.44922
44226,-190.40804
44227,-191.58978
44228,-192.0009
44229,-192.41614
44230,-193.51471
44231,-194.92422
44232,-196.4667
44233,-197.96405
44234,-199.23831
44235,-200.11143
44236,-200.40541
44237,-199.94206
44238,-198.5749
44239,-196.34183
44240,-193.53105
44241,-190.44136
44242,-187.3598
44243,-184.56586
44244,-182.29446
44245,-180.72011
44246,-180.01479
44247,-180.35315
44248,-181.85022
44249,-184.27452
44250,-186.92538
44251,-189.08388
44252,-190.05334
44253,-189.24359
44254,-186.6847
44255,-183.24854
44256,-179.84212
44257,-177.33286
44258,-176.47404
44259,-177.35565
44260,-179.16966
44261,-181.0728
44262,-182.26491
44263,-182.04921
44264,-180.32968
44265,-177.82483
44266,-175.28639
44267,-173.42767
44268,-172.88115
44269,-173.80948
44270,-175.73938
44271,-178.17259
44272,-180.64139
44273,-182.67822
44274,-183.81558
44275,-183.5857
44276,-181.5204
44277,-177.15097
44278,-175.62839
44279,-181.62744
44280,-183.7507
44281,-184.32314
44282,-183.65698
44283,-182.0649
44284,-179.85979
44285,-177.35478
44286,-174.86317
44287,-172.69829
44288,-171.13593
44289,-170.23393
44290,-169.75491
44291,-169.44981
44292,-169.08372
44293,-168.46336
44294,-167.63768
44295,-166.98367
44296,-166.89128
44297,-167.73476
44298,-169.82631
44299,-173.1185
44300,-177.07727
44301,-181.14969
44302,-184.80649
44303,-187.57016
44304,-189.26424
44305,-190.11996
44306,-190.385
44307,-190.28766
44308,-190.03293
44309,-189.68913
44310,-189.13931
44311,-188.259
44312,-186.93251
44313,-185.08055
44314,-182.83647
44315,-180.62172
44316,-178.86958
44317,-177.99956
44318,-178.37012
44319,-179.98563
44320,-182.3712
44321,-185.03305
44322,-187.50055
44323,-189.30304
44324,-189.96985
44325,-189.02986
44326,-186.01154
44327,-185.44258
44328,-176.40819
44329,-178.51823
44330,-179.1087
44331,-179.70914
44332,-180.54866
44333,-181.85649
44334,-183.86171
44335,-186.79329
44336,-190.88013
44337,-201.35072
44338,-208.3263
44339,-216.30606
44340,-223.94794
44341,-229.87715
44342,-227.75807
44343,-226.45937
44344,-221.05144
44345,-218.2421
44346,-209.81567
44347,-202.48338
44348,-197.7807
44349,-191.21968
44350,-191.9257
44351,-193.96756
44352,-196.48111
44353,-198.66496
44354,-200.07861
44355,-200.76991
44356,-200.80673
44357,-200.23366
44358,-199.10364
44359,-197.51735
44360,-195.64024
44361,-193.64056
44362,-191.68346
44363,-189.91322
44364,-188.35268
44365,-186.85986
44366,-185.28607
44367,-183.49039
44368,-181.35776
44369,-178.92305
44370,-176.42458
44371,-174.10893
44372,-172.21298
44373,-170.9736
44374,-170.6275
44375,-171.41135
44376,-173.5616
44377,-177.31453
44378,-179.86497
44379,-177.98927
44380,-176.72859
44381,-175.40356
44382,-174.12296
44383,-172.99562
44384,-172.13039
44385,-171.63605
44386,-171.62137
44387,-172.19514
44388,-173.42647
44389,-175.15424
44390,-176.90562
44391,-178.19562
44392,-178.5541
44393,-177.59282
44394,-175.40099
44395,-172.71513
44396,-170.29816
44397,-168.88216
44398,-169.09909
44399,-170.99945
44400,-173.8466
44401,-176.87344
44402,-179.35083
44403,-180.63031
44404,-180.53183
44405,-179.5102
44406,-178.04575
44407,-176.58882
44408,-175.54933
44409,-175.10168
44410,-175.10095
44411,-175.3895
44412,-175.82498
44413,-176.27397
44414,-176.65556
44415,-176.9597
44416,-177.1792
44417,-177.30342
44418,-177.3268
44419,-177.27257
44420,-177.20306
44421,-177.18231
44422,-177.27238
44423,-177.53532
44424,-178.03322
44425,-178.82819
44426,-179.98225
44427,-181.55742
44428,-181.93237
44429,-180.02374
44430,-179.87044
44431,-180.51337
44432,-181.74785
44433,-183.36919
44434,-185.17294
44435,-186.95462
44436,-188.50977
44437,-189.634
44438,-190.1525
44439,-190.06297
44440,-189.59706
44441,-188.99593
44442,-188.48973
44443,-188.28323
44444,-188.4337
44445,-188.79854
44446,-189.22691
44447,-189.57764
44448,-189.71217
44449,-189.50763
44450,-188.86232
44451,-187.67543
44452,-185.8451
44453,-183.30965
44454,-180.2418
44455,-177.13216
44456,-174.48424
44457,-172.78642
44458,-172.45071
44459,-173.44547
44460,-175.13872
44461,-176.87505
44462,-178.02785
44463,-178.02757
44464,-176.63612
44465,-174.06462
44466,-170.5423
44467,-166.27711
44468,-161.49232
44469,-156.49872
44470,-151.72578
44471,-147.60751
44472,-144.5721
44473,-143.04752
44474,-143.46162
44475,-146.24205
44476,-151.8161
44477,-165.61028
44478,-172.97298
44479,-167.97346
44480,-168.02356
44481,-167.30959
44482,-166.10846
44483,-164.69728
44484,-163.35304
44485,-162.353
44486,-161.9742
44487,-162.49367
44488,-164.13106
44489,-166.77264
44490,-169.85394
44491,-172.79294
44492,-175.02942
44493,-176.0637
44494,-175.74799
44495,-174.4114
44496,-172.40211
44497,-170.0458
44498,-167.66211
44499,-165.53502
44500,-163.90009
44501,-162.99081
44502,-163.04295
44503,-164.252
44504,-166.57942
44505,-169.67
44506,-173.15642
44507,-176.68668
44508,-179.91895
44509,-182.57047
44510,-184.43831
44511,-185.32253
44512,-185.01923
44513,-183.38148
44514,-180.59483
44515,-177.29567
44516,-174.139
44517,-171.75864
44518,-170.71732
44519,-171.16635
44520,-172.6996
44521,-174.8892
44522,-177.33406
44523,-179.63324
44524,-181.38591
44525,-182.19109
44526,-181.6477
44527,-179.35423
44528,-178.93575
44529,-184.11485
44530,-187.39386
44531,-190.03242
44532,-192.03725
44533,-193.41501
44534,-194.1724
44535,-194.31609
44536,-193.85272
44537,-192.78899
44538,-191.14647
44539,-189.03348
44540,-186.67606
44541,-184.30504
44542,-182.14577
44543,-180.40045
44544,-179.13667
44545,-178.23979
44546,-177.58769
44547,-177.06703
44548,-176.57692
44549,-176.08858
44550,-175.67111
44551,-175.39745
44552,-175.33588
44553,-175.54796
44554,-176.0557
44555,-176.82762
44556,-177.83029
44557,-179.03264
44558,-180.39804
44559,-181.85686
44560,-183.29478
44561,-184.59578
44562,-185.64586
44563,-186.34631
44564,-186.68703
44565,-186.77791
44566,-186.73372
44567,-186.66357
44568,-186.6636
44569,-186.75443
44570,-186.85434
44571,-186.87747
44572,-186.7429
44573,-186.36966
44574,-185.67668
44575,-184.583
44576,-183.00758
44577,-180.86938
44578,-179.73392
44579,-180.88853
44580,-180.79485
44581,-180.23207
44582,-179.34
44583,-178.25847
44584,-177.12733
44585,-176.08652
44586,-175.27591
44587,-174.83531
44588,-174.88573
44589,-175.43819
44590,-176.35477
44591,-177.49171
44592,-178.7125
44593,-179.8857
44594,-180.91058
44595,-181.7278
44596,-182.27963
44597,-182.50642
44598,-182.36488
44599,-181.90715
44600,-181.31483
44601,-180.77478
44602,-180.46764
44603,-180.54945
44604,-181.03342
44605,-181.73912
44606,-182.47835
44607,-183.07219
44608,-183.35526
44609,-183.24033
44610,-182.74638
44611,-181.8967
44612,-180.7094
44613,-179.2123
44614,-177.48875
44615,-175.69772
44616,-174.00107
44617,-172.55714
44618,-171.5078
44619,-170.8991
44620,-170.64745
44621,-170.66403
44622,-170.86635
44623,-171.17181
44624,-171.49788
44625,-171.76205
44626,-171.88176
44627,-171.77446
44628,-170.81865
44629,-169.16972
44630,-169.08594
44631,-169.8495
44632,-171.22264
44633,-172.9676
44634,-174.84682
44635,-176.62271
44636,-178.05775
44637,-178.91438
44638,-178.98376
44639,-178.22458
44640,-176.82243
44641,-174.97208
44642,-172.8576
44643,-170.6644
44644,-168.58556
44645,-166.82466
44646,-165.5856
44647,-165.07169
44648,-165.4517
44649,-166.69368
44650,-168.49402
44651,-170.5385
44652,-172.52603
44653,-174.16782
44654,-175.24606
44655,-175.6393
44656,-175.22966
44657,-173.89474
44658,-171.56236
44659,-168.453
44660,-165.1841
44661,-162.38892
44662,-160.68187
44663,-160.58421
44664,-162.07742
44665,-164.41222
44666,-166.81126
44667,-168.53242
44668,-168.91641
44669,-167.78455
44670,-165.60965
44671,-162.89047
44672,-160.09486
44673,-157.69078
44674,-156.14627
44675,-155.92902
44676,-157.5066
44677,-161.34618
44678,-161.74751
44679,-158.84778
44680,-150.68193
44681,-149.55222
44682,-150.08755
44683,-151.91728
44684,-154.67117
44685,-157.979
44686,-161.47081
44687,-164.77672
44688,-167.55847
44689,-169.66162
44690,-171.18025
44691,-172.21825
44692,-172.8675
44693,-173.21935
44694,-173.36124
44695,-173.37535
44696,-173.34375
44697,-173.34857
44698,-173.48271
44699,-173.89995
44700,-174.8368
44701,-176.53296
44702,-179.22414
44703,-183.07011
44704,-187.79074
44705,-192.51035
44706,-196.33032
44707,-198.3803
44708,-197.93741
44709,-195.14046
44710,-191.29851
44711,-187.77051
44712,-185.86087
44713,-186.69562
44714,-190.36768
44715,-195.5717
44716,-205.94806
44717,-205.20483
44718,-207.18015
44719,-206.46655
44720,-203.68039
44721,-199.48119
44722,-194.48143
44723,-194.2943
44724,-184.53331
44725,-180.81184
44726,-178.74292
44727,-178.93889
44728,-181.27489
44729,-183.64838
44730,-184.29169
44731,-183.89377
44732,-182.68558
44733,-180.8982
44734,-178.7628
44735,-176.51071
44736,-174.3734
44737,-172.58214
44738,-171.35243
44739,-170.8072
44740,-170.9441
44741,-171.75583
44742,-173.24106
44743,-175.36967
44744,-177.94434
44745,-180.54144
44746,-182.7285
44747,-184.08377
44748,-184.24562
44749,-183.20163
44750,-181.41307
44751,-179.36055
44752,-177.50244
44753,-176.24834
44754,-175.72375
44755,-175.66956
44756,-175.81134
44757,-175.89294
44758,-175.6884
44759,-175.14613
44760,-174.45102
44761,-173.79741
44762,-173.36833
44763,-173.31938
44764,-173.64618
44765,-174.12787
44766,-174.53499
44767,-174.64842
44768,-174.28035
44769,-173.42459
44770,-172.32112
44771,-171.2198
44772,-170.35883
44773,-169.97626
44774,-170.31026
44775,-171.5988
44776,-174.0797
44777,-177.99066
44778,-178.86363
44779,-173.17705
44780,-171.32814
44781,-171.06267
44782,-172.00641
44783,-173.78548
44784,-176.0264
44785,-178.3558
44786,-180.40048
44787,-181.78722
44788,-182.17891
44789,-181.44873
44790,-179.7549
44791,-177.26714
44792,-174.14174
44793,-170.55974
44794,-166.84537
44795,-163.51698
44796,-161.10063
44797,-160.11287
44798,-160.98291
44799,-163.63408
44800,-167.30481
44801,-171.20755
44802,-174.58786
44803,-176.76721
44804,-177.50735
44805,-177.16646
44806,-176.1263
44807,-174.74051
44808,-173.33853
44809,-172.10843
44810,-171.04651
44811,-170.14143
44812,-169.39102
44813,-168.79552
44814,-168.3695
44815,-168.14694
44816,-168.16248
44817,-168.44994
44818,-169.0347
44819,-169.89348
44820,-170.93712
44821,-172.07376
44822,-173.21483
44823,-174.27174
44824,-175.15584
44825,-175.77849
44826,-176.0511
44827,-175.88501
44828,-178.40517
44829,-190.18771
44830,-187.65886
44831,-188.00113
44832,-186.74173
44833,-184.40872
44834,-181.53073
44835,-178.63696
44836,-176.25665
44837,-174.91902
44838,-175.07486
44839,-176.72038
44840,-179.23647
44841,-181.97998
44842,-184.33751
44843,-185.76392
44844,-186.11143
44845,-185.77055
44846,-185.15352
44847,-184.64714
44848,-184.58858
44849,-185.02571
44850,-185.6144
44851,-185.99489
44852,-185.826
44853,-184.81662
44854,-182.9677
44855,-180.67592
44856,-178.35417
44857,-176.39676
44858,-175.15607
44859,-174.7415
44860,-174.93333
44861,-175.49887
44862,-176.221
44863,-176.89542
44864,-177.39136
44865,-177.67755
44866,-177.72685
44867,-177.50714
44868,-176.99437
44869,-176.21042
44870,-175.23933
44871,-174.16779
44872,-173.0794
44873,-172.05792
44874,-171.18695
44875,-170.55017
44876,-170.23125
44877,-170.31383
44878,-171.92671
44879,-175.15416
44880,-176.33284
44881,-176.46928
44882,-175.83069
44883,-174.6845
44884,-173.29823
44885,-171.93947
44886,-170.87596
44887,-170.37523
44888,-170.65799
44889,-171.67206
44890,-172.9957
44891,-174.19284
44892,-174.8451
44893,-174.59756
44894,-173.46515
44895,-171.96384
44896,-170.62967
44897,-169.97496
44898,-170.44464
44899,-172.09239
44900,-174.4424
44901,-176.99821
44902,-179.28883
44903,-180.89465
44904,-181.69432
44905,-181.97054
44906,-182.02211
44907,-182.12874
44908,-182.53345
44909,-183.26573
44910,-184.06589
44911,-184.66266
44912,-184.79851
44913,-184.25255
44914,-183.01729
44915,-181.37451
44916,-179.61769
44917,-178.02676
44918,-176.85597
44919,-176.21057
44920,-175.99405
44921,-176.10173
44922,-176.43861
44923,-176.90976
44924,-177.42012
44925,-177.87488
44926,-178.17894
44927,-178.23744
44928,-176.14185
44929,-171.2652
44930,-169.11633
44931,-168.36078
44932,-168.72385
44933,-169.93118
44934,-171.7086
44935,-173.7821
44936,-175.87772
44937,-177.72159
44938,-179.07875
44939,-179.94049
44940,-180.6045
44941,-181.38078
44942,-182.56465
44943,-184.40416
44944,-186.87236
44945,-189.5699
44946,-192.08264
44947,-194.01436
44948,-195.01747
44949,-195.02826
44950,-194.3679
44951,-193.37341
44952,-192.3638
44953,-191.62006
44954,-191.20218
44955,-190.87053
44956,-190.37317
44957,-189.47247
44958,-187.97643
44959,-185.9593
44960,-183.85635
44961,-182.11772
44962,-181.17636
44963,-181.39597
44964,-182.73856
44965,-184.62206
44966,-186.44298
44967,-187.62389
44968,-187.653
44969,-186.40106
44970,-184.25726
44971,-181.63211
44972,-178.91176
44973,-176.48242
44974,-174.73033
44975,-174.0415
44976,-174.80188
44977,-177.3969
44978,-178.88356
44979,-175.84544
44980,-173.83221
44981,-172.04
44982,-170.54765
44983,-169.43402
44984,-168.77798
44985,-168.65831
44986,-169.15376
44987,-170.34312
44988,-172.27014
44989,-174.77559
44990,-177.42538
44991,-179.77469
44992,-181.39192
44993,-181.90837
44994,-181.3215
44995,-180.12526
44996,-178.83372
44997,-177.9375
44998,-177.88368
44999,-178.86598
45000,-180.73505
45001,-183.32785
45002,-186.49783
45003,-190.11565
45004,-194.1517
45005,-198.71153
45006,-208.906
45007,-214.83945
45008,-221.54538
45009,-228.64658
45010,-235.20963
45011,-240.27858
45012,-237.923
45013,-237.34822
45014,-233.55779
45015,-232.64262
45016,-225.74467
45017,-218.95752
45018,-213.28406
45019,-204.19397
45020,-201.43294
45021,-199.71547
45022,-198.79034
45023,-198.40654
45024,-198.31325
45025,-198.25983
45026,-197.99559
45027,-197.26991
45028,-193.85184
45029,-191.99133
45030,-182.80948
45031,-179.95425
45032,-178.2185
45033,-177.39536
45034,-177.27815
45035,-177.66042
45036,-178.33575
45037,-179.09782
45038,-179.74057
45039,-180.05878
45040,-179.84837
45041,-178.90541
45042,-177.02567
45043,-174.07137
45044,-170.29138
45045,-166.45883
45046,-163.36809
45047,-161.7884
45048,-162.37296
45049,-165.10286
45050,-169.04959
45051,-173.25002
45052,-176.785
45053,-178.83423
45054,-179.14983
45055,-178.25966
45056,-176.72269
45057,-175.0612
45058,-173.73798
45059,-172.86856
45060,-172.09772
45061,-171.05154
45062,-169.37856
45063,-166.78989
45064,-163.36122
45065,-159.66243
45066,-156.28304
45067,-153.7891
45068,-152.68086
45069,-153.0777
45070,-154.58345
45071,-156.78209
45072,-159.28247
45073,-161.69357
45074,-163.62442
45075,-164.68405
45076,-164.48132
45077,-162.62483
45078,-162.81549
45079,-168.13931
45080,-169.88403
45081,-170.12756
45082,-169.33377
45083,-167.9669
45084,-166.49152
45085,-165.37224
45086,-165.07382
45087,-166.06079
45088,-168.70158
45089,-172.80783
45090,-177.43765
45091,-181.62051
45092,-184.4221
45093,-185.03374
45094,-183.37793
45095,-180.36913
45096,-176.96269
45097,-174.06752
45098,-172.49698
45099,-172.50758
45100,-173.60179
45101,-175.25232
45102,-176.96811
45103,-178.3113
45104,-179.15225
45105,-179.77881
45106,-180.49547
45107,-181.5868
45108,-183.29414
45109,-185.60783
45110,-188.17801
45111,-190.64151
45112,-192.65138
45113,-193.89119
45114,-194.22266
45115,-193.74878
45116,-192.58244
45117,-190.82512
45118,-188.58946
45119,-186.05243
45120,-183.47827
45121,-181.13486
45122,-179.28584
45123,-178.19492
45124,-178.1255
45125,-179.34099
45126,-182.10445
45127,-186.67863
45128,-189.35979
45129,-186.41393
45130,-185.22539
45131,-184.44472
45132,-183.971
45133,-183.70334
45134,-183.54088
45135,-183.38275
45136,-183.12811
45137,-182.6761
45138,-181.9411
45139,-180.92622
45140,-179.75475
45141,-178.55482
45142,-177.44888
45143,-176.54692
45144,-175.88635
45145,-175.40639
45146,-175.04218
45147,-174.73366
45148,-174.4419
45149,-174.25046
45150,-174.40909
45151,-175.17415
45152,-176.7939
45153,-179.46275
45154,-183.06264
45155,-187.05243
45156,-190.87465
45157,-193.99208
45158,-195.92102
45159,-196.48843
45160,-195.94275
45161,-194.54959
45162,-192.55486
45163,-190.19449
45164,-187.6456
45165,-185.00516
45166,-182.36694
45167,-179.8285
45168,-177.48463
45169,-175.41405
45170,-173.67358
45171,-172.3193
45172,-171.40826
45173,-170.9974
45174,-171.14378
45175,-171.90439
45176,-173.33614
45177,-175.496
45178,-176.5553
45179,-174.50977
45180,-172.62344
45181,-170.56425
45182,-168.4926
45183,-166.569
45184,-164.95387
45185,-163.8076
45186,-163.29063
45187,-163.5633
45188,-164.7457
45189,-166.72482
45190,-169.07198
45191,-171.34619
45192,-173.12181
45193,-174.03006
45194,-174.03366
45195,-173.54424
45196,-172.9913
45197,-172.78308
45198,-173.27876
45199,-174.55222
45200,-176.29117
45201,-178.16809
45202,-179.87398
45203,-181.13481
45204,-181.87971
45205,-182.31284
45206,-182.6494
45207,-183.0916
45208,-183.8117
45209,-184.80841
45210,-185.8451
45211,-186.6758
45212,-187.06572
45213,-186.80542
45214,-185.83289
45215,-184.28622
45216,-182.31166
45217,-180.0459
45218,-177.6281
45219,-175.21053
45220,-172.96333
45221,-171.0574
45222,-169.6627
45223,-168.94919
45224,-169.08667
45225,-170.24498
45226,-172.59378
45227,-176.3026
45228,-178.64519
45229,-176.88322
45230,-176.40866
45231,-176.22464
45232,-176.24966
45233,-176.40222
45234,-176.6009
45235,-176.76424
45236,-176.81078
45237,-176.65907
45238,-176.23619
45239,-175.51859
45240,-174.5499
45241,-173.37631
45242,-172.04091
45243,-170.59981
45244,-169.1857
45245,-168.03458
45246,-167.38657
45247,-167.47685
45248,-168.49933
45249,-170.40848
45250,-172.83475
45251,-175.39597
45252,-177.7256
45253,-179.50543
45254,-180.69789
45255,-181.6457
45256,-182.70665
45257,-184.22047
45258,-186.48108
45259,-189.5165
45260,-192.99463
45261,-196.56923
45262,-199.91115
45263,-202.70598
45264,-204.72404
45265,-205.85048
45266,-205.97504
45267,-204.98181
45268,-202.79018
45269,-199.52411
45270,-195.58578
45271,-191.38937
45272,-187.33609
45273,-183.82716
45274,-181.2638
45275,-180.04675
45276,-180.57663
45277,-183.25342
45278,-185.12231
45279,-182.88382
45280,-182.32455
45281,-182.43439
45282,-183.16277
45283,-184.45903
45284,-186.27272
45285,-188.55328
45286,-191.25017
45287,-194.31293
45288,-197.67853
45289,-201.21121
45290,-204.67656
45291,-207.83627
45292,-210.45665
45293,-212.32584
45294,-213.35889
45295,-213.6432
45296,-213.27333
45297,-212.33586
45298,-210.90982
45299,-209.03044
45300,-206.67351
45301,-203.81221
45302,-200.42259
45303,-196.50777
45304,-192.22856
45305,-187.96004
45306,-184.0861
45307,-180.9806
45308,-178.97609
45309,-178.16618
45310,-178.32088
45311,-179.19725
45312,-180.56795
45313,-182.20851
45314,-183.91121
45315,-185.4906
45316,-186.76227
45317,-187.54066
45318,-187.66672
45319,-187.13579
45320,-186.15253
45321,-184.93008
45322,-183.67186
45323,-182.58112
45324,-181.86128
45325,-181.71565
45326,-182.34743
45327,-183.95978
45328,-183.72723
45329,-179.42697
45330,-177.77922
45331,-177.35329
45332,-177.92906
45333,-179.28671
45334,-181.20654
45335,-183.46895
45336,-185.85445
45337,-188.14363
45338,-190.1255
45339,-191.63803
45340,-192.58543
45341,-192.87463
45342,-192.40926
45343,-191.12001
45344,-189.09528
45345,-186.63724
45346,-184.057
45347,-181.65562
45348,-179.70792
45349,-178.33641
45350,-177.45708
45351,-176.97763
45352,-176.81555
45353,-176.87671
45354,-176.99872
45355,-176.92679
45356,-176.40253
45357,-175.17177
45358,-173.04529
45359,-170.21104
45360,-167.36855
45361,-165.23781
45362,-164.51437
45363,-165.78937
45364,-169.04865
45365,-173.45912
45366,-178.15633
45367,-182.31563
45368,-185.1924
45369,-186.50601
45370,-186.60434
45371,-185.86041
45372,-184.61769
45373,-183.21979
45374,-182.01045
45375,-181.33351
45376,-181.53265
45377,-182.95139
45378,-185.7358
45379,-188.96951
45380,-191.3286
45381,-193.19638
45382,-194.65794
45383,-195.79846
45384,-196.70308
45385,-197.45703
45386,-198.1455
45387,-198.85371
45388,-199.65263
45389,-200.53029
45390,-201.36237
45391,-202.01978
45392,-202.37892
45393,-202.32765
45394,-201.82158
45395,-200.90791
45396,-199.63774
45397,-198.05785
45398,-196.22368
45399,-194.24088
45400,-192.28333
45401,-190.52762
45402,-189.14722
45403,-188.29317
45404,-187.9865
45405,-188.07225
45406,-188.38824
45407,-188.78067
45408,-189.10352
45409,-189.25557
45410,-189.19635
45411,-188.88774
45412,-188.28886
45413,-187.37613
45414,-186.22745
45415,-185.05804
45416,-184.08887
45417,-183.53424
45418,-183.57948
45419,-184.24103
45420,-185.3068
45421,-186.55539
45422,-187.77654
45423,-188.7598
45424,-189.29489
45425,-189.17133
45426,-188.17867
45427,-186.10622
45428,-183.09616
45429,-180.33217
45430,-178.84729
45431,-178.17015
45432,-178.10841
45433,-178.46986
45434,-179.06245
45435,-179.69414
45436,-180.17291
45437,-180.30672
45438,-179.9284
45439,-179.0149
45440,-177.73866
45441,-176.2801
45442,-174.81027
45443,-173.4912
45444,-172.43225
45445,-171.67136
45446,-171.24359
45447,-171.18753
45448,-171.52939
45449,-172.22505
45450,-173.13469
45451,-174.11484
45452,-175.02652
45453,-175.75267
45454,-176.30327
45455,-176.8604
45456,-177.61299
45457,-178.74174
45458,-180.383
45459,-182.4155
45460,-184.3691
45461,-185.7599
45462,-186.12053
45463,-185.0542
45464,-182.57587
45465,-179.2593
45466,-175.70117
45467,-172.47197
45468,-170.09068
45469,-168.77655
45470,-168.3428
45471,-168.58658
45472,-169.32446
45473,-170.3731
45474,-171.54918
45475,-172.66953
45476,-173.55084
45477,-174.0099
45478,-171.88873
45479,-167.2006
45480,-167.15436
45481,-169.59882
45482,-173.87267
45483,-184.31572
45484,-190.2684
45485,-196.07178
45486,-201.06729
45487,-199.5963
45488,-201.08618
45489,-200.46591
45490,-198.34543
45491,-195.36342
45492,-192.12717
45493,-189.19473
45494,-186.83583
45495,-184.92906
45496,-183.33687
45497,-181.94026
45498,-180.62875
45499,-179.3411
45500,-178.08266
45501,-176.86147
45502,-175.6825
45503,-174.55484
45504,-173.5124
45505,-172.62245
45506,-171.95364
45507,-171.573
45508,-171.53526
45509,-171.82355
45510,-172.32396
45511,-172.91881
45512,-173.49512
45513,-173.95328
45514,-174.27254
45515,-174.53856
45516,-174.84131
45517,-175.2656
45518,-175.88458
45519,-176.70299
45520,-177.633
45521,-178.58319
45522,-179.4665
45523,-180.19588
45524,-180.68425
45525,-180.8446
45526,-180.58981
45527,-179.8328
45528,-182.30197
45529,-195.18655
45530,-193.78241
45531,-195.3444
45532,-195.30794
45533,-194.10902
45534,-192.18428
45535,-189.97072
45536,-187.90565
45537,-186.42644
45538,-185.9012
45539,-186.29642
45540,-187.03421
45541,-187.51505
45542,-187.16516
45543,-185.48946
45544,-182.45049
45545,-178.63185
45546,-174.64265
45547,-171.06297
45548,-168.42094
45549,-166.94408
45550,-166.45227
45551,-166.74937
45552,-167.65881
45553,-169.00372
45554,-170.60532
45555,-172.28218
45556,-173.8529
45557,-175.13611
45558,-175.98517
45559,-176.45457
45560,-176.87172
45561,-177.5747
45562,-178.88869
45563,-181.07501
45564,-184.02501
45565,-187.12894
45566,-189.75739
45567,-191.30487
45568,-191.24303
45569,-189.4932
45570,-186.58696
45571,-183.0812
45572,-179.50438
45573,-176.38509
45574,-174.2519
45575,-173.63304
45576,-175.05635
45577,-179.049
45578,-191.25954
45579,-199.19267
45580,-197.50452
45581,-198.06804
45582,-196.52284
45583,-193.50992
45584,-189.67145
45585,-185.6505
45586,-182.09035
45587,-179.63431
45588,-178.83447
45589,-179.71457
45590,-181.58286
45591,-183.71951
45592,-185.43915
45593,-186.13327
45594,-185.63957
45595,-184.4008
45596,-182.88414
45597,-181.52834
45598,-180.73181
45599,-180.6581
45600,-181.15262
45601,-182.04797
45602,-183.19203
45603,-184.4251
45604,-185.54393
45605,-186.28612
45606,-186.38683
45607,-185.58394
45608,-183.68591
45609,-180.91248
45610,-178.04112
45611,-175.87218
45612,-175.1795
45613,-176.62148
45614,-180.18869
45615,-184.96791
45616,-190.01112
45617,-194.41405
45618,-197.358
45619,-198.51956
45620,-198.2466
45621,-196.91435
45622,-194.86678
45623,-192.44797
45624,-190.00238
45625,-187.87448
45626,-186.40866
45627,-185.94933
45628,-187.8412
45629,-191.98317
45630,-194.20236
45631,-195.55148
45632,-196.25627
45633,-196.54274
45634,-196.63693
45635,-196.765
45636,-197.15315
45637,-198.02754
45638,-199.57246
45639,-201.72917
45640,-204.10971
45641,-206.31271
45642,-207.95245
45643,-208.68436
45644,-208.40312
45645,-207.32831
45646,-205.69312
45647,-203.71565
45648,-201.60286
45649,-199.49628
45650,-197.44861
45651,-195.50888
45652,-193.73021
45653,-192.16443
45654,-190.85555
45655,-189.83687
45656,-189.14133
45657,-188.80234
45658,-188.84393
45659,-189.23598
45660,-189.8749
45661,-190.6541
45662,-191.47052
45663,-192.23036
45664,-192.89375
45665,-193.49377
45666,-194.06656
45667,-194.64468
45668,-195.25705
45669,-195.91083
45670,-196.5837
45671,-197.25208
45672,-197.89389
45673,-198.48701
45674,-199.0093
45675,-199.43863
45676,-199.75284
45677,-199.92986
45678,-202.03494
45679,-206.88214
45680,-208.51665
45681,-208.55215
45682,-207.43279
45683,-205.60349
45684,-203.50957
45685,-201.59665
45686,-200.31046
45687,-200.09653
45688,-201.31079
45689,-203.79027
45690,-206.66888
45691,-209.05222
45692,-210.07924
45693,-209.00047
45694,-205.71758
45695,-201.017
45696,-200.72366
45697,-195.62177
45698,-186.4224
45699,-183.40971
45700,-181.28891
45701,-179.74162
45702,-178.47693
45703,-177.22702
45704,-175.85686
45705,-174.4115
45706,-172.94322
45707,-171.49567
45708,-170.1146
45709,-168.85785
45710,-167.7995
45711,-167.01428
45712,-166.57611
45713,-166.54736
45714,-166.92311
45715,-167.60725
45716,-168.50026
45717,-169.50687
45718,-170.53746
45719,-171.5354
45720,-172.4884
45721,-173.38606
45722,-174.21577
45723,-174.96498
45724,-175.62106
45725,-176.17145
45726,-176.60353
45727,-176.90475
45728,-175.55661
45729,-172.39957
45730,-172.46419
45731,-174.19365
45732,-177.07617
45733,-180.60043
45734,-184.25555
45735,-187.53087
45736,-189.91574
45737,-190.89944
45738,-190.05806
45739,-187.47534
45740,-183.92392
45741,-180.20537
45742,-177.08902
45743,-175.2633
45744,-174.94666
45745,-175.72086
45746,-177.1425
45747,-178.79868
45748,-180.2911
45749,-181.30547
45750,-181.64085
45751,-181.10085
45752,-179.48349
45753,-176.64397
45754,-172.77046
45755,-168.50288
45756,-164.49959
45757,-161.39749
45758,-159.76105
45759,-159.73436
45760,-160.89287
45761,-162.78993
45762,-165.0063
45763,-167.15256
45764,-169.01187
45765,-170.60077
45766,-171.94495
45767,-173.05894
45768,-173.95903
45769,-174.6719
45770,-175.23827
45771,-175.6994
45772,-176.096
45773,-176.46857
45774,-176.8578
45775,-177.30432
45776,-177.84877
45777,-178.53172
45778,-179.72679
45779,-181.36572
45780,-182.09926
45781,-182.30792
45782,-182.09554
45783,-181.56598
45784,-180.8231
45785,-179.9709
45786,-179.11328
45787,-178.35417
45788,-177.7899
45789,-177.47232
45790,-177.39307
45791,-177.54141
45792,-177.90945
45793,-178.49358
45794,-179.31496
45795,-180.42845
45796,-181.89021
45797,-183.75471
45798,-186.04779
45799,-188.62779
45800,-191.12653
45801,-193.16687
45802,-194.3824
45803,-194.45499
45804,-193.34842
45805,-191.40881
45806,-188.9982
45807,-186.46071
45808,-184.11829
45809,-182.16266
45810,-180.60918
45811,-179.46599
45812,-178.74957
45813,-178.47552
45814,-178.6544
45815,-179.2898
45816,-180.38509
45817,-181.94388
45818,-183.95438
45819,-186.31468
45820,-188.80087
45821,-191.18428
45822,-193.24196
45823,-194.7511
45824,-195.48866
45825,-195.2316
45826,-193.75658
45827,-190.8401
45828,-188.41144
45829,-189.1244
45830,-190.09677
45831,-191.51408
45832,-193.17491
45833,-194.87808
45834,-196.42223
45835,-197.60612
45836,-198.22852
45837,-198.088
45838,-197.01279
45839,-195.00366
45840,-192.29547
45841,-189.13301
45842,-185.75003
45843,-182.39381
45844,-179.3891
45845,-177.16579
45846,-176.15788
45847,-176.79398
45848,-179.4144
45849,-183.8472
45850,-194.22769
45851,-199.6646
45852,-199.30032
45853,-202.37401
45854,-203.68562
45855,-203.79572
45856,-203.29639
45857,-202.74423
45858,-202.64592
45859,-203.21649
45860,-204.27528
45861,-205.62524
45862,-207.08815
45863,-208.48537
45864,-209.63625
45865,-210.3574
45866,-210.46526
45867,-209.77623
45868,-208.14302
45869,-205.62923
45870,-202.5851
45871,-199.37318
45872,-196.34274
45873,-193.84294
45874,-192.22296
45875,-191.83168
45876,-193.01772
45877,-196.12921
45878,-197.81998
45879,-194.35689
45880,-192.07243
45881,-189.94792
45882,-187.9914
45883,-186.21094
45884,-184.61453
45885,-183.21036
45886,-182.00635
45887,-181.01057
45888,-180.2334
45889,-179.69827
45890,-179.44644
45891,-179.51988
45892,-179.9598
45893,-180.81198
45894,-182.14978
45895,-184.08382
45896,-186.726
45897,-190.18657
45898,-194.5099
45899,-199.3591
45900,-203.88087
45901,-207.20163
45902,-208.47177
45903,-206.98347
45904,-202.85863
45905,-202.34708
45906,-196.74834
45907,-187.30994
45908,-185.13127
45909,-185.45204
45910,-187.34778
45911,-189.8477
45912,-192.03716
45913,-193.09663
45914,-192.75786
45915,-191.49962
45916,-189.83131
45917,-188.2273
45918,-187.12672
45919,-186.76366
45920,-187.094
45921,-188.06232
45922,-189.6265
45923,-191.74432
45924,-194.37363
45925,-197.47227
45926,-200.99814
45927,-204.90909
45928,-204.4051
45929,-201.37689
45930,-192.51196
45931,-190.30283
45932,-189.36
45933,-189.29482
45934,-189.71889
45935,-190.24423
45936,-190.48296
45937,-190.04715
45938,-188.60063
45939,-186.10835
45940,-182.94383
45941,-179.49745
45942,-176.14046
45943,-173.2178
45944,-170.92122
45945,-169.23494
45946,-168.13495
45947,-167.60696
45948,-167.62297
45949,-168.07446
45950,-168.74384
45951,-169.40929
45952,-169.85426
45953,-169.88269
45954,-169.4177
45955,-168.54396
45956,-167.3526
45957,-165.92694
45958,-164.35036
45959,-162.70638
45960,-161.07845
45961,-159.55017
45962,-158.20505
45963,-157.10725
45964,-156.20877
45965,-155.30954
45966,-154.20361
45967,-152.6923
45968,-150.62323
45969,-148.11365
45970,-145.64574
45971,-143.71597
45972,-142.80324
45973,-143.38629
45974,-145.94376
45975,-150.95389
45976,-163.89436
45977,-175.24138
45978,-184.13309
45979,-178.37878
45980,-177.6745
45981,-175.91846
45982,-173.45824
45983,-170.64186
45984,-167.81735
45985,-165.33287
45986,-163.5365
45987,-162.77621
45988,-163.35095
45989,-165.27553
45990,-168.1801
45991,-171.68013
45992,-175.40953
45993,-179.03479
45994,-182.41003
45995,-185.6437
45996,-188.85406
45997,-192.14737
45998,-195.61456
45999,-199.25809
46000,-202.9605
46001,-206.59952
46002,-210.05864
46003,-213.23366
46004,-216.09209
46005,-218.69885
46006,-221.12277
46007,-223.42822
46008,-225.65207
46009,-227.67166
46010,-229.14781
46011,-229.73206
46012,-229.08565
46013,-226.93494
46014,-223.38559
46015,-219.0594
46016,-214.60146
46017,-210.6332
46018,-207.72035
46019,-206.10477
46020,-205.58908
46021,-205.95721
46022,-207.01399
46023,-208.56439
46024,-210.41347
46025,-212.36642
46026,-214.22852
46027,-215.80496
46028,-213.15022
46029,-208.80087
46030,-202.26039
46031,-196.82301
46032,-187.43909
46033,-184.05908
46034,-181.63362
46035,-180.11339
46036,-179.44913
46037,-179.59166
46038,-180.48993
46039,-182.08168
46040,-184.28966
46041,-187.0359
46042,-190.2433
46043,-193.83353
46044,-197.72107
46045,-201.81087
46046,-206.00739
46047,-210.2157
46048,-214.30525
46049,-217.93907
46050,-220.50021
46051,-221.35973
46052,-219.90102
46053,-215.63857
46054,-213.8554
46055,-205.88097
46056,-198.0924
46057,-191.81873
46058,-183.22461
46059,-182.52374
46060,-183.64235
46061,-185.45573
46062,-186.9014
46063,-187.03143
46064,-185.56189
46065,-183.10873
46066,-180.32481
46067,-177.82054
46068,-176.14555
46069,-175.49516
46070,-175.58463
46071,-176.11012
46072,-176.79079
46073,-177.34583
46074,-177.49443
46075,-176.9558
46076,-175.44899
46077,-172.69293
46078,-173.56474
46079,-186.5552
46080,-184.66925
46081,-185.62654
46082,-184.93124
46083,-183.0882
46084,-180.60287
46085,-177.98125
46086,-175.72946
46087,-174.35365
46088,-174.28404
46089,-175.51079
46090,-177.4282
46091,-179.40733
46092,-180.84778
46093,-181.21768
46094,-180.38351
46095,-178.7515
46096,-176.7497
46097,-174.78075
46098,-173.21745
46099,-172.25899
46100,-171.86928
46101,-172.00288
46102,-172.62555
46103,-173.67468
46104,-174.92264
46105,-175.91838
46106,-176.20207
46107,-175.32445
46108,-172.91951
46109,-169.1074
46110,-164.66763
46111,-160.4065
46112,-157.09895
46113,-155.42503
46114,-155.51405
46115,-156.75005
46116,-158.48834
46117,-160.12015
46118,-161.10274
46119,-161.27588
46120,-160.99744
46121,-160.64561
46122,-160.57372
46123,-161.13513
46124,-162.68318
46125,-165.57103
46126,-170.15149
46127,-181.77701
46128,-187.22859
46129,-182.27422
46130,-181.9894
46131,-180.93796
46132,-179.40132
46133,-177.66104
46134,-175.99875
46135,-174.69617
46136,-174.03493
46137,-174.29651
46138,-175.71643
46139,-178.26265
46140,-181.54129
46141,-185.14436
46142,-188.68138
46143,-191.80037
46144,-194.37291
46145,-196.5732
46146,-198.5877
46147,-200.58853
46148,-202.71153
46149,-204.88264
46150,-206.743
46151,-207.922
46152,-208.06248
46153,-206.85985
46154,-204.31755
46155,-200.85732
46156,-196.91875
46157,-192.9222
46158,-189.25948
46159,-186.15569
46160,-183.60979
46161,-181.61142
46162,-180.16086
46163,-179.24158
46164,-178.73935
46165,-178.40746
46166,-177.9939
46167,-177.25307
46168,-175.97487
46169,-174.15594
46170,-172.07324
46171,-170.01497
46172,-168.25595
46173,-167.07114
46174,-166.73526
46175,-167.523
46176,-169.70883
46177,-173.56705
46178,-184.3914
46179,-190.41472
46180,-188.20302
46181,-188.98053
46182,-188.16878
46183,-186.18996
46184,-183.46681
46185,-180.42249
46186,-177.48032
46187,-175.06372
46188,-173.55888
46189,-173.13612
46190,-173.67334
46191,-175.03691
46192,-177.10707
46193,-179.74478
46194,-182.69817
46195,-185.56247
46196,-187.92705
46197,-189.38852
46198,-189.60175
46199,-188.5616
46200,-186.7241
46201,-184.56424
46202,-182.53548
46203,-181.05244
46204,-180.30411
46205,-180.1736
46206,-180.53166
46207,-181.26367
46208,-182.24774
46209,-183.31963
46210,-184.25766
46211,-184.8379
46212,-184.83911
46213,-184.09021
46214,-182.71266
46215,-181.22426
46216,-180.15904
46217,-180.0321
46218,-181.2924
46219,-184.00478
46220,-187.71422
46221,-191.94537
46222,-196.24791
46223,-200.17172
46224,-203.26674
46225,-205.08275
46226,-205.16905
46227,-203.07434
46228,-200.08324
46229,-198.55548
46230,-196.94781
46231,-195.41614
46232,-193.92645
46233,-192.44475
46234,-190.937
46235,-189.3692
46236,-187.70732
46237,-185.91737
46238,-183.98868
46239,-182.04616
46240,-180.39868
46241,-179.36252
46242,-179.24515
46243,-180.29645
46244,-182.43233
46245,-185.11658
46246,-187.79536
46247,-189.9364
46248,-191.0635
46249,-191.02579
46250,-190.11345
46251,-188.63464
46252,-186.87685
46253,-185.10672
46254,-183.4694
46255,-181.945
46256,-180.50705
46257,-179.13681
46258,-177.81845
46259,-176.55298
46260,-175.36398
46261,-174.27606
46262,-173.31268
46263,-172.4918
46264,-171.79936
46265,-171.1778
46266,-170.56784
46267,-169.91234
46268,-169.16461
46269,-168.33907
46270,-167.5329
46271,-166.84651
46272,-166.37643
46273,-166.21915
46274,-166.47112
46275,-167.22878
46276,-168.58853
46277,-170.64682
46278,-172.56563
46279,-172.80957
46280,-172.00055
46281,-170.3925
46282,-168.23825
46283,-165.7908
46284,-163.30324
46285,-161.02869
46286,-159.2202
46287,-158.1308
46288,-157.98941
46289,-158.88495
46290,-160.71695
46291,-163.37755
46292,-166.76799
46293,-170.76468
46294,-175.09909
46295,-179.30676
46296,-182.91574
46297,-185.46341
46298,-186.54735
46299,-186.11617
46300,-184.59444
46301,-182.42621
46302,-180.03317
46303,-177.81107
46304,-176.00249
46305,-174.64272
46306,-173.75867
46307,-173.38701
46308,-173.54327
46309,-174.1194
46310,-174.84015
46311,-175.42369
46312,-175.59618
46313,-175.1322
46314,-174.08803
46315,-172.90164
46316,-172.02641
46317,-171.89743
46318,-172.8925
46319,-175.05722
46320,-177.98724
46321,-181.26077
46322,-184.47757
46323,-187.23763
46324,-189.14081
46325,-189.78682
46326,-188.77507
46327,-185.7044
46328,-182.40318
46329,-181.56267
46330,-180.40627
46331,-179.40819
46332,-178.61774
46333,-178.08408
46334,-177.85649
46335,-177.98422
46336,-178.5164
46337,-179.50229
46338,-180.9751
46339,-182.87521
46340,-185.01743
46341,-187.21152
46342,-189.27335
46343,-191.0469
46344,-192.54015
46345,-193.98322
46346,-195.61513
46347,-197.66441
46348,-200.30086
46349,-203.35315
46350,-206.18788
46351,-208.15295
46352,-208.61787
46353,-207.04234
46354,-203.4134
46355,-198.43486
46356,-197.8416
46357,-192.33571
46358,-182.57411
46359,-178.95047
46360,-176.50134
46361,-175.24855
46362,-175.23074
46363,-176.4481
46364,-178.67668
46365,-181.3892
46366,-184.04662
46367,-186.12454
46368,-187.15187
46369,-186.96771
46370,-185.83163
46371,-184.02022
46372,-181.7903
46373,-179.39882
46374,-177.10281
46375,-175.15935
46376,-173.82536
46377,-173.35783
46378,-172.0673
46379,-168.70563
46380,-167.71082
46381,-167.97365
46382,-169.22449
46383,-171.19397
46384,-173.61287
46385,-176.21207
46386,-178.72255
46387,-180.87534
46388,-182.41899
46389,-183.20374
46390,-183.21779
46391,-182.45474
46392,-180.90169
46393,-178.57533
46394,-175.6649
46395,-172.59367
46396,-169.79443
46397,-167.68874
46398,-166.64877
46399,-166.75995
46400,-167.71942
46401,-169.20914
46402,-170.92975
46403,-172.60689
46404,-174.11111
46405,-175.5092
46406,-176.87561
46407,-178.2755
46408,-179.75479
46409,-181.24802
46410,-182.53893
46411,-183.40521
46412,-183.63164
46413,-183.03275
46414,-181.5958
46415,-179.54237
46416,-177.10356
46417,-174.49945
46418,-171.94687
46419,-169.64333
46420,-167.76016
46421,-166.46774
46422,-165.9375
46423,-166.34082
46424,-167.84906
46425,-170.6334
46426,-174.86485
46427,-185.71426
46428,-183.58252
46429,-179.37578
46430,-177.85852
46431,-177.19672
46432,-177.24385
46433,-177.8534
46434,-178.87906
46435,-180.17445
46436,-181.59337
46437,-182.9895
46438,-184.21696
46439,-185.13177
46440,-185.59238
46441,-185.45735
46442,-184.58508
46443,-182.88211
46444,-180.53519
46445,-178.11115
46446,-176.19237
46447,-175.34311
46448,-176.02235
46449,-178.0784
46450,-180.53291
46451,-182.37535
46452,-182.63463
46453,-180.49075
46454,-176.00507
46455,-175.4351
46456,-170.08804
46457,-161.21478
46458,-159.90039
46459,-161.27014
46460,-164.15048
46461,-167.31818
46462,-169.61269
46463,-170.02448
46464,-168.41978
46465,-165.8519
46466,-163.42152
46467,-162.17319
46468,-163.03087
46469,-166.21944
46470,-171.01758
46471,-181.66763
46472,-187.45786
46473,-192.6771
46474,-191.61424
46475,-193.55789
46476,-192.79572
46477,-188.61386
46478,-187.21852
46479,-177.42741
46480,-174.85933
46481,-173.8391
46482,-174.02507
46483,-175.07616
46484,-176.6515
46485,-178.41055
46486,-180.01268
46487,-181.1175
46488,-181.44263
46489,-181.04398
46490,-180.43585
46491,-180.15117
46492,-180.70088
46493,-182.51128
46494,-185.51634
46495,-188.98369
46496,-192.15482
46497,-194.3032
46498,-194.79655
46499,-193.5518
46500,-191.23106
46501,-188.52745
46502,-186.09933
46503,-184.54118
46504,-184.07541
46505,-184.42003
46506,-185.2727
46507,-186.35527
46508,-187.40656
46509,-188.26419
46510,-188.89952
46511,-189.28929
46512,-189.4038
46513,-189.22108
46514,-188.76328
46515,-188.11266
46516,-187.35373
46517,-186.56839
46518,-185.8288
46519,-185.15184
46520,-184.47911
46521,-183.74918
46522,-182.90419
46523,-181.88635
46524,-180.63773
46525,-179.1005
46526,-177.21672
46527,-174.9286
46528,-173.2138
46529,-173.11374
46530,-172.80995
46531,-172.64403
46532,-172.6514
46533,-172.8675
46534,-173.32774
46535,-174.06755
46536,-175.12234
46537,-176.5275
46538,-178.30821
46539,-180.43037
46540,-182.77959
46541,-185.2382
46542,-187.6925
46543,-190.01814
46544,-192.02904
46545,-193.45549
46546,-194.02429
46547,-193.46605
46548,-191.58398
46549,-188.60448
46550,-185.32822
46551,-182.57988
46552,-181.15704
46553,-181.7424
46554,-184.35356
46555,-188.10767
46556,-192.08691
46557,-195.4169
46558,-197.3201
46559,-197.58136
46560,-196.7481
46561,-195.39903
46562,-194.0774
46563,-193.27136
46564,-193.1486
46565,-193.44211
46566,-193.86714
46567,-194.15958
46568,-194.08244
46569,-193.55635
46570,-192.7157
46571,-191.70366
46572,-190.65315
46573,-189.69736
46574,-188.9693
46575,-188.60202
46576,-188.72856
46577,-189.48184
46578,-191.83075
46579,-195.59628
46580,-197.32756
46581,-197.95209
46582,-197.69972
46583,-196.80067
46584,-195.48524
46585,-193.98395
46586,-192.52731
46587,-191.34592
46588,-190.6481
46589,-190.51326
46590,-190.84605
46591,-191.54398
46592,-192.51277
46593,-193.6647
46594,-194.94858
46595,-196.36302
46596,-197.90869
46597,-199.58391
46598,-201.36813
46599,-203.13193
46600,-204.59798
46601,-205.48294
46602,-205.51033
46603,-204.44359
46604,-202.27916
46605,-199.32974
46606,-195.92166
46607,-192.36644
46608,-188.95009
46609,-185.80943
46610,-182.87898
46611,-180.08487
46612,-177.36282
46613,-174.67696
46614,-172.15686
46615,-170.15613
46616,-169.03726
46617,-169.15204
46618,-170.7902
46619,-173.883
46620,-177.87624
46621,-182.19705
46622,-186.29616
46623,-189.62439
46624,-191.63248
46625,-191.77072
46626,-189.48865
46627,-184.23483
46628,-179.8729
46629,-181.3603
46630,-182.15115
46631,-183.1698
46632,-184.33331
46633,-185.55869
46634,-186.76308
46635,-187.86346
46636,-188.77695
46637,-189.42061
46638,-189.72925
46639,-189.74109
46640,-189.63437
46641,-189.59319
46642,-189.79489
46643,-190.37761
46644,-191.25114
46645,-192.01607
46646,-192.26039
46647,-191.5867
46648,-189.66371
46649,-186.54521
46650,-182.80775
46651,-179.04959
46652,-175.84451
46653,-173.69604
46654,-172.7003
46655,-172.40121
46656,-172.32098
46657,-172.00824
46658,-171.07579
46659,-169.50934
46660,-167.79999
46661,-166.45883
46662,-165.97299
46663,-166.7607
46664,-168.8408
46665,-171.69171
46666,-174.77078
46667,-177.56155
46668,-179.59608
46669,-180.68793
46670,-181.03215
46671,-180.83893
46672,-180.3003
46673,-179.60849
46674,-178.95569
46675,-178.53412
46676,-178.53603
46677,-179.15358
46678,-179.82918
46679,-179.52528
46680,-178.91922
46681,-178.07072
46682,-177.09912
46683,-176.12376
46684,-175.26404
46685,-174.63928
46686,-174.36885
46687,-174.5721
46688,-175.34077
46689,-176.60703
46690,-178.08653
46691,-179.48653
46692,-180.52464
46693,-180.95421
46694,-180.73665
46695,-180.11534
46696,-179.34508
46697,-178.66724
46698,-178.29858
46699,-178.31287
46700,-178.58997
46701,-179.00203
46702,-179.43047
46703,-179.76723
46704,-179.96587
46705,-180.06326
46706,-180.09966
46707,-180.11125
46708,-180.14151
46709,-180.27547
46710,-180.65451
46711,-181.42232
46712,-182.71977
46713,-184.6525
46714,-187.12079
46715,-189.74709
46716,-192.14276
46717,-193.93251
46718,-194.77649
46719,-194.54149
46720,-193.37456
46721,-191.43431
46722,-188.86606
46723,-185.8154
46724,-182.42792
46725,-178.84921
46726,-175.22502
46727,-171.70099
46728,-170.7092
46729,-173.87035
46730,-175.59677
46731,-176.92856
46732,-177.9182
46733,-178.61803
46734,-179.08057
46735,-179.35828
46736,-179.5036
46737,-179.569
46738,-179.60472
46739,-179.64758
46740,-179.71652
46741,-179.8296
46742,-180.0059
46743,-180.2554
46744,-180.5359
46745,-180.73439
46746,-180.73508
46747,-180.42554
46748,-179.72173
46749,-178.70491
46750,-177.68044
46751,-176.96263
46752,-176.85521
46753,-177.61635
46754,-179.24046
46755,-181.36475
46756,-183.6123
46757,-185.6234
46758,-187.07384
46759,-187.84589
46760,-188.10156
46761,-188.01408
46762,-187.74352
46763,-187.42902
46764,-187.08807
46765,-186.5731
46766,-185.73
46767,-184.41234
46768,-182.4964
46769,-179.99062
46770,-177.0825
46771,-173.967
46772,-170.83043
46773,-167.85927
46774,-165.23993
46775,-163.15877
46776,-161.80202
46777,-161.35599
46778,-161.98763
46779,-162.884
46780,-162.51971
46781,-161.52422
46782,-160.15334
46783,-158.66302
46784,-157.30923
46785,-156.34793
46786,-156.03503
46787,-156.62646
46788,-158.32779
46789,-161.0531
46790,-164.3218
46791,-167.63814
46792,-170.52553
46793,-172.5628
46794,-173.65073
46795,-174.12616
46796,-174.34315
46797,-174.63503
46798,-175.29547
46799,-176.38689
46800,-177.65868
46801,-178.84776
46802,-179.70613
46803,-180.03003
46804,-179.87369
46805,-179.64087
46806,-179.74937
46807,-180.60036
46808,-182.52687
46809,-185.46696
46810,-188.82385
46811,-191.97975
46812,-194.34254
46813,-195.41125
46814,-195.21542
46815,-194.50415
46816,-194.05627
46817,-194.61676
46818,-196.83052
46819,-200.76228
46820,-205.6912
46821,-215.86525
46822,-215.57028
46823,-219.09222
46824,-220.7165
46825,-219.7276
46826,-215.40817
46827,-212.03888
46828,-205.12048
46829,-201.45897
46830,-201.43513
46831,-201.46428
46832,-201.46396
46833,-201.35164
46834,-201.04474
46835,-200.4608
46836,-199.51724
46837,-198.13148
46838,-196.24886
46839,-193.97705
46840,-191.64415
46841,-189.58737
46842,-188.13353
46843,-187.56909
46844,-187.94655
46845,-189.0013
46846,-190.45612
46847,-192.04884
46848,-193.54826
46849,-194.90213
46850,-196.30069
46851,-197.94409
46852,-200.02094
46853,-202.65749
46854,-205.61807
46855,-208.17674
46856,-209.58748
46857,-209.12701
46858,-206.19617
46859,-200.92255
46860,-199.42197
46861,-192.85378
46862,-187.3316
46863,-178.84676
46864,-177.67996
46865,-178.15
46866,-179.53734
46867,-181.16898
46868,-182.42717
46869,-183.0142
46870,-183.06564
46871,-182.73422
46872,-182.1523
46873,-181.45209
46874,-180.76596
46875,-180.22623
46876,-179.96521
46877,-180.11523
46878,-178.20856
46879,-172.91353
46880,-171.03291
46881,-170.92586
46882,-172.24208
46883,-174.63176
46884,-177.74548
46885,-181.23395
46886,-184.74811
46887,-187.93904
46888,-190.47871
46889,-192.16017
46890,-192.94075
46891,-192.78427
46892,-191.64662
46893,-189.51978
46894,-186.60492
46895,-183.38716
46896,-180.36356
46897,-178.01768
46898,-176.76427
46899,-176.61855
46900,-177.0546
46901,-177.52516
46902,-177.5088
46903,-176.55464
46904,-174.62204
46905,-172.22636
46906,-169.9054
46907,-168.1706
46908,-167.46623
46909,-167.84694
46910,-168.83948
46911,-169.95013
46912,-170.71045
46913,-170.70609
46914,-169.83717
46915,-168.43008
46916,-166.82794
46917,-165.35376
46918,-164.29321
46919,-163.7149
46920,-163.39354
46921,-163.09229
46922,-162.58838
46923,-161.65903
46924,-160.08139
46925,-157.63266
46926,-154.08989
46927,-149.23003
46928,-147.67082
46929,-153.35536
46930,-156.08865
46931,-157.92079
46932,-159.09369
46933,-159.8492
46934,-160.42934
46935,-161.07608
46936,-162.0315
46937,-163.53752
46938,-165.79445
46939,-168.76024
46940,-172.06488
46941,-175.32574
46942,-178.1759
46943,-180.29372
46944,-181.6197
46945,-182.44983
46946,-183.09416
46947,-183.84587
46948,-184.96002
46949,-186.4692
46950,-188.10468
46951,-189.58565
46952,-190.64574
46953,-191.04454
46954,-190.69336
46955,-189.70906
46956,-188.21692
46957,-186.33252
46958,-184.17876
46959,-181.92067
46960,-179.78046
46961,-177.98259
46962,-176.74887
46963,-176.26622
46964,-176.51988
46965,-177.22174
46966,-178.07292
46967,-178.7876
46968,-179.10977
46969,-178.95645
46970,-178.47919
46971,-177.83873
46972,-177.18489
46973,-176.66739
46974,-176.43596
46975,-176.64029
46976,-177.43015
46977,-178.95511
46978,-179.4618
46979,-177.16522
46980,-175.63527
46981,-174.3468
46982,-173.35625
46983,-172.72011
46984,-172.49477
46985,-172.73662
46986,-173.50208
46987,-174.8475
46988,-176.78603
46989,-179.07976
46990,-181.15074
46991,-182.40775
46992,-182.27559
46993,-180.2814
46994,-176.54982
46995,-172.01619
46996,-167.64923
46997,-164.37953
46998,-163.0272
46999,-163.7723
47000,-165.92854
47001,-168.7762
47002,-171.63725
47003,-173.89362
47004,-175.27249
47005,-175.9691
47006,-176.19691
47007,-176.14723
47008,-175.99295
47009,-175.79956
47010,-175.48734
47011,-174.97061
47012,-174.17068
47013,-173.03113
47014,-171.6249
47015,-170.20029
47016,-169.01268
47017,-168.30904
47018,-168.30609
47019,-169.04546
47020,-170.33147
47021,-171.95924
47022,-173.73518
47023,-175.46585
47024,-176.95772
47025,-178.01735
47026,-178.45119
47027,-178.06564
47028,-177.45543
47029,-177.60916
47030,-177.66722
47031,-177.74522
47032,-177.83742
47033,-177.93799
47034,-178.04118
47035,-178.14119
47036,-178.23224
47037,-178.30852
47038,-178.37032
47039,-178.45284
47040,-178.63875
47041,-179.01256
47042,-179.6566
47043,-180.63623
47044,-181.91878
47045,-183.33862
47046,-184.72495
47047,-185.91325
47048,-186.74612
47049,-187.10762
47050,-186.93782
47051,-186.1791
47052,-184.77109
47053,-182.68654
47054,-180.09036
47055,-177.40811
47056,-175.07603
47057,-173.51797
47058,-173.09251
47059,-173.77942
47060,-175.0457
47061,-176.33817
47062,-177.12831
47063,-176.95605
47064,-175.75937
47065,-174.01573
47066,-172.22437
47067,-170.8589
47068,-170.34279
47069,-170.8076
47070,-171.98991
47071,-173.61057
47072,-175.40952
47073,-177.12674
47074,-178.5022
47075,-179.27592
47076,-179.18776
47077,-177.97748
47078,-179.21542
47079,-190.28181
47080,-187.00421
47081,-186.62933
47082,-184.67142
47083,-181.64552
47084,-178.06734
47085,-174.45299
47086,-171.31874
47087,-169.18077
47088,-168.48586
47089,-169.27902
47090,-171.0613
47091,-173.31255
47092,-175.53886
47093,-177.29007
47094,-178.36925
47095,-178.92255
47096,-179.10959
47097,-179.07382
47098,-178.95004
47099,-178.82341
47100,-178.7116
47101,-178.62958
47102,-178.59564
47103,-178.63333
47104,-178.79753
47105,-179.18552
47106,-179.89632
47107,-181.02676
47108,-182.63785
47109,-184.58162
47110,-186.42715
47111,-187.73233
47112,-188.06842
47113,-187.0664
47114,-184.7053
47115,-181.43669
47116,-177.73154
47117,-174.03874
47118,-170.77397
47119,-168.1595
47120,-166.15533
47121,-164.71101
47122,-163.78859
47123,-163.35011
47124,-163.35764
47125,-163.77327
47126,-164.55914
47127,-165.67732
47128,-166.89745
47129,-167.79617
47130,-168.38832
47131,-168.78185
47132,-169.05324
47133,-169.27904
47134,-169.53577
47135,-169.89995
47136,-170.44807
47137,-171.2567
47138,-172.37402
47139,-173.68393
47140,-174.84775
47141,-175.51805
47142,-175.35802
47143,-174.09296
47144,-171.81093
47145,-169.09154
47146,-166.53421
47147,-164.71509
47148,-164.14168
47149,-164.92316
47150,-166.62938
47151,-168.80942
47152,-171.03813
47153,-172.92209
47154,-174.25053
47155,-175.06017
47156,-175.39742
47157,-175.29694
47158,-174.80525
47159,-174.03812
47160,-173.20517
47161,-172.51971
47162,-172.19064
47163,-172.39432
47164,-173.11815
47165,-174.0937
47166,-175.04242
47167,-175.69807
47168,-175.82138
47169,-175.33057
47170,-174.35706
47171,-173.04079
47172,-171.51163
47173,-169.89943
47174,-168.33406
47175,-166.94542
47176,-165.86337
47177,-165.21779
47178,-165.8787
47179,-167.39182
47180,-166.2656
47181,-163.76228
47182,-160.36583
47183,-156.56062
47184,-152.8312
47185,-149.6622
47186,-147.53802
47187,-146.94298
47188,-148.28085
47189,-151.48885
47190,-155.87279
47191,-160.7145
47192,-165.32652
47193,-169.08385
47194,-171.72313
47195,-173.47041
47196,-174.57066
47197,-175.24559
47198,-175.70622
47199,-176.10115
47200,-176.49426
47201,-176.94624
47202,-177.52165
47203,-178.27678
47204,-179.21956
47205,-180.29237
47206,-181.43495
47207,-182.59021
47208,-183.69594
47209,-184.66057
47210,-185.35243
47211,-185.6384
47212,-185.38713
47213,-184.50761
47214,-183.14363
47215,-181.75732
47216,-180.8237
47217,-180.80266
47218,-182.08702
47219,-184.68073
47220,-188.06122
47221,-191.68532
47222,-195.03514
47223,-197.59299
47224,-198.84087
47225,-198.26042
47226,-195.33252
47227,-194.53708
47228,-189.2882
47229,-184.19905
47230,-183.80957
47231,-183.82204
47232,-184.12683
47233,-184.61444
47234,-185.17531
47235,-185.69994
47236,-186.07881
47237,-186.20241
47238,-185.9783
47239,-185.4133
47240,-184.64888
47241,-183.83197
47242,-183.1031
47243,-182.58714
47244,-182.31761
47245,-182.20427
47246,-182.15201
47247,-182.07147
47248,-181.9067
47249,-181.79517
47250,-182.13654
47251,-183.34094
47252,-185.80586
47253,-189.82712
47254,-195.11156
47255,-205.56906
47256,-205.07864
47257,-207.55714
47258,-207.06891
47259,-203.54088
47260,-198.07274
47261,-196.81543
47262,-190.86636
47263,-181.23444
47264,-178.41125
47265,-177.18727
47266,-177.32428
47267,-178.61769
47268,-180.85028
47269,-183.73088
47270,-186.86813
47271,-189.86682
47272,-192.33656
47273,-193.88696
47274,-194.12743
47275,-192.66692
47276,-189.1139
47277,-188.07632
47278,-178.49649
47279,-179.8737
47280,-179.96603
47281,-179.94487
47282,-179.80956
47283,-179.55937
47284,-179.19368
47285,-178.71175
47286,-178.11296
47287,-177.39659
47288,-176.57298
47289,-175.71661
47290,-174.98871
47291,-174.55405
47292,-174.57317
47293,-175.1742
47294,-176.29643
47295,-177.62363
47296,-178.82944
47297,-179.59975
47298,-179.66867
47299,-179.05095
47300,-178.14166
47301,-177.3512
47302,-177.07185
47303,-177.64182
47304,-179.08461
47305,-180.9977
47306,-182.96173
47307,-184.5778
47308,-185.48581
47309,-185.55135
47310,-184.94589
47311,-183.8533
47312,-182.44292
47313,-180.88498
47314,-179.35448
47315,-178.03287
47316,-177.1018
47317,-176.74258
47318,-177.11583
47319,-178.26216
47320,-180.05972
47321,-182.38022
47322,-185.1031
47323,-188.10797
47324,-191.27435
47325,-194.48189
47326,-197.61023
47327,-200.53902
47328,-201.17567
47329,-198.2308
47330,-196.73102
47331,-195.7847
47332,-195.37955
47333,-195.50322
47334,-196.14342
47335,-197.28778
47336,-198.92404
47337,-201.03989
47338,-203.58838
47339,-206.3216
47340,-208.71904
47341,-210.24908
47342,-210.39272
47343,-208.7114
47344,-205.23683
47345,-200.63988
47346,-195.61926
47347,-190.84425
47348,-186.92017
47349,-184.07935
47350,-182.0487
47351,-180.53433
47352,-179.26653
47353,-178.00104
47354,-176.64163
47355,-175.29237
47356,-174.0655
47357,-173.06363
47358,-172.37799
47359,-172.03368
47360,-171.96596
47361,-172.10666
47362,-172.39189
47363,-172.76186
47364,-173.18103
47365,-173.6466
47366,-174.15704
47367,-174.7093
47368,-175.2969
47369,-175.89343
47370,-176.44547
47371,-176.89856
47372,-177.19954
47373,-177.29524
47374,-177.13245
47375,-176.65796
47376,-175.81857
47377,-174.56107
47378,-173.8573
47379,-174.95468
47380,-176.35593
47381,-178.07889
47382,-179.95076
47383,-181.79878
47384,-183.45023
47385,-184.73236
47386,-185.47238
47387,-185.49751
47388,-184.6706
47389,-183.06287
47390,-181.02783
47391,-178.93065
47392,-177.12317
47393,-175.9137
47394,-175.35822
47395,-175.17049
47396,-175.05078
47397,-174.71565
47398,-173.92928
47399,-172.73245
47400,-171.54079
47401,-170.78493
47402,-170.8776
47403,-172.16028
47404,-174.5618
47405,-177.452
47406,-180.17917
47407,-182.11841
47408,-182.7302
47409,-181.97163
47410,-180.47331
47411,-178.89314
47412,-177.8573
47413,-177.91953
47414,-179.21323
47415,-181.30223
47416,-183.72798
47417,-186.05913
47418,-187.90005
47419,-189.06123
47420,-189.63246
47421,-189.7147
47422,-189.39584
47423,-188.76366
47424,-187.90598
47425,-186.91064
47426,-185.86563
47427,-184.85878
47428,-184.77092
47429,-186.05858
47430,-186.55727
47431,-186.70395
47432,-186.54254
47433,-186.11696
47434,-185.47108
47435,-184.6489
47436,-183.6943
47437,-182.65126
47438,-181.5654
47439,-180.4919
47440,-179.49889
47441,-178.6551
47442,-178.02856
47443,-177.68144
47444,-177.64125
47445,-177.8887
47446,-178.40276
47447,-179.16441
47448,-180.15617
47449,-181.36792
47450,-182.79994
47451,-184.45288
47452,-186.32686
47453,-188.39151
47454,-190.43944
47455,-192.02322
47456,-192.68575
47457,-191.98111
47458,-189.55681
47459,-185.60558
47460,-181.06047
47461,-176.88565
47462,-174.01035
47463,-173.2398
47464,-174.66092
47465,-177.38814
47466,-180.49814
47467,-183.11465
47468,-184.4468
47469,-184.19891
47470,-182.74673
47471,-180.49307
47472,-177.80902
47473,-175.06607
47474,-172.63564
47475,-170.8892
47476,-170.19804
47477,-170.93333
47478,-173.24948
47479,-176.04861
47480,-177.74037
47481,-178.84113
47482,-179.49748
47483,-179.8562
47484,-180.06398
47485,-180.26762
47486,-180.61388
47487,-181.24956
47488,-182.29256
47489,-183.69308
47490,-185.17406
47491,-186.44943
47492,-187.24396
47493,-187.3215
47494,-186.67331
47495,-185.59897
47496,-184.41072
47497,-183.4062
47498,-182.85788
47499,-182.8922
47500,-183.43741
47501,-184.41388
47502,-185.75136
47503,-187.35927
47504,-189.02866
47505,-190.3902
47506,-191.06808
47507,-190.69403
47508,-188.9789
47509,-186.0952
47510,-182.84189
47511,-180.04395
47512,-178.4968
47513,-178.87944
47514,-181.1965
47515,-184.53989
47516,-187.96588
47517,-190.57481
47518,-191.56068
47519,-190.6617
47520,-188.35399
47521,-185.14415
47522,-181.50423
47523,-177.90662
47524,-174.82379
47525,-172.72807
47526,-172.09161
47527,-173.38606
47528,-173.96474
47529,-170.99123
47530,-170.08827
47531,-170.10233
47532,-170.85793
47533,-172.17981
47534,-173.89279
47535,-175.82164
47536,-177.79132
47537,-179.62672
47538,-181.16362
47539,-182.30054
47540,-183.02106
47541,-183.31224
47542,-183.15695
47543,-182.55222
47544,-181.57655
47545,-180.41928
47546,-179.27406
47547,-178.32948
47548,-177.74655
47549,-177.52725
47550,-177.45772
47551,-177.3156
47552,-176.88878
47553,-176.0042
47554,-174.7161
47555,-173.38667
47556,-172.39049
47557,-172.08737
47558,-172.7876
47559,-174.51369
47560,-176.89845
47561,-179.55962
47562,-182.13358
47563,-184.29556
47564,-185.94603
47565,-187.29068
47566,-188.54723
47567,-189.91908
47568,-191.57945
47569,-193.52681
47570,-195.52293
47571,-197.32002
47572,-198.68146
47573,-199.37064
47574,-199.15082
47575,-197.78511
47576,-195.03633
47577,-190.66716
47578,-187.76355
47579,-189.34166
47580,-189.04185
47581,-188.09016
47582,-186.6195
47583,-184.76305
47584,-182.65385
47585,-180.4251
47586,-178.20998
47587,-176.14171
47588,-174.36293
47589,-173.0714
47590,-172.5396
47591,-173.04286
47592,-174.85278
47593,-178.17648
47594,-182.84741
47595,-193.19345
47596,-198.52316
47597,-198.16966
47598,-201.51524
47599,-203.22786
47600,-203.3628
47601,-201.99088
47602,-199.16469
47603,-194.988
47604,-189.86165
47605,-189.58995
47606,-179.9944
47607,-176.87721
47608,-175.91629
47609,-177.07002
47610,-179.32259
47611,-181.62036
47612,-182.9567
47613,-182.44072
47614,-179.85542
47615,-175.89748
47616,-171.30113
47617,-166.75778
47618,-162.90822
47619,-160.09795
47620,-158.2724
47621,-157.36118
47622,-157.31303
47623,-158.07672
47624,-159.60104
47625,-161.83487
47626,-164.72699
47627,-168.22624
47628,-172.41458
47629,-176.57283
47630,-179.04907
47631,-180.40305
47632,-180.81673
47633,-180.47214
47634,-179.55151
47635,-178.23718
47636,-176.71152
47637,-175.15697
47638,-173.74138
47639,-172.54799
47640,-171.54515
47641,-170.69658
47642,-169.97163
47643,-169.34688
47644,-168.84166
47645,-168.53322
47646,-168.50108
47647,-168.82196
47648,-169.55582
47649,-170.6649
47650,-171.97945
47651,-173.3243
47652,-174.53082
47653,-175.45038
47654,-176.05142
47655,-176.46085
47656,-176.8117
47657,-177.22969
47658,-177.82903
47659,-178.65762
47660,-179.67358
47661,-180.83156
47662,-182.09038
47663,-183.39545
47664,-184.6137
47665,-185.50592
47666,-185.82852
47667,-185.34302
47668,-183.85399
47669,-181.41762
47670,-178.43134
47671,-175.30664
47672,-172.43889
47673,-170.22351
47674,-169.05574
47675,-169.33054
47676,-171.4427
47677,-175.78645
47678,-178.86899
47679,-177.18312
47680,-177.98903
47681,-179.70421
47682,-182.03006
47683,-184.66818
47684,-187.32034
47685,-189.68834
47686,-191.47401
47687,-192.37909
47688,-192.152
47689,-190.81369
47690,-188.75461
47691,-186.38066
47692,-184.08043
47693,-182.20348
47694,-180.87276
47695,-179.90382
47696,-179.09984
47697,-178.27856
47698,-177.2894
47699,-176.1654
47700,-175.18852
47701,-174.65054
47702,-174.8315
47703,-175.9603
47704,-177.97018
47705,-180.39383
47706,-182.74826
47707,-184.56975
47708,-185.47453
47709,-185.54431
47710,-185.49155
47711,-186.05428
47712,-187.94041
47713,-191.73073
47714,-202.26845
47715,-208.39925
47716,-213.92992
47717,-212.71533
47718,-213.75557
47719,-211.89899
47720,-208.14659
47721,-203.54967
47722,-199.10698
47723,-195.81776
47724,-194.68082
47725,-196.69344
47726,-207.85074
47727,-219.14413
47728,-227.9866
47729,-219.82422
47730,-217.58504
47731,-214.5629
47732,-211.01312
47733,-207.19122
47734,-203.35281
47735,-199.75356
47736,-196.64905
47737,-194.29485
47738,-192.90436
47739,-192.44662
47740,-192.55983
47741,-192.86859
47742,-193.01341
47743,-192.66646
47744,-191.68398
47745,-190.17169
47746,-188.24559
47747,-186.00987
47748,-183.57883
47749,-181.1253
47750,-178.90134
47751,-177.16225
47752,-176.15947
47753,-176.10042
47754,-176.9364
47755,-178.27223
47756,-179.69907
47757,-180.82474
47758,-181.30096
47759,-181.03482
47760,-180.2795
47761,-179.3021
47762,-178.3533
47763,-177.67142
47764,-177.42253
47765,-177.67468
47766,-178.49203
47767,-179.9433
47768,-182.07202
47769,-184.77498
47770,-187.75038
47771,-190.68855
47772,-193.28947
47773,-195.25299
47774,-196.27898
47775,-196.06696
47776,-194.31622
47777,-190.72575
47778,-187.6796
47779,-187.7498
47780,-186.22722
47781,-184.17172
47782,-181.81558
47783,-179.39116
47784,-177.13087
47785,-175.26717
47786,-174.03235
47787,-173.65866
47788,-174.32985
47789,-175.94756
47790,-178.03177
47791,-180.08759
47792,-181.63846
47793,-182.26546
47794,-181.88527
47795,-180.86949
47796,-179.608
47797,-178.46918
47798,-177.77617
47799,-177.58833
47800,-177.60786
47801,-177.52261
47802,-177.03746
47803,-175.91225
47804,-174.22617
47805,-172.49124
47806,-171.23685
47807,-170.97177
47808,-172.12506
47809,-174.66316
47810,-177.92651
47811,-181.23132
47812,-183.92392
47813,-185.44934
47814,-185.82594
47815,-185.84923
47816,-186.34608
47817,-188.10652
47818,-191.8078
47819,-202.47345
47820,-209.24251
47821,-216.21977
47822,-222.55284
47823,-227.38959
47824,-224.87715
47825,-224.16106
47826,-219.38423
47827,-214.6865
47828,-206.50482
47829,-202.53688
47830,-201.08595
47831,-199.18683
47832,-196.97803
47833,-194.59818
47834,-192.18594
47835,-189.88
47836,-187.81895
47837,-186.14151
47838,-184.97504
47839,-184.38176
47840,-184.33571
47841,-184.8072
47842,-185.7709
47843,-187.19684
47844,-189.02864
47845,-191.17418
47846,-193.53987
47847,-196.03389
47848,-198.55563
47849,-200.95337
47850,-203.00607
47851,-204.48994
47852,-205.18437
47853,-204.90985
47854,-203.72725
47855,-202.02353
47856,-200.19945
47857,-198.64056
47858,-197.6914
47859,-197.45746
47860,-197.72035
47861,-198.24838
47862,-198.82516
47863,-199.2471
47864,-199.38419
47865,-199.20625
47866,-198.6872
47867,-197.79628
47868,-196.51416
47869,-194.8883
47870,-193.05693
47871,-191.16193
47872,-189.34096
47873,-187.73166
47874,-186.47174
47875,-185.69875
47876,-185.55034
47877,-186.16393
47878,-190.2436
47879,-203.72572
47880,-208.83705
47881,-207.23225
47882,-209.11421
47883,-209.68585
47884,-209.15048
47885,-207.71158
47886,-205.57285
47887,-202.93819
47888,-199.99814
47889,-196.86452
47890,-193.54231
47891,-190.03212
47892,-186.33946
47893,-182.49603
47894,-178.68552
47895,-175.29762
47896,-172.7304
47897,-171.37193
47898,-171.54605
47899,-173.20422
47900,-175.79388
47901,-178.74301
47902,-181.50389
47903,-183.59436
47904,-184.91267
47905,-185.87245
47906,-186.9078
47907,-188.42851
47908,-190.77719
47909,-193.90701
47910,-197.24359
47911,-200.1916
47912,-202.18083
47913,-202.71153
47914,-201.69456
47915,-199.59825
47916,-196.91434
47917,-194.10878
47918,-191.61073
47919,-189.6346
47920,-188.10345
47921,-186.92839
47922,-186.03424
47923,-185.34592
47924,-184.7883
47925,-184.28633
47926,-183.76494
47927,-183.14906
47928,-186.16809
47929,-199.60257
47930,-198.06602
47931,-199.04726
47932,-198.05722
47933,-195.60782
47934,-192.21191
47935,-188.38304
47936,-184.63506
47937,-181.48196
47938,-179.38821
47939,-178.53093
47940,-178.69803
47941,-179.66185
47942,-181.21335
47943,-183.13133
47944,-185.12343
47945,-186.80074
47946,-187.7705
47947,-187.6444
47948,-186.1015
47949,-183.2137
47950,-179.58592
47951,-175.84526
47952,-172.5937
47953,-170.37177
47954,-169.36255
47955,-169.26515
47956,-169.75955
47957,-170.54889
47958,-171.35976
47959,-172.05428
47960,-172.67804
47961,-173.28381
47962,-173.91573
47963,-174.61052
47964,-175.36276
47965,-176.10976
47966,-176.78659
47967,-177.33098
47968,-177.68832
47969,-177.84785
47970,-177.8583
47971,-177.77081
47972,-177.63365
47973,-177.49516
47974,-177.40363
47975,-177.40733
47976,-177.5546
47977,-177.89369
47978,-180.13506
47979,-184.82764
47980,-186.92438
47981,-187.63397
47982,-187.1943
47983,-185.84346
47984,-183.81973
47985,-181.36163
47986,-178.7078
47987,-176.09682
47988,-173.75697
47989,-171.85497
47990,-170.47455
47991,-169.696
47992,-169.6035
47993,-170.25786
47994,-171.58328
47995,-173.31924
47996,-175.19806
47997,-176.96085
47998,-178.37805
47999,-179.39014
48000,-180.1678
48001,-180.89091
48002,-181.72841
48003,-182.81995
48004,-184.13551
48005,-185.41518
48006,-186.38974
48007,-186.80106
48008,-186.42671
48009,-185.25352
48010,-183.55185
48011,-181.60359
48012,-179.67735
48013,-178.02098
48014,-176.76202
48015,-175.86497
48016,-175.2876
48017,-174.99559
48018,-174.95178
48019,-175.10323
48020,-175.37534
48021,-175.69272
48022,-175.98097
48023,-176.16576
48024,-176.17268
48025,-175.92741
48026,-175.3555
48027,-174.38255
48028,-173.86307
48029,-175.28017
48030,-177.85674
48031,-181.21239
48032,-184.9669
48033,-188.7403
48034,-192.15266
48035,-194.8241
48036,-196.37465
48037,-196.42398
48038,-194.67543
48039,-191.32063
48040,-187.21439
48041,-183.23975
48042,-180.24855
48043,-178.98816
48044,-179.59875
48045,-181.3984
48046,-183.67278
48047,-185.7472
48048,-187.01785
48049,-187.29266
48050,-186.93732
48051,-186.3399
48052,-185.8623
48053,-185.82089
48054,-186.26741
48055,-186.89505
48056,-187.38258
48057,-187.42575
48058,-186.76738
48059,-185.42323
48060,-183.77959
48061,-182.23772
48062,-181.18144
48063,-180.9433
48064,-181.55779
48065,-182.65575
48066,-183.85204
48067,-184.78072
48068,-185.11435
48069,-184.7485
48070,-183.88132
48071,-182.72299
48072,-181.46954
48073,-180.317
48074,-179.46138
48075,-179.09871
48076,-179.4249
48077,-180.63583
48078,-178.86304
48079,-176.49257
48080,-168.25137
48081,-166.89684
48082,-166.98961
48083,-168.09096
48084,-169.7627
48085,-171.5668
48086,-173.06543
48087,-173.82072
48088,-173.46458
48089,-172.03445
48090,-170.11777
48091,-168.32387
48092,-167.23618
48093,-167.3664
48094,-168.81061
48095,-171.10205
48096,-173.7521
48097,-176.29926
48098,-178.31966
48099,-179.60808
48100,-180.25514
48101,-180.36319
48102,-180.02045
48103,-179.31415
48104,-178.32469
48105,-177.12349
48106,-175.78152
48107,-174.37032
48108,-172.96344
48109,-171.64699
48110,-170.52388
48111,-169.69778
48112,-169.27147
48113,-169.33833
48114,-169.93735
48115,-171.0337
48116,-172.58977
48117,-174.5714
48118,-176.93324
48119,-179.56485
48120,-182.26762
48121,-184.8395
48122,-187.08263
48123,-188.79921
48124,-189.7913
48125,-189.8609
48126,-188.80984
48127,-186.43979
48128,-184.68987
48129,-185.76576
48130,-186.0797
48131,-186.20702
48132,-186.1429
48133,-185.88255
48134,-185.42119
48135,-184.75394
48136,-183.87605
48137,-182.78273
48138,-181.48235
48139,-180.06015
48140,-178.70557
48141,-177.61215
48142,-176.9686
48143,-176.93593
48144,-177.51517
48145,-178.49063
48146,-179.63803
48147,-180.74345
48148,-181.61143
48149,-182.1534
48150,-182.42567
48151,-182.49034
48152,-182.40265
48153,-182.2215
48154,-182.02718
48155,-181.929
48156,-182.03737
48157,-182.46133
48158,-183.28511
48159,-184.44829
48160,-185.69472
48161,-186.7605
48162,-187.39098
48163,-187.37389
48164,-186.74362
48165,-185.86891
48166,-185.13205
48167,-184.89961
48168,-185.48996
48169,-186.94183
48170,-188.9152
48171,-191.05504
48172,-193.02429
48173,-194.48602
48174,-195.10326
48175,-194.53873
48176,-192.45497
48177,-188.51408
48178,-185.13423
48179,-185.2418
48180,-184.4734
48181,-183.56729
48182,-182.5566
48183,-181.47437
48184,-180.35368
48185,-179.22765
48186,-178.12933
48187,-177.09181
48188,-176.15291
48189,-175.37793
48190,-174.86946
48191,-174.73145
48192,-175.06618
48193,-175.96259
48194,-177.43227
48195,-179.3823
48196,-181.71562
48197,-184.34023
48198,-187.1547
48199,-190.00378
48200,-192.65889
48201,-194.88864
48202,-196.465
48203,-197.19344
48204,-197.07411
48205,-196.37138
48206,-195.36063
48207,-194.30478
48208,-193.45253
48209,-192.96945
48210,-192.90846
48211,-193.31767
48212,-194.2507
48213,-195.73334
48214,-197.63118
48215,-199.5925
48216,-201.25682
48217,-202.27396
48218,-202.33406
48219,-201.36295
48220,-199.60588
48221,-197.3216
48222,-194.75395
48223,-192.1468
48224,-189.74417
48225,-187.79
48226,-186.52814
48227,-186.20238
48228,-187.32687
48229,-188.92369
48230,-188.08852
48231,-185.86383
48232,-182.63123
48233,-178.77264
48234,-174.67041
48235,-170.70697
48236,-167.26472
48237,-164.72597
48238,-163.422
48239,-163.38835
48240,-164.26042
48241,-165.65793
48242,-167.21994
48243,-168.6138
48244,-169.67053
48245,-170.44284
48246,-170.9921
48247,-171.36911
48248,-171.62613
48249,-171.82387
48250,-172.03448
48251,-172.33067
48252,-172.78442
48253,-173.45174
48254,-174.29414
48255,-175.14574
48256,-175.83556
48257,-176.19867
48258,-176.09924
48259,-175.5704
48260,-174.87431
48261,-174.28232
48262,-174.05487
48263,-174.41252
48264,-175.34439
48265,-176.52606
48266,-177.62073
48267,-178.30667
48268,-178.29715
48269,-177.50945
48270,-176.13742
48271,-174.3859
48272,-172.44675
48273,-170.5118
48274,-168.77298
48275,-167.42207
48276,-166.65092
48277,-166.65137
48278,-167.71489
48279,-169.36519
48280,-170.18394
48281,-170.5853
48282,-170.67728
48283,-170.56793
48284,-170.36531
48285,-170.17743
48286,-170.11244
48287,-170.27835
48288,-170.76791
48289,-171.58482
48290,-172.61214
48291,-173.72823
48292,-174.81714
48293,-175.77843
48294,-176.60101
48295,-177.39499
48296,-178.27524
48297,-179.35085
48298,-180.71815
48299,-182.3991
48300,-184.3148
48301,-186.3825
48302,-188.5242
48303,-190.65605
48304,-192.66026
48305,-194.373
48306,-195.62865
48307,-196.2636
48308,-196.14374
48309,-195.30682
48310,-194.02333
48311,-192.57356
48312,-191.22687
48313,-190.2197
48314,-189.59709
48315,-189.14464
48316,-188.63734
48317,-187.86258
48318,-186.63635
48319,-184.94156
48320,-182.98741
48321,-180.99239
48322,-179.16422
48323,-177.71063
48324,-176.83939
48325,-176.75807
48326,-177.67427
48327,-179.79533
48328,-181.91997
48329,-182.24487
48330,-182.44145
48331,-182.3847
48332,-182.16994
48333,-181.89241
48334,-181.64745
48335,-181.53035
48336,-181.63647
48337,-182.06108
48338,-182.86842
48339,-183.9426
48340,-184.92332
48341,-185.4408
48342,-185.13663
48343,-183.71176
48344,-181.21286
48345,-178.15547
48346,-175.07434
48347,-172.48215
48348,-170.83237
48349,-170.23409
48350,-170.3302
48351,-170.74529
48352,-171.12617
48353,-171.15924
48354,-170.76009
48355,-170.1548
48356,-169.58171
48357,-169.26448
48358,-169.39767
48359,-170.00731
48360,-170.89107
48361,-171.83774
48362,-172.64699
48363,-173.14244
48364,-173.28632
48365,-173.22879
48366,-173.12758
48367,-173.13129
48368,-173.37163
48369,-173.88123
48370,-174.55855
48371,-175.29677
48372,-175.99551
48373,-176.55429
48374,-176.87274
48375,-176.85043
48376,-176.38692
48377,-175.38168
48378,-175.57834
48379,-178.43555
48380,-180.01413
48381,-181.11862
48382,-181.85324
48383,-182.32222
48384,-182.62984
48385,-182.88031
48386,-183.17801
48387,-183.62723
48388,-184.31316
48389,-185.21042
48390,-186.14348
48391,-186.93092
48392,-187.3984
48393,-187.3868
48394,-186.82542
48395,-185.76352
48396,-184.25519
48397,-182.34888
48398,-180.10793
48399,-177.68233
48400,-175.33936
48401,-173.3512
48402,-171.9843
48403,-171.46516
48404,-171.78857
48405,-172.63535
48406,-173.67398
48407,-174.58817
48408,-175.09412
48409,-175.09804
48410,-174.76332
48411,-174.2636
48412,-173.76028
48413,-173.39859
48414,-173.22949
48415,-173.1762
48416,-173.157
48417,-173.09616
48418,-172.9351
48419,-172.71481
48420,-172.61104
48421,-172.80495
48422,-173.47119
48423,-174.78444
48424,-176.91927
48425,-180.05008
48426,-184.35123
48427,-194.99684
48428,-194.26534
48429,-193.82692
48430,-193.10274
48431,-191.63205
48432,-189.60304
48433,-187.20409
48434,-184.62367
48435,-182.05034
48436,-179.67256
48437,-177.6789
48438,-176.24948
48439,-175.51628
48440,-175.54587
48441,-176.40216
48442,-178.15219
48443,-180.81766
48444,-184.15741
48445,-187.5744
48446,-190.45766
48447,-192.21327
48448,-192.32861
48449,-190.76523
48450,-188.12827
48451,-185.04953
48452,-182.13095
48453,-179.91646
48454,-178.61278
48455,-177.96947
48456,-177.7178
48457,-177.61075
48458,-177.42624
48459,-177.08652
48460,-176.70926
48461,-176.41995
48462,-176.33478
48463,-176.56168
48464,-177.15982
48465,-178.12276
48466,-179.4414
48467,-181.10974
48468,-183.11139
48469,-185.36914
48470,-187.72357
48471,-190.01196
48472,-192.07558
48473,-193.75565
48474,-194.89333
48475,-195.3298
48476,-194.90607
48477,-193.46306
48478,-192.16396
48479,-191.86812
48480,-189.64749
48481,-186.49649
48482,-182.81041
48483,-178.98477
48484,-175.4153
48485,-172.49759
48486,-170.6272
48487,-170.19933
48488,-171.52998
48489,-174.47606
48490,-178.2731
48491,-182.13284
48492,-185.29701
48493,-187.10832
48494,-187.49542
48495,-187.18138
48496,-186.92151
48497,-187.43361
48498,-189.33229
48499,-192.63239
48500,-196.53667
48501,-200.2159
48502,-202.87968
48503,-203.82509
48504,-202.85822
48505,-200.47618
48506,-197.2052
48507,-193.53946
48508,-189.95088
48509,-186.77985
48510,-184.18796
48511,-182.32936
48512,-181.36658
48513,-181.42624
48514,-182.42735
48515,-184.00737
48516,-185.79272
48517,-187.42348
48518,-188.57542
48519,-189.1332
48520,-189.26414
48521,-189.14703
48522,-188.94724
48523,-188.83023
48524,-188.9614
48525,-189.5062
48526,-190.63
48527,-192.49812
48528,-195.90233
48529,-200.22688
48530,-202.0045
48531,-202.32738
48532,-201.544
48533,-200.00357
48534,-198.05539
48535,-196.04916
48536,-194.3346
48537,-193.26144
48538,-193.12492
48539,-193.9043
48540,-195.15044
48541,-196.39714
48542,-197.19841
48543,-197.15833
48544,-196.17104
48545,-194.52437
48546,-192.52252
48547,-190.45119
48548,-188.57806
48549,-187.06567
48550,-185.93382
48551,-185.19652
48552,-184.87457
48553,-184.97987
48554,-185.47337
48555,-186.24672
48556,-187.18887
48557,-188.19205
48558,-189.13701
48559,-189.83795
48560,-190.01868
48561,-189.39926
48562,-187.70393
48563,-184.7307
48564,-180.70761
48565,-176.4464
48566,-172.78291
48567,-170.52524
48568,-170.38005
48569,-172.46716
48570,-176.11208
48571,-180.60953
48572,-185.29285
48573,-189.49573
48574,-192.552
48575,-193.79521
48576,-192.55801
48577,-188.1719
48578,-184.4308
48579,-186.40205
48580,-187.71318
48581,-189.26683
48582,-190.99219
48583,-192.81825
48584,-194.67418
48585,-196.48904
48586,-198.19199
48587,-199.7121
48588,-200.98314
48589,-201.96587
48590,-202.65767
48591,-203.05745
48592,-203.16237
48593,-202.96666
48594,-202.44743
48595,-201.55864
48596,-200.25334
48597,-198.4856
48598,-196.24226
48599,-193.70137
48600,-191.30019
48601,-189.48672
48602,-188.69672
48603,-189.28676
48604,-191.15567
48605,-193.58202
48606,-195.81982
48607,-197.15273
48608,-196.95404
48609,-195.11931
48610,-192.2527
48611,-188.98808
48612,-185.9263
48613,-183.61478
48614,-182.28955
48615,-181.76488
48616,-181.83774
48617,-182.32535
48618,-183.04826
48619,-183.8462
48620,-184.58493
48621,-185.1311
48622,-185.35023
48623,-185.10783
48624,-184.26932
48625,-182.70003
48626,-180.26532
48627,-176.83038
48628,-173.60983
48629,-172.42789
48630,-171.74069
48631,-171.54347
48632,-171.65572
48633,-171.897
48634,-172.0869
48635,-172.045
48636,-171.59093
48637,-170.54417
48638,-168.77155
48639,-166.4144
48640,-163.98636
48641,-162.01584
48642,-161.01347
48643,-161.40913
48644,-163.16406
48645,-165.60504
48646,-168.03459
48647,-169.7857
48648,-170.28844
48649,-169.53714
48650,-168.29082
48651,-167.33879
48652,-167.4341
48653,-169.21701
48654,-172.67348
48655,-176.90411
48656,-180.97545
48657,-183.99677
48658,-185.18253
48659,-184.35886
48660,-182.18143
48661,-179.33974
48662,-176.48444
48663,-174.21474
48664,-172.82898
48665,-172.21782
48666,-172.25554
48667,-172.83588
48668,-173.85478
48669,-175.22028
48670,-176.85687
48671,-178.68971
48672,-180.6432
48673,-182.64177
48674,-184.60983
48675,-186.47177
48676,-188.15204
48677,-189.57507
48678,-189.43614
48679,-187.10802
48680,-185.99026
48681,-185.30922
48682,-184.92696
48683,-184.70564
48684,-184.50735
48685,-184.19432
48686,-183.6287
48687,-182.67265
48688,-181.21838
48689,-179.33331
48690,-177.32222
48691,-175.49959
48692,-174.16855
48693,-173.5981
48694,-173.8587
48695,-174.75204
48696,-176.06914
48697,-177.61394
48698,-179.2088
48699,-180.78253
48700,-182.40813
48701,-184.16437
48702,-186.12318
48703,-188.32625
48704,-190.64021
48705,-192.69455
48706,-194.10913
48707,-194.51512
48708,-193.61282
48709,-191.5065
48710,-188.8486
48711,-186.31442
48712,-184.55359
48713,-184.12549
48714,-185.06616
48715,-186.70277
48716,-188.3343
48717,-189.29372
48718,-188.99113
48719,-187.28593
48720,-184.64671
48721,-181.56721
48722,-178.51256
48723,-175.94795
48724,-174.3385
48725,-174.14912
48726,-175.84438
48727,-179.88815
48728,-182.9474
48729,-181.18726
48730,-180.94034
48731,-181.05309
48732,-181.42506
48733,-181.9558
48734,-182.5448
48735,-183.09167
48736,-183.49602
48737,-183.65735
48738,-183.49397
48739,-183.03302
48740,-182.44913
48741,-181.92291
48742,-181.62798
48743,-181.70934
48744,-182.14618
48745,-182.69276
48746,-183.09448
48747,-183.10727
48748,-182.52167
48749,-181.32823
48750,-179.78905
48751,-178.17715
48752,-176.75279
48753,-175.75287
48754,-175.27913
48755,-175.25008
48756,-175.57687
48757,-176.17946
48758,-176.97812
48759,-177.89444
48760,-178.85216
48761,-179.77505
48762,-180.58673
48763,-181.22191
48764,-181.67952
48765,-182.0453
48766,-182.40865
48767,-182.85463
48768,-183.45222
48769,-184.17548
48770,-184.87016
48771,-185.37695
48772,-185.54247
48773,-185.21342
48774,-184.23642
48775,-182.4581
48776,-179.72485
48777,-175.8831
48778,-175.2342
48779,-181.17763
48780,-183.86304
48781,-185.30673
48782,-185.76521
48783,-185.49512
48784,-184.75327
48785,-183.79665
48786,-182.88239
48787,-182.26758
48788,-182.17062
48789,-182.58534
48790,-183.20111
48791,-183.69519
48792,-183.75932
48793,-183.14024
48794,-181.90504
48795,-180.55482
48796,-179.60837
48797,-179.5638
48798,-180.84943
48799,-183.48843
48800,-186.9557
48801,-190.7047
48802,-194.2152
48803,-197.01851
48804,-198.94408
48805,-200.22562
48806,-201.11314
48807,-201.83765
48808,-202.59685
48809,-203.39384
48810,-203.96814
48811,-204.04839
48812,-203.37543
48813,-201.74371
48814,-199.25928
48815,-196.45114
48816,-193.86629
48817,-192.03178
48818,-191.40802
48819,-192.0686
48820,-193.56302
48821,-195.41965
48822,-197.19197
48823,-198.43358
48824,-198.69795
48825,-197.53836
48826,-194.50752
48827,-189.15756
48828,-186.94624
48829,-192.94258
48830,-195.35915
48831,-196.49026
48832,-196.58202
48833,-195.8807
48834,-194.63293
48835,-193.08543
48836,-191.48499
48837,-190.07848
48838,-189.10098
48839,-188.71884
48840,-189.0051
48841,-190.02904
48842,-191.86429
48843,-194.54216
48844,-197.84845
48845,-201.23651
48846,-204.14645
48847,-206.03415
48848,-206.42538
48849,-205.25357
48850,-203.00558
48851,-200.1918
48852,-197.29703
48853,-194.77637
48854,-192.9117
48855,-191.74965
48856,-191.32706
48857,-191.69182
48858,-192.8616
48859,-194.67851
48860,-196.7469
48861,-198.66158
48862,-200.0287
48863,-200.50356
48864,-200.02739
48865,-198.92937
48866,-197.55481
48867,-196.23093
48868,-195.2635
48869,-194.83347
48870,-194.9526
48871,-195.62566
48872,-196.8654
48873,-198.6845
48874,-201.09575
48875,-204.11179
48876,-207.74539
48877,-212.00916
48878,-212.87117
48879,-206.9031
48880,-202.70604
48881,-198.8876
48882,-195.49379
48883,-192.57056
48884,-190.16377
48885,-188.31943
48886,-187.08339
48887,-186.5015
48888,-186.59364
48889,-187.22878
48890,-188.07112
48891,-188.77681
48892,-189.01175
48893,-188.47939
48894,-187.10182
48895,-185.09775
48896,-182.698
48897,-180.11948
48898,-177.5635
48899,-175.141
48900,-172.84004
48901,-170.64388
48902,-168.54144
48903,-166.53836
48904,-164.7363
48905,-163.36711
48906,-162.66777
48907,-162.869
48908,-164.15436
48909,-166.43364
48910,-169.24628
48911,-172.11742
48912,-174.59006
48913,-176.26398
48914,-177.0685
48915,-177.37944
48916,-177.5904
48917,-178.07376
48918,-179.161
48919,-180.94568
48920,-183.19923
48921,-185.68042
48922,-188.16325
48923,-190.42195
48924,-192.2306
48925,-193.36336
48926,-193.59418
48927,-192.69691
48928,-191.28877
48929,-190.35814
48930,-188.92906
48931,-187.27812
48932,-185.5133
48933,-183.74255
48934,-182.0738
48935,-180.61505
48936,-179.47418
48937,-178.75919
48938,-178.55994
48939,-178.86215
48940,-179.5101
48941,-180.34251
48942,-181.20491
48943,-181.95216
48944,-182.4938
48945,-182.8133
48946,-182.89711
48947,-182.72818
48948,-182.29529
48949,-181.62137
48950,-180.7757
48951,-179.82933
48952,-178.85126
48953,-177.91164
48954,-177.08838
48955,-176.46953
48956,-176.14359
48957,-176.19858
48958,-176.70906
48959,-177.6718
48960,-178.97809
48961,-180.51515
48962,-182.17516
48963,-183.84933
48964,-185.42339
48965,-186.77539
48966,-187.78304
48967,-188.32445
48968,-188.29913
48969,-187.7313
48970,-186.81429
48971,-185.74837
48972,-184.72578
48973,-183.93883
48974,-183.57974
48975,-183.8408
48976,-184.91415
48977,-186.99178
48978,-189.69875
48979,-192.44475
48980,-195.90523
48981,-199.69421
48982,-203.58221
48983,-207.33981
48984,-210.73763
48985,-213.54613
48986,-215.53592
48987,-216.47723
48988,-216.1778
48989,-214.66374
48990,-212.25787
48991,-209.29591
48992,-206.10005
48993,-202.9752
48994,-200.12589
48995,-197.61996
48996,-195.5196
48997,-193.89337
48998,-192.79451
48999,-192.18773
49000,-191.91771
49001,-191.82419
49002,-191.7527
49003,-191.53955
49004,-190.96738
49005,-189.7461
49006,-187.58258
49007,-184.18692
49008,-179.34816
49009,-178.31502
49010,-171.96034
49011,-166.18275
49012,-156.85097
49013,-154.7319
49014,-155.0037
49015,-157.04779
49016,-160.21515
49017,-163.89528
49018,-167.51773
49019,-170.74301
49020,-173.54431
49021,-175.90681
49022,-177.80072
49023,-179.1963
49024,-180.0637
49025,-180.37315
49026,-180.09483
49027,-179.19884
49028,-177.27414
49029,-175.28981
49030,-176.2162
49031,-178.80832
49032,-182.53206
49033,-186.85385
49034,-191.24059
49035,-195.15938
49036,-198.07747
49037,-199.46176
49038,-198.89763
49039,-196.66162
49040,-193.96878
49041,-192.07396
49042,-192.18782
49043,-195.33424
49044,-206.4574
49045,-214.04117
49046,-221.51309
49047,-227.37178
49048,-225.27788
49049,-224.83331
49050,-221.91914
49051,-217.47261
49052,-212.37302
49053,-207.44089
49054,-203.14685
49055,-199.48613
49056,-196.43333
49057,-193.98534
49058,-192.11806
49059,-190.6851
49060,-189.37436
49061,-187.86691
49062,-185.85175
49063,-183.08337
49064,-179.69806
49065,-176.34966
49066,-173.71321
49067,-172.43907
49068,-173.08502
49069,-175.67317
49070,-179.50069
49071,-183.83669
49072,-187.98534
49073,-191.25122
49074,-192.93869
49075,-192.35146
49076,-188.79204
49077,-186.56157
49078,-180.96275
49079,-178.31975
49080,-178.93605
49081,-179.2877
49082,-179.30649
49083,-178.92422
49084,-178.07265
49085,-176.68352
49086,-174.68855
49087,-172.01949
49088,-168.65112
49089,-164.80894
49090,-161.05841
49091,-157.97852
49092,-156.1319
49093,-156.00256
49094,-157.61928
49095,-160.39467
49096,-163.71765
49097,-167.00703
49098,-169.73494
49099,-171.68254
49100,-173.04935
49101,-174.05118
49102,-174.88391
49103,-175.72266
49104,-176.62128
49105,-177.46959
49106,-178.15086
49107,-178.55621
49108,-178.59537
49109,-178.2865
49110,-177.79471
49111,-177.29102
49112,-176.93942
49113,-176.88988
49114,-177.21062
49115,-177.85901
49116,-178.7881
49117,-179.9562
49118,-181.3209
49119,-182.83598
49120,-184.4498
49121,-186.11055
49122,-187.76678
49123,-189.36688
49124,-190.85934
49125,-192.19261
49126,-193.31519
49127,-194.1755
49128,-192.47314
49129,-187.0716
49130,-184.13124
49131,-182.3157
49132,-181.4268
49133,-181.2666
49134,-181.63728
49135,-182.34114
49136,-183.18059
49137,-183.95805
49138,-184.49925
49139,-184.76505
49140,-184.8995
49141,-185.05408
49142,-185.3714
49143,-185.9763
49144,-186.88867
49145,-187.98663
49146,-189.1426
49147,-190.23572
49148,-191.148
49149,-191.77777
49150,-192.04567
49151,-191.87315
49152,-191.18066
49153,-189.91176
49154,-188.14516
49155,-186.14268
49156,-184.17375
49157,-182.49919
49158,-181.35414
49159,-180.82494
49160,-180.79623
49161,-181.14474
49162,-181.75659
49163,-182.52335
49164,-183.36687
49165,-184.25034
49166,-185.13855
49167,-185.99435
49168,-186.78127
49169,-187.46686
49170,-188.02405
49171,-188.42601
49172,-188.64569
49173,-188.65596
49174,-188.42981
49175,-187.94006
49176,-187.15964
49177,-186.0614
49178,-187.68628
49179,-193.56458
49180,-195.46608
49181,-195.42215
49182,-193.89166
49183,-191.33417
49184,-188.2098
49185,-184.97917
49186,-182.10298
49187,-180.04195
49188,-179.1897
49189,-179.5509
49190,-180.60356
49191,-181.80487
49192,-182.63728
49193,-182.65294
49194,-181.80914
49195,-180.61238
49196,-179.59137
49197,-179.24878
49198,-180.01994
49199,-181.94934
49200,-184.55214
49201,-187.32266
49202,-189.78061
49203,-191.48808
49204,-192.25282
49205,-192.21556
49206,-191.53052
49207,-190.33615
49208,-188.78041
49209,-187.06554
49210,-185.46753
49211,-184.26541
49212,-183.73457
49213,-184.10136
49214,-185.30687
49215,-186.9058
49216,-188.4377
49217,-189.46039
49218,-189.58218
49219,-188.70467
49220,-187.12697
49221,-185.16452
49222,-183.11409
49223,-181.27249
49224,-179.93654
49225,-179.40298
49226,-179.96843
49227,-181.92921
49228,-183.77173
49229,-183.29965
49230,-182.82054
49231,-182.0715
49232,-181.11969
49233,-180.03224
49234,-178.87634
49235,-177.71916
49236,-176.62785
49237,-175.6696
49238,-174.91437
49239,-174.44838
49240,-174.37987
49241,-174.81795
49242,-175.87062
49243,-177.61676
49244,-179.96597
49245,-182.59885
49246,-185.18686
49247,-187.41267
49248,-189.0044
49249,-189.95558
49250,-190.61932
49251,-191.3632
49252,-192.53786
49253,-194.42426
49254,-196.8987
49255,-199.28952
49256,-200.90285
49257,-201.07068
49258,-199.23442
49259,-195.47417
49260,-190.7378
49261,-186.01021
49262,-182.23607
49263,-180.25111
49264,-180.25967
49265,-181.61095
49266,-183.62018
49267,-185.64384
49268,-187.09618
49269,-187.72536
49270,-187.73209
49271,-187.33531
49272,-186.73259
49273,-186.12144
49274,-185.69952
49275,-185.66444
49276,-186.2137
49277,-187.54488
49278,-192.1033
49279,-204.66628
49280,-201.69551
49281,-200.7563
49282,-197.64209
49283,-193.14828
49284,-188.07205
49285,-183.21123
49286,-179.36397
49287,-177.32787
49288,-177.76643
49289,-180.56732
49290,-184.56828
49291,-188.56671
49292,-191.41077
49293,-192.09067
49294,-190.4223
49295,-187.3419
49296,-183.83229
49297,-180.82408
49298,-179.14568
49299,-179.03041
49300,-179.90535
49301,-181.16545
49302,-182.24449
49303,-182.6435
49304,-182.25485
49305,-181.50114
49306,-180.82634
49307,-180.64923
49308,-181.33492
49309,-182.93617
49310,-185.08295
49311,-187.3884
49312,-189.48598
49313,-191.05034
49314,-191.99553
49315,-192.56015
49316,-192.99586
49317,-193.53903
49318,-194.40138
49319,-195.65126
49320,-197.16278
49321,-198.8021
49322,-200.44464
49323,-201.96587
49324,-203.24121
49325,-204.14603
49326,-204.55574
49327,-204.34569
49328,-202.66356
49329,-199.67932
49330,-198.42226
49331,-198.03448
49332,-198.2755
49333,-198.90508
49334,-199.68309
49335,-200.36948
49336,-200.7242
49337,-200.50719
49338,-199.52144
49339,-197.8203
49340,-195.7971
49341,-193.85951
49342,-192.39908
49343,-191.75354
49344,-191.9475
49345,-192.58133
49346,-193.23814
49347,-193.52138
49348,-193.08443
49349,-191.872
49350,-190.22374
49351,-188.49562
49352,-187.02502
49353,-186.13383
49354,-186.0543
49355,-186.89688
49356,-188.76709
49357,-191.77612
49358,-195.98405
49359,-201.15501
49360,-211.65251
49361,-216.82446
49362,-216.0379
49363,-218.72472
49364,-219.69344
49365,-219.2643
49366,-217.77919
49367,-215.55649
49368,-212.89767
49369,-210.00433
49370,-206.94215
49371,-203.77106
49372,-200.55725
49373,-197.36708
49374,-194.26682
49375,-191.3227
49376,-188.60095
49377,-186.16786
49378,-187.50919
49379,-199.05945
49380,-196.04005
49381,-195.8476
49382,-194.00212
49383,-191.02444
49384,-187.43628
49385,-183.75978
49386,-180.51724
49387,-178.23096
49388,-177.35703
49389,-177.96837
49390,-179.61902
49391,-181.84254
49392,-184.19754
49393,-186.27454
49394,-187.8488
49395,-188.94592
49396,-189.60143
49397,-189.83894
49398,-189.70872
49399,-189.41609
49400,-189.37636
49401,-190.01341
49402,-191.74107
49403,-194.8976
49404,-199.38416
49405,-204.51021
49406,-214.56192
49407,-213.85402
49408,-216.76077
49409,-218.0035
49410,-217.77429
49411,-216.28502
49412,-213.72566
49413,-210.3153
49414,-206.44089
49415,-202.71696
49416,-199.7681
49417,-198.20781
49418,-198.55795
49419,-200.80905
49420,-204.2324
49421,-208.0705
49422,-211.60057
49423,-214.10002
49424,-214.84586
49425,-213.11421
49426,-208.1797
49427,-204.31496
49428,-194.90984
49429,-185.93126
49430,-183.81297
49431,-183.4582
49432,-184.43369
49433,-186.30685
49434,-188.6456
49435,-191.01808
49436,-192.99258
49437,-194.13745
49438,-194.07558
49439,-192.74857
49440,-190.53026
49441,-187.8125
49442,-184.96696
49443,-182.34352
49444,-180.16531
49445,-178.48349
49446,-177.3422
49447,-176.79367
49448,-176.86662
49449,-177.4527
49450,-178.25803
49451,-178.98145
49452,-179.33061
49453,-179.06567
49454,-178.25166
49455,-177.36717
49456,-176.90723
49457,-177.34723
49458,-179.0742
49459,-181.96204
49460,-185.19008
49461,-187.91061
49462,-189.30916
49463,-188.6854
49464,-186.00533
49465,-182.13904
49466,-177.99431
49467,-174.4367
49468,-172.24586
49469,-171.7018
49470,-172.40779
49471,-173.94038
49472,-175.90869
49473,-177.922
49474,-179.58961
49475,-180.521
49476,-180.32535
49477,-178.61163
49478,-174.84753
49479,-170.29471
49480,-168.11072
49481,-167.28621
49482,-167.51387
49483,-168.48668
49484,-169.89786
49485,-171.4407
49486,-172.80864
49487,-173.69513
49488,-173.82639
49489,-173.12006
49490,-171.75302
49491,-169.9124
49492,-167.77315
49493,-165.51935
49494,-163.38823
49495,-161.68907
49496,-160.73383
49497,-160.83107
49498,-162.21823
49499,-164.72087
49500,-167.60695
49501,-170.12305
49502,-171.54259
49503,-171.26198
49504,-169.39351
49505,-167.0201
49506,-165.2636
49507,-165.19972
49508,-167.74365
49509,-172.88101
49510,-184.33995
49511,-190.80098
49512,-196.00594
49513,-193.84889
49514,-194.1075
49515,-192.75748
49516,-190.82391
49517,-189.27623
49518,-188.98282
49519,-190.22295
49520,-192.47752
49521,-195.19545
49522,-197.86377
49523,-199.96982
49524,-201.0007
49525,-200.44331
49526,-197.78389
49527,-192.5078
49528,-190.18237
49529,-195.88136
49530,-197.28552
49531,-196.86295
49532,-194.92235
49533,-191.77283
49534,-187.72406
49535,-183.08598
49536,-178.16882
49537,-173.28287
49538,-168.7274
49539,-164.73785
49540,-161.46294
49541,-159.04791
49542,-157.64197
49543,-157.36322
49544,-158.14893
49545,-159.6916
49546,-161.6743
49547,-163.79195
49548,-165.76883
49549,-167.49951
49550,-169.10916
49551,-170.73192
49552,-172.49088
49553,-174.47725
49554,-176.59676
49555,-178.50394
49556,-179.84354
49557,-180.27214
49558,-179.51457
49559,-177.69276
49560,-175.46736
49561,-173.52089
49562,-172.51025
49563,-172.99326
49564,-174.95198
49565,-177.58908
49566,-180.07697
49567,-181.62549
49568,-181.53857
49569,-179.66795
49570,-176.60797
49571,-172.98344
49572,-169.38414
49573,-166.40015
49574,-164.62125
49575,-164.63701
49576,-167.03639
49577,-172.4077
49578,-182.61705
49579,-178.06737
49580,-178.38545
49581,-178.07993
49582,-177.30946
49583,-176.23274
49584,-175.00864
49585,-173.79591
49586,-172.75337
49587,-172.0399
49588,-171.79393
49589,-172.03607
49590,-172.62712
49591,-173.42157
49592,-174.28157
49593,-175.07123
49594,-175.66586
49595,-175.9559
49596,-175.83238
49597,-175.18552
49598,-173.9414
49599,-172.23372
49600,-170.47789
49601,-169.10056
49602,-168.51505
49603,-169.0761
49604,-170.79967
49605,-173.243
49606,-175.94545
49607,-178.46848
49608,-180.4082
49609,-181.56139
49610,-181.99678
49611,-181.79381
49612,-181.01901
49613,-179.74416
49614,-178.07088
49615,-176.14154
49616,-174.10011
49617,-172.08867
49618,-170.23903
49619,-168.62383
49620,-167.23518
49621,-166.06206
49622,-165.09732
49623,-164.33374
49624,-163.76413
49625,-163.38132
49626,-163.17812
49627,-163.1473
49628,-163.80833
49629,-165.51657
49630,-166.9743
49631,-168.33894
49632,-169.55301
49633,-170.55911
49634,-171.29985
49635,-171.7178
49636,-171.75554
49637,-171.35558
49638,-170.48572
49639,-169.26073
49640,-167.99445
49641,-167.00851
49642,-166.61528
49643,-167.08475
49644,-168.44269
49645,-170.38394
49646,-172.59044
49647,-174.76004
49648,-176.60814
49649,-177.95158
49650,-178.74477
49651,-178.9474
49652,-178.51265
49653,-177.42055
49654,-175.80759
49655,-174.02242
49656,-172.42215
49657,-171.3539
49658,-171.11345
49659,-171.69893
49660,-172.70518
49661,-173.71127
49662,-174.31563
49663,-174.11363
49664,-172.68344
49665,-169.57967
49666,-164.35565
49667,-161.56554
49668,-150.89597
49669,-137.80495
49670,-123.79634
49671,-110.41423
49672,-99.14798
49673,-91.481026
49674,-83.89549
49675,-87.88194
49676,-104.944275
49677,-131.58711
49678,-153.73592
49679,-157.48376
49680,-164.66855
49681,-169.2435
49682,-166.71918
49683,-167.60571
49684,-167.41353
49685,-166.65349
49686,-165.83665
49687,-165.4743
49688,-166.01189
49689,-167.5122
49690,-169.52007
49691,-171.56018
49692,-173.18205
49693,-173.99585
49694,-173.96379
49695,-173.52518
49696,-173.1383
49697,-173.23882
49698,-174.2117
49699,-176.1479
49700,-178.7402
49701,-181.66586
49702,-184.62112
49703,-187.31758
49704,-189.55481
49705,-191.25174
49706,-192.33192
49707,-192.71324
49708,-192.3401
49709,-191.31163
49710,-189.9367
49711,-188.53287
49712,-187.40782
49713,-186.82683
49714,-186.8082
49715,-187.03574
49716,-187.17972
49717,-186.92639
49718,-185.99893
49719,-184.33595
49720,-182.16803
49721,-179.73772
49722,-177.27371
49723,-175.0048
49724,-173.1598
49725,-171.96732
49726,-171.65608
49727,-172.4545
49728,-172.99493
49729,-171.58691
49730,-170.72636
49731,-170.00546
49732,-169.41786
49733,-168.95723
49734,-168.61722
49735,-168.39154
49736,-168.2738
49737,-168.25774
49738,-168.32578
49739,-168.39491
49740,-168.29369
49741,-167.84714
49742,-166.88449
49743,-165.27669
49744,-163.13756
49745,-160.91002
49746,-159.05005
49747,-157.99785
49748,-158.12814
49749,-159.43568
49750,-161.40073
49751,-163.48386
49752,-165.17038
49753,-166.01192
49754,-165.94566
49755,-165.43092
49756,-164.94763
49757,-164.95084
49758,-165.83925
49759,-167.68454
49760,-170.11565
49761,-172.74423
49762,-175.20337
49763,-177.15384
49764,-178.41785
49765,-179.03615
49766,-179.05806
49767,-178.52254
49768,-177.4797
49769,-176.04472
49770,-174.4209
49771,-172.81505
49772,-171.42989
49773,-170.46808
49774,-170.13222
49775,-170.62488
49776,-172.14848
49777,-174.90541
49778,-177.70503
49779,-178.48276
49780,-178.42441
49781,-177.62444
49782,-176.27522
49783,-174.56921
49784,-172.699
49785,-170.85716
49786,-169.23628
49787,-168.029
49788,-167.40535
49789,-167.40433
49790,-167.8877
49791,-168.71014
49792,-169.73492
49793,-170.83893
49794,-171.97789
49795,-173.21454
49796,-174.61574
49797,-176.24324
49798,-178.14168
49799,-180.25552
49800,-182.39386
49801,-184.36043
49802,-185.96548
49803,-187.0547
49804,-187.68005
49805,-188.17313
49806,-188.87685
49807,-190.12079
49808,-192.16835
49809,-194.89816
49810,-197.66765
49811,-199.81354
49812,-200.69717
49813,-199.77066
49814,-197.01587
49815,-193.1342
49816,-188.85757
49817,-184.88464
49818,-181.84865
49819,-180.0023
49820,-179.08247
49821,-178.80527
49822,-178.91139
49823,-179.14163
49824,-179.2369
49825,-178.9381
49826,-177.98607
49827,-176.12163
49828,-175.67007
49829,-178.86937
49830,-180.64116
49831,-181.86897
49832,-182.57275
49833,-182.77261
49834,-182.48854
49835,-181.74062
49836,-180.54887
49837,-178.9334
49838,-176.92091
49839,-174.57715
49840,-172.02048
49841,-169.37141
49842,-166.74802
49843,-164.27141
49844,-162.08078
49845,-160.33963
49846,-159.21243
49847,-158.86246
49848,-159.42093
49849,-160.83334
49850,-162.79375
49851,-164.98657
49852,-167.1083
49853,-168.8846
49854,-170.21059
49855,-171.21063
49856,-172.01816
49857,-172.75563
49858,-173.53249
49859,-174.38269
49860,-175.23785
49861,-176.02554
49862,-176.6782
49863,-177.13655
49864,-177.38936
49865,-177.49062
49866,-177.49678
49867,-177.4613
49868,-177.43187
49869,-177.4228
49870,-177.40318
49871,-177.3403
49872,-177.20363
49873,-176.96262
49874,-176.58669
49875,-176.04529
49876,-175.30788
49877,-174.34387
49878,-174.19768
49879,-175.61798
49880,-176.08687
49881,-176.1103
49882,-175.74266
49883,-175.03821
49884,-174.05138
49885,-172.83643
49886,-171.44778
49887,-169.93987
49888,-168.37624
49889,-166.87457
49890,-165.6255
49891,-164.82257
49892,-164.65573
49893,-165.2902
49894,-166.74681
49895,-168.85107
49896,-171.42104
49897,-174.28404
49898,-177.26282
49899,-180.15312
49900,-182.714
49901,-184.70306
49902,-185.87953
49903,-186.0354
49904,-185.1532
49905,-183.47395
49906,-181.24925
49907,-178.7185
49908,-176.11575
49909,-173.64265
49910,-171.45709
49911,-169.71513
49912,-168.57492
49913,-168.1742
49914,-168.53287
49915,-169.51126
49916,-170.96341
49917,-172.751
49918,-174.73491
49919,-176.77026
49920,-178.70473
49921,-180.38564
49922,-181.66064
49923,-182.37749
49924,-182.38371
49925,-181.52682
49926,-179.65427
49927,-176.6134
49928,-174.27197
49929,-174.74886
49930,-174.66968
49931,-174.56866
49932,-174.43623
49933,-174.26282
49934,-174.03886
49935,-173.75487
49936,-173.40118
49937,-172.96834
49938,-172.4495
49939,-171.8539
49940,-171.21254
49941,-170.55725
49942,-169.91882
49943,-169.33127
49944,-168.84662
49945,-168.54175
49946,-168.49438
49947,-168.78111
49948,-169.46147
49949,-170.4961
49950,-171.71172
49951,-172.92986
49952,-173.97835
49953,-174.70055
49954,-175.02951
49955,-175.01982
49956,-174.7309
49957,-174.21626
49958,-173.53519
49959,-172.77928
49960,-172.08398
49961,-171.58656
49962,-171.42213
49963,-171.70427
49964,-172.42097
49965,-173.39027
49966,-174.42363
49967,-175.34055
49968,-175.97743
49969,-176.2692
49970,-176.28395
49971,-176.09518
49972,-175.77
49973,-175.37549
49974,-174.97879
49975,-174.64706
49976,-174.44737
49977,-174.44688
49978,-173.9122
49979,-172.78555
49980,-173.6779
49981,-175.70905
49982,-178.55602
49983,-181.89618
49984,-185.40715
49985,-188.76657
49986,-191.65216
49987,-193.74165
49988,-194.7621
49989,-194.72835
49990,-194.04564
49991,-193.13524
49992,-192.40019
49993,-192.19418
49994,-192.58409
49995,-193.24785
49996,-193.84764
49997,-194.06418
49998,-193.60924
49999,-192.37639
50000,-190.50546
