timestep,reward
1,-61.618294
2,-39.77918
3,-19.936907
4,-0.0053490577
5,17.348763
6,30.495073
7,38.98221
8,43.170406
9,43.54654
10,40.5078
11,35.136036
12,29.588371
13,27.281359
14,31.299507
15,40.482845
16,49.35071
17,54.18283
18,55.09337
19,54.765423
20,54.929222
21,54.68568
22,53.302185
23,51.99201
24,52.75983
25,54.89253
26,53.42611
27,36.69619
28,8.557764
29,-40.026867
30,-109.77082
31,-197.24672
32,-294.83432
33,-391.29993
34,2.0317807
35,-0.5759366
36,-17.29861
37,-18.797285
38,-20.662682
39,-23.409178
40,-12.124631
41,-31.29629
42,-35.439594
43,-39.05271
44,-41.55971
45,-42.371284
46,-26.028814
47,-22.394989
48,-31.73093
49,-28.288628
50,-20.575474
51,-18.60393
52,-12.157816
53,3.126962
54,2.0544825
55,-15.397287
56,-4.1778803
57,-24.211233
58,-15.423798
59,-27.724022
60,-35.21918
61,-46.87426
62,-26.0
63,-41.0
64,-26.0
65,-26.0
66,-41.0
67,-26.0
68,-41.0
69,-26.0
70,-26.0
71,-26.0
72,-26.0
73,-26.0
74,-26.0
75,-26.0
76,-26.0
77,-26.0
78,-26.0
79,-26.0
80,-26.0
81,-26.0
82,-26.0
83,-41.0
84,-41.0
85,-26.0
86,-41.0
87,-41.0
88,-26.0
89,-65.61829
90,-39.77649
91,-19.913065
92,0.09233589
93,17.598396
94,30.96561
95,39.725273
96,44.276985
97,45.28132
98,43.441303
99,40.067738
100,37.25606
101,37.795383
102,43.366756
103,51.176594
104,55.16411
105,52.293827
106,44.783928
107,38.62086
108,37.984104
109,41.195415
110,44.880463
111,46.695454
112,45.07391
113,37.71137
114,21.138683
115,-8.811454
116,-60.66114
117,-125.9988
118,-208.47318
119,-303.14578
120,-401.5989
121,0.9166238
122,-2.1533768
123,-3.707035
124,-4.479497
125,-5.1433406
126,-21.266275
127,-8.327099
128,-26.376408
129,-14.8873
130,-18.38671
131,-36.398552
132,-38.393456
133,-23.849083
134,-37.369255
135,-33.82125
136,-28.371218
137,-10.210437
138,-2.3893392
139,0.25984702
140,-434.8475
141,-403.28943
142,-404.2564
143,-434.07333
144,1.451896
145,-3.2456346
146,-9.060478
147,-20.857016
148,-43.251656
149,-50.23419
150,-31.688124
151,-26.0
152,-41.0
153,-26.0
154,-26.0
155,-26.0
156,-26.0
157,-26.0
158,-41.0
159,-26.0
160,-41.0
161,-26.0
162,-26.0
163,-26.0
164,-41.0
165,-26.0
166,-26.0
167,-41.0
168,-26.0
169,-26.0
170,-41.0
171,-41.0
172,-26.0
173,-26.0
174,-41.0
175,-41.0
176,-26.0
177,-41.0
178,-41.0
179,-26.0
180,-26.0
181,-26.0
182,-26.0
183,-41.0
184,-41.0
185,-26.0
186,-26.0
187,-41.0
188,-26.0
189,-26.0
190,-26.0
191,-26.0
192,-66.61829
193,-39.77918
194,-19.936907
195,-0.0066878484
196,17.338873
197,30.461561
198,38.911636
199,43.056137
200,43.379272
201,40.27825
202,34.87097
203,29.376415
204,27.244074
205,31.50521
206,40.867386
207,49.738197
208,54.387554
209,55.053856
210,54.6237
211,54.88289
212,54.684196
213,52.951138
214,50.800514
215,50.769436
216,53.38489
217,55.120598
218,50.59142
219,29.5155
220,-1.9160354
221,-49.956326
222,-112.5265
223,-184.05011
224,-250.81969
225,-312.68918
226,-359.01065
227,-393.5442
228,-423.9224
229,-11.480666
230,0.7495505
231,-2.9901054
232,-7.2567606
233,-11.590705
234,-15.516111
235,-18.502375
236,-35.004814
237,-19.562243
238,-31.934517
239,-12.183429
240,-9.507868
241,-1.8767047
242,0.6905072
243,-426.49344
244,-402.18948
245,-409.40448
246,-445.09457
247,0.49040112
248,-19.470938
249,-10.547974
250,-37.619144
251,-45.313072
252,-36.102074
253,-30.002462
254,-26.0
255,-26.0
256,-26.0
257,-41.0
258,-41.0
259,-26.0
260,-26.0
261,-26.0
262,-26.0
263,-41.0
264,-26.0
265,-41.0
266,-41.0
267,-26.0
268,-41.0
269,-41.0
270,-26.0
271,-26.0
272,-41.0
273,-26.0
274,-26.0
275,-41.0
276,-26.0
277,-26.0
278,-41.0
279,-26.0
280,-26.0
281,-26.0
282,-41.0
283,-41.0
284,-26.0
285,-26.0
286,-41.0
287,-26.0
288,-65.61829
289,-39.778908
290,-19.93523
291,0.00039681408
292,17.356192
293,30.486864
294,38.92459
295,43.01084
296,43.176823
297,39.685616
298,33.441605
299,26.486038
300,22.351133
301,24.66296
302,33.086708
303,42.597797
304,49.29689
305,52.291813
306,52.374035
307,49.43922
308,42.37826
309,31.59525
310,20.853004
311,16.216396
312,21.128565
313,32.8511
314,45.858826
315,54.28509
316,48.32603
317,35.288113
318,10.2977295
319,-23.504915
320,-55.30216
321,-87.901726
322,-111.89994
323,-129.26717
324,-144.85637
325,-164.67683
326,-195.31767
327,-240.98477
328,-300.28754
329,-369.21265
330,-441.7539
331,0.29841855
332,-1.9495146
333,-17.678331
334,-16.556902
335,1.6056715
336,-438.18115
337,-316.40643
338,-238.095
339,-200.92995
340,-191.16162
341,-204.4802
342,-239.70377
343,-297.59332
344,-379.81522
345,-4.448355
346,-11.584236
347,-34.228115
348,-26.590357
349,-32.62745
350,-45.426353
351,-28.494265
352,-41.0
353,-40.038322
354,-22.267952
355,-20.687027
356,-36.667053
357,-24.136307
358,-27.003426
359,-43.09034
360,-41.25856
361,-26.0
362,-26.0
363,-41.0
364,-26.0
365,-26.0
366,-26.0
367,-41.0
368,-26.0
369,-26.0
370,-26.0
371,-26.0
372,-26.0
373,-41.0
374,-41.0
375,-26.0
376,-41.0
377,-26.0
378,-41.0
379,-26.0
380,-41.0
381,-26.0
382,-41.0
383,-25.909185
384,-25.877155
385,-26.117289
386,-26.0
387,-26.0
388,-26.0
389,-41.0
390,-26.0
391,-41.0
392,-26.0
393,-41.0
394,-26.0
395,-26.0
396,-41.0
397,-65.61829
398,-39.778908
399,-19.934273
400,0.0047057853
401,17.372017
402,30.53228
403,39.029686
404,43.224854
405,43.609932
406,40.59296
407,35.279854
408,29.87267
409,27.819683
410,32.15031
411,41.531067
412,50.294693
413,54.654636
414,54.911575
415,54.19304
416,54.566715
417,54.933758
418,54.040565
419,52.632977
420,52.75418
421,54.57143
422,54.564793
423,47.537346
424,23.472046
425,-11.138819
426,-62.2277
427,-127.37931
428,-200.68279
429,-268.13565
430,-329.4136
431,-373.93808
432,-405.7677
433,-432.82538
434,-11.6582575
435,0.7917765
436,-2.720203
437,-6.755171
438,-10.863054
439,-14.580696
440,-17.394236
441,-18.77902
442,-18.290651
443,-30.689255
444,-11.009715
445,-23.432308
446,-0.79782856
447,1.9295332
448,-399.09155
449,-375.051
450,-381.68384
451,-415.9938
452,2.0800695
453,-17.813435
454,-8.803105
455,-35.755272
456,-28.290833
457,-50.322445
458,-31.675177
459,-26.0
460,-26.0
461,-26.0
462,-41.0
463,-26.0
464,-41.0
465,-26.0
466,-26.0
467,-26.0
468,-41.0
469,-26.0
470,-26.0
471,-26.0
472,-26.0
473,-41.0
474,-26.0
475,-26.0
476,-26.0
477,-26.0
478,-26.0
479,-41.0
480,-41.0
481,-26.0
482,-41.0
483,-26.0
484,-26.0
485,-26.0
486,-41.0
487,-26.0
488,-26.0
489,-26.0
490,-26.0
491,-26.0
492,-26.0
493,-26.0
494,-26.0
495,-41.0
496,-41.0
497,-26.0
498,-26.0
499,-26.0
500,-26.0
501,-26.0
502,-65.61829
503,-38.778908
504,-19.934511
505,0.0050181337
506,17.375513
507,30.54258
508,39.050022
509,43.26224
510,43.68133
511,40.73085
512,35.52292
513,30.236273
514,28.257679
515,32.54259
516,41.749584
517,50.31582
518,54.600952
519,54.976944
520,54.449764
521,54.80524
522,54.76393
523,53.129154
524,50.97805
525,50.884712
526,53.43362
527,55.115116
528,50.5202
529,29.356098
530,-2.1384895
531,-50.092407
532,-112.24453
533,-182.82867
534,-248.00957
535,-307.64114
536,-351.19922
537,-382.58075
538,-409.50278
539,-441.0585
540,1.9343386
541,-1.6191953
542,-20.710472
543,-9.892314
544,-28.703146
545,-31.63087
546,-18.150248
547,-17.810192
548,-15.356192
549,-25.804714
550,-8.329671
551,-0.75575596
552,-13.078903
553,-399.91583
554,-377.69238
555,-386.15738
556,-422.47333
557,-13.408227
558,-3.4194274
559,-29.541626
560,-36.65029
561,-44.37586
562,-50.811638
563,-45.790943
564,-26.0
565,-26.0
566,-41.0
567,-41.0
568,-26.0
569,-41.0
570,-41.0
571,-26.0
572,-26.0
573,-26.0
574,-41.0
575,-26.0
576,-41.0
577,-26.0
578,-26.0
579,-41.0
580,-26.0
581,-26.0
582,-41.0
583,-26.0
584,-26.0
585,-26.0
586,-26.0
587,-26.0
588,-26.0
589,-41.0
590,-26.0
591,-26.0
592,-41.0
593,-26.0
594,-41.0
595,-26.0
596,-65.61829
597,-38.777836
598,-19.924686
599,0.048543073
600,17.49433
601,30.777288
602,39.427177
603,43.81465
604,44.509197
605,42.038204
606,37.536304
607,33.059986
608,31.713106
609,36.07418
610,44.602905
611,51.976048
612,55.025692
613,54.60581
614,53.97272
615,54.6583
616,54.74403
617,52.511837
618,48.961685
619,47.317154
620,49.50004
621,53.448273
622,55.070564
623,50.081596
624,35.192833
625,4.0310287
626,-32.196278
627,-69.53231
628,-111.598
629,-145.98453
630,-168.81093
631,-183.3012
632,-195.4304
633,-212.01137
634,-240.07814
635,-283.7218
636,-340.94626
637,-407.18607
638,1.9619411
639,-16.009966
640,-2.865957
641,-3.1963644
642,-1.6922721
643,-13.185907
644,-436.28452
645,-304.62973
646,-222.47307
647,-181.7295
648,-167.98419
649,-176.39113
650,-205.37096
651,-255.42169
652,-328.06808
653,-429.96082
654,-7.6535225
655,-14.836452
656,-36.716213
657,-27.321062
658,-25.511574
659,-25.3844
660,-22.618164
661,-19.42886
662,-32.022232
663,-30.922974
664,-16.469887
665,-33.420666
666,-35.83725
667,-38.102707
668,-39.605843
669,-39.79538
670,-23.87584
671,-37.855183
672,-22.283869
673,-37.490406
674,-23.738688
675,-25.953281
676,-42.638954
677,-26.976257
678,-41.0
679,-41.0
680,-26.0
681,-26.0
682,-26.0
683,-26.0
684,-26.0
685,-26.0
686,-26.0
687,-41.0
688,-39.311813
689,-19.965082
690,-17.810692
691,-32.85015
692,-19.185051
693,-22.321373
694,-22.494898
695,-17.229286
696,-34.40683
697,-22.515985
698,-26.622189
699,-44.17966
700,-27.113056
701,-41.0
702,-26.0
703,-26.0
704,-26.0
705,-26.0
706,-26.0
707,-26.0
708,-26.0
709,-41.0
710,-26.0
711,-41.0
712,-26.0
713,-26.0
714,-26.0
715,-26.0
716,-26.0
717,-26.0
718,-26.0
719,-65.61829
720,-39.778103
721,-19.927444
722,0.032626256
723,17.441
724,30.65367
725,39.200302
726,43.439133
727,43.87606
728,40.918385
729,35.613113
730,30.056427
731,27.605053
732,31.327168
733,40.1558
734,48.797054
735,53.708603
736,55.020798
737,55.016876
738,54.55645
739,51.94975
740,46.19398
741,39.326538
742,35.824318
743,38.539352
744,45.52823
745,52.549076
746,55.13444
747,49.836395
748,35.12942
749,11.982587
750,-16.088602
751,-43.491013
752,-63.945385
753,-74.33018
754,-77.39903
755,-77.996574
756,-81.25665
757,-92.1165
758,-113.36847
759,-143.75284
760,-180.34143
761,-218.87671
762,-253.63782
763,-277.79883
764,-284.25803
765,-266.94647
766,-222.60081
767,-150.66335
768,-67.169205
769,-23.046991
770,3.1600356
771,10.174525
772,6.7810082
773,-6.7555676
774,-32.423683
775,-73.36419
776,-137.93028
777,-218.59872
778,-319.29828
779,-432.1031
780,-7.01372
781,-5.8435526
782,-7.161509
783,-21.24834
784,-19.448357
785,-2.7451546
786,-1.8221381
787,-17.22806
788,-3.9885883
789,-6.439546
790,-9.002092
791,-11.094495
792,-12.183483
793,-12.282916
794,-27.069965
795,-12.028337
796,-12.520954
797,-13.856782
798,-16.053385
799,-18.763416
800,-36.739555
801,-24.752773
802,-42.532475
803,-28.583685
804,-26.8366
805,-26.0
806,-26.0
807,-26.0
808,-25.617882
809,-22.665373
810,-17.588268
811,-30.132265
812,-13.206467
813,-26.96297
814,-26.644928
815,-12.586833
816,-15.232763
817,-30.56231
818,-11.213284
819,-27.798265
820,-15.42409
821,-19.056755
822,-23.559687
823,-28.728653
824,-30.482893
825,-26.101963
826,-26.0
827,-41.0
828,-26.0
829,-41.0
830,-41.0
831,-26.0
832,-26.0
833,-26.0
834,-26.0
835,-26.0
836,-41.0
837,-26.0
838,-26.0
839,-26.0
840,-26.0
841,-26.0
842,-41.0
843,-26.0
844,-26.0
845,-26.0
846,-26.0
847,-26.0
848,-26.0
849,-26.0
850,-26.0
851,-26.0
852,-26.0
853,-26.0
854,-41.0
855,-66.61829
856,-38.77905
857,-19.93475
858,0.011304828
859,17.41025
860,30.638739
861,39.240517
862,43.585606
863,44.22367
864,41.66736
865,37.07573
866,32.558838
867,31.277254
868,35.82995
869,44.603397
870,52.12039
871,55.086536
872,54.36719
873,53.44806
874,54.214905
875,54.934566
876,53.825462
877,51.553497
878,50.750374
879,52.70819
880,54.997784
881,53.302372
882,43.2461
883,16.65096
884,-17.505432
885,-62.43753
886,-108.449356
887,-158.32472
888,-198.86151
889,-225.88335
890,-243.11406
891,-257.2785
892,-275.99387
893,-307.04633
894,-354.82233
895,-416.96027
896,1.2858641
897,-2.3651974
898,-5.3423195
899,-7.1815324
900,-22.458298
901,-5.859475
902,-2.2369094
903,-15.706839
904,-384.12238
905,-295.4167
906,-251.4372
907,-237.6766
908,-249.14479
909,-284.06296
910,-342.67346
911,-426.1957
912,-6.870271
913,-13.888918
914,-36.42125
915,-28.65669
916,-49.519493
917,-30.78246
918,-41.7722
919,-41.0
920,-25.894615
921,-24.1017
922,-21.153875
923,-22.11809
924,-24.563303
925,-42.1993
926,-42.8009
927,-26.0
928,-26.0
929,-26.0
930,-26.0
931,-26.0
932,-26.0
933,-26.0
934,-26.0
935,-26.0
936,-26.0
937,-26.0
938,-41.0
939,-41.0
940,-26.0
941,-26.0
942,-26.0
943,-26.0
944,-26.0
945,-41.0
946,-26.0
947,-26.0
948,-26.0
949,-26.0
950,-25.345762
951,-25.031672
952,-26.719135
953,-25.934835
954,-40.001316
955,-25.204233
956,-26.973904
957,-26.0
958,-26.0
959,-26.0
960,-26.0
961,-41.0
962,-26.0
963,-26.0
964,-41.0
965,-41.0
966,-26.0
967,-65.61829
968,-39.77716
969,-19.919058
970,0.067614965
971,17.532663
972,30.832096
973,39.49034
974,43.87988
975,44.573395
976,42.09067
977,37.540947
978,32.951637
979,31.4221
980,35.587044
981,44.023468
982,51.505188
983,54.874336
984,54.86126
985,54.45221
986,54.907375
987,54.280346
988,51.039852
989,46.54208
990,44.45487
991,46.988094
992,52.003765
993,55.1396
994,51.77715
995,33.340538
996,8.300026
997,-27.128292
998,-63.831333
999,-105.18838
1000,-138.54747
1001,-159.83028
1002,-172.09349
1003,-181.17448
1004,-193.69385
1005,-216.36359
1006,-252.95726
1007,-301.48093
1008,-357.67862
1009,-415.74304
1010,-12.30109
1011,1.1325041
1012,0.97953
1013,-12.458491
1014,6.011845
1015,-352.03024
1016,-231.96944
1017,-158.0008
1018,-122.34858
1019,-110.70796
1020,-118.52706
1021,-144.63927
1022,-190.02351
1023,-256.71674
1024,-351.88977
1025,-18.21728
1026,-10.443741
1027,-17.40675
1028,-38.191307
1029,-36.737083
1030,-22.182882
1031,-20.068224
1032,-17.372656
1033,-15.272953
1034,-14.369283
1035,-30.077015
1036,-17.219828
1037,-19.89809
1038,-37.479176
1039,-39.327232
1040,-39.857212
1041,-24.231499
1042,-38.44531
1043,-38.07347
1044,-23.472307
1045,-24.927889
1046,-42.071342
1047,-27.590248
1048,-26.0
1049,-26.0
1050,-26.0
1051,-41.0
1052,-26.0
1053,-41.0
1054,-26.0
1055,-26.0
1056,-26.0
1057,-26.0
1058,-41.0
1059,-26.0
1060,-39.619583
1061,-21.357508
1062,-20.630377
1063,-22.284939
1064,-40.823814
1065,-41.02978
1066,-35.290684
1067,-22.942995
1068,-41.490875
1069,-43.4481
1070,-26.33495
1071,-41.0
1072,-26.0
1073,-41.0
1074,-26.0
1075,-26.0
1076,-41.0
1077,-26.0
1078,-26.0
1079,-26.0
1080,-66.61829
1081,-38.77918
1082,-19.935823
1083,0.0025652389
1084,17.375206
1085,30.549767
1086,39.068283
1087,43.289978
1088,43.71067
1089,40.73617
1090,35.437885
1091,29.944895
1092,27.62992
1093,31.533165
1094,40.506836
1095,49.173462
1096,53.963345
1097,55.08019
1098,55.00131
1099,54.80405
1100,52.853493
1101,48.03879
1102,42.138706
1103,39.26097
1104,41.958187
1105,48.23366
1106,53.909298
1107,54.61464
1108,46.994095
1109,29.60079
1110,3.494765
1111,-27.665907
1112,-58.0593
1113,-81.10846
1114,-93.511925
1115,-98.14969
1116,-100.13922
1117,-104.98606
1118,-118.06106
1119,-142.41847
1120,-176.69325
1121,-217.75455
1122,-261.11276
1123,-300.75116
1124,-329.45642
1125,-339.63617
1126,-324.58325
1127,-280.18317
1128,-203.83415
1129,-111.92698
1130,-57.263935
1131,-33.497883
1132,-27.259628
1133,-35.08019
1134,-56.92379
1135,-94.87314
1136,-151.99117
1137,-236.36743
1138,-339.97668
1139,-3.3762214
1140,-10.5253105
1141,-16.5712
1142,-15.53924
1143,-16.625515
1144,-30.221275
1145,-13.017564
1146,-11.1339445
1147,-10.234604
1148,-10.804959
1149,-12.751734
1150,-15.264591
1151,-17.729506
1152,-19.536985
1153,-20.13567
1154,-19.639965
1155,-33.913822
1156,-18.487791
1157,-18.712337
1158,-19.872639
1159,-21.931623
1160,-24.473373
1161,-42.242798
1162,-28.438131
1163,-26.618193
1164,-26.0
1165,-41.0
1166,-26.0
1167,-26.0
1168,-26.0
1169,-26.0
1170,-25.60417
1171,-22.261272
1172,-16.702005
1173,-29.775427
1174,-28.521542
1175,-13.178742
1176,-14.086529
1177,-31.699812
1178,-16.857256
1179,-12.225666
1180,-13.803322
1181,-16.38362
1182,-19.952776
1183,-24.382832
1184,-28.98161
1185,-29.79615
1186,-26.0
1187,-26.0
1188,-26.0
1189,-41.0
1190,-26.0
1191,-26.0
1192,-26.0
1193,-41.0
1194,-26.0
1195,-26.0
1196,-26.0
1197,-26.0
1198,-26.0
1199,-41.0
1200,-26.0
1201,-26.0
1202,-26.0
1203,-26.0
1204,-26.0
1205,-26.0
1206,-26.0
1207,-26.0
1208,-26.0
1209,-26.0
1210,-26.0
1211,-41.0
1212,-26.0
1213,-26.0
1214,-41.0
1215,-26.0
1216,-26.0
1217,-26.0
1218,-26.0
1219,-26.0
1220,-26.0
1221,-26.0
1222,-66.61829
1223,-39.77918
1224,-19.936907
1225,-0.004834613
1226,17.352686
1227,30.509659
1228,39.01717
1229,43.237057
1230,43.66392
1231,40.70907
1232,35.451847
1233,30.011513
1234,27.731016
1235,31.622192
1236,40.540012
1237,49.147526
1238,53.91952
1239,55.068443
1240,55.013386
1241,54.729458
1242,52.540028
1243,47.403103
1244,41.263756
1245,38.407654
1246,41.421165
1247,48.122787
1248,54.02219
1249,54.403114
1250,45.616924
1251,21.049747
1252,-8.227512
1253,-38.349277
1254,-73.0961
1255,-100.35724
1256,-116.40171
1257,-124.06898
1258,-128.6913
1259,-136.16608
1260,-152.33136
1261,-180.41986
1262,-218.66422
1263,-263.29242
1264,-309.10083
1265,-349.38608
1266,-376.38962
1267,-382.21527
1268,-360.20178
1269,-306.73642
1270,-219.99057
1271,-118.62814
1272,-62.259636
1273,-28.302591
1274,-17.167023
1275,-19.185753
1276,-33.253708
1277,-60.592567
1278,-103.661736
1279,-165.22104
1280,-252.22826
1281,-353.10196
1282,-3.0397966
1283,-8.346803
1284,-6.788025
1285,-7.7003694
1286,-6.4013286
1287,-4.254959
1288,-2.221056
1289,-0.9497701
1290,-0.9624389
1291,-17.27259
1292,-4.228739
1293,-21.271053
1294,-22.846998
1295,-8.463236
1296,-23.144762
1297,-22.524374
1298,-7.0558486
1299,-22.08496
1300,-22.90853
1301,-24.55941
1302,-11.738486
1303,-14.221848
1304,-16.80204
1305,-19.242039
1306,-21.276548
1307,-22.622854
1308,-38.010307
1309,-22.221708
1310,-20.20579
1311,-17.365875
1312,-14.396431
1313,-11.593577
1314,-9.098331
1315,-7.060779
1316,-5.6792274
1317,-20.212412
1318,-5.9849005
1319,-8.403804
1320,-8.97633
1321,-5.386029
1322,-6.6672697
1323,-9.069632
1324,-12.492799
1325,-16.759134
1326,-21.636032
1327,-41.8327
1328,-30.08714
1329,-43.18815
1330,-26.0
1331,-26.0
1332,-26.0
1333,-26.0
1334,-26.0
1335,-26.0
1336,-41.0
1337,-26.0
1338,-26.0
1339,-41.0
1340,-26.0
1341,-26.0
1342,-26.0
1343,-26.0
1344,-26.0
1345,-26.0
1346,-26.0
1347,-26.0
1348,-26.0
1349,-41.0
1350,-26.0
1351,-26.0
1352,-41.0
1353,-26.0
1354,-26.0
1355,-26.0
1356,-26.0
1357,-26.0
1358,-26.0
1359,-26.0
1360,-26.0
1361,-26.0
1362,-41.0
1363,-26.0
1364,-26.0
1365,-26.0
1366,-41.0
1367,-26.0
1368,-26.0
1369,-41.0
1370,-26.0
1371,-26.0
1372,-26.0
1373,-26.0
1374,-26.0
1375,-26.0
1376,-26.0
1377,-26.0
1378,-26.0
1379,-26.0
1380,-26.0
1381,-26.0
1382,-66.61829
1383,-38.77905
1384,-19.935228
1385,0.0076057413
1386,17.395712
1387,30.603603
1388,39.177334
1389,43.485992
1390,44.06351
1391,41.392548
1392,36.608322
1393,31.822432
1394,30.244293
1395,34.586796
1396,43.381676
1397,51.231815
1398,54.832333
1399,54.876728
1400,54.435192
1401,54.89414
1402,54.33225
1403,51.106617
1404,46.41336
1405,43.869385
1406,45.88778
1407,50.766346
1408,54.735065
1409,53.840714
1410,45.127563
1411,27.498426
1412,2.266114
1413,-26.811722
1414,-54.013546
1415,-73.08593
1416,-81.15962
1417,-81.36063
1418,-78.76793
1419,-78.53341
1420,-85.357155
1421,-101.61312
1422,-125.71164
1423,-154.601
1424,-184.13812
1425,-208.99199
1426,-223.03781
1427,-220.23013
1428,-195.94788
1429,-148.79758
1430,-81.922386
1431,-11.469775
1432,22.453865
1433,42.178913
1434,47.4625
1435,47.957825
1436,44.607475
1437,35.889008
1438,18.899769
1439,-9.7182045
1440,-57.821575
1441,-115.74376
1442,-183.57349
1443,-246.3517
1444,-300.38992
1445,-326.8774
1446,-321.78107
1447,-296.10327
1448,-263.9858
1449,-237.84058
1450,-227.1493
1451,-235.02774
1452,-256.53052
1453,-284.965
1454,-312.6726
1455,-331.58258
1456,-338.11813
1457,-336.5879
1458,-333.17844
1459,-334.0286
1460,-344.80838
1461,-368.40747
1462,-403.30292
1463,3.9730144
1464,1.3906425
1465,-1.105149
1466,-3.2813234
1467,-4.898491
1468,-5.7257657
1469,-5.5588546
1470,-4.2857237
1471,-2.0989947
1472,0.53273654
1473,3.3007925
1474,-9.02431
1475,-401.41342
1476,-362.39706
1477,-339.26
1478,-336.13812
1479,-358.3532
1480,-372.08444
1481,-339.7243
1482,-338.09305
1483,-360.41745
1484,-403.63467
1485,2.6608827
1486,-1.4884716
1487,-20.917036
1488,-25.298485
1489,-29.263535
1490,-17.437685
1491,-19.639687
1492,-20.985306
1493,-21.576336
1494,-21.49864
1495,-20.88482
1496,-20.08102
1497,-19.619608
1498,-19.859093
1499,-21.126015
1500,-38.727654
1501,-27.508543
1502,-29.071615
1503,-26.251186
1504,-26.0
1505,-26.0
1506,-41.0
1507,-26.0
1508,-26.0
1509,-26.0
1510,-26.0
1511,-26.0
1512,-26.0
1513,-26.0
1514,-26.0
1515,-26.0
1516,-41.0
1517,-26.0
1518,-26.0
1519,-26.0
1520,-26.0
1521,-26.0
1522,-26.0
1523,-26.0
1524,-26.0
1525,-41.0
1526,-26.0
1527,-26.0
1528,-26.0
1529,-26.0
1530,-26.0
1531,-26.0
1532,-26.0
1533,-26.0
1534,-26.0
1535,-26.0
1536,-26.0
1537,-26.0
1538,-26.0
1539,-26.0
1540,-26.0
1541,-41.0
1542,-26.0
1543,-26.0
1544,-26.0
1545,-26.0
1546,-26.0
1547,-26.0
1548,-26.0
1549,-26.0
1550,-26.0
1551,-26.0
1552,-26.0
1553,-26.0
1554,-26.0
1555,-26.0
1556,-26.0
1557,-26.0
1558,-26.0
1559,-26.0
1560,-26.0
1561,-26.0
1562,-26.0
1563,-26.0
1564,-26.0
1565,-41.0
1566,-26.0
1567,-26.0
1568,-26.0
1569,-26.0
1570,-26.0
1571,-41.0
1572,-26.0
1573,-26.0
1574,-41.0
1575,-41.0
1576,-26.0
1577,-26.0
1578,-41.0
1579,-26.0
1580,-26.0
1581,-26.0
1582,-41.0
1583,-41.0
1584,-26.0
1585,-26.0
1586,-26.0
1587,-26.0
1588,-26.0
1589,-26.0
1590,-65.61829
1591,-39.778778
1592,-19.933554
1593,0.007992721
1594,17.379654
1595,30.543205
1596,39.03625
1597,43.211708
1598,43.542774
1599,40.37948
1600,34.71364
1601,28.60578
1602,25.449244
1603,28.506239
1604,37.030163
1605,45.933697
1606,51.637577
1607,53.816685
1608,53.741333
1609,51.13867
1610,43.98971
1611,31.768368
1612,17.836897
1613,8.781697
1614,9.448721
1615,18.673326
1616,32.285896
1617,45.410286
1618,53.745415
1619,54.52754
1620,47.205585
1621,33.673847
1622,17.943352
1623,5.0098395
1624,-2.126193
1625,-4.740923
1626,-5.8688245
1627,-8.897926
1628,-17.269484
1629,-33.27315
1630,-56.49339
1631,-85.05628
1632,-115.703026
1633,-143.69197
1634,-163.18607
1635,-168.11662
1636,-153.52364
1637,-117.35902
1638,-62.250526
1639,-1.9565485
1640,26.218119
1641,42.941956
1642,46.565674
1643,45.48228
1644,39.538258
1645,26.301805
1646,2.1764376
1647,-41.64504
1648,-98.16585
1649,-172.33101
1650,-258.04492
1651,-343.5567
1652,-407.95944
1653,-445.1656
1654,4.9806333
1655,-419.71445
1656,-385.1417
1657,-355.91705
1658,-343.59714
1659,-352.10706
1660,-375.40356
1661,-405.3005
1662,-432.73337
1663,4.4706273
1664,4.780777
1665,-439.4387
1666,-426.95892
1667,-418.462
1668,-420.0251
1669,-434.38287
1670,3.7390487
1671,-13.02592
1672,0.13508835
1673,-1.5665545
1674,-2.9123724
1675,-3.684722
1676,-3.6810586
1677,-2.727631
1678,-0.7342168
1679,-12.882958
1680,5.4027786
1681,-399.0934
1682,-333.6598
1683,-276.77924
1684,-232.2008
1685,-202.5277
1686,-190.03592
1687,-197.87057
1688,-199.23865
1689,-166.09595
1690,-156.79056
1691,-165.30579
1692,-188.98312
1693,-226.09833
1694,-274.86078
1695,-332.68866
1696,-395.75906
1697,2.9532673
1698,0.25543702
1699,-1.6676698
1700,-2.8850749
1701,-3.4660492
1702,-3.4657507
1703,-2.966007
1704,-2.198181
1705,-1.5572407
1706,-1.3756273
1707,-1.9718994
1708,-18.630793
1709,-21.286686
1710,-9.369582
1711,-27.318377
1712,-14.557632
1713,-15.579146
1714,-15.435343
1715,-14.834329
1716,-14.2619505
1717,-14.052198
1718,-29.466396
1719,-15.516073
1720,-31.940393
1721,-18.594679
1722,-20.368914
1723,-22.139507
1724,-23.766796
1725,-25.096254
1726,-25.97183
1727,-26.246075
1728,-25.840385
1729,-24.956318
1730,-24.043346
1731,-23.348028
1732,-23.029545
1733,-38.245197
1734,-24.175774
1735,-26.05079
1736,-27.51607
1737,-26.571644
1738,-26.0
1739,-26.0
1740,-26.0
1741,-26.0
1742,-41.0
1743,-26.0
1744,-26.0
1745,-26.0
1746,-41.0
1747,-26.0
1748,-26.0
1749,-26.0
1750,-26.0
1751,-26.0
1752,-26.0
1753,-26.0
1754,-26.0
1755,-26.0
1756,-26.0
1757,-26.0
1758,-26.0
1759,-26.0
1760,-26.0
1761,-26.0
1762,-26.0
1763,-26.0
1764,-26.0
1765,-26.0
1766,-26.0
1767,-26.0
1768,-26.0
1769,-26.0
1770,-26.0
1771,-26.0
1772,-26.0
1773,-41.0
1774,-26.0
1775,-26.0
1776,-26.0
1777,-26.0
1778,-26.0
1779,-26.0
1780,-26.0
1781,-26.0
1782,-26.0
1783,-26.0
1784,-40.83228
1785,-25.773245
1786,-26.21642
1787,-26.0
1788,-26.0
1789,-41.0
1790,-26.0
1791,-26.0
1792,-26.0
1793,-41.0
1794,-26.0
1795,-26.0
1796,-26.0
1797,-26.0
1798,-26.0
1799,-26.0
1800,-41.0
1801,-26.0
1802,-26.0
1803,-26.0
1804,-26.0
1805,-26.0
1806,-26.0
1807,-26.0
1808,-26.0
1809,-41.0
1810,-26.0
1811,-26.0
1812,-26.0
1813,-26.0
1814,-26.0
1815,-26.0
1816,-26.0
1817,-26.0
1818,-26.0
1819,-26.0
1820,-26.0
1821,-26.0
1822,-26.0
1823,-26.0
1824,-26.0
1825,-26.0
1826,-26.0
1827,-26.0
1828,-26.0
1829,-26.0
1830,-26.0
1831,-26.0
1832,-26.0
1833,-26.0
1834,-26.0
1835,-26.0
1836,-26.0
1837,-41.0
1838,-26.0
1839,-26.0
1840,-26.0
1841,-26.0
1842,-26.0
1843,-26.0
1844,-26.0
1845,-26.0
1846,-41.0
1847,-26.0
1848,-26.0
1849,-26.0
1850,-41.0
1851,-26.0
1852,-41.0
1853,-26.0
1854,-26.0
1855,-26.0
1856,-26.0
1857,-26.0
1858,-26.0
1859,-26.0
1860,-26.0
1861,-26.0
1862,-26.0
1863,-26.0
1864,-26.0
1865,-26.0
1866,-26.0
1867,-26.0
1868,-26.0
1869,-38.53842
1870,-17.293797
1871,-13.670272
1872,-11.493032
1873,-9.410319
1874,-7.455153
1875,-5.607175
1876,-3.8511188
1877,-2.1619966
1878,-0.5139109
1879,1.0681535
1880,2.5001726
1881,3.7204528
1882,4.6738377
1883,5.302474
1884,-437.859
1885,-438.18674
1886,4.614356
1887,-11.702676
1888,2.59754
1889,3.070532
1890,1.3521484
1891,-1.119871
1892,-4.045626
1893,-22.075243
1894,-9.815947
1895,-26.8452
1896,-12.742847
1897,-12.148807
1898,-9.913122
1899,-6.4563985
1900,-2.5992076
1901,1.2394583
1902,4.7936687
1903,-421.3113
1904,-368.66473
1905,-333.9869
1906,-316.8448
1907,-317.6554
1908,-337.45923
1909,-375.31842
1910,-425.6547
1911,2.0347545
1912,-15.260226
1913,-1.4439429
1914,-1.4091719
1915,-0.5511473
1916,0.8115671
1917,2.446806
1918,4.172865
1919,-442.62323
1920,-406.26788
1921,-369.33337
1922,-331.84116
1923,-294.00708
1924,-256.87253
1925,-222.43333
1926,-192.4799
1927,-168.38779
1928,-151.243
1929,-141.9722
1930,-141.57452
1931,-151.5445
1932,-174.25797
1933,-213.38828
1934,-274.38263
1935,-370.0052
1936,-5.301056
1937,-15.497595
1938,-28.544569
1939,-38.982994
1940,-30.880356
1941,-26.0
1942,-26.0
1943,-26.0
1944,-26.0
1945,-26.0
1946,-26.0
1947,-26.0
1948,-26.0
1949,-26.0
1950,-26.0
1951,-41.0
1952,-26.0
1953,-26.0
1954,-26.0
1955,-26.0
1956,-26.0
1957,-26.0
1958,-26.0
1959,-26.0
1960,-26.0
1961,-26.0
1962,-26.0
1963,-26.0
1964,-25.268795
1965,-33.59567
1966,-12.149477
1967,-6.0889077
1968,0.4393143
1969,-384.47513
1970,-242.1861
1971,-134.78522
1972,-60.749336
1973,-14.631874
1974,16.946163
1975,32.399376
1976,42.065403
1977,48.766853
1978,53.363907
1979,54.863457
1980,51.734123
1981,43.5253
1982,31.208023
1983,17.08281
1984,4.420712
1985,-3.1573372
1986,-2.5573387
1987,7.662955
1988,18.355011
1989,18.931929
1990,18.481695
1991,16.953896
1992,14.387041
1993,10.789695
1994,6.1522264
1995,0.45377642
1996,-6.337722
1997,-14.267226
1998,-23.364914
1999,-33.46756
2000,-44.03823
2001,-54.300793
2002,-63.261616
2003,-69.80525
2004,-73.25085
2005,-73.76671
2006,-71.74344
2007,-66.60604
2008,-60.82724
2009,-53.99517
2010,-47.824337
2011,-40.004642
2012,-34.155895
2013,-30.689686
2014,-27.143381
2015,-22.873825
2016,-16.181896
2017,-5.806238
2018,8.544093
2019,25.220167
2020,40.777634
2021,51.71069
2022,55.169186
2023,49.289833
2024,28.239323
2025,1.8266081
2026,-34.65713
2027,-75.40901
2028,-129.20024
2029,-189.9658
2030,-257.56183
2031,-332.4694
2032,-415.64313
2033,-0.15971006
2034,-20.398363
2035,-11.022159
2036,-37.203896
2037,-44.192257
2038,-27.270113
2039,-22.617298
2040,-23.427979
2041,-24.346848
2042,-25.327503
2043,-26.318338
2044,-26.961395
2045,-26.62683
2046,-41.0
2047,-26.0
2048,-26.0
2049,-26.0
2050,-26.0
2051,-26.0
2052,-26.0
2053,-41.0
2054,-26.0
2055,-26.0
2056,-26.0
2057,-26.0
2058,-26.0
2059,-26.0
2060,-26.0
2061,-26.0
2062,-26.0
2063,-26.0
2064,-26.0
2065,-26.0
2066,-65.61829
2067,-39.778507
2068,-19.931398
2069,0.01630736
2070,17.39814
2071,30.56893
2072,39.059265
2073,43.21785
2074,43.50929
2075,40.25555
2076,34.40382
2077,27.979326
2078,24.389254
2079,27.004251
2080,35.26058
2081,44.185028
2082,50.15909
2083,52.577305
2084,52.141987
2085,47.96665
2086,37.804756
2087,21.220726
2088,2.014949
2089,-12.331548
2090,-15.884091
2091,-9.041586
2092,4.7093863
2093,21.11895
2094,36.30112
2095,47.498714
2096,53.570065
2097,55.125694
2098,54.13962
2099,53.03468
2100,53.140984
2101,53.979557
2102,54.672146
2103,54.926422
2104,54.947727
2105,54.61539
2106,53.2144
2107,50.20111
2108,45.84497
2109,41.410637
2110,38.859196
2111,40.06467
2112,45.547626
2113,52.73057
2114,48.10634
2115,25.225304
2116,-7.011797
2117,-29.307707
2118,-44.198906
2119,-44.48629
2120,-31.774197
2121,-10.170358
2122,14.851864
2123,37.427345
2124,47.075893
2125,49.658848
2126,39.503006
2127,25.775633
2128,6.5163355
2129,-4.274771
2130,-2.6768339
2131,7.0458975
2132,18.669746
2133,27.573841
2134,31.418701
2135,29.968248
2136,24.502483
2137,16.596666
2138,8.631475
2139,3.6905916
2140,3.3479006
2141,6.032642
2142,9.412289
2143,11.369925
2144,10.109211
2145,4.623593
2146,-4.8923817
2147,-17.911472
2148,-33.578247
2149,-50.508408
2150,-66.72984
2151,-79.77676
2152,-86.95629
2153,-85.74907
2154,-74.6233
2155,-54.879044
2156,-30.933207
2157,-7.1926003
2158,13.164639
2159,28.457357
2160,38.40393
2161,43.65429
2162,44.952007
2163,41.92744
2164,39.997253
2165,45.825096
2166,46.49771
2167,43.36503
2168,35.65583
2169,21.85559
2170,0.73026305
2171,-27.9337
2172,-62.872574
2173,-101.17343
2174,-138.59737
2175,-171.18394
2176,-196.90424
2177,-214.69305
2178,-224.01738
2179,-225.07254
2180,-219.9659
2181,-213.20515
2182,-209.6132
2183,-213.9159
2184,-230.59772
2185,-261.19458
2186,-301.64548
2187,-345.51752
2188,-384.73517
2189,-410.68243
2190,-419.44452
2191,-415.3193
2192,-404.69025
2193,-393.86423
2194,-388.4326
2195,-391.18494
2196,-401.0421
2197,-416.21048
2198,-434.89163
2199,-10.952342
2200,-11.921001
2201,2.320654
2202,1.8886596
2203,1.8923026
2204,2.4069514
2205,3.3596241
2206,-10.488539
2207,-441.8149
2208,-421.19357
2209,-406.20267
2210,-400.17322
2211,-406.5462
2212,-429.2828
2213,2.6277046
2214,-14.897474
2215,-0.38288483
2216,-1.2585299
2217,-1.9761187
2218,-2.5389636
2219,-2.950217
2220,-3.2125828
2221,-3.3282435
2222,-3.2988572
2223,-3.1256518
2224,-2.8253617
2225,-2.5024822
2226,-2.363043
2227,-2.5878808
2228,-3.353348
2229,-4.7983623
2230,-6.7704725
2231,-8.718823
2232,-10.1210785
2233,-10.489481
2234,-9.500322
2235,-7.5226645
2236,-5.563199
2237,-4.2577677
2238,-4.1175056
2239,-5.618963
2240,-8.659821
2241,-12.266373
2242,-15.4702215
2243,-32.243748
2244,-16.762936
2245,-14.529467
2246,-12.310263
2247,-11.091012
2248,-11.53045
2249,-29.251505
2250,-19.013315
2251,-24.150133
2252,-27.900986
2253,-28.28863
2254,-24.015156
2255,-16.775526
2256,-14.88953
2257,-9.02212
2258,-3.9269404
2259,0.30761576
2260,-421.78912
2261,-387.15787
2262,-415.37158
2263,-6.7582726
2264,-14.724348
2265,-8.3689375
2266,-7.2822156
2267,-5.2192206
2268,-2.6239367
2269,0.18172689
2270,2.9470794
2271,5.439735
2272,-417.3568
2273,-387.70193
2274,-378.10135
2275,-389.97693
2276,-420.98486
2277,2.7992435
2278,-0.5169081
2279,-4.1344657
2280,-7.7351327
2281,-10.897584
2282,-13.176275
2283,-14.140715
2284,-13.533377
2285,-11.759415
2286,-9.818689
2287,-8.32258
2288,-7.705679
2289,-8.321967
2290,-9.957227
2291,-11.643786
2292,-27.550415
2293,-11.92186
2294,-9.282609
2295,-5.138772
2296,-15.700628
2297,3.485146
2298,7.078127
2299,-380.3061
2300,-342.02576
2301,-324.7822
2302,-324.56073
2303,-338.60846
2304,-364.80728
2305,-400.9768
2306,-444.2997
2307,-13.328157
2308,-15.558947
2309,-2.3416054
2310,-3.4396236
2311,-3.6375864
2312,-2.7577076
2313,-0.67059296
2314,4.855642
2315,-366.47665
2316,-305.0945
2317,-297.75583
2318,-328.2984
2319,-390.77942
2320,1.3357849
2321,-9.426042
2322,-10.000619
2323,-14.539474
2324,-17.206932
2325,-32.867634
2326,-17.370424
2327,-16.400333
2328,-15.405919
2329,-14.670901
2330,-14.2264385
2331,-28.900509
2332,-28.620916
2333,-13.3548975
2334,-13.064555
2335,-12.605122
2336,-11.720375
2337,-25.27878
2338,-8.223764
2339,-5.554937
2340,-2.4111066
2341,0.9681401
2342,4.4536743
2343,-420.36188
2344,-350.89432
2345,-289.39807
2346,-236.27216
2347,-191.34209
2348,-154.1329
2349,-123.94831
2350,-99.78054
2351,-80.355545
2352,-64.52616
2353,-51.32838
2354,-40.00705
2355,-30.25723
2356,-22.28042
2357,-16.3178
2358,-12.578954
2359,-11.303708
2360,-12.833285
2361,-17.691898
2362,-26.678083
2363,-40.969753
2364,-54.050453
2365,-59.598953
2366,-77.17431
2367,-105.3637
2368,-142.76009
2369,-186.8474
2370,-233.5331
2371,-277.08698
2372,-310.49783
2373,-326.26337
2374,-318.36612
2375,-287.28848
2376,-241.80202
2377,-191.74457
2378,-145.18501
2379,-107.56954
2380,-80.88754
2381,-64.40024
2382,-57.36665
2383,-59.85142
2384,-72.73945
2385,-96.2726
2386,-128.01996
2387,-163.5147
2388,-196.27419
2389,-218.70432
2390,-226.25768
2391,-220.51611
2392,-205.06314
2393,-183.74063
2394,-160.0224
2395,-135.99167
2396,-112.077354
2397,-88.429665
2398,-65.25458
2399,-42.891342
2400,-22.102953
2401,-3.9885507
2402,10.730614
2403,21.811491
2404,29.366915
2405,33.68692
2406,34.975857
2407,33.00335
2408,26.7464
2409,13.985855
2410,-9.156549
2411,-48.742443
2412,-118.60725
2413,-221.02615
2414,-372.34018
2415,-8.494816
2416,-13.740708
2417,-10.806386
2418,-10.628668
2419,-9.146815
2420,-7.125036
2421,-5.1172805
2422,-3.5468478
2423,-2.810529
2424,-18.261583
2425,-4.8131747
2426,-6.7733526
2427,-8.512902
2428,-9.399555
2429,-8.902326
2430,-7.1985083
2431,-20.196093
2432,-3.449766
2433,-2.3458683
2434,-2.189902
2435,-2.7785037
2436,-3.260512
2437,-2.937075
2438,-1.2579824
2439,2.1088133
2440,7.009545
2441,-342.3019
2442,-228.4078
2443,-122.950584
2444,-37.09969
2445,20.98888
2446,47.666218
2447,45.212395
2448,21.206331
2449,-13.318823
2450,-43.35953
2451,-74.991196
2452,-103.93487
2453,-133.66914
2454,-169.20653
2455,-213.98788
2456,-266.81973
2457,-324.37936
2458,-382.0489
2459,-434.02847
2460,-472.69794
2461,-494.21243
2462,-489.3271
2463,-454.4537
2464,-415.9227
2465,-412.23508
2466,-413.14966
2467,-418.5723
2468,-427.23587
2469,-441.94138
2470,-458.54715
2471,-480.96207
2472,-506.13812
2473,-534.07306
2474,-567.7376
2475,-603.6026
2476,-641.21136
2477,4.1596346
2478,2.758775
2479,1.610761
2480,0.7575007
2481,0.16248097
2482,-0.20847644
2483,-0.3815452
2484,-0.38447928
2485,-0.25899714
2486,-0.06693385
2487,0.12365968
2488,0.2399281
2489,0.22391613
2490,0.13126783
2491,0.17673324
2492,0.58359146
2493,1.5670644
2494,3.3162482
2495,-654.28394
2496,-582.2902
2497,-503.10452
2498,-422.18784
2499,-344.10495
2500,-271.88193
2501,-206.92378
2502,-149.97086
2503,-101.35778
2504,-60.978363
2505,-28.087408
2506,-1.4993367
2507,19.698582
2508,36.01621
2509,47.563873
2510,54.03356
2511,54.65775
2512,48.14571
2513,32.59632
2514,17.152893
2515,19.26541
2516,19.807373
2517,19.194462
2518,17.667841
2519,15.445771
2520,12.751627
2521,9.831365
2522,6.962051
2523,4.451256
2524,2.5424047
2525,0.9589727
2526,-1.4023097
2527,-5.944785
2528,-14.37947
2529,-28.85187
2530,-51.179283
2531,-81.6407
2532,-119.47439
2533,-162.83646
2534,-208.57909
2535,-252.06996
2536,-287.2734
2537,-307.58008
2538,-306.82535
2539,-281.5833
2540,-237.15642
2541,-188.14404
2542,-147.50395
2543,-124.15978
2544,-124.44699
2545,-150.93932
2546,-199.80727
2547,-264.13916
2548,-332.58957
2549,-389.966
2550,-426.64838
2551,4.4603486
2552,4.010704
2553,3.270008
2554,1.7850381
2555,-0.5763689
2556,-3.5166042
2557,-6.7596836
2558,-10.039888
2559,-13.063159
2560,-15.512016
2561,-17.062155
2562,-17.416815
2563,-16.356354
2564,-15.202921
2565,-15.54808
2566,-15.368063
2567,-15.3068495
2568,-15.418734
2569,-15.730566
2570,-16.24595
2571,-16.953348
2572,-17.832977
2573,-18.863485
2574,-19.992777
2575,-20.962322
2576,-21.29035
2577,-20.682182
2578,-19.000668
2579,-16.256882
2580,-12.702716
2581,-8.692887
2582,-4.3331623
2583,0.38023037
2584,0.44143334
2585,-388.8249
2586,-287.50552
2587,-205.20993
2588,-138.95287
2589,-98.008606
2590,-73.39707
2591,-58.774525
2592,-48.89862
2593,-39.61618
2594,-27.815823
2595,-12.982399
2596,2.5171912
2597,16.401524
2598,27.297298
2599,34.72802
2600,39.029644
2601,40.921974
2602,40.828735
2603,38.77203
2604,34.41802
2605,27.214014
2606,16.59525
2607,2.0619874
2608,-16.714384
2609,-39.782864
2610,-66.83216
2611,-97.13767
2612,-129.54321
2613,-162.4824
2614,-133.74396
2615,-30.937103
2616,19.180237
2617,40.309372
2618,52.732544
2619,54.679867
2620,54.96106
2621,54.94873
2622,54.932262
2623,54.865738
2624,54.544537
2625,53.518116
2626,51.49146
2627,48.817158
2628,46.5859
2629,46.11902
2630,47.624004
2631,49.76269
2632,51.316036
2633,51.65172
2634,50.11845
2635,45.453983
2636,36.674835
2637,24.22438
2638,10.727688
2639,0.50326914
2640,-3.2848907
2641,-1.0884814
2642,5.114094
2643,13.111563
2644,21.023579
2645,27.754532
2646,32.98691
2647,36.644344
2648,38.70657
2649,39.176704
2650,38.335754
2651,37.012955
2652,36.255894
2653,37.17539
2654,40.518894
2655,45.739857
2656,50.956497
2657,54.38369
2658,54.97359
2659,52.634663
2660,48.242268
2661,43.43757
2662,40.215496
2663,40.30369
2664,34.51255
2665,1.36208
2666,-15.81475
2667,-27.023214
2668,-27.874422
2669,-21.707533
2670,-12.608799
2671,-4.2457128
2672,0.48936972
2673,-0.9725597
2674,-11.6958475
2675,-34.341873
2676,-68.38165
2677,-110.13497
2678,-152.27399
2679,-185.06017
2680,-203.16708
2681,-211.11156
2682,-216.61441
2683,-227.92305
2684,-252.70917
2685,-291.69467
2686,-332.26974
2687,-355.8918
2688,-342.83557
2689,-280.8946
2690,-188.5156
2691,-92.11072
2692,-22.288136
2693,14.863773
2694,31.412533
2695,24.776245
2696,0.33145118
2697,-48.604065
2698,-105.840645
2699,-154.72307
2700,-190.0285
2701,-206.75351
2702,-211.79785
2703,-213.69449
2704,-220.7048
2705,-237.4422
2706,-262.91534
2707,-294.7928
2708,-330.3328
2709,-366.20087
2710,-398.45877
2711,-422.69943
2712,-434.33517
2713,-429.0401
2714,-388.36038
2715,-323.55063
2716,-304.61972
2717,-317.5289
2718,-354.6375
2719,-409.3172
2720,2.175184
2721,-0.9498193
2722,-3.0059884
2723,-3.3631303
2724,-1.6576988
2725,1.5434711
2726,4.879128
2727,-421.73474
2728,-389.77325
2729,-397.1642
2730,3.7713418
2731,-0.9900264
2732,-5.663696
2733,-8.780451
2734,-9.034977
2735,-6.671382
2736,-3.5929065
2737,-0.9839971
2738,0.41262853
2739,-0.061101157
2740,-2.471518
2741,-5.9989367
2742,-9.86279
2743,-13.206391
2744,-15.164742
2745,-15.546373
2746,-15.079691
2747,-14.299517
2748,-13.55732
2749,-13.108193
2750,-12.982341
2751,-12.998641
2752,-13.081478
2753,-13.192058
2754,-13.289024
2755,-13.32524
2756,-13.248118
2757,-13.00816
2758,-12.558663
2759,-11.855771
2760,-10.859161
2761,-9.532308
2762,-7.842142
2763,-5.7581053
2764,-5.207135
2765,-7.4052606
2766,-8.004579
2767,-8.522482
2768,-8.967217
2769,-9.34694
2770,-9.6697
2771,-9.943432
2772,-10.17597
2773,-10.375025
2774,-10.547563
2775,-10.696823
2776,-10.821858
2777,-10.9231205
2778,-11.001692
2779,-11.059728
2780,-11.104977
2781,-11.151318
2782,-11.210459
2783,-11.293137
2784,-11.399357
2785,-11.469747
2786,-11.378976
2787,-11.028177
2788,-10.333455
2789,-9.245639
2790,-7.869417
2791,-6.4584103
2792,-5.183206
2793,-4.1854672
2794,-3.5690436
2795,-3.202804
2796,-2.6808262
2797,-1.6777724
2798,0.08458609
2799,2.798334
2800,6.326469
2801,-374.65192
2802,-301.0558
2803,-235.16489
2804,-181.11917
2805,-139.61342
2806,-108.45636
2807,-85.42835
2808,-68.802475
2809,-57.24778
2810,-49.751823
2811,-45.549923
2812,-44.06159
2813,-44.83472
2814,-66.292564
2815,-133.58472
2816,-175.53438
2817,-203.14903
2818,-211.69148
2819,-204.33917
2820,-185.74564
2821,-160.94493
2822,-134.59476
2823,-110.55065
2824,-91.55691
2825,-78.514366
2826,-70.510574
2827,-66.55178
2828,-65.886055
2829,-67.96662
2830,-72.65186
2831,-80.35554
2832,-91.721275
2833,-107.566536
2834,-128.68109
2835,-154.4457
2836,-181.43164
2837,-204.71436
2838,-218.60318
2839,-217.79036
2840,-200.52646
2841,-170.24353
2842,-131.86726
2843,-90.31574
2844,-49.985977
2845,-14.365986
2846,14.21779
2847,34.718685
2848,47.344
2849,53.39105
2850,54.91523
2851,54.19124
2852,53.199726
2853,53.213448
2854,54.32219
2855,55.07965
2856,53.390347
2857,48.202892
2858,40.297398
2859,32.262844
2860,27.74692
2861,29.983305
2862,39.600025
2863,51.713085
2864,54.875526
2865,54.38395
2866,54.247196
2867,54.780655
2868,54.791763
2869,52.781345
2870,47.65725
2871,39.19509
2872,28.249588
2873,16.718485
2874,7.1530366
2875,1.6387354
2876,0.7889471
2877,4.332964
2878,11.471342
2879,20.937157
2880,30.825178
2881,39.05546
2882,44.535107
2883,47.089752
2884,46.744137
2885,43.16033
2886,35.95474
2887,25.207357
2888,12.2472925
2889,-0.2630696
2890,-9.986031
2891,-16.736124
2892,-21.299284
2893,-24.784935
2894,-28.336172
2895,-31.362335
2896,-36.02466
2897,-38.140976
2898,-37.49913
2899,-33.178463
2900,-25.620764
2901,-16.97229
2902,-9.390323
2903,-4.6136966
2904,-4.120913
2905,-9.241601
2906,-21.441526
2907,-43.17538
2908,-78.33137
2909,-131.56018
2910,-218.63675
2911,-336.85114
2912,-505.42566
2913,-4.6539435
2914,-1.0380808
2915,-501.60855
2916,-328.84372
2917,-234.89812
2918,-183.13235
2919,-164.69643
2920,-162.61754
2921,-167.67421
2922,-171.0576
2923,-163.81485
2924,-139.13008
2925,-99.351746
2926,-56.767525
2927,-21.708035
2928,0.7793214
2929,9.758256
2930,6.918498
2931,-4.377095
2932,-20.426588
2933,-35.5733
2934,-42.569386
2935,-37.70683
2936,-24.365294
2937,-7.6860228
2938,8.035652
2939,20.223675
2940,28.699892
2941,35.004704
2942,40.410408
2943,45.605167
2944,50.518173
2945,54.03131
2946,55.101093
2947,54.35493
2948,53.64484
2949,54.298645
2950,54.87129
2951,51.919212
2952,43.69157
2953,32.055244
2954,21.984095
2955,17.660727
2956,18.817234
2957,23.141832
2958,28.146044
2959,31.83422
2960,32.706223
2961,29.082497
2962,17.753073
2963,-8.048358
2964,-20.417202
2965,11.076886
2966,13.80371
2967,-2.7286923
2968,-40.866825
2969,-109.43646
2970,-197.50826
2971,-300.9744
2972,-401.9203
2973,-470.79187
2974,-493.5646
2975,-459.632
2976,-390.0683
2977,-310.59845
2978,-241.63371
2979,-195.6512
2980,-174.48376
2981,-171.1025
2982,-178.71162
2983,-191.31041
2984,-203.12547
2985,-211.1309
2986,-217.10092
2987,-224.01228
2988,-234.99318
2989,-253.00339
2990,-278.6249
2991,-308.17178
2992,-336.31418
2993,-356.9302
2994,-364.28662
2995,-357.72125
2996,-344.19186
2997,-332.03482
2998,-329.13757
2999,-341.62076
3000,-375.52396
3001,-423.98425
3002,-481.82156
3003,-541.31274
3004,-593.5142
3005,-631.57635
3006,-653.5794
3007,-659.2768
3008,-649.0138
3009,-623.67505
3010,-584.62305
3011,-533.6385
3012,-472.86127
3013,-404.7352
3014,-350.48355
3015,-337.06888
3016,-349.98343
3017,-382.35742
3018,-432.11542
3019,-495.99954
3020,-569.82324
3021,-648.03784
3022,2.0551956
3023,-0.39058757
3024,-1.9845774
3025,-2.7867486
3026,-3.2530925
3027,-3.8680217
3028,-5.101379
3029,-7.3524785
3030,-10.595145
3031,-14.211861
3032,-17.542063
3033,-19.949965
3034,-20.888718
3035,-20.314198
3036,-18.865515
3037,-17.218172
3038,-16.015627
3039,-15.819771
3040,-16.720394
3041,-18.15857
3042,-19.533937
3043,-20.272127
3044,-19.881453
3045,-18.349888
3046,-16.318247
3047,-14.461547
3048,-13.424971
3049,-13.766062
3050,-15.52782
3051,-18.042685
3052,-20.594477
3053,-22.49427
3054,-23.118172
3055,-22.219425
3056,-20.064594
3057,-16.948067
3058,-13.140144
3059,-8.909447
3060,-4.5230246
3061,-0.2463802
3062,3.6561763
3063,-633.5781
3064,-632.2616
3065,0.8807138
3066,-0.88369733
3067,-0.75583345
3068,0.7761743
3069,3.2337751
3070,-649.55444
3071,-582.54736
3072,-526.5041
3073,-493.06818
3074,-486.02597
3075,-506.66763
3076,-545.21954
3077,-588.94025
3078,-623.3973
3079,-634.67163
3080,-620.27606
3081,-595.21106
3082,-577.4981
3083,-584.34
3084,-631.8129
3085,1.8619496
3086,-3.064786
3087,-7.566226
3088,-10.51155
3089,-10.920504
3090,-8.641105
3091,-4.641586
3092,0.050828524
3093,4.467517
3094,-614.93225
3095,-569.8274
3096,-554.89813
3097,-562.3276
3098,-585.6587
3099,-619.0253
3100,-658.0198
3101,3.2278626
3102,1.4460802
3103,-0.26398134
3104,-1.823162
3105,-3.147835
3106,-4.1479816
3107,-4.7335
3108,-4.81482
3109,-4.3028145
3110,-3.1087897
3111,-1.1446332
3112,1.6769636
3113,5.442093
3114,-616.58124
3115,-651.56616
3116,4.797132
3117,4.959837
3118,-651.3087
3119,-625.7401
3120,-592.5779
3121,-554.91534
3122,-515.6394
3123,-477.3459
3124,-442.3421
3125,-412.82477
3126,-391.0215
3127,-379.08963
3128,-379.29422
3129,-393.668
3130,-420.87094
3131,-453.52057
3132,-481.9413
3133,-495.45865
3134,-484.84897
3135,-451.17004
3136,-409.373
3137,-375.43912
3138,-363.19446
3139,-384.7467
3140,-444.41574
3141,-531.3874
3142,-627.2491
3143,2.6793573
3144,1.5171356
3145,2.587034
3146,5.1444845
3147,-598.31836
3148,-527.9381
3149,-474.88153
3150,-445.3824
3151,-436.78345
3152,-445.798
3153,-470.10202
3154,-507.8284
3155,-556.96295
3156,-614.8464
3157,3.9851012
3158,1.3664347
3159,-0.9924466
3160,-2.9175382
3161,-4.2355423
3162,-4.774017
3163,-4.3615017
3164,-2.6709847
3165,-0.8759877
3166,-1.7411187
3167,-4.2735333
3168,-8.038542
3169,-12.593609
3170,-17.49181
3171,-22.285542
3172,-26.528963
3173,-29.77916
3174,-31.655527
3175,-32.125134
3176,-31.627226
3177,-30.624947
3178,-29.559355
3179,-28.828264
3180,-28.580002
3181,-28.622662
3182,-28.746841
3183,-28.758535
3184,-28.492104
3185,-27.944729
3186,-27.335394
3187,-26.894876
3188,-26.84366
3189,-27.366451
3190,-28.444988
3191,-29.784382
3192,-31.07388
3193,-32.014824
3194,-32.344677
3195,-32.0077
3196,-31.229416
3197,-30.24984
3198,-29.296652
3199,-28.567598
3200,-28.0852
3201,-27.632215
3202,-26.977537
3203,-25.899536
3204,-24.208115
3205,-21.899088
3206,-19.221498
3207,-16.437899
3208,-13.79994
3209,-11.55979
3210,-9.970534
3211,-9.286769
3212,-9.7652445
3213,-11.665399
3214,-12.3817215
3215,-9.291063
3216,-7.7896004
3217,-6.857239
3218,-6.3275
3219,-6.0329337
3220,-5.804968
3221,-5.474099
3222,-4.8703327
3223,-3.8236113
3224,-2.2059476
3225,-0.13366583
3226,1.9429847
3227,3.5533864
3228,4.2401905
3229,3.629679
3230,1.8515779
3231,-0.2615735
3232,-1.8190734
3233,-1.9576371
3234,0.055297144
3235,4.2229958
3236,-583.5593
3237,-467.52505
3238,-369.75638
3239,-312.9466
3240,-292.34094
3241,-298.0488
3242,-320.51062
3243,-350.7121
3244,-379.48367
3245,-402.08707
3246,-422.12778
3247,-445.55447
3248,-478.90814
3249,-528.9624
3250,-599.2961
3251,3.4410708
3252,-0.5772222
3253,-4.475341
3254,-7.9679637
3255,-10.934672
3256,-13.481955
3257,-15.732058
3258,-17.797613
3259,-19.790728
3260,-21.823246
3261,-24.006838
3262,-26.453102
3263,-29.273615
3264,-31.667707
3265,-31.738157
3266,-29.434437
3267,-25.382107
3268,-25.035767
3269,-18.846722
3270,-12.263102
3271,-5.7294264
3272,0.3134317
3273,-565.86786
3274,-474.51373
3275,-422.45563
3276,-396.81012
3277,-390.7515
3278,-399.05936
3279,-417.30798
3280,-441.75873
3281,-469.37134
3282,-496.99298
3283,-521.13513
3284,-538.5095
3285,-547.5317
3286,-554.91583
3287,-562.42316
3288,-575.91235
3289,-599.78595
3290,-634.6854
3291,4.2895255
3292,2.758097
3293,1.7478673
3294,1.5406538
3295,2.1692202
3296,3.3252265
3297,4.6768365
3298,-648.58374
3299,-627.8161
3300,-619.22284
3301,-621.13965
3302,-631.08813
3303,-646.70685
3304,4.8251886
3305,3.9148254
3306,2.8774157
3307,1.6633557
3308,0.22597803
3309,-1.4814488
3310,-3.5058172
3311,-5.89401
3312,-8.693027
3313,-11.949839
3314,-14.335351
3315,-14.30326
3316,-14.104037
3317,-13.543831
3318,-12.731972
3319,-11.777439
3320,-10.788924
3321,-9.874983
3322,-9.144045
3323,-8.70458
3324,-8.643801
3325,-8.924652
3326,-9.33898
3327,-9.667264
3328,-9.696852
3329,-9.252938
3330,-8.380845
3331,-7.4270067
3332,-6.756157
3333,-6.720602
3334,-7.618568
3335,-9.427063
3336,-11.678512
3337,-13.873306
3338,-15.529045
3339,-16.22768
3340,-15.923118
3341,-15.07674
3342,-14.1788025
3343,-13.696742
3344,-14.039941
3345,-15.279789
3346,-17.022339
3347,-18.843311
3348,-20.336992
3349,-21.145098
3350,-21.185501
3351,-20.753185
3352,-20.164255
3353,-19.717907
3354,-19.685772
3355,-20.17958
3356,-21.092325
3357,-22.304035
3358,-23.70388
3359,-25.180813
3360,-26.62371
3361,-27.92142
3362,-28.962915
3363,-29.63712
3364,-30.846796
3365,-33.055496
3366,-33.614204
3367,-33.287155
3368,-32.33787
3369,-31.029089
3370,-29.62341
3371,-28.383934
3372,-27.574621
3373,-27.460682
3374,-28.258982
3375,-29.896502
3376,-31.902212
3377,-33.7825
3378,-35.061333
3379,-35.328228
3380,-34.549557
3381,-33.20351
3382,-31.793343
3383,-30.798677
3384,-30.64131
3385,-31.406624
3386,-32.71986
3387,-34.180958
3388,-35.40936
3389,-36.06973
3390,-36.091366
3391,-35.764046
3392,-35.395508
3393,-35.27695
3394,-35.665775
3395,-36.62292
3396,-37.941193
3397,-39.399147
3398,-40.786945
3399,-41.909412
3400,-42.657593
3401,-43.03997
3402,-43.07082
3403,-42.758926
3404,-42.13052
3405,-41.31429
3406,-40.578346
3407,-40.197327
3408,-40.439648
3409,-41.574184
3410,-43.870613
3411,-47.599525
3412,-58.032295
3413,-65.44055
3414,-77.46444
3415,-92.104385
3416,-97.21261
3417,-91.794266
3418,-87.25343
3419,-84.98071
3420,-76.361786
3421,-67.77765
3422,-60.60389
3423,-51.21248
3424,-50.76255
3425,-54.16358
3426,-59.61161
3427,-70.20998
3428,-69.134155
3429,-69.79396
3430,-66.947334
3431,-62.173183
3432,-57.12121
3433,-53.349873
3434,-52.239235
3435,-54.14462
3436,-58.025063
3437,-62.77076
3438,-67.33136
3439,-70.75681
3440,-72.687
3441,-73.56197
3442,-73.85596
3443,-74.00486
3444,-74.3878
3445,-75.056206
3446,-75.61715
3447,-75.65918
3448,-74.79191
3449,-72.68497
3450,-69.354675
3451,-65.286316
3452,-60.983517
3453,-56.92687
3454,-53.56265
3455,-51.14119
3456,-49.647724
3457,-49.05636
3458,-49.353733
3459,-50.52652
3460,-52.561356
3461,-55.444725
3462,-59.16295
3463,-63.702114
3464,-65.966064
3465,-63.208557
3466,-61.756096
3467,-60.526104
3468,-59.49528
3469,-58.640278
3470,-57.937794
3471,-57.36451
3472,-56.89711
3473,-56.512283
3474,-56.19428
3475,-55.97154
3476,-55.932446
3477,-56.16809
3478,-56.76686
3479,-57.80181
3480,-59.25626
3481,-60.991467
3482,-62.863018
3483,-64.73213
3484,-66.47983
3485,-68.10257
3486,-69.75362
3487,-71.59307
3488,-73.77366
3489,-76.42051
3490,-79.4971
3491,-82.74764
3492,-85.90698
3493,-88.72036
3494,-90.9486
3495,-92.44223
3496,-93.173325
3497,-93.11886
3498,-92.250046
3499,-90.56923
3500,-88.26
3501,-85.75105
3502,-83.48048
3503,-81.87458
3504,-81.3106
3505,-81.880615
3506,-83.28966
3507,-85.22694
3508,-87.39963
3509,-89.514725
3510,-91.27922
3511,-92.40018
3512,-92.58494
3513,-91.54091
3514,-90.064964
3515,-90.16614
3516,-91.704735
3517,-94.17192
3518,-97.18992
3519,-100.37688
3520,-103.34874
3521,-105.721115
3522,-107.11039
3523,-107.13467
3524,-105.49169
3525,-102.3338
3526,-98.42745
3527,-94.564026
3528,-91.506615
3529,-89.93465
3530,-90.03602
3531,-91.33181
3532,-93.31674
3533,-95.51729
3534,-97.48227
3535,-98.88991
3536,-99.59372
3537,-99.45459
3538,-98.32553
3539,-96.10395
3540,-92.94388
3541,-89.34605
3542,-85.8245
3543,-82.876175
3544,-80.943115
3545,-80.148895
3546,-80.185684
3547,-80.72796
3548,-81.4702
3549,-82.12319
3550,-82.49539
3551,-82.52779
3552,-82.166405
3553,-81.35089
3554,-80.03433
3555,-78.24939
3556,-76.13671
3557,-73.84093
3558,-71.501114
3559,-69.25622
3560,-67.24479
3561,-65.60522
3562,-64.47575
3563,-63.994568
3564,-63.206642
3565,-61.641106
3566,-62.130096
3567,-63.727253
3568,-66.06865
3569,-68.78919
3570,-71.52309
3571,-73.90432
3572,-75.566986
3573,-76.14547
3574,-75.34222
3575,-73.25324
3576,-70.50707
3577,-67.75321
3578,-65.615105
3579,-64.64122
3580,-64.944756
3581,-66.04766
3582,-67.445755
3583,-68.66043
3584,-69.250015
3585,-69.00413
3586,-68.02874
3587,-66.442894
3588,-64.35121
3589,-61.87267
3590,-59.205215
3591,-56.653286
3592,-54.52717
3593,-53.133713
3594,-52.73525
3595,-53.32624
3596,-54.53594
3597,-55.97705
3598,-57.27934
3599,-58.100815
3600,-58.26247
3601,-57.80627
3602,-56.784134
3603,-55.2376
3604,-53.218475
3605,-50.838554
3606,-48.290916
3607,-45.771996
3608,-43.474373
3609,-41.59049
3610,-40.31296
3611,-39.834667
3612,-40.349022
3613,-42.050083
3614,-43.514538
3615,-42.779934
3616,-42.02781
3617,-41.07
3618,-40.01456
3619,-38.969254
3620,-38.041622
3621,-37.339077
3622,-36.968903
3623,-37.03835
3624,-37.625927
3625,-38.64234
3626,-39.769306
3627,-40.67646
3628,-41.043507
3629,-40.594357
3630,-39.308517
3631,-37.512615
3632,-35.5494
3633,-33.745148
3634,-32.398636
3635,-31.650694
3636,-31.427042
3637,-31.642471
3638,-32.221134
3639,-33.082348
3640,-34.118492
3641,-35.18528
3642,-36.13638
3643,-36.82702
3644,-37.133797
3645,-37.057186
3646,-36.76627
3647,-36.43848
3648,-36.243565
3649,-36.33304
3650,-36.752384
3651,-37.402554
3652,-38.177044
3653,-38.975742
3654,-39.70835
3655,-40.34212
3656,-40.922775
3657,-41.499924
3658,-42.119675
3659,-42.828125
3660,-43.671417
3661,-44.69568
3662,-45.947094
3663,-47.47189
3664,-49.166782
3665,-50.073856
3666,-49.11153
3667,-47.01484
3668,-44.198616
3669,-41.076275
3670,-38.060085
3671,-35.561806
3672,-33.99325
3673,-33.767445
3674,-35.209232
3675,-38.118977
3676,-41.57638
3677,-44.619713
3678,-46.318775
3679,-45.882347
3680,-43.31475
3681,-39.6964
3682,-36.15337
3683,-33.75889
3684,-33.459045
3685,-35.46035
3686,-38.955116
3687,-43.077785
3688,-47.003498
3689,-49.98834
3690,-51.765232
3691,-52.715576
3692,-53.25142
3693,-53.75439
3694,-54.563847
3695,-55.775806
3696,-57.15556
3697,-58.453033
3698,-59.433403
3699,-59.903004
3700,-59.906933
3701,-59.814396
3702,-60.008743
3703,-60.858295
3704,-62.67784
3705,-65.46882
3706,-68.80599
3707,-72.24453
3708,-75.3592
3709,-77.72493
3710,-78.91734
3711,-78.512596
3712,-76.08781
3713,-71.22146
3714,-67.03551
3715,-67.42125
3716,-67.00966
3717,-66.682884
3718,-66.47315
3719,-66.41274
3720,-66.533905
3721,-66.86892
3722,-67.4501
3723,-68.3098
3724,-69.48306
3725,-71.02093
3726,-72.996025
3727,-75.48204
3728,-78.55151
3729,-82.23982
3730,-86.36491
3731,-90.449776
3732,-94.00529
3733,-96.55653
3734,-97.70406
3735,-97.48484
3736,-96.52628
3737,-95.47868
3738,-94.96379
3739,-95.52572
3740,-97.25749
3741,-99.640656
3742,-102.13235
3743,-104.21872
3744,-105.444786
3745,-105.697365
3746,-105.325874
3747,-104.69761
3748,-104.1577
3749,-104.01285
3750,-104.34738
3751,-104.94431
3752,-105.575066
3753,-106.02533
3754,-106.10824
3755,-105.79566
3756,-105.273735
3757,-104.73495
3758,-104.35958
3759,-104.32669
3760,-104.81526
3761,-106.004555
3762,-108.07463
3763,-111.206566
3764,-112.73772
3765,-110.286285
3766,-109.66589
3767,-109.715004
3768,-110.29887
3769,-111.28325
3770,-112.53422
3771,-113.91804
3772,-115.301216
3773,-116.550575
3774,-117.539505
3775,-118.17861
3776,-118.42876
3777,-118.252884
3778,-117.61168
3779,-116.48085
3780,-114.92362
3781,-113.12136
3782,-111.260025
3783,-109.51971
3784,-108.06268
3785,-106.9473
3786,-106.09143
3787,-105.40741
3788,-104.81414
3789,-104.23727
3790,-103.64165
3791,-103.0454
3792,-102.468605
3793,-101.92856
3794,-101.43985
3795,-101.001335
3796,-100.59062
3797,-100.18362
3798,-99.75665
3799,-99.287155
3800,-98.76112
3801,-98.17602
3802,-97.5283
3803,-96.81238
3804,-96.02447
3805,-95.17583
3806,-94.29844
3807,-93.42581
3808,-92.59146
3809,-91.8298
3810,-91.176155
3811,-90.666725
3812,-90.33845
3813,-90.22887
3814,-87.67311
3815,-86.25411
3816,-78.09637
3817,-76.498726
3818,-76.112595
3819,-76.58912
3820,-77.57886
3821,-78.73194
3822,-79.6983
3823,-80.12769
3824,-79.71945
3825,-78.46001
3826,-76.72477
3827,-74.904495
3828,-73.37115
3829,-72.455956
3830,-72.25443
3831,-72.54244
3832,-73.08245
3833,-73.65153
3834,-74.05738
3835,-74.28676
3836,-74.56929
3837,-75.14457
3838,-76.24067
3839,-78.038826
3840,-80.44786
3841,-83.00672
3842,-85.23857
3843,-86.68406
3844,-86.949295
3845,-86.01985
3846,-84.3947
3847,-82.592445
3848,-81.10647
3849,-80.37391
3850,-80.50588
3851,-81.17161
3852,-82.02249
3853,-82.730804
3854,-82.99816
3855,-82.69613
3856,-81.92644
3857,-80.8002
3858,-79.41776
3859,-77.879486
3860,-76.2858
3861,-74.73713
3862,-73.33401
3863,-72.17695
3864,-72.32382
3865,-74.11882
3866,-74.61732
3867,-74.53175
3868,-74.01283
3869,-73.21114
3870,-72.27708
3871,-71.36094
3872,-70.613045
3873,-70.18368
3874,-70.19125
3875,-70.56878
3876,-70.99765
3877,-71.148476
3878,-70.703705
3879,-69.399216
3880,-67.28012
3881,-64.810356
3882,-62.4708
3883,-60.722183
3884,-59.976036
3885,-60.357307
3886,-61.601326
3887,-63.42606
3888,-65.56699
3889,-67.77051
3890,-69.84816
3891,-71.70025
3892,-73.23103
3893,-74.34068
3894,-74.93609
3895,-74.9634
3896,-74.4216
3897,-73.31202
3898,-71.633446
3899,-69.40888
3900,-66.801865
3901,-64.16619
3902,-61.863235
3903,-60.245327
3904,-59.62551
3905,-60.087006
3906,-61.40058
3907,-63.322914
3908,-65.624725
3909,-68.07644
3910,-70.44829
3911,-72.510574
3912,-74.03375
3913,-74.78844
3914,-75.424736
3915,-76.93591
3916,-78.19493
3917,-79.40831
3918,-80.60478
3919,-81.813034
3920,-83.061806
3921,-84.37978
3922,-85.7957
3923,-87.33833
3924,-89.02858
3925,-90.842316
3926,-92.69406
3927,-94.49591
3928,-96.162926
3929,-97.616264
3930,-98.8128
3931,-99.75767
3932,-100.458
3933,-100.91857
3934,-101.148575
3935,-101.183174
3936,-101.09262
3937,-100.94848
3938,-100.82064
3939,-100.789986
3940,-101.00072
3941,-101.682915
3942,-103.07009
3943,-105.39174
3944,-108.81558
3945,-113.1504
3946,-117.7184
3947,-121.822845
3948,-124.79061
3949,-126.03471
3950,-125.46701
3951,-123.67466
3952,-121.270485
3953,-118.83496
3954,-116.89863
3955,-115.70257
3956,-115.096016
3957,-114.91335
3958,-115.00774
3959,-115.23223
3960,-115.43995
3961,-115.484024
3962,-115.21753
3963,-114.49366
3964,-116.262695
3965,-122.03316
3966,-123.606964
3967,-123.12385
3968,-121.12448
3969,-118.149254
3970,-114.73856
3971,-111.43265
3972,-108.77166
3973,-107.295616
3974,-107.47371
3975,-109.36292
3976,-112.46181
3977,-116.246826
3978,-120.22111
3979,-123.90919
3980,-126.9607
3981,-129.19437
3982,-130.43556
3983,-130.50136
3984,-129.26215
3985,-126.89818
3986,-124.009026
3987,-121.210335
3988,-119.09753
3989,-118.197205
3990,-118.63607
3991,-119.999725
3992,-121.85291
3993,-123.78628
3994,-125.42579
3995,-126.602356
3996,-127.42441
3997,-128.011
3998,-128.46783
3999,-128.89307
4000,-129.34094
4001,-129.80623
4002,-130.2814
4003,-130.76189
4004,-131.24101
4005,-131.70078
4006,-132.10782
4007,-132.4281
4008,-132.62836
4009,-132.67534
4010,-132.53574
4011,-132.17633
4012,-131.56384
4013,-130.66496
4014,-129.3849
4015,-128.103
4016,-127.716774
4017,-127.87724
4018,-128.44923
4019,-129.29753
4020,-130.28696
4021,-131.28232
4022,-132.14847
4023,-132.75015
4024,-132.97745
4025,-132.86696
4026,-132.6537
4027,-132.58032
4028,-132.87988
4029,-133.74763
4030,-135.15906
4031,-136.79199
4032,-138.3129
4033,-139.4026
4034,-139.78386
4035,-139.42285
4036,-138.61568
4037,-137.67097
4038,-136.88165
4039,-136.50906
4040,-136.63159
4041,-137.07988
4042,-137.675
4043,-138.25
4044,-138.66399
4045,-138.9273
4046,-139.25525
4047,-139.87096
4048,-140.98767
4049,-142.78996
4050,-145.29518
4051,-148.29466
4052,-151.57109
4053,-154.91798
4054,-158.13478
4055,-161.05417
4056,-163.55424
4057,-165.51468
4058,-166.81305
4059,-167.32677
4060,-166.93335
4061,-165.51004
4062,-162.93417
4063,-159.08295
4064,-157.18805
4065,-159.89705
4066,-159.99725
4067,-159.0799
4068,-157.42781
4069,-155.32399
4070,-153.0515
4071,-150.89282
4072,-149.12901
4073,-148.03981
4074,-147.85692
4075,-148.53825
4076,-149.67157
4077,-150.83087
4078,-151.60863
4079,-151.65506
4080,-150.95221
4081,-149.93137
4082,-149.04178
4083,-148.71169
4084,-149.30052
4085,-150.76485
4086,-152.51588
4087,-153.94423
4088,-154.46689
4089,-153.59428
4090,-151.37975
4091,-148.61198
4092,-146.10857
4093,-144.65192
4094,-144.91776
4095,-146.96269
4096,-150.00528
4097,-153.23213
4098,-155.87016
4099,-157.2289
4100,-157.09709
4101,-155.91261
4102,-154.13844
4103,-152.20663
4104,-150.51436
4105,-149.25586
4106,-148.35048
4107,-147.70702
4108,-147.24713
4109,-146.8926
4110,-146.56497
4111,-146.18579
4112,-145.67648
4113,-144.95847
4114,-143.18256
4115,-140.90663
4116,-141.82784
4117,-144.5488
4118,-148.51292
4119,-153.16365
4120,-157.9447
4121,-162.29999
4122,-165.67352
4123,-167.50916
4124,-167.34938
4125,-165.3116
4126,-162.29277
4127,-159.22102
4128,-156.98715
4129,-156.36691
4130,-157.47185
4131,-159.51549
4132,-161.67677
4133,-163.17801
4134,-163.35876
4135,-162.23796
4136,-160.75516
4137,-159.88661
4138,-160.56508
4139,-163.57748
4140,-168.86345
4141,-180.21619
4142,-186.38588
4143,-191.17871
4144,-188.5272
4145,-188.09663
4146,-185.54562
4147,-181.57355
4148,-176.83371
4149,-171.94771
4150,-167.349
4151,-163.2154
4152,-159.71432
4153,-157.02525
4154,-155.29587
4155,-154.48978
4156,-154.3214
4157,-154.49547
4158,-154.72874
4159,-154.73782
4160,-154.23941
4161,-152.94998
4162,-150.58595
4163,-146.86353
4164,-143.918
4165,-144.53786
4166,-145.18463
4167,-146.15747
4168,-147.2493
4169,-148.25311
4170,-148.96173
4171,-149.16808
4172,-148.66486
4173,-147.2448
4174,-144.75293
4175,-141.33879
4176,-137.56462
4177,-134.00856
4178,-131.22887
4179,-129.70197
4180,-129.42967
4181,-129.77124
4182,-130.06142
4183,-129.66583
4184,-128.04146
4185,-125.17619
4186,-121.77681
4187,-118.57752
4188,-116.277885
4189,-115.48555
4190,-116.27477
4191,-117.99764
4192,-119.97835
4193,-121.575645
4194,-122.22415
4195,-121.79876
4196,-120.77057
4197,-119.63338
4198,-118.85234
4199,-118.84434
4200,-119.745255
4201,-121.31067
4202,-123.28147
4203,-125.41692
4204,-127.49482
4205,-129.40102
4206,-131.16777
4207,-132.83293
4208,-134.4273
4209,-135.98174
4210,-137.527
4211,-139.094
4212,-140.71347
4213,-142.41634
4214,-144.57698
4215,-146.67639
4216,-146.61647
4217,-145.218
4218,-142.81273
4219,-139.7324
4220,-136.3078
4221,-132.86702
4222,-129.73549
4223,-127.23712
4224,-125.653725
4225,-125.025665
4226,-125.06656
4227,-125.47884
4228,-125.98198
4229,-126.33607
4230,-126.530365
4231,-126.864
4232,-127.64891
4233,-129.18301
4234,-131.70918
4235,-135.1469
4236,-138.97731
4237,-142.6654
4238,-145.69756
4239,-147.60971
4240,-148.22395
4241,-147.7495
4242,-146.41055
4243,-144.41278
4244,-141.97398
4245,-139.3823
4246,-137.02092
4247,-135.27672
4248,-134.53172
4249,-135.09302
4250,-136.834
4251,-139.0406
4252,-140.97629
4253,-141.93262
4254,-141.28165
4255,-138.86456
4256,-135.1579
4257,-130.66269
4258,-125.84941
4259,-121.18835
4260,-117.149345
4261,-114.20205
4262,-112.81581
4263,-113.46009
4264,-115.30086
4265,-116.35447
4266,-117.22195
4267,-117.86138
4268,-118.26936
4269,-118.44236
4270,-118.37676
4271,-118.068985
4272,-117.51522
4273,-116.711655
4274,-115.66435
4275,-114.43658
4276,-113.169426
4277,-112.00679
4278,-111.08886
4279,-110.53736
4280,-110.36743
4281,-110.44974
4282,-110.64938
4283,-110.83836
4284,-110.902885
4285,-110.8117
4286,-110.645485
4287,-110.48919
4288,-110.42234
4289,-110.510765
4290,-110.740326
4291,-110.98873
4292,-111.12943
4293,-111.04111
4294,-110.62322
4295,-109.89544
4296,-109.04053
4297,-108.24733
4298,-107.69702
4299,-107.55094
4300,-107.85564
4301,-108.50216
4302,-109.375595
4303,-110.3684
4304,-111.383
4305,-112.37982
4306,-113.3976
4307,-114.47817
4308,-115.659584
4309,-116.97996
4310,-118.47739
4311,-120.189926
4312,-122.1557
4313,-124.41285
4314,-128.03668
4315,-132.9007
4316,-135.05058
4317,-135.57646
4318,-134.75912
4319,-132.87914
4320,-130.21735
4321,-127.05455
4322,-123.671585
4323,-120.34937
4324,-117.358574
4325,-114.91136
4326,-113.140594
4327,-112.17625
4328,-112.15205
4329,-113.15838
4330,-115.03292
4331,-117.2711
4332,-119.3551
4333,-120.78349
4334,-121.11832
4335,-120.28964
4336,-118.725914
4337,-116.87452
4338,-115.15864
4339,-113.97343
4340,-113.55696
4341,-113.93587
4342,-115.12682
4343,-117.15601
4344,-120.006584
4345,-123.40917
4346,-126.75236
4347,-129.41351
4348,-130.78853
4349,-130.37405
4350,-128.24324
4351,-125.248924
4352,-122.275055
4353,-120.16905
4354,-119.67814
4355,-120.96347
4356,-123.39223
4357,-126.30143
4358,-129.06651
4359,-131.06313
4360,-131.6671
4361,-130.25429
4362,-126.20041
4363,-123.8813
4364,-116.82751
4365,-110.084625
4366,-108.30545
4367,-107.12573
4368,-106.40252
4369,-105.99215
4370,-105.75152
4371,-105.539314
4372,-105.216255
4373,-104.6455
4374,-103.70914
4375,-102.3888
4376,-100.799866
4377,-99.06429
4378,-97.29903
4379,-95.62165
4380,-94.147766
4381,-92.99002
4382,-92.26132
4383,-92.07502
4384,-92.50283
4385,-93.37371
4386,-94.18746
4387,-94.43056
4388,-93.604965
4389,-91.27834
4390,-87.40013
4391,-82.43636
4392,-81.87235
4393,-76.16766
4394,-70.75398
4395,-60.907387
4396,-56.694187
4397,-53.171997
4398,-50.40803
4399,-48.444176
4400,-47.175617
4401,-46.29815
4402,-45.49785
4403,-44.46941
4404,-42.943146
4405,-40.858646
4406,-38.439674
4407,-35.92275
4408,-33.53085
4409,-31.486649
4410,-30.012632
4411,-29.331657
4412,-29.667154
4413,-31.243624
4414,-32.544243
4415,-31.632162
4416,-31.122477
4417,-30.649086
4418,-30.23344
4419,-29.896946
4420,-29.66096
4421,-29.546803
4422,-29.5758
4423,-29.769226
4424,-30.140575
4425,-30.657862
4426,-31.227055
4427,-31.750702
4428,-32.13412
4429,-32.299995
4430,-32.272038
4431,-32.210667
4432,-32.28103
4433,-32.64075
4434,-33.431355
4435,-34.70202
4436,-36.376053
4437,-38.371105
4438,-40.611546
4439,-43.00908
4440,-45.395622
4441,-47.49388
4442,-49.02208
4443,-49.704742
4444,-49.35002
4445,-48.246277
4446,-47.33297
4447,-47.579144
4448,-49.926014
4449,-55.15167
4450,-68.05945
4451,-77.11365
4452,-85.70833
4453,-92.30158
4454,-90.523865
4455,-89.97467
4456,-86.56095
4457,-81.23988
4458,-79.904175
4459,-73.444374
4460,-67.74871
4461,-58.703804
4462,-57.197098
4463,-59.12066
4464,-60.473473
4465,-55.69944
4466,-51.629955
4467,-47.37851
4468,-43.07378
4469,-38.844093
4470,-34.81744
4471,-31.12159
4472,-27.884111
4473,-25.232563
4474,-23.280926
4475,-22.063164
4476,-21.50403
4477,-21.522259
4478,-22.041084
4479,-22.988188
4480,-24.319004
4481,-26.02716
4482,-28.10835
4483,-30.556555
4484,-33.33416
4485,-36.219997
4486,-38.741776
4487,-40.41381
4488,-40.76272
4489,-39.42027
4490,-36.62013
4491,-33.41087
4492,-30.876297
4493,-30.062298
4494,-31.858774
4495,-36.225742
4496,-46.838963
4497,-52.294052
4498,-51.24046
4499,-52.49952
4500,-50.869606
4501,-47.469604
4502,-43.473846
4503,-39.99052
4504,-38.018528
4505,-37.93623
4506,-39.27799
4507,-41.535793
4508,-44.237255
4509,-46.908306
4510,-49.074497
4511,-50.261925
4512,-49.99792
4513,-47.81163
4514,-45.32459
4515,-45.3026
4516,-45.62604
4517,-46.392174
4518,-47.447746
4519,-48.63927
4520,-49.813156
4521,-50.815735
4522,-51.49343
4523,-51.692783
4524,-51.295288
4525,-50.384525
4526,-49.31844
4527,-48.467144
4528,-48.188095
4529,-48.787807
4530,-50.274788
4531,-52.251213
4532,-54.29927
4533,-56.019344
4534,-57.06129
4535,-57.36261
4536,-57.25131
4537,-57.072697
4538,-57.153744
4539,-57.781727
4540,-59.013065
4541,-60.590134
4542,-62.240974
4543,-63.708008
4544,-64.75441
4545,-65.26402
4546,-65.28446
4547,-64.87048
4548,-64.069145
4549,-62.94092
4550,-61.624428
4551,-60.364235
4552,-59.409367
4553,-59.003994
4554,-59.357613
4555,-60.47716
4556,-62.09388
4557,-63.926453
4558,-65.70605
4559,-67.1638
4560,-68.03095
4561,-68.03908
4562,-66.92008
4563,-64.40653
4564,-62.32115
4565,-63.466564
4566,-65.47867
4567,-68.305885
4568,-71.636284
4569,-75.15741
4570,-78.55664
4571,-81.52151
4572,-83.73982
4573,-84.89968
4574,-84.76001
4575,-83.48922
4576,-81.81019
4577,-80.46735
4578,-80.17864
4579,-81.56208
4580,-84.65269
4581,-88.693474
4582,-92.89375
4583,-96.49986
4584,-98.84074
4585,-99.72362
4586,-99.603134
4587,-98.959
4588,-98.23982
4589,-97.85574
4590,-97.99484
4591,-98.54424
4592,-99.379395
4593,-100.390045
4594,-101.46714
4595,-102.5085
4596,-103.42115
4597,-104.11256
4598,-104.48975
4599,-104.48672
4600,-104.193695
4601,-103.91262
4602,-103.95367
4603,-104.61685
4604,-106.16152
4605,-108.61024
4606,-111.664696
4607,-115.01404
4608,-118.362724
4609,-121.41527
4610,-123.876236
4611,-125.45032
4612,-125.842186
4613,-124.75651
4614,-120.33977
4615,-117.68407
4616,-112.93186
4617,-104.68057
4618,-102.72593
4619,-101.863976
4620,-101.890785
4621,-102.6024
4622,-103.79471
4623,-105.26355
4624,-106.81399
4625,-108.30538
4626,-109.67062
4627,-110.84547
4628,-111.76212
4629,-112.37308
4630,-112.74852
4631,-113.11786
4632,-113.716736
4633,-114.773026
4634,-116.46883
4635,-118.7195
4636,-121.079185
4637,-123.08814
4638,-124.30399
4639,-124.35132
4640,-123.24313
4641,-121.518394
4642,-119.73617
4643,-118.43016
4644,-118.06563
4645,-118.70995
4646,-119.89187
4647,-121.11942
4648,-121.9265
4649,-121.90213
4650,-120.95619
4651,-119.432655
4652,-117.69218
4653,-116.07448
4654,-114.88616
4655,-114.24176
4656,-113.995544
4657,-113.99196
4658,-114.08777
4659,-114.13985
4660,-114.00503
4661,-113.540146
4662,-112.602005
4663,-111.04754
4664,-111.38471
4665,-115.563675
4666,-117.66704
4667,-118.9497
4668,-119.59437
4669,-119.783646
4670,-119.70012
4671,-119.52631
4672,-119.444824
4673,-119.638145
4674,-120.25923
4675,-121.28883
4676,-122.47471
4677,-123.55563
4678,-124.28158
4679,-124.44366
4680,-124.07199
4681,-123.52029
4682,-123.15455
4683,-123.32531
4684,-124.32398
4685,-126.09833
4686,-128.13101
4687,-129.88687
4688,-130.8531
4689,-130.60013
4690,-129.18185
4691,-127.306854
4692,-125.70867
4693,-125.08943
4694,-126.07941
4695,-128.89154
4696,-133.17381
4697,-143.55237
4698,-149.68042
4699,-156.19243
4700,-162.61331
4701,-168.31964
4702,-167.6827
4703,-170.08055
4704,-169.98392
4705,-167.40388
4706,-163.08473
4707,-162.80049
4708,-157.29106
4709,-152.29639
4710,-143.55626
4711,-141.81007
4712,-142.79674
4713,-147.25476
4714,-150.29088
4715,-146.276
4716,-144.677
4717,-143.8419
4718,-143.69035
4719,-144.14204
4720,-145.1166
4721,-146.53377
4722,-148.31323
4723,-150.37474
4724,-152.6325
4725,-154.96916
4726,-157.22432
4727,-159.23604
4728,-160.84439
4729,-161.90332
4730,-162.34738
4731,-162.2203
4732,-161.57004
4733,-160.43938
4734,-158.89723
4735,-157.16429
4736,-155.66693
4737,-154.83952
4738,-155.10655
4739,-156.81355
4740,-159.84793
4741,-163.47723
4742,-166.9454
4743,-169.52621
4744,-170.56776
4745,-169.84927
4746,-167.73431
4747,-164.60965
4748,-160.83455
4749,-156.76233
4750,-152.71115
4751,-148.95113
4752,-145.75049
4753,-143.37962
4754,-142.07025
4755,-141.82979
4756,-142.36194
4757,-143.35887
4758,-144.52733
4759,-145.57411
4760,-146.20601
4761,-146.12982
4762,-145.05229
4763,-142.68002
4764,-141.50873
4765,-144.10732
4766,-145.32372
4767,-146.14093
4768,-146.655
4769,-146.9621
4770,-147.15834
4771,-147.33987
4772,-147.60287
4773,-148.04343
4774,-148.7373
4775,-149.64154
4776,-150.55246
4777,-151.2603
4778,-151.56294
4779,-151.28966
4780,-150.45206
4781,-149.30873
4782,-148.12782
4783,-147.1657
4784,-146.65855
4785,-146.72552
4786,-147.32709
4787,-148.41765
4788,-149.95932
4789,-151.88797
4790,-153.9878
4791,-155.83755
4792,-157.00818
4793,-157.08037
4794,-155.71259
4795,-153.01605
4796,-149.71558
4797,-146.56018
4798,-144.26958
4799,-143.47748
4800,-144.31914
4801,-146.25502
4802,-148.71976
4803,-151.18048
4804,-153.15225
4805,-154.42694
4806,-155.17155
4807,-155.56752
4808,-155.77826
4809,-155.9673
4810,-156.29808
4811,-156.9341
4812,-158.03888
4813,-159.7758
4814,-165.02884
4815,-179.41411
4816,-184.12508
4817,-181.44373
4818,-181.90808
4819,-181.05692
4820,-179.42953
4821,-177.56587
4822,-176.0061
4823,-175.29036
4824,-175.86235
4825,-177.60522
4826,-179.6435
4827,-181.07195
4828,-181.02148
4829,-178.74811
4830,-174.23666
4831,-173.4616
4832,-167.43822
4833,-162.1353
4834,-153.4248
4835,-151.61668
4836,-151.26022
4837,-151.8753
4838,-153.0185
4839,-154.27066
4840,-155.35307
4841,-156.17696
4842,-156.66095
4843,-156.71448
4844,-156.26762
4845,-155.37025
4846,-154.23457
4847,-153.07907
4848,-152.11452
4849,-151.5263
4850,-151.35231
4851,-151.43083
4852,-151.59238
4853,-151.67702
4854,-151.54207
4855,-151.14478
4856,-150.57764
4857,-149.93837
4858,-149.31822
4859,-148.80853
4860,-148.50047
4861,-148.4854
4862,-148.85449
4863,-149.699
4864,-144.84738
4865,-135.9392
4866,-129.40106
4867,-121.40188
4868,-121.21419
4869,-123.11245
4870,-126.37128
4871,-130.2651
4872,-134.06827
4873,-137.05531
4874,-138.60237
4875,-138.67563
4876,-138.0399
4877,-137.4907
4878,-137.78516
4879,-139.58134
4880,-142.96098
4881,-147.2261
4882,-151.64888
4883,-155.53937
4884,-158.27805
4885,-159.65451
4886,-160.01202
4887,-159.71516
4888,-159.10223
4889,-158.49031
4890,-158.07253
4891,-157.87422
4892,-157.91422
4893,-158.21927
4894,-158.79977
4895,-159.57054
4896,-160.31694
4897,-160.81934
4898,-160.86435
4899,-160.28188
4900,-159.15433
4901,-157.90604
4902,-156.97472
4903,-156.78171
4904,-157.69101
4905,-159.73323
4906,-162.48792
4907,-165.51718
4908,-168.4049
4909,-170.73517
4910,-172.09183
4911,-172.05869
4912,-170.2192
4913,-166.15634
4914,-164.49278
4915,-169.70744
4916,-172.0425
4917,-173.32819
4918,-173.7136
4919,-173.34789
4920,-172.38025
4921,-170.96002
4922,-169.23656
4923,-167.35927
4924,-165.47392
4925,-163.70485
4926,-162.14738
4927,-160.89572
4928,-160.04538
4929,-159.6723
4930,-159.73872
4931,-160.05278
4932,-160.41663
4933,-160.63988
4934,-160.5561
4935,-160.13875
4936,-159.55054
4937,-158.96155
4938,-158.53282
4939,-158.39417
4940,-158.493
4941,-158.53014
4942,-158.1968
4943,-157.19586
4944,-155.28094
4945,-152.49979
4946,-149.29887
4947,-146.14032
4948,-143.46716
4949,-141.67853
4950,-140.91844
4951,-140.98582
4952,-141.66629
4953,-142.76207
4954,-144.08974
4955,-145.54953
4956,-147.15472
4957,-148.92287
4958,-150.86613
4959,-152.99675
4960,-155.32683
4961,-157.86859
4962,-160.63414
4963,-163.63562
4964,-165.72168
4965,-165.42657
4966,-164.44704
4967,-162.85449
4968,-160.91788
4969,-158.90631
4970,-157.08887
4971,-155.73468
4972,-155.11272
4973,-155.49199
4974,-157.07239
4975,-159.65279
4976,-162.48944
4977,-164.8178
4978,-165.89949
4979,-165.11363
4980,-162.52415
4981,-159.12332
4982,-155.94041
4983,-153.96072
4984,-154.0406
4985,-156.28929
4986,-159.80476
4987,-163.64638
4988,-166.92245
4989,-168.84007
4990,-169.17863
4991,-168.49316
4992,-167.36913
4993,-166.35521
4994,-165.94174
4995,-166.27849
4996,-167.05399
4997,-167.93878
4998,-168.62553
4999,-168.85191
5000,-168.61792
5001,-168.27864
5002,-168.20325
5003,-168.74387
5004,-170.20349
5005,-172.59943
5006,-175.56209
5007,-178.70703
5008,-181.66829
5009,-184.08003
5010,-185.57635
5011,-185.79115
5012,-184.35794
5013,-180.90991
5014,-176.67326
5015,-174.19763
5016,-172.68736
5017,-172.10107
5018,-172.36272
5019,-173.39627
5020,-175.12582
5021,-177.47543
5022,-180.36926
5023,-183.73141
5024,-187.45837
5025,-191.28522
5026,-194.7288
5027,-197.29727
5028,-198.50893
5029,-197.95834
5030,-195.68538
5031,-192.33449
5032,-188.57576
5033,-185.05124
5034,-182.34259
5035,-180.67938
5036,-179.81404
5037,-179.47981
5038,-179.4326
5039,-179.43643
5040,-179.30156
5041,-178.90108
5042,-178.11049
5043,-176.80226
5044,-174.8959
5045,-172.58435
5046,-170.43123
5047,-169.01508
5048,-168.89659
5049,-170.54472
5050,-173.89725
5051,-178.17279
5052,-182.5624
5053,-186.29199
5054,-188.65732
5055,-189.35948
5056,-188.64882
5057,-186.79788
5058,-184.05338
5059,-180.66219
5060,-176.87148
5061,-172.92853
5062,-169.08054
5063,-165.57483
5064,-163.98093
5065,-165.35074
5066,-166.40015
5067,-167.55345
5068,-168.69292
5069,-169.70088
5070,-170.45972
5071,-170.8517
5072,-170.75908
5073,-170.06418
5074,-168.69006
5075,-166.79774
5076,-164.87054
5077,-163.40456
5078,-162.88051
5079,-163.69383
5080,-165.74492
5081,-168.26431
5082,-170.4567
5083,-171.55894
5084,-170.94554
5085,-168.79211
5086,-166.36024
5087,-164.95517
5088,-165.83012
5089,-170.0374
5090,-182.46576
5091,-191.43109
5092,-200.19084
5093,-207.07974
5094,-205.62376
5095,-205.45732
5096,-202.7194
5097,-198.61275
5098,-194.27145
5099,-190.73051
5100,-188.44182
5101,-187.06615
5102,-186.23164
5103,-185.60403
5104,-184.87566
5105,-183.89229
5106,-182.70776
5107,-181.38426
5108,-179.97417
5109,-178.52985
5110,-177.10365
5111,-175.74799
5112,-174.51517
5113,-173.45758
5114,-175.23117
5115,-180.94127
5116,-183.12737
5117,-183.50716
5118,-182.38376
5119,-180.06068
5120,-176.84175
5121,-173.03119
5122,-168.93333
5123,-164.85266
5124,-161.07033
5125,-157.73184
5126,-154.79901
5127,-152.22636
5128,-149.97722
5129,-148.03442
5130,-146.49454
5131,-145.60797
5132,-145.63104
5133,-146.81267
5134,-149.3372
5135,-153.01465
5136,-157.14809
5137,-161.02159
5138,-163.94365
5139,-165.31941
5140,-165.11531
5141,-164.05817
5142,-162.90485
5143,-162.3762
5144,-163.10934
5145,-165.25491
5146,-168.30505
5147,-171.72646
5148,-175.01756
5149,-177.71753
5150,-179.60152
5151,-180.76405
5152,-181.31235
5153,-181.33824
5154,-180.9386
5155,-180.23839
5156,-179.40051
5157,-178.58968
5158,-177.96855
5159,-177.7
5160,-177.94667
5161,-178.87132
5162,-180.6365
5163,-183.40474
5164,-185.3947
5165,-184.59569
5166,-184.28961
5167,-183.97937
5168,-183.6934
5169,-183.46016
5170,-183.30818
5171,-183.26587
5172,-183.36171
5173,-183.62419
5174,-184.07248
5175,-184.6722
5176,-185.31624
5177,-185.89453
5178,-186.30052
5179,-186.43767
5180,-186.26784
5181,-185.832
5182,-185.17441
5183,-184.3355
5184,-183.35976
5185,-182.31549
5186,-181.30307
5187,-180.42416
5188,-179.77895
5189,-179.45749
5190,-179.49129
5191,-179.83252
5192,-180.43018
5193,-181.23708
5194,-182.19705
5195,-183.20198
5196,-184.07335
5197,-184.62979
5198,-184.69331
5199,-184.11008
5200,-182.86728
5201,-181.14333
5202,-179.12431
5203,-176.98744
5204,-174.89813
5205,-172.95343
5206,-171.15788
5207,-169.51222
5208,-168.02167
5209,-166.69135
5210,-165.5265
5211,-164.53226
5212,-163.71382
5213,-163.07632
5214,-162.1653
5215,-160.7922
5216,-160.2998
5217,-160.46957
5218,-161.32109
5219,-162.8741
5220,-165.14816
5221,-168.16292
5222,-171.93794
5223,-176.49278
5224,-186.80765
5225,-192.6346
5226,-198.41708
5227,-203.58664
5228,-202.58961
5229,-204.93336
5230,-205.48145
5231,-204.58054
5232,-202.59761
5233,-199.8772
5234,-196.76132
5235,-193.57529
5236,-190.62137
5237,-188.20099
5238,-186.61649
5239,-186.12347
5240,-186.7068
5241,-187.98445
5242,-189.5598
5243,-191.05386
5244,-192.11386
5245,-192.53908
5246,-192.33481
5247,-191.51474
5248,-190.08281
5249,-188.05661
5250,-185.53366
5251,-182.71973
5252,-179.82509
5253,-177.0549
5254,-174.6011
5255,-172.57863
5256,-170.998
5257,-169.86559
5258,-169.19275
5259,-168.99075
5260,-169.27097
5261,-170.0447
5262,-171.32324
5263,-173.11794
5264,-173.90077
5265,-172.40718
5266,-171.9294
5267,-171.7977
5268,-171.92549
5269,-172.22607
5270,-172.61278
5271,-172.999
5272,-173.29808
5273,-173.42343
5274,-173.2999
5275,-172.9196
5276,-172.36563
5277,-171.7247
5278,-171.07924
5279,-170.50276
5280,-170.01758
5281,-169.57646
5282,-169.12946
5283,-168.62993
5284,-168.04648
5285,-167.43634
5286,-166.97684
5287,-166.84999
5288,-167.23204
5289,-168.25523
5290,-169.79547
5291,-171.38187
5292,-172.53001
5293,-172.77205
5294,-171.70885
5295,-169.34164
5296,-166.21448
5297,-162.89333
5298,-159.91841
5299,-157.78908
5300,-156.7666
5301,-156.79016
5302,-157.78624
5303,-159.69682
5304,-162.4443
5305,-165.83725
5306,-169.53023
5307,-173.17201
5308,-176.41878
5309,-178.92674
5310,-180.35202
5311,-180.35052
5312,-178.57773
5313,-174.68883
5314,-172.52406
5315,-175.77992
5316,-176.3565
5317,-175.9201
5318,-174.71559
5319,-172.98805
5320,-170.98273
5321,-168.9448
5322,-167.11969
5323,-165.75264
5324,-165.05621
5325,-165.05309
5326,-165.50868
5327,-166.1784
5328,-166.82996
5329,-167.24597
5330,-167.29529
5331,-166.96362
5332,-166.24126
5333,-165.1129
5334,-163.58946
5335,-161.83403
5336,-160.21593
5337,-159.11256
5338,-158.89156
5339,-159.86928
5340,-162.066
5341,-165.10083
5342,-168.5776
5343,-172.11938
5344,-175.39
5345,-178.28888
5346,-181.03429
5347,-183.8571
5348,-186.9729
5349,-190.54863
5350,-194.46869
5351,-198.23482
5352,-201.33372
5353,-203.27005
5354,-203.61005
5355,-202.27892
5356,-199.68939
5357,-196.27493
5358,-192.44637
5359,-188.61484
5360,-185.19159
5361,-182.58774
5362,-181.21425
5363,-181.48172
5364,-182.56638
5365,-182.79036
5366,-183.13544
5367,-183.50632
5368,-183.9232
5369,-184.40636
5370,-184.97604
5371,-185.65248
5372,-186.45587
5373,-187.40652
5374,-188.51218
5375,-189.70851
5376,-190.83333
5377,-191.72052
5378,-192.20856
5379,-192.15378
5380,-191.51625
5381,-190.39673
5382,-188.90175
5383,-187.13115
5384,-185.18564
5385,-183.16989
5386,-181.19418
5387,-179.36906
5388,-177.80476
5389,-176.59908
5390,-175.77747
5391,-175.26758
5392,-174.9931
5393,-174.88243
5394,-174.87178
5395,-174.94318
5396,-175.14058
5397,-175.51048
5398,-176.09633
5399,-176.93713
5400,-178.04568
5401,-179.39946
5402,-180.97437
5403,-182.74818
5404,-184.6923
5405,-186.74187
5406,-188.78275
5407,-190.69887
5408,-192.37653
5409,-193.70198
5410,-194.56146
5411,-194.84116
5412,-194.4272
5413,-193.20569
5414,-191.79532
5415,-191.15872
5416,-190.50923
5417,-189.9908
5418,-189.63155
5419,-189.45961
5420,-189.50313
5421,-189.79027
5422,-190.34908
5423,-191.20772
5424,-192.37332
5425,-193.73103
5426,-195.0
5427,-195.89061
5428,-196.12
5429,-195.43326
5430,-193.74097
5431,-191.17848
5432,-187.89134
5433,-184.01566
5434,-179.71611
5435,-175.31833
5436,-171.36555
5437,-168.41052
5438,-166.99605
5439,-167.56686
5440,-169.99696
5441,-173.38777
5442,-176.81142
5443,-179.37766
5444,-180.30272
5445,-179.42128
5446,-177.40619
5447,-174.96422
5448,-172.76274
5449,-171.4024
5450,-171.09567
5451,-171.52893
5452,-172.36784
5453,-173.30307
5454,-174.04597
5455,-174.42859
5456,-174.44637
5457,-174.10109
5458,-173.38654
5459,-172.29642
5460,-170.82426
5461,-168.96349
5462,-166.70738
5463,-164.04909
5464,-162.66805
5465,-163.88522
5466,-163.96236
5467,-163.63853
5468,-162.98996
5469,-162.09276
5470,-161.02298
5471,-159.85655
5472,-158.66937
5473,-157.53728
5474,-156.52695
5475,-155.65265
5476,-154.85757
5477,-154.08206
5478,-153.2698
5479,-152.36852
5480,-151.34903
5481,-150.21365
5482,-148.96588
5483,-147.60773
5484,-146.15088
5485,-144.6645
5486,-143.29527
5487,-142.19289
5488,-141.5032
5489,-141.3413
5490,-141.64291
5491,-142.10112
5492,-142.39969
5493,-142.23404
5494,-141.3426
5495,-139.71417
5496,-137.67651
5497,-135.57036
5498,-133.72029
5499,-132.42976
5500,-131.8795
5501,-132.08435
5502,-133.05275
5503,-134.8011
5504,-137.31635
5505,-140.41432
5506,-143.67908
5507,-146.68597
5508,-149.02156
5509,-150.27235
5510,-150.02481
5511,-147.86513
5512,-143.37927
5513,-141.15321
5514,-135.33034
5515,-130.94252
5516,-130.9227
5517,-131.35832
5518,-132.21683
5519,-133.4657
5520,-135.0724
5521,-137.00446
5522,-139.22935
5523,-141.71458
5524,-144.3947
5525,-147.01242
5526,-149.05092
5527,-149.98332
5528,-149.29533
5529,-146.57721
5530,-142.02974
5531,-141.68092
5532,-136.59105
5533,-127.78067
5534,-126.14762
5535,-126.879684
5536,-129.2037
5537,-132.30983
5538,-135.43428
5539,-137.88846
5540,-139.41972
5541,-140.36542
5542,-141.08551
5543,-141.91156
5544,-143.14302
5545,-144.89233
5546,-147.01878
5547,-149.37198
5548,-151.81367
5549,-154.21373
5550,-156.489
5551,-158.61972
5552,-160.58864
5553,-162.37541
5554,-163.96005
5555,-165.32439
5556,-166.45258
5557,-167.32893
5558,-167.93767
5559,-168.2629
5560,-168.28885
5561,-167.99971
5562,-167.37964
5563,-166.41286
5564,-166.97302
5565,-170.12476
5566,-171.00394
5567,-170.77745
5568,-169.69089
5569,-167.99004
5570,-165.92082
5571,-163.72925
5572,-161.66132
5573,-159.96315
5574,-158.85649
5575,-158.42229
5576,-158.55078
5577,-159.12476
5578,-160.03616
5579,-161.18379
5580,-162.50635
5581,-163.99646
5582,-165.64885
5583,-167.45563
5584,-169.38547
5585,-171.27057
5586,-172.75824
5587,-173.48856
5588,-173.1103
5589,-171.34634
5590,-168.35077
5591,-164.86269
5592,-161.64476
5593,-159.43192
5594,-158.87099
5595,-160.09836
5596,-162.55942
5597,-165.67297
5598,-168.89122
5599,-171.70265
5600,-173.80618
5601,-175.18527
5602,-175.83446
5603,-175.73471
5604,-174.88087
5605,-173.34863
5606,-171.32353
5607,-168.99542
5608,-166.54903
5609,-164.16914
5610,-162.04053
5611,-160.34789
5612,-159.27592
5613,-159.00932
5614,-159.35757
5615,-159.32596
5616,-158.34549
5617,-156.81999
5618,-154.96104
5619,-152.98018
5620,-151.08907
5621,-149.4993
5622,-148.42249
5623,-148.07016
5624,-148.60815
5625,-149.93652
5626,-151.59573
5627,-153.11246
5628,-154.03072
5629,-153.96204
5630,-152.91103
5631,-151.41469
5632,-150.0307
5633,-149.29137
5634,-149.65736
5635,-151.17383
5636,-153.32323
5637,-155.56648
5638,-157.39165
5639,-158.34915
5640,-158.3518
5641,-157.80318
5642,-157.12592
5643,-156.7194
5644,-156.93433
5645,-157.83907
5646,-159.11969
5647,-160.44756
5648,-161.51225
5649,-162.04153
5650,-161.98372
5651,-161.58638
5652,-161.10864
5653,-160.79541
5654,-160.8707
5655,-161.43712
5656,-162.43289
5657,-163.78978
5658,-165.4475
5659,-167.34575
5660,-169.42416
5661,-171.62248
5662,-173.88045
5663,-176.13773
5664,-177.85281
5665,-178.27754
5666,-177.95271
5667,-176.99269
5668,-175.54854
5669,-173.77144
5670,-171.81258
5671,-169.82314
5672,-167.95439
5673,-166.35756
5674,-165.16843
5675,-164.43292
5676,-164.07533
5677,-164.01523
5678,-164.17798
5679,-164.48085
5680,-164.79395
5681,-164.92357
5682,-164.67346
5683,-163.85043
5684,-162.3075
5685,-160.16629
5686,-157.9128
5687,-156.04721
5688,-155.05241
5689,-155.3525
5690,-157.03119
5691,-159.71152
5692,-162.99864
5693,-166.5201
5694,-169.91136
5695,-172.8537
5696,-175.09015
5697,-176.36615
5698,-176.42395
5699,-175.07292
5700,-172.51328
5701,-169.47545
5702,-166.71133
5703,-164.94771
5704,-164.82722
5705,-166.50443
5706,-169.47345
5707,-173.20276
5708,-177.19275
5709,-180.94409
5710,-183.95752
5711,-185.73378
5712,-185.77315
5713,-183.57535
5714,-181.54007
5715,-182.92352
5716,-183.60754
5717,-184.19348
5718,-184.64865
5719,-184.9403
5720,-185.03578
5721,-184.90242
5722,-184.50743
5723,-183.8181
5724,-182.80838
5725,-181.4906
5726,-179.9293
5727,-178.19116
5728,-176.34032
5729,-174.44968
5730,-172.64244
5731,-171.10997
5732,-170.0464
5733,-169.64255
5734,-170.04608
5735,-171.15395
5736,-172.52383
5737,-173.70015
5738,-174.24353
5739,-173.78377
5740,-172.35274
5741,-170.52748
5742,-168.90686
5743,-168.06381
5744,-168.4806
5745,-170.11288
5746,-172.20326
5747,-173.96674
5748,-174.65248
5749,-173.6185
5750,-170.85732
5751,-167.22157
5752,-163.59879
5753,-160.83585
5754,-159.68802
5755,-160.37973
5756,-162.41663
5757,-165.27646
5758,-168.47176
5759,-171.5152
5760,-173.91963
5761,-175.19783
5762,-174.86223
5763,-172.42491
5764,-170.35516
5765,-171.89009
5766,-172.67873
5767,-173.44548
5768,-174.22081
5769,-175.03516
5770,-175.91885
5771,-176.90236
5772,-178.01608
5773,-179.29045
5774,-180.72594
5775,-182.14914
5776,-183.15103
5777,-183.31325
5778,-182.22844
5779,-179.56934
5780,-175.47623
5781,-170.72375
5782,-166.11267
5783,-162.41379
5784,-160.3109
5785,-159.98332
5786,-160.92754
5787,-162.6136
5788,-164.54445
5789,-166.27037
5790,-167.6154
5791,-168.7743
5792,-169.95638
5793,-171.35307
5794,-173.12085
5795,-175.21193
5796,-177.30223
5797,-179.05682
5798,-180.15399
5799,-180.30943
5800,-179.4573
5801,-177.82765
5802,-175.66258
5803,-173.19014
5804,-170.63034
5805,-168.15527
5806,-165.87216
5807,-163.88557
5808,-162.3033
5809,-161.23293
5810,-160.78209
5811,-161.05844
5812,-162.1695
5813,-164.22284
5814,-166.50722
5815,-167.77876
5816,-168.6708
5817,-169.18405
5818,-169.3764
5819,-169.30571
5820,-169.02985
5821,-168.60674
5822,-168.09425
5823,-167.55032
5824,-167.0396
5825,-166.6661
5826,-166.58708
5827,-166.96188
5828,-167.94728
5829,-169.66574
5830,-172.04088
5831,-174.72711
5832,-177.36835
5833,-179.6215
5834,-181.17526
5835,-181.90332
5836,-181.92998
5837,-181.38959
5838,-180.40462
5839,-179.10384
5840,-177.65251
5841,-176.26546
5842,-175.15945
5843,-174.54886
5844,-174.60716
5845,-175.27007
5846,-176.15121
5847,-176.85165
5848,-176.98778
5849,-176.23334
5850,-174.59601
5851,-172.53612
5852,-170.53229
5853,-169.04156
5854,-168.48149
5855,-169.03984
5856,-170.59326
5857,-173.00612
5858,-176.15773
5859,-179.92741
5860,-184.19461
5861,-188.83876
5862,-193.7394
5863,-203.77611
5864,-198.91023
5865,-195.85788
5866,-186.712
5867,-184.02422
5868,-182.51198
5869,-181.89325
5870,-181.88637
5871,-182.20981
5872,-182.5822
5873,-182.72217
5874,-182.38234
5875,-181.5124
5876,-180.32907
5877,-179.05995
5878,-177.91995
5879,-177.103
5880,-176.68053
5881,-176.55823
5882,-176.63515
5883,-176.8182
5884,-177.01228
5885,-177.10976
5886,-176.98618
5887,-176.51642
5888,-175.57613
5889,-174.07014
5890,-172.07341
5891,-169.89128
5892,-167.83846
5893,-166.21858
5894,-165.29854
5895,-165.13136
5896,-165.48058
5897,-166.09834
5898,-166.7507
5899,-167.22792
5900,-167.46063
5901,-167.56964
5902,-167.68324
5903,-167.92061
5904,-168.38751
5905,-169.11192
5906,-170.0165
5907,-171.01962
5908,-172.0448
5909,-173.0155
5910,-173.85529
5911,-174.48758
5912,-174.8359
5913,-174.82372
5914,-175.89798
5915,-178.91916
5916,-180.073
5917,-180.3568
5918,-180.03181
5919,-179.35927
5920,-178.60068
5921,-178.01744
5922,-177.87108
5923,-178.42305
5924,-179.87907
5925,-182.12206
5926,-184.59744
5927,-186.73364
5928,-187.9799
5929,-187.85902
5930,-186.32187
5931,-183.90034
5932,-181.15015
5933,-178.59976
5934,-176.72224
5935,-175.66759
5936,-175.14816
5937,-174.85881
5938,-174.51537
5939,-173.87515
5940,-172.93718
5941,-172.02763
5942,-171.48587
5943,-171.63554
5944,-172.75249
5945,-174.83507
5946,-177.50595
5947,-180.37325
5948,-183.06305
5949,-185.25835
5950,-186.97229
5951,-188.6653
5952,-190.8156
5953,-193.88017
5954,-198.23544
5955,-208.79155
5956,-214.82753
5957,-220.5975
5958,-220.38597
5959,-223.47714
5960,-224.15431
5961,-221.6992
5962,-220.39153
5963,-209.50845
5964,-201.92638
5965,-200.98552
5966,-201.24362
5967,-200.47182
5968,-198.86389
5969,-196.61388
5970,-193.91592
5971,-190.96431
5972,-187.95341
5973,-185.07762
5974,-182.52019
5975,-180.40038
5976,-178.75038
5977,-177.59889
5978,-176.97867
5979,-176.91113
5980,-177.35135
5981,-178.16457
5982,-179.21251
5983,-180.36105
5984,-181.4828
5985,-182.49509
5986,-183.37679
5987,-184.10759
5988,-184.66365
5989,-185.02518
5990,-185.19368
5991,-185.19928
5992,-185.07501
5993,-184.8542
5994,-184.56342
5995,-184.18279
5996,-183.62836
5997,-182.81476
5998,-181.66055
5999,-180.09515
6000,-178.10712
6001,-175.76509
6002,-173.14122
6003,-170.30423
6004,-167.3221
6005,-164.25858
6006,-161.17128
6007,-158.11748
6008,-155.15471
6009,-152.34042
6010,-149.73186
6011,-147.38603
6012,-145.35985
6013,-143.7099
6014,-143.8093
6015,-146.5526
6016,-148.65738
6017,-150.64912
6018,-152.4849
6019,-154.1214
6020,-155.51523
6021,-156.62271
6022,-157.39992
6023,-157.8028
6024,-157.78969
6025,-157.33461
6026,-156.43282
6027,-155.08014
6028,-153.27135
6029,-151.01268
6030,-148.37857
6031,-145.53557
6032,-142.65384
6033,-139.89899
6034,-137.43329
6035,-135.40096
6036,-133.92178
6037,-133.1144
6038,-133.0986
6039,-133.9523
6040,-135.51067
6041,-137.28014
6042,-138.75462
6043,-139.44379
6044,-138.91716
6045,-137.09288
6046,-134.3611
6047,-131.13019
6048,-127.78577
6049,-124.69034
6050,-122.07164
6051,-119.97508
6052,-118.43912
6053,-117.510925
6054,-117.22294
6055,-117.521614
6056,-118.23704
6057,-119.194786
6058,-120.22602
6059,-121.1619
6060,-121.83361
6061,-122.0723
6062,-121.709236
6063,-120.57557
6064,-117.84196
6065,-113.96267
6066,-112.256325
6067,-111.7067
6068,-112.0063
6069,-112.847595
6070,-113.923004
6071,-114.92479
6072,-115.54539
6073,-115.47711
6074,-114.467896
6075,-112.58776
6076,-110.343025
6077,-108.25645
6078,-106.829956
6079,-106.50913
6080,-107.412865
6081,-109.21732
6082,-111.58161
6083,-114.185814
6084,-116.73336
6085,-119.0635
6086,-121.19946
6087,-123.17154
6088,-125.00121
6089,-126.70678
6090,-128.28816
6091,-129.72023
6092,-130.9769
6093,-132.0333
6094,-132.87283
6095,-133.52676
6096,-134.09105
6097,-134.66411
6098,-135.34134
6099,-136.19453
6100,-137.15878
6101,-137.98398
6102,-138.4129
6103,-138.19727
6104,-137.12775
6105,-135.2216
6106,-132.80286
6107,-130.2073
6108,-127.75607
6109,-125.77022
6110,-124.570816
6111,-124.47892
6112,-125.81561
6113,-128.90202
6114,-131.78651
6115,-132.18169
6116,-133.78302
6117,-135.73814
6118,-137.84543
6119,-139.90309
6120,-141.70956
6121,-143.06311
6122,-143.76207
6123,-143.60483
6124,-142.44162
6125,-140.42519
6126,-138.1177
6127,-136.09717
6128,-134.92198
6129,-135.06232
6130,-136.47656
6131,-138.43
6132,-140.16165
6133,-140.94379
6134,-140.14333
6135,-137.6772
6136,-134.20726
6137,-130.42416
6138,-126.9828
6139,-124.4794
6140,-123.16963
6141,-122.84836
6142,-123.29284
6143,-124.30254
6144,-125.68706
6145,-127.31539
6146,-129.13698
6147,-131.1043
6148,-133.16594
6149,-135.2739
6150,-137.39944
6151,-139.54008
6152,-141.69421
6153,-143.8591
6154,-146.02936
6155,-148.18465
6156,-150.28435
6157,-152.28705
6158,-154.15234
6159,-155.8398
6160,-157.309
6161,-158.51953
6162,-159.43097
6163,-160.00284
6164,-159.18146
6165,-156.75415
6166,-156.00267
6167,-156.05281
6168,-156.68411
6169,-157.6763
6170,-158.80913
6171,-159.86237
6172,-160.61581
6173,-160.84926
6174,-160.3859
6175,-159.30162
6176,-158.01456
6177,-156.95625
6178,-156.54199
6179,-157.13734
6180,-158.82037
6181,-161.27966
6182,-164.18883
6183,-167.24014
6184,-170.135
6185,-172.62607
6186,-174.53577
6187,-175.6891
6188,-175.9077
6189,-175.05573
6190,-173.24562
6191,-170.92633
6192,-168.56038
6193,-166.59442
6194,-165.42555
6195,-165.1629
6196,-165.5257
6197,-166.21793
6198,-166.96225
6199,-167.50227
6200,-167.70271
6201,-167.5926
6202,-167.20723
6203,-166.57413
6204,-165.724
6205,-164.70537
6206,-163.59122
6207,-162.45544
6208,-161.3708
6209,-160.41003
6210,-159.64586
6211,-159.15106
6212,-158.99832
6213,-159.26038
6214,-160.52605
6215,-162.62228
6216,-163.33226
6217,-163.2961
6218,-162.69293
6219,-161.70203
6220,-160.50267
6221,-159.27415
6222,-158.19583
6223,-157.44702
6224,-157.18909
6225,-157.47891
6226,-158.23201
6227,-159.35838
6228,-160.77483
6229,-162.38327
6230,-163.9992
6231,-165.321
6232,-166.04247
6233,-165.86305
6234,-164.53148
6235,-162.08435
6236,-158.94832
6237,-155.56558
6238,-152.3599
6239,-149.72621
6240,-147.89223
6241,-146.85928
6242,-146.61989
6243,-147.1775
6244,-148.50989
6245,-150.4463
6246,-152.61479
6247,-154.63577
6248,-156.13936
6249,-156.80548
6250,-156.60379
6251,-155.89647
6252,-155.06085
6253,-154.4556
6254,-154.39664
6255,-154.95067
6256,-155.8473
6257,-156.80313
6258,-157.55092
6259,-157.82333
6260,-157.35313
6261,-155.87297
6262,-153.11531
6263,-148.81259
6264,-148.49644
6265,-139.62915
6266,-138.85162
6267,-140.09766
6268,-142.82675
6269,-146.49881
6270,-150.57378
6271,-154.51181
6272,-157.77324
6273,-159.81845
6274,-160.19841
6275,-158.99167
6276,-156.99168
6277,-155.02002
6278,-153.86436
6279,-154.22849
6280,-156.32909
6281,-159.72354
6282,-163.94398
6283,-168.55434
6284,-173.12935
6285,-177.30591
6286,-180.80463
6287,-183.34933
6288,-184.65968
6289,-184.50768
6290,-182.97064
6291,-180.54022
6292,-177.72498
6293,-175.0143
6294,-172.86235
6295,-171.51918
6296,-170.9579
6297,-171.14064
6298,-172.04277
6299,-173.60849
6300,-175.6019
6301,-177.54285
6302,-178.94174
6303,-179.32056
6304,-178.26865
6305,-175.76793
6306,-172.33292
6307,-168.49976
6308,-164.77968
6309,-161.6838
6310,-159.7232
6311,-159.40863
6312,-161.25046
6313,-165.7586
6314,-169.88707
6315,-169.75252
6316,-170.67455
6317,-171.73293
6318,-172.86508
6319,-174.00836
6320,-175.10023
6321,-176.07805
6322,-176.87924
6323,-177.4412
6324,-177.69531
6325,-177.53838
6326,-176.82018
6327,-175.38849
6328,-173.09335
6329,-169.84431
6330,-165.89697
6331,-161.97644
6332,-158.82655
6333,-157.1686
6334,-157.61769
6335,-160.17357
6336,-164.00351
6337,-168.24292
6338,-172.06761
6339,-174.73387
6340,-175.96396
6341,-176.11107
6342,-175.55331
6343,-174.63889
6344,-173.69818
6345,-172.9569
6346,-172.49889
6347,-172.4023
6348,-172.75212
6349,-173.62878
6350,-175.08748
6351,-177.14894
6352,-179.8326
6353,-183.15935
6354,-187.1239
6355,-191.56822
6356,-196.12743
6357,-200.4286
6358,-204.10873
6359,-206.80473
6360,-208.15326
6361,-207.79054
6362,-205.35226
6363,-200.47346
6364,-197.85954
6365,-189.47234
6366,-183.93015
6367,-175.09953
6368,-172.65771
6369,-171.28244
6370,-170.652
6371,-170.44482
6372,-170.3396
6373,-170.0151
6374,-169.19864
6375,-167.89995
6376,-166.51137
6377,-165.44043
6378,-165.07634
6379,-165.74829
6380,-167.4362
6381,-169.6474
6382,-171.87091
6383,-173.61845
6384,-174.46849
6385,-174.38654
6386,-173.86302
6387,-173.40913
6388,-173.51117
6389,-174.58463
6390,-176.63287
6391,-179.10162
6392,-181.41476
6393,-183.02289
6394,-183.45276
6395,-182.67468
6396,-181.26004
6397,-179.80467
6398,-178.87605
6399,-178.96973
6400,-180.16312
6401,-181.96738
6402,-183.87126
6403,-185.39072
6404,-186.08992
6405,-185.81334
6406,-184.78546
6407,-183.24617
6408,-181.41739
6409,-179.52113
6410,-177.77948
6411,-176.4145
6412,-175.64822
6413,-175.70255
6414,-175.6176
6415,-174.33543
6416,-173.94026
6417,-173.9263
6418,-174.16489
6419,-174.5274
6420,-174.88528
6421,-175.10999
6422,-175.07289
6423,-174.64548
6424,-173.71681
6425,-172.27945
6426,-170.46591
6427,-168.41438
6428,-166.25636
6429,-164.12936
6430,-162.20554
6431,-160.70389
6432,-159.8453
6433,-159.84836
6434,-160.88844
6435,-162.89044
6436,-165.44006
6437,-168.11009
6438,-170.4896
6439,-172.20186
6440,-173.06856
6441,-173.18018
6442,-172.63773
6443,-171.52942
6444,-169.95457
6445,-168.07668
6446,-166.14629
6447,-164.41742
6448,-163.13983
6449,-162.52916
6450,-162.60158
6451,-163.10359
6452,-163.77118
6453,-164.35323
6454,-164.6254
6455,-164.5191
6456,-164.17635
6457,-163.74748
6458,-163.37283
6459,-163.19269
6460,-163.34734
6461,-163.97704
6462,-165.222
6463,-167.22247
6464,-172.15904
6465,-185.09918
6466,-183.75774
6467,-185.1566
6468,-184.83813
6469,-183.34532
6470,-181.222
6471,-179.01242
6472,-177.26099
6473,-176.51216
6474,-177.22035
6475,-179.31813
6476,-182.0316
6477,-184.55928
6478,-186.13359
6479,-186.10074
6480,-184.46918
6481,-182.14537
6482,-180.07285
6483,-179.15266
6484,-180.1579
6485,-183.11876
6486,-187.06003
6487,-190.96732
6488,-193.87463
6489,-194.9294
6490,-193.93768
6491,-191.59927
6492,-188.65108
6493,-185.78828
6494,-183.63986
6495,-182.44725
6496,-181.92664
6497,-181.77306
6498,-181.70651
6499,-181.47684
6500,-181.00638
6501,-180.45142
6502,-179.9776
6503,-179.73944
6504,-179.86688
6505,-180.34683
6506,-180.9724
6507,-181.52904
6508,-181.81148
6509,-181.6143
6510,-180.73216
6511,-178.95952
6512,-176.09084
6513,-171.92032
6514,-168.72908
6515,-169.27055
6516,-169.6435
6517,-170.35416
6518,-171.30992
6519,-172.4182
6520,-173.58636
6521,-174.7219
6522,-175.7322
6523,-176.52464
6524,-177.01486
6525,-177.1655
6526,-177.00328
6527,-176.5574
6528,-175.85406
6529,-174.92418
6530,-173.82634
6531,-172.65663
6532,-171.51262
6533,-170.49007
6534,-169.67445
6535,-169.09123
6536,-168.68459
6537,-168.39551
6538,-168.16881
6539,-167.94485
6540,-167.63785
6541,-167.12654
6542,-166.28821
6543,-165.00185
6544,-163.18707
6545,-160.99944
6546,-158.91426
6547,-157.41946
6548,-156.9876
6549,-158.00829
6550,-160.38985
6551,-163.38931
6552,-166.23866
6553,-168.20146
6554,-168.62921
6555,-167.38571
6556,-165.0289
6557,-162.14442
6558,-159.28502
6559,-157.00365
6560,-155.85309
6561,-156.38591
6562,-159.15425
6563,-164.7098
6564,-167.9483
6565,-163.79767
6566,-162.98952
6567,-163.44167
6568,-164.92833
6569,-167.22382
6570,-170.10262
6571,-173.33934
6572,-176.7086
6573,-179.98515
6574,-182.95255
6575,-185.44574
6576,-187.36893
6577,-188.62915
6578,-189.13004
6579,-188.80394
6580,-187.75089
6581,-186.2981
6582,-184.78217
6583,-183.52902
6584,-182.81401
6585,-182.61855
6586,-182.5257
6587,-182.10262
6588,-180.93533
6589,-178.66855
6590,-175.28857
6591,-171.24525
6592,-167.00725
6593,-163.02144
6594,-159.70432
6595,-157.2964
6596,-155.79973
6597,-155.207
6598,-155.52225
6599,-156.73369
6600,-158.7366
6601,-161.30083
6602,-164.19138
6603,-167.17932
6604,-170.05154
6605,-172.68663
6606,-175.08704
6607,-177.2601
6608,-179.20728
6609,-180.92989
6610,-182.42944
6611,-183.70723
6612,-184.76476
6613,-185.60338
6614,-185.08548
6615,-182.4915
6616,-180.67542
6617,-179.10585
6618,-177.75803
6619,-176.60707
6620,-175.62811
6621,-174.79642
6622,-174.08705
6623,-173.47523
6624,-172.94585
6625,-172.54001
6626,-172.37515
6627,-172.57172
6628,-173.24644
6629,-174.48077
6630,-176.15082
6631,-177.85464
6632,-179.17944
6633,-179.72566
6634,-179.16331
6635,-177.56775
6636,-175.56377
6637,-173.7986
6638,-172.8933
6639,-173.3811
6640,-175.28532
6641,-177.93895
6642,-180.64815
6643,-182.75217
6644,-183.6675
6645,-183.25916
6646,-181.99998
6647,-180.38747
6648,-178.89049
6649,-177.9313
6650,-177.66118
6651,-177.864
6652,-178.30898
6653,-178.7829
6654,-179.09297
6655,-179.16533
6656,-179.087
6657,-178.95146
6658,-178.84459
6659,-178.85219
6660,-179.06012
6661,-179.55418
6662,-180.42023
6663,-181.74399
6664,-182.51714
6665,-181.67886
6666,-181.18538
6667,-180.65054
6668,-180.0227
6669,-179.25009
6670,-178.28107
6671,-177.06384
6672,-175.54675
6673,-173.678
6674,-171.43283
6675,-168.94336
6676,-166.55418
6677,-164.61838
6678,-163.4785
6679,-163.41953
6680,-164.39272
6681,-165.89784
6682,-167.4172
6683,-168.4549
6684,-168.57649
6685,-167.70396
6686,-166.24243
6687,-164.6162
6688,-163.2267
6689,-162.44164
6690,-162.43134
6691,-163.09924
6692,-164.33827
6693,-166.05417
6694,-168.14307
6695,-170.44472
6696,-172.72237
6697,-174.73642
6698,-176.25092
6699,-177.05911
6700,-177.1245
6701,-176.64117
6702,-175.81241
6703,-174.8306
6704,-173.87779
6705,-173.0754
6706,-172.46286
6707,-172.07631
6708,-171.95584
6709,-172.14137
6710,-172.67296
6711,-173.59056
6712,-174.93408
6713,-176.74347
6714,-177.42253
6715,-175.57095
6716,-174.56244
6717,-173.74207
6718,-173.04283
6719,-172.39784
6720,-171.74004
6721,-171.00247
6722,-170.11815
6723,-169.02007
6724,-167.6642
6725,-166.14012
6726,-164.71863
6727,-163.67755
6728,-163.2861
6729,-163.75928
6730,-164.99745
6731,-166.47495
6732,-167.64964
6733,-167.99985
6734,-167.08813
6735,-164.96774
6736,-162.35706
6737,-160.00096
6738,-158.6127
6739,-158.80739
6740,-160.63052
6741,-163.35692
6742,-166.23175
6743,-168.53731
6744,-169.6458
6745,-169.45102
6746,-168.55356
6747,-167.58191
6748,-167.13107
6749,-167.72102
6750,-169.4356
6751,-171.76816
6752,-174.18921
6753,-176.1975
6754,-177.34346
6755,-177.47746
6756,-176.85559
6757,-175.74896
6758,-174.40865
6759,-173.08562
6760,-172.03079
6761,-171.49265
6762,-171.7137
6763,-172.93056
6764,-174.37975
6765,-174.50548
6766,-173.88776
6767,-172.58665
6768,-170.69525
6769,-168.31049
6770,-165.53285
6771,-162.46626
6772,-159.21762
6773,-155.89604
6774,-152.60445
6775,-149.4028
6776,-146.29243
6777,-143.2734
6778,-140.34969
6779,-137.5191
6780,-134.739
6781,-131.91151
6782,-128.93706
6783,-125.71902
6784,-122.17026
6785,-118.258255
6786,-114.02402
6787,-109.51119
6788,-104.75956
6789,-99.82203
6790,-94.83062
6791,-90.02417
6792,-85.645
6793,-81.92948
6794,-79.08949
6795,-77.1978
6796,-76.13899
6797,-75.789604
6798,-76.03438
6799,-76.746666
6800,-77.73606
6801,-78.726204
6802,-79.43653
6803,-79.59014
6804,-78.946
6805,-77.47302
6806,-75.4245
6807,-73.06477
6808,-70.644135
6809,-68.41242
6810,-66.6191
6811,-65.51351
6812,-65.34507
6813,-66.3634
6814,-66.85535
6815,-64.77497
6816,-63.30135
6817,-61.938374
6818,-60.695152
6819,-59.580704
6820,-58.603943
6821,-57.773746
6822,-57.098907
6823,-56.588184
6824,-56.249706
6825,-56.087997
6826,-56.1028
6827,-56.293583
6828,-56.660057
6829,-57.189632
6830,-57.798317
6831,-58.30505
6832,-58.52442
6833,-58.275593
6834,-57.408134
6835,-55.947483
6836,-54.15746
6837,-52.31209
6838,-50.67411
6839,-49.49914
6840,-49.00153
6841,-49.339756
6842,-50.67022
6843,-53.152435
6844,-56.879738
6845,-61.55754
6846,-66.362045
6847,-70.443954
6848,-72.979385
6849,-73.267654
6850,-71.31316
6851,-68.074066
6852,-64.54579
6853,-61.676834
6854,-60.3171
6855,-60.747784
6856,-62.477753
6857,-64.9814
6858,-67.7677
6859,-70.3449
6860,-72.2213
6861,-72.905754
6862,-71.90795
6863,-68.73897
6864,-67.991264
6865,-73.823044
6866,-75.921844
6867,-76.50077
6868,-75.951096
6869,-74.66279
6870,-73.025055
6871,-71.42679
6872,-70.256584
6873,-69.90317
6874,-70.69916
6875,-72.64885
6876,-75.31016
6877,-78.22133
6878,-80.94126
6879,-83.06072
6880,-84.356476
6881,-84.857346
6882,-84.602455
6883,-83.61901
6884,-81.97136
6885,-79.94018
6886,-78.09886
6887,-77.03235
6888,-77.31195
6889,-79.413506
6890,-83.25332
6891,-87.98646
6892,-92.73502
6893,-96.65677
6894,-99.006714
6895,-99.601654
6896,-99.01835
6897,-97.86295
6898,-96.705025
6899,-96.055916
6900,-96.09096
6901,-96.530235
6902,-97.07593
6903,-97.45197
6904,-97.414536
6905,-96.90742
6906,-96.12857
6907,-95.285774
6908,-94.57472
6909,-94.19107
6910,-94.330475
6911,-95.18874
6912,-96.96177
6913,-99.84558
6914,-102.1242
6915,-101.90565
6916,-102.494316
6917,-103.26873
6918,-104.16568
6919,-105.12199
6920,-106.07444
6921,-106.959785
6922,-107.71484
6923,-108.276436
6924,-108.59485
6925,-108.698494
6926,-108.72174
6927,-108.80304
6928,-109.07572
6929,-109.659805
6930,-110.59785
6931,-111.82753
6932,-113.282394
6933,-114.90106
6934,-116.62175
6935,-118.38046
6936,-120.11017
6937,-121.74374
6938,-123.21418
6939,-124.45385
6940,-125.39102
6941,-125.94863
6942,-126.0493
6943,-125.616
6944,-124.59759
6945,-123.0938
6946,-121.40851
6947,-119.853386
6948,-118.73024
6949,-118.30551
6950,-118.63964
6951,-119.514305
6952,-120.70043
6953,-121.98232
6954,-123.16399
6955,-124.163734
6956,-125.054726
6957,-125.91594
6958,-126.81902
6959,-127.83555
6960,-129.0372
6961,-130.4955
6962,-132.28207
6963,-134.4685
6964,-136.80714
6965,-138.63803
6966,-139.87672
6967,-140.65556
6968,-141.04865
6969,-141.12996
6970,-140.97365
6971,-140.65376
6972,-140.24437
6973,-139.81953
6974,-139.44476
6975,-139.13564
6976,-138.84007
6977,-138.5035
6978,-138.07446
6979,-137.51355
6980,-136.8502
6981,-136.20746
6982,-135.71185
6983,-135.48541
6984,-135.62955
6985,-136.12506
6986,-136.78987
6987,-137.43547
6988,-137.88133
6989,-137.9739
6990,-137.71657
6991,-137.32515
6992,-137.02373
6993,-137.02614
6994,-137.5185
6995,-138.52623
6996,-139.8572
6997,-141.31082
6998,-142.69707
6999,-143.84572
7000,-144.70172
7001,-145.36566
7002,-145.94275
7003,-146.52725
7004,-147.19801
7005,-147.96117
7006,-148.7268
7007,-149.40182
7008,-149.89911
7009,-150.133
7010,-150.01953
7011,-149.47655
7012,-148.42328
7013,-146.78047
7014,-145.97136
7015,-147.12035
7016,-146.93796
7017,-146.21027
7018,-145.1125
7019,-143.82048
7020,-142.51035
7021,-141.35854
7022,-140.54163
7023,-140.23624
7024,-140.57593
7025,-141.44357
7026,-142.38272
7027,-142.92384
7028,-142.6135
7029,-141.07286
7030,-138.3577
7031,-135.11249
7032,-132.00417
7033,-129.67117
7034,-128.65407
7035,-128.9263
7036,-129.69357
7037,-130.13217
7038,-129.455
7039,-126.98641
7040,-122.70035
7041,-117.450035
7042,-117.12209
7043,-107.56028
7044,-104.509865
7045,-103.14688
7046,-102.87741
7047,-103.07776
7048,-103.16072
7049,-102.60279
7050,-101.25204
7051,-99.45972
7052,-97.59637
7053,-96.008194
7054,-95.007095
7055,-94.70596
7056,-94.94815
7057,-95.56645
7058,-96.40632
7059,-97.31318
7060,-98.13224
7061,-98.70882
7062,-98.8881
7063,-98.51536
7064,-97.91757
7065,-98.04665
7066,-98.956116
7067,-100.306946
7068,-101.85846
7069,-103.36958
7070,-104.59979
7071,-105.3097
7072,-105.26142
7073,-104.21869
7074,-102.00174
7075,-98.75144
7076,-95.04158
7077,-91.46339
7078,-88.58805
7079,-86.91715
7080,-86.54417
7081,-87.00928
7082,-87.83089
7083,-88.553734
7084,-88.77573
7085,-88.40393
7086,-87.76407
7087,-87.19844
7088,-87.02934
7089,-87.52448
7090,-88.634
7091,-89.87745
7092,-90.75687
7093,-90.79462
7094,-89.576675
7095,-87.05874
7096,-83.696754
7097,-79.96572
7098,-76.31624
7099,-73.15631
7100,-70.6501
7101,-68.63177
7102,-66.92206
7103,-65.35713
7104,-63.793888
7105,-62.2113
7106,-60.75385
7107,-59.572945
7108,-58.812073
7109,-58.61476
7110,-59.124584
7111,-60.485268
7112,-62.84071
7113,-66.33498
7114,-69.6488
7115,-70.66502
7116,-70.85391
7117,-70.38806
7118,-69.563484
7119,-68.675735
7120,-68.020164
7121,-67.892044
7122,-68.586845
7123,-70.40039
7124,-73.56052
7125,-77.89705
7126,-82.69806
7127,-87.2277
7128,-90.77576
7129,-92.716675
7130,-92.91251
7131,-91.88522
7132,-90.1824
7133,-88.319725
7134,-86.77128
7135,-85.77185
7136,-85.23234
7137,-85.05068
7138,-85.140335
7139,-85.412415
7140,-85.765045
7141,-86.078575
7142,-86.2327
7143,-86.107994
7144,-85.61279
7145,-84.81711
7146,-84.00977
7147,-83.48832
7148,-83.539925
7149,-84.40065
7150,-86.00851
7151,-87.897125
7152,-89.5828
7153,-90.59926
7154,-90.53679
7155,-89.32241
7156,-87.34008
7157,-84.99198
7158,-82.6587
7159,-80.72156
7160,-79.56265
7161,-79.56524
7162,-81.113914
7163,-84.594795
7164,-88.347015
7165,-89.55596
7166,-90.21311
7167,-90.24884
7168,-89.82121
7169,-89.08852
7170,-88.209015
7171,-87.34118
7172,-86.64355
7173,-86.27467
7174,-86.37504
7175,-86.97915
7176,-87.977905
7177,-89.25639
7178,-90.70637
7179,-92.21817
7180,-93.674034
7181,-94.94537
7182,-95.9031
7183,-96.41856
7184,-96.391426
7185,-95.886314
7186,-95.19125
7187,-94.60288
7188,-94.40699
7189,-94.84355
7190,-95.88627
7191,-97.148254
7192,-98.2281
7193,-98.741554
7194,-98.36499
7195,-97.12752
7196,-95.53562
7197,-94.114174
7198,-93.36505
7199,-93.71384
7200,-95.14307
7201,-97.03459
7202,-98.74606
7203,-99.6637
7204,-99.25306
7205,-97.44048
7206,-94.77601
7207,-91.83357
7208,-89.15682
7209,-87.28925
7210,-86.7744
7211,-88.15653
7212,-91.980896
7213,-103.793686
7214,-110.66881
7215,-107.86898
7216,-108.97369
7217,-108.84029
7218,-107.74782
7219,-105.97518
7220,-103.801094
7221,-101.50423
7222,-99.36314
7223,-97.65633
7224,-96.63003
7225,-96.342606
7226,-96.59804
7227,-97.19028
7228,-97.92546
7229,-98.61463
7230,-99.09841
7231,-99.2573
7232,-98.97341
7233,-98.12701
7234,-96.632
7235,-94.59802
7236,-92.399345
7237,-90.42052
7238,-89.033226
7239,-88.57087
7240,-89.14288
7241,-90.55534
7242,-92.6021
7243,-95.09134
7244,-97.838844
7245,-100.70603
7246,-103.61604
7247,-106.49459
7248,-109.26436
7249,-111.85618
7250,-114.24774
7251,-116.48028
7252,-118.59736
7253,-120.63964
7254,-122.64758
7255,-124.661194
7256,-126.719696
7257,-128.86237
7258,-131.12843
7259,-133.55725
7260,-136.18808
7261,-139.06018
7262,-142.21281
7263,-145.68532
7264,-145.47598
7265,-143.70944
7266,-134.84853
7267,-132.0428
7268,-130.13385
7269,-128.96321
7270,-128.37265
7271,-128.20396
7272,-128.2989
7273,-128.4993
7274,-128.65527
7275,-128.66573
7276,-128.49525
7277,-128.11113
7278,-127.477356
7279,-126.56064
7280,-125.34312
7281,-123.82763
7282,-122.01797
7283,-119.91685
7284,-117.54955
7285,-115.07232
7286,-112.81873
7287,-111.12914
7288,-110.33529
7289,-110.7192
7290,-112.27307
7291,-114.59662
7292,-117.27425
7293,-119.90905
7294,-122.135216
7295,-123.766754
7296,-124.86128
7297,-125.485695
7298,-125.695206
7299,-125.55243
7300,-125.16316
7301,-124.69147
7302,-124.30367
7303,-124.16336
7304,-124.412094
7305,-125.06354
7306,-125.95848
7307,-126.93098
7308,-127.82345
7309,-128.4783
7310,-128.73795
7311,-128.44476
7312,-127.4412
7313,-125.56964
7314,-125.40858
7315,-129.14716
7316,-131.00037
7317,-132.16234
7318,-132.79291
7319,-133.0518
7320,-133.09885
7321,-133.09378
7322,-133.19643
7323,-133.56653
7324,-134.3353
7325,-135.46759
7326,-136.70332
7327,-137.77374
7328,-138.42093
7329,-138.42699
7330,-137.80634
7331,-136.88808
7332,-136.01346
7333,-135.50851
7334,-135.65477
7335,-136.47482
7336,-137.6404
7337,-138.8093
7338,-139.65564
7339,-139.89412
7340,-139.47714
7341,-138.6792
7342,-137.78725
7343,-137.07315
7344,-136.76865
7345,-136.87079
7346,-137.059
7347,-137.0007
7348,-136.37881
7349,-134.93741
7350,-132.77516
7351,-130.47067
7352,-128.62119
7353,-127.80078
7354,-128.5141
7355,-130.86148
7356,-134.39583
7357,-138.64915
7358,-143.17973
7359,-147.54608
7360,-151.30675
7361,-154.0204
7362,-155.2456
7363,-154.54048
7364,-152.88336
7365,-152.44965
7366,-152.49014
7367,-152.96477
7368,-153.79338
7369,-154.89606
7370,-156.1935
7371,-157.60704
7372,-159.05875
7373,-160.47137
7374,-161.77364
7375,-162.92464
7376,-163.92468
7377,-164.776
7378,-165.47932
7379,-166.03496
7380,-166.43903
7381,-166.68207
7382,-166.7545
7383,-166.64711
7384,-166.35599
7385,-165.90787
7386,-165.37083
7387,-164.81462
7388,-164.30699
7389,-163.89935
7390,-163.54901
7391,-163.08571
7392,-162.33412
7393,-161.12488
7394,-159.30312
7395,-156.79922
7396,-153.65895
7397,-149.93257
7398,-145.66466
7399,-140.9292
7400,-135.97092
7401,-131.26581
7402,-127.2985
7403,-124.54229
7404,-123.40295
7405,-123.895065
7406,-125.503654
7407,-127.69337
7408,-129.95421
7409,-131.77611
7410,-132.64896
7411,-132.06255
7412,-129.50664
7413,-124.470894
7414,-120.34928
7415,-121.40455
7416,-121.69043
7417,-122.12617
7418,-122.68774
7419,-123.351135
7420,-124.09232
7421,-124.8872
7422,-125.711685
7423,-126.541664
7424,-127.35051
7425,-128.09721
7426,-128.72125
7427,-129.1614
7428,-129.35733
7429,-129.26352
7430,-128.92043
7431,-128.48514
7432,-128.11908
7433,-127.9781
7434,-128.20027
7435,-128.82016
7436,-129.73225
7437,-130.82559
7438,-131.9961
7439,-133.13867
7440,-134.14302
7441,-134.89162
7442,-135.26677
7443,-135.15105
7444,-134.46693
7445,-133.36844
7446,-132.32312
7447,-131.81053
7448,-132.29524
7449,-134.1699
7450,-137.41025
7451,-141.42729
7452,-145.61072
7453,-149.3774
7454,-152.19168
7455,-153.79243
7456,-154.29028
7457,-153.80992
7458,-152.45831
7459,-150.3425
7460,-147.56956
7461,-144.2467
7462,-140.4811
7463,-136.37999
7464,-133.81491
7465,-134.4704
7466,-134.77647
7467,-135.22719
7468,-135.73563
7469,-136.21494
7470,-136.57823
7471,-136.7387
7472,-136.60945
7473,-136.10368
7474,-135.14877
7475,-133.75523
7476,-132.04594
7477,-130.14801
7478,-128.18327
7479,-126.28419
7480,-124.64515
7481,-123.5445
7482,-123.26379
7483,-124.08046
7484,-126.20995
7485,-129.50626
7486,-133.33415
7487,-137.0397
7488,-139.99269
7489,-141.63872
7490,-141.86372
7491,-141.14891
7492,-139.99628
7493,-138.87698
7494,-138.21326
7495,-138.14877
7496,-138.45074
7497,-138.87112
7498,-139.1772
7499,-139.16226
7500,-138.78577
7501,-138.23416
7502,-137.70418
7503,-137.38397
7504,-137.4353
7505,-137.85435
7506,-138.41193
7507,-138.87233
7508,-139.01283
7509,-138.61226
7510,-137.4509
7511,-135.31007
7512,-131.97208
7513,-127.219826
7514,-127.07752
7515,-118.557594
7516,-115.971886
7517,-114.19512
7518,-113.08385
7519,-112.49445
7520,-112.28318
7521,-112.305885
7522,-112.41812
7523,-112.475075
7524,-112.33522
7525,-111.87813
7526,-111.01217
7527,-109.64641
7528,-107.688095
7529,-105.085915
7530,-102.03115
7531,-99.043625
7532,-96.6552
7533,-95.38148
7534,-95.645004
7535,-97.327675
7536,-99.57841
7537,-101.51645
7538,-102.295525
7539,-101.18509
7540,-98.12665
7541,-93.97119
7542,-89.604004
7543,-85.865746
7544,-83.488144
7545,-82.57342
7546,-82.371315
7547,-82.09715
7548,-81.00619
7549,-78.45554
7550,-74.39401
7551,-69.57063
7552,-64.76518
7553,-60.71794
7554,-58.09459
7555,-57.13104
7556,-57.479923
7557,-58.767487
7558,-60.64508
7559,-62.762665
7560,-64.76952
7561,-66.31507
7562,-67.04931
7563,-66.623146
7564,-64.65184
7565,-62.430027
7566,-62.69825
7567,-64.40932
7568,-67.15665
7569,-70.53244
7570,-74.12818
7571,-77.53524
7572,-80.34535
7573,-82.150826
7574,-82.61574
7575,-81.81855
7576,-80.39858
7577,-79.017235
7578,-78.30891
7579,-78.81876
7580,-80.572365
7581,-82.88996
7582,-85.06188
7583,-86.41057
7584,-86.33782
7585,-84.71506
7586,-82.051125
7587,-78.879616
7588,-75.70347
7589,-72.9804
7590,-70.90433
7591,-69.311745
7592,-68.025635
7593,-66.88688
7594,-65.754555
7595,-64.589905
7596,-63.492252
7597,-62.567165
7598,-61.91395
7599,-61.608143
7600,-61.586426
7601,-61.596893
7602,-61.379524
7603,-60.683334
7604,-59.297863
7605,-57.246433
7606,-54.869152
7607,-52.51945
7608,-50.535706
7609,-49.256306
7610,-49.020073
7611,-50.166786
7612,-53.03758
7613,-57.97487
7614,-61.711994
7615,-61.132217
7616,-63.241344
7617,-66.3675
7618,-70.091866
7619,-73.99457
7620,-77.65534
7621,-80.65401
7622,-82.57085
7623,-82.98648
7624,-81.55751
7625,-78.37889
7626,-74.13841
7627,-69.54649
7628,-65.28392
7629,-61.97388
7630,-59.91
7631,-58.94001
7632,-58.893078
7633,-59.61904
7634,-60.950977
7635,-62.626434
7636,-64.25339
7637,-65.43379
7638,-65.77584
7639,-64.94967
7640,-62.9841
7641,-60.393463
7642,-57.711903
7643,-55.449993
7644,-54.058002
7645,-53.636738
7646,-53.812157
7647,-54.188667
7648,-54.3921
7649,-54.097847
7650,-53.270573
7651,-52.267708
7652,-51.464077
7653,-51.216316
7654,-51.836052
7655,-53.37196
7656,-55.51432
7657,-57.936146
7658,-60.32646
7659,-62.37421
7660,-63.768562
7661,-64.199066
7662,-63.35591
7663,-60.930077
7664,-61.97597
7665,-75.51364
7666,-74.685036
7667,-76.939804
7668,-77.64257
7669,-77.15562
7670,-75.839966
7671,-74.05599
7672,-72.1635
7673,-70.5221
7674,-69.457466
7675,-69.098404
7676,-69.30666
7677,-69.93287
7678,-70.840004
7679,-71.89743
7680,-73.01188
7681,-74.14095
7682,-75.24438
7683,-76.2795
7684,-77.205025
7685,-77.98739
7686,-78.60347
7687,-79.030624
7688,-79.245766
7689,-79.23111
7690,-78.999954
7691,-78.60784
7692,-78.111885
7693,-77.567314
7694,-77.029205
7695,-76.55192
7696,-76.18898
7697,-75.993835
7698,-76.02001
7699,-76.31297
7700,-76.87122
7701,-77.62935
7702,-78.5194
7703,-79.47641
7704,-80.43976
7705,-81.37424
7706,-82.27922
7707,-83.15549
7708,-84.00212
7709,-84.81833
7710,-85.603264
7711,-86.35607
7712,-87.0759
7713,-87.761925
7714,-88.60671
7715,-89.91044
7716,-91.47199
7717,-93.20196
7718,-95.00657
7719,-96.79219
7720,-98.4651
7721,-99.9316
7722,-101.097984
7723,-101.87072
7724,-102.17116
7725,-102.00858
7726,-101.51088
7727,-100.81062
7728,-100.0346
7729,-99.298035
7730,-98.64836
7731,-98.04141
7732,-97.42949
7733,-96.769196
7734,-96.028404
7735,-95.239975
7736,-94.52481
7737,-94.00732
7738,-93.80765
7739,-94.03119
7740,-94.69746
7741,-95.709465
7742,-96.96561
7743,-98.36982
7744,-99.82605
7745,-101.238365
7746,-102.511024
7747,-103.54835
7748,-104.25463
7749,-104.553215
7750,-104.47829
7751,-104.213936
7752,-103.95006
7753,-103.86939
7754,-104.13554
7755,-104.80133
7756,-105.769394
7757,-106.93653
7758,-108.20674
7759,-109.48399
7760,-110.67228
7761,-111.67544
7762,-112.39644
7763,-112.73631
7764,-112.32982
7765,-111.60084
7766,-112.30031
7767,-113.76282
7768,-115.72698
7769,-117.93249
7770,-120.12058
7771,-122.034256
7772,-123.418144
7773,-124.01777
7774,-123.62505
7775,-122.30171
7776,-120.47546
7777,-118.58879
7778,-117.06767
7779,-116.28009
7780,-116.25067
7781,-116.53878
7782,-116.68691
7783,-116.26095
7784,-114.88404
7785,-112.50829
7786,-109.52972
7787,-106.359825
7788,-103.38793
7789,-100.96169
7790,-99.18837
7791,-97.84993
7792,-96.71669
7793,-95.575195
7794,-94.2367
7795,-92.65139
7796,-90.95762
7797,-89.30127
7798,-87.81957
7799,-86.62532
7800,-85.689224
7801,-84.789246
7802,-83.695595
7803,-82.187454
7804,-80.07387
7805,-77.33749
7806,-74.196335
7807,-70.87731
7808,-67.59562
7809,-64.56592
7810,-62.00244
7811,-60.119164
7812,-59.129936
7813,-59.248734
7814,-59.81119
7815,-59.56692
7816,-59.186684
7817,-58.539787
7818,-57.582264
7819,-56.26987
7820,-54.558243
7821,-52.40283
7822,-49.759
7823,-46.58204
7824,-42.858948
7825,-38.7608
7826,-34.70771
7827,-31.130093
7828,-28.446451
7829,-27.019037
7830,-26.87972
7831,-27.608318
7832,-28.758997
7833,-29.903992
7834,-30.662058
7835,-30.929602
7836,-30.982323
7837,-31.115469
7838,-31.607262
7839,-32.69288
7840,-34.355244
7841,-36.232113
7842,-37.942696
7843,-39.12184
7844,-39.455376
7845,-38.921757
7846,-37.896877
7847,-36.77588
7848,-35.935642
7849,-35.70176
7850,-36.100857
7851,-36.75164
7852,-37.251602
7853,-37.21641
7854,-36.308094
7855,-34.45585
7856,-31.951157
7857,-29.100994
7858,-26.193312
7859,-23.514513
7860,-21.350544
7861,-19.987976
7862,-19.715155
7863,-20.823118
7864,-22.548729
7865,-23.309105
7866,-23.780869
7867,-23.993418
7868,-24.026518
7869,-23.960295
7870,-23.875246
7871,-23.852211
7872,-23.972334
7873,-24.316975
7874,-24.949835
7875,-25.830177
7876,-26.774288
7877,-27.59027
7878,-28.092432
7879,-28.126146
7880,-27.716724
7881,-27.134853
7882,-26.663935
7883,-26.57639
7884,-27.110209
7885,-28.30214
7886,-29.913286
7887,-31.688524
7888,-33.38355
7889,-34.76808
7890,-35.698517
7891,-36.149918
7892,-36.10361
7893,-35.535755
7894,-34.445656
7895,-32.966805
7896,-31.414743
7897,-30.11281
7898,-29.373598
7899,-29.463224
7900,-30.388714
7901,-31.803633
7902,-33.341232
7903,-34.649586
7904,-35.414673
7905,-35.54027
7906,-35.226578
7907,-34.69063
7908,-34.13782
7909,-33.774952
7910,-33.809498
7911,-34.448593
7912,-35.898945
7913,-38.367622
7914,-38.16773
7915,-32.138477
7916,-28.474474
7917,-25.557653
7918,-23.16742
7919,-21.084507
7920,-19.09058
7921,-16.967333
7922,-14.496732
7923,-11.461389
7924,-7.6862035
7925,-3.2349133
7926,1.5062658
7927,-656.68005
7928,-560.25494
7929,-486.22256
7930,-434.7041
7931,-398.49948
7932,-370.41766
7933,-344.3459
7934,-315.4277
7935,-281.2147
7936,-246.4334
7937,-214.2242
7938,-184.1265
7939,-161.7292
7940,-143.04346
7941,-125.04209
7942,-103.77424
7943,-76.41676
7944,-42.436707
7945,-6.0181737
7946,20.172056
7947,40.804817
7948,49.579952
7949,53.997036
7950,48.540737
7951,41.593315
7952,34.645374
7953,27.914604
7954,20.864746
7955,12.887017
7956,3.8763578
7957,-6.0994925
7958,-16.932232
7959,-28.471256
7960,-40.524593
7961,-52.860855
7962,-65.21313
7963,-77.283676
7964,-92.25188
7965,-115.43504
7966,-142.76578
7967,-173.72473
7968,-207.46536
7969,-242.83426
7970,-278.3724
7971,-312.34384
7972,-342.78958
7973,-367.61008
7974,-384.6761
7975,-391.9764
7976,-387.7872
7977,-370.83154
7978,-340.4761
7979,-297.58963
7980,-247.44743
7981,-199.7091
7982,-162.42198
7983,-141.26237
7984,-140.25447
7985,-158.63339
7986,-186.95496
7987,-211.63266
7988,-216.52094
7989,-188.52025
7990,-132.43192
7991,-77.03833
7992,-30.920082
7993,-1.3664813
7994,0.64407176
7995,-20.561087
7996,-63.235504
7997,-123.29032
7998,-164.31674
7999,-174.10464
8000,-139.79755
8001,-84.36734
8002,-37.63782
8003,1.7331423
8004,16.20292
8005,13.744849
8006,-3.4827342
8007,-36.322136
8008,-89.253365
8009,-141.85062
8010,-197.67503
8011,-235.61838
8012,-238.70592
8013,-195.31706
8014,-136.459
8015,-113.80953
8016,-113.78575
8017,-131.83852
8018,-165.6753
8019,-213.30283
8020,-271.5776
8021,-335.3332
8022,-397.09836
8023,3.7962031
8024,2.7599025
8025,3.0184827
8026,3.9031093
8027,4.8519135
8028,-442.63596
8029,-442.07114
8030,4.053667
8031,2.3976285
8032,0.49901846
8033,-1.351765
8034,-2.8822606
8035,-4.0178256
8036,-4.946655
8037,-5.8243175
8038,-6.7785144
8039,-22.914906
8040,-9.216273
8041,-10.512354
8042,-11.662745
8043,-12.544059
8044,-13.058025
8045,-13.238827
8046,-13.26876
8047,-13.277326
8048,-13.366357
8049,-13.619633
8050,-29.037258
8051,-14.527347
8052,-15.034982
8053,-15.520334
8054,-15.9454975
8055,-16.283089
8056,-16.51754
8057,-16.628635
8058,-16.59459
8059,-16.39439
8060,-16.008131
8061,-15.417288
8062,-14.604835
8063,-13.555211
8064,-14.617027
8065,-19.19028
8066,-21.46197
8067,-23.550531
8068,-25.384138
8069,-26.889004
8070,-27.613214
8071,-26.913282
8072,-26.0
8073,-26.0
8074,-26.0
8075,-26.0
8076,-26.0
8077,-26.0
8078,-26.0
8079,-26.0
8080,-26.0
8081,-26.0
8082,-26.0
8083,-26.0
8084,-26.0
8085,-26.0
8086,-26.0
8087,-26.0
8088,-24.41007
8089,-19.358843
8090,-14.9725485
8091,-12.96653
8092,-11.3376875
8093,-10.250905
8094,-24.859629
8095,-10.137452
8096,-10.844569
8097,-11.802153
8098,-12.830229
8099,-13.748587
8100,-29.502975
8101,-15.198178
8102,-15.88875
8103,-16.606815
8104,-17.373055
8105,-18.139132
8106,-33.77756
8107,-34.19052
8108,-19.29554
8109,-19.017225
8110,-18.291584
8111,-17.068272
8112,-30.310547
8113,-12.992574
8114,-12.550401
8115,-15.319343
8116,-15.699365
8117,-15.945009
8118,-16.085918
8119,-16.149588
8120,-16.16163
8121,-16.146166
8122,-16.126207
8123,-16.124056
8124,-16.166471
8125,-16.306412
8126,-16.62552
8127,-17.194778
8128,-18.085163
8129,-19.34098
8130,-20.819311
8131,-22.148613
8132,-23.025785
8133,-23.184237
8134,-22.454939
8135,-21.076218
8136,-19.641226
8137,-18.45862
8138,-17.717613
8139,-17.552109
8140,-17.81954
8141,-18.090057
8142,-18.103134
8143,-17.65065
8144,-16.587671
8145,-15.072692
8146,-13.534961
8147,-27.203215
8148,-11.236541
8149,-10.788449
8150,-10.944294
8151,-11.716374
8152,-13.178536
8153,-15.437944
8154,-18.588737
8155,-37.523052
8156,-26.826092
8157,-29.4706
8158,-27.81505
8159,-26.0
8160,-26.0
8161,-26.0
8162,-26.0
8163,-26.0
8164,-26.0
8165,-26.0
8166,-26.0
8167,-26.0
8168,-26.0
8169,-26.0
8170,-26.0
8171,-26.0
8172,-26.0
8173,-26.0
8174,-26.0
8175,-26.0
8176,-26.0
8177,-26.0
8178,-26.0
8179,-41.0
8180,-26.0
8181,-26.0
8182,-26.0
8183,-26.0
8184,-26.0
8185,-26.0
8186,-26.0
8187,-26.0
8188,-26.0
8189,-26.0
8190,-26.0
8191,-26.0
8192,-22.759989
8193,-16.347755
8194,-15.961392
8195,-16.824493
8196,-17.966616
8197,-18.999172
8198,-19.506502
8199,-19.096045
8200,-17.921843
8201,-16.69489
8202,-15.783892
8203,-30.420935
8204,-15.808198
8205,-16.946596
8206,-18.608
8207,-20.682835
8208,-23.091784
8209,-25.739288
8210,-28.147842
8211,-28.19618
8212,-26.0
8213,-26.0
8214,-26.0
8215,-26.0
8216,-26.0
8217,-26.0
8218,-26.0
8219,-26.0
8220,-26.0
8221,-41.0
8222,-26.0
8223,-26.0
8224,-26.0
8225,-24.545177
8226,-20.264894
8227,-17.420303
8228,-32.561916
8229,-19.228645
8230,-22.279652
8231,-25.870895
8232,-28.517136
8233,-27.913902
8234,-26.0
8235,-26.0
8236,-26.0
8237,-25.532042
8238,-21.473385
8239,-13.786991
8240,-13.796343
8241,-9.4776125
8242,-0.9917893
8243,1.293253
8244,1.8478984
8245,0.6253632
8246,-1.638514
8247,-4.200106
8248,-6.2284255
8249,-6.940152
8250,-6.302584
8251,-5.1871705
8252,-4.2140217
8253,-3.8348033
8254,-4.4369006
8255,-6.089856
8256,-8.455277
8257,-11.274429
8258,-14.30328
8259,-17.260351
8260,-19.82916
8261,-21.668968
8262,-22.443727
8263,-21.874382
8264,-16.073835
8265,-12.508775
8266,-7.7506876
8267,-8.548272
8268,-10.226683
8269,-12.691257
8270,-15.649187
8271,-18.682434
8272,-21.275883
8273,-22.850069
8274,-22.946764
8275,-21.846193
8276,-20.57452
8277,-19.72633
8278,-19.66815
8279,-20.652208
8280,-22.359251
8281,-23.7949
8282,-24.235085
8283,-23.089844
8284,-20.115465
8285,-16.17784
8286,-12.764838
8287,-10.376339
8288,-9.3189945
8289,-10.000715
8290,-12.424444
8291,-15.95877
8292,-20.124777
8293,-24.37793
8294,-28.065321
8295,-29.22756
8296,-26.900587
8297,-26.0
8298,-26.0
8299,-26.0
8300,-26.0
8301,-26.0
8302,-26.0
8303,-26.0
8304,-41.0
8305,-26.0
8306,-24.22045
8307,-19.626366
8308,-16.281645
8309,-12.759809
8310,-8.738151
8311,-4.158527
8312,-3.948365
8313,1.9775132
8314,-419.99487
8315,-1.2226722
8316,-5.1647205
8317,-8.0283575
8318,-9.910216
8319,-10.923358
8320,-11.190926
8321,-10.837402
8322,-9.979974
8323,-8.722441
8324,-7.168477
8325,-5.489223
8326,-3.9259093
8327,-2.6725802
8328,-1.9176934
8329,-1.8278626
8330,-2.3598974
8331,-3.2007678
8332,-4.0814457
8333,-4.745943
8334,-4.931972
8335,-4.3834243
8336,-2.8686604
8337,-15.204672
8338,3.7436786
8339,-409.98746
8340,-304.51218
8341,-203.39882
8342,-126.20907
8343,-73.526146
8344,-55.278355
8345,-63.460648
8346,-93.472626
8347,-141.37155
8348,-200.20624
8349,-258.43152
8350,-306.34323
8351,-343.55176
8352,-373.3571
8353,-400.17868
8354,-428.65582
8355,3.5138407
8356,-13.123754
8357,0.55249137
8358,-0.2360633
8359,-0.2807526
8360,0.60168326
8361,2.5594597
8362,5.705169
8363,-377.9281
8364,-327.0197
8365,-350.01056
8366,-359.72125
8367,-360.41476
8368,-354.97888
8369,-346.41013
8370,-337.65063
8371,-331.52975
8372,-330.80777
8373,-338.3236
8374,-356.87683
8375,-387.6
8376,-428.582
8377,2.3557868
8378,-0.27617672
8379,-2.7040176
8380,-4.7650046
8381,-6.3862057
8382,-7.4930696
8383,-8.012075
8384,-7.91744
8385,-22.391321
8386,-6.834079
8387,-6.5544367
8388,-6.8230577
8389,-7.866119
8390,-9.588209
8391,-11.471034
8392,-13.0588665
8393,-13.920751
8394,-13.71981
8395,-12.613171
8396,-11.258684
8397,-10.065822
8398,-9.318728
8399,-9.247558
8400,-9.821423
8401,-10.70714
8402,-11.676893
8403,-12.53072
8404,-13.087729
8405,-13.338278
8406,-28.472717
8407,-28.613289
8408,-13.849657
8409,-14.272219
8410,-14.976483
8411,-16.066027
8412,-17.656054
8413,-19.88001
8414,-17.185648
8415,-7.971522
8416,-6.180857
8417,-4.6500964
8418,-3.5168602
8419,-2.8009708
8420,-2.4609528
8421,-2.4205716
8422,-2.5824463
8423,-2.8358805
8424,-3.0674386
8425,-3.1902633
8426,-18.1534
8427,-2.8993258
8428,-2.3690472
8429,-1.5020792
8430,-0.21237832
8431,1.6139365
8432,4.072426
8433,-426.91986
8434,-355.9375
8435,-282.875
8436,-223.51588
8437,-189.99077
8438,-192.42998
8439,-244.74983
8440,-365.2498
8441,-8.086024
8442,-18.725555
8443,-26.626112
8444,-23.422823
8445,-19.115349
8446,-13.38739
8447,-8.921203
8448,-6.4962263
8449,-6.6036816
8450,-9.111366
8451,-12.868723
8452,-16.965443
8453,-20.332766
8454,-21.82623
8455,-21.26199
8456,-19.758213
8457,-18.046108
8458,-16.524023
8459,-15.481673
8460,-15.183537
8461,-15.935271
8462,-18.136625
8463,-22.3542
8464,-25.92041
8465,-24.806416
8466,-24.741322
8467,-24.328058
8468,-23.675535
8469,-22.87671
8470,-22.009003
8471,-21.137363
8472,-20.31863
8473,-19.60591
8474,-34.051384
8475,-18.705498
8476,-18.619919
8477,-18.857418
8478,-19.4909
8479,-20.565985
8480,-21.926725
8481,-23.17546
8482,-23.993414
8483,-24.096197
8484,-23.274984
8485,-21.628756
8486,-19.529713
8487,-17.157707
8488,-14.592002
8489,-11.907776
8490,-9.299707
8491,-7.0698204
8492,-5.442047
8493,-4.6668496
8494,-4.9891605
8495,-21.321657
8496,-8.121167
8497,-9.896849
8498,-11.153218
8499,-11.451111
8500,-10.792662
8501,-9.676963
8502,-8.427237
8503,-7.2581487
8504,-6.336131
8505,-5.679813
8506,-5.156359
8507,-4.696126
8508,-4.2510386
8509,-3.7708647
8510,-3.204328
8511,-17.500097
8512,-1.6077712
8513,-0.479284
8514,-0.7622956
8515,-3.448702
8516,-4.432869
8517,-5.1137204
8518,-5.5807433
8519,-5.9184446
8520,-6.2067866
8521,-6.5223646
8522,-21.939928
8523,-7.5342183
8524,-8.357848
8525,-9.328359
8526,-10.1965065
8527,-10.750482
8528,-10.802825
8529,-10.248168
8530,-9.368425
8531,-8.836822
8532,-9.146953
8533,-10.767406
8534,-14.146864
8535,-34.091652
8536,-24.347979
8537,-28.528927
8538,-29.418129
8539,-26.833338
8540,-38.536896
8541,-18.016968
8542,-14.686189
8543,-12.895495
8544,-12.845107
8545,-14.3291445
8546,-16.546482
8547,-19.017347
8548,-21.230707
8549,-22.651396
8550,-23.272652
8551,-23.766478
8552,-24.558142
8553,-25.95147
8554,-27.361416
8555,-27.046577
8556,-26.0
8557,-26.0
8558,-26.0
8559,-26.0
8560,-26.0
8561,-26.0
8562,-26.0
8563,-22.07257
8564,-12.955918
8565,-9.448754
8566,-8.794003
8567,-8.431305
8568,-8.574698
8569,-9.191898
8570,-10.132237
8571,-11.179914
8572,-12.081072
8573,-12.564019
8574,-12.413055
8575,-11.723309
8576,-10.915888
8577,-10.264963
8578,-9.9778805
8579,-10.22016
8580,-10.919321
8581,-11.721723
8582,-12.360114
8583,-12.599232
8584,-12.247004
8585,-11.337141
8586,-10.136582
8587,-8.805828
8588,-7.4523044
8589,-6.18649
8590,-5.1794286
8591,-4.673444
8592,-4.9019136
8593,-6.1216297
8594,-8.5697975
8595,-12.130963
8596,-16.154692
8597,-19.96745
8598,-22.828041
8599,-24.051434
8600,-23.736305
8601,-22.92442
8602,-37.29605
8603,-22.273958
8604,-23.138428
8605,-24.663424
8606,-26.07203
8607,-26.854713
8608,-26.598293
8609,-24.955826
8610,-21.745787
8611,-16.997238
8612,-10.87038
8613,-8.468466
8614,-5.1684566
8615,-3.887182
8616,-4.704206
8617,-5.928603
8618,-7.3670135
8619,-8.799221
8620,-9.987852
8621,-10.690006
8622,-10.673525
8623,-9.737335
8624,-7.7662807
8625,-4.8873196
8626,-1.4184932
8627,2.4767191
8628,6.7104526
8629,-363.41635
8630,-281.38916
8631,-216.58553
8632,-174.92072
8633,-160.56433
8634,-178.42862
8635,-230.24797
8636,-305.84268
8637,-385.14127
8638,-438.75195
8639,-436.75735
8640,-375.95575
8641,-289.48813
8642,-215.58188
8643,-160.49956
8644,-150.93227
8645,-185.8655
8646,-260.41516
8647,-370.39606
8648,-4.3352227
8649,-3.941209
8650,-5.746771
8651,-5.3092146
8652,-3.2796834
8653,-0.14739294
8654,3.716666
8655,-424.43634
8656,-340.08047
8657,-265.81396
8658,-207.53018
8659,-168.63281
8660,-151.48859
8661,-159.72023
8662,-201.35283
8663,-297.84256
8664,-368.42474
8665,-318.03348
8666,-285.81262
8667,-266.32532
8668,-257.83203
8669,-259.18378
8670,-269.7072
8671,-289.09558
8672,-317.30908
8673,-354.48245
8674,-400.52563
8675,3.4534588
8676,0.76430404
8677,-1.2972039
8678,-2.325649
8679,-2.0416017
8680,-0.70425117
8681,0.86923504
8682,2.0670972
8683,2.3759482
8684,1.3449934
8685,-0.95210224
8686,-3.679519
8687,-5.994907
8688,-7.056915
8689,-6.214656
8690,-3.7604687
8691,-0.89190173
8692,1.6478398
8693,3.3293877
8694,3.6677005
8695,2.5905986
8696,0.61232597
8697,-1.7984102
8698,-4.159818
8699,-5.993133
8700,-7.118891
8701,-7.772001
8702,-23.133865
8703,-8.336277
8704,-8.493201
8705,-8.659006
8706,-8.823209
8707,-23.99448
8708,-9.190182
8709,-24.427689
8710,-9.724821
8711,-10.1002245
8712,-10.573666
8713,-11.165808
8714,-11.540381
8715,-10.5005045
8716,-7.650777
8717,-4.2213163
8718,-0.49279466
8719,3.349015
8720,-441.54468
8721,-366.07632
8722,-304.0454
8723,-258.2216
8724,-230.11235
8725,-218.78305
8726,-220.51334
8727,-231.76614
8728,-249.34485
8729,-269.88138
8730,-289.5572
8731,-304.063
8732,-308.8436
8733,-299.56357
8734,-273.35764
8735,-232.13689
8736,-183.30728
8737,-134.28842
8738,-90.6492
8739,-55.791935
8740,-30.966726
8741,-15.98295
8742,-10.602675
8743,-15.720988
8744,-34.18199
8745,-68.849594
8746,-117.911385
8747,-174.13394
8748,-224.64354
8749,-253.75478
8750,-253.27553
8751,-229.44104
8752,-192.80704
8753,-153.30081
8754,-118.46059
8755,-91.83784
8756,-73.42276
8757,-62.74532
8758,-59.7143
8759,-64.84603
8760,-79.5286
8761,-106.31309
8762,-149.23264
8763,-214.15076
8764,-285.89655
8765,-323.2261
8766,-337.64874
8767,-333.7889
8768,-317.9109
8769,-296.5604
8770,-275.85684
8771,-261.26828
8772,-257.86716
8773,-271.0662
8774,-306.6647
8775,-365.71072
8776,-438.14502
8777,0.39473867
8778,-1.2107635
8779,-0.15367664
8780,3.1644986
8781,-433.54578
8782,-359.76428
8783,-302.62567
8784,-273.92273
8785,-275.1388
8786,-296.16058
8787,-324.8198
8788,-347.51846
8789,-350.60098
8790,-329.46094
8791,-293.47983
8792,-254.1451
8793,-220.99985
8794,-201.02502
8795,-196.8246
8796,-206.39316
8797,-227.59451
8798,-258.71017
8799,-297.78113
8800,-341.57422
8801,-384.7614
8802,-420.6295
8803,-441.71994
8804,-441.40527
8805,-418.63028
8806,-380.11804
8807,-333.97598
8808,-287.3861
8809,-246.17812
8810,-214.82152
8811,-196.8709
8812,-195.86917
8813,-216.71309
8814,-246.11888
8815,-250.3468
8816,-239.3819
8817,-217.36322
8818,-188.82455
8819,-158.00479
8820,-128.47845
8821,-102.99447
8822,-83.525215
8823,-71.52645
8824,-68.11542
8825,-73.20811
8826,-84.783134
8827,-100.35339
8828,-116.98627
8829,-131.28001
8830,-140.47461
8831,-143.46262
8832,-139.74806
8833,-129.16463
8834,-112.12413
8835,-90.45307
8836,-67.424225
8837,-45.97274
8838,-28.185484
8839,-15.294965
8840,-7.619737
8841,-4.8739467
8842,-7.072194
8843,-14.826547
8844,-29.258526
8845,-50.76388
8846,-77.24608
8847,-104.55672
8848,-126.83937
8849,-137.93733
8850,-136.26254
8851,-127.53275
8852,-118.87446
8853,-116.86455
8854,-127.50893
8855,-154.25822
8856,-195.78383
8857,-248.84932
8858,-308.34766
8859,-366.78857
8860,-414.52335
8861,-440.70346
8862,-434.9858
8863,-389.95587
8864,-364.3286
8865,-433.26
8866,0.18372968
8867,-3.890758
8868,-7.888646
8869,-11.657519
8870,-15.030234
8871,-17.827168
8872,-19.864414
8873,-20.970337
8874,-36.038307
8875,-20.17889
8876,-18.713724
8877,-16.864088
8878,-14.774592
8879,-12.564864
8880,-10.411207
8881,-8.550559
8882,-7.1681724
8883,-6.462082
8884,-6.6110034
8885,-7.4997973
8886,-8.632596
8887,-9.583933
8888,-24.945942
8889,-9.404778
8890,-8.162849
8891,-6.9487004
8892,-6.2487946
8893,-21.461988
8894,-7.956771
8895,-10.710836
8896,-29.145643
8897,-17.735779
8898,-35.922234
8899,-23.113976
8900,-24.017654
8901,-23.796282
8902,-22.577856
8903,-20.476072
8904,-17.668499
8905,-14.560205
8906,-11.668275
8907,-9.215556
8908,-7.3818336
8909,-6.419816
8910,-6.6706314
8911,-8.578004
8912,-12.735881
8913,-20.03528
8914,-33.051537
8915,-29.469343
8916,-26.80154
8917,-22.766674
8918,-18.761576
8919,-15.428205
8920,-12.998337
8921,-11.682075
8922,-11.863549
8923,-14.175083
8924,-19.401012
8925,-42.656364
8926,-47.30033
8927,-26.932287
8928,-26.0
8929,-26.0
8930,-26.0
8931,-26.0
8932,-41.0
8933,-26.0
8934,-26.0
8935,-26.0
8936,-26.0
8937,-26.0
8938,-26.0
8939,-26.0
8940,-26.0
8941,-26.0
8942,-26.0
8943,-26.0
8944,-41.0
8945,-41.0
8946,-26.0
8947,-26.0
8948,-26.0
8949,-26.0
8950,-26.0
8951,-26.0
8952,-26.0
8953,-26.0
8954,-26.0
8955,-25.14575
8956,-22.590609
8957,-20.577219
8958,-19.960684
8959,-20.462324
8960,-22.474222
8961,-26.604786
8962,-29.397186
8963,-26.424145
8964,-26.0
8965,-26.0
8966,-26.0
8967,-26.0
8968,-26.0
8969,-26.0
8970,-26.0
8971,-26.0
8972,-26.0
8973,-26.0
8974,-26.0
8975,-26.0
8976,-38.67703
8977,-17.994925
8978,-16.255615
8979,-18.766403
8980,-23.451801
8981,-28.443365
8982,-29.50719
8983,-26.0
8984,-26.0
8985,-26.0
8986,-25.440517
8987,-22.656675
8988,-20.084463
8989,-22.907299
8990,-27.341326
8991,-28.482946
8992,-26.0
8993,-26.0
8994,-26.0
8995,-26.0
8996,-26.0
8997,-26.0
8998,-26.0
8999,-26.0
9000,-26.0
9001,-26.0
9002,-26.0
9003,-26.0
9004,-26.0
9005,-26.0
9006,-26.0
9007,-26.0
9008,-26.0
9009,-26.0
9010,-26.0
9011,-26.0
9012,-26.0
9013,-26.0
9014,-26.0
9015,-41.0
9016,-26.0
9017,-26.0
9018,-26.0
9019,-26.0
9020,-26.0
9021,-26.0
9022,-26.0
9023,-26.0
9024,-26.0
9025,-26.0
9026,-26.0
9027,-26.0
9028,-26.0
9029,-26.0
9030,-26.0
9031,-26.0
9032,-26.0
9033,-26.0
9034,-26.0
9035,-26.0
9036,-26.0
9037,-26.0
9038,-26.0
9039,-26.0
9040,-26.0
9041,-26.0
9042,-26.0
9043,-41.0
9044,-26.0
9045,-26.0
9046,-26.0
9047,-26.0
9048,-26.0
9049,-26.0
9050,-26.0
9051,-25.41303
9052,-21.463543
9053,-16.576225
9054,-18.082817
9055,-21.256886
9056,-40.44025
9057,-28.762917
9058,-28.013906
9059,-26.0
9060,-26.0
9061,-26.0
9062,-26.0
9063,-26.0
9064,-23.44227
9065,-19.059515
9066,-21.6381
9067,-26.913033
9068,-29.30687
9069,-26.0
9070,-26.0
9071,-26.0
9072,-26.0
9073,-26.0
9074,-26.0
9075,-26.0
9076,-26.0
9077,-26.0
9078,-26.0
9079,-26.0
9080,-26.0
9081,-26.0
9082,-41.0
9083,-26.0
9084,-26.0
9085,-26.0
9086,-26.0
9087,-26.0
9088,-26.0
9089,-26.0
9090,-41.0
9091,-26.0
9092,-26.0
9093,-26.0
9094,-26.0
9095,-26.0
9096,-26.0
9097,-26.0
9098,-26.0
9099,-26.0
9100,-26.0
9101,-26.0
9102,-26.0
9103,-26.0
9104,-26.0
9105,-26.0
9106,-26.0
9107,-26.0
9108,-26.0
9109,-26.0
9110,-26.0
9111,-26.0
9112,-26.0
9113,-26.0
9114,-26.0
9115,-26.0
9116,-26.0
9117,-26.0
9118,-26.0
9119,-26.0
9120,-26.0
9121,-26.0
9122,-26.0
9123,-26.0
9124,-26.0
9125,-26.0
9126,-26.0
9127,-26.0
9128,-26.0
9129,-26.0
9130,-26.0
9131,-26.0
9132,-26.0
9133,-26.0
9134,-26.0
9135,-26.0
9136,-26.0
9137,-26.0
9138,-26.0
9139,-26.0
9140,-26.0
9141,-26.0
9142,-26.0
9143,-26.0
9144,-26.0
9145,-26.0
9146,-26.0
9147,-26.0
9148,-26.0
9149,-26.0
9150,-26.0
9151,-26.0
9152,-26.0
9153,-26.0
9154,-26.0
9155,-26.0
9156,-26.0
9157,-26.0
9158,-26.0
9159,-26.0
9160,-26.0
9161,-26.0
9162,-26.0
9163,-26.0
9164,-26.0
9165,-26.0
9166,-26.0
9167,-26.0
9168,-26.0
9169,-26.0
9170,-26.0
9171,-26.0
9172,-26.0
9173,-26.0
9174,-26.0
9175,-26.0
9176,-26.0
9177,-26.0
9178,-26.0
9179,-25.402966
9180,-22.852114
9181,-19.85954
9182,-19.085613
9183,-19.2481
9184,-20.568441
9185,-22.898909
9186,-25.602549
9187,-27.91211
9188,-27.923775
9189,-26.0
9190,-26.0
9191,-26.0
9192,-26.0
9193,-26.0
9194,-26.0
9195,-26.0
9196,-26.0
9197,-26.0
9198,-26.0
9199,-26.0
9200,-26.0
9201,-26.0
9202,-26.0
9203,-26.0
9204,-26.0
9205,-26.0
9206,-26.0
9207,-26.0
9208,-26.0
9209,-26.0
9210,-26.0
9211,-26.0
9212,-26.0
9213,-23.684261
9214,-22.913383
9215,-28.914085
9216,-25.907537
9217,-23.17832
9218,-16.636328
9219,-11.914288
9220,-7.5283303
9221,-3.4334846
9222,0.2833923
9223,3.389483
9224,5.601506
9225,-424.83984
9226,-403.51685
9227,-392.06116
9228,-383.68396
9229,-372.30893
9230,-354.31366
9231,-329.5525
9232,-298.7336
9233,-262.74124
9234,-222.86005
9235,-181.65248
9236,-142.91838
9237,-109.73387
9238,-84.098885
9239,-66.96501
9240,-57.457294
9241,-52.774384
9242,-50.163105
9243,-47.12796
9244,-41.60199
9245,-33.304054
9246,-24.256207
9247,-16.603277
9248,-12.091526
9249,-12.121109
9250,-17.114128
9251,-25.936682
9252,-36.938232
9253,-48.02182
9254,-56.71117
9255,-61.048943
9256,-60.38832
9257,-54.65511
9258,-44.124557
9259,-29.447016
9260,-11.675794
9261,7.698413
9262,26.70725
9263,42.85823
9264,50.325283
9265,49.84461
9266,48.491405
9267,46.199436
9268,42.873882
9269,38.487255
9270,33.135994
9271,27.07384
9272,20.720768
9273,14.648299
9274,9.559178
9275,6.3244987
9276,5.953779
9277,9.280361
9278,16.645052
9279,27.392052
9280,39.076477
9281,48.347065
9282,53.47796
9283,54.913967
9284,54.619576
9285,54.51603
9286,54.95479
9287,54.738655
9288,51.66526
9289,43.07108
9290,26.887167
9291,3.4735174
9292,-23.667658
9293,-48.293205
9294,-63.277237
9295,-65.83306
9296,-60.65862
9297,-54.320072
9298,-52.919144
9299,-62.0062
9300,-85.09134
9301,-121.5511
9302,-168.7294
9303,-221.68771
9304,-273.0762
9305,-315.59863
9306,-344.78357
9307,-357.48807
9308,-351.5388
9309,-326.03616
9310,-281.6659
9311,-221.0331
9312,-154.02531
9313,-78.20787
9314,-27.39453
9315,-10.860236
9316,-5.1777773
9317,-3.8408127
9318,-5.5674853
9319,-9.315717
9320,-14.046138
9321,-18.590576
9322,-21.62826
9323,-21.76886
9324,-17.92464
9325,-10.403422
9326,-1.2326478
9327,7.551858
9328,14.438535
9329,18.457933
9330,19.353275
9331,17.511333
9332,13.229791
9333,6.6691866
9334,-1.9135574
9335,-11.475357
9336,-19.53829
9337,-22.903273
9338,-18.496902
9339,-5.027976
9340,13.835494
9341,30.717728
9342,41.368446
9343,45.301598
9344,42.377605
9345,29.17219
9346,1.3460042
9347,-46.015934
9348,-89.54456
9349,-128.83589
9350,-147.31741
9351,-147.11551
9352,-135.87706
9353,-121.811554
9354,-111.84739
9355,-109.392555
9356,-113.8216
9357,-124.01123
9358,-139.01727
9359,-157.8727
9360,-179.4481
9361,-202.3628
9362,-224.94594
9363,-245.25159
9364,-264.01852
9365,-278.16837
9366,-273.2609
9367,-252.64946
9368,-220.37123
9369,-180.81215
9370,-138.21742
9371,-96.317444
9372,-58.06355
9373,-25.473719
9374,0.4112796
9375,19.456207
9376,32.264828
9377,39.911957
9378,43.526833
9379,43.84538
9380,41.15994
9381,35.858196
9382,28.78165
9383,21.69102
9384,17.01908
9385,16.0213
9386,17.411125
9387,19.228163
9388,19.621563
9389,16.964975
9390,10.694948
9391,2.3582716
9392,-5.3235927
9393,-8.875685
9394,-5.071507
9395,6.532949
9396,22.550154
9397,38.534374
9398,50.361603
9399,54.876
9400,50.694378
9401,39.642044
9402,26.99701
9403,19.779291
9404,23.347383
9405,36.178806
9406,49.588722
9407,50.25696
9408,44.539738
9409,34.86081
9410,18.931343
9411,11.774817
9412,20.562248
9413,37.293713
9414,48.482124
9415,53.585262
9416,53.147697
9417,52.2819
9418,51.119747
9419,49.97277
9420,49.316467
9421,49.64286
9422,51.18145
9423,53.489925
9424,54.917366
9425,52.662933
9426,45.23648
9427,34.768127
9428,26.640074
9429,26.63943
9430,35.31476
9431,46.442806
9432,53.79143
9433,54.89587
9434,51.685123
9435,48.11504
9436,46.460728
9437,47.016983
9438,49.061966
9439,51.54309
9440,53.555313
9441,54.653713
9442,54.958477
9443,54.95578
9444,55.01161
9445,54.81228
9446,53.71259
9447,51.768147
9448,50.060555
9449,50.04379
9450,51.880707
9451,53.97407
9452,54.92221
9453,54.54803
9454,53.8093
9455,53.68707
9456,54.153156
9457,54.7093
9458,54.99771
9459,55.01727
9460,54.993294
9461,54.896538
9462,53.611717
9463,47.756893
9464,40.320904
9465,43.644268
9466,44.188454
9467,42.866554
9468,39.832886
9469,35.097034
9470,28.750566
9471,21.12103
9472,12.851767
9473,4.908782
9474,-1.6352646
9475,-6.53616
9476,-11.096113
9477,-17.186647
9478,-27.03554
9479,-43.21472
9480,-67.171196
9481,-97.17496
9482,-129.35512
9483,-158.09412
9484,-177.04459
9485,-183.05617
9486,-178.89188
9487,-169.06169
9488,-158.06058
9489,-149.8648
9490,-147.13005
9491,-151.01326
9492,-162.65808
9493,-183.701
9494,-215.99115
9495,-259.1298
9496,-307.74686
9497,-353.5245
9498,-386.2367
9499,-396.0615
9500,-381.2954
9501,-352.28586
9502,-321.36588
9503,-299.3714
9504,-295.0512
9505,-311.86783
9506,-345.97217
9507,-391.85077
9508,-442.99097
9509,-491.30374
9510,-527.2233
9511,-540.4712
9512,-521.4784
9513,-463.47256
9514,-391.03168
9515,-357.8747
9516,-372.94543
9517,-423.77563
9518,-504.9457
9519,-609.07074
9520,1.681311
9521,-2.6456614
9522,-5.7999134
9523,-7.1854224
9524,-6.3247805
9525,-3.3912356
9526,0.5619364
9527,4.435936
9528,-625.6511
9529,-602.2659
9530,-630.39734
9531,3.182472
9532,-0.46462435
9533,-3.8238828
9534,-6.0975957
9535,-6.89243
9536,-6.3698134
9537,-4.729662
9538,-2.1483798
9539,1.1757828
9540,4.912555
9541,-596.7461
9542,-527.2924
9543,-483.32428
9544,-470.52682
9545,-491.1903
9546,-535.8071
9547,-590.1626
9548,-641.0715
9549,4.4083824
9550,4.3498216
9551,-664.48895
9552,-636.73334
9553,-604.72925
9554,-575.8957
9555,-554.5039
9556,-540.8459
9557,-534.51904
9558,-535.2723
9559,-542.9893
9560,-557.6804
9561,-579.4726
9562,-608.602
9563,-644.4067
9564,3.3124244
9565,1.0970731
9566,1.0908234
9567,2.5313826
9568,5.0731344
9569,-598.78076
9570,-517.81647
9571,-439.1464
9572,-369.68475
9573,-314.4285
9574,-276.3201
9575,-254.29399
9576,-242.81128
9577,-235.20093
9578,-229.28143
9579,-217.60712
9580,-199.80653
9581,-178.6694
9582,-157.51442
9583,-139.14442
9584,-125.678314
9585,-117.75648
9586,-114.29785
9587,-114.05318
9588,-115.89937
9589,-118.73241
9590,-121.3395
9591,-122.33837
9592,-120.31707
9593,-113.95448
9594,-102.43756
9595,-86.86954
9596,-70.618866
9597,-56.903725
9598,-48.262367
9599,-46.753525
9600,-53.664383
9601,-69.388504
9602,-94.70048
9603,-130.85901
9604,-179.15547
9605,-239.50128
9606,-308.75983
9607,-381.27805
9608,-449.27878
9609,-503.3655
9610,-532.4781
9611,-530.29156
9612,-487.05466
9613,-401.8758
9614,-318.29214
9615,-283.95325
9616,-248.67842
9617,-214.06534
9618,-181.09145
9619,-150.55167
9620,-123.05327
9621,-99.021965
9622,-78.721176
9623,-62.28353
9624,-49.597374
9625,-39.62938
9626,-30.223835
9627,-19.384336
9628,-5.7224417
9629,10.865315
9630,27.733
9631,40.739227
9632,48.23395
9633,51.020912
9634,50.122402
9635,44.46732
9636,32.089127
9637,13.440959
9638,-6.404013
9639,-19.023258
9640,-19.67048
9641,-12.3137
9642,-3.1679416
9643,2.5754972
9644,1.1401633
9645,-8.755066
9646,-24.196379
9647,-39.741882
9648,-47.807903
9649,-41.17591
9650,-19.960087
9651,6.5341487
9652,29.376732
9653,44.094276
9654,50.982826
9655,53.219826
9656,53.540558
9657,52.814827
9658,50.959995
9659,47.833633
9660,43.771713
9661,39.78185
9662,37.392426
9663,38.156826
9664,48.1281
9665,50.186794
9666,50.954765
9667,48.46115
9668,50.12186
9669,53.456833
9670,54.8864
9671,52.242134
9672,46.00674
9673,39.2911
9674,36.290844
9675,38.688564
9676,43.942158
9677,48.9282
9678,51.985966
9679,53.02959
9680,52.5194
9681,50.431053
9682,46.289303
9683,39.95653
9684,31.98445
9685,22.5132
9686,9.475636
9687,-11.211245
9688,-46.32454
9689,-111.025246
9690,-203.30092
9691,-321.78662
9692,-444.9507
9693,-534.11127
9694,-564.03
9695,-521.2921
9696,-437.4046
9697,-349.263
9698,-284.5811
9699,-260.4879
9700,-280.73892
9701,-334.70447
9702,-408.157
9703,-481.8936
9704,-532.3821
9705,-544.80493
9706,-523.59424
9707,-479.41888
9708,-423.44388
9709,-365.8081
9710,-314.80588
9711,-276.8112
9712,-256.93356
9713,-260.41382
9714,-246.2979
9715,-179.6181
9716,-152.3125
9717,-150.50415
9718,-166.82184
9719,-195.87378
9720,-230.87901
9721,-267.39514
9722,-293.14352
9723,-298.9262
9724,-276.97366
9725,-230.63448
9726,-176.11746
9727,-128.448
9728,-97.38063
9729,-88.397804
9730,-102.17387
9731,-133.47607
9732,-174.95627
9733,-215.90405
9734,-243.09378
9735,-249.77396
9736,-242.35541
9737,-230.72139
9738,-224.36887
9739,-231.80313
9740,-258.35922
9741,-304.79276
9742,-371.38458
9743,-458.4818
9744,-570.34326
9745,-1.7983075
9746,-1.5852624
9747,-5.272816
9748,-7.25566
9749,-7.040428
9750,-4.751902
9751,-1.3524795
9752,2.1519783
9753,4.798237
9754,-652.7943
9755,4.661571
9756,2.1533828
9757,-1.1839898
9758,-4.7589536
9759,-7.976603
9760,-10.242902
9761,-10.967503
9762,-9.565689
9763,-5.4612293
9764,-3.2551584
9765,-7.303269
9766,-7.4442253
9767,-5.850641
9768,-3.0826795
9769,0.30714923
9770,3.771586
9771,-635.8935
9772,-586.2465
9773,-570.9805
9774,-599.7847
9775,3.9487765
9776,-0.96800905
9777,-11.403284
9778,-16.595264
9779,-15.847584
9780,-18.843143
9781,-20.783749
9782,-21.904434
9783,-22.416939
9784,-22.532728
9785,-22.468525
9786,-22.44837
9787,-22.69558
9788,-23.432611
9789,-24.845797
9790,-26.909908
9791,-29.30924
9792,-31.711184
9793,-33.795948
9794,-35.28473
9795,-36.13353
9796,-36.618084
9797,-37.030773
9798,-37.64986
9799,-38.711536
9800,-40.205654
9801,-41.785725
9802,-43.087994
9803,-43.764004
9804,-43.511112
9805,-42.29009
9806,-40.419155
9807,-38.232983
9808,-36.04922
9809,-34.18508
9810,-32.957798
9811,-32.68512
9812,-33.686012
9813,-36.281116
9814,-38.191998
9815,-36.87919
9816,-36.859352
9817,-37.323666
9818,-38.191505
9819,-39.381954
9820,-40.813892
9821,-42.405945
9822,-44.076603
9823,-45.744164
9824,-47.346294
9825,-48.934193
9826,-50.713375
9827,-52.896202
9828,-55.68742
9829,-59.260487
9830,-63.607536
9831,-68.473854
9832,-78.59315
9833,-83.71078
9834,-83.56442
9835,-87.84398
9836,-91.17443
9837,-93.17828
9838,-93.48162
9839,-91.78608
9840,-88.230515
9841,-83.54499
9842,-78.48211
9843,-73.76535
9844,-70.05821
9845,-67.67947
9846,-66.48165
9847,-66.29878
9848,-66.98698
9849,-68.39751
9850,-70.35478
9851,-72.64678
9852,-75.05975
9853,-77.38153
9854,-79.414734
9855,-81.04836
9856,-82.288315
9857,-83.14535
9858,-83.624626
9859,-83.73124
9860,-83.47026
9861,-82.84664
9862,-81.86531
9863,-80.531075
9864,-79.26208
9865,-78.22476
9866,-76.26724
9867,-73.79023
9868,-70.95147
9869,-67.90852
9870,-64.818825
9871,-61.839565
9872,-59.127842
9873,-56.84066
9874,-55.124905
9875,-54.068775
9876,-53.68063
9877,-53.965466
9878,-54.931957
9879,-56.558243
9880,-58.644623
9881,-60.749317
9882,-62.419228
9883,-63.21258
9884,-62.760002
9885,-61.110096
9886,-58.87743
9887,-56.69992
9888,-55.188282
9889,-54.883503
9890,-55.920975
9891,-57.883907
9892,-60.329666
9893,-62.84016
9894,-65.027336
9895,-66.68023
9896,-67.82841
9897,-68.51217
9898,-68.760506
9899,-68.61231
9900,-68.16385
9901,-67.589325
9902,-67.06618
9903,-66.768135
9904,-66.84378
9905,-67.295296
9906,-67.926094
9907,-68.531
9908,-68.91407
9909,-68.87946
9910,-68.23141
9911,-66.77441
9912,-64.31325
9913,-60.65329
9914,-58.329094
9915,-59.74678
9916,-59.595184
9917,-58.978504
9918,-58.080917
9919,-57.086388
9920,-56.178734
9921,-55.541744
9922,-55.359314
9923,-55.81551
9924,-57.068367
9925,-59.122925
9926,-61.77581
9927,-64.813805
9928,-68.03303
9929,-71.23702
9930,-74.273056
9931,-77.04787
9932,-79.47087
9933,-81.44874
9934,-82.90485
9935,-83.85924
9936,-84.462814
9937,-84.87174
9938,-85.23601
9939,-85.70182
9940,-86.39429
9941,-87.4099
9942,-88.844025
9943,-90.79334
9944,-93.306854
9945,-96.15519
9946,-98.73177
9947,-100.415085
9948,-100.601776
9949,-98.79382
9950,-95.10257
9951,-90.46351
9952,-85.843216
9953,-82.16772
9954,-80.2686
9955,-80.4309
9956,-82.199104
9957,-85.087364
9958,-88.643875
9959,-92.41621
9960,-95.951706
9961,-98.797935
9962,-100.50272
9963,-100.61433
9964,-102.48522
9965,-114.13448
9966,-112.73481
9967,-114.85401
9968,-115.67453
9969,-115.378494
9970,-114.14777
9971,-112.16424
9972,-109.609665
9973,-106.66586
9974,-103.521736
9975,-100.40772
9976,-97.61065
9977,-95.419334
9978,-94.12001
9979,-93.97389
9980,-95.09655
9981,-97.40593
9982,-100.812065
9983,-105.23419
9984,-115.54872
9985,-121.38629
9986,-127.04496
9987,-126.80977
9988,-129.9819
9989,-130.9653
9990,-129.75879
9991,-127.16648
9992,-124.023865
9993,-121.12828
9994,-119.200615
9995,-118.514755
9996,-118.739655
9997,-119.52138
9998,-120.53544
9999,-121.48028
10000,-122.18705
