timestep,reward
1,-10.6673765
2,-0.38409287
3,-0.16563872
4,0.10249326
5,0.4216305
6,0.7869237
7,1.1896461
8,1.6185719
9,2.0591471
10,2.4867008
11,2.8635733
12,3.1502767
13,3.3067272
14,3.2940755
15,-1.9136691
16,-2.3238664
17,2.0577953
18,-3.7734454
19,0.1934002
20,-0.9502972
21,-2.0016425
22,-2.7490294
23,-7.9899163
24,-2.5553298
25,-1.4301763
26,0.20482133
27,2.169367
28,4.2987075
29,-166.42896
30,-100.59827
31,-48.153225
32,-8.188524
33,20.663694
34,40.212086
35,52.713017
36,60.29635
37,64.1589
38,64.526794
39,60.67135
40,51.15131
41,34.649143
42,10.370206
43,-21.885582
44,-61.6776
45,-107.91917
46,-158.90834
47,3.137927
48,-1.0953003
49,-4.6380205
50,-7.424646
51,-9.754877
52,-11.638634
53,-13.135998
54,-14.307255
55,-15.212276
56,-15.910046
57,-16.4585
58,-16.914452
59,-17.335098
60,-17.784487
61,-18.335653
62,-19.060335
63,-20.03044
64,-21.328148
65,-23.08607
66,-25.503372
67,-28.787971
68,-33.1752
69,-38.87544
70,-44.0528
71,-44.10844
72,-41.5
73,-41.5
74,-41.5
75,-41.5
76,-41.5
77,-41.5
78,-41.5
79,-41.5
80,-41.5
81,-41.133286
82,-38.083042
83,-32.646423
84,-29.83938
85,-27.10494
86,-24.313639
87,-21.390993
88,-18.273184
89,-14.916687
90,-11.410971
91,-7.987239
92,-4.8271184
93,-2.1028435
94,0.00090869516
95,1.2870373
96,1.545632
97,0.55172217
98,-1.9402043
99,-5.5189977
100,-7.8614354
101,-7.259346
102,-5.084036
103,-1.8816934
104,1.8914088
105,5.8359265
106,-164.4113
107,-128.57564
108,-104.7956
109,-94.86375
110,-98.58073
111,-113.137314
112,-135.51697
113,-162.31952
114,-189.36417
115,3.8215332
116,2.636286
117,2.2809045
118,2.8944452
119,4.5603323
120,-187.65857
121,-155.43652
122,-124.11197
123,-97.88932
124,-79.19745
125,-67.34131
126,-58.353024
127,-48.282272
128,-33.96177
129,-13.718061
130,10.816463
131,34.841595
132,53.678993
133,63.999725
134,64.24075
135,54.590252
136,36.385445
137,11.682951
138,-16.901384
139,-46.409687
140,-73.98031
141,-97.34977
142,-115.02919
143,-126.3938
144,-131.23824
145,-129.57013
146,-121.53689
147,-107.42087
148,-87.69427
149,-72.06873
150,-73.52913
151,-83.19045
152,-100.45177
153,-124.97676
154,-156.46266
155,-194.44511
156,3.921262
157,2.6776268
158,1.4546031
159,0.28815386
160,-0.8273258
161,-1.954754
162,-3.1618361
163,-9.51425
164,-6.0675306
165,-12.815398
166,-9.665644
167,-11.521207
168,-13.287922
169,-14.876659
170,-16.231401
171,-17.340338
172,-18.19194
173,-18.772863
174,-19.079409
175,-19.157995
176,-19.119244
177,-24.070919
178,-19.116592
179,-19.339813
180,-19.708712
181,-20.042168
182,-20.165926
183,-19.917395
184,-19.166386
185,-17.955942
186,-16.547445
187,-15.185601
188,-14.096529
189,-13.478653
190,-13.374523
191,-13.623362
192,-14.071608
193,-14.577586
194,-14.998717
195,-15.192772
196,-20.018908
197,-14.338706
198,-13.017138
199,-12.9545
200,-15.379662
201,-15.4407625
202,-14.554537
203,-12.979277
204,-10.961452
205,-8.739025
206,-6.5429487
207,-4.5986514
208,-3.1292043
209,-2.3239465
210,-2.168556
211,-2.3696241
212,-2.6204524
213,-2.6213348
214,-2.1073973
215,-1.0194166
216,0.43386713
217,2.0446858
218,3.6263287
219,5.0122213
220,-171.80371
221,-141.70876
222,-119.94808
223,-104.27438
224,-92.8699
225,-84.071465
226,-76.20507
227,-67.72677
228,-57.283466
229,-44.01036
230,-28.582659
231,-13.358863
232,-0.44551682
233,8.731836
234,13.353667
235,13.665926
236,11.231285
237,7.8495746
238,5.474954
239,6.04337
240,10.412914
241,17.741856
242,26.734438
243,36.143505
244,44.917267
245,52.298668
246,57.876633
247,61.58976
248,63.68159
249,64.01722
250,62.601498
251,62.8509
252,64.28064
253,64.77287
254,62.168457
255,55.2333
256,44.214943
257,30.98728
258,18.78267
259,6.303577
260,10.593175
261,15.629277
262,24.184467
263,33.93938
264,43.018837
265,50.34655
266,55.616653
267,58.941483
268,55.63097
269,60.98748
270,60.258884
271,58.81261
272,57.200233
273,56.27472
274,56.927944
275,59.264294
276,62.250965
277,64.57023
278,65.07602
279,63.027493
280,58.32012
281,51.74806
282,44.96032
283,40.105
284,39.109455
285,42.271656
286,47.781807
287,53.539753
288,58.109676
289,60.978783
290,62.45576
291,63.134804
292,63.39299
293,63.43523
294,63.402306
295,63.426388
296,63.631615
297,64.07882
298,64.65379
299,64.105644
300,52.36532
301,38.54142
302,30.398
303,29.905981
304,35.526707
305,44.224026
306,52.94417
307,59.567028
308,63.33292
309,64.76106
310,65.02416
311,64.98897
312,64.7936
313,63.962376
314,61.583607
315,56.752052
316,49.45536
317,40.997063
318,33.860966
319,30.90915
320,33.441315
321,40.064083
322,48.449608
323,56.380424
324,62.222706
325,65.05474
326,64.220375
327,58.75933
328,47.19968
329,27.485577
330,-2.5751555
331,-44.2323
332,-97.26589
333,-159.36609
334,4.144042
335,2.3579516
336,0.5409471
337,-1.5136919
338,-4.0059943
339,-12.111106
340,-15.824152
341,-19.880964
342,-24.009502
343,-27.963394
344,-31.51018
345,-34.42949
346,-31.510199
347,-32.54784
348,-32.34377
349,-32.929134
350,-41.528133
351,-44.31416
352,-47.038322
353,-49.615746
354,-46.962616
355,-48.995987
356,-50.633648
357,-51.794
358,-52.39596
359,-52.396942
360,-51.970745
361,-51.561905
362,-51.584435
363,-52.42959
364,-54.420097
365,-62.476395
366,-66.00847
367,-69.479385
368,-72.39758
369,-69.34602
370,-70.316284
371,-70.80749
372,-71.254814
373,-72.042076
374,-73.490974
375,-75.6036
376,-77.987
377,-80.29256
378,-82.202805
379,-83.44929
380,-84.04505
381,-84.3548
382,-84.702446
383,-85.38221
384,-86.64288
385,-88.46662
386,-90.50222
387,-92.44035
388,-94.003
389,-94.953384
390,-100.28384
391,-95.27218
392,-95.161606
393,-95.16887
394,-95.50962
395,-96.39905
396,-98.05235
397,-100.68486
398,-109.51204
399,-111.90773
400,-105.34989
401,-105.186615
402,-105.06578
403,-104.993835
404,-109.97767
405,-105.02444
406,-105.140816
407,-105.332146
408,-105.602356
409,-105.94456
410,-106.29369
411,-106.512436
412,-106.472694
413,-106.05352
414,-105.16157
415,-103.85771
416,-102.39506
417,-101.00359
418,-99.89592
419,-99.2498
420,-99.04527
421,-99.01552
422,-98.92403
423,-98.558754
424,-97.736046
425,-96.406525
426,-94.68421
427,-92.6622
428,-90.418205
429,-88.02795
430,-85.55744
431,-83.0607
432,-80.59281
433,-78.20944
434,-75.96089
435,-73.871254
436,-71.932396
437,-70.139824
438,-68.49183
439,-66.98178
440,-65.575035
441,-64.20204
442,-62.797493
443,-61.299213
444,-59.645115
445,-57.773136
446,-55.621323
447,-53.127953
448,-55.231632
449,-49.550354
450,-52.55502
451,-52.591644
452,-51.782978
453,-50.327377
454,-48.421257
455,-46.25963
456,-44.036297
457,-41.943974
458,-40.174545
459,-38.89763
460,-38.15813
461,-37.84434
462,-37.86084
463,-38.124916
464,-38.55064
465,-39.03692
466,-39.46371
467,-39.712513
468,-44.666386
469,-39.225685
470,-38.387375
471,-37.2691
472,-35.975044
473,-34.598263
474,-33.228714
475,-31.941141
476,-30.791536
477,-29.838224
478,-29.141687
479,-28.747517
480,-28.61337
481,-33.584667
482,-28.516745
483,-28.279135
484,-27.76694
485,-26.970926
486,-25.997963
487,-24.950884
488,-23.92047
489,-22.995104
490,-22.301785
491,-22.020674
492,-22.314789
493,-23.333775
494,-30.223948
495,-38.132507
496,-37.209267
497,-42.60546
498,-54.471252
499,-59.09971
500,-47.70524
501,-47.319473
502,-46.452118
503,-50.23374
504,-43.79739
505,-42.27873
506,-40.815613
507,-44.548046
508,-38.618786
509,-38.142548
510,-38.05964
511,-43.088882
512,-37.972656
513,-37.473553
514,-36.389168
515,-34.708057
516,-32.65771
517,-35.442043
518,-28.245155
519,-26.22571
520,-24.399803
521,-22.604895
522,-20.696104
523,-18.544323
524,-16.049088
525,-18.261694
526,-20.420858
527,-12.746011
528,-5.436913
529,-3.6599088
530,-2.4125566
531,-6.4737315
532,-0.6196521
533,0.36810482
534,1.6852784
535,3.3787665
536,5.3006325
537,-137.00293
538,-79.15913
539,-34.60192
540,-2.7527695
541,19.085768
542,33.489574
543,42.499386
544,47.633682
545,49.889923
546,49.7365
547,47.09792
548,41.33455
549,45.650604
550,61.667236
551,64.63218
552,64.93249
553,64.71686
554,63.04332
555,59.25942
556,54.622185
557,47.17052
558,54.852356
559,61.758118
560,64.22362
561,45.29411
562,9.614158
563,-47.224728
564,-89.90532
565,-128.46571
566,-149.36986
567,-155.65752
568,-152.82933
569,-146.94502
570,-142.86757
571,-143.6809
572,-152.27353
573,-172.105
574,4.0090075
575,-0.51071894
576,-5.4154253
577,-9.862365
578,-12.9976015
579,-14.115963
580,-13.363825
581,-11.888887
582,-10.627689
583,-10.339107
584,-11.649475
585,-14.552254
586,-23.173235
587,-21.626247
588,-24.014595
589,-24.516151
590,-27.849848
591,-19.388052
592,-14.441802
593,-8.256504
594,-1.0497077
595,1.982088
596,-119.03086
597,-37.56005
598,15.101831
599,54.189438
600,58.05753
601,30.343744
602,-24.562866
603,-83.86323
604,-151.2249
605,4.094062
606,2.1810093
607,0.5221951
608,-0.92985976
609,-2.221101
610,-3.3842883
611,-4.4336596
612,-5.3838763
613,-6.251804
614,-7.0526595
615,-12.786756
616,-8.433937
617,-8.974235
618,-9.388929
619,-9.658369
620,-9.757675
621,-9.655323
622,-9.320696
623,-8.724735
624,-7.8534365
625,-11.772909
626,-5.651867
627,-4.6553416
628,-8.941212
629,-8.647812
630,-8.794506
631,-9.236988
632,-4.820749
633,-5.3892508
634,-10.786918
635,-10.915961
636,-5.761493
637,-5.306999
638,-4.5298905
639,-8.415854
640,-1.9928279
641,-0.34307918
642,1.4479457
643,3.2948608
644,5.1098356
645,-151.89098
646,-109.85534
647,-76.46098
648,-51.44891
649,-20.80316
650,24.86436
651,50.22498
652,64.23821
653,62.990086
654,55.476124
655,44.07451
656,29.911116
657,13.116784
658,-7.024329
659,-36.95964
660,-63.437664
661,-107.99277
662,-152.30807
663,2.884817
664,-3.316413
665,-9.974368
666,-16.758331
667,-23.29902
668,-29.204182
669,-34.09834
670,-37.902306
671,-40.973053
672,-43.146156
673,-48.050014
674,-41.5
675,-41.5
676,-46.5
677,-41.5
678,-41.5
679,-41.5
680,-41.5
681,-46.5
682,-46.5
683,-41.5
684,-46.5
685,-41.5
686,-41.5
687,-41.291737
688,-39.876038
689,-36.985428
690,-34.336098
691,-32.083675
692,-30.678438
693,-30.515224
694,-32.083553
695,-41.018867
696,-42.34379
697,-45.413193
698,-41.5
699,-46.5
700,-41.5
701,-41.5
702,-41.5
703,-41.5
704,-10.667377
705,-0.38414037
706,-0.16615947
707,0.099968754
708,0.41357678
709,0.767202
710,1.1490159
711,1.5443442
712,1.9351848
713,2.2936394
714,2.5791874
715,2.7498846
716,2.7634206
717,2.5789907
718,2.169091
719,-3.4745786
720,0.64119387
721,-0.4901974
722,-1.8596603
723,-3.3762946
724,-4.836675
725,-6.030078
726,-6.754367
727,-6.839274
728,-6.2696085
729,-5.2293735
730,-3.8992116
731,-2.443818
732,-1.0146623
733,-4.7054124
734,1.4636315
735,2.4721494
736,3.2959075
737,3.9179125
738,-0.636053
739,4.718979
740,-209.33614
741,-188.95525
742,-168.60497
743,-142.54662
744,-112.4559
745,-80.48614
746,-48.683098
747,-18.881317
748,7.4028883
749,29.065617
750,45.486385
751,56.564194
752,62.66553
753,64.78663
754,63.95748
755,55.78666
756,55.75002
757,49.20761
758,41.41075
759,32.506866
760,22.54446
761,11.477254
762,-0.83887786
763,-14.677141
764,-30.478376
765,-48.839283
766,-70.52539
767,-96.548294
768,-128.48346
769,-168.8389
770,2.4651768
771,-8.224728
772,-10.032262
773,-17.787582
774,-25.763968
775,-33.1132
776,-38.88931
777,-42.178284
778,-42.842995
779,-41.821865
780,-39.891697
781,-37.58567
782,-35.262432
783,-33.02642
784,-30.79912
785,-28.605566
786,-26.507376
787,-24.55271
788,-22.70301
789,-20.82733
790,-23.834805
791,-16.64773
792,-14.213474
793,-11.617692
794,-14.098111
795,-6.8486147
796,-5.051327
797,-3.8997736
798,-8.600698
799,-4.3759313
800,-6.4671702
801,-10.146195
802,-14.991042
803,-18.491491
804,-18.797825
805,-17.518923
806,-15.263239
807,-12.530193
808,-9.738242
809,-7.26963
810,-5.5081944
811,-4.8637347
812,-5.719713
813,-8.118186
814,-11.612507
815,-15.753501
816,-20.083252
817,-24.125599
818,-27.523146
819,-30.111076
820,-31.718191
821,-32.180027
822,-31.433853
823,-29.796947
824,-27.947783
825,-26.353077
826,-25.366932
827,-25.246887
828,-25.818783
829,-26.399046
830,-26.454126
831,-25.533344
832,-23.308043
833,-19.891617
834,-15.808162
835,-11.377149
836,-6.8212147
837,-2.343923
838,1.9087216
839,5.853889
840,-171.32541
841,-131.71396
842,-106.29519
843,-89.41108
844,-80.21992
845,-77.97966
846,-82.10095
847,-97.4703
848,-109.48245
849,-134.04585
850,-167.6302
851,3.3485765
852,-0.19537972
853,-1.2178574
854,-6.62775
855,-1.3460617
856,-0.546857
857,0.6125688
858,1.9892417
859,3.4514925
860,4.8758316
861,-195.84245
862,-183.10008
863,-173.18457
864,-164.18344
865,-153.97449
866,-140.6208
867,-122.739365
868,-100.83053
869,-77.59133
870,-55.63516
871,-41.895782
872,-22.597473
873,-13.071034
874,-12.9249525
875,-6.889278
876,-10.025259
877,-17.63711
878,-29.589384
879,-44.539474
880,-60.391598
881,-74.40473
882,-83.73157
883,-87.84581
884,-90.09989
885,-94.80241
886,-106.53936
887,-130.1444
888,-167.85568
889,2.9975822
890,-1.061703
891,-4.025533
892,-5.205486
893,-4.501321
894,-2.5356758
895,0.14868553
896,3.1199868
897,-203.62035
898,-174.18504
899,-155.35123
900,-150.65814
901,-164.46858
902,-150.23799
903,-80.71032
904,-45.48867
905,-44.97532
906,-51.822815
907,-77.62147
908,-114.3156
909,-156.91682
910,-197.53467
911,2.6249387
912,2.7002738
913,4.75544
914,-181.58919
915,-149.07903
916,-125.18004
917,-116.67966
918,-125.69333
919,-148.76978
920,-181.43492
921,3.0544515
922,0.41618323
923,-1.3703699
924,-2.4615734
925,-8.021339
926,-3.1837826
927,-3.0826242
928,-7.871444
929,-2.7312722
930,-2.840324
931,-3.3770874
932,-4.4876437
933,-6.1040683
934,-7.868224
935,-9.425952
936,-10.438848
937,-10.63089
938,-10.059905
939,-9.183683
940,-8.393081
941,-8.030873
942,-8.404502
943,-9.612104
944,-11.477946
945,-13.851233
946,-21.596895
947,-24.57184
948,-22.625893
949,-25.603464
950,-33.345524
951,-30.691036
952,-30.365963
953,-27.741318
954,-30.301449
955,-34.234123
956,-39.30582
957,-43.736206
958,-43.754704
959,-41.5
960,-41.5
961,-41.5
962,-41.5
963,-41.5
964,-41.5
965,-41.5
966,-41.5
967,-41.5
968,-41.5
969,-41.5
970,-41.5
971,-41.5
972,-41.5
973,-46.5
974,-41.5
975,-41.5
976,-41.5
977,-41.5
978,-41.5
979,-41.5
980,-41.5
981,-41.5
982,-46.5
983,-41.5
984,-41.5
985,-41.5
986,-41.5
987,-41.5
988,-41.5
989,-41.5
990,-41.5
991,-41.5
992,-41.5
993,-41.5
994,-41.5
995,-41.5
996,-41.5
997,-41.5
998,-41.5
999,-41.5
1000,-41.5
1001,-41.5
1002,-41.5
1003,-41.5
1004,-41.5
1005,-41.5
1006,-41.5
1007,-46.5
1008,-41.5
1009,-41.5
1010,-41.5
1011,-41.5
1012,-46.5
1013,-41.276363
1014,-41.006474
1015,-41.498016
1016,-41.686485
1017,-41.5
1018,-41.5
1019,-41.5
1020,-41.5
1021,-41.5
1022,-41.5
1023,-41.5
1024,-41.5
1025,-46.5
1026,-41.5
1027,-41.5
1028,-39.91024
1029,-34.982723
1030,-30.114939
1031,-25.883984
1032,-21.158916
1033,-16.030703
1034,-10.719669
1035,-10.418481
1036,-0.37789506
1037,4.144458
1038,-182.15608
1039,-139.31615
1040,-87.48976
1041,-39.404003
1042,8.013492
1043,41.429276
1044,54.97367
1045,53.17357
1046,22.651556
1047,-23.444212
1048,-67.08792
1049,-103.04226
1050,-112.47961
1051,-87.509926
1052,-68.63413
1053,-106.91023
1054,-149.87845
1055,-194.92009
1056,3.9185903
1057,2.992073
1058,2.3980975
1059,2.2118008
1060,-2.4948041
1061,3.3464377
1062,4.768237
1063,-163.13301
1064,-98.68068
1065,-59.356277
1066,-30.234774
1067,-28.475605
1068,-54.613106
1069,-89.78167
1070,-140.54442
1071,-191.4093
1072,4.8335314
1073,-196.08588
1074,-168.11212
1075,-124.77288
1076,-98.60622
1077,-77.28178
1078,-76.4524
1079,-84.463234
1080,-93.153465
1081,-93.64454
1082,-83.358505
1083,-47.857376
1084,-17.368511
1085,18.536171
1086,39.87812
1087,51.50037
1088,56.695374
1089,59.209286
1090,61.177746
1091,63.450035
1092,59.824455
1093,60.804535
1094,40.89512
1095,17.394407
1096,-22.88729
1097,-68.290764
1098,-108.21647
1099,-130.27682
1100,-123.68574
1101,-83.84787
1102,-62.85798
1103,-118.491585
1104,-177.19676
1105,0.83599955
1106,-3.8670664
1107,-13.030278
1108,-11.620891
1109,-14.610698
1110,-16.977896
1111,-18.707523
1112,-19.82495
1113,-20.555313
1114,-21.362867
1115,-22.664461
1116,-24.860088
1117,-28.290373
1118,-32.78616
1119,-37.44113
1120,-46.352974
1121,-43.44125
1122,-42.88537
1123,-41.101097
1124,-39.32485
1125,-36.897366
1126,-40.871033
1127,-36.291042
1128,-43.175423
1129,-41.06229
1130,-43.077625
1131,-47.119633
1132,-41.5
1133,-41.5
1134,-46.5
1135,-41.5
1136,-41.5
1137,-41.5
1138,-41.5
1139,-41.5
1140,-41.5
1141,-41.5
1142,-41.5
1143,-41.5
1144,-41.5
1145,-41.5
1146,-41.5
1147,-41.5
1148,-46.5
1149,-10.667377
1150,-0.38414037
1151,-0.16615947
1152,0.099968754
1153,0.41357678
1154,0.767202
1155,1.1490159
1156,1.5443442
1157,1.9351848
1158,2.2936394
1159,2.5791874
1160,2.7498846
1161,2.7634206
1162,2.5789907
1163,2.169091
1164,1.5254208
1165,-4.3589616
1166,-0.4916698
1167,-1.8665808
1168,-3.3975904
1169,-4.8867035
1170,-6.1285014
1171,-6.9253435
1172,-7.1104364
1173,-6.6711407
1174,-5.7934136
1175,-4.6591306
1176,-3.4336824
1177,-2.2689989
1178,-1.2587001
1179,-0.42218253
1180,0.22068977
1181,0.6452995
1182,0.83396757
1183,0.81324327
1184,0.67114097
1185,0.50013846
1186,0.3909043
1187,0.42563224
1188,0.6361893
1189,0.9864693
1190,1.4372009
1191,1.9526373
1192,2.4974258
1193,3.0365028
1194,3.5349684
1195,3.957935
1196,4.270322
1197,4.4196267
1198,4.384856
1199,4.241
1200,3.9957302
1201,3.664613
1202,3.2634797
1203,2.8083708
1204,2.315483
1205,1.801133
1206,1.2817224
1207,0.77402073
1208,0.29687035
1209,-0.12800837
1210,-0.47863004
1211,-0.7331578
1212,-0.86786354
1213,-0.847485
1214,-0.6212323
1215,-0.138529
1216,0.6490477
1217,1.7707409
1218,3.154869
1219,4.5997686
1220,-180.30719
1221,-146.01189
1222,-129.27779
1223,-130.6237
1224,-147.57262
1225,-177.99077
1226,4.414859
1227,3.0434659
1228,1.6184397
1229,0.17321862
1230,-1.2647492
1231,-2.6664746
1232,-4.0072517
1233,-5.286625
1234,-6.5373306
1235,-7.793527
1236,-9.087607
1237,-10.444767
1238,-11.848498
1239,-13.226374
1240,-14.50586
1241,-15.618216
1242,-16.495398
1243,-17.07013
1244,-17.276
1245,-17.047588
1246,-16.320698
1247,-15.251857
1248,-14.573564
1249,-19.791496
1250,-15.528308
1251,-16.638494
1252,-17.970003
1253,-19.365805
1254,-20.66663
1255,-21.713316
1256,-22.34844
1257,-22.439585
1258,-21.984715
1259,-21.146862
1260,-20.078121
1261,-18.91733
1262,-17.795895
1263,-16.80618
1264,-15.991317
1265,-15.398414
1266,-15.079182
1267,-15.071837
1268,-15.332151
1269,-15.707339
1270,-16.048792
1271,-16.219826
1272,-16.113462
1273,-15.751101
1274,-15.314072
1275,-14.971227
1276,-14.875169
1277,-15.157207
1278,-15.844866
1279,-16.830404
1280,-18.006914
1281,-19.273983
1282,-20.534876
1283,-21.71801
1284,-22.785091
1285,-23.698109
1286,-29.41831
1287,-24.910414
1288,-25.15261
1289,-25.141733
1290,-24.885508
1291,-29.403206
1292,-23.706327
1293,-22.798933
1294,-21.67832
1295,-20.335539
1296,-18.756481
1297,-17.402002
1298,-16.865992
1299,-16.500431
1300,-16.357447
1301,-16.388252
1302,-16.546131
1303,-16.786406
1304,-17.066278
1305,-17.34461
1306,-17.581709
1307,-17.74669
1308,-17.85329
1309,-17.972544
1310,-18.173323
1311,-18.520979
1312,-19.070208
1313,-19.81159
1314,-20.65183
1315,-21.501104
1316,-22.275305
1317,-22.896145
1318,-23.318739
1319,-23.541203
1320,-23.559223
1321,-23.365294
1322,-22.960535
1323,-22.395447
1324,-21.783417
1325,-21.232983
1326,-20.84772
1327,-20.71156
1328,-20.794724
1329,-20.920406
1330,-20.920172
1331,-20.636444
1332,-19.94238
1333,-18.882812
1334,-17.719763
1335,-16.697615
1336,-16.042141
1337,-15.951499
1338,-16.466099
1339,-17.419113
1340,-18.649912
1341,-20.009247
1342,-21.346367
1343,-22.51058
1344,-23.35232
1345,-23.723885
1346,-23.479988
1347,-24.597982
1348,-33.31998
1349,-29.518963
1350,-29.796307
1351,-29.402874
1352,-28.581196
1353,-27.568974
1354,-26.600971
1355,-25.91055
1356,-25.731474
1357,-26.25843
1358,-27.451725
1359,-28.966297
1360,-30.47408
1361,-31.668165
1362,-32.28162
1363,-32.273247
1364,-31.887388
1365,-31.343468
1366,-30.836422
1367,-30.541878
1368,-30.530285
1369,-30.738876
1370,-31.11627
1371,-31.621515
1372,-37.21206
1373,-32.83722
1374,-33.43576
1375,-33.946465
1376,-34.30821
1377,-34.472565
1378,-34.464848
1379,-34.40389
1380,-34.400272
1381,-34.557217
1382,-34.960876
1383,-35.59748
1384,-36.32592
1385,-37.016308
1386,-37.54923
1387,-37.818645
1388,-37.793232
1389,-37.535942
1390,-37.1009
1391,-36.534374
1392,-35.88253
1393,-35.19146
1394,-34.50717
1395,-33.875652
1396,-33.342884
1397,-33.492016
1398,-34.32159
1399,-33.955135
1400,-33.116455
1401,-31.939207
1402,-30.555458
1403,-34.09607
1404,-27.690954
1405,-26.469082
1406,-25.558537
1407,-25.069529
1408,-25.012218
1409,-25.268463
1410,-25.728884
1411,-26.29309
1412,-26.863506
1413,-27.360783
1414,-27.729319
1415,-27.912655
1416,-27.853367
1417,-27.50968
1418,-26.924911
1419,-26.249983
1420,-25.626877
1421,-25.189045
1422,-25.05544
1423,-25.260788
1424,-25.731493
1425,-26.401564
1426,-27.212809
1427,-28.103533
1428,-28.994078
1429,-29.781942
1430,-30.36624
1431,-30.648134
1432,-30.54772
1433,-30.090145
1434,-29.433287
1435,-28.722979
1436,-28.09361
1437,-27.664919
1438,-27.47497
1439,-27.457876
1440,-27.55568
1441,-27.718134
1442,-27.89471
1443,-28.034758
1444,-28.087631
1445,-28.002842
1446,-27.730093
1447,-26.291813
1448,-23.582483
1449,-22.627151
1450,-22.384274
1451,-22.714594
1452,-23.475538
1453,-24.521114
1454,-25.702715
1455,-26.87018
1456,-27.872887
1457,-28.573887
1458,-28.913137
1459,-28.928667
1460,-28.65133
1461,-28.104197
1462,-27.319874
1463,-26.386415
1464,-25.462
1465,-24.698341
1466,-24.241535
1467,-24.219978
1468,-24.657457
1469,-25.442467
1470,-26.473076
1471,-27.662231
1472,-28.939678
1473,-30.282225
1474,-31.721783
1475,-33.29371
1476,-35.033295
1477,-36.96932
1478,-39.087944
1479,-41.316967
1480,-43.57266
1481,-45.751617
1482,-47.75382
1483,-49.618137
1484,-51.57165
1485,-53.816105
1486,-61.53808
1487,-64.894516
1488,-68.844666
1489,-73.09663
1490,-77.39412
1491,-81.51095
1492,-85.22756
1493,-88.32987
1494,-90.60792
1495,-86.85478
1496,-86.86556
1497,-87.74585
1498,-96.73409
1499,-99.7891
1500,-102.778564
1501,-105.61805
1502,-108.22382
1503,-105.51265
1504,-107.401695
1505,-108.808495
1506,-109.65259
1507,-109.89633
1508,-109.71976
1509,-109.571236
1510,-109.86634
1511,-110.99629
1512,-113.28044
1513,-121.63104
1514,-125.45313
1515,-129.21489
1516,-132.4322
1517,-134.69331
1518,-130.98961
1519,-131.81505
1520,-132.60214
1521,-133.73407
1522,-135.53258
1523,-137.99962
1524,-145.74043
1525,-148.4032
1526,-145.66994
1527,-147.27171
1528,-148.2174
1529,-148.86469
1530,-149.53496
1531,-150.52177
1532,-152.0739
1533,-159.17693
1534,-156.48586
1535,-158.6931
1536,-160.51979
1537,-161.7262
1538,-162.29692
1539,-162.49915
1540,-162.57121
1541,-162.72841
1542,-163.18697
1543,-164.1639
1544,-165.87657
1545,-168.5426
1546,-177.37929
1547,-179.82127
1548,-173.37054
1549,-173.21884
1550,-173.10382
1551,-173.03378
1552,-173.01712
1553,-173.06245
1554,-173.17845
1555,-173.37375
1556,-173.65704
1557,-174.02686
1558,-174.42471
1559,-174.7199
1560,-174.78882
1561,-174.5136
1562,-173.80208
1563,-172.71243
1564,-171.49315
1565,-170.37393
1566,-169.56851
1567,-169.2564
1568,-169.42238
1569,-169.806
1570,-170.1718
1571,-170.30519
1572,-170.0146
1573,-169.23941
1574,-168.08408
1575,-166.63661
1576,-164.97104
1577,-163.1599
1578,-161.2664
1579,-159.34212
1580,-157.43964
1581,-155.61255
1582,-153.90988
1583,-152.35544
1584,-150.94122
1585,-149.6624
1586,-148.5168
1587,-147.49727
1588,-146.56879
1589,-145.66132
1590,-149.70851
1591,-143.64685
1592,-142.41246
1593,-140.94054
1594,-139.16544
1595,-137.02101
1596,-134.44098
1597,-134.05022
1598,-137.32481
1599,-137.57808
1600,-136.95119
1601,-135.6364
1602,-133.827
1603,-131.7172
1604,-129.50177
1605,-127.37599
1606,-125.536285
1607,-124.15957
1608,-123.29542
1609,-122.830284
1610,-122.66801
1611,-122.726204
1612,-122.91964
1613,-123.14808
1614,-123.29248
1615,-123.23593
1616,-122.86303
1617,-122.07548
1618,-120.872894
1619,-119.37771
1620,-117.698296
1621,-115.932205
1622,-119.17434
1623,-117.50377
1624,-110.97912
1625,-109.65806
1626,-108.59492
1627,-107.823814
1628,-107.2855
1629,-106.80624
1630,-106.22874
1631,-105.41399
1632,-104.25242
1633,-102.73619
1634,-100.97833
1635,-99.085686
1636,-97.15318
1637,-95.27444
1638,-93.58481
1639,-92.27485
1640,-91.51277
1641,-91.449455
1642,-92.229225
1643,-93.99486
1644,-96.891235
1645,-106.067
1646,-111.67471
1647,-114.97017
1648,-107.25127
1649,-105.673256
1650,-103.666916
1651,-101.378975
1652,-98.958336
1653,-96.5555
1654,-94.322105
1655,-92.41057
1656,-90.97382
1657,-90.13313
1658,-89.82806
1659,-89.77132
1660,-89.70317
1661,-89.38433
1662,-88.6095
1663,-87.36676
1664,-85.88566
1665,-84.36649
1666,-82.987854
1667,-81.901886
1668,-81.11076
1669,-80.42967
1670,-79.696655
1671,-78.76679
1672,-77.524155
1673,-76.01527
1674,-74.48936
1675,-73.17144
1676,-72.2682
1677,-71.95077
1678,-72.191444
1679,-72.71359
1680,-73.26621
1681,-73.61693
1682,-73.56206
1683,-73.073296
1684,-72.342285
1685,-71.53463
1686,-70.796974
1687,-70.26461
1688,-70.00376
1689,-69.99414
1690,-70.22703
1691,-70.702484
1692,-71.42142
1693,-72.38542
1694,-73.59674
1695,-75.05808
1696,-76.77258
1697,-76.84762
1698,-74.47867
1699,-74.74737
1700,-75.787254
1701,-77.32871
1702,-79.101654
1703,-80.83575
1704,-82.26069
1705,-83.10635
1706,-83.10274
1707,-82.03565
1708,-80.00764
1709,-77.51656
1710,-75.01219
1711,-72.90839
1712,-71.569466
1713,-71.081345
1714,-71.18292
1715,-71.65488
1716,-72.308685
1717,-72.96371
1718,-73.485825
1719,-73.79924
1720,-73.82112
1721,-73.46354
1722,-72.66499
1723,-71.51465
1724,-70.28958
1725,-69.24399
1726,-68.61504
1727,-68.598526
1728,-69.15466
1729,-69.94917
1730,-70.68364
1731,-76.09166
1732,-70.95735
1733,-70.29691
1734,-69.410416
1735,-68.57003
1736,-68.0259
1737,-68.00786
1738,-68.626625
1739,-69.84207
1740,-71.620514
1741,-73.91922
1742,-81.66957
1743,-84.78014
1744,-88.14345
1745,-91.64501
1746,-95.17125
1747,-99.06819
1748,-103.48674
1749,-112.233406
1750,-110.67687
1751,-113.838486
1752,-116.750374
1753,-119.45189
1754,-121.97888
1755,-119.36713
1756,-121.6538
1757,-123.8748
1758,-126.0514
1759,-128.18597
1760,-130.28487
1761,-132.35745
1762,-134.41129
1763,-136.43745
1764,-138.40623
1765,-140.29108
1766,-142.0682
1767,-143.71333
1768,-145.19687
1769,-146.48232
1770,-147.53459
1771,-148.32005
1772,-148.82112
1773,-149.10857
1774,-149.3641
1775,-149.75888
1776,-150.45612
1777,-151.59567
1778,-153.17903
1779,-155.03226
1780,-156.99776
1781,-158.92783
1782,-160.68074
1783,-162.17975
1784,-163.43262
1785,-164.43417
1786,-165.17012
1787,-165.63376
1788,-165.86244
1789,-165.94952
1790,-165.98466
1791,-166.05484
1792,-166.24902
1793,-166.65784
1794,-167.37352
1795,-168.4895
1796,-170.10034
1797,-170.7126
1798,-169.21011
1799,-169.08507
1800,-169.31117
1801,-169.8112
1802,-170.50845
1803,-171.32655
1804,-172.18945
1805,-173.0213
1806,-173.74628
1807,-174.2937
1808,-174.62196
1809,-174.72606
1810,-174.59732
1811,-174.22371
1812,-178.60214
1813,-172.77986
1814,-176.86746
1815,-170.96786
1816,-170.17699
1817,-169.57593
1818,-169.16977
1819,-168.86876
1820,-168.59283
1821,-168.27057
1822,-167.8434
1823,-167.32251
1824,-166.80711
1825,-166.38821
1826,-166.15019
1827,-166.16212
1828,-166.4032
1829,-166.73929
1830,-167.04825
1831,-167.21799
1832,-167.1531
1833,-166.85237
1834,-166.43321
1835,-166.00102
1836,-165.65135
1837,-165.45935
1838,-165.3845
1839,-165.24042
1840,-164.8556
1841,-164.0707
1842,-162.72604
1843,-160.66153
1844,-162.71646
1845,-158.72943
1846,-153.5383
1847,-150.99931
1848,-148.76212
1849,-147.62177
1850,-145.42943
1851,-147.44572
1852,-148.9325
1853,-140.15237
1854,-136.36778
1855,-132.83981
1856,-129.82785
1857,-127.545494
1858,-120.95164
1859,-119.68748
1860,-118.43456
1861,-116.90534
1862,-114.854836
1863,-112.293976
1864,-114.555435
1865,-111.93494
1866,-104.69997
1867,-103.07976
1868,-102.086105
1869,-101.459206
1870,-100.97179
1871,-100.42105
1872,-104.62537
1873,-98.52295
1874,-97.20058
1875,-95.724594
1876,-94.145615
1877,-92.513535
1878,-90.879944
1879,-89.299095
1880,-87.82552
1881,-86.51425
1882,-85.41519
1883,-84.54553
1884,-83.88143
1885,-83.40522
1886,-83.104004
1887,-82.9559
1888,-82.88389
1889,-82.74179
1890,-82.39231
1891,-81.704765
1892,-80.54875
1893,-78.79405
1894,-76.31075
1895,-77.96925
1896,-73.640816
1897,-71.32518
1898,-68.26127
1899,-67.601265
1900,-66.37703
1901,-64.71391
1902,-62.73663
1903,-60.569275
1904,-58.335327
1905,-56.15782
1906,-54.15928
1907,-52.451694
1908,-51.088955
1909,-50.052586
1910,-49.33253
1911,-48.92508
1912,-48.81517
1913,-48.92339
1914,-49.08937
1915,-49.161144
1916,-48.993492
1917,-48.460396
1918,-47.544785
1919,-46.36597
1920,-45.028053
1921,-43.622906
1922,-42.23053
1923,-40.865112
1924,-39.4586
1925,-37.95183
1926,-36.29265
1927,-34.448547
1928,-32.49941
1929,-30.66587
1930,-29.153336
1931,-28.15554
1932,-27.834236
1933,-28.161264
1934,-28.863953
1935,-29.686724
1936,-30.390896
1937,-30.76549
1938,-30.761942
1939,-30.538227
1940,-30.235056
1941,-29.976063
1942,-29.884571
1943,-30.084177
1944,-30.699194
1945,-31.855167
1946,-38.679047
1947,-36.121807
1948,-38.203888
1949,-38.813793
1950,-38.651352
1951,-37.92395
1952,-36.835327
1953,-35.587093
1954,-34.379543
1955,-33.412426
1956,-32.885826
1957,-32.956047
1958,-33.523285
1959,-34.15989
1960,-34.464798
1961,-34.063614
1962,-37.644672
1963,-30.238441
1964,-32.30066
1965,-29.240093
1966,-26.422895
1967,-19.181309
1968,-17.686125
1969,-16.90937
1970,-16.84307
1971,-17.496735
1972,-18.857162
1973,-20.773981
1974,-22.914038
1975,-24.946024
1976,-26.550915
1977,-27.454254
1978,-27.620878
1979,-27.318413
1980,-26.79115
1981,-26.25741
1982,-25.910028
1983,-25.804525
1984,-25.82178
1985,-25.855759
1986,-25.813713
1987,-25.609257
1988,-25.192938
1989,-24.562452
1990,-23.712137
1991,-22.632809
1992,-21.315409
1993,-19.751076
1994,-17.931253
1995,-15.847804
1996,-13.4932165
1997,-12.3988495
1998,-13.662757
1999,-13.809079
2000,-13.673139
2001,-13.301446
2002,-12.739702
2003,-12.033014
2004,-11.226036
2005,-10.362998
2006,-9.487876
2007,-8.650235
2008,-7.93299
2009,-7.462835
2010,-7.3666887
2011,-7.7715197
2012,-8.778208
2013,-10.315749
2014,-12.075036
2015,-13.738618
2016,-15.001506
2017,-15.6011505
2018,-15.501199
2019,-14.954895
2020,-14.201584
2021,-13.456655
2022,-12.914799
2023,-12.665731
2024,-12.66399
2025,-12.869417
2026,-13.250592
2027,-13.7778015
2028,-14.43334
2029,-15.215551
2030,-16.122288
2031,-17.150263
2032,-18.289349
2033,-19.490143
2034,-20.651823
2035,-21.675457
2036,-22.46609
2037,-22.939661
2038,-23.071447
2039,-22.912521
2040,-22.509161
2041,-26.901592
2042,-21.129631
2043,-20.232334
2044,-19.2475
2045,-18.211725
2046,-17.160988
2047,-17.494972
2048,-19.975672
2049,-21.05497
2050,-21.68252
2051,-21.943014
2052,-21.919321
2053,-21.693283
2054,-21.346224
2055,-20.95924
2056,-20.613491
2057,-20.390024
2058,-20.368395
2059,-20.626364
2060,-21.242844
2061,-22.29812
2062,-23.840122
2063,-25.724052
2064,-27.552336
2065,-28.939259
2066,-29.520237
2067,-29.002842
2068,-27.47923
2069,-25.521282
2070,-23.652094
2071,-22.349619
2072,-22.026726
2073,-22.730392
2074,-24.031973
2075,-25.526598
2076,-26.837837
2077,-27.633196
2078,-27.843529
2079,-27.735962
2080,-27.552343
2081,-27.506895
2082,-27.782051
2083,-28.382093
2084,-29.082714
2085,-29.675798
2086,-29.970602
2087,-29.804367
2088,-29.171215
2089,-28.263462
2090,-27.25577
2091,-26.305822
2092,-25.570642
2093,-25.207478
2094,-25.374811
2095,-26.233461
2096,-27.94735
2097,-29.40579
2098,-29.163933
2099,-29.076935
2100,-28.808832
2101,-28.395412
2102,-27.872103
2103,-27.273998
2104,-26.635973
2105,-25.992798
2106,-25.379192
2107,-24.830555
2108,-24.386023
2109,-24.089552
2110,-23.984987
2111,-24.116116
2112,-24.519135
2113,-25.185135
2114,-26.046751
2115,-27.040022
2116,-28.10504
2117,-29.179796
2118,-30.191265
2119,-31.052464
2120,-31.677708
2121,-31.982834
2122,-31.907
2123,-31.519701
2124,-31.054964
2125,-30.731682
2126,-30.7552
2127,-31.298916
2128,-32.349834
2129,-33.655243
2130,-34.98
2131,-36.106945
2132,-36.844166
2133,-37.143475
2134,-37.13845
2135,-36.94597
2136,-36.66748
2137,-36.397865
2138,-36.19673
2139,-36.07935
2140,-36.065258
2141,-36.177685
2142,-36.439953
2143,-36.875427
2144,-37.50756
2145,-38.359886
2146,-39.45599
2147,-39.85884
2148,-38.973747
2149,-39.07991
2150,-39.45807
2151,-40.02927
2152,-40.71414
2153,-41.43298
2154,-42.105927
2155,-42.65312
2156,-42.99479
2157,-43.06854
2158,-42.910023
2159,-42.6782
2160,-42.519184
2161,-42.56853
2162,-42.944557
2163,-43.666576
2164,-44.628613
2165,-45.736996
2166,-46.90833
2167,-48.064373
2168,-49.15723
2169,-50.1773
2170,-51.11112
2171,-51.94196
2172,-52.65546
2173,-53.250458
2174,-53.742397
2175,-54.144882
2176,-54.470097
2177,-54.728153
2178,-54.91773
2179,-55.023052
2180,-55.03002
2181,-54.925762
2182,-54.705944
2183,-54.414665
2184,-54.156662
2185,-54.029774
2186,-54.126595
2187,-54.52425
2188,-55.211475
2189,-56.065796
2190,-56.976955
2191,-57.844254
2192,-58.566975
2193,-59.044476
2194,-59.17624
2195,-58.861984
2196,-58.00169
2197,-56.762127
2198,-55.912865
2199,-55.87406
2200,-56.226254
2201,-56.825928
2202,-57.528557
2203,-58.188778
2204,-58.660934
2205,-58.799427
2206,-58.458984
2207,-57.52828
2208,-56.08618
2209,-54.44869
2210,-52.903725
2211,-51.717953
2212,-51.114697
2213,-51.070946
2214,-51.25428
2215,-51.36636
2216,-51.135384
2217,-50.340374
2218,-49.04816
2219,-52.68517
2220,-46.63634
2221,-46.25383
2222,-46.829185
2223,-48.315315
2224,-50.237312
2225,-52.16178
2226,-53.690792
2227,-54.480537
2228,-54.488728
2229,-54.050064
2230,-53.458138
2231,-52.974052
2232,-52.829636
2233,-53.08797
2234,-53.59995
2235,-54.240067
2236,-54.901318
2237,-55.48544
2238,-55.942772
2239,-56.28464
2240,-56.516056
2241,-56.637096
2242,-56.6481
2243,-56.549644
2244,-56.342415
2245,-56.027172
2246,-55.6047
2247,-54.816666
2248,-53.56407
2249,-52.574818
2250,-51.63103
2251,-50.726974
2252,-49.85673
2253,-49.014194
2254,-48.193058
2255,-47.38679
2256,-46.588673
2257,-45.791813
2258,-44.989437
2259,-44.174942
2260,-43.341522
2261,-42.482117
2262,-41.588604
2263,-40.64753
2264,-39.63879
2265,-38.542854
2266,-37.340652
2267,-36.02512
2268,-34.657692
2269,-33.385754
2270,-32.347626
2271,-31.674507
2272,-31.47338
2273,-31.71013
2274,-32.17033
2275,-32.653862
2276,-32.974075
2277,-32.97562
2278,-32.682842
2279,-32.347443
2280,-32.200523
2281,-32.45474
2282,-33.282394
2283,-34.619915
2284,-36.10046
2285,-37.38011
2286,-38.13893
2287,-38.10229
2288,-37.245754
2289,-35.858456
2290,-34.19753
2291,-32.49175
2292,-30.968166
2293,-29.853071
2294,-29.373587
2295,-29.759739
2296,-31.246517
2297,-33.380478
2298,-34.703876
2299,-34.968643
2300,-34.646023
2301,-33.92732
2302,-33.00104
2303,-32.05391
2304,-31.271643
2305,-30.839804
2306,-30.944855
2307,-31.73838
2308,-33.163105
2309,-34.89168
2310,-36.615284
2311,-38.045074
2312,-38.92879
2313,-39.22044
2314,-39.134007
2315,-38.858635
2316,-38.560955
2317,-38.388596
2318,-38.384296
2319,-38.458588
2320,-38.53483
2321,-38.5473
2322,-38.447166
2323,-38.28171
2324,-38.219517
2325,-38.417435
2326,-39.022617
2327,-40.15086
2328,-41.734837
2329,-43.473507
2330,-45.08632
2331,-46.311874
2332,-46.925655
2333,-46.90875
2334,-46.500088
2335,-45.911003
2336,-45.32992
2337,-44.9262
2338,-44.76344
2339,-44.77251
2340,-44.898365
2341,-45.097225
2342,-45.325264
2343,-45.538574
2344,-45.69328
2345,-45.745483
2346,-50.651363
2347,-46.87365
2348,-55.168007
2349,-51.65282
2350,-52.555973
2351,-52.986046
2352,-53.050274
2353,-52.85577
2354,-52.510242
2355,-52.122334
2356,-51.801807
2357,-51.650135
2358,-51.716057
2359,-51.98168
2360,-52.437584
2361,-53.081005
2362,-53.8958
2363,-54.786366
2364,-55.557037
2365,-56.023487
2366,-56.010643
2367,-55.385704
2368,-54.253143
2369,-53.01353
2370,-52.032574
2371,-51.64961
2372,-52.14245
2373,-53.435665
2374,-55.00795
2375,-56.384613
2376,-57.128742
2377,-56.86791
2378,-55.592903
2379,-53.74763
2380,-51.722576
2381,-49.866486
2382,-48.49045
2383,-47.698788
2384,-47.33769
2385,-47.282406
2386,-47.430126
2387,-47.68005
2388,-47.94559
2389,-48.158333
2390,-48.247738
2391,-48.141636
2392,-47.767857
2393,-47.054337
2394,-45.92924
2395,-44.321075
2396,-42.15897
2397,-40.350525
2398,-39.81467
2399,-38.815884
2400,-37.81619
2401,-36.845955
2402,-35.935467
2403,-35.114967
2404,-34.41469
2405,-33.864876
2406,-33.495842
2407,-33.32927
2408,-33.337177
2409,-33.428463
2410,-33.517426
2411,-33.52334
2412,-33.379192
2413,-33.096355
2414,-32.78538
2415,-32.54781
2416,-32.47705
2417,-32.65423
2418,-33.089245
2419,-33.701218
2420,-34.416794
2421,-35.16967
2422,-35.896297
2423,-36.549717
2424,-37.104145
2425,-37.53201
2426,-37.804123
2427,-37.897976
2428,-37.828884
2429,-37.659878
2430,-37.449356
2431,-37.25165
2432,-37.11925
2433,-37.09436
2434,-37.20624
2435,-37.485466
2436,-37.963806
2437,-38.665146
2438,-39.56776
2439,-40.591904
2440,-41.66302
2441,-42.71122
2442,-43.666637
2443,-44.4595
2444,-45.020195
2445,-45.279324
2446,-45.16776
2447,-46.69357
2448,-56.072433
2449,-58.239548
2450,-54.749737
2451,-55.73442
2452,-56.32306
2453,-61.64402
2454,-56.824978
2455,-56.992867
2456,-57.273655
2457,-57.77241
2458,-58.479282
2459,-59.240646
2460,-59.919285
2461,-60.390823
2462,-60.55016
2463,-60.399612
2464,-60.07569
2465,-59.69972
2466,-59.381363
2467,-59.20859
2468,-59.144566
2469,-58.996243
2470,-58.588764
2471,-57.761383
2472,-56.392353
2473,-54.579514
2474,-52.69431
2475,-51.075367
2476,-50.036667
2477,-49.84624
2478,-50.50853
2479,-51.695736
2480,-53.11511
2481,-54.501152
2482,-55.61274
2483,-56.350796
2484,-56.79478
2485,-57.004482
2486,-57.024006
2487,-56.893646
2488,-56.632717
2489,-56.23434
2490,-55.69458
2491,-55.011753
2492,-54.184128
2493,-53.209946
2494,-52.08744
2495,-50.814808
2496,-49.39023
2497,-47.994503
2498,-47.256023
2499,-47.527206
2500,-48.40096
2501,-49.71627
2502,-51.310635
2503,-53.02051
2504,-54.68189
2505,-56.130733
2506,-57.203266
2507,-57.76212
2508,-57.817837
2509,-57.566006
2510,-57.180885
2511,-56.820168
2512,-56.61981
2513,-56.59342
2514,-56.601353
2515,-56.52143
2516,-56.24489
2517,-55.682713
2518,-54.857845
2519,-53.933205
2520,-53.055447
2521,-52.3588
2522,-51.95754
2523,-51.8523
2524,-51.901196
2525,-51.97816
2526,-51.969353
2527,-51.77849
2528,-51.409332
2529,-50.99109
2530,-50.63892
2531,-50.457058
2532,-50.54073
2533,-50.933598
2534,-51.614517
2535,-52.569427
2536,-53.78985
2537,-55.25643
2538,-56.888203
2539,-58.526688
2540,-60.021824
2541,-61.230392
2542,-62.009502
2543,-62.216564
2544,-61.70938
2545,-60.346333
2546,-57.98657
2547,-60.07509
2548,-52.942444
2549,-51.90961
2550,-51.556534
2551,-51.763474
2552,-52.41007
2553,-53.375248
2554,-54.53729
2555,-55.77405
2556,-56.963154
2557,-57.995594
2558,-58.838528
2559,-59.554646
2560,-60.19592
2561,-60.80598
2562,-61.422928
2563,-62.054066
2564,-62.66809
2565,-63.238083
2566,-63.740604
2567,-64.151985
2568,-64.44757
2569,-64.601395
2570,-64.587685
2571,-64.38076
2572,-63.975624
2573,-63.484253
2574,-63.164856
2575,-63.25843
2576,-63.993217
2577,-65.54877
2578,-67.82454
2579,-70.36816
2580,-72.7672
2581,-74.64037
2582,-75.665825
2583,-75.85589
2584,-75.63973
2585,-75.39626
2586,-75.466866
2587,-76.146965
2588,-77.470795
2589,-79.14611
2590,-80.91969
2591,-82.56742
2592,-83.865234
2593,-84.58922
2594,-84.51555
2595,-83.42045
2596,-81.0802
2597,-78.96295
2598,-78.99669
2599,-78.79468
2600,-78.783745
2601,-78.90041
2602,-79.08118
2603,-79.262566
2604,-79.38104
2605,-79.37309
2606,-79.17525
2607,-78.7435
2608,-78.1448
2609,-82.58443
2610,-77.250946
2611,-77.32013
2612,-77.94161
2613,-79.11969
2614,-80.67765
2615,-82.460335
2616,-84.32891
2617,-86.14731
2618,-87.793945
2619,-89.16524
2620,-90.15591
2621,-90.65941
2622,-90.594696
2623,-90.02466
2624,-89.191734
2625,-88.316925
2626,-87.605316
2627,-87.24692
2628,-87.34544
2629,-87.89688
2630,-88.9103
2631,-90.404434
2632,-92.36575
2633,-94.59735
2634,-96.673546
2635,-98.19669
2636,-98.78964
2637,-98.13522
2638,-96.25864
2639,-93.613266
2640,-95.60159
2641,-92.58813
2642,-89.93726
2643,-83.01294
2644,-82.17861
2645,-82.79784
2646,-85.23444
2647,-86.60329
2648,-84.038536
2649,-83.49687
2650,-83.29188
2651,-83.30722
2652,-83.42653
2653,-83.53341
2654,-83.51138
2655,-83.24397
2656,-82.61466
2657,-81.530914
2658,-80.03645
2659,-78.345085
2660,-76.6499
2661,-75.12865
2662,-73.94232
2663,-73.15736
2664,-72.72225
2665,-72.59985
2666,-72.76353
2667,-73.18037
2668,-73.78208
2669,-74.4562
2670,-75.09544
2671,-75.59645
2672,-75.871346
2673,-75.92008
2674,-75.85233
2675,-75.76456
2676,-75.74339
2677,-75.86474
2678,-76.14385
2679,-76.52003
2680,-76.941765
2681,-77.36428
2682,-77.75082
2683,-78.11011
2684,-78.5078
2685,-79.00263
2686,-79.648315
2687,-80.491646
2688,-81.54028
2689,-82.75304
2690,-84.09455
2691,-85.5339
2692,-87.04009
2693,-88.58219
2694,-90.12929
2695,-91.65044
2696,-93.11475
2697,-93.51732
2698,-92.39816
2699,-92.354744
2700,-92.5205
2701,-92.81289
2702,-93.14946
2703,-93.44773
2704,-93.62523
2705,-93.59953
2706,-93.28814
2707,-92.63368
2708,-91.72141
2709,-90.81476
2710,-90.15563
2711,-89.969986
2712,-90.44623
2713,-91.559235
2714,-93.01746
2715,-94.561676
2716,-95.9566
2717,-96.99527
2718,-97.63137
2719,-98.01899
2720,-98.287994
2721,-98.55034
2722,-98.895874
2723,-99.288895
2724,-99.53683
2725,-99.466
2726,-98.91673
2727,-97.76158
2728,-96.05697
2729,-94.08914
2730,-92.11699
2731,-90.37882
2732,-89.0865
2733,-88.30176
2734,-87.898926
2735,-87.7749
2736,-87.84298
2737,-88.01951
2738,-88.23948
2739,-88.46138
2740,-88.64093
2741,-88.731895
2742,-88.68821
2743,-88.46391
2744,-88.013275
2745,-87.29066
2746,-86.250565
2747,-85.89812
2748,-86.96594
2749,-87.12839
2750,-87.10695
2751,-86.96185
2752,-86.75341
2753,-86.54194
2754,-86.38777
2755,-86.351295
2756,-86.49287
2757,-86.86141
2758,-87.44073
2759,-88.13331
2760,-88.8515
2761,-89.51489
2762,-90.05061
2763,-90.428566
2764,-90.67211
2765,-90.798065
2766,-90.81845
2767,-90.75014
2768,-90.637566
2769,-90.55961
2770,-90.59099
2771,-90.80326
2772,-91.254074
2773,-91.922
2774,-92.68689
2775,-93.44057
2776,-94.08364
2777,-94.53572
2778,-94.82432
2779,-95.11161
2780,-95.54348
2781,-96.25374
2782,-97.34268
2783,-98.72016
2784,-100.05849
2785,-101.05877
2786,-101.44338
2787,-100.97832
2788,-99.67845
2789,-97.8698
2790,-95.84136
2791,-93.854614
2792,-92.17103
2793,-91.0519
2794,-90.758415
2795,-91.55159
2796,-93.69228
2797,-95.18713
2798,-93.87171
2799,-93.607666
2800,-93.44183
2801,-93.370575
2802,-93.39032
2803,-93.49743
2804,-93.68827
2805,-93.95927
2806,-94.30679
2807,-94.7212
2808,-95.15872
2809,-95.5329
2810,-95.76247
2811,-95.769936
2812,-95.497505
2813,-94.99916
2814,-94.468575
2815,-94.08257
2816,-94.00551
2817,-94.3759
2818,-95.185356
2819,-96.24219
2820,-97.37696
2821,-98.43664
2822,-99.285835
2823,-99.88921
2824,-100.33627
2825,-100.70143
2826,-101.04795
2827,-101.435074
2828,-101.89885
2829,-102.44642
2830,-103.08844
2831,-103.8381
2832,-104.6994
2833,-105.62402
2834,-106.49829
2835,-107.2164
2836,-107.67837
2837,-107.7944
2838,-107.532715
2839,-106.9341
2840,-106.03071
2841,-104.848236
2842,-103.41243
2843,-101.749054
2844,-99.883934
2845,-97.842865
2846,-95.65171
2847,-95.3786
2848,-98.194214
2849,-98.99787
2850,-99.33891
2851,-99.29561
2852,-98.94636
2853,-98.36949
2854,-97.64351
2855,-96.84684
2856,-96.058014
2857,-95.34897
2858,-94.754456
2859,-94.262825
2860,-93.86795
2861,-93.56788
2862,-93.361595
2863,-93.253105
2864,-93.25279
2865,-93.37028
2866,-93.61459
2867,-93.9905
2868,-94.47849
2869,-95.028725
2870,-95.59504
2871,-96.133995
2872,-96.60749
2873,-97.0079
2874,-97.36563
2875,-97.70649
2876,-98.05288
2877,-98.42181
2878,-98.79949
2879,-99.13379
2880,-99.37715
2881,-99.485466
2882,-99.42614
2883,-99.23189
2884,-99.017105
2885,-98.88634
2886,-98.93688
2887,-99.25223
2888,-99.83764
2889,-100.60066
2890,-101.46065
2891,-102.34568
2892,-103.1839
2893,-103.90341
2894,-104.43234
2895,-104.69879
2896,-104.63083
2897,-104.658134
2898,-105.230606
2899,-105.45816
2900,-105.58746
2901,-105.63388
2902,-105.612816
2903,-105.53968
2904,-105.429855
2905,-105.298775
2906,-105.16182
2907,-105.03264
2908,-104.91494
2909,-104.79994
2910,-104.68035
2911,-104.54999
2912,-104.401794
2913,-104.223625
2914,-103.99698
2915,-103.70411
2916,-103.32787
2917,-102.86985
2918,-102.43841
2919,-102.275276
2920,-102.606224
2921,-103.64498
2922,-105.54625
2923,-108.13081
2924,-115.80308
2925,-113.018295
2926,-114.2692
2927,-114.14276
2928,-112.76386
2929,-110.931526
2930,-109.36681
2931,-108.73165
2932,-109.58019
2933,-111.85622
2934,-114.74231
2935,-122.51319
2936,-119.512505
2937,-120.16384
2938,-119.34363
2939,-117.495514
2940,-114.99738
2941,-117.17805
2942,-114.36704
2943,-111.89418
2944,-105.08905
2945,-104.28077
2946,-104.797844
2947,-106.16839
2948,-106.80256
2949,-106.51019
2950,-105.814156
2951,-104.914925
2952,-104.01324
2953,-103.30991
2954,-103.00577
2955,-103.30153
2956,-104.39769
2957,-106.43672
2958,-109.232864
2959,-117.19113
2960,-119.766655
2961,-116.45156
2962,-116.81666
2963,-115.881516
2964,-114.2279
2965,-112.37252
2966,-110.783264
2967,-109.86982
2968,-109.7095
2969,-109.96412
2970,-110.344574
2971,-110.59892
2972,-110.5081
2973,-110.0394
2974,-109.39301
2975,-108.741714
2976,-108.237564
2977,-108.00921
2978,-108.051926
2979,-108.194336
2980,-108.28488
2981,-108.18688
2982,-107.79
2983,-107.13396
2984,-106.44604
2985,-105.931366
2986,-105.77835
2987,-106.14199
2988,-106.987755
2989,-108.04446
2990,-109.06934
2991,-109.8409
2992,-110.13751
2993,-109.737495
2994,-108.418785
2995,-105.95889
2996,-107.13487
2997,-104.003716
2998,-99.149796
2999,-99.20476
3000,-99.71
3001,-100.52631
3002,-101.514626
3003,-102.53589
3004,-103.45122
3005,-104.121635
3006,-104.40823
3007,-104.20547
3008,-108.598335
3009,-102.90983
3010,-102.434265
3011,-102.44383
3012,-103.15923
3013,-104.51357
3014,-106.08155
3015,-107.4814
3016,-108.3639
3017,-108.43477
3018,-107.71073
3019,-106.59726
3020,-105.45441
3021,-104.60824
3022,-104.340614
3023,-104.68046
3024,-105.340614
3025,-106.07206
3026,-106.65415
3027,-106.894394
3028,-106.759125
3029,-106.413124
3030,-105.997604
3031,-105.63616
3032,-105.43578
3033,-105.408806
3034,-105.449356
3035,-105.46557
3036,-105.37615
3037,-105.10691
3038,-104.62439
3039,-103.94609
3040,-103.08333
3041,-102.042885
3042,-100.83147
3043,-99.4557
3044,-97.92223
3045,-96.237625
3046,-94.408394
3047,-96.15376
3048,-91.54767
3049,-85.03665
3050,-84.83848
3051,-85.67706
3052,-87.276764
3053,-89.36192
3054,-91.65672
3055,-93.88541
3056,-95.772316
3057,-97.06773
3058,-97.66804
3059,-97.65201
3060,-97.07621
3061,-95.98086
3062,-94.4326
3063,-92.648254
3064,-91.03216
3065,-89.96609
3066,-89.814835
3067,-90.86971
3068,-93.00501
3069,-95.57463
3070,-97.99577
3071,-99.7327
3072,-100.320015
3073,-99.69101
3074,-98.276855
3075,-96.44906
3076,-94.53502
3077,-92.836655
3078,-91.50972
3079,-90.5274
3080,-89.88482
3081,-89.593445
3082,-89.65531
3083,-90.01923
3084,-90.56736
3085,-91.189995
3086,-91.78339
3087,-92.2545
3088,-92.571396
3089,-92.778366
3090,-92.91042
3091,-92.99578
3092,-93.06268
3093,-93.139366
3094,-93.25405
3095,-93.434975
3096,-93.71038
3097,-93.344536
3098,-92.08675
3099,-92.068436
3100,-92.476006
3101,-93.18288
3102,-94.062546
3103,-94.98854
3104,-95.834435
3105,-96.473785
3106,-96.78021
3107,-96.66172
3108,-96.2221
3109,-95.80977
3110,-95.7437
3111,-96.321014
3112,-97.78322
3113,-100.056625
3114,-102.67441
3115,-105.2177
3116,-107.303154
3117,-108.59099
3118,-108.98722
3119,-108.70502
3120,-107.92072
3121,-106.78355
3122,-105.438034
3123,-104.00116
3124,-102.55528
3125,-101.18687
3126,-99.985466
3127,-99.03121
3128,-98.350945
3129,-97.90486
3130,-97.66118
3131,-97.59408
3132,-97.676445
3133,-97.873856
3134,-98.14281
3135,-98.44086
3136,-98.726425
3137,-98.96463
3138,-99.15875
3139,-99.35977
3140,-99.61292
3141,-99.959175
3142,-100.43946
3143,-101.09477
3144,-101.966034
3145,-103.094185
3146,-104.52011
3147,-106.16393
3148,-107.49196
3149,-108.01818
3150,-108.07639
3151,-107.7515
3152,-107.12851
3153,-106.29252
3154,-105.328674
3155,-104.322205
3156,-103.35835
3157,-102.515625
3158,-101.83426
3159,-101.30664
3160,-100.930855
3161,-100.70926
3162,-100.638
3163,-100.678154
3164,-100.746895
3165,-100.7667
3166,-100.66393
3167,-105.37371
3168,-99.8804
3169,-99.229324
3170,-98.456375
3171,-97.590096
3172,-96.666756
3173,-95.771416
3174,-95.05048
3175,-94.64382
3176,-94.686646
3177,-95.29022
3178,-96.42521
3179,-97.886505
3180,-99.49117
3181,-101.07281
3182,-102.473404
3183,-103.57951
3184,-104.33312
3185,-104.66979
3186,-104.52032
3187,-103.828064
3188,-102.60718
3189,-100.96031
3190,-98.979744
3191,-96.749954
3192,-94.35549
3193,-91.880844
3194,-89.410446
3195,-87.02857
3196,-84.81933
3197,-83.107704
3198,-82.34508
3199,-82.272415
3200,-82.65959
3201,-83.33241
3202,-84.11648
3203,-84.83722
3204,-85.31996
3205,-85.38992
3206,-84.87218
3207,-83.63244
3208,-81.76758
3209,-79.663025
3210,-77.66904
3211,-76.10967
3212,-75.26583
3213,-75.17443
3214,-75.567924
3215,-76.21544
3216,-76.91307
3217,-77.470795
3218,-77.77857
3219,-77.82638
3220,-77.5921
3221,-77.04465
3222,-76.17298
3223,-75.08017
3224,-74.01162
3225,-73.19535
3226,-72.84669
3227,-73.14122
3228,-74.02886
3229,-75.17722
3230,-76.28744
3231,-77.08566
3232,-77.33832
3233,-77.040375
3234,-76.47213
3235,-75.879395
3236,-75.48234
3237,-75.4734
3238,-75.887115
3239,-76.56095
3240,-77.356026
3241,-78.150986
3242,-78.82449
3243,-79.25523
3244,-79.32187
3245,-78.903175
3246,-77.87797
3247,-78.36521
3248,-81.66008
3249,-82.400345
3250,-82.33788
3251,-81.64153
3252,-80.47994
3253,-79.02163
3254,-77.435104
3255,-75.888794
3256,-74.55104
3257,-73.57157
3258,-72.99468
3259,-72.73315
3260,-72.71568
3261,-72.8827
3262,-73.181305
3263,-73.59671
3264,-74.16167
3265,-74.9033
3266,-75.84443
3267,-76.992485
3268,-78.267006
3269,-79.4777
3270,-80.447495
3271,-81.0092
3272,-81.028694
3273,-80.55959
3274,-79.889854
3275,-79.27901
3276,-78.965546
3277,-79.14984
3278,-79.815315
3279,-80.67443
3280,-81.47225
3281,-81.97813
3282,-81.998505
3283,-81.55078
3284,-80.91562
3285,-80.34184
3286,-80.05463
3287,-80.25318
3288,-80.98924
3289,-82.13018
3290,-83.565636
3291,-85.20166
3292,-86.94434
3293,-88.69974
3294,-90.37396
3295,-91.8732
3296,-93.10364
3297,-92.913956
3298,-91.01534
3299,-90.645836
3300,-90.690125
3301,-91.04263
3302,-91.59788
3303,-92.25035
3304,-92.89457
3305,-93.425095
3306,-93.73647
3307,-93.73662
3308,-93.40954
3309,-92.83419
3310,-92.0781
3311,-91.20031
3312,-90.25658
3313,-89.28426
3314,-88.29764
3315,-87.31376
3316,-86.35175
3317,-85.43679
3318,-84.628456
3319,-84.02923
3320,-83.73641
3321,-83.8435
3322,-84.42403
3323,-85.43843
3324,-86.70586
3325,-88.062485
3326,-89.357185
3327,-90.45005
3328,-91.26464
3329,-91.80374
3330,-92.060555
3331,-92.02117
3332,-91.68041
3333,-91.08301
3334,-90.336
3335,-89.53886
3336,-88.785545
3337,-88.16297
3338,-87.718155
3339,-87.44835
3340,-87.35679
3341,-87.451225
3342,-87.73934
3343,-88.22889
3344,-88.92755
3345,-89.84309
3346,-90.98316
3347,-92.285645
3348,-93.43232
3349,-94.1478
3350,-94.634186
3351,-94.94646
3352,-95.139626
3353,-95.26869
3354,-95.38866
3355,-95.554535
3356,-95.821365
3357,-96.23859
3358,-96.82433
3359,-97.55747
3360,-98.42162
3361,-99.403915
3362,-100.48891
3363,-101.64665
3364,-102.82903
3365,-103.9902
3366,-105.085815
3367,-106.07281
3368,-106.914314
3369,-107.58144
3370,-108.04431
3371,-108.27233
3372,-108.24893
3373,-108.0374
3374,-107.80084
3375,-107.690544
3376,-107.84891
3377,-108.38951
3378,-109.26224
3379,-110.21259
3380,-111.01054
3381,-111.4443
3382,-111.33652
3383,-110.7058
3384,-109.81606
3385,-108.90232
3386,-108.17802
3387,-107.83206
3388,-107.91402
3389,-108.299355
3390,-108.88421
3391,-109.58028
3392,-110.299324
3393,-110.9531
3394,-111.45342
3395,-111.712036
3396,-111.64066
3397,-110.756256
3398,-109.070404
3399,-108.06697
3400,-107.26577
3401,-106.648
3402,-106.194855
3403,-105.88752
3404,-105.70722
3405,-105.63517
3406,-105.6526
3407,-105.7454
3408,-105.92595
3409,-106.23971
3410,-106.72816
3411,-107.42983
3412,-108.35874
3413,-109.389496
3414,-110.22274
3415,-110.5799
3416,-110.197784
3417,-108.90755
3418,-107.078865
3419,-105.75577
3420,-105.903076
3421,-108.424255
3422,-119.00912
3423,-127.151184
3424,-140.86075
3425,-148.3403
3426,-147.9323
3427,-143.2289
3428,-139.26326
3429,-137.89326
3430,-130.7903
3431,-124.481346
3432,-120.32362
3433,-118.68545
3434,-113.69756
3435,-114.633
3436,-115.876465
3437,-116.865845
3438,-117.33128
3439,-117.36729
3440,-117.02529
3441,-116.32445
3442,-115.2839
3443,-113.92283
3444,-112.26047
3445,-110.31607
3446,-108.108925
3447,-106.850174
3448,-107.40866
3449,-107.10094
3450,-106.683556
3451,-106.179794
3452,-105.61287
3453,-105.00608
3454,-104.38267
3455,-103.76589
3456,-103.17904
3457,-102.63641
3458,-102.10132
3459,-101.47339
3460,-100.659836
3461,-99.57357
3462,-98.153206
3463,-96.483734
3464,-94.83305
3465,-93.44725
3466,-92.55595
3467,-92.35097
3468,-92.809975
3469,-93.64318
3470,-94.59328
3471,-95.4269
3472,-95.9424
3473,-96.11794
3474,-96.15621
3475,-96.23274
3476,-96.503
3477,-97.0946
3478,-97.976654
3479,-98.920494
3480,-99.72143
3481,-100.192406
3482,-100.17634
3483,-99.68642
3484,-98.94849
3485,-98.16297
3486,-97.511345
3487,-97.157555
3488,-97.16574
3489,-97.475525
3490,-98.04149
3491,-98.82938
3492,-99.80492
3493,-100.93385
3494,-102.18195
3495,-103.515015
3496,-104.89877
3497,-105.92217
3498,-106.4038
3499,-107.35605
3500,-108.40482
3501,-109.49185
3502,-110.55889
3503,-111.5477
3504,-112.400024
3505,-113.05764
3506,-113.46226
3507,-113.56879
3508,-113.407104
3509,-113.100945
3510,-112.76305
3511,-112.49783
3512,-112.400375
3513,-112.5124
3514,-112.8089
3515,-113.272766
3516,-113.89282
3517,-114.64655
3518,-115.4473
3519,-116.12817
3520,-116.53176
3521,-116.50774
3522,-115.93365
3523,-114.846146
3524,-113.48127
3525,-112.05201
3526,-110.753815
3527,-109.7673
3528,-109.188065
3529,-109.005585
3530,-109.221725
3531,-109.84778
3532,-110.87511
3533,-112.18179
3534,-113.504425
3535,-114.59669
3536,-115.2248
3537,-115.1885
3538,-114.4783
3539,-113.32368
3540,-111.92622
3541,-110.4666
3542,-109.12562
3543,-108.08408
3544,-107.52271
3545,-107.62204
3546,-108.562386
3547,-109.99655
3548,-110.81946
3549,-110.85574
3550,-110.48503
3551,-109.84774
3552,-109.08451
3553,-108.336105
3554,-107.743286
3555,-107.44685
3556,-107.58752
3557,-108.27422
3558,-109.435974
3559,-110.77715
3560,-112.029175
3561,-112.943535
3562,-113.312195
3563,-113.15684
3564,-112.786446
3565,-112.476234
3566,-112.476074
3567,-113.00056
3568,-114.06421
3569,-115.43167
3570,-116.897285
3571,-118.27774
3572,-119.39904
3573,-120.1393
3574,-120.441765
3575,-120.24189
3576,-119.4692
3577,-118.08562
3578,-116.23751
3579,-114.30274
3580,-112.63275
3581,-111.55859
3582,-111.353905
3583,-111.967476
3584,-112.94247
3585,-113.87035
3586,-114.37905
3587,-114.14354
3588,-113.106865
3589,-111.54748
3590,-109.704735
3591,-107.78849
3592,-106.00877
3593,-104.57566
3594,-103.699
3595,-103.58849
3596,-104.453545
3597,-104.98086
3598,-103.87284
3599,-103.91945
3600,-104.231544
3601,-104.68969
3602,-105.1745
3603,-105.56665
3604,-105.74682
3605,-105.59564
3606,-104.99369
3607,-103.85537
3608,-102.28769
3609,-100.63871
3610,-99.227936
3611,-98.35348
3612,-98.26293
3613,-98.91815
3614,-99.92434
3615,-100.92983
3616,-101.615005
3617,-101.70933
3618,-101.22118
3619,-100.50739
3620,-99.88312
3621,-99.63247
3622,-99.9979
3623,-100.984985
3624,-102.303696
3625,-103.69967
3626,-104.945145
3627,-105.83798
3628,-106.32124
3629,-106.51931
3630,-106.53482
3631,-106.45431
3632,-106.35935
3633,-106.303505
3634,-106.305214
3635,-106.387085
3636,-106.57485
3637,-106.88456
3638,-107.276794
3639,-107.64302
3640,-107.88297
3641,-107.90256
3642,-107.60759
3643,-106.90387
3644,-105.69711
3645,-103.89292
3646,-101.39685
3647,-101.75221
3648,-112.26734
3649,-114.401985
3650,-110.735565
3651,-111.41415
3652,-111.583855
3653,-111.39109
3654,-110.982414
3655,-110.504555
3656,-110.10435
3657,-109.90933
3658,-109.93713
3659,-110.067955
3660,-110.19833
3661,-110.23699
3662,-110.104416
3663,-109.78769
3664,-109.35716
3665,-108.87342
3666,-108.389565
3667,-107.957214
3668,-107.6192
3669,-107.407394
3670,-107.354904
3671,-107.49587
3672,-107.84919
3673,-108.347275
3674,-108.81461
3675,-109.08858
3676,-109.01613
3677,-108.46925
3678,-107.46228
3679,-106.18778
3680,-104.81719
3681,-103.505974
3682,-102.39993
3683,-101.591255
3684,-101.10512
3685,-100.97475
3686,-101.23935
3687,-101.925705
3688,-102.98953
3689,-104.29773
3690,-105.72809
3691,-107.16652
3692,-108.49903
3693,-109.61171
3694,-110.3907
3695,-110.72216
3696,-110.492096
3697,-109.29923
3698,-107.73451
3699,-107.820305
3700,-108.56131
3701,-109.74367
3702,-111.15386
3703,-112.5787
3704,-113.80481
3705,-114.618416
3706,-114.805115
3707,-114.19161
3708,-112.841095
3709,-111.11311
3710,-109.33311
3711,-107.800804
3712,-106.77507
3713,-106.28141
3714,-106.05353
3715,-105.86007
3716,-105.49579
3717,-104.79336
3718,-103.79977
3719,-102.82993
3720,-102.16704
3721,-102.07041
3722,-102.753296
3723,-104.16794
3724,-105.940735
3725,-107.737595
3726,-109.25369
3727,-110.22475
3728,-110.6159
3729,-110.67886
3730,-110.63128
3731,-110.66537
3732,-110.94868
3733,-111.50856
3734,-112.19706
3735,-112.88704
3736,-113.46689
3737,-113.836716
3738,-113.96308
3739,-113.89563
3740,-113.67417
3741,-113.33112
3742,-112.89888
3743,-112.40983
3744,-111.89632
3745,-111.390686
3746,-110.92526
3747,-110.47448
3748,-109.88955
3749,-109.09659
3750,-108.175644
3751,-107.15512
3752,-106.06349
3753,-104.92915
3754,-103.78054
3755,-102.64604
3756,-101.55404
3757,-100.53518
3758,-99.63309
3759,-98.907646
3760,-98.4167
3761,-98.21666
3762,-98.341064
3763,-98.69353
3764,-99.015434
3765,-99.06782
3766,-98.62613
3767,-102.512985
3768,-95.81962
3769,-93.972725
3770,-92.358154
3771,-91.33096
3772,-91.18661
3773,-91.884415
3774,-92.96443
3775,-94.01784
3776,-94.67385
3777,-94.62718
3778,-93.94321
3779,-93.14994
3780,-92.72007
3781,-93.085106
3782,-94.5943
3783,-97.129234
3784,-104.98785
3785,-107.5395
3786,-104.20645
3787,-104.49073
3788,-103.34649
3789,-101.29336
3790,-98.78391
3791,-96.22103
3792,-94.007935
3793,-92.54751
3794,-92.24233
3795,-93.494514
3796,-96.70572
3797,-99.17037
3798,-97.73238
3799,-97.38093
3800,-96.95326
3801,-96.46447
3802,-95.92955
3803,-95.36349
3804,-94.781204
3805,-94.197586
3806,-93.6275
3807,-93.08865
3808,-92.615234
3809,-92.26211
3810,-92.08153
3811,-92.1239
3812,-92.423386
3813,-92.921906
3814,-93.44638
3815,-93.837585
3816,-93.94656
3817,-93.647446
3818,-92.94541
3819,-92.009384
3820,-90.98852
3821,-90.01735
3822,-89.223015
3823,-88.690704
3824,-88.45334
3825,-88.550095
3826,-89.02483
3827,-89.89397
3828,-91.01767
3829,-92.061264
3830,-92.71369
3831,-92.6814
3832,-91.72544
3833,-89.91807
3834,-87.72028
3835,-85.54637
3836,-83.775734
3837,-82.74345
3838,-82.533646
3839,-82.91757
3840,-83.704414
3841,-84.73138
3842,-85.8356
3843,-86.854195
3844,-87.62434
3845,-87.9832
3846,-87.76796
3847,-87.12855
3848,-86.82037
3849,-87.1695
3850,-87.83892
3851,-88.72299
3852,-89.71609
3853,-90.712555
3854,-91.60683
3855,-92.29328
3856,-92.666374
3857,-92.64297
3858,-92.26789
3859,-91.74562
3860,-91.261375
3861,-90.986115
3862,-91.06304
3863,-91.477684
3864,-92.01887
3865,-92.49915
3866,-92.748795
3867,-92.6274
3868,-92.16135
3869,-91.58527
3870,-91.10867
3871,-90.92244
3872,-91.18393
3873,-91.86005
3874,-92.68001
3875,-93.4018
3876,-93.804756
3877,-93.7086
3878,-93.16261
3879,-92.50267
3880,-92.03017
3881,-92.02081
3882,-92.705894
3883,-94.064156
3884,-95.75933
3885,-97.49333
3886,-98.99643
3887,-100.0267
3888,-100.499405
3889,-100.52606
3890,-100.19448
3891,-99.57493
3892,-98.73774
3893,-97.75333
3894,-96.69207
3895,-95.62412
3896,-94.619194
3897,-93.84107
3898,-93.46594
3899,-93.351166
3900,-93.426865
3901,-93.63103
3902,-93.901886
3903,-94.17794
3904,-94.39788
3905,-94.50061
3906,-94.42521
3907,-94.121376
3908,-93.59837
3909,-92.93975
3910,-92.220276
3911,-91.50811
3912,-90.87434
3913,-90.40629
3914,-90.21147
3915,-90.39502
3916,-91.06024
3917,-92.28048
3918,-93.95918
3919,-95.78767
3920,-97.48309
3921,-98.781685
3922,-99.46263
3923,-99.548836
3924,-99.367714
3925,-99.209984
3926,-99.339264
3927,-99.975624
3928,-101.09196
3929,-102.35266
3930,-103.45938
3931,-104.14144
3932,-104.164955
3933,-103.50566
3934,-102.401436
3935,-101.05891
3936,-99.6615
3937,-98.37936
3938,-97.30727
3939,-96.44572
3940,-95.80644
3941,-95.409515
3942,-95.275055
3943,-95.42311
3944,-95.87375
3945,-96.646965
3946,-97.762764
3947,-98.84129
3948,-99.16946
3949,-98.95411
3950,-98.34676
3951,-97.4385
3952,-96.320564
3953,-95.08418
3954,-93.82063
3955,-92.62118
3956,-91.57707
3957,-90.774956
3958,-90.27551
3959,-90.10708
3960,-90.30185
3961,-90.894905
3962,-91.90309
3963,-93.239586
3964,-94.68816
3965,-96.04831
3966,-97.13118
3967,-97.77319
3968,-97.95417
3969,-97.83293
3970,-97.54676
3971,-97.21693
3972,-96.95153
3973,-96.78357
3974,-96.652176
3975,-96.50773
3976,-96.309105
3977,-96.02647
3978,-95.69486
3979,-95.43016
3980,-95.33849
3981,-95.51879
3982,-96.04749
3983,-96.873726
3984,-97.787636
3985,-98.598625
3986,-99.13031
3987,-99.23085
3988,-98.88757
3989,-98.261665
3990,-97.49347
3991,-96.70782
3992,-96.029594
3993,-95.583664
3994,-95.4949
3995,-95.888084
3996,-96.88798
3997,-97.13734
3998,-95.48
3999,-94.9335
4000,-94.61635
4001,-94.47247
4002,-94.44582
4003,-94.48035
4004,-94.52002
4005,-94.50881
4006,-94.39071
4007,-94.12621
4008,-93.76979
4009,-93.493225
4010,-93.45415
4011,-93.79967
4012,-94.648994
4013,-95.96278
4014,-97.50388
4015,-99.05913
4016,-100.43316
4017,-101.4522
4018,-102.06461
4019,-102.371216
4020,-102.45444
4021,-102.38315
4022,-102.23144
4023,-102.10307
4024,-102.13897
4025,-102.475525
4026,-103.245834
4027,-104.54635
4028,-106.26593
4029,-108.03446
4030,-109.51324
4031,-110.386765
4032,-110.38839
4033,-109.53005
4034,-108.17242
4035,-106.63513
4036,-105.20728
4037,-104.14757
4038,-103.541405
4039,-103.2576
4040,-103.19073
4041,-103.25474
4042,-103.363556
4043,-103.431175
4044,-103.3716
4045,-103.09882
4046,-102.52681
4047,-101.51029
4048,-100.37783
4049,-99.95603
4050,-99.85782
4051,-100.01599
4052,-100.363396
4053,-100.83293
4054,-101.35749
4055,-101.87
4056,-102.30344
4057,-102.59697
4058,-102.72552
4059,-102.70857
4060,-102.56023
4061,-102.290665
4062,-101.91422
4063,-101.46933
4064,-106.024345
4065,-100.64402
4066,-100.39001
4067,-100.31721
4068,-100.446625
4069,-100.75766
4070,-101.234634
4071,-101.86575
4072,-102.63547
4073,-103.505325
4074,-104.408195
4075,-105.28087
4076,-106.06312
4077,-106.6992
4078,-107.15712
4079,-107.43443
4080,-107.5254
4081,-107.421814
4082,-107.11869
4083,-106.62838
4084,-105.98489
4085,-105.219826
4086,-104.36281
4087,-103.44754
4088,-102.53036
4089,-101.69582
4090,-101.02517
4091,-100.59703
4092,-100.48997
4093,-100.78247
4094,-101.55294
4095,-102.87964
4096,-104.840675
4097,-112.75322
4098,-115.61855
4099,-110.97345
4100,-110.09284
4101,-108.25299
4102,-105.73111
4103,-107.805214
4104,-104.753815
4105,-101.855515
4106,-99.38873
4107,-92.60007
4108,-91.5569
4109,-91.10305
4110,-91.10939
4111,-91.466805
4112,-92.06397
4113,-92.77682
4114,-93.465256
4115,-93.99115
4116,-94.21777
4117,-94.035255
4118,-93.48658
4119,-92.805695
4120,-92.203476
4121,-91.873726
4122,-91.9799
4123,-92.51305
4124,-93.248985
4125,-93.98965
4126,-94.556206
4127,-94.79314
4128,-94.677376
4129,-94.351166
4130,-93.936806
4131,-93.541824
4132,-93.26757
4133,-93.18051
4134,-93.30344
4135,-93.664406
4136,-94.2954
4137,-95.2165
4138,-96.380455
4139,-97.65602
4140,-98.92214
4141,-100.0653
4142,-100.97201
4143,-101.528786
4144,-101.62205
4145,-101.13817
4146,-99.96339
4147,-99.1486
4148,-99.77294
4149,-99.74788
4150,-99.5965
4151,-99.31963
4152,-98.918144
4153,-98.3929
4154,-97.74477
4155,-96.9746
4156,-96.08329
4157,-95.077286
4158,-93.99484
4159,-92.913895
4160,-91.9076
4161,-91.0456
4162,-90.38591
4163,-89.92107
4164,-89.561714
4165,-89.228386
4166,-88.849014
4167,-88.37154
4168,-87.85782
4169,-87.511986
4170,-87.52094
4171,-88.05884
4172,-89.25524
4173,-90.98636
4174,-92.8122
4175,-94.33116
4176,-95.170135
4177,-95.02225
4178,-93.95694
4179,-92.51386
4180,-91.176216
4181,-90.38525
4182,-90.520996
4183,-91.61653
4184,-93.27172
4185,-95.13897
4186,-96.90959
4187,-98.3023
4188,-99.19072
4189,-99.64162
4190,-99.698395
4191,-99.38706
4192,-98.733734
4193,-97.76449
4194,-96.50543
4195,-94.98274
4196,-93.2226
4197,-93.08049
4198,-95.409904
4199,-95.384865
4200,-94.71756
4201,-93.630066
4202,-92.34475
4203,-91.08401
4204,-90.07035
4205,-89.526184
4206,-89.67386
4207,-90.68269
4208,-92.420654
4209,-94.37963
4210,-96.09729
4211,-97.14515
4212,-97.16981
4213,-96.24426
4214,-94.974266
4215,-93.90175
4216,-93.5211
4217,-94.24185
4218,-95.991776
4219,-98.09748
4220,-99.9587
4221,-101.029305
4222,-100.84893
4223,-99.44433
4224,-97.45136
4225,-95.43344
4226,-93.89999
4227,-93.29793
4228,-93.719406
4229,-94.81394
4230,-96.28452
4231,-97.87394
4232,-99.340385
4233,-100.52915
4234,-101.39397
4235,-101.875435
4236,-101.90441
4237,-101.43073
4238,-100.51274
4239,-99.344315
4240,-98.103294
4241,-96.95541
4242,-96.06644
4243,-95.60212
4244,-95.72807
4245,-96.60983
4246,-98.41281
4247,-99.361496
4248,-97.993126
4249,-98.321754
4250,-99.10637
4251,-100.231224
4252,-101.58067
4253,-103.03916
4254,-104.49115
4255,-105.821175
4256,-106.9138
4257,-107.66949
4258,-108.0792
4259,-108.24698
4260,-108.263336
4261,-108.20878
4262,-108.15811
4263,-108.15363
4264,-108.19695
4265,-108.29452
4266,-108.4564
4267,-108.6833
4268,-108.92247
4269,-109.05456
4270,-108.96807
4271,-108.557434
4272,-107.741684
4273,-106.58022
4274,-105.30797
4275,-104.13915
4276,-103.27246
4277,-102.88032
4278,-102.98614
4279,-103.42727
4280,-104.06337
4281,-104.77076
4282,-105.434
4283,-105.98415
4284,-106.41035
4285,-106.69471
4286,-106.814224
4287,-106.7543
4288,-106.548676
4289,-106.29136
4290,-106.0692
4291,-105.96369
4292,-106.056335
4293,-106.42857
4294,-107.16184
4295,-108.33747
4296,-110.03672
4297,-110.78336
4298,-109.35966
4299,-109.001854
4300,-108.80254
4301,-108.72595
4302,-108.73638
4303,-108.79813
4304,-108.87544
4305,-108.93268
4306,-108.9341
4307,-108.84617
4308,-108.64739
4309,-108.331406
4310,-107.89005
4311,-107.313805
4312,-106.60271
4313,-105.81094
4314,-105.06048
4315,-104.465225
4316,-104.13305
4317,-104.15825
4318,-104.55789
4319,-105.25277
4320,-106.17514
4321,-107.26595
4322,-108.45946
4323,-109.65192
4324,-110.69215
4325,-111.434616
4326,-111.738
4327,-111.487434
4328,-110.71911
4329,-109.65827
4330,-108.508026
4331,-107.45481
4332,-106.66532
4333,-106.19344
4334,-105.95205
4335,-105.87076
4336,-105.89175
4337,-105.961655
4338,-106.0523
4339,-106.16697
4340,-106.30516
4341,-106.4636
4342,-106.63902
4343,-106.82813
4344,-107.02766
4345,-107.234314
4346,-107.44485
4347,-108.49794
4348,-110.67102
4349,-111.56315
4350,-112.017685
4351,-112.1288
4352,-111.99077
4353,-111.697975
4354,-111.344894
4355,-111.02599
4356,-110.835815
4357,-110.859764
4358,-111.131744
4359,-111.62115
4360,-112.30501
4361,-113.1661
4362,-114.17795
4363,-115.26146
4364,-116.27179
4365,-117.0719
4366,-117.53059
4367,-117.53798
4368,-117.10583
4369,-116.39813
4370,-115.56127
4371,-114.72821
4372,-114.022316
4373,-113.51207
4374,-113.19724
4375,-113.08561
4376,-113.19103
4377,-113.51388
4378,-113.9779
4379,-114.41103
4380,-114.6526
4381,-114.55044
4382,-113.97931
4383,-112.968094
4384,-111.73856
4385,-110.48999
4386,-109.404686
4387,-108.6465
4388,-108.27425
4389,-108.215485
4390,-108.4133
4391,-108.82245
4392,-109.397736
4393,-110.094
4394,-110.86607
4395,-111.668846
4396,-112.45717
4397,-112.56349
4398,-111.62025
4399,-111.22048
4400,-110.921005
4401,-110.72262
4402,-110.626076
4403,-110.63215
4404,-110.74164
4405,-110.95531
4406,-111.27393
4407,-111.69919
4408,-112.23804
4409,-112.90392
4410,-113.70954
4411,-114.66702
4412,-115.77495
4413,-116.95541
4414,-118.03486
4415,-118.851074
4416,-119.25032
4417,-119.12117
4418,-118.593735
4419,-118.10064
4420,-118.03947
4421,-118.781006
4422,-120.62169
4423,-123.438194
4424,-131.58376
4425,-134.47455
4426,-131.5738
4427,-132.41617
4428,-131.94267
4429,-130.60432
4430,-128.79483
4431,-126.86421
4432,-125.124954
4433,-123.67179
4434,-122.32624
4435,-120.940674
4436,-119.39149
4437,-117.57553
4438,-115.506134
4439,-113.34263
4440,-111.22761
4441,-109.2908
4442,-107.66189
4443,-106.47041
4444,-105.84576
4445,-105.9171
4446,-106.81315
4447,-108.39035
4448,-109.86964
4449,-110.74444
4450,-111.29364
4451,-111.543205
4452,-111.51914
4453,-111.24768
4454,-110.75513
4455,-110.06792
4456,-109.21259
4457,-108.221954
4458,-107.16387
4459,-106.15002
4460,-105.28698
4461,-104.67744
4462,-104.40319
4463,-104.42727
4464,-104.5643
4465,-104.64674
4466,-104.52027
4467,-104.061195
4468,-103.31996
4469,-102.56467
4470,-102.03746
4471,-101.96111
4472,-102.51364
4473,-103.61925
4474,-104.88542
4475,-105.95793
4476,-106.51087
4477,-106.27524
4478,-105.30584
4479,-104.0624
4480,-102.95685
4481,-102.36515
4482,-102.607925
4483,-103.69182
4484,-105.23161
4485,-106.88933
4486,-108.36224
4487,-109.38249
4488,-109.879524
4489,-110.029144
4490,-109.97777
4491,-109.84991
4492,-109.77017
4493,-109.86318
4494,-110.253494
4495,-111.06564
4496,-112.42398
4497,-120.60438
4498,-125.50274
4499,-127.88956
4500,-124.29539
4501,-124.873184
4502,-124.776184
4503,-124.158134
4504,-123.17309
4505,-121.97549
4506,-120.71995
4507,-119.54254
4508,-118.472855
4509,-117.40716
4510,-116.257065
4511,-114.94595
4512,-113.41608
4513,-111.71748
4514,-110.035
4515,-108.53784
4516,-107.38322
4517,-106.70651
4518,-106.519424
4519,-106.67918
4520,-107.06136
4521,-107.55543
4522,-108.054306
4523,-108.470345
4524,-108.74009
4525,-108.79725
4526,-108.573265
4527,-108.02081
4528,-107.21302
4529,-106.37385
4530,-105.709366
4531,-105.41233
4532,-105.64174
4533,-106.365364
4534,-107.31232
4535,-108.24033
4536,-108.92855
4537,-109.18436
4538,-108.9755
4539,-108.47021
4540,-107.812996
4541,-107.13053
4542,-106.54964
4543,-106.19706
4544,-106.19958
4545,-106.68382
4546,-107.77634
4547,-108.04232
4548,-106.45293
4549,-106.47175
4550,-106.94163
4551,-107.71969
4552,-108.66322
4553,-109.62963
4554,-110.476425
4555,-111.061066
4556,-111.241035
4557,-110.90257
4558,-110.096245
4559,-109.07814
4560,-108.08029
4561,-107.31655
4562,-106.968834
4563,-107.0373
4564,-107.2951
4565,-107.542435
4566,-107.59978
4567,-107.31388
4568,-106.68075
4569,-105.88292
4570,-105.080864
4571,-104.4185
4572,-104.02796
4573,-103.97453
4574,-104.2399
4575,-104.81577
4576,-105.701225
4577,-106.87771
4578,-108.2265
4579,-109.503685
4580,-110.48051
4581,-110.93931
4582,-110.70212
4583,-109.8172
4584,-108.616104
4585,-107.39709
4586,-106.43356
4587,-105.962395
4588,-106.013115
4589,-106.35619
4590,-106.79299
4591,-107.14805
4592,-107.24595
4593,-106.91121
4594,-105.96826
4595,-104.241325
4596,-101.554344
4597,-100.98289
4598,-104.84056
4599,-106.00567
4600,-106.56235
4601,-106.61561
4602,-106.27019
4603,-105.63057
4604,-104.80117
4605,-103.88653
4606,-102.99125
4607,-102.21504
4608,-101.62863
4609,-101.26652
4610,-101.167725
4611,-101.374626
4612,-101.91722
4613,-102.754715
4614,-103.75775
4615,-104.807755
4616,-105.79422
4617,-106.61908
4618,-107.254555
4619,-107.760635
4620,-108.18682
4621,-108.57482
4622,-108.96056
4623,-109.346985
4624,-109.69581
4625,-109.97368
4626,-110.15085
4627,-110.19914
4628,-110.09917
4629,-109.84251
4630,-109.41945
4631,-108.81923
4632,-108.04528
4633,-107.18148
4634,-106.41253
4635,-105.91109
4636,-105.84085
4637,-106.34063
4638,-107.40849
4639,-108.866844
4640,-110.559166
4641,-112.34475
4642,-114.08292
4643,-115.633095
4644,-116.854675
4645,-117.60695
4646,-117.74905
4647,-117.24968
4648,-116.41926
4649,-115.5955
4650,-114.73456
4651,-113.898254
4652,-113.1484
4653,-112.546844
4654,-112.1553
4655,-112.035545
4656,-112.24923
4657,-112.823326
4658,-113.587616
4659,-114.12565
4660,-114.0502
4661,-112.995575
4662,-110.68423
4663,-112.34336
4664,-108.83363
4665,-105.94291
4666,-99.402664
4667,-99.844154
4668,-102.33629
4669,-111.24688
4670,-116.02872
4671,-121.1984
4672,-126.28903
4673,-130.91924
4674,-134.81319
4675,-137.68207
4676,-134.22676
4677,-134.20718
4678,-132.72598
4679,-130.3171
4680,-132.46771
4681,-129.62906
4682,-127.21188
4683,-120.39233
4684,-119.05214
4685,-118.10626
4686,-117.49555
4687,-117.15763
4688,-117.011246
4689,-116.95144
4690,-116.87612
4691,-116.68531
4692,-116.27905
4693,-115.55731
4694,-114.41998
4695,-112.7669
4696,-110.49775
4697,-109.86108
4698,-112.337296
4699,-112.45079
4700,-111.8986
4701,-110.80685
4702,-109.30196
4703,-107.51057
4704,-105.55945
4705,-103.57553
4706,-101.685745
4707,-100.009056
4708,-98.61922
4709,-97.53361
4710,-96.776215
4711,-96.37611
4712,-96.350586
4713,-96.65039
4714,-97.14302
4715,-97.70609
4716,-98.22466
4717,-98.5925
4718,-98.75265
4719,-98.709694
4720,-98.4608
4721,-97.99763
4722,-97.324715
4723,-96.52003
4724,-95.75313
4725,-95.18265
4726,-94.95893
4727,-95.207726
4728,-95.914795
4729,-96.89122
4730,-97.9692
4731,-98.99664
4732,-99.84232
4733,-100.49334
4734,-101.08447
4735,-101.73272
4736,-102.54181
4737,-103.595604
4738,-104.864525
4739,-106.17762
4740,-107.38095
4741,-108.333275
4742,-108.8933
4743,-108.91966
4744,-108.270805
4745,-106.80496
4746,-104.38012
4747,-102.04867
4748,-101.441315
4749,-101.26133
4750,-101.532265
4751,-102.12278
4752,-102.90166
4753,-103.73778
4754,-104.500084
4755,-105.057526
4756,-105.27904
4757,-105.05899
4758,-104.436386
4759,-103.63115
4760,-102.84172
4761,-102.25047
4762,-102.01788
4763,-102.179825
4764,-102.61652
4765,-103.22689
4766,-103.92377
4767,-104.623634
4768,-105.263466
4769,-105.80586
4770,-106.2103
4771,-106.43402
4772,-106.448044
4773,-106.30201
4774,-106.143845
4775,-106.10976
4776,-106.32721
4777,-106.895584
4778,-107.754715
4779,-108.64524
4780,-109.33172
4781,-109.59644
4782,-109.25649
4783,-108.32689
4784,-107.070435
4785,-105.72083
4786,-104.489845
4787,-103.56811
4788,-103.02568
4789,-102.78193
4790,-102.77416
4791,-102.95312
4792,-103.269585
4793,-103.674385
4794,-104.11835
4795,-104.55226
4796,-104.927
4797,-105.70557
4798,-107.03522
4799,-107.505226
4800,-107.70999
4801,-107.770065
4802,-107.80609
4803,-107.93877
4804,-108.28879
4805,-108.97678
4806,-110.12335
4807,-111.81323
4808,-113.9281
4809,-116.09637
4810,-117.97702
4811,-119.2517
4812,-119.64972
4813,-119.17181
4814,-118.15895
4815,-116.9127
4816,-115.70501
4817,-114.77603
4818,-114.183495
4819,-113.756905
4820,-113.352425
4821,-112.846466
4822,-112.13624
4823,-111.237175
4824,-110.3127
4825,-109.508835
4826,-108.95851
4827,-108.772964
4828,-108.94045
4829,-109.295525
4830,-109.69104
4831,-109.99361
4832,-110.088425
4833,-109.96618
4834,-109.749626
4835,-109.545815
4836,-109.45012
4837,-109.54718
4838,-109.860886
4839,-110.3391
4840,-110.93878
4841,-111.62357
4842,-112.357185
4843,-113.10332
4844,-113.825714
4845,-114.48807
4846,-115.0541
4847,-114.08191
4848,-110.95161
4849,-109.504616
4850,-108.52918
4851,-107.949974
4852,-107.69181
4853,-107.67963
4854,-107.838425
4855,-108.09328
4856,-108.36927
4857,-108.6017
4858,-108.78373
4859,-108.98078
4860,-109.249695
4861,-109.64084
4862,-110.20142
4863,-110.9602
4864,-111.92303
4865,-113.09851
4866,-114.4972
4867,-116.10906
4868,-117.80652
4869,-119.315384
4870,-120.378944
4871,-120.75336
4872,-120.24145
4873,-118.91349
4874,-117.17511
4875,-115.39369
4876,-113.90743
4877,-113.012314
4878,-112.764046
4879,-112.917786
4880,-113.26403
4881,-113.62015
4882,-113.825874
4883,-113.84807
4884,-113.81234
4885,-113.825615
4886,-113.980736
4887,-114.3626
4888,-115.01122
4889,-115.91041
4890,-117.05064
4891,-118.42731
4892,-120.03584
4893,-121.871666
4894,-123.9302
4895,-126.20686
4896,-128.69705
4897,-129.43782
4898,-126.84625
4899,-125.090744
4900,-123.19308
4901,-121.22926
4902,-119.27532
4903,-117.40732
4904,-115.70121
4905,-114.23303
4906,-113.07864
4907,-112.296906
4908,-111.849884
4909,-111.57863
4910,-111.33851
4911,-110.99565
4912,-110.432274
4913,-109.62164
4914,-108.65102
4915,-107.59421
4916,-106.51492
4917,-105.4782
4918,-104.55628
4919,-103.83048
4920,-103.38097
4921,-103.28712
4922,-103.61005
4923,-104.307556
4924,-105.20849
4925,-106.157166
4926,-107.00955
4927,-107.64203
4928,-108.04701
4929,-108.36188
4930,-108.7067
4931,-109.1887
4932,-109.8913
4933,-110.763374
4934,-111.58554
4935,-112.15853
4936,-112.298035
4937,-111.84972
4938,-110.830635
4939,-109.472374
4940,-107.98143
4941,-106.54541
4942,-105.35202
4943,-104.58885
4944,-104.44338
4945,-105.10288
4946,-106.7543
4947,-106.81935
4948,-103.30577
4949,-102.178375
4950,-101.67826
4951,-101.70144
4952,-102.14417
4953,-102.90286
4954,-103.873985
4955,-104.95407
4956,-106.039764
4957,-107.034294
4958,-107.87838
4959,-108.559586
4960,-109.05983
4961,-109.356834
4962,-109.43544
4963,-109.32076
4964,-109.08833
4965,-108.807755
4966,-108.544106
4967,-108.3503
4968,-108.20958
4969,-108.018135
4970,-107.68254
4971,-107.117035
4972,-106.26203
4973,-105.20664
4974,-104.226
4975,-103.57316
4976,-103.48463
4977,-104.15309
4978,-105.52328
4979,-107.230545
4980,-108.94765
4981,-110.375175
4982,-111.25323
4983,-111.54541
4984,-111.49474
4985,-111.311066
4986,-111.179565
4987,-111.26223
4988,-111.5892
4989,-112.025566
4990,-112.455444
4991,-112.77746
4992,-112.89021
4993,-112.692345
4994,-112.082634
4995,-110.95995
4996,-109.22323
4997,-110.390976
4998,-120.816635
4999,-115.616325
5000,-113.446266
5001,-114.83461
5002,-110.31332
5003,-105.41725
5004,-100.68253
5005,-96.64497
5006,-93.83908
5007,-87.72193
5008,-88.318146
5009,-90.11342
5010,-92.65902
5011,-100.55456
5012,-103.41904
5013,-105.98068
5014,-103.10374
5015,-104.63595
5016,-105.41276
5017,-105.31838
5018,-104.51599
5019,-103.51766
5020,-102.79422
5021,-102.78552
5022,-103.86012
5023,-105.98275
5024,-108.61434
5025,-116.27703
5026,-113.538414
5027,-115.017204
5028,-115.62035
5029,-115.61501
5030,-115.22559
5031,-114.64469
5032,-114.05329
5033,-113.56464
5034,-113.207115
5035,-113.019035
5036,-113.04622
5037,-113.32199
5038,-113.80906
5039,-114.38188
5040,-114.92537
5041,-115.33231
5042,-115.49545
5043,-115.30746
5044,-114.66093
5045,-113.44829
5046,-111.56184
5047,-110.53544
5048,-111.66721
5049,-111.60272
5050,-111.312195
5051,-110.85552
5052,-110.29269
5053,-109.68361
5054,-109.088326
5055,-108.566795
5056,-108.17902
5057,-107.97377
5058,-107.93601
5059,-107.97106
5060,-107.9937
5061,-107.925804
5062,-107.703094
5063,-107.339714
5064,-106.94791
5065,-106.62833
5066,-106.47283
5067,-106.55993
5068,-106.89196
5069,-107.37616
5070,-107.93116
5071,-108.48403
5072,-108.97329
5073,-109.402115
5074,-109.854485
5075,-110.40475
5076,-111.120056
5077,-112.050064
5078,-113.14516
5079,-114.23162
5080,-115.15059
5081,-115.754234
5082,-115.914825
5083,-115.61941
5084,-114.99857
5085,-114.16616
5086,-113.22334
5087,-112.26518
5088,-111.35137
5089,-110.49727
5090,-109.72347
5091,-109.054474
5092,-108.51479
5093,-108.12888
5094,-107.92124
5095,-107.91635
5096,-108.138664
5097,-109.33312
5098,-111.579254
5099,-112.515594
5100,-112.94655
5101,-112.933
5102,-112.53589
5103,-111.81626
5104,-110.83526
5105,-109.654045
5106,-108.33388
5107,-106.938416
5108,-105.54484
5109,-104.24721
5110,-103.13759
5111,-102.30652
5112,-101.83277
5113,-101.728714
5114,-101.92366
5115,-102.35692
5116,-102.97523
5117,-103.722984
5118,-104.53126
5119,-105.31448
5120,-105.98907
5121,-106.47296
5122,-106.70315
5123,-106.72511
5124,-106.719925
5125,-106.85256
5126,-107.27585
5127,-108.11686
5128,-109.3562
5129,-110.79172
5130,-112.24318
5131,-113.54678
5132,-114.5546
5133,-115.20901
5134,-115.56508
5135,-115.66458
5136,-115.5392
5137,-115.2266
5138,-114.79779
5139,-114.36563
5140,-114.03811
5141,-113.919495
5142,-114.11403
5143,-114.72588
5144,-115.859085
5145,-117.617546
5146,-120.104935
5147,-120.74183
5148,-117.52459
5149,-116.24197
5150,-115.29178
5151,-114.632416
5152,-114.22239
5153,-114.020195
5154,-113.9844
5155,-114.0736
5156,-114.24643
5157,-114.45593
5158,-114.62341
5159,-114.630486
5160,-114.363434
5161,-113.71197
5162,-112.58755
5163,-111.02563
5164,-109.21702
5165,-107.33448
5166,-105.53712
5167,-103.97917
5168,-102.78726
5169,-107.05349
5170,-101.873795
5171,-102.34614
5172,-103.531845
5173,-105.29449
5174,-107.25251
5175,-109.05398
5176,-110.36956
5177,-110.923515
5178,-110.74158
5179,-110.22629
5180,-109.73673
5181,-109.59972
5182,-110.08882
5183,-111.17138
5184,-112.43204
5185,-113.50178
5186,-114.04621
5187,-113.77534
5188,-112.65063
5189,-110.94826
5190,-108.907875
5191,-106.74166
5192,-104.66205
5193,-102.881424
5194,-101.61207
5195,-101.065765
5196,-101.45374
5197,-101.93041
5198,-101.39496
5199,-101.38906
5200,-101.49834
5201,-101.68158
5202,-101.89765
5203,-102.10537
5204,-102.26366
5205,-102.33135
5206,-102.26729
5207,-102.02779
5208,-101.55486
5209,-100.77264
5210,-99.60729
5211,-97.9865
5212,-95.86831
5213,-93.38393
5214,-90.88105
5215,-88.68133
5216,-87.08679
5217,-86.346245
5218,-86.40774
5219,-86.84407
5220,-87.27344
5221,-87.34759
5222,-86.76999
5223,-85.53817
5224,-84.01688
5225,-82.52633
5226,-81.35376
5227,-80.75637
5228,-80.82185
5229,-81.42625
5230,-82.47119
5231,-83.8772
5232,-85.546074
5233,-87.27409
5234,-88.72579
5235,-89.58167
5236,-89.534134
5237,-88.33007
5238,-86.026764
5239,-88.06935
5240,-84.856316
5241,-81.7512
5242,-79.117035
5243,-72.316216
5244,-71.71109
5245,-72.66487
5246,-75.542496
5247,-77.74035
5248,-76.17742
5249,-75.5601
5250,-74.84287
5251,-74.066284
5252,-73.27085
5253,-72.49711
5254,-71.785545
5255,-71.176704
5256,-70.7111
5257,-70.42905
5258,-70.369774
5259,-70.57108
5260,-71.07093
5261,-71.90753
5262,-73.104294
5263,-74.60054
5264,-76.23036
5265,-77.84038
5266,-79.28653
5267,-80.440674
5268,-81.26432
5269,-81.830956
5270,-82.20056
5271,-82.42309
5272,-82.55031
5273,-82.64435
5274,-82.78034
5275,-83.031845
5276,-83.47124
5277,-84.15075
5278,-85.00783
5279,-85.8366
5280,-86.44853
5281,-86.668015
5282,-86.35325
5283,-85.55514
5284,-84.56505
5285,-83.64521
5286,-83.03629
5287,-82.94847
5288,-83.41842
5289,-84.26623
5290,-85.33822
5291,-86.50006
5292,-87.617455
5293,-88.556076
5294,-89.1817
5295,-89.36005
5296,-88.95686
5297,-88.70567
5298,-90.12569
5299,-92.757126
5300,-106.0753
5301,-104.74173
5302,-108.41768
5303,-111.76358
5304,-114.43899
5305,-111.10287
5306,-111.41354
5307,-110.10625
5308,-107.35755
5309,-108.897964
5310,-105.39539
5311,-102.47008
5312,-95.65317
5313,-94.96803
5314,-94.80452
5315,-94.62933
5316,-93.96644
5317,-92.4129
5318,-89.97925
5319,-92.192696
5320,-89.518524
5321,-82.37568
5322,-81.12529
5323,-80.80171
5324,-81.03185
5325,-81.49203
5326,-81.894936
5327,-81.98342
5328,-81.672195
5329,-81.09051
5330,-80.34164
5331,-79.50947
5332,-78.67239
5333,-77.87764
5334,-77.13364
5335,-76.45339
5336,-75.85329
5337,-75.34934
5338,-74.955795
5339,-74.68474
5340,-74.548416
5341,-74.55921
5342,-74.72942
5343,-75.071266
5344,-75.59692
5345,-76.31848
5346,-77.248
5347,-76.89521
5348,-74.543365
5349,-74.10098
5350,-74.21558
5351,-74.729225
5352,-75.483696
5353,-76.32061
5354,-77.08144
5355,-77.60763
5356,-77.74058
5357,-77.353065
5358,-76.49556
5359,-75.44035
5360,-74.4328
5361,-73.69831
5362,-73.431435
5363,-73.65167
5364,-74.15984
5365,-74.78296
5366,-75.36746
5367,-75.780754
5368,-76.00991
5369,-76.19147
5370,-76.44396
5371,-76.87256
5372,-77.56888
5373,-78.54706
5374,-79.724495
5375,-81.030205
5376,-82.40185
5377,-83.78501
5378,-85.17054
5379,-86.60567
5380,-88.13086
5381,-89.7815
5382,-91.57465
5383,-93.42333
5384,-95.1108
5385,-96.43609
5386,-97.20994
5387,-97.26952
5388,-96.60277
5389,-95.38599
5390,-93.77288
5391,-91.90043
5392,-89.90571
5393,-87.92585
5394,-86.09787
5395,-84.55881
5396,-83.44553
5397,-83.41606
5398,-84.552475
5399,-85.03113
5400,-85.41343
5401,-85.70862
5402,-85.92595
5403,-86.07469
5404,-86.16409
5405,-86.203445
5406,-86.20203
5407,-86.1689
5408,-86.112015
5409,-86.03791
5410,-85.953285
5411,-85.86496
5412,-85.77729
5413,-85.68025
5414,-85.546005
5415,-85.34873
5416,-85.06401
5417,-84.67516
5418,-84.21128
5419,-83.75888
5420,-83.39729
5421,-83.20066
5422,-83.22881
5423,-83.45883
5424,-83.76453
5425,-84.03261
5426,-84.159355
5427,-84.068726
5428,-83.84028
5429,-83.74772
5430,-84.041466
5431,-84.954796
5432,-86.66944
5433,-89.07364
5434,-91.68909
5435,-94.082054
5436,-95.852005
5437,-96.65093
5438,-96.427635
5439,-95.501564
5440,-94.147446
5441,-92.60702
5442,-91.12218
5443,-89.93476
5444,-89.28653
5445,-89.4191
5446,-90.57399
5447,-91.66975
5448,-91.2338
5449,-91.11109
5450,-90.95781
5451,-90.81655
5452,-90.72995
5453,-90.74051
5454,-90.890724
5455,-91.22307
5456,-91.77992
5457,-92.57732
5458,-93.48151
5459,-94.171875
5460,-94.35039
5461,-93.735664
5462,-92.1054
5463,-89.57394
5464,-91.67653
5465,-88.89783
5466,-81.68464
5467,-80.422005
5468,-80.14705
5469,-80.46308
5470,-81.02602
5471,-81.53045
5472,-81.71105
5473,-81.53049
5474,-81.236046
5475,-81.04066
5476,-81.13168
5477,-81.66427
5478,-82.610435
5479,-83.71351
5480,-84.74437
5481,-85.494415
5482,-85.78464
5483,-85.604195
5484,-85.15223
5485,-84.60243
5486,-84.10966
5487,-83.81288
5488,-83.76062
5489,-83.888504
5490,-84.14584
5491,-84.49204
5492,-89.88653
5493,-85.28862
5494,-85.657196
5495,-85.950134
5496,-86.124344
5497,-86.6184
5498,-87.59526
5499,-87.74681
5500,-87.57104
5501,-87.145134
5502,-86.546776
5503,-85.8541
5504,-85.14569
5505,-84.500465
5506,-83.997696
5507,-83.70233
5508,-83.59677
5509,-83.56016
5510,-83.48435
5511,-83.27055
5512,-82.83232
5513,-82.15245
5514,-81.30034
5515,-80.33488
5516,-79.30724
5517,-78.27247
5518,-77.30751
5519,-76.51672
5520,-76.00108
5521,-75.85912
5522,-76.16559
5523,-76.859886
5524,-77.71242
5525,-78.513756
5526,-79.06942
5527,-79.209625
5528,-78.90486
5529,-78.30069
5530,-77.521454
5531,-76.67572
5532,-75.863205
5533,-75.1335
5534,-74.47379
5535,-73.878746
5536,-73.34855
5537,-72.88454
5538,-72.49478
5539,-72.19575
5540,-72.00286
5541,-71.930725
5542,-71.99397
5543,-72.20715
5544,-72.58486
5545,-73.141594
5546,-73.891884
5547,-74.25059
5548,-73.89786
5549,-74.31773
5550,-74.971565
5551,-80.77814
5552,-76.65601
5553,-77.52335
5554,-78.297195
5555,-78.89369
5556,-79.22854
5557,-79.231514
5558,-78.91238
5559,-78.38086
5560,-77.73507
5561,-77.06469
5562,-76.45447
5563,-75.959305
5564,-75.59666
5565,-75.38888
5566,-75.362
5567,-75.533936
5568,-75.875305
5569,-76.29751
5570,-76.71924
5571,-77.06452
5572,-77.266136
5573,-77.306305
5574,-77.228935
5575,-77.0705
5576,-76.86193
5577,-76.63574
5578,-76.433365
5579,-76.3074
5580,-76.30901
5581,-76.4884
5582,-76.88437
5583,-77.47148
5584,-78.14405
5585,-78.80596
5586,-79.36819
5587,-79.75216
5588,-79.93892
5589,-79.98395
5590,-79.933685
5591,-79.82782
5592,-79.70602
5593,-79.60788
5594,-79.57295
5595,-79.64075
5596,-79.850746
5597,-77.98562
5598,-78.104645
5599,-71.27948
5600,-70.39871
5601,-70.22604
5602,-70.52513
5603,-71.05917
5604,-71.59098
5605,-71.88316
5606,-71.69829
5607,-70.84481
5608,-69.39124
5609,-67.73036
5610,-66.21558
5611,-65.17098
5612,-64.874985
5613,-65.34697
5614,-66.28209
5615,-67.41337
5616,-68.50208
5617,-69.33808
5618,-69.87482
5619,-70.27031
5620,-75.65839
5621,-71.15459
5622,-71.86117
5623,-72.805786
5624,-73.9232
5625,-75.15881
5626,-76.46618
5627,-77.79424
5628,-79.06499
5629,-80.16668
5630,-80.99205
5631,-81.43727
5632,-81.427124
5633,-81.04754
5634,-85.58546
5635,-80.303505
5636,-80.44534
5637,-81.206825
5638,-82.523735
5639,-84.00886
5640,-85.313835
5641,-86.11983
5642,-86.10916
5643,-84.96545
5644,-82.37353
5645,-83.02003
5646,-76.59486
5647,-71.45921
5648,-66.54148
5649,-66.05064
5650,-66.082245
5651,-66.471115
5652,-67.05196
5653,-67.65948
5654,-68.12836
5655,-68.29336
5656,-67.98942
5657,-67.08693
5658,-65.65698
5659,-64.02089
5660,-62.46953
5661,-61.270905
5662,-60.65076
5663,-60.59585
5664,-60.79395
5665,-60.967278
5666,-60.8639
5667,-60.268913
5668,-59.178913
5669,-57.85441
5670,-56.523994
5671,-55.39183
5672,-54.635925
5673,-54.288475
5674,-54.199345
5675,-54.239254
5676,-54.294754
5677,-54.25907
5678,-54.06353
5679,-53.68726
5680,-53.10419
5681,-52.284195
5682,-51.213
5683,-49.965824
5684,-48.729664
5685,-47.678535
5686,-46.976604
5687,-46.761246
5688,-47.01626
5689,-47.531826
5690,-48.11822
5691,-48.601757
5692,-48.808575
5693,-48.565056
5694,-47.6982
5695,-46.03614
5696,-43.40889
5697,-42.856785
5698,-46.71045
5699,-47.995026
5700,-48.66332
5701,-48.81226
5702,-48.53746
5703,-47.933685
5704,-47.09514
5705,-46.11559
5706,-45.08849
5707,-44.108967
5708,-43.282852
5709,-42.729607
5710,-42.567493
5711,-42.91419
5712,-43.851368
5713,-45.251247
5714,-46.71982
5715,-47.888092
5716,-48.409626
5717,-48.002846
5718,-46.747715
5719,-45.175335
5720,-43.7651
5721,-42.95561
5722,-43.122124
5723,-44.277554
5724,-45.97486
5725,-47.81072
5726,-49.41823
5727,-50.470425
5728,-50.870007
5729,-50.808086
5730,-50.44488
5731,-49.915237
5732,-49.34881
5733,-53.848377
5734,-48.48319
5735,-48.325783
5736,-48.45078
5737,-48.915573
5738,-49.68341
5739,-50.5992
5740,-51.520336
5741,-52.31458
5742,-52.850166
5743,-52.996044
5744,-52.622
5745,-51.598793
5746,-49.798428
5747,-48.15645
5748,-48.006985
5749,-48.028522
5750,-48.351574
5751,-48.890163
5752,-49.558056
5753,-50.268887
5754,-50.936237
5755,-51.473686
5756,-51.79495
5757,-51.832573
5758,-51.625618
5759,-51.34658
5760,-51.153004
5761,-51.190727
5762,-51.575603
5763,-52.25241
5764,-52.950565
5765,-53.422585
5766,-53.439663
5767,-52.81109
5768,-51.560627
5769,-49.97986
5770,-48.329205
5771,-46.84471
5772,-45.739803
5773,-45.102413
5774,-44.863537
5775,-44.97154
5776,-45.388206
5777,-46.068176
5778,-46.92652
5779,-47.828423
5780,-48.643906
5781,-49.247143
5782,-49.531097
5783,-49.49498
5784,-49.271244
5785,-48.977787
5786,-48.72076
5787,-48.59667
5788,-48.647682
5789,-48.84781
5790,-49.178436
5791,-49.626774
5792,-50.18002
5793,-50.82532
5794,-51.54979
5795,-52.340496
5796,-53.18454
5797,-54.228672
5798,-55.324463
5799,-55.724888
5800,-55.807865
5801,-55.667492
5802,-55.397503
5803,-55.09145
5804,-54.842773
5805,-54.74487
5806,-54.891197
5807,-55.354443
5808,-56.08852
5809,-56.89802
5810,-57.604015
5811,-58.04053
5812,-58.076492
5813,-57.778522
5814,-57.46049
5815,-57.407658
5816,-57.883636
5817,-59.101894
5818,-60.98786
5819,-63.10429
5820,-65.05382
5821,-66.47076
5822,-67.04295
5823,-66.75913
5824,-65.98355
5825,-65.03567
5826,-64.201096
5827,-63.731773
5828,-63.690197
5829,-63.90202
5830,-64.22078
5831,-64.52087
5832,-64.69417
5833,-64.73242
5834,-64.75223
5835,-64.855576
5836,-65.13334
5837,-65.66154
5838,-66.4312
5839,-67.32704
5840,-68.24611
5841,-69.09488
5842,-69.779854
5843,-70.20754
5844,-70.28458
5845,-69.917656
5846,-69.01359
5847,-68.1961
5848,-68.62506
5849,-69.78905
5850,-71.44742
5851,-73.41637
5852,-75.51175
5853,-77.54929
5854,-79.34486
5855,-80.714516
5856,-81.474464
5857,-81.47319
5858,-80.74162
5859,-79.53852
5860,-78.09501
5861,-76.621735
5862,-75.31277
5863,-74.26854
5864,-73.47276
5865,-72.92329
5866,-72.62848
5867,-72.587425
5868,-77.746826
5869,-72.987656
5870,-73.19841
5871,-73.272484
5872,-73.121925
5873,-72.7688
5874,-72.37279
5875,-72.07733
5876,-72.01378
5877,-72.294334
5878,-72.9203
5879,-73.75412
5880,-74.67519
5881,-75.57558
5882,-76.35738
5883,-76.978584
5884,-77.46685
5885,-77.84165
5886,-78.11645
5887,-78.302284
5888,-78.396515
5889,-78.379234
5890,-78.23266
5891,-77.94063
5892,-77.48691
5893,-76.85527
5894,-76.02934
5895,-74.992645
5896,-73.72865
5897,-71.40406
5898,-73.18622
5899,-67.09891
5900,-66.88243
5901,-67.32595
5902,-68.218124
5903,-69.34701
5904,-70.50018
5905,-71.46499
5906,-72.02883
5907,-72.01786
5908,-71.477844
5909,-70.7286
5910,-70.056915
5911,-69.724915
5912,-69.95147
5913,-70.70975
5914,-71.66553
5915,-72.52086
5916,-73.00498
5917,-72.89554
5918,-72.244675
5919,-71.44719
5920,-70.85654
5921,-70.79542
5922,-71.5293
5923,-72.99745
5924,-74.7309
5925,-76.30866
5926,-77.34605
5927,-77.52129
5928,-76.86892
5929,-75.86802
5930,-74.94387
5931,-74.48165
5932,-74.80922
5933,-75.92842
5934,-77.43358
5935,-78.96755
5936,-80.20946
5937,-80.8769
5938,-80.90602
5939,-80.5056
5940,-79.851494
5941,-79.095055
5942,-78.387634
5943,-77.88049
5944,-77.724915
5945,-78.07225
5946,-79.07392
5947,-78.71995
5948,-75.68984
5949,-74.99263
5950,-74.98716
5951,-75.506
5952,-76.38161
5953,-77.44617
5954,-78.5318
5955,-79.4705
5956,-80.09433
5957,-80.26379
5958,-80.00046
5959,-79.52716
5960,-79.04227
5961,-78.72618
5962,-78.73936
5963,-79.129295
5964,-79.80231
5965,-80.68173
5966,-81.70354
5967,-82.806725
5968,-83.947586
5969,-85.10393
5970,-86.250534
5971,-87.36002
5972,-88.398186
5973,-89.29192
5974,-89.91961
5975,-90.16572
5976,-89.91925
5977,-89.099846
5978,-87.80045
5979,-86.330376
5980,-84.97292
5981,-83.99218
5982,-83.60821
5983,-83.791336
5984,-84.2
5985,-84.53045
5986,-84.50691
5987,-83.89161
5988,-82.662605
5989,-81.0674
5990,-79.32083
5991,-77.6136
5992,-76.13625
5993,-75.07922
5994,-74.63297
5995,-74.988144
5996,-76.335655
5997,-77.38607
5998,-76.77181
5999,-77.070076
6000,-82.545425
6001,-78.1337
6002,-78.77031
6003,-79.38987
6004,-79.92617
6005,-80.3127
6006,-80.482864
6007,-80.38856
6008,-80.085655
6009,-79.75993
6010,-79.58177
6011,-79.71036
6012,-80.27505
6013,-81.23431
6014,-82.333
6015,-83.34197
6016,-84.05135
6017,-84.27688
6018,-83.97875
6019,-83.29746
6020,-82.351776
6021,-81.24435
6022,-80.07648
6023,-78.94193
6024,-77.925095
6025,-77.111374
6026,-76.587036
6027,-76.41973
6028,-76.57129
6029,-76.87133
6030,-77.16528
6031,-77.31036
6032,-77.1883
6033,-76.82051
6034,-76.4028
6035,-76.10985
6036,-76.10071
6037,-76.511444
6038,-77.34795
6039,-78.45334
6040,-79.69019
6041,-80.935524
6042,-82.06631
6043,-82.95953
6044,-83.49214
6045,-83.541145
6046,-82.983475
6047,-81.69282
6048,-80.0283
6049,-78.76716
6050,-77.685486
6051,-76.819626
6052,-76.2059
6053,-75.88063
6054,-75.880165
6055,-76.240845
6056,-76.99907
6057,-83.16532
6058,-79.603096
6059,-80.99158
6060,-82.03076
6061,-82.43593
6062,-81.97444
6063,-80.71204
6064,-79.08714
6065,-77.49347
6066,-76.29173
6067,-75.79204
6068,-76.01514
6069,-76.62026
6070,-77.310646
6071,-77.822136
6072,-77.92464
6073,-77.58022
6074,-76.99068
6075,-76.32911
6076,-75.74724
6077,-75.38158
6078,-75.28142
6079,-75.38716
6080,-75.652374
6081,-76.04035
6082,-76.513725
6083,-77.03142
6084,-77.54767
6085,-78.01726
6086,-78.395294
6087,-78.63839
6088,-78.71165
6089,-78.590904
6090,-78.25063
6091,-77.66424
6092,-76.80513
6093,-75.6466
6094,-79.16194
6095,-72.32436
6096,-70.1064
6097,-69.09531
6098,-70.44859
6099,-70.56497
6100,-70.46304
6101,-70.17377
6102,-69.72859
6103,-69.15949
6104,-68.499084
6105,-67.780556
6106,-67.03757
6107,-66.30188
6108,-65.59157
6109,-64.90757
6110,-64.25317
6111,-63.633476
6112,-63.047665
6113,-62.460308
6114,-61.792763
6115,-60.971558
6116,-59.92715
6117,-58.61097
6118,-57.09302
6119,-55.59117
6120,-54.305557
6121,-53.423065
6122,-53.09591
6123,-53.27838
6124,-53.676144
6125,-54.022118
6126,-54.07036
6127,-53.61436
6128,-52.67184
6129,-51.540897
6130,-50.487232
6131,-49.751488
6132,-49.54215
6133,-49.88509
6134,-50.576515
6135,-51.43721
6136,-52.307144
6137,-53.040936
6138,-53.57864
6139,-53.96773
6140,-54.243923
6141,-54.43353
6142,-59.562782
6143,-54.657764
6144,-54.74403
6145,-54.846012
6146,-54.987114
6147,-53.732895
6148,-50.522846
6149,-49.36763
6150,-48.91813
6151,-49.04367
6152,-49.61332
6153,-50.49568
6154,-51.559017
6155,-52.671432
6156,-53.70112
6157,-54.525333
6158,-55.071762
6159,-55.33125
6160,-55.288
6161,-54.92088
6162,-59.219433
6163,-53.232796
6164,-52.084324
6165,-50.88791
6166,-49.750027
6167,-48.77358
6168,-48.04362
6169,-47.62319
6170,-47.578327
6171,-47.977604
6172,-48.862156
6173,-50.113216
6174,-51.409843
6175,-52.451847
6176,-52.956627
6177,-52.68779
6178,-51.666725
6179,-50.236664
6180,-48.703743
6181,-47.34489
6182,-46.407776
6183,-45.97737
6184,-45.934868
6185,-46.183815
6186,-46.64499
6187,-47.240074
6188,-47.898098
6189,-48.557446
6190,-49.155407
6191,-49.628395
6192,-49.912823
6193,-49.94515
6194,-49.66191
6195,-48.999805
6196,-47.895737
6197,-46.326942
6198,-44.63881
6199,-43.354977
6200,-42.302322
6201,-41.49483
6202,-40.94656
6203,-40.671627
6204,-40.68421
6205,-40.99859
6206,-41.629055
6207,-42.57153
6208,-43.716705
6209,-44.821907
6210,-45.65706
6211,-46.003574
6212,-45.678665
6213,-44.698853
6214,-43.329926
6215,-41.81003
6216,-40.35467
6217,-39.157948
6218,-38.2969
6219,-37.702003
6220,-37.319122
6221,-37.10644
6222,-37.02442
6223,-37.04727
6224,-37.16669
6225,-37.37266
6226,-37.653725
6227,-37.991764
6228,-38.330772
6229,-38.566715
6230,-38.600166
6231,-43.335884
6232,-37.703617
6233,-36.773186
6234,-35.789246
6235,-34.97596
6236,-34.541454
6237,-34.66832
6238,-35.391308
6239,-36.55657
6240,-38.02734
6241,-39.682175
6242,-41.399902
6243,-43.060143
6244,-44.543507
6245,-45.73179
6246,-46.507942
6247,-46.887375
6248,-47.154327
6249,-47.465366
6250,-47.73872
6251,-47.96883
6252,-48.15029
6253,-48.277775
6254,-48.346004
6255,-48.349598
6256,-48.283028
6257,-48.146053
6258,-47.969673
6259,-47.824196
6260,-47.775578
6261,-47.886356
6262,-48.2062
6263,-48.711506
6264,-49.28637
6265,-49.82446
6266,-50.227196
6267,-50.40919
6268,-50.36019
6269,-50.164253
6270,-49.894855
6271,-49.61702
6272,-49.383568
6273,-49.179005
6274,-48.90221
6275,-48.461365
6276,-47.772133
6277,-51.76546
6278,-45.458576
6279,-43.976276
6280,-42.430454
6281,-40.922653
6282,-39.54856
6283,-38.37375
6284,-37.4264
6285,-36.739075
6286,-36.347977
6287,-36.27495
6288,-36.457253
6289,-36.72461
6290,-36.916523
6291,-36.88133
6292,-36.467823
6293,-35.525776
6294,-33.906567
6295,-31.464117
6296,-33.05674
6297,-26.128445
6298,-27.888966
6299,-28.323872
6300,-28.655586
6301,-28.902252
6302,-29.081907
6303,-29.212536
6304,-29.312021
6305,-29.398186
6306,-29.4888
6307,-29.608128
6308,-29.817791
6309,-30.2271
6310,-30.941854
6311,-32.06466
6312,-33.67349
6313,-35.701412
6314,-37.89461
6315,-40.01255
6316,-41.82955
6317,-43.146416
6318,-43.910236
6319,-44.25212
6320,-44.284973
6321,-44.105576
6322,-43.803535
6323,-43.430595
6324,-42.991146
6325,-42.494457
6326,-41.9538
6327,-41.38067
6328,-40.776695
6329,-40.131096
6330,-39.43437
6331,-38.678112
6332,-37.85938
6333,-37.006184
6334,-36.1855
6335,-35.460316
6336,-34.890404
6337,-34.526833
6338,-34.370743
6339,-34.35993
6340,-34.43796
6341,-34.55347
6342,-34.65495
6343,-34.690865
6344,-34.6097
6345,-34.360046
6346,-33.89065
6347,-33.15092
6348,-32.324326
6349,-31.780504
6350,-31.394394
6351,-31.164911
6352,-31.090967
6353,-31.17149
6354,-31.40541
6355,-31.791656
6356,-32.329163
6357,-33.020683
6358,-33.89116
6359,-34.99381
6360,-36.37967
6361,-38.09767
6362,-40.173687
6363,-42.50079
6364,-44.802532
6365,-46.817265
6366,-48.29825
6367,-49.05157
6368,-54.176834
6369,-49.14114
6370,-49.37072
6371,-50.25874
6372,-52.129402
6373,-54.912952
6374,-63.040268
6375,-65.992584
6376,-63.294464
6377,-64.52986
6378,-64.61062
6379,-63.857166
6380,-62.542347
6381,-60.90249
6382,-59.162823
6383,-57.487278
6384,-55.963448
6385,-54.688244
6386,-53.765705
6387,-53.288807
6388,-53.28569
6389,-53.702972
6390,-54.496624
6391,-55.629684
6392,-57.065063
6393,-58.765522
6394,-60.69364
6395,-62.811935
6396,-65.082825
6397,-73.9367
6398,-79.451126
6399,-81.782555
6400,-77.68605
6401,-77.35746
6402,-75.99021
6403,-73.77688
6404,-75.90979
6405,-72.58108
6406,-68.982666
6407,-65.30933
6408,-61.77438
6409,-58.614124
6410,-56.060844
6411,-49.34416
6412,-48.64999
6413,-48.91315
6414,-49.751663
6415,-50.816624
6416,-51.784492
6417,-52.371464
6418,-52.524418
6419,-52.480015
6420,-52.443104
6421,-52.593243
6422,-53.083977
6423,-53.920433
6424,-54.921097
6425,-55.924732
6426,-56.78618
6427,-57.371323
6428,-57.6087
6429,-57.505375
6430,-57.059628
6431,-56.262913
6432,-55.12337
6433,-53.74375
6434,-52.344883
6435,-51.13349
6436,-50.305744
6437,-50.026295
6438,-50.279694
6439,-55.82389
6440,-51.44107
6441,-51.932064
6442,-52.0967
6443,-51.734344
6444,-50.644783
6445,-48.62914
6446,-50.49111
6447,-45.51116
6448,-56.78952
6449,-59.287117
6450,-55.879036
6451,-56.729378
6452,-56.999077
6453,-56.84747
6454,-56.433037
6455,-55.913822
6456,-55.447662
6457,-55.172512
6458,-55.113625
6459,-55.155067
6460,-55.19693
6461,-55.151657
6462,-54.942444
6463,-54.553616
6464,-54.046062
6465,-53.47196
6466,-52.87669
6467,-52.30369
6468,-51.78552
6469,-51.34118
6470,-50.991146
6471,-50.757053
6472,-50.657986
6473,-50.69857
6474,-50.865295
6475,-51.14658
6476,-51.532345
6477,-52.006523
6478,-52.51911
6479,-52.977528
6480,-53.29376
6481,-58.383377
6482,-53.18198
6483,-52.739765
6484,-52.24991
6485,-51.887646
6486,-51.814907
6487,-52.16361
6488,-52.894196
6489,-53.75135
6490,-54.503864
6491,-54.939934
6492,-54.848854
6493,-54.02135
6494,-52.24996
6495,-49.32981
6496,-50.060253
6497,-46.57009
6498,-41.280144
6499,-40.470936
6500,-39.93602
6501,-39.633175
6502,-39.520123
6503,-39.554478
6504,-39.693703
6505,-39.895134
6506,-40.11598
6507,-40.31489
6508,-40.4593
6509,-40.52779
6510,-40.497753
6511,-40.34561
6512,-40.055542
6513,-39.65645
6514,-39.233513
6515,-38.866062
6516,-38.628517
6517,-38.5817
6518,-38.708992
6519,-38.89579
6520,-39.0367
6521,-39.034317
6522,-38.80585
6523,-38.35199
6524,-37.77857
6525,-37.180798
6526,-36.64482
6527,-36.24256
6528,-35.965527
6529,-35.70366
6530,-35.35647
6531,-34.831882
6532,-34.057327
6533,-33.07074
6534,-32.049034
6535,-31.155367
6536,-30.541239
6537,-30.339886
6538,-30.57874
6539,-31.150045
6540,-31.956932
6541,-32.91252
6542,-33.92934
6543,-34.919586
6544,-35.795433
6545,-36.469177
6546,-36.85343
6547,-37.248623
6548,-37.941486
6549,-38.19376
6550,-38.273895
6551,-38.239178
6552,-38.146698
6553,-38.05339
6554,-38.016132
6555,-38.091805
6556,-38.337364
6557,-38.793213
6558,-39.404575
6559,-39.995903
6560,-40.402836
6561,-40.471134
6562,-40.078785
6563,-39.285473
6564,-38.379044
6565,-37.623016
6566,-37.261227
6567,-37.50179
6568,-38.345882
6569,-39.53096
6570,-45.817947
6571,-41.988495
6572,-42.846107
6573,-43.321007
6574,-43.50366
6575,-43.46839
6576,-43.275894
6577,-42.985676
6578,-42.650093
6579,-42.31258
6580,-42.01803
6581,-41.812595
6582,-41.742607
6583,-41.85289
6584,-42.186226
6585,-42.78608
6586,-43.69657
6587,-44.945293
6588,-46.463837
6589,-48.061962
6590,-49.5612
6591,-50.793457
6592,-51.591118
6593,-51.787205
6594,-51.21559
6595,-49.711235
6596,-47.110878
6597,-48.55612
6598,-45.42888
6599,-39.08992
6600,-38.67291
6601,-38.967113
6602,-39.759003
6603,-40.831978
6604,-41.9671
6605,-42.944225
6606,-43.54311
6607,-43.58072
6608,-43.08321
6609,-42.339077
6610,-41.608765
6611,-41.129505
6612,-41.10692
6613,-41.56721
6614,-42.309685
6615,-43.155643
6616,-43.94475
6617,-44.529655
6618,-44.838894
6619,-44.896717
6620,-44.717735
6621,-44.30842
6622,-43.69018
6623,-42.96971
6624,-42.360767
6625,-42.065575
6626,-42.2776
6627,-43.14878
6628,-44.58896
6629,-46.199898
6630,-47.611946
6631,-48.48099
6632,-48.514133
6633,-47.704285
6634,-46.401592
6635,-44.916298
6636,-43.52618
6637,-42.479412
6638,-41.861324
6639,-41.553284
6640,-41.45844
6641,-41.4971
6642,-41.589287
6643,-41.6548
6644,-41.613407
6645,-41.384895
6646,-40.889248
6647,-40.237568
6648,-40.1132
6649,-41.019905
6650,-42.48693
6651,-44.33572
6652,-46.385708
6653,-48.455284
6654,-50.3627
6655,-51.92664
6656,-52.966503
6657,-53.33491
6658,-53.069263
6659,-52.43804
6660,-51.683315
6661,-51.026306
6662,-50.66313
6663,-55.64908
6664,-50.862766
6665,-51.202023
6666,-51.579166
6667,-51.919056
6668,-52.22199
6669,-52.583366
6670,-53.088333
6671,-53.814106
6672,-54.811813
6673,-55.982197
6674,-57.036728
6675,-57.70793
6676,-57.745464
6677,-56.953075
6678,-55.437138
6679,-53.68116
6680,-52.123714
6681,-51.169235
6682,-51.16094
6683,-52.09232
6684,-53.51596
6685,-55.03112
6686,-56.273743
6687,-56.921688
6688,-56.892654
6689,-56.40455
6690,-55.64124
6691,-54.759815
6692,-53.916946
6693,-53.26909
6694,-52.97268
6695,-53.18446
6696,-54.06175
6697,-54.71805
6698,-54.173958
6699,-54.213245
6700,-54.37373
6701,-54.63707
6702,-54.984848
6703,-55.398537
6704,-55.85952
6705,-56.34918
6706,-56.848827
6707,-57.338165
6708,-57.787647
6709,-58.15616
6710,-58.403923
6711,-58.492153
6712,-58.395332
6713,-58.162834
6714,-57.937904
6715,-57.85287
6716,-58.03186
6717,-63.571552
6718,-59.41196
6719,-60.296146
6720,-60.98864
6721,-61.270622
6722,-60.96163
6723,-60.09928
6724,-58.993587
6725,-57.922607
6726,-57.14016
6727,-56.864376
6728,-57.109783
6729,-57.63554
6730,-58.22996
6731,-58.70362
6732,-58.893223
6733,-58.783653
6734,-58.545288
6735,-58.327248
6736,-58.262352
6737,-58.465485
6738,-58.94962
6739,-59.59979
6740,-60.31556
6741,-61.00766
6742,-61.58677
6743,-61.963608
6744,-62.04895
6745,-61.753647
6746,-60.98875
6747,-61.460945
6748,-64.22869
6749,-65.00743
6750,-65.175156
6751,-64.863014
6752,-64.201515
6753,-63.320793
6754,-62.35065
6755,-61.42074
6756,-60.66052
6757,-60.186512
6758,-60.042297
6759,-60.18017
6760,-60.562973
6761,-61.16151
6762,-61.943043
6763,-62.854996
6764,-63.81994
6765,-64.76332
6766,-65.612885
6767,-66.30267
6768,-66.80223
6769,-67.12536
6770,-67.280785
6771,-67.273315
6772,-67.11199
6773,-66.82961
6774,-66.48873
6775,-66.14838
6776,-65.86488
6777,-65.685295
6778,-65.60355
6779,-65.547226
6780,-65.451744
6781,-65.2584
6782,-64.92386
6783,-64.49217
6784,-64.1166
6785,-63.93743
6786,-64.08533
6787,-64.66686
6788,-65.65103
6789,-66.83445
6790,-68.03353
6791,-69.07989
6792,-69.80514
6793,-70.04105
6794,-69.61965
6795,-68.37323
6796,-66.13461
6797,-64.00816
6798,-63.751167
6799,-64.04836
6800,-64.90336
6801,-66.17632
6802,-67.72675
6803,-69.413574
6804,-71.09525
6805,-72.630226
6806,-73.87698
6807,-79.71249
6808,-75.1176
6809,-75.20247
6810,-75.06061
6811,-74.772964
6812,-74.410805
6813,-73.99292
6814,-73.47299
6815,-72.81308
6816,-71.98165
6817,-70.960785
6818,-69.80674
6819,-68.668106
6820,-67.68284
6821,-66.98104
6822,-66.66738
6823,-66.70026
6824,-66.85498
6825,-66.92863
6826,-66.73467
6827,-66.11691
6828,-65.090965
6829,-63.886898
6830,-62.70907
6831,-61.742542
6832,-61.15214
6833,-60.98779
6834,-61.15578
6835,-61.579178
6836,-62.193573
6837,-62.934017
6838,-63.733665
6839,-64.5233
6840,-65.23383
6841,-65.796364
6842,-66.1419
6843,-66.201454
6844,-65.90601
6845,-65.18663
6846,-63.9744
6847,-62.66912
6848,-62.024166
6849,-61.75806
6850,-61.85262
6851,-62.293846
6852,-63.06767
6853,-64.15988
6854,-65.556175
6855,-67.242134
6856,-69.203186
6857,-71.40171
6858,-73.669266
6859,-75.67384
6860,-77.10289
6861,-77.658745
6862,-77.102104
6863,-75.52301
6864,-73.42247
6865,-71.2514
6866,-69.42338
6867,-68.30589
6868,-68.0079
6869,-68.31563
6870,-69.05414
6871,-70.07692
6872,-71.2368
6873,-72.38414
6874,-73.36649
6875,-74.03176
6876,-74.22819
6877,-73.83391
6878,-72.89607
6879,-71.67273
6880,-70.396385
6881,-69.28053
6882,-68.51431
6883,-68.1494
6884,-68.065834
6885,-68.16417
6886,-68.36021
6887,-68.57531
6888,-68.76295
6889,-68.91667
6890,-69.02531
6891,-69.07406
6892,-69.0482
6893,-68.93286
6894,-68.71291
6895,-68.37305
6896,-67.897835
6897,-67.93249
6898,-68.7297
6899,-68.4989
6900,-67.93185
6901,-67.14612
6902,-66.25925
6903,-65.388756
6904,-64.65221
6905,-64.167206
6906,-64.05156
6907,-64.40039
6908,-65.17924
6909,-66.19111
6910,-67.2578
6911,-68.21537
6912,-68.92257
6913,-69.36701
6914,-69.69747
6915,-70.043686
6916,-70.52096
6917,-71.23648
6918,-72.25111
6919,-73.567665
6920,-80.195885
6921,-77.15032
6922,-79.42125
6923,-81.86687
6924,-84.18166
6925,-86.077995
6926,-87.28276
6927,-87.563705
6928,-86.916466
6929,-85.6209
6930,-83.92449
6931,-82.05114
6932,-80.2086
6933,-78.50505
6934,-76.924
6935,-75.46528
6936,-74.14078
6937,-72.958206
6938,-71.89744
6939,-70.9035
6940,-69.92601
6941,-68.91789
6942,-67.83217
6943,-66.62191
6944,-65.240204
6945,-63.640068
6946,-61.774445
6947,-60.29374
6948,-59.757942
6949,-58.75664
6950,-57.679184
6951,-56.539318
6952,-55.350483
6953,-54.12585
6954,-52.878307
6955,-51.620472
6956,-50.36467
6957,-49.126472
6958,-47.940983
6959,-46.86784
6960,-45.963646
6961,-45.282722
6962,-44.865856
6963,-44.677364
6964,-44.585274
6965,-44.467453
6966,-44.209694
6967,-43.718975
6968,-43.023186
6969,-42.30204
6970,-41.7189
6971,-41.424023
6972,-41.537193
6973,-42.0034
6974,-42.546345
6975,-42.91106
6976,-42.861015
6977,-42.198494
6978,-40.943947
6979,-39.390743
6980,-37.802376
6981,-36.417747
6982,-35.455624
6983,-35.024063
6984,-35.091972
6985,-35.64257
6986,-36.67076
6987,-38.155426
6988,-39.98468
6989,-41.930744
6990,-43.775097
6991,-45.308746
6992,-46.323563
6993,-46.612766
6994,-45.97115
6995,-44.195705
6996,-46.086983
6997,-43.600117
6998,-39.041676
6999,-39.077637
7000,-39.3647
7001,-39.839825
7002,-40.43964
7003,-41.100555
7004,-41.75883
7005,-42.350685
7006,-42.81238
7007,-43.094597
7008,-43.22965
7009,-43.35267
7010,-43.588314
7011,-44.052578
7012,-44.843395
7013,-45.95461
7014,-47.248283
7015,-48.599438
7016,-49.89403
7017,-51.034245
7018,-52.014584
7019,-52.945744
7020,-53.926037
7021,-55.043747
7022,-56.358246
7023,-57.76422
7024,-58.94937
7025,-59.624413
7026,-59.518684
7027,-58.41899
7028,-56.433517
7029,-54.070564
7030,-51.789898
7031,-50.01409
7032,-49.107063
7033,-49.10339
7034,-49.6244
7035,-50.33639
7036,-50.93995
7037,-51.170147
7038,-50.96246
7039,-50.504032
7040,-49.95426
7041,-49.45048
7042,-49.129868
7043,-49.129684
7044,-49.587555
7045,-50.641685
7046,-52.43104
7047,-54.22311
7048,-54.81309
7049,-55.09007
7050,-55.06612
7051,-54.846024
7052,-54.534225
7053,-54.23496
7054,-54.052387
7055,-54.09071
7056,-54.454227
7057,-55.218937
7058,-56.298405
7059,-57.401825
7060,-58.260735
7061,-58.624508
7062,-58.293777
7063,-57.357662
7064,-56.265457
7065,-55.42398
7066,-55.20793
7067,-55.925755
7068,-57.50564
7069,-59.396442
7070,-61.098663
7071,-62.154106
7072,-62.17778
7073,-61.196983
7074,-59.753128
7075,-58.326416
7076,-57.350376
7077,-57.201874
7078,-57.937515
7079,-59.2121
7080,-60.72561
7081,-62.21226
7082,-63.42357
7083,-64.211395
7084,-64.553444
7085,-64.413185
7086,-63.743073
7087,-62.519073
7088,-60.8499
7089,-59.009815
7090,-57.25276
7091,-55.817253
7092,-54.9415
7093,-54.864197
7094,-55.825382
7095,-58.067104
7096,-66.833244
7097,-69.990105
7098,-65.1119
7099,-66.09805
7100,-67.02567
7101,-67.89427
7102,-68.70344
7103,-69.452866
7104,-70.142235
7105,-70.7713
7106,-71.3399
7107,-71.84683
7108,-72.28529
7109,-72.641426
7110,-72.90223
7111,-73.05533
7112,-73.09169
7113,-73.02123
7114,-72.87755
7115,-72.69139
7116,-72.49135
7117,-72.307106
7118,-72.17456
7119,-72.13732
7120,-72.23804
7121,-72.518715
7122,-73.00557
7123,-73.63531
7124,-74.2327
7125,-74.63586
7126,-74.692856
7127,-74.29249
7128,-73.55437
7129,-72.88626
7130,-72.661064
7131,-73.22601
7132,-74.861305
7133,-77.46369
7134,-85.44965
7135,-88.29227
7136,-85.50773
7137,-86.672745
7138,-86.704384
7139,-85.94402
7140,-84.68149
7141,-83.168594
7142,-81.65714
7143,-80.39886
7144,-79.64538
7145,-79.64834
7146,-80.65955
7147,-82.08187
7148,-82.33844
7149,-81.52867
7150,-80.10816
7151,-78.2904
7152,-76.28881
7153,-74.31666
7154,-72.58702
7155,-71.312805
7156,-70.706955
7157,-70.93699
7158,-71.911255
7159,-73.21351
7160,-74.46576
7161,-75.318596
7162,-75.479164
7163,-74.97533
7164,-74.23524
7165,-73.638664
7166,-73.529495
7167,-74.197914
7168,-75.62863
7169,-77.42423
7170,-79.23264
7171,-80.73581
7172,-81.66268
7173,-82.00863
7174,-82.1016
7175,-82.22924
7176,-82.649445
7177,-83.57545
7178,-84.96699
7179,-86.46724
7180,-87.757614
7181,-88.54794
7182,-88.58984
7183,-87.871956
7184,-86.67882
7185,-85.259224
7186,-83.83542
7187,-82.60992
7188,-81.67272
7189,-80.97359
7190,-80.47928
7191,-80.169136
7192,-80.022514
7193,-80.01872
7194,-80.13712
7195,-80.357056
7196,-80.65786
7197,-80.29904
7198,-79.025696
7199,-78.886734
7200,-79.15835
7201,-79.756714
7202,-80.59797
7203,-81.59823
7204,-82.67355
7205,-83.73999
7206,-84.71362
7207,-85.50653
7208,-86.007996
7209,-86.07891
7210,-85.58359
7211,-84.38889
7212,-82.40932
7213,-79.82983
7214,-82.17295
7215,-74.91982
7216,-73.52089
7217,-73.36076
7218,-74.450745
7219,-76.33545
7220,-78.6149
7221,-85.93011
7222,-82.955696
7223,-84.558174
7224,-85.84309
7225,-86.88638
7226,-87.74211
7227,-88.46352
7228,-89.09969
7229,-89.694496
7230,-90.29286
7231,-90.94052
7232,-91.67273
7233,-92.4636
7234,-93.2108
7235,-93.82148
7236,-94.20998
7237,-94.30224
7238,-94.08988
7239,-93.646416
7240,-93.035545
7241,-92.313774
7242,-91.537636
7243,-90.76375
7244,-90.04869
7245,-89.449104
7246,-89.02156
7247,-90.66406
7248,-100.022415
7249,-96.8045
7250,-97.76853
7251,-98.05312
7252,-97.79668
7253,-97.13767
7254,-96.21466
7255,-95.166214
7256,-94.13094
7257,-93.23847
7258,-92.56752
7259,-92.13327
7260,-91.958466
7261,-92.071526
7262,-92.476616
7263,-93.04042
7264,-93.45809
7265,-93.44547
7266,-92.73373
7267,-91.11517
7268,-88.73095
7269,-86.15797
7270,-83.92059
7271,-82.503876
7272,-82.31518
7273,-83.32213
7274,-84.94348
7275,-86.66419
7276,-88.01831
7277,-88.60525
7278,-88.39567
7279,-87.82343
7280,-87.26633
7281,-87.06058
7282,-87.4898
7283,-88.53815
7284,-89.81609
7285,-90.97931
7286,-91.71704
7287,-91.75786
7288,-91.05369
7289,-89.83536
7290,-88.3
7291,-86.61989
7292,-84.96728
7293,-83.51438
7294,-82.43334
7295,-81.89627
7296,-82.07529
7297,-84.18975
7298,-93.19281
7299,-90.22147
7300,-91.60865
7301,-92.45203
7302,-92.84905
7303,-92.89716
7304,-92.693726
7305,-92.33619
7306,-91.922005
7307,-91.54149
7308,-91.2445
7309,-91.03024
7310,-90.90406
7311,-90.87584
7312,-90.953835
7313,-91.137245
7314,-91.41391
7315,-91.77301
7316,-92.20478
7317,-92.70406
7318,-93.291885
7319,-94.021904
7320,-94.94387
7321,-96.10458
7322,-97.53495
7323,-99.17575
7324,-100.85528
7325,-102.41554
7326,-103.70867
7327,-104.601524
7328,-105.04482
7329,-105.093895
7330,-104.791534
7331,-104.1712
7332,-103.275536
7333,-102.19954
7334,-101.1035
7335,-100.14
7336,-99.4558
7337,-99.17618
7338,-99.30472
7339,-99.69296
7340,-100.21082
7341,-100.74179
7342,-101.16941
7343,-101.37723
7344,-101.24877
7345,-100.66752
7346,-99.51683
7347,-99.178566
7348,-100.75249
7349,-101.068886
7350,-101.092514
7351,-100.900185
7352,-100.56876
7353,-100.17515
7354,-99.79624
7355,-99.509
7356,-99.390335
7357,-99.500694
7358,-99.80694
7359,-100.159065
7360,-100.42115
7361,-100.46772
7362,-100.20577
7363,-99.72695
7364,-99.35362
7365,-99.380486
7366,-100.08158
7367,-101.67464
7368,-104.058426
7369,-106.73406
7370,-114.25114
7371,-111.19523
7372,-112.19877
7373,-112.15981
7374,-111.30842
7375,-109.83522
7376,-107.90165
7377,-105.67245
7378,-103.32908
7379,-101.0739
7380,-99.10678
7381,-97.62558
7382,-96.79909
7383,-96.631386
7384,-96.92111
7385,-97.49168
7386,-98.184975
7387,-98.85188
7388,-99.39394
7389,-99.77601
7390,-99.95522
7391,-99.88311
7392,-99.51113
7393,-98.790764
7394,-97.67343
7395,-96.110565
7396,-94.05357
7397,-93.98962
7398,-97.224266
7399,-97.34778
7400,-96.55866
7401,-95.11176
7402,-93.26227
7403,-91.265686
7404,-89.377594
7405,-87.85354
7406,-86.94892
7407,-86.88021
7408,-87.643425
7409,-88.95928
7410,-90.58184
7411,-92.289825
7412,-93.88292
7413,-95.279434
7414,-96.54577
7415,-97.7303
7416,-98.86821
7417,-99.98494
7418,-101.05089
7419,-101.96782
7420,-102.645744
7421,-103.00078
7422,-102.96696
7423,-102.57997
7424,-102.0027
7425,-101.38281
7426,-100.85674
7427,-100.54814
7428,-100.50823
7429,-100.69776
7430,-101.0883
7431,-101.65951
7432,-102.3864
7433,-103.2176
7434,-104.06873
7435,-104.85943
7436,-105.512276
7437,-105.959854
7438,-106.191605
7439,-106.26806
7440,-106.24122
7441,-106.1568
7442,-106.06051
7443,-105.99807
7444,-106.01521
7445,-106.15763
7446,-106.471054
7447,-106.144165
7448,-104.64123
7449,-103.964325
7450,-103.515724
7451,-103.26576
7452,-103.18483
7453,-103.24331
7454,-103.411606
7455,-103.66015
7456,-103.95936
7457,-104.27948
7458,-104.58971
7459,-104.85798
7460,-105.05237
7461,-105.14104
7462,-105.09639
7463,-104.91465
7464,-104.62193
7465,-104.24078
7466,-103.791084
7467,-103.29535
7468,-102.791046
7469,-102.33434
7470,-101.97916
7471,-101.77775
7472,-101.77729
7473,-101.99597
7474,-102.41591
7475,-103.02352
7476,-103.80846
7477,-104.75068
7478,-105.774994
7479,-106.737434
7480,-107.50233
7481,-107.94008
7482,-107.94436
7483,-107.54105
7484,-106.92133
7485,-106.25688
7486,-105.70467
7487,-105.402
7488,-105.37382
7489,-105.50477
7490,-105.69628
7491,-105.86222
7492,-105.91656
7493,-105.773186
7494,-105.34601
7495,-104.54888
7496,-103.295616
7497,-103.01336
7498,-104.97823
7499,-106.16531
7500,-107.280815
7501,-108.27028
7502,-109.079254
7503,-109.653244
7504,-109.93777
7505,-109.87825
7506,-109.42011
7507,-108.53297
7508,-107.32446
7509,-106.07493
7510,-105.04443
7511,-104.47766
7512,-104.57883
7513,-105.32251
7514,-106.39674
7515,-107.52394
7516,-108.452324
7517,-108.96429
7518,-109.03615
7519,-108.88657
7520,-108.70544
7521,-108.66109
7522,-108.89688
7523,-109.413925
7524,-110.035576
7525,-110.60635
7526,-110.98664
7527,-111.05959
7528,-110.83778
7529,-110.495636
7530,-110.18847
7531,-110.05724
7532,-110.217964
7533,-110.64474
7534,-111.13438
7535,-111.50473
7536,-111.58951
7537,-111.24923
7538,-110.49736
7539,-109.538765
7540,-108.55577
7541,-107.71386
7542,-107.17848
7543,-107.11501
7544,-107.688675
7545,-109.06451
7546,-111.40715
7547,-110.63026
7548,-109.15029
7549,-107.05541
7550,-101.18718
7551,-101.297005
7552,-102.13732
7553,-103.461334
7554,-105.02256
7555,-106.5748
7556,-107.87202
7557,-108.69593
7558,-108.985695
7559,-108.87707
7560,-108.48237
7561,-107.896454
7562,-112.213455
7563,-106.52268
7564,-105.90631
7565,-105.444305
7566,-105.21449
7567,-105.27982
7568,-105.626015
7569,-106.143036
7570,-106.73351
7571,-107.31002
7572,-107.79603
7573,-108.1706
7574,-108.48173
7575,-108.7704
7576,-109.07259
7577,-109.41396
7578,-109.75844
7579,-109.99226
7580,-110.01147
7581,-109.71928
7582,-109.02735
7583,-107.893936
7584,-106.335495
7585,-104.361755
7586,-101.97723
7587,-104.202
7588,-101.14457
7589,-98.02388
7590,-95.04559
7591,-92.40515
7592,-85.297615
7593,-83.917595
7594,-83.459496
7595,-84.11766
7596,-86.086426
7597,-87.31397
7598,-85.58809
7599,-84.73839
7600,-83.818
7601,-82.81546
7602,-81.71914
7603,-80.51724
7604,-79.197845
7605,-77.748886
7606,-76.15814
7607,-74.4233
7608,-72.59871
7609,-70.80936
7610,-69.17146
7611,-67.79473
7612,-66.77749
7613,-66.154015
7614,-65.87864
7615,-65.91528
7616,-66.23483
7617,-66.80096
7618,-67.536514
7619,-68.31328
7620,-69.00894
7621,-69.50566
7622,-69.703606
7623,-69.60556
7624,-69.34234
7625,-69.029495
7626,-68.771095
7627,-68.65772
7628,-68.703804
7629,-68.82855
7630,-68.96248
7631,-69.04452
7632,-69.018936
7633,-68.859924
7634,-68.579155
7635,-68.18387
7636,-67.67794
7637,-67.06638
7638,-66.36084
7639,-65.581375
7640,-64.74693
7641,-63.875675
7642,-62.98584
7643,-62.09571
7644,-61.223675
7645,-60.388226
7646,-59.60795
7647,-59.02477
7648,-58.619278
7649,-57.95776
7650,-57.31913
7651,-56.803318
7652,-56.51028
7653,-56.540146
7654,-56.99327
7655,-57.97035
7656,-59.57243
7657,-61.862724
7658,-69.6872
7659,-72.618484
7660,-75.25953
7661,-72.23794
7662,-73.23931
7663,-73.27393
7664,-72.75672
7665,-72.05384
7666,-71.49488
7667,-71.37073
7668,-71.75372
7669,-72.4432
7670,-73.27102
7671,-74.09331
7672,-74.77635
7673,-75.24467
7674,-75.4955
7675,-75.51741
7676,-75.29246
7677,-74.81523
7678,-74.15142
7679,-73.45542
7680,-72.87092
7681,-72.53362
7682,-72.555756
7683,-72.91579
7684,-73.425026
7685,-73.91477
7686,-74.231125
7687,-74.24077
7688,-73.92689
7689,-73.41828
7690,-72.826225
7691,-72.24892
7692,-71.78458
7693,-71.531395
7694,-71.58761
7695,-72.05151
7696,-73.02153
7697,-73.74995
7698,-73.50665
7699,-73.866974
7700,-74.38304
7701,-75.02445
7702,-75.76084
7703,-76.56181
7704,-77.39696
7705,-78.23588
7706,-79.048195
7707,-79.80044
7708,-80.44186
7709,-80.90003
7710,-81.10515
7711,-80.98938
7712,-80.50775
7713,-79.74545
7714,-78.95004
7715,-78.34938
7716,-78.156746
7717,-78.544044
7718,-79.44758
7719,-80.50935
7720,-81.40672
7721,-81.84335
7722,-81.57584
7723,-80.66143
7724,-79.53246
7725,-78.575806
7726,-78.14461
7727,-78.5325
7728,-79.69455
7729,-81.16283
7730,-82.52018
7731,-83.38724
7732,-83.44575
7733,-82.72425
7734,-81.68403
7735,-80.733955
7736,-80.24402
7737,-80.53331
7738,-81.63182
7739,-83.20838
7740,-84.9753
7741,-86.677155
7742,-88.05854
7743,-88.86426
7744,-88.83904
7745,-87.72764
7746,-85.27467
7747,-83.68275
7748,-85.25431
7749,-85.65151
7750,-85.974884
7751,-86.23916
7752,-86.459175
7753,-86.649666
7754,-86.82544
7755,-87.00128
7756,-87.19197
7757,-87.40947
7758,-87.64958
7759,-87.88809
7760,-88.103134
7761,-88.27472
7762,-88.38911
7763,-88.46863
7764,-88.5805
7765,-88.78654
7766,-89.144485
7767,-89.69968
7768,-90.426704
7769,-91.21191
7770,-91.95231
7771,-92.55286
7772,-92.93003
7773,-93.06599
7774,-93.024734
7775,-92.86045
7776,-92.61991
7777,-92.35464
7778,-92.142624
7779,-92.095024
7780,-92.31901
7781,-92.9187
7782,-93.97377
7783,-95.42491
7784,-97.039276
7785,-98.60516
7786,-99.92647
7787,-100.8283
7788,-101.25627
7789,-101.306404
7790,-101.05655
7791,-100.57116
7792,-99.91471
7793,-99.15174
7794,-98.346794
7795,-97.56442
7796,-96.869194
7797,-96.9551
7798,-98.03375
7799,-98.2359
7800,-98.205986
7801,-98.00941
7802,-97.711555
7803,-97.377846
7804,-97.07375
7805,-96.86469
7806,-96.8161
7807,-96.97977
7808,-97.33005
7809,-97.74453
7810,-98.11255
7811,-98.33202
7812,-98.33661
7813,-98.262825
7814,-98.50059
7815,-99.40921
7816,-101.325165
7817,-109.49649
7818,-113.67099
7819,-117.97378
7820,-121.60719
7821,-123.83028
7822,-119.02853
7823,-117.31008
7824,-114.68998
7825,-112.080086
7826,-110.314125
7827,-110.10167
7828,-111.4463
7829,-113.47058
7830,-115.40276
7831,-116.55046
7832,-116.31383
7833,-114.61772
7834,-112.0447
7835,-114.10136
7836,-111.23719
7837,-108.85858
7838,-102.124374
7839,-100.88383
7840,-100.02271
7841,-99.454414
7842,-99.09243
7843,-98.850334
7844,-98.6417
7845,-98.38021
7846,-97.97945
7847,-97.6019
7848,-97.62752
7849,-97.91028
7850,-98.38235
7851,-98.99457
7852,-99.69775
7853,-100.44277
7854,-101.18048
7855,-101.86175
7856,-102.43747
7857,-102.85236
7858,-103.01639
7859,-102.79603
7860,-102.06292
7861,-100.69241
7862,-98.60853
7863,-96.012245
7864,-93.45097
7865,-91.430916
7866,-90.42696
7867,-90.832985
7868,-92.58416
7869,-95.043365
7870,-97.642975
7871,-99.86709
7872,-101.26815
7873,-101.78492
7874,-101.838066
7875,-101.7902
7876,-101.961006
7877,-102.62231
7878,-103.77339
7879,-105.07339
7880,-106.22239
7881,-106.95102
7882,-107.031
7883,-106.468124
7884,-105.56089
7885,-104.57309
7886,-103.742615
7887,-103.28143
7888,-103.25353
7889,-103.53813
7890,-104.03652
7891,-104.6665
7892,-105.34592
7893,-105.99265
7894,-106.52463
7895,-106.859695
7896,-106.91571
7897,-107.06634
7898,-107.66233
7899,-107.81958
7900,-107.799934
7901,-107.62248
7902,-107.3063
7903,-106.87046
7904,-106.33408
7905,-105.71626
7906,-105.03612
7907,-104.30614
7908,-103.50128
7909,-102.549515
7910,-101.3844
7911,-99.943634
7912,-98.19542
7913,-96.28109
7914,-94.558464
7915,-93.359406
7916,-92.99631
7917,-93.72416
7918,-95.472855
7919,-97.766685
7920,-100.17925
7921,-102.32084
7922,-103.84132
7923,-104.61408
7924,-104.79134
7925,-104.4916
7926,-103.80849
7927,-102.84488
7928,-101.755455
7929,-100.759544
7930,-100.068855
7931,-99.88924
7932,-100.38467
7933,-101.48173
7934,-102.81072
7935,-104.03788
7936,-104.855995
7937,-104.99962
7938,-104.44065
7939,-103.44761
7940,-102.25367
7941,-101.06583
7942,-100.09107
7943,-99.53644
7944,-99.60881
7945,-100.51489
7946,-102.46115
7947,-103.21129
7948,-100.867676
7949,-100.41363
7950,-100.38823
7951,-100.69497
7952,-106.23737
7953,-101.91899
7954,-102.642975
7955,-103.311646
7956,-103.8264
7957,-104.095345
7958,-104.066666
7959,-103.73889
7960,-103.10484
7961,-102.1533
7962,-100.896255
7963,-99.475784
7964,-98.19641
7965,-97.343666
7966,-97.18881
7967,-97.94155
7968,-99.46162
7969,-101.171906
7970,-102.54862
7971,-103.10734
7972,-102.44472
7973,-100.61863
7974,-98.26409
7975,-95.947945
7976,-94.18587
7977,-93.41902
7978,-93.66597
7979,-94.418045
7980,-95.230316
7981,-95.705215
7982,-95.50244
7983,-94.60714
7984,-93.41098
7985,-92.25669
7986,-91.45063
7987,-91.25946
7988,-91.72478
7989,-92.60728
7990,-93.701546
7991,-94.827354
7992,-95.80445
7993,-96.45257
7994,-96.591385
7995,-96.0404
7996,-94.61897
7997,-93.900986
7998,-95.01197
7999,-94.08439
8000,-92.513115
8001,-90.5222
8002,-88.33588
8003,-86.17839
8004,-84.2739
8005,-87.84641
8006,-82.119606
8007,-82.28058
8008,-83.31157
8009,-84.93961
8010,-86.921425
8011,-89.03623
8012,-91.06841
8013,-92.829285
8014,-94.16381
8015,-94.91389
8016,-94.91934
8017,-94.0567
8018,-92.408195
8019,-90.31272
8020,-88.07912
8021,-85.993866
8022,-84.31866
8023,-83.1735
8024,-82.50152
8025,-82.267494
8026,-82.45224
8027,-83.02756
8028,-83.91352
8029,-84.96554
8030,-86.046745
8031,-87.0261
8032,-87.78251
8033,-88.2522
8034,-88.44282
8035,-88.35325
8036,-87.97585
8037,-87.31046
8038,-86.40026
8039,-85.34245
8040,-84.2276
8041,-83.14124
8042,-82.16883
8043,-81.39565
8044,-80.906876
8045,-80.787575
8046,-81.122765
8047,-82.38382
8048,-83.99226
8049,-83.66093
8050,-82.53361
8051,-85.86649
8052,-78.91557
8053,-76.936134
8054,-75.18204
8055,-73.90575
8056,-78.35921
8057,-73.737404
8058,-79.910934
8059,-76.34423
8060,-77.54906
8061,-78.07227
8062,-77.52621
8063,-75.89741
8064,-73.63981
8065,-71.15177
8066,-68.790504
8067,-66.87827
8068,-65.536736
8069,-64.63721
8070,-64.0819
8071,-63.795918
8072,-63.709557
8073,-63.77978
8074,-63.996807
8075,-64.34748
8076,-64.81623
8077,-65.37724
8078,-65.944695
8079,-66.35753
8080,-66.46372
8081,-66.11804
8082,-65.2097
8083,-63.82259
8084,-62.283287
8085,-60.888947
8086,-59.914555
8087,-59.595615
8088,-59.943893
8089,-60.69079
8090,-61.599556
8091,-62.4574
8092,-63.05111
8093,-63.16737
8094,-62.593082
8095,-61.115585
8096,-58.523174
8097,-58.549843
8098,-52.047848
8099,-54.147133
8100,-42.69382
8101,-42.360504
8102,-42.8175
8103,-43.729935
8104,-49.7581
8105,-45.559544
8106,-45.791145
8107,-45.16308
8108,-43.686184
8109,-41.74722
8110,-39.690945
8111,-37.827927
8112,-41.434303
8113,-35.59637
8114,-35.161907
8115,-35.00227
8116,-35.007545
8117,-35.066376
8118,-35.063145
8119,-34.87735
8120,-34.38999
8121,-33.483788
8122,-32.071632
8123,-30.23126
8124,-28.246174
8125,-26.378391
8126,-24.871727
8127,-23.933855
8128,-23.566235
8129,-23.506493
8130,-23.511095
8131,-23.355104
8132,-22.839157
8133,-21.912947
8134,-20.715796
8135,-19.372873
8136,-17.993717
8137,-16.679604
8138,-15.489953
8139,-14.431394
8140,-13.513875
8141,-12.75117
8142,-17.157045
8143,-11.745241
8144,-11.529211
8145,-11.521679
8146,-11.734723
8147,-11.780922
8148,-11.410399
8149,-11.559256
8150,-11.9101925
8151,-12.380292
8152,-17.885853
8153,-13.342844
8154,-13.667055
8155,-13.774053
8156,-13.579594
8157,-13.01435
8158,-12.09047
8159,-10.924258
8160,-9.626934
8161,-8.301512
8162,-7.0435057
8163,-5.910289
8164,-4.9104323
8165,-4.054232
8166,-3.3554654
8167,-2.8209078
8168,-2.4151902
8169,-2.0463243
8170,-1.62102
8171,-1.0489724
8172,-0.2557838
8173,0.7451655
8174,1.8254557
8175,2.855812
8176,3.7139742
8177,4.2884107
8178,4.5306687
8179,4.480061
8180,4.183192
8181,3.6850758
8182,3.0379379
8183,2.3280578
8184,1.6888275
8185,1.2579027
8186,1.1693474
8187,1.5335456
8188,2.3406417
8189,3.423599
8190,4.6129794
8191,-184.63426
8192,-152.0026
8193,-132.26115
8194,-128.8316
8195,-151.5288
8196,-193.92575
8197,3.3179204
8198,2.3223095
8199,1.2025237
8200,-4.8876386
8201,-0.90379226
8202,-1.8020005
8203,-2.5388007
8204,-3.0712247
8205,-3.3571725
8206,-3.3558278
8207,-3.040951
8208,-2.4628031
8209,-1.771657
8210,-1.1179361
8211,-0.64618295
8212,-0.48030564
8213,-0.61919993
8214,-0.8891354
8215,-1.1065712
8216,-1.0950217
8217,-0.7013865
8218,0.09934585
8219,1.1642424
8220,2.3483126
8221,3.5184236
8222,4.5558753
8223,-195.20923
8224,-169.37474
8225,-148.00894
8226,-129.14497
8227,-111.21524
8228,-93.39975
8229,-75.72772
8230,-58.391895
8231,-41.57558
8232,-25.522266
8233,-10.821342
8234,1.5951866
8235,11.032571
8236,17.052282
8237,19.349432
8238,17.938879
8239,13.302532
8240,5.9070015
8241,-3.7551928
8242,-15.003343
8243,-26.876091
8244,-38.110695
8245,-47.1925
8246,-52.47648
8247,-61.242012
8248,-80.59526
8249,-88.922485
8250,-87.94321
8251,-80.32802
8252,-69.061035
8253,-56.97198
8254,-46.498035
8255,-39.675877
8256,-38.364292
8257,-44.32886
8258,-57.83942
8259,-76.021576
8260,-94.358086
8261,-107.149025
8262,-109.00558
8263,-100.40159
8264,-90.12005
8265,-87.8454
8266,-103.37557
8267,-148.97772
8268,3.8352203
8269,-4.28908
8270,-7.2529263
8271,-4.427273
8272,-5.2914104
8273,-4.788385
8274,-8.442818
8275,-1.7635782
8276,-0.20018634
8277,0.8564793
8278,1.2641709
8279,1.2076484
8280,0.88611525
8281,0.49107412
8282,0.19990136
8283,0.08115414
8284,0.05259565
8285,0.023563495
8286,-0.089835815
8287,-0.36158362
8288,-0.8057367
8289,-1.353376
8290,-1.930586
8291,-2.466814
8292,-2.8916752
8293,-3.1353636
8294,-3.1290584
8295,-2.8052926
8296,-2.09844
8297,-1.7294781
8298,-2.5557246
8299,-3.3301535
8300,-4.1823683
8301,-5.051784
8302,-5.877601
8303,-6.599137
8304,-7.1561093
8305,-7.488857
8306,-7.5385065
8307,-7.2643275
8308,-6.7252116
8309,-6.109526
8310,-5.6024966
8311,-5.381009
8312,-5.602695
8313,-6.305507
8314,-7.363002
8315,-8.643264
8316,-10.020263
8317,-11.37671
8318,-12.654985
8319,-13.877895
8320,-15.068332
8321,-16.244217
8322,-17.422276
8323,-18.612679
8324,-19.817177
8325,-21.037691
8326,-22.2767
8327,-23.535421
8328,-24.808369
8329,-26.081238
8330,-27.339792
8331,-28.570084
8332,-29.749819
8333,-30.809422
8334,-31.618834
8335,-32.053112
8336,-31.993174
8337,-31.342834
8338,-30.129812
8339,-28.537115
8340,-26.73263
8341,-24.870142
8342,-23.102163
8343,-21.580349
8344,-20.45642
8345,-24.883492
8346,-25.01761
8347,-20.881842
8348,-21.983286
8349,-22.756668
8350,-23.38527
8351,-23.867687
8352,-24.202597
8353,-29.389109
8354,-24.426771
8355,-24.315418
8356,-24.054668
8357,-23.65484
8358,-23.18844
8359,-22.807539
8360,-27.659027
8361,-22.884974
8362,-23.604752
8363,-24.799255
8364,-26.268389
8365,-27.820786
8366,-29.27762
8367,-30.466406
8368,-31.24898
8369,-31.530993
8370,-31.216835
8371,-30.20948
8372,-28.445919
8373,-26.046156
8374,-28.357218
8375,-25.700212
8376,-18.372868
8377,-16.640709
8378,-15.602261
8379,-15.145472
8380,-15.173868
8381,-15.605168
8382,-21.341808
8383,-17.208668
8384,-17.92967
8385,-18.230713
8386,-17.846241
8387,-16.565693
8388,-14.46813
8389,-16.993393
8390,-9.548645
8391,-7.5041428
8392,-6.226351
8393,-6.091902
8394,-7.5058913
8395,-15.9139805
8396,-21.793606
8397,-24.9911
8398,-20.204805
8399,-13.044133
8400,-11.203239
8401,-9.700638
8402,-8.555786
8403,-7.78932
8404,-7.423063
8405,-12.480057
8406,-7.984324
8407,-8.939353
8408,-10.2259035
8409,-11.557801
8410,-12.644341
8411,-13.205594
8412,-13.004449
8413,-12.024681
8414,-10.530281
8415,-8.770368
8416,-6.9689507
8417,-5.3267736
8418,-3.938062
8419,-2.7628355
8420,-1.7650952
8421,-0.9170536
8422,-0.19222713
8423,0.42778018
8424,0.9503798
8425,1.3827779
8426,1.7328548
8427,-2.9995072
8428,2.1387718
8429,2.036374
8430,1.5763608
8431,0.64116484
8432,-0.85237074
8433,-2.7598488
8434,-4.607819
8435,-5.894298
8436,-6.1438136
8437,-4.971836
8438,-2.395589
8439,-3.924756
8440,-0.038493525
8441,-103.837234
8442,-14.495386
8443,32.42272
8444,55.132946
8445,57.420593
8446,43.85729
8447,21.696585
8448,35.607136
8449,45.329884
8450,51.949745
8451,56.344208
8452,59.182144
8453,60.957733
8454,62.021473
8455,62.608833
8456,62.866386
8457,62.86581
8458,62.572105
8459,61.78291
8460,60.08878
8461,56.739265
8462,50.53296
8463,40.311993
8464,21.228699
8465,10.080595
8466,-4.7956896
8467,-14.353781
8468,-16.583477
8469,-13.395569
8470,-7.8744235
8471,-2.950415
8472,-1.0464317
8473,-3.5107672
8474,-10.47122
8475,-22.065464
8476,-43.66606
8477,-60.524414
8478,-86.19843
8479,-110.83169
8480,-127.51672
8481,-128.79593
8482,-109.421585
8483,-72.11922
8484,-28.304379
8485,11.10711
8486,39.58544
8487,55.838528
8488,62.901257
8489,64.81595
8490,64.19217
8491,62.37403
8492,59.85716
8493,56.551414
8494,51.887424
8495,44.765694
8496,33.34784
8497,24.984745
8498,26.800446
8499,37.72924
8500,42.99292
8501,47.468464
8502,51.09644
8503,53.873436
8504,55.834522
8505,57.026443
8506,57.4718
8507,57.131107
8508,55.884422
8509,53.519257
8510,49.684742
8511,43.879036
8512,35.52185
8513,24.454447
8514,11.670454
8515,-0.85057217
8516,-10.409451
8517,-14.357349
8518,-12.414036
8519,-7.785404
8520,-4.1805468
8521,-4.989619
8522,-13.477954
8523,-31.367126
8524,-56.504765
8525,-84.14818
8526,-107.17134
8527,-117.54062
8528,-111.87554
8529,-94.76979
8530,-72.640854
8531,-51.071144
8532,-34.031853
8533,-23.07584
8534,-17.68927
8535,-17.383787
8536,-22.13435
8537,-32.246017
8538,-47.641747
8539,-67.0507
8540,-88.388885
8541,-108.81852
8542,-124.831505
8543,-132.58215
8544,-128.46393
8545,-109.9248
8546,-76.52128
8547,-36.529716
8548,-5.124245
8549,15.119485
8550,28.036383
8551,36.133987
8552,41.104042
8553,44.083054
8554,45.859413
8555,42.024757
8556,48.06955
8557,49.396397
8558,51.189915
8559,53.358593
8560,55.744766
8561,53.17982
8562,60.49309
8563,62.52729
8564,64.11492
8565,65.01687
8566,64.89874
8567,63.34112
8568,60.17284
8569,56.286488
8570,53.644444
8571,54.337444
8572,58.809097
8573,63.76595
8574,64.21758
8575,58.70868
8576,50.784687
8577,46.793186
8578,49.806446
8579,56.369705
8580,61.99791
8581,64.64185
8582,65.08745
8583,65.00681
8584,64.78126
8585,63.98137
8586,62.615566
8587,61.483997
8588,61.39038
8589,62.24104
8590,63.493378
8591,64.56926
8592,65.07295
8593,64.910065
8594,64.3017
8595,63.693542
8596,63.559834
8597,64.34808
8598,64.85251
8599,64.17467
8600,57.997635
8601,61.725464
8602,60.514847
8603,59.357513
8604,58.134174
8605,56.640594
8606,54.583637
8607,51.61844
8608,47.74314
8609,43.83475
8610,41.331665
8611,41.817806
8612,46.168926
8613,52.981052
8614,59.086178
8615,62.708344
8616,63.980526
8617,63.631073
8618,61.304703
8619,56.603916
8620,51.56797
8621,50.736755
8622,57.00144
8623,64.6594
8624,62.08874
8625,39.01727
8626,16.44774
8627,-5.923136
8628,-11.570176
8629,-2.28325
8630,14.27489
8631,30.763191
8632,42.837276
8633,50.007854
8634,53.96814
8635,56.06294
8636,52.10443
8637,57.605637
8638,57.866177
8639,58.010967
8640,58.125603
8641,58.292843
8642,58.591015
8643,59.0872
8644,59.826214
8645,60.81511
8646,62.003773
8647,63.801838
8648,64.83519
8649,64.78153
8650,62.565826
8651,54.547905
8652,38.087696
8653,13.788791
8654,-13.698834
8655,-36.310562
8656,-44.634525
8657,-32.35674
8658,-4.211046
8659,25.05649
8660,45.16404
8661,54.13374
8662,53.76714
8663,42.42642
8664,15.839283
8665,-25.12628
8666,-68.74972
8667,-95.31895
8668,-93.801796
8669,-73.63616
8670,-49.36216
8671,-32.480953
8672,-30.495735
8673,-46.100174
8674,-75.693504
8675,-112.29008
8676,-144.69453
8677,-159.43541
8678,-150.89496
8679,-127.55324
8680,-100.69864
8681,-79.55456
8682,-70.60565
8683,-76.75992
8684,-97.645
8685,-133.3362
8686,-184.43294
8687,3.49127
8688,1.4847682
8689,-0.4638996
8690,-7.1743836
8691,-3.4720192
8692,-4.187349
8693,-4.1561747
8694,-3.2212236
8695,-6.2368984
8696,-3.0787857
8697,2.5393136
8698,-7.391059
8699,-4.4419203
8700,-5.1777663
8701,-4.9837656
8702,-4.1997004
8703,-3.141678
8704,-2.112489
8705,-1.4090382
8706,-1.3310232
8707,-2.1316519
8708,-3.731984
8709,-5.5673413
8710,-7.0276732
8711,-7.5270715
8712,-6.5914736
8713,-4.278977
8714,-6.301631
8715,-3.3204386
8716,-0.9137953
8717,-203.81805
8718,-192.35457
8719,4.8079267
8720,3.6232605
8721,2.4339345
8722,1.660774
8723,1.5016097
8724,1.8433255
8725,2.5509763
8726,3.5066624
8727,4.5874367
8728,-188.63367
8729,-161.68475
8730,-152.54953
8731,-168.73193
8732,4.3382792
8733,-3.3916492
8734,-6.9044924
8735,-10.816292
8736,-14.74164
8737,-18.327013
8738,-21.369423
8739,-23.860779
8740,-20.797163
8741,-22.161894
8742,-22.936655
8743,-23.102163
8744,-22.638708
8745,-21.526735
8746,-24.747524
8747,-26.102087
8748,-15.073768
8749,-9.88351
8750,-4.919322
8751,-0.32124487
8752,-107.77524
8753,-16.295006
8754,31.01203
8755,55.520744
8756,61.089787
8757,60.18665
8758,51.671368
8759,31.24318
8760,0.5779049
8761,-28.498411
8762,-38.584316
8763,-22.840109
8764,6.5103273
8765,34.476643
8766,47.58789
8767,60.55488
8768,62.91049
8769,63.312477
8770,63.151196
8771,63.316673
8772,64.325455
8773,64.74615
8774,61.223297
8775,50.735397
8776,32.067474
8777,6.3610497
8778,-24.013803
8779,-62.578842
8780,-93.52222
8781,-131.4006
8782,-170.82625
8783,3.6890106
8784,1.1303121
8785,-0.2025328
8786,0.07636391
8787,2.234908
8788,-203.58249
8789,-149.90822
8790,-94.45187
8791,-44.845
8792,-5.707466
8793,21.418684
8794,37.430935
8795,44.31657
8796,43.085884
8797,31.170397
8798,8.273037
8799,-12.993861
8800,-30.615877
8801,-43.42854
8802,-51.121197
8803,-53.995667
8804,-52.759823
8805,-48.353592
8806,-41.81038
8807,-34.151474
8808,-26.315823
8809,-19.122307
8810,-18.265892
8811,-9.349641
8812,-7.7109942
8813,-7.303364
8814,-5.02127
8815,2.3830223
8816,16.968828
8817,37.440304
8818,56.382
8819,65.1143
8820,63.140343
8821,58.071247
8822,58.741714
8823,64.00751
8824,61.83611
8825,38.015472
8826,4.812248
8827,-23.942303
8828,-44.541332
8829,-51.17447
8830,-49.688457
8831,-47.31419
8832,-50.624645
8833,-62.817978
8834,-82.02852
8835,-104.75843
8836,-126.38484
8837,-141.56499
8838,-147.00114
8839,-143.53282
8840,-133.30211
8841,-118.65378
8842,-101.87666
8843,-85.01863
8844,-69.792854
8845,-57.57397
8846,-49.48755
8847,-40.59422
8848,-25.368639
8849,-13.570399
8850,-4.694791
8851,1.4790624
8852,5.0969477
8853,6.199044
8854,4.6870136
8855,-4.711413
8856,-7.4809265
8857,-19.218342
8858,-34.836464
8859,-52.641373
8860,-69.90559
8861,-83.16873
8862,-88.93063
8863,-85.92899
8864,-76.43342
8865,-63.53001
8866,-50.05732
8867,-38.278877
8868,-29.375906
8869,-23.427364
8870,-20.381111
8871,-20.298496
8872,-23.253592
8873,-28.680716
8874,-39.819576
8875,-39.445953
8876,-40.168896
8877,-35.04664
8878,-24.497488
8879,-11.855754
8880,-0.40388265
8881,7.4419065
8882,10.045561
8883,6.990939
8884,-0.6400716
8885,-11.499376
8886,-23.875795
8887,-35.540386
8888,-44.349827
8889,-48.93361
8890,-48.27545
8891,-41.697697
8892,-29.050512
8893,-10.9209385
8894,11.134317
8895,34.331535
8896,54.378704
8897,58.641586
8898,35.435738
8899,27.269543
8900,23.99546
8901,29.8615
8902,35.928265
8903,52.548103
8904,61.09412
8905,64.94314
8906,64.71663
8907,62.721107
8908,61.3116
8909,61.236046
8910,62.08592
8911,63.168015
8912,63.99746
8913,64.47116
8914,64.70254
8915,64.793015
8916,64.78792
8917,64.6736
8918,64.39468
8919,63.90854
8920,63.229282
8921,62.44869
8922,61.726852
8923,61.218945
8924,60.994923
8925,61.070377
8926,61.42618
8927,62.012215
8928,62.749184
8929,58.533234
8930,64.24525
8931,64.75683
8932,64.9336
8933,64.66672
8934,63.98202
8935,63.096138
8936,62.36815
8937,62.15906
8938,62.544685
8939,63.21906
8940,58.85506
8941,64.265755
8942,64.390434
8943,64.15558
8944,63.20688
8945,60.509884
8946,53.818336
8947,53.668934
8948,65.028984
8949,63.98623
8950,59.902733
8951,56.928673
8952,56.414196
8953,58.028908
8954,60.667202
8955,63.133034
8956,64.601456
8957,64.84936
8958,64.12223
8959,57.603954
8960,60.172443
8961,56.38308
8962,50.44565
8963,41.451572
8964,28.871304
8965,12.5741625
8966,-7.1451707
8967,-29.530418
8968,-53.433605
8969,-77.435234
8970,-104.86642
8971,-118.88766
8972,-132.80844
8973,-141.22229
8974,-150.73811
8975,-148.56985
8976,-157.0405
8977,-158.23375
8978,-167.37543
8979,-176.71292
8980,-182.67264
8981,-181.57426
8982,-170.54532
8983,-150.65451
8984,-127.9053
8985,-113.28296
8986,-96.59933
8987,-96.683365
8988,-109.934525
8989,-134.02715
8990,-165.56981
8991,-200.10434
8992,2.071052
8993,0.62091887
8994,0.7551931
8995,2.9181578
8996,-188.88832
8997,-128.98993
8998,-91.71725
8999,-87.28102
9000,-107.518005
9001,-150.2092
9002,2.73934
9003,-4.162195
9004,-11.109327
9005,-17.310482
9006,-21.914116
9007,-24.172865
9008,-24.049995
9009,-22.383379
9010,-19.852438
9011,-16.939163
9012,-14.008599
9013,-11.230888
9014,-8.601859
9015,-6.1800203
9016,-4.0511146
9017,-2.3060188
9018,-1.046309
9019,-0.3861782
9020,-0.44391567
9021,-1.3435383
9022,-3.1701064
9023,-10.73983
9024,-8.490376
9025,-15.84303
9026,-12.235192
9027,-12.217682
9028,-10.898052
9029,-9.01956
9030,-7.184728
9031,-5.8993516
9032,-5.602446
9033,-6.3625393
9034,-7.7594414
9035,-9.402748
9036,-10.919645
9037,-11.968881
9038,-12.462733
9039,-12.639273
9040,-12.699071
9041,-12.808358
9042,-13.13046
9043,-13.829715
9044,-15.075577
9045,-17.047483
9046,-19.941574
9047,-19.168653
9048,-13.01061
9049,-13.888339
9050,-16.522196
9051,-20.502787
9052,-25.237509
9053,-30.004623
9054,-33.975708
9055,-36.260784
9056,-36.024906
9057,-32.846127
9058,-27.527264
9059,-21.71381
9060,-16.184137
9061,-11.404705
9062,-7.8558226
9063,-5.744625
9064,-4.8902726
9065,-5.2260346
9066,-11.704634
9067,-9.215722
9068,-12.390374
9069,-15.505286
9070,-17.811512
9071,-18.583021
9072,-17.256966
9073,-13.908203
9074,-9.246712
9075,-3.7417016
9076,2.3020587
9077,-185.34804
9078,-113.63917
9079,-54.663757
9080,-9.467245
9081,22.443449
9082,42.85801
9083,54.492043
9084,60.282524
9085,62.641132
9086,63.117504
9087,62.15532
9088,59.165836
9089,53.372505
9090,44.74047
9091,34.581963
9092,25.600618
9093,21.312365
9094,24.846888
9095,37.13442
9096,54.485344
9097,60.508526
9098,50.979267
9099,34.279274
9100,12.893972
9101,-1.0798607
9102,-4.617378
9103,2.1433203
9104,16.735779
9105,35.121513
9106,52.367584
9107,63.2046
9108,63.18372
9109,52.06743
9110,35.86299
9111,24.730425
9112,27.553947
9113,43.226032
9114,59.659824
9115,65.40139
9116,56.248226
9117,36.730732
9118,15.74325
9119,-0.9222112
9120,-11.030751
9121,-14.487246
9122,-12.467382
9123,-6.6693835
9124,1.1958729
9125,9.571854
9126,17.182804
9127,18.127737
9128,27.047602
9129,29.073402
9130,29.340958
9131,27.873964
9132,24.627693
9133,19.751917
9134,13.868317
9135,7.880102
9136,2.9004614
9137,0.11457146
9138,0.29573563
9139,3.45373
9140,9.258035
9141,17.19239
9142,26.583773
9143,36.63217
9144,46.441143
9145,55.04711
9146,61.44845
9147,64.281395
9148,64.67216
9149,63.846302
9150,60.142998
9151,51.444794
9152,37.150738
9153,19.183905
9154,-2.9755974
9155,-8.230939
9156,-5.7847033
9157,11.446875
9158,36.907322
9159,57.60598
9160,59.666924
9161,57.62092
9162,43.81577
9163,32.593403
9164,28.08535
9165,30.05896
9166,36.288067
9167,44.09882
9168,46.518127
9169,57.558613
9170,61.765835
9171,64.12562
9172,65.01705
9173,65.02685
9174,64.57794
9175,63.768745
9176,62.430176
9177,60.148567
9178,56.502186
9179,51.619637
9180,46.268402
9181,41.737293
9182,39.42086
9183,39.59123
9184,35.752094
9185,41.073803
9186,38.72573
9187,31.460592
9188,16.960318
9189,-5.650957
9190,-35.667896
9191,-70.35684
9192,-104.73708
9193,-132.00359
9194,-144.5933
9195,-135.89311
9196,-102.59171
9197,-43.436188
9198,19.665249
9199,45.818523
9200,49.720432
9201,43.543274
9202,21.048878
9203,-5.765378
9204,-52.087055
9205,-107.74116
9206,-161.68959
9207,-199.39127
9208,4.801898
9209,-194.99748
9210,-158.3484
9211,-108.25377
9212,-53.314484
9213,-1.5531713
9214,34.68579
9215,57.526012
9216,53.38339
9217,13.343459
9218,-68.44544
9219,-186.8095
9220,-11.954795
9221,-20.141258
9222,-18.898523
9223,-18.279276
9224,-15.1118145
9225,-10.908603
9226,-6.6808944
9227,-3.1665964
9228,-0.6231171
9229,1.1996275
9230,2.4357758
9231,3.1787703
9232,3.5361855
9233,3.640119
9234,3.6500556
9235,3.7276952
9236,-0.96604615
9237,4.7043514
9238,-199.35771
9239,-185.80426
9240,-171.99004
9241,-159.80058
9242,-150.93594
9243,-146.99338
9244,-149.6274
9245,-160.78596
9246,-183.02164
9247,-195.99693
9248,-170.9329
9249,-142.87694
9250,-113.7117
9251,-85.66964
9252,-60.456463
9253,-39.237087
9254,-22.70182
9255,-11.211552
9256,-10.022499
9257,-4.358938
9258,-8.563235
9259,-15.24445
9260,-21.321314
9261,-23.289284
9262,-18.150362
9263,-6.414656
9264,7.173314
9265,18.267912
9266,24.030113
9267,22.490692
9268,12.837212
9269,-3.1648004
9270,-21.743818
9271,-36.752018
9272,-41.04816
9273,-31.896427
9274,-13.944939
9275,6.677087
9276,25.154335
9277,38.801228
9278,47.16416
9279,51.05085
9280,50.957443
9281,46.061756
9282,33.45801
9283,9.210347
9284,-27.709297
9285,-73.44315
9286,-118.67565
9287,-150.64027
9288,-160.61436
9289,-149.88983
9290,-124.02839
9291,-89.64655
9292,-53.065277
9293,-19.358196
9294,8.176014
9295,28.122639
9296,40.639885
9297,56.53446
9298,60.113747
9299,54.88743
9300,43.524227
9301,37.4829
9302,37.3237
9303,40.88134
9304,45.422127
9305,48.771793
9306,49.40887
9307,45.777287
9308,36.24239
9309,20.853899
9310,2.1327245
9311,-14.515559
9312,-22.24395
9313,-17.970327
9314,-5.5469723
9315,9.540329
9316,22.91619
9317,32.15768
9318,37.39933
9319,40.705082
9320,43.975437
9321,48.590206
9322,54.888435
9323,61.097237
9324,64.49368
9325,64.38963
9326,62.55104
9327,56.81577
9328,63.297146
9329,65.04133
9330,64.23533
9331,59.082756
9332,49.732456
9333,38.127968
9334,21.985828
9335,19.245646
9336,17.526068
9337,23.117714
9338,34.21764
9339,46.28402
9340,55.70221
9341,56.160362
9342,58.34089
9343,63.428143
9344,60.42705
9345,47.308792
9346,1.0178094
9347,-37.41509
9348,-7.347069
9349,8.303325
9350,26.833158
9351,34.90687
9352,38.68236
9353,38.701572
9354,29.76946
9355,25.82391
9356,9.794711
9357,-16.102285
9358,-52.340557
9359,-92.111694
9360,-122.36745
9361,-127.42933
9362,-96.84721
9363,-39.434166
9364,12.914923
9365,49.286297
9366,59.64207
9367,58.924946
9368,51.4669
9369,47.982433
9370,47.164852
9371,45.635994
9372,39.532394
9373,25.006395
9374,-0.07773117
9375,-35.89296
9376,-79.61147
9377,-125.37608
9378,-168.12106
9379,3.8164062
9380,0.6207965
9381,-2.7464693
9382,-6.6168437
9383,-11.060185
9384,-15.770457
9385,-20.425325
9386,-24.706991
9387,-28.300713
9388,-31.004795
9389,-32.784172
9390,-33.60493
9391,-33.439777
9392,-32.284348
9393,-30.152836
9394,-27.06825
9395,-23.049673
9396,-18.100319
9397,-17.766537
9398,-24.731842
9399,-25.006655
9400,-23.884283
9401,-21.94151
9402,-24.649815
9403,-17.401814
9404,-15.554987
9405,-14.470121
9406,-14.537598
9407,-16.106493
9408,-19.065247
9409,-22.648638
9410,-26.098375
9411,-28.645847
9412,-29.615225
9413,-29.012344
9414,-27.637526
9415,-26.059563
9416,-24.681053
9417,-23.823748
9418,-23.552837
9419,-28.65619
9420,-24.017313
9421,-24.55525
9422,-30.165512
9423,-25.623163
9424,-25.562847
9425,-24.66721
9426,-22.666967
9427,-19.42568
9428,-15.316579
9429,-16.177208
9430,-7.5881433
9431,-5.07699
9432,-4.134268
9433,-4.7142296
9434,-6.0176196
9435,-7.259711
9436,-7.6683464
9437,-6.571959
9438,-3.875155
9439,-0.14182165
9440,4.195714
9441,-175.87347
9442,-125.24725
9443,-83.26872
9444,-51.865944
9445,-31.720146
9446,-23.152515
9447,-59.957355
9448,-197.56638
9449,-11.106939
9450,-11.428749
9451,-13.726648
9452,-13.895593
9453,-17.768873
9454,-11.063529
9455,-9.395123
9456,-8.330815
9457,-8.34324
9458,-14.375749
9459,-10.671927
9460,-11.521819
9461,-11.265012
9462,-9.411103
9463,-6.262809
9464,-2.9687023
9465,-0.44042066
9466,0.49106905
9467,-0.9574746
9468,-4.890727
9469,-10.375425
9470,-16.38475
9471,-21.81483
9472,-25.578527
9473,-27.353407
9474,-27.909863
9475,-27.91101
9476,-27.860334
9477,-28.14631
9478,-28.773773
9479,-29.322758
9480,-29.49542
9481,-29.056011
9482,-27.85347
9483,-26.126574
9484,-24.507242
9485,-23.446278
9486,-23.33855
9487,-24.546349
9488,-27.069723
9489,-30.421864
9490,-34.18931
9491,-37.961887
9492,-41.276646
9493,-43.227375
9494,-42.75394
9495,-41.5
9496,-40.615593
9497,-37.94637
9498,-36.582935
9499,-38.075703
9500,-40.131145
9501,-42.199295
9502,-42.663036
9503,-41.5
9504,-41.5
9505,-46.5
9506,-41.5
9507,-39.95697
9508,-34.465984
9509,-33.405594
9510,-29.918089
9511,-23.215796
9512,-23.933735
9513,-31.955862
9514,-31.016237
9515,-34.928947
9516,-42.41935
9517,-37.35886
9518,-34.98
9519,-31.96007
9520,-29.290213
9521,-32.569214
9522,-27.290102
9523,-28.504877
9524,-30.738764
9525,-33.70978
9526,-37.17327
9527,-40.84124
9528,-48.393684
9529,-42.85996
9530,-46.5
9531,-41.5
9532,-41.5
9533,-46.5
9534,-41.5
9535,-41.5
9536,-41.5
9537,-41.5
9538,-41.5
9539,-41.5
9540,-41.5
9541,-41.5
9542,-41.5
9543,-41.5
9544,-41.5
9545,-41.5
9546,-41.5
9547,-41.5
9548,-41.5
9549,-41.5
9550,-41.5
9551,-41.5
9552,-41.5
9553,-41.5
9554,-41.5
9555,-41.5
9556,-41.5
9557,-41.5
9558,-41.5
9559,-41.5
9560,-41.5
9561,-41.5
9562,-41.5
9563,-41.5
9564,-41.5
9565,-41.5
9566,-46.5
9567,-41.5
9568,-41.5
9569,-41.5
9570,-41.5
9571,-41.5
9572,-41.5
9573,-41.5
9574,-41.5
9575,-41.5
9576,-41.5
9577,-41.5
9578,-41.5
9579,-41.5
9580,-41.5
9581,-41.5
9582,-41.5
9583,-41.5
9584,-41.5
9585,-41.5
9586,-46.5
9587,-41.5
9588,-41.5
9589,-41.5
9590,-41.5
9591,-41.5
9592,-41.5
9593,-41.5
9594,-41.5
9595,-41.5
9596,-41.5
9597,-41.5
9598,-41.5
9599,-41.5
9600,-41.5
9601,-41.5
9602,-41.5
9603,-41.5
9604,-41.5
9605,-41.5
9606,-41.5
9607,-41.5
9608,-41.5
9609,-41.5
9610,-41.5
9611,-41.5
9612,-41.5
9613,-41.5
9614,-41.5
9615,-41.5
9616,-41.5
9617,-41.5
9618,-41.5
9619,-41.5
9620,-41.5
9621,-41.5
9622,-46.5
9623,-41.5
9624,-41.5
9625,-41.5
9626,-41.5
9627,-41.5
9628,-46.5
9629,-41.5
9630,-41.5
9631,-41.5
9632,-41.5
9633,-41.5
9634,-41.5
9635,-41.5
9636,-41.5
9637,-41.5
9638,-41.5
9639,-41.5
9640,-41.5
9641,-41.5
9642,-41.5
9643,-41.5
9644,-41.5
9645,-41.5
9646,-41.5
9647,-41.5
9648,-41.5
9649,-41.5
9650,-41.5
9651,-41.5
9652,-41.5
9653,-41.5
9654,-41.5
9655,-46.5
9656,-41.5
9657,-41.5
9658,-41.5
9659,-41.5
9660,-41.5
9661,-41.5
9662,-41.5
9663,-41.5
9664,-41.5
9665,-41.5
9666,-41.5
9667,-41.5
9668,-41.5
9669,-41.5
9670,-41.5
9671,-41.5
9672,-41.5
9673,-41.5
9674,-41.5
9675,-41.5
9676,-41.5
9677,-41.5
9678,-41.5
9679,-41.5
9680,-41.5
9681,-41.5
9682,-41.5
9683,-41.5
9684,-41.5
9685,-41.5
9686,-41.5
9687,-41.5
9688,-41.5
9689,-41.5
9690,-41.5
9691,-41.5
9692,-41.5
9693,-41.5
9694,-41.5
9695,-41.5
9696,-41.5
9697,-41.5
9698,-41.5
9699,-41.5
9700,-41.5
9701,-41.5
9702,-41.5
9703,-41.5
9704,-41.5
9705,-41.5
9706,-41.5
9707,-41.5
9708,-41.5
9709,-41.5
9710,-41.5
9711,-41.5
9712,-41.5
9713,-41.5
9714,-41.5
9715,-41.5
9716,-41.5
9717,-41.5
9718,-41.5
9719,-41.5
9720,-46.5
9721,-41.5
9722,-41.5
9723,-41.5
9724,-44.21418
9725,-32.715477
9726,-28.512638
9727,-28.588533
9728,-30.999666
9729,-34.45795
9730,-37.91467
9731,-45.22791
9732,-40.34598
9733,-38.479553
9734,-36.21288
9735,-34.47559
9736,-33.85119
9737,-34.81202
9738,-37.229187
9739,-45.222557
9740,-42.751377
9741,-42.968258
9742,-41.5
9743,-41.5
9744,-41.12192
9745,-36.62949
9746,-25.993492
9747,-24.947296
9748,-35.85355
9749,-35.256157
9750,-32.903145
9751,-29.67168
9752,-26.186502
9753,-22.891068
9754,-20.163172
9755,-18.4015
9756,-18.071053
9757,-19.636986
9758,-28.150404
9759,-28.059496
9760,-33.853653
9761,-39.993137
9762,-44.358585
9763,-43.693897
9764,-41.5
9765,-41.5
9766,-41.5
9767,-41.5
9768,-41.5
9769,-41.5
9770,-41.5
9771,-41.5
9772,-41.5
9773,-41.5
9774,-38.681816
9775,-31.480879
9776,-32.95053
9777,-28.364847
9778,-30.97126
9779,-34.434174
9780,-37.556023
9781,-39.04059
9782,-37.78007
9783,-34.11802
9784,-29.784592
9785,-25.66947
9786,-22.237686
9787,-19.87756
9788,-18.665792
9789,-18.319712
9790,-18.72369
9791,-19.797926
9792,-21.441622
9793,-23.539442
9794,-25.964752
9795,-28.581089
9796,-31.242855
9797,-35.82138
9798,-42.506702
9799,-43.7471
9800,-42.688793
9801,-41.5
9802,-40.725838
9803,-38.255775
9804,-35.680084
9805,-33.624687
9806,-32.037464
9807,-31.104315
9808,-30.81228
9809,-30.928936
9810,-31.328037
9811,-31.9108
9812,-32.559372
9813,-33.101463
9814,-33.307213
9815,-32.96841
9816,-31.899166
9817,-29.983688
9818,-27.376066
9819,-24.476694
9820,-21.530819
9821,-18.722654
9822,-16.211582
9823,-14.020335
9824,-12.019328
9825,-10.133078
9826,-8.303462
9827,-6.4723234
9828,-4.5981364
9829,-2.6604865
9830,-0.6347577
9831,1.5059899
9832,3.7802818
9833,-199.459
9834,-171.3156
9835,-145.2271
9836,-121.95759
9837,-102.090515
9838,-86.13082
9839,-74.58711
9840,-67.9586
9841,-66.85025
9842,-72.14986
9843,-85.237976
9844,-108.23289
9845,-144.26988
9846,-197.81847
9847,-2.8093886
9848,-10.652604
9849,-14.62147
9850,-16.418524
9851,-16.703886
9852,-16.085749
9853,-15.098684
9854,-14.216773
9855,-13.885176
9856,-14.554506
9857,-16.567972
9858,-19.483624
9859,-21.763012
9860,-21.927565
9861,-18.738285
9862,-11.637147
9863,-6.802291
9864,3.5497766
9865,-97.31348
9866,-27.2684
9867,9.147258
9868,13.656467
9869,0.2959712
9870,-27.62779
9871,-65.56835
9872,-103.98031
9873,-133.23903
9874,-150.80516
9875,-157.36134
9876,-154.74084
9877,-145.333
9878,-131.32503
9879,-114.3025
9880,-95.66433
9881,-76.674095
9882,-58.418945
9883,-41.850395
9884,-27.792215
9885,-21.842188
9886,-9.432393
9887,-5.8439994
9888,-5.754165
9889,-7.944197
9890,-11.051597
9891,-13.65038
9892,-14.223264
9893,-11.281176
9894,-3.6235642
9895,9.25886
9896,21.63726
9897,49.347313
9898,59.48172
9899,59.824924
9900,63.053917
9901,62.980133
9902,64.183365
9903,64.87756
9904,63.823315
9905,61.278866
9906,58.981537
9907,59.019787
9908,61.553127
9909,64.28023
9910,65.15389
9911,63.85087
9912,61.793137
9913,60.697453
9914,60.9226
9915,61.937195
9916,63.074375
9917,63.916843
9918,64.42066
9919,64.72659
9920,64.91128
9921,64.941
9922,64.63592
9923,63.723656
9924,62.161434
9925,60.327477
9926,58.959972
9927,58.81667
9928,59.909008
9929,61.331562
9930,62.304153
9931,62.39612
9932,61.0836
9933,57.352142
9934,50.254005
9935,39.618755
9936,26.661343
9937,13.934245
9938,3.7566543
9939,-3.5092657
9940,-8.44984
9941,-12.013754
9942,-20.346851
9943,-19.71827
9944,-26.547318
9945,-37.532276
9946,-54.87819
9947,-67.23334
9948,-56.080315
9949,-40.627365
9950,-22.78687
9951,-4.6385465
9952,12.156699
9953,26.46364
9954,37.694344
9955,45.746643
9956,50.858406
9957,53.428757
9958,53.943027
9959,52.882446
9960,50.5022
9961,46.983383
9962,42.606865
9963,37.83764
9964,33.335613
9965,29.927965
9966,28.509617
9967,29.780043
9968,33.59025
9969,38.75428
9970,44.041233
9971,48.541683
9972,46.84825
9973,54.562027
9974,58.083786
9975,62.65258
9976,65.26564
9977,56.757847
9978,17.535282
9979,-49.50143
9980,-138.43211
9981,4.3788652
9982,3.5179667
9983,4.3051033
9984,-172.60945
9985,-98.916954
9986,-40.08039
9987,8.287393
9988,32.819687
9989,45.74944
9990,52.317577
9991,55.50451
9992,56.950943
9993,57.617596
9994,58.189358
9995,59.224827
9996,61.05206
9997,60.371037
9998,50.993423
9999,41.066174
10000,33.14335
10001,28.057154
10002,25.68548
10003,25.365267
10004,26.195044
10005,27.226221
10006,27.54327
10007,26.35008
10008,23.469515
10009,19.767626
10010,16.50639
10011,15.118682
10012,16.836796
10013,21.47039
10014,27.003428
10015,31.414669
10016,33.111706
10017,30.719183
10018,23.615051
10019,13.008453
10020,1.4095175
10021,-7.4518466
10022,-9.516662
10023,-3.4843836
10024,7.5949
10025,19.930122
10026,30.622574
10027,38.0284
10028,41.815804
10029,42.385258
10030,39.75627
10031,33.29352
10032,21.746151
10033,3.8580897
10034,-20.554617
10035,-50.431778
10036,-83.33045
10037,-115.66401
10038,-144.39507
10039,-168.75653
10040,-188.9784
10041,4.9109907
10042,4.5335693
10043,4.199389
10044,3.87145
10045,3.5129523
10046,3.0870857
10047,2.2915092
10048,0.991469
10049,-0.010335457
10050,-0.85416603
10051,-1.5630217
10052,-2.1593077
10053,-2.6649868
10054,-3.1017087
10055,-3.4908922
10056,-3.8537931
10057,-4.221091
10058,-4.678874
10059,-5.3884597
10060,-6.5149355
10061,-8.222839
10062,-10.6355715
10063,-18.612345
10064,-21.644407
10065,-24.212805
10066,-20.828579
10067,-21.090322
10068,-20.023117
10069,-23.183634
10070,-16.083595
10071,-14.180642
10072,-12.873975
10073,-12.281778
10074,-12.1650915
10075,-12.300776
10076,-12.486132
10077,-17.536993
10078,-12.3900585
10079,-12.140713
10080,-11.879367
10081,-11.685489
10082,-11.628608
10083,-11.721229
10084,-11.900969
10085,-12.107738
10086,-12.286728
10087,-12.389858
10088,-12.404961
10089,-12.366686
10090,-12.308824
10091,-12.262481
10092,-12.259018
10093,-12.330065
10094,-12.507506
10095,-12.823502
10096,-13.310482
10097,-14.026041
10098,-14.716087
10099,-14.836385
10100,-14.634432
10101,-14.184633
10102,-13.56
10103,-12.83244
10104,-12.073
10105,-11.352033
10106,-10.739287
10107,-10.294997
10108,-10.026148
10109,-9.870028
10110,-9.765322
10111,-9.654792
10112,-9.489175
10113,-9.266157
10114,-9.045137
10115,-8.884384
10116,-8.838394
10117,-8.951345
10118,-9.206585
10119,-9.506455
10120,-9.753443
10121,-9.854765
10122,-9.728008
10123,-9.348862
10124,-8.768677
10125,-8.03711
10126,-7.198513
10127,-6.2975955
10128,-5.3836513
10129,-4.512176
10130,-3.7383728
10131,-3.1171384
10132,-2.6937196
10133,-2.4558835
10134,-2.3138099
10135,-2.17543
10136,-1.952116
10137,-1.5666902
10138,-1.0080016
10139,-0.35256523
10140,0.3215554
10141,0.9414286
10142,1.434259
10143,1.7267408
10144,1.7442814
10145,1.4102151
10146,0.64516616
10147,-0.66809976
10148,-2.0570395
10149,-2.4776046
10150,-2.3571239
10151,-1.8892092
10152,-1.2582701
10153,-0.64323956
10154,-0.22066048
10155,-0.16806333
10156,-0.6677671
10157,-1.880707
10158,-3.8011734
10159,-6.1776767
10160,-8.732097
10161,-11.192121
10162,-13.310528
10163,-14.979766
10164,-16.276016
10165,-17.274426
10166,-18.037256
10167,-18.619907
10168,-19.045105
10169,-19.293732
10170,-19.348658
10171,-19.195963
10172,-18.826204
10173,-18.254358
10174,-17.526575
10175,-16.687025
10176,-15.777417
10177,-14.8467655
10178,-13.9867115
10179,-13.34383
10180,-13.062596
10181,-13.285697
10182,-14.131
10183,-15.556627
10184,-17.304502
10185,-19.11603
10186,-20.74399
10187,-21.968887
10188,-22.72764
10189,-23.158422
10190,-23.388742
10191,-23.53041
10192,-23.694519
10193,-23.991898
10194,-24.533665
10195,-25.431646
10196,-26.798721
10197,-26.64542
10198,-23.618961
10199,-22.564394
10200,-22.051252
10201,-21.939444
10202,-22.08641
10203,-22.347406
10204,-22.576153
10205,-22.625772
10206,-22.349676
10207,-21.636744
10208,-20.573236
10209,-19.494923
10210,-18.717844
10211,-18.539312
10212,-19.210247
10213,-20.694748
10214,-22.574495
10215,-24.440401
10216,-25.906475
10217,-26.639555
10218,-26.600761
10219,-26.124203
10220,-25.515062
10221,-25.04667
10222,-24.959688
10223,-25.315563
10224,-25.9461
10225,-26.69854
10226,-27.43665
10227,-28.03719
10228,-28.454521
10229,-28.74243
10230,-28.94746
10231,-29.108313
10232,-29.25373
10233,-29.35604
10234,-29.315716
10235,-29.038977
10236,-28.437777
10237,-27.4485
10238,-26.1451
10239,-24.77457
10240,-23.567646
10241,-22.740635
10242,-22.511257
10243,-28.101019
10244,-24.73729
10245,-27.653343
10246,-37.085186
10247,-40.468456
10248,-34.970657
10249,-35.409893
10250,-35.710262
10251,-35.886974
10252,-35.956165
10253,-35.93498
10254,-35.841522
10255,-35.694786
10256,-35.514576
10257,-35.32078
10258,-35.130676
10259,-34.957882
10260,-34.81683
10261,-34.722572
10262,-34.683815
10263,-34.67156
10264,-34.60895
10265,-39.423553
10266,-34.04694
10267,-38.429245
10268,-32.626644
10269,-31.828743
10270,-31.211126
10271,-30.937624
10272,-31.139566
10273,-31.76068
10274,-32.50428
10275,-33.09239
10276,-33.266224
10277,-32.808674
10278,-31.732727
10279,-30.340075
10280,-28.904465
10281,-27.674273
10282,-26.869019
10283,-26.54803
10284,-26.567078
10285,-26.798256
10286,-27.128641
10287,-27.449884
10288,-27.684263
10289,-27.79373
10290,-27.73736
10291,-27.47124
10292,-26.951601
10293,-26.13494
10294,-24.978075
10295,-23.438437
10296,-21.474276
10297,-19.165304
10298,-17.198082
10299,-16.326244
10300,-16.15172
10301,-16.581257
10302,-17.518534
10303,-18.863743
10304,-20.51386
10305,-22.363556
10306,-24.306143
10307,-26.226658
10308,-27.965195
10309,-29.304169
10310,-30.031221
10311,-29.94118
10312,-28.868118
10313,-26.85318
10314,-24.195398
10315,-26.16749
10316,-23.016367
10317,-19.973604
10318,-17.2101
10319,-14.824204
10320,-7.9199104
10321,-6.608566
10322,-5.9841933
10323,-6.0206103
10324,-6.526483
10325,-7.30511
10326,-8.162739
10327,-8.921339
10328,-9.514131
10329,-10.024248
10330,-10.535059
10331,-11.120924
10332,-11.847955
10333,-12.734902
10334,-13.737456
10335,-14.811881
10336,-15.918171
10337,-17.014168
10338,-18.045502
10339,-18.94185
10340,-19.633795
10341,-20.053526
10342,-20.13393
10343,-19.808723
10344,-19.012693
10345,-17.68208
10346,-15.755313
10347,-14.6232
10348,-15.800654
10349,-16.856388
10350,-18.16633
10351,-19.63363
10352,-21.16038
10353,-22.648289
10354,-23.999277
10355,-25.115818
10356,-25.90117
10357,-26.28108
10358,-26.305641
10359,-26.182983
10360,-26.108875
10361,-26.266237
10362,-26.807379
10363,-27.707947
10364,-28.715488
10365,-29.592245
10366,-30.117702
10367,-30.123877
10368,-29.738016
10369,-29.460472
10370,-29.759333
10371,-31.075544
10372,-33.760166
10373,-42.610386
10374,-46.6951
10375,-50.126442
10376,-47.079567
10377,-46.891247
10378,-44.750248
10379,-41.899406
10380,-39.45398
10381,-38.42735
10382,-39.681255
10383,-48.201447
10384,-52.83597
10385,-57.514393
10386,-61.251724
10387,-63.186165
10388,-58.118664
10389,-56.671787
10390,-54.373833
10391,-51.67754
10392,-54.03252
10393,-46.885834
10394,-45.68342
10395,-45.87346
10396,-47.91098
10397,-50.54169
10398,-51.38324
10399,-51.89171
10400,-51.984787
10401,-51.739017
10402,-51.23074
10403,-50.536198
10404,-49.73156
10405,-48.892967
10406,-48.096565
10407,-47.407784
10408,-46.83123
10409,-46.295135
10410,-45.736126
10411,-45.09742
10412,-44.341343
10413,-43.53885
10414,-42.89713
10415,-42.608746
10416,-42.855103
10417,-43.779892
10418,-45.306442
10419,-47.07767
10420,-48.762436
10421,-50.052563
10422,-50.68208
10423,-50.62233
10424,-50.141834
10425,-49.47626
10426,-48.834538
10427,-48.401512
10428,-48.230003
10429,-48.207527
10430,-48.23956
10431,-48.24573
10432,-48.154984
10433,-47.948967
10434,-47.67555
10435,-47.37558
10436,-47.08434
10437,-46.834103
10438,-46.639797
10439,-46.494453
10440,-46.393536
10441,-46.33444
10442,-46.314587
10443,-46.331432
10444,-46.382458
10445,-46.465115
10446,-46.576885
10447,-46.917633
10448,-47.25036
10449,-46.542454
10450,-45.340984
10451,-43.794277
10452,-42.04965
10453,-40.253605
10454,-38.55194
10455,-37.089996
10456,-36.013054
10457,-35.4496
10458,-35.43034
10459,-35.861885
10460,-36.66245
10461,-37.759758
10462,-39.077705
10463,-40.521835
10464,-41.974754
10465,-43.320965
10466,-44.44701
10467,-45.25257
10468,-45.71078
10469,-45.88722
10470,-45.83795
10471,-45.611
10472,-45.25511
10473,-44.82393
10474,-44.37738
10475,-43.974632
10476,-43.67426
10477,-43.52851
10478,-48.553253
10479,-43.718536
10480,-43.99873
10481,-44.371243
10482,-44.81453
10483,-45.317265
10484,-45.881462
10485,-46.507935
10486,-47.196674
10487,-47.946686
10488,-48.749763
10489,-49.5885
10490,-50.44683
10491,-51.30979
10492,-52.162704
10493,-52.991127
10494,-53.780834
10495,-54.51775
10496,-55.18796
10497,-55.291862
10498,-54.510654
10499,-54.02499
10500,-53.55807
10501,-53.14073
10502,-52.803844
10503,-52.57828
10504,-52.494934
10505,-52.5847
10506,-52.87853
10507,-53.395042
10508,-54.08264
10509,-54.801464
10510,-60.421165
10511,-55.818863
10512,-55.888702
10513,-55.62535
10514,-55.150154
10515,-54.568592
10516,-53.97463
10517,-53.452644
10518,-53.030773
10519,-52.666668
10520,-52.327255
10521,-51.98683
10522,-51.628788
10523,-51.283432
10524,-51.03948
10525,-50.979927
10526,-51.183407
10527,-51.702938
10528,-52.44285
10529,-53.12
10530,-53.471554
10531,-53.25108
10532,-52.25869
10533,-50.555855
10534,-48.52992
10535,-46.529694
10536,-44.873997
10537,-43.839336
10538,-43.465652
10539,-43.495815
10540,-43.704098
10541,-43.889103
10542,-43.848717
10543,-43.380875
10544,-42.284164
10545,-40.358753
10546,-42.407707
10547,-36.318943
10548,-39.407112
10549,-40.170444
10550,-40.44768
10551,-40.36934
10552,-40.064335
10553,-39.660526
10554,-39.285107
10555,-39.064915
10556,-39.126774
10557,-39.57782
10558,-40.411617
10559,-41.477314
10560,-42.637196
10561,-43.76493
10562,-44.73226
10563,-45.400826
10564,-45.619705
10565,-45.239956
10566,-44.11472
10567,-42.143852
10568,-39.485523
10569,-41.618385
10570,-38.981724
10571,-31.98365
10572,-30.974705
10573,-30.982153
10574,-31.622229
10575,-32.545425
10576,-33.430847
10577,-33.983406
10578,-34.068855
10579,-33.758118
10580,-33.10472
10581,-32.145477
10582,-30.926199
10583,-29.545195
10584,-28.166706
10585,-26.948046
10586,-26.040846
10587,-25.578312
10588,-25.5865
10589,-25.953917
10590,-26.578695
10591,-27.368378
10592,-28.229527
10593,-29.068224
10594,-29.790495
10595,-30.302624
10596,-30.511446
10597,-29.23222
10598,-26.175543
10599,-24.70774
10600,-23.787472
10601,-23.338467
10602,-23.283854
10603,-23.545765
10604,-24.045261
10605,-24.702433
10606,-25.436665
10607,-26.176935
10608,-26.909523
10609,-27.694622
10610,-28.587584
10611,-29.638235
10612,-30.888113
10613,-32.33054
10614,-33.89681
10615,-35.522617
10616,-37.148426
10617,-38.718452
10618,-40.198128
10619,-41.579826
10620,-42.8534
10621,-44.006054
10622,-45.022114
10623,-45.872276
10624,-46.510212
10625,-46.891495
10626,-46.97342
10627,-46.72786
10628,-46.207905
10629,-45.56833
10630,-44.952934
10631,-44.49673
10632,-44.316883
10633,-44.42823
10634,-44.71664
10635,-45.081375
10636,-45.43257
10637,-45.688396
10638,-45.813152
10639,-45.829243
10640,-45.75305
10641,-45.59603
10642,-45.36961
10643,-45.085197
10644,-44.754196
10645,-44.387974
10646,-43.99787
10647,-44.63224
10648,-46.803535
10649,-47.777126
10650,-48.39951
10651,-48.73605
10652,-48.85163
10653,-48.810787
10654,-48.677837
10655,-48.51692
10656,-48.392063
10657,-48.360336
10658,-48.439304
10659,-48.59696
10660,-48.806576
10661,-49.045666
10662,-49.285988
10663,-49.466656
10664,-49.485813
10665,-49.2461
10666,-48.653866
10667,-47.642315
10668,-46.295887
10669,-44.887882
10670,-43.66989
10671,-42.876804
10672,-42.710682
10673,-43.184784
10674,-44.07352
10675,-45.17486
10676,-46.30585
10677,-47.307083
10678,-48.1565
10679,-49.00546
10680,-49.987415
10681,-51.2211
10682,-52.79523
10683,-54.626842
10684,-56.41645
10685,-57.88748
10686,-58.78254
10687,-58.884594
10688,-58.202545
10689,-57.027164
10690,-55.616154
10691,-54.201603
10692,-53.015026
10693,-52.287792
10694,-52.251728
10695,-53.13991
10696,-55.187256
10697,-56.217934
10698,-54.18387
10699,-53.722282
10700,-53.596127
10701,-53.769535
10702,-54.206543
10703,-54.871086
10704,-55.726963
10705,-56.73789
10706,-57.867527
10707,-59.06935
10708,-60.239307
10709,-61.201168
10710,-61.787018
10711,-61.835472
10712,-61.225174
10713,-60.059956
10714,-58.724617
10715,-57.57025
10716,-56.922688
10717,-57.061268
10718,-58.000748
10719,-59.423462
10720,-61.048466
10721,-62.623028
10722,-63.91751
10723,-64.83439
10724,-65.44169
10725,-65.788605
10726,-65.90981
10727,-65.84872
10728,-65.69788
10729,-65.61129
10730,-65.73573
10731,-66.21272
10732,-67.15662
10733,-68.52646
10734,-70.08661
10735,-71.624084
10736,-72.943085
10737,-73.868935
10738,-74.34611
10739,-74.46785
10740,-74.30967
10741,-73.933685
10742,-73.402
10743,-72.776634
10744,-72.11964
10745,-71.49294
10746,-70.95852
10747,-70.058
10748,-68.63391
10749,-68.10064
10750,-67.88796
10751,-67.89146
10752,-68.006294
10753,-68.12748
10754,-68.15012
10755,-67.969574
10756,-67.481476
10757,-66.59503
10758,-65.294975
10759,-63.660088
10760,-61.758118
10761,-59.648384
10762,-57.41443
10763,-55.28048
10764,-53.646282
10765,-52.89072
10766,-53.378967
10767,-55.404037
10768,-63.828896
10769,-67.96896
10770,-72.19411
10771,-75.92107
10772,-78.63763
10773,-75.221466
10774,-76.03531
10775,-76.38398
10776,-76.52841
10777,-76.69962
10778,-76.95987
10779,-77.16085
10780,-77.179634
10781,-76.91208
10782,-76.27509
10783,-75.305214
10784,-74.18824
10785,-73.091805
10786,-72.170074
10787,-71.55683
10788,-71.270706
10789,-71.18653
10790,-71.1963
10791,-71.20447
10792,-71.11499
10793,-70.831314
10794,-70.25665
10795,-69.29425
10796,-67.84754
10797,-68.05393
10798,-71.03657
10799,-71.170334
10800,-70.413246
10801,-69.012535
10802,-67.21475
10803,-65.26599
10804,-63.41198
10805,-61.898087
10806,-60.96939
10807,-60.82045
10808,-61.35771
10809,-62.126392
10810,-62.712894
10811,-62.735207
10812,-61.87508
10813,-60.17458
10814,-58.124897
10815,-56.163254
10816,-54.685925
10817,-54.032307
10818,-54.220253
10819,-54.864384
10820,-55.624317
10821,-56.193863
10822,-56.311226
10823,-55.969196
10824,-55.479378
10825,-55.11684
10826,-55.12851
10827,-55.718815
10828,-56.84947
10829,-58.17679
10830,-59.390457
10831,-60.20649
10832,-60.382572
10833,-59.911766
10834,-59.081184
10835,-58.143497
10836,-57.32493
10837,-56.82935
10838,-56.735256
10839,-56.964283
10840,-57.456112
10841,-58.16411
10842,-64.041466
10843,-60.041203
10844,-61.115864
10845,-62.217014
10846,-63.29539
10847,-63.367268
10848,-61.96848
10849,-61.58617
10850,-61.426334
10851,-61.428913
10852,-61.53419
10853,-61.68276
10854,-61.815548
10855,-61.8738
10856,-61.79901
10857,-61.5403
10858,-61.088516
10859,-60.486656
10860,-59.77177
10861,-58.976357
10862,-58.134857
10863,-57.292088
10864,-56.505943
10865,-55.832783
10866,-55.32786
10867,-55.044106
10868,-55.021175
10869,-55.28206
10870,-55.851696
10871,-56.756516
10872,-57.99651
10873,-59.420902
10874,-60.68954
10875,-61.483307
10876,-61.50017
10877,-60.50077
10878,-58.59792
10879,-56.342987
10880,-54.234016
10881,-52.728535
10882,-52.21755
10883,-52.716156
10884,-53.767086
10885,-54.96451
10886,-55.94192
10887,-56.373222
10888,-56.165207
10889,-55.51644
10890,-54.592392
10891,-53.53246
10892,-52.47538
10893,-51.55943
10894,-50.922684
10895,-50.703407
10896,-51.04035
10897,-51.54576
10898,-51.475143
10899,-51.270103
10900,-50.965355
10901,-50.62338
10902,-50.306633
10903,-50.077667
10904,-49.999073
10905,-50.13357
10906,-50.544064
10907,-51.28441
10908,-52.356133
10909,-53.694736
10910,-55.24267
10911,-56.94791
10912,-58.752934
10913,-60.569183
10914,-62.269207
10915,-63.730026
10916,-64.83225
10917,-70.476204
10918,-65.67286
10919,-65.570854
10920,-65.30079
10921,-64.979164
10922,-64.7153
10923,-64.582436
10924,-64.609085
10925,-64.82984
10926,-65.284
10927,-65.993645
10928,-66.87892
10929,-67.732086
10930,-68.36096
10931,-68.58542
10932,-68.25777
10933,-67.41178
10934,-66.307495
10935,-65.17808
10936,-64.2365
10937,-63.666725
10938,-63.487366
10939,-63.510395
10940,-63.572083
10941,-63.526966
10942,-63.229527
10943,-62.53428
10944,-61.295956
10945,-59.3697
10946,-56.61141
10947,-60.125557
10948,-56.751507
10949,-56.991955
10950,-57.07393
10951,-57.039898
10952,-56.931786
10953,-56.79135
10954,-56.66046
10955,-56.581284
10956,-56.596325
10957,-56.731815
10958,-56.919376
10959,-56.97197
10960,-56.716347
10961,-55.990143
10962,-54.66716
10963,-52.823524
10964,-50.787464
10965,-48.857082
10966,-47.30746
10967,-46.37395
10968,-46.067467
10969,-46.117035
10970,-46.2819
10971,-46.34472
10972,-46.10555
10973,-45.46613
10974,-44.456078
10975,-43.091545
10976,-41.377785
10977,-39.33981
10978,-37.11426
10979,-34.976738
10980,-33.186325
10981,-36.989754
10982,-31.59665
10983,-31.998686
10984,-37.907658
10985,-34.055424
10986,-35.191303
10987,-41.085453
10988,-36.64961
10989,-36.977684
10990,-37.147144
10991,-37.220787
10992,-37.262676
10993,-37.338806
10994,-37.517525
10995,-37.869637
10996,-38.468357
10997,-38.399677
10998,-36.754475
10999,-40.365673
11000,-33.837883
11001,-32.20537
11002,-30.500729
11003,-28.754776
11004,-26.997736
11005,-25.260403
11006,-23.57441
11007,-21.971256
11008,-20.47706
11009,-19.1108
11010,-17.892899
11011,-16.845062
11012,-15.975544
11013,-15.213265
11014,-14.384803
11015,-13.322276
11016,-11.866156
11017,-9.890756
11018,-7.449462
11019,-9.818142
11020,-7.2535377
11021,0.011246636
11022,1.7800342
11023,3.038067
11024,4.007606
11025,4.918386
11026,-175.72258
11027,-130.31296
11028,-79.317856
11029,-31.770407
11030,5.5134373
11031,30.143898
11032,43.39674
11033,48.710503
11034,49.42381
11035,47.261684
11036,43.281548
11037,33.68048
11038,34.514217
11039,31.041527
11040,28.24909
11041,26.0744
11042,24.420399
11043,23.163597
11044,22.159334
11045,21.245916
11046,20.246824
11047,31.45186
11048,54.73844
11049,63.096775
11050,64.83093
11051,64.36068
11052,63.65
11053,63.266693
11054,63.127026
11055,62.92901
11056,62.27698
11057,60.56099
11058,56.995316
11059,51.202038
11060,43.50977
11061,35.137165
11062,27.920513
11063,22.76073
11064,13.279493
11065,12.162529
11066,1.4621289
11067,-17.588419
11068,-47.67725
11069,-86.885864
11070,-129.34802
11071,-165.74283
11072,-190.51736
11073,-184.47154
11074,-169.34265
11075,-149.35594
11076,-137.75839
11077,-125.86113
11078,-130.28839
11079,-141.54817
11080,-153.71765
11081,-160.29343
11082,-155.31412
11083,-138.20561
11084,-115.776306
11085,-95.26116
11086,-82.40142
11087,-81.601875
11088,-94.54801
11089,-118.98239
11090,-151.54608
11091,-187.6683
11092,2.8877385
11093,1.2990125
11094,1.4133514
11095,3.710936
11096,-176.71185
11097,-152.76675
11098,2.7383704
11099,-1.9244254
11100,-5.839151
11101,-8.944675
11102,-16.186724
11103,-12.520502
11104,-12.913515
11105,-12.347296
11106,-10.814894
11107,-8.338207
11108,-5.063958
11109,-1.2701957
11110,2.8187501
11111,-196.2811
11112,-148.66678
11113,-109.89003
11114,-83.3416
11115,-71.59367
11116,-77.85231
11117,-107.58678
11118,-164.98631
11119,-0.08574492
11120,-6.7979364
11121,-16.22047
11122,-11.8722315
11123,-8.858116
11124,-4.0525765
11125,1.1535182
11126,5.765954
11127,-171.27937
11128,-150.32942
11129,-145.86143
11130,-152.64209
11131,-166.36798
11132,-182.97823
11133,-199.95117
11134,3.54736
11135,1.9643738
11136,0.19710541
11137,-1.8176197
11138,-4.044635
11139,-6.3136826
11140,-8.452963
11141,-10.297365
11142,-11.68264
11143,-12.4492655
11144,-12.447122
11145,-11.539936
11146,-9.6080065
11147,-9.139961
11148,-11.707791
11149,-11.23688
11150,-9.749662
11151,-7.501426
11152,-4.715271
11153,-1.5895861
11154,1.6914867
11155,4.9484124
11156,-180.32236
11157,-148.9955
11158,-125.38628
11159,-110.22668
11160,-104.29609
11161,-108.85117
11162,-125.729324
11163,-155.75575
11164,-196.74185
11165,0.65642333
11166,-3.1091628
11167,-6.0317388
11168,-7.75359
11169,-8.152151
11170,-7.1329517
11171,-9.615318
11172,-0.6034204
11173,4.543154
11174,-164.06041
11175,-106.487465
11176,-63.04617
11177,-35.712414
11178,-22.492708
11179,-18.927183
11180,-21.619705
11181,-27.948648
11182,-35.411644
11183,-42.134525
11184,-47.505688
11185,-51.193054
11186,-52.873512
11187,-52.331802
11188,-49.82677
11189,-46.26705
11190,-42.652393
11191,-39.918728
11192,-38.958447
11193,-40.677612
11194,-46.095203
11195,-56.482933
11196,-73.546135
11197,-89.99427
11198,-92.19664
11199,-90.24393
11200,-84.25358
11201,-74.72226
11202,-62.262375
11203,-47.568943
11204,-31.389126
11205,-14.49416
11206,2.3468602
11207,18.243044
11208,31.706074
11209,41.039253
11210,45.507084
11211,44.47901
11212,35.837944
11213,16.302345
11214,-14.42691
11215,-51.31311
11216,-83.29882
11217,-96.58939
11218,-85.09839
11219,-56.53774
11220,-22.074158
11221,9.1936455
11222,32.21234
11223,46.504387
11224,54.28544
11225,57.712936
11226,58.072613
11227,55.383747
11228,48.653233
11229,37.325035
11230,22.386124
11231,6.981682
11232,-4.245749
11233,-8.455843
11234,-7.193835
11235,-3.441362
11236,-0.15078536
11237,0.24267976
11238,-3.044104
11239,-8.452762
11240,-13.75843
11241,-16.444883
11242,-13.923325
11243,-4.1396036
11244,13.447269
11245,36.51682
11246,58.173096
11247,65.3511
11248,65.03742
11249,64.929665
11250,64.96081
11251,64.70108
11252,63.7752
11253,62.249413
11254,60.7216
11255,60.113613
11256,61.16609
11257,63.592903
11258,65.20293
11259,62.746685
11260,54.023785
11261,38.92795
11262,19.68272
11263,-0.02698061
11264,-16.549189
11265,-26.606863
11266,-27.647045
11267,-18.706661
11268,-2.2412646
11269,16.175837
11270,31.899254
11271,42.54518
11272,47.665726
11273,47.920403
11274,44.021553
11275,35.85283
11276,23.021635
11277,5.5272045
11278,-15.874124
11279,-39.563923
11280,-63.022533
11281,-82.99166
11282,-96.11458
11283,-100.89804
11284,-99.00378
11285,-93.09147
11286,-85.8657
11287,-79.69845
11288,-75.83526
11289,-74.07938
11290,-73.97625
11291,-75.10803
11292,-77.07081
11293,-79.45929
11294,-81.85763
11295,-83.837074
11296,-84.95835
11297,-124.43025
11298,-1.7972376
11299,-4.2442875
11300,-0.62881386
11301,-1.2263107
11302,-1.2753503
11303,-0.9948899
11304,-0.5927745
11305,-0.2709586
11306,-0.22983454
11307,-0.64576393
11308,-1.5433228
11309,-2.7315426
11310,-4.0017276
11311,-5.1511974
11312,-6.0021715
11313,-6.522381
11314,-6.873542
11315,-7.2197294
11316,-7.713078
11317,-8.481553
11318,-9.51253
11319,-10.603099
11320,-11.547596
11321,-12.151755
11322,-12.257953
11323,-11.908404
11324,-11.402514
11325,-11.029149
11326,-11.058945
11327,-11.725637
11328,-13.037271
11329,-14.695315
11330,-16.39879
11331,-17.862402
11332,-18.834623
11333,-19.254168
11334,-19.304714
11335,-19.158016
11336,-18.966497
11337,-18.868536
11338,-18.929138
11339,-19.119204
11340,-19.414728
11341,-19.798391
11342,-20.252754
11343,-20.760324
11344,-21.303562
11345,-21.86487
11346,-22.426657
11347,-23.210499
11348,-24.399689
11349,-25.460056
11350,-26.449883
11351,-27.318914
11352,-28.017082
11353,-28.494564
11354,-28.701838
11355,-28.589716
11356,-28.109407
11357,-27.23323
11358,-26.051115
11359,-24.800987
11360,-23.706785
11361,-22.980007
11362,-22.802715
11363,-23.185139
11364,-23.914877
11365,-24.792252
11366,-25.63219
11367,-26.26964
11368,-26.659323
11369,-26.909756
11370,-27.118828
11371,-27.372374
11372,-27.746517
11373,-28.262465
11374,-28.871073
11375,-29.528313
11376,-30.195486
11377,-30.835625
11378,-31.42173
11379,-31.939474
11380,-32.373325
11381,-32.706684
11382,-32.92632
11383,-33.03829
11384,-33.073128
11385,-33.059338
11386,-33.0235
11387,-32.993122
11388,-33.000652
11389,-33.08479
11390,-33.283817
11391,-33.63567
11392,-34.178444
11393,-34.950436
11394,-35.990128
11395,-37.33616
11396,-39.027348
11397,-40.497128
11398,-41.031002
11399,-41.532024
11400,-41.93478
11401,-42.327305
11402,-42.79748
11403,-43.43315
11404,-44.32226
11405,-45.552967
11406,-47.213684
11407,-49.351868
11408,-51.77956
11409,-54.01071
11410,-55.589535
11411,-56.087494
11412,-55.160748
11413,-52.93315
11414,-50.11008
11415,-52.326057
11416,-45.160244
11417,-44.11882
11418,-44.30521
11419,-45.316986
11420,-46.804688
11421,-48.458817
11422,-49.984684
11423,-51.184124
11424,-51.981747
11425,-52.28995
11426,-52.01111
11427,-51.080177
11428,-49.615097
11429,-47.96206
11430,-46.44023
11431,-45.34795
11432,-44.95169
11433,-45.33678
11434,-46.36019
11435,-47.90285
11436,-49.8642
11437,-52.136044
11438,-54.571365
11439,-56.974724
11440,-59.155834
11441,-60.929073
11442,-62.109524
11443,-62.512882
11444,-61.955482
11445,-60.254517
11446,-57.228622
11447,-56.10797
11448,-59.626225
11449,-60.811306
11450,-66.57066
11451,-61.96922
11452,-62.071213
11453,-61.940018
11454,-61.638268
11455,-61.228134
11456,-60.77178
11457,-60.323677
11458,-59.894558
11459,-59.440384
11460,-58.923866
11461,-58.31287
11462,-57.578342
11463,-56.70732
11464,-55.706867
11465,-54.581924
11466,-53.335876
11467,-51.99043
11468,-50.670727
11469,-49.631153
11470,-49.111374
11471,-49.340576
11472,-50.494896
11473,-52.440403
11474,-54.64988
11475,-56.635292
11476,-57.94201
11477,-58.18089
11478,-57.328182
11479,-55.815865
11480,-54.022568
11481,-52.285206
11482,-50.904495
11483,-49.98183
11484,-49.369923
11485,-48.949955
11486,-48.624607
11487,-48.304596
11488,-47.947598
11489,-47.570347
11490,-47.18311
11491,-46.79099
11492,-46.39907
11493,-46.012405
11494,-45.636
11495,-45.274845
11496,-44.93389
11497,-47.076527
11498,-57.679996
11499,-59.900383
11500,-56.04193
11501,-56.3793
11502,-56.181767
11503,-55.715973
11504,-55.24709
11505,-55.039635
11506,-55.35814
11507,-56.412308
11508,-58.096794
11509,-59.90921
11510,-61.390152
11511,-62.11489
11512,-61.7317
11513,-60.2979
11514,-58.380665
11515,-56.485897
11516,-55.072803
11517,-54.541725
11518,-54.96181
11519,-55.98696
11520,-57.317497
11521,-58.688786
11522,-59.867218
11523,-60.799297
11524,-61.657692
11525,-62.589485
11526,-63.721867
11527,-65.15291
11528,-66.81493
11529,-68.43259
11530,-69.75442
11531,-70.54761
11532,-70.62179
11533,-70.02649
11534,-69.110435
11535,-68.186325
11536,-67.53987
11537,-67.420135
11538,-67.86848
11539,-68.666435
11540,-69.626236
11541,-70.58298
11542,-71.371666
11543,-76.82732
11544,-71.784744
11545,-71.077385
11546,-69.53591
11547,-67.913414
11548,-67.59871
11549,-67.8561
11550,-68.54278
11551,-69.51291
11552,-70.62176
11553,-71.72588
11554,-72.683205
11555,-73.35299
11556,-73.59574
11557,-73.289825
11558,-72.40945
11559,-71.04814
11560,-69.285774
11561,-67.19205
11562,-64.845604
11563,-62.373947
11564,-59.965324
11565,-57.80034
11566,-56.053905
11567,-54.874275
11568,-54.25832
11569,-54.013493
11570,-53.968845
11571,-53.96953
11572,-53.874756
11573,-53.62623
11574,-53.26924
11575,-52.837204
11576,-52.354263
11577,-51.840626
11578,-51.295326
11579,-50.690895
11580,-50.00264
11581,-49.20799
11582,-48.29671
11583,-47.329536
11584,-46.456024
11585,-45.815647
11586,-45.540134
11587,-45.738262
11588,-46.386703
11589,-47.295166
11590,-48.29
11591,-49.21115
11592,-49.89837
11593,-50.191547
11594,-49.931026
11595,-48.957863
11596,-47.114296
11597,-45.513126
11598,-45.15253
11599,-43.57833
11600,-41.64671
11601,-39.513783
11602,-37.33457
11603,-35.263176
11604,-33.45296
11605,-32.05708
11606,-31.229357
11607,-31.102736
11608,-31.68347
11609,-32.814724
11610,-34.35195
11611,-36.16159
11612,-38.10768
11613,-40.048206
11614,-41.8343
11615,-43.318165
11616,-44.35334
11617,-44.820282
11618,-44.748554
11619,-44.35482
11620,-43.83567
11621,-43.37105
11622,-43.11303
11623,-43.05734
11624,-43.002842
11625,-42.768658
11626,-42.19074
11627,-41.149
11628,-39.770893
11629,-38.493465
11630,-37.71994
11631,-37.828106
11632,-39.128517
11633,-41.528942
11634,-49.417355
11635,-52.222145
11636,-49.412468
11637,-50.524002
11638,-50.458813
11639,-49.576366
11640,-48.18602
11641,-46.555607
11642,-44.95127
11643,-43.638084
11644,-42.880913
11645,-42.9458
11646,-44.101494
11647,-45.192455
11648,-44.890842
11649,-45.573074
11650,-46.562164
11651,-47.78472
11652,-49.166965
11653,-50.6349
11654,-52.11441
11655,-53.531418
11656,-54.81192
11657,-55.887226
11658,-56.718338
11659,-57.303482
11660,-57.636803
11661,-57.709213
11662,-57.524994
11663,-57.1643
11664,-56.802208
11665,-56.602787
11666,-56.72179
11667,-57.285088
11668,-58.24765
11669,-59.34966
11670,-60.355133
11671,-61.046764
11672,-61.24249
11673,-60.959736
11674,-60.46529
11675,-59.996704
11676,-59.76933
11677,-59.959496
11678,-60.5218
11679,-61.13287
11680,-61.501022
11681,-61.359074
11682,-60.492714
11683,-58.986034
11684,-57.295277
11685,-55.83198
11686,-54.974148
11687,-55.050453
11688,-56.107796
11689,-57.838535
11690,-59.973774
11691,-62.274235
11692,-64.50007
11693,-66.41153
11694,-67.76939
11695,-68.33505
11696,-67.87056
11697,-68.21468
11698,-71.15452
11699,-72.78453
11700,-74.13334
11701,-75.22088
11702,-76.06699
11703,-76.69146
11704,-77.11402
11705,-77.35441
11706,-77.432304
11707,-77.37636
11708,-77.266
11709,-77.24409
11710,-77.44583
11711,-78.00083
11712,-79.00347
11713,-80.348175
11714,-81.67944
11715,-82.671776
11716,-83.022156
11717,-82.484955
11718,-81.14026
11719,-79.47467
11720,-77.92542
11721,-76.89315
11722,-76.71765
11723,-77.39376
11724,-78.48542
11725,-79.60827
11726,-80.41626
11727,-80.61605
11728,-80.21326
11729,-79.58673
11730,-79.07018
11731,-78.96376
11732,-79.51578
11733,-80.67925
11734,-82.0383
11735,-83.22143
11736,-83.8901
11737,-83.75823
11738,-82.83675
11739,-81.50738
11740,-80.106964
11741,-78.939
11742,-78.306885
11743,-78.51405
11744,-79.864265
11745,-82.66155
11746,-92.209885
11747,-95.22097
11748,-88.31459
11749,-87.91596
11750,-87.490395
11751,-87.081795
11752,-86.73407
11753,-86.49112
11754,-86.396866
11755,-86.49519
11756,-86.83004
11757,-87.43223
11758,-88.25841
11759,-89.17263
11760,-90.05013
11761,-90.774475
11762,-91.243065
11763,-91.43175
11764,-91.41436
11765,-91.25285
11766,-91.00043
11767,-90.70825
11768,-90.41577
11769,-90.14791
11770,-89.931305
11771,-89.79394
11772,-89.75664
11773,-89.79968
11774,-89.85279
11775,-89.85176
11776,-89.73694
11777,-89.46175
11778,-89.05374
11779,-88.633156
11780,-88.309
11781,-88.181984
11782,-88.33384
11783,-88.73854
11784,-89.23556
11785,-89.68061
11786,-89.94154
11787,-89.903984
11788,-89.55536
11789,-89.00996
11790,-88.366745
11791,-87.71333
11792,-87.13732
11793,-86.7263
11794,-91.56788
11795,-86.749504
11796,-87.357895
11797,-87.88637
11798,-87.79827
11799,-88.11641
11800,-88.50269
11801,-88.90063
11802,-89.25408
11803,-89.507545
11804,-89.60638
11805,-89.496765
11806,-89.12575
11807,-88.46678
11808,-87.63969
11809,-91.946785
11810,-86.668846
11811,-92.07042
11812,-88.36032
11813,-90.432846
11814,-92.78963
11815,-94.979065
11816,-96.58484
11817,-97.2352
11818,-96.80916
11819,-95.49871
11820,-93.45902
11821,-90.81829
11822,-92.72173
11823,-89.406105
11824,-86.22202
11825,-83.50641
11826,-76.58579
11827,-75.7221
11828,-75.81047
11829,-76.28805
11830,-76.64699
11831,-76.420166
11832,-75.21108
11833,-73.024864
11834,-70.36764
11835,-72.68427
11836,-65.37385
11837,-63.78589
11838,-62.993843
11839,-62.726852
11840,-62.75511
11841,-62.87882
11842,-62.89759
11843,-62.61077
11844,-61.817654
11845,-60.31778
11846,-57.91139
11847,-56.318092
11848,-57.288612
11849,-57.38461
11850,-57.53134
11851,-57.77704
11852,-58.16982
11853,-58.75774
11854,-59.58879
11855,-60.71094
11856,-62.172062
11857,-63.994907
11858,-66.058945
11859,-68.06394
11860,-69.7302
11861,-75.79413
11862,-71.03036
11863,-70.428276
11864,-69.24492
11865,-67.70437
11866,-66.00607
11867,-64.33254
11868,-62.772064
11869,-61.295563
11870,-59.8884
11871,-58.546688
11872,-57.26842
11873,-56.060406
11874,-54.94039
11875,-53.92511
11876,-53.03053
11877,-52.270073
11878,-51.64164
11879,-51.123672
11880,-50.696877
11881,-50.34378
11882,-50.044254
11883,-49.763214
11884,-49.44675
11885,-49.043026
11886,-48.501877
11887,-47.78306
11888,-46.90237
11889,-45.9458
11890,-44.99151
11891,-44.11144
11892,-43.377476
11893,-42.86147
11894,-42.635303
11895,-42.770973
11896,-43.34082
11897,-44.17492
11898,-44.53699
11899,-44.011314
11900,-43.014755
11901,-41.69934
11902,-40.216034
11903,-38.71497
11904,-37.3457
11905,-36.25751
11906,-35.599964
11907,-35.505802
11908,-36.008022
11909,-37.01238
11910,-38.435875
11911,-40.20503
11912,-42.23908
11913,-44.41971
11914,-46.58139
11915,-48.56299
11916,-50.20778
11917,-51.37737
11918,-52.034447
11919,-52.26836
11920,-52.154724
11921,-51.757923
11922,-51.153416
11923,-50.481014
11924,-49.961254
11925,-49.805546
11926,-50.218666
11927,-51.357216
11928,-53.098755
11929,-54.967842
11930,-56.52527
11931,-57.362312
11932,-57.136562
11933,-55.875847
11934,-54.069553
11935,-52.152485
11936,-55.517067
11937,-49.513237
11938,-49.255287
11939,-49.56215
11940,-50.28466
11941,-51.297775
11942,-52.47552
11943,-53.691597
11944,-54.81988
11945,-55.7348
11946,-56.311504
11947,-56.491993
11948,-56.321674
11949,-55.834126
11950,-55.1426
11951,-54.333225
11952,-53.49225
11953,-52.706066
11954,-52.061256
11955,-51.64457
11956,-51.54303
11957,-51.824276
11958,-52.443996
11959,-53.216908
11960,-53.97283
11961,-54.553608
11962,-54.819187
11963,-54.73238
11964,-54.38486
11965,-53.853783
11966,-53.20486
11967,-52.507996
11968,-51.85775
11969,-51.37965
11970,-51.19572
11971,-51.425438
11972,-52.15233
11973,-53.25352
11974,-54.34588
11975,-55.073837
11976,-55.10453
11977,-54.16967
11978,-52.36271
11979,-50.22767
11980,-48.25434
11981,-46.89091
11982,-46.5214
11983,-47.166695
11984,-48.389496
11985,-49.799595
11986,-51.043888
11987,-56.809853
11988,-52.019913
11989,-51.890762
11990,-51.604958
11991,-51.317295
11992,-51.18151
11993,-51.35135
11994,-51.98134
11995,-53.227352
11996,-55.246883
11997,-56.77422
11998,-56.463856
11999,-56.79459
12000,-57.097244
12001,-57.32878
12002,-57.446724
12003,-57.40903
12004,-57.17407
12005,-56.700527
12006,-55.94738
12007,-54.883186
12008,-53.5298
12009,-51.975494
12010,-50.300766
12011,-48.580036
12012,-46.89103
12013,-45.331173
12014,-44.022667
12015,-43.084854
12016,-42.63516
12017,-42.766144
12018,-43.426525
12019,-44.382675
12020,-45.41787
12021,-46.329784
12022,-46.940178
12023,-47.209583
12024,-47.273113
12025,-47.247734
12026,-47.235367
12027,-47.321518
12028,-47.498226
12029,-47.63996
12030,-47.633717
12031,-47.376698
12032,-46.784416
12033,-45.875683
12034,-44.798626
12035,-43.686974
12036,-42.66295
12037,-41.834915
12038,-41.233658
12039,-40.792473
12040,-40.45484
12041,-40.17238
12042,-39.89656
12043,-39.57878
12044,-39.170364
12045,-38.62263
12046,-37.886974
12047,-36.931854
12048,-35.781563
12049,-34.514305
12050,-33.22311
12051,-31.989553
12052,-30.895008
12053,-30.020811
12054,-29.44856
12055,-34.26035
12056,-29.539062
12057,-30.343761
12058,-31.59336
12059,-33.025906
12060,-39.390903
12061,-35.45111
12062,-36.001904
12063,-36.024235
12064,-35.733868
12065,-35.323875
12066,-34.96731
12067,-34.818726
12068,-34.926075
12069,-35.202267
12070,-35.573902
12071,-35.979706
12072,-36.359215
12073,-36.65206
12074,-36.797684
12075,-36.736412
12076,-36.409428
12077,-40.768707
12078,-34.82439
12079,-33.65938
12080,-32.348907
12081,-35.961357
12082,-29.56536
12083,-28.233362
12084,-27.041647
12085,-26.063309
12086,-25.370224
12087,-25.018892
12088,-24.97464
12089,-25.08575
12090,-25.210115
12091,-25.215733
12092,-24.972067
12093,-24.35053
12094,-23.224949
12095,-21.472239
12096,-18.97361
12097,-17.545162
12098,-18.490145
12099,-17.521715
12100,-15.894804
12101,-13.786979
12102,-11.370895
12103,-13.814622
12104,-11.281647
12105,-3.9310653
12106,-1.9187435
12107,-0.3796897
12108,0.6629567
12109,1.333528
12110,1.7592194
12111,2.0633843
12112,2.3587358
12113,-2.3210628
12114,2.9481533
12115,3.0842433
12116,3.0096252
12117,2.6636527
12118,2.0891416
12119,-3.524099
12120,1.0283934
12121,0.9451176
12122,1.3938658
12123,2.3819263
12124,3.7069798
12125,5.1639867
12126,-158.18837
12127,-119.85879
12128,-93.861694
12129,-78.21828
12130,-71.077415
12131,-71.358604
12132,-78.31341
12133,-89.78378
12134,-100.61643
12135,-104.34884
12136,-94.57266
12137,-67.5219
12138,-27.239569
12139,14.45375
12140,41.619522
12141,57.912033
12142,57.642414
12143,50.56995
12144,35.41041
12145,27.05866
12146,32.533623
12147,35.072136
12148,13.656267
12149,1.8919929
12150,0.4639402
12151,7.373889
12152,19.095999
12153,32.011284
12154,43.336563
12155,51.55428
12156,56.345436
12157,58.15383
12158,57.832737
12159,56.612034
12160,50.93823
12161,57.40493
12162,61.414948
12163,65.00886
12164,63.649246
12165,56.120907
12166,40.90122
12167,39.39397
12168,40.5494
12169,47.186325
12170,55.064823
12171,60.98379
12172,63.94803
12173,64.84965
12174,64.809654
12175,64.269775
12176,63.13437
12177,60.85528
12178,56.716675
12179,50.63389
12180,43.40753
12181,36.680897
12182,32.460567
12183,31.570246
12184,32.676517
12185,33.91513
12186,33.512634
12187,29.77241
12188,21.606647
12189,9.368407
12190,-5.7396884
12191,-21.592188
12192,-35.095222
12193,-42.53673
12194,-40.32126
12195,-26.085379
12196,-0.18861194
12197,4.3692174
12198,-19.086962
12199,-26.32751
12200,-15.46296
12201,6.068981
12202,29.703743
12203,48.7908
12204,60.2117
12205,64.595436
12206,65.13399
12207,64.99835
12208,64.05216
12209,58.818478
12210,41.3774
12211,27.41584
12212,6.889165
12213,-8.848321
12214,-16.082207
12215,-13.368356
12216,-1.1499574
12217,17.967386
12218,38.627365
12219,54.651134
12220,63.147324
12221,65.235
12222,64.61609
12223,64.43579
12224,64.87082
12225,64.48994
12226,62.26325
12227,58.52737
12228,54.532
12229,51.154602
12230,48.83334
12231,47.731297
12232,47.809856
12233,48.906063
12234,50.791782
12235,53.197086
12236,55.83935
12237,58.453003
12238,60.81759
12239,62.76569
12240,64.16989
12241,64.944954
12242,65.05166
12243,64.49855
12244,63.341427
12245,61.680676
12246,59.65641
12247,54.211567
12248,39.181244
12249,26.046673
12250,18.080614
12251,15.929829
12252,18.722698
12253,24.83003
12254,32.44821
12255,40.00467
12256,46.38524
12257,51.059296
12258,54.248123
12259,56.70446
12260,59.013187
12261,61.428658
12262,63.694653
12263,64.854034
12264,63.891758
12265,60.700577
12266,56.274345
12267,52.397
12268,50.72554
12269,51.862644
12270,55.458645
12271,60.308758
12272,64.34633
12273,64.8526
12274,59.642372
12275,48.3571
12276,32.787933
12277,16.348871
12278,-3.4565148
12279,-12.778166
12280,-29.976421
12281,-55.011944
12282,-94.470535
12283,-153.2919
12284,4.032808
12285,1.8834908
12286,0.14732401
12287,-0.91422683
12288,-1.2358565
12289,-1.0090787
12290,-0.43338716
12291,0.31140417
12292,1.0511669
12293,1.6146127
12294,1.829905
12295,-3.4794164
12296,-4.498529
12297,-1.9450458
12298,-10.568527
12299,-7.6201634
12300,-8.752452
12301,-9.135868
12302,-8.924854
12303,-13.265022
12304,-7.2966266
12305,-6.156233
12306,-4.977605
12307,-3.889892
12308,-3.0057337
12309,-2.417927
12310,-2.2218974
12311,-2.5180633
12312,-3.3802836
12313,-4.7025285
12314,-11.123842
12315,-7.2657948
12316,-7.7641425
12317,-7.317573
12318,-5.940816
12319,-4.0475664
12320,-2.03193
12321,-0.24874194
12322,0.9920019
12323,1.5920501
12324,1.7335397
12325,1.6100875
12326,1.409445
12327,1.3069863
12328,1.3787903
12329,1.5628942
12330,1.7892623
12331,1.9942968
12332,2.121701
12333,2.156187
12334,2.1387813
12335,2.1144822
12336,2.1262794
12337,2.2134955
12338,2.3934631
12339,2.6534038
12340,2.9787583
12341,3.356414
12342,3.7734861
12343,4.2172837
12344,4.6753035
12345,-202.68256
12346,-186.66559
12347,-179.27438
12348,-183.68835
12349,-177.43048
12350,-163.96025
12351,-146.74117
12352,-128.97473
12353,-118.42071
12354,-102.40654
12355,-98.02424
12356,-102.51447
12357,-118.37546
12358,-146.43642
12359,-183.45749
12360,4.3170576
12361,-1.6108958
12362,2.861025
12363,2.8027654
12364,3.1317825
12365,3.7554288
12366,4.590134
12367,-190.29767
12368,-154.90419
12369,-120.26054
12370,-87.540245
12371,-57.67135
12372,-31.32898
12373,-8.984743
12374,9.100425
12375,22.974583
12376,32.938396
12377,39.472584
12378,43.311275
12379,45.37105
12380,46.375122
12381,46.888542
12382,47.380566
12383,48.101448
12384,49.002205
12385,49.97465
12386,50.922417
12387,51.743923
12388,52.245007
12389,52.080868
12390,50.81975
12391,47.84471
12392,42.155174
12393,32.10543
12394,15.080192
12395,-12.892535
12396,-57.591763
12397,-92.94396
12398,-78.10651
12399,-70.706024
12400,-69.329506
12401,-73.2057
12402,-81.85643
12403,-94.973724
12404,-112.31393
12405,-133.60948
12406,-158.49605
12407,-186.19261
12408,4.636466
12409,4.0696473
12410,3.8886719
12411,-0.7447692
12412,-199.87402
12413,-147.77905
12414,-93.100334
12415,-48.17759
12416,-19.31641
12417,-8.3015175
12418,-13.661109
12419,-31.10719
12420,-55.447502
12421,-78.83873
12422,-91.33777
12423,-87.7034
12424,-72.26135
12425,-51.816174
12426,-32.27878
12427,-17.715597
12428,-9.514887
12429,-6.836143
12430,-8.917864
12431,-15.472053
12432,-26.516085
12433,-42.12533
12434,-62.184174
12435,-86.351166
12436,-113.98446
12437,-144.15413
12438,-176.07529
12439,4.7350235
12440,3.7886112
12441,2.8556406
12442,1.9327711
12443,1.016738
12444,0.10431724
12445,-0.8076331
12446,-1.7221837
12447,-1.5636841
12448,0.14144646
12449,0.44304964
12450,0.1321904
12451,-0.6040004
12452,-1.5654436
12453,-2.5436256
12454,-3.3269072
12455,-3.7051418
12456,-3.473336
12457,-2.4765794
12458,-0.8086759
12459,1.1240542
12460,2.9304593
12461,4.2486477
12462,4.7624745
12463,-0.57334197
12464,3.593855
12465,2.6752098
12466,2.085697
12467,2.1811855
12468,2.9745579
12469,4.029224
12470,4.8987594
12471,-201.10858
12472,4.437601
12473,2.6401484
12474,0.16296594
12475,-7.5086694
12476,-4.88706
12477,-6.5426707
12478,-7.351452
12479,-7.587833
12480,-7.529423
12481,-7.423487
12482,-7.4880486
12483,-7.798765
12484,-8.243627
12485,-8.710043
12486,-9.09566
12487,-14.309944
12488,-9.330859
12489,-9.226155
12490,-9.061355
12491,-8.895075
12492,-8.785184
12493,-8.789466
12494,-8.9662
12495,-9.374541
12496,-10.07487
12497,-8.845419
12498,-9.467166
12499,-2.5932977
12500,-1.6657145
12501,-1.5087578
12502,-1.9365153
12503,-2.7494009
12504,-3.73612
12505,-4.678499
12506,-5.3566566
12507,-5.5840745
12508,-5.358043
12509,-4.9164333
12510,-4.495738
12511,-4.3163342
12512,-4.5694757
12513,-5.2742887
12514,-6.213307
12515,-7.1592937
12516,-7.894845
12517,-8.229172
12518,-8.122924
12519,-7.734919
12520,-7.2212543
12521,-6.7238884
12522,-6.3704605
12523,-6.213652
12524,-6.207371
12525,-6.3056417
12526,-6.467781
12527,-6.6533184
12528,-6.8250546
12529,-6.9503202
12530,-6.9965053
12531,-6.930836
12532,-6.7290306
12533,-6.415009
12534,-6.0759983
12535,-5.798638
12536,-5.6657662
12537,-5.750933
12538,-6.071633
12539,-6.5696583
12540,-7.185378
12541,-7.862593
12542,-8.544665
12543,-9.174764
12544,-9.696151
12545,-10.052403
12546,-10.187581
12547,-9.162279
12548,-6.7911777
12549,-5.8498387
12550,-5.5133133
12551,-5.6541624
12552,-6.1389313
12553,-6.828616
12554,-7.5802665
12555,-8.249042
12556,-8.690068
12557,-8.782381
12558,-8.536558
12559,-13.134437
12560,-7.754332
12561,-7.5627723
12562,-7.7019715
12563,-8.173739
12564,-8.791246
12565,-9.365493
12566,-9.717535
12567,-9.69622
12568,-9.305554
12569,-8.750881
12570,-8.232213
12571,-7.935737
12572,-8.021765
12573,-8.49774
12574,-9.16527
12575,-9.823901
12576,-10.283675
12577,-10.382652
12578,-10.117784
12579,-9.692633
12580,-9.305097
12581,-9.138756
12582,-9.350176
12583,-14.937239
12584,-10.684626
12585,-11.375277
12586,-11.801925
12587,-11.783842
12588,-11.297107
12589,-10.5211735
12590,-9.628196
12591,-8.775276
12592,-8.119043
12593,-7.8174953
12594,-8.032184
12595,-8.930442
12596,-10.686916
12597,-12.86627
12598,-14.27149
12599,-14.860597
12600,-14.862329
12601,-14.390309
12602,-13.55444
12603,-12.462038
12604,-11.218441
12605,-9.927391
12606,-13.691391
12607,-7.6037054
12608,-6.708818
12609,-5.987943
12610,-5.423171
12611,-4.999978
12612,-4.701194
12613,-4.495803
12614,-4.3343844
12615,-4.167404
12616,-3.9465394
12617,-3.6300068
12618,-3.2123277
12619,-2.7359774
12620,-2.2440357
12621,-1.7769356
12622,-1.373923
12623,-1.0675398
12624,-0.88139164
12625,-0.83910465
12626,-0.96505505
12627,-1.2756114
12628,-1.7385608
12629,-2.254584
12630,-2.7202983
12631,-3.0351815
12632,-3.11591
12633,-2.9761457
12634,-2.7584596
12635,-2.6073048
12636,-2.6599813
12637,-3.0357854
12638,-3.7441742
12639,-4.6425853
12640,-5.580484
12641,-6.4132366
12642,-6.9964957
12643,-7.1877093
12644,-6.847358
12645,-5.8403296
12646,-9.03835
12647,-2.6966243
12648,-3.183032
12649,-3.1945846
12650,-3.1181967
12651,-2.938921
12652,-2.6419456
12653,-2.2130108
12654,-1.6385998
12655,-0.90608436
12656,-0.0037946105
12657,1.0720507
12658,2.2849069
12659,3.5458992
12660,4.765793
12661,-180.71764
12662,-150.00098
12663,-130.22981
12664,-122.55339
12665,-128.77989
12666,-152.23889
12667,-197.97562
12668,3.0175738
12669,0.7883856
12670,-1.323001
12671,-2.9710422
12672,-3.8612332
12673,-3.9406648
12674,-3.4695368
12675,-2.7092555
12676,-1.8955286
12677,-1.2342823
12678,-5.791213
12679,-0.44710067
12680,-0.0774611
12681,0.4339819
12682,1.1850519
12683,2.1671162
12684,3.2310967
12685,4.225195
12686,5.005437
12687,-191.9099
12688,-188.18475
12689,-195.68643
12690,4.754238
12691,4.154812
12692,3.5262585
12693,2.9639275
12694,2.5628152
12695,2.4165857
12696,2.616646
12697,3.083155
12698,3.6061063
12699,4.286754
12700,5.0427957
12701,-180.33234
12702,-155.50363
12703,-134.9082
12704,-119.91722
12705,-111.74933
12706,-111.742455
12707,-121.39528
12708,-141.03864
12709,-168.4159
12710,-200.05751
12711,4.1495876
12712,3.4957354
12713,3.1044042
12714,2.9392772
12715,2.9555683
12716,3.1127837
12717,3.3692515
12718,3.6720488
12719,3.9523747
12720,4.140451
12721,4.1667595
12722,3.9732804
12723,3.5744865
12724,3.0884
12725,2.6443982
12726,2.3688362
12727,2.3676503
12728,2.6328855
12729,3.0031798
12730,3.3092945
12731,3.3891659
12732,3.0973353
12733,2.395103
12734,1.3981644
12735,0.2398179
12736,-0.94879484
12737,-2.0445206
12738,-2.9783893
12739,-3.7564602
12740,-4.3892317
12741,-4.8836837
12742,-5.2465973
12743,-5.4846168
12744,-5.604265
12745,-5.6119876
12746,-5.5141325
12747,-6.378294
12748,-8.774056
12749,-9.854141
12750,-10.363733
12751,-10.455255
12752,-10.274379
12753,-9.962682
12754,-9.65932
12755,-9.502365
12756,-9.630176
12757,-10.155767
12758,-11.038418
12759,-12.030013
12760,-12.881097
12761,-13.354453
12762,-13.254468
12763,-12.611803
12764,-11.746597
12765,-10.964535
12766,-10.549123
12767,-10.754497
12768,-11.659159
12769,-13.1046505
12770,-14.932159
12771,-16.992918
12772,-19.13676
12773,-26.220243
12774,-23.110258
12775,-24.67438
12776,-25.780554
12777,-26.322193
12778,-26.333101
12779,-26.02544
12780,-25.597197
12781,-25.231237
12782,-25.089544
12783,-25.217527
12784,-25.511372
12785,-25.878084
12786,-26.236063
12787,-26.51154
12788,-26.675694
12789,-26.757193
12790,-26.780725
12791,-26.766653
12792,-26.735363
12793,-26.707308
12794,-26.70295
12795,-26.742805
12796,-26.847403
12797,-27.51792
12798,-28.676285
12799,-28.53863
12800,-27.825558
12801,-26.69753
12802,-25.312222
12803,-23.825209
12804,-22.390491
12805,-21.16109
12806,-20.28996
12807,-19.908588
12808,-20.021437
12809,-20.467873
12810,-21.095629
12811,-21.762575
12812,-22.33569
12813,-22.739967
12814,-22.975876
12815,-23.039707
12816,-22.922247
12817,-22.626434
12818,-22.224491
12819,-21.877096
12820,-21.73866
12821,-21.957355
12822,-22.662132
12823,-23.865135
12824,-25.425385
12825,-27.208855
12826,-29.091314
12827,-30.951647
12828,-32.69011
12829,-34.234783
12830,-35.512398
12831,-36.44801
12832,-36.992638
12833,-37.243084
12834,-37.48034
12835,-37.967815
12836,-38.953903
12837,-40.64492
12838,-43.000717
12839,-45.66532
12840,-53.309383
12841,-50.629253
12842,-52.322655
12843,-53.089367
12844,-52.63142
12845,-50.65368
12846,-51.86566
12847,-48.608223
12848,-43.87606
12849,-43.936775
12850,-44.421223
12851,-45.211235
12852,-46.187798
12853,-47.231293
12854,-48.22181
12855,-49.03938
12856,-49.56422
12857,-49.695713
12858,-49.440964
12859,-48.94205
12860,-48.326157
12861,-47.708466
12862,-47.20256
12863,-46.91378
12864,-46.937298
12865,-47.36974
12866,-48.30907
12867,-49.810856
12868,-51.686165
12869,-53.43669
12870,-54.59565
12871,-54.72405
12872,-53.47685
12873,-51.0302
12874,-53.207966
12875,-45.754555
12876,-44.353577
12877,-44.57994
12878,-46.386696
12879,-48.934826
12880,-51.458427
12881,-53.253807
12882,-53.7113
12883,-52.749622
12884,-50.946323
12885,-48.80344
12886,-46.762333
12887,-45.217964
12888,-44.31493
12889,-43.885807
12890,-43.79801
12891,-43.945503
12892,-44.221737
12893,-44.519794
12894,-44.73261
12895,-44.753162
12896,-44.474648
12897,-45.278637
12898,-48.007874
12899,-49.09225
12900,-49.72238
12901,-50.053604
12902,-50.240086
12903,-50.43535
12904,-50.792637
12905,-51.46524
12906,-52.606754
12907,-54.332535
12908,-56.537437
12909,-58.837875
12910,-60.879597
12911,-62.332783
12912,-62.91935
12913,-62.65007
12914,-61.89614
12915,-60.986217
12916,-60.216274
12917,-59.845463
12918,-59.92567
12919,-60.24942
12920,-60.639206
12921,-60.940224
12922,-61.01969
12923,-60.8707
12924,-60.643864
12925,-60.471474
12926,-60.471886
12927,-60.74391
12928,-61.275314
12929,-61.9147
12930,-62.526558
12931,-62.98763
12932,-63.193817
12933,-63.150208
12934,-62.998363
12935,-62.863853
12936,-62.860107
12937,-63.08531
12938,-63.550983
12939,-64.16003
12940,-64.82802
12941,-65.48
12942,-66.04108
12943,-66.43627
12944,-66.59073
12945,-66.42962
12946,-65.878204
12947,-65.71679
12948,-66.81266
12949,-67.72181
12950,-68.70855
12951,-69.717064
12952,-70.6915
12953,-71.57604
12954,-72.3149
12955,-72.8523
12956,-73.1325
12957,-73.11421
12958,-72.83825
12959,-72.447845
12960,-72.0739
12961,-71.83816
12962,-71.8477
12963,-72.126686
12964,-77.595474
12965,-73.18667
12966,-73.840836
12967,-74.4902
12968,-75.0326
12969,-75.32496
12970,-75.22898
12971,-74.61059
12972,-73.374954
12973,-71.64467
12974,-69.81321
12975,-68.24237
12976,-67.2707
12977,-67.18511
12978,-67.97412
12979,-69.25219
12980,-70.67831
12981,-71.94467
12982,-72.78271
12983,-73.14539
12984,-73.26219
12985,-73.329765
12986,-73.52011
12987,-73.97673
12988,-74.68085
12989,-75.41095
12990,-75.96966
12991,-76.177574
12992,-80.85528
12993,-74.82315
12994,-72.900826
12995,-79.90627
12996,-70.65671
12997,-67.214554
12998,-61.56819
12999,-59.560814
13000,-57.379086
13001,-55.115677
13002,-52.86398
13003,-50.718132
13004,-48.773018
13005,-47.12427
13006,-45.868336
13007,-45.09151
13008,-44.817978
13009,-44.99349
13010,-45.572613
13011,-46.51669
13012,-47.76421
13013,-49.12437
13014,-50.243126
13015,-50.783188
13016,-50.4223
13017,-48.905663
13018,-46.352062
13019,-48.344437
13020,-45.40902
13021,-43.026966
13022,-36.610634
13023,-36.195683
13024,-36.343975
13025,-36.663403
13026,-36.79794
13027,-36.431328
13028,-35.483753
13029,-34.173782
13030,-32.69055
13031,-31.197113
13032,-29.838972
13033,-28.667278
13034,-27.614769
13035,-26.625164
13036,-25.651642
13037,-24.653633
13038,-23.626638
13039,-22.611893
13040,-21.646734
13041,-25.764591
13042,-19.998552
13043,-19.381239
13044,-18.944382
13045,-18.719065
13046,-18.73629
13047,-19.356022
13048,-20.509563
13049,-25.894794
13050,-20.938736
13051,-25.706013
13052,-20.26022
13053,-19.663898
13054,-18.97854
13055,-18.26492
13056,-17.58368
13057,-21.988947
13058,-16.496155
13059,-16.070082
13060,-15.676731
13061,-15.284223
13062,-14.865061
13063,-14.419284
13064,-13.982936
13065,-13.591845
13066,-13.280869
13067,-13.076619
13068,-12.951374
13069,-12.805802
13070,-12.543831
13071,-12.07517
13072,-11.318818
13073,-10.240748
13074,-8.86697
13075,-7.2217903
13076,-5.3257732
13077,-8.21333
13078,-0.99587744
13079,1.1193957
13080,2.93366
13081,4.2559123
13082,4.9214053
13083,4.9397984
13084,4.5748825
13085,4.1250005
13086,3.890151
13087,4.1378193
13088,4.941574
13089,-171.75595
13090,-128.67758
13091,-89.17348
13092,-58.062565
13093,-38.093624
13094,-31.110888
13095,-40.076252
13096,-71.94591
13097,-100.01378
13098,-77.8103
13099,-63.585766
13100,-54.51924
13101,-48.568745
13102,-44.000587
13103,-39.251884
13104,-32.898483
13105,-23.727705
13106,-10.918288
13107,5.4126306
13108,22.958492
13109,37.912064
13110,48.1004
13111,53.23528
13112,53.699577
13113,49.421272
13114,40.241943
13115,26.886532
13116,12.20132
13117,0.91859716
13118,-3.6593847
13119,-2.587151
13120,1.4875628
13121,5.8655453
13122,8.306831
13123,7.7561593
13124,4.577721
13125,-0.64101243
13126,-7.2993245
13127,-14.7572975
13128,-22.666021
13129,-31.281605
13130,-41.064713
13131,-52.55998
13132,-66.16615
13133,-80.76882
13134,-92.516136
13135,-96.50451
13136,-88.06141
13137,-64.6884
13138,-29.889729
13139,6.949828
13140,37.373535
13141,56.631382
13142,64.27824
13143,63.700397
13144,60.56333
13145,60.18006
13146,63.809086
13147,65.16308
13148,64.43866
13149,63.552933
13150,62.550358
13151,61.481155
13152,60.304947
13153,58.90901
13154,57.109955
13155,54.638638
13156,51.108093
13157,45.985977
13158,38.67288
13159,28.653652
13160,15.45185
13161,-1.3729178
13162,-22.187126
13163,-47.209408
13164,-76.427826
13165,-109.607086
13166,-146.28703
13167,-185.57558
13168,4.289931
13169,3.4126117
13170,2.889783
13171,2.8460894
13172,3.3761392
13173,4.4279017
13174,-185.10703
13175,-139.51965
13176,-102.9927
13177,-79.998665
13178,-71.016045
13179,-73.22776
13180,-84.24219
13181,-102.251236
13182,-125.54939
13183,-153.21837
13184,-186.00557
13185,4.283467
13186,3.0248852
13187,1.6138467
13188,0.06263979
13189,-1.5775352
13190,-3.2514338
13191,-4.9054117
13192,-6.4863176
13193,-7.9416614
13194,-9.219666
13195,-10.269268
13196,-11.040128
13197,-13.53951
13198,-23.68038
13199,-25.631882
13200,-21.11879
13201,-20.50249
13202,-19.115473
13203,-17.274744
13204,-15.287394
13205,-13.4534645
13206,-12.069225
13207,-11.39815
13208,-11.515346
13209,-12.247154
13210,-13.424943
13211,-14.890653
13212,-16.487185
13213,-18.08638
13214,-19.600803
13215,-20.942661
13216,-22.022217
13217,-22.772043
13218,-28.24864
13219,-23.667242
13220,-24.231773
13221,-25.131544
13222,-26.519588
13223,-28.349876
13224,-30.31824
13225,-32.135105
13226,-33.53157
13227,-34.28161
13228,-34.38896
13229,-34.146606
13230,-33.822285
13231,-33.65987
13232,-33.863308
13233,-34.407234
13234,-34.973923
13235,-35.271133
13236,-35.031044
13237,-34.028427
13238,-32.270874
13239,-30.056715
13240,-27.654085
13241,-25.304014
13242,-23.24482
13243,-21.713484
13244,-20.9484
13245,-21.193413
13246,-22.701624
13247,-21.934542
13248,-21.303324
13249,-19.167461
13250,-13.06478
13251,-12.740335
13252,-12.93021
13253,-13.359561
13254,-13.745219
13255,-13.80046
13256,-13.240081
13257,-11.833726
13258,-9.636488
13259,-7.058923
13260,-9.482474
13261,-2.2510853
13262,-0.65575945
13263,0.2726406
13264,0.844459
13265,1.3786023
13266,2.1830585
13267,3.5138555
13268,-203.2742
13269,-138.8688
13270,-90.79188
13271,-66.41273
13272,-70.555405
13273,-106.851395
13274,-173.93277
13275,3.026041
13276,0.63049114
13277,-1.0854902
13278,-1.975855
13279,-2.328269
13280,-2.4494495
13281,-2.615882
13282,-3.0661268
13283,-3.8454766
13284,-4.735143
13285,-5.5038586
13286,-5.933152
13287,-5.8358874
13288,-5.191694
13289,-4.196093
13290,-3.0410562
13291,-1.901592
13292,-0.94998556
13293,-0.35865194
13294,-0.3040103
13295,-0.97078145
13296,-2.5552204
13297,-4.0170717
13298,-3.9862685
13299,-4.373294
13300,-4.852205
13301,-5.414811
13302,-6.052859
13303,-6.7580185
13304,-7.5219197
13305,-8.336157
13306,-9.192296
13307,-10.0800905
13308,-10.978758
13309,-11.853499
13310,-12.669591
13311,-13.393281
13312,-14.001363
13313,-14.53075
13314,-15.097058
13315,-15.813781
13316,-16.789558
13317,-18.104288
13318,-19.667562
13319,-21.163694
13320,-22.28381
13321,-22.73682
13322,-22.283598
13323,-20.958199
13324,-19.137144
13325,-17.167322
13326,-15.363099
13327,-14.011642
13328,-13.2673645
13329,-13.11745
13330,-13.561073
13331,-14.61029
13332,-16.256935
13333,-18.374949
13334,-20.680305
13335,-22.88881
13336,-24.726898
13337,-25.95834
13338,-26.546547
13339,-26.708656
13340,-26.643923
13341,-26.530146
13342,-26.543825
13343,-26.861265
13344,-27.659672
13345,-29.118101
13346,-31.418007
13347,-33.934315
13348,-35.517433
13349,-36.848362
13350,-37.863567
13351,-38.580902
13352,-39.017906
13353,-39.191902
13354,-44.120018
13355,-38.819244
13356,-38.306206
13357,-37.60625
13358,-36.79743
13359,-36.024548
13360,-35.42551
13361,-35.1328
13362,-35.258675
13363,-35.79664
13364,-36.588764
13365,-37.490414
13366,-38.36893
13367,-39.106346
13368,-39.66892
13369,-40.12959
13370,-40.551483
13371,-40.988976
13372,-41.491257
13373,-42.078064
13374,-42.731796
13375,-43.438564
13376,-44.187614
13377,-44.962517
13378,-45.71433
13379,-46.35308
13380,-46.79301
13381,-46.95201
13382,-46.761868
13383,-46.232777
13384,-45.47313
13385,-44.58052
13386,-43.643837
13387,-42.745766
13388,-41.93513
13389,-41.21833
13390,-40.60624
13391,-40.113373
13392,-39.754227
13393,-39.543293
13394,-39.495106
13395,-39.624187
13396,-39.94509
13397,-41.195717
13398,-43.45085
13399,-44.33902
13400,-44.713993
13401,-44.69602
13402,-44.40408
13403,-43.956306
13404,-43.470306
13405,-43.063354
13406,-42.852665
13407,-42.946236
13408,-43.399357
13409,-44.200684
13410,-45.34572
13411,-46.835537
13412,-48.65248
13413,-50.672462
13414,-52.63687
13415,-54.300667
13416,-55.430847
13417,-55.85376
13418,-55.72892
13419,-55.632347
13420,-56.092308
13421,-57.601143
13422,-60.54873
13423,-69.72998
13424,-74.18672
13425,-78.04149
13426,-80.48533
13427,-75.831375
13428,-74.064735
13429,-71.00672
13430,-72.37685
13431,-68.81806
13432,-65.90754
13433,-58.861614
13434,-57.4492
13435,-56.49393
13436,-55.85935
13437,-55.418964
13438,-55.10427
13439,-54.91955
13440,-54.8607
13441,-54.917206
13442,-55.07854
13443,-55.334187
13444,-55.673603
13445,-56.086235
13446,-56.561523
13447,-56.54282
13448,-55.936787
13449,-56.418205
13450,-57.261734
13451,-58.310112
13452,-59.405537
13453,-60.39001
13454,-61.1055
13455,-61.394207
13456,-61.098625
13457,-60.101177
13458,-58.50885
13459,-56.708576
13460,-55.053493
13461,-53.871216
13462,-53.44568
13463,-53.81289
13464,-54.697483
13465,-55.858562
13466,-57.08146
13467,-58.16765
13468,-59.013622
13469,-59.63525
13470,-60.035156
13471,-60.20553
13472,-60.143726
13473,-59.87658
13474,-59.467793
13475,-58.976757
13476,-58.45955
13477,-57.975567
13478,-57.603485
13479,-57.446053
13480,-57.603355
13481,-58.17355
13482,-59.22919
13483,-60.695816
13484,-62.314163
13485,-63.84544
13486,-65.066986
13487,-65.78674
13488,-65.985435
13489,-65.85967
13490,-65.58061
13491,-65.300064
13492,-65.169754
13493,-65.34136
13494,-65.96673
13495,-67.19793
13496,-69.18734
13497,-69.659775
13498,-67.02354
13499,-66.76509
13500,-67.154465
13501,-68.039246
13502,-69.26661
13503,-70.68332
13504,-72.13594
13505,-73.47093
13506,-74.53481
13507,-75.198814
13508,-75.47363
13509,-75.54419
13510,-75.57444
13511,-75.71272
13512,-76.09784
13513,-76.81424
13514,-77.87857
13515,-79.31562
13516,-81.15622
13517,-83.39226
13518,-85.79442
13519,-87.857285
13520,-89.109024
13521,-89.10276
13522,-87.51377
13523,-84.712036
13524,-86.9355
13525,-80.316765
13526,-80.91014
13527,-84.58163
13528,-96.1225
13529,-103.977264
13530,-116.75243
13531,-118.18258
13532,-122.16941
13533,-118.52515
13534,-118.19503
13535,-116.98787
13536,-115.614426
13537,-114.70457
13538,-114.41658
13539,-114.31769
13540,-114.04434
13541,-113.28531
13542,-111.72921
13543,-109.06417
13544,-109.97771
13545,-104.15691
13546,-96.28936
13547,-90.327774
13548,-85.40449
13549,-84.033554
13550,-82.9954
13551,-82.251205
13552,-81.76217
13553,-81.48953
13554,-81.39453
13555,-81.43838
13556,-81.58233
13557,-81.78433
13558,-81.98368
13559,-82.0964
13560,-82.04129
13561,-81.73931
13562,-81.132645
13563,-80.28427
13564,-79.408
13565,-78.69928
13566,-78.34011
13567,-78.4816
13568,-79.09957
13569,-79.950905
13570,-80.81876
13571,-81.50589
13572,-81.84139
13573,-81.80425
13574,-81.560616
13575,-81.25393
13576,-81.01088
13577,-80.94701
13578,-81.1142
13579,-81.48492
13580,-82.04132
13581,-82.77256
13582,-83.6592
13583,-84.63246
13584,-85.56204
13585,-86.3251
13586,-86.80434
13587,-86.90171
13588,-86.6289
13589,-86.13441
13590,-85.550224
13591,-84.99604
13592,-84.59153
13593,-84.456436
13594,-84.71042
13595,-85.4732
13596,-86.86449
13597,-88.5886
13598,-89.6181
13599,-89.60698
13600,-89.02552
13601,-88.04354
13602,-86.83093
13603,-85.557625
13604,-84.39354
13605,-83.50854
13606,-83.07247
13607,-83.22774
13608,-83.96054
13609,-85.06212
13610,-86.34725
13611,-87.64816
13612,-88.81251
13613,-89.7755
13614,-90.58167
13615,-91.26234
13616,-91.83899
13617,-92.324974
13618,-92.687515
13619,-92.83623
13620,-92.687645
13621,-92.16348
13622,-91.21295
13623,-89.94182
13624,-88.65132
13625,-87.619125
13626,-87.10534
13627,-87.32611
13628,-88.247894
13629,-89.52548
13630,-90.85144
13631,-91.94629
13632,-92.564064
13633,-92.64912
13634,-92.38323
13635,-91.91947
13636,-91.38971
13637,-90.91746
13638,-90.57912
13639,-90.39214
13640,-90.381065
13641,-90.575775
13642,-91.006065
13643,-91.70182
13644,-92.6928
13645,-94.008865
13646,-95.679756
13647,-96.45197
13648,-95.29071
13649,-94.88738
13650,-94.59332
13651,-94.45058
13652,-94.50118
13653,-94.78723
13654,-95.35072
13655,-96.23367
13656,-97.4781
13657,-99.1042
13658,-101.00843
13659,-102.933
13660,-104.6389
13661,-105.90104
13662,-106.53175
13663,-106.55649
13664,-106.26691
13665,-105.9228
13666,-105.76018
13667,-105.978294
13668,-106.56673
13669,-107.25325
13670,-107.79707
13671,-107.98092
13672,-107.61673
13673,-106.68247
13674,-105.36375
13675,-103.82174
13676,-102.19932
13677,-100.629036
13678,-99.183975
13679,-97.86285
13680,-96.67322
13681,-95.62935
13682,-94.750275
13683,-94.08241
13684,-93.70632
13685,-93.69844
13686,-94.132065
13687,-95.06163
13688,-96.43479
13689,-98.065926
13690,-99.78563
13691,-101.436485
13692,-102.86116
13693,-103.90238
13694,-104.40278
13695,-104.20488
13696,-103.15094
13697,-102.61244
13698,-104.01289
13699,-104.61325
13700,-105.0447
13701,-105.271484
13702,-105.25787
13703,-104.96801
13704,-104.36612
13705,-103.4163
13706,-102.08268
13707,-100.35138
13708,-98.33375
13709,-96.29775
13710,-94.49273
13711,-93.15392
13712,-92.48027
13713,-92.464806
13714,-92.843636
13715,-93.384026
13716,-93.876236
13717,-94.129265
13718,-94.058136
13719,-93.710266
13720,-93.1171
13721,-92.29819
13722,-91.28818
13723,-90.20745
13724,-89.28341
13725,-88.730515
13726,-88.75361
13727,-89.5199
13728,-90.98301
13729,-92.829994
13730,-94.78017
13731,-96.576866
13732,-97.99213
13733,-98.960236
13734,-99.6179
13735,-100.07728
13736,-100.43243
13737,-100.76645
13738,-101.10052
13739,-101.378716
13740,-101.554184
13741,-101.58689
13742,-101.436874
13743,-101.06434
13744,-100.429665
13745,-99.49339
13746,-98.216225
13747,-97.34632
13748,-97.72864
13749,-98.08622
13750,-98.670395
13751,-99.4504
13752,-100.395515
13753,-101.47513
13754,-102.658646
13755,-103.91556
13756,-105.21541
13757,-106.515175
13758,-107.70064
13759,-108.568634
13760,-108.92659
13761,-108.58973
13762,-107.417595
13763,-105.5231
13764,-103.336525
13765,-101.25106
13766,-99.63184
13767,-98.79428
13768,-98.77242
13769,-99.24902
13770,-99.94911
13771,-100.62928
13772,-101.08004
13773,-101.28455
13774,-101.46653
13775,-101.8207
13776,-102.5203
13777,-103.70205
13778,-105.29567
13779,-106.97263
13780,-108.435585
13781,-109.41039
13782,-109.66355
13783,-109.19347
13784,-108.28848
13785,-107.202736
13786,-106.16475
13787,-105.379265
13788,-104.91498
13789,-104.67057
13790,-104.564926
13791,-104.53204
13792,-104.50598
13793,-104.42078
13794,-104.210464
13795,-103.80906
13796,-103.15058
13797,-103.15319
13798,-104.41889
13799,-104.657875
13800,-104.60171
13801,-104.31515
13802,-103.86302
13803,-103.31017
13804,-102.72149
13805,-102.161835
13806,-101.69612
13807,-101.38679
13808,-101.28232
13809,-101.41381
13810,-101.8144
13811,-102.51878
13812,-103.54004
13813,-104.768616
13814,-105.94189
13815,-106.81573
13816,-107.159645
13817,-106.77906
13818,-105.684006
13819,-104.14058
13820,-102.384674
13821,-100.62963
13822,-99.07388
13823,-97.83069
13824,-96.90686
13825,-96.3219
13826,-96.10478
13827,-96.28355
13828,-96.8809
13829,-97.91292
13830,-99.396416
13831,-101.348785
13832,-103.76156
13833,-111.47981
13834,-114.16599
13835,-111.505005
13836,-113.19818
13837,-113.98748
13838,-113.84626
13839,-113.037384
13840,-111.78972
13841,-110.306755
13842,-108.792305
13843,-107.45027
13844,-106.484566
13845,-106.099
13846,-106.49712
13847,-113.1974
13848,-110.7734
13849,-112.1974
13850,-113.191345
13851,-113.7919
13852,-114.03515
13853,-113.95713
13854,-113.5943
13855,-112.98372
13856,-112.163155
13857,-111.16453
13858,-109.98302
13859,-108.56759
13860,-106.87325
13861,-104.85966
13862,-102.51526
13863,-99.99015
13864,-97.63651
13865,-95.7828
13866,-94.73945
13867,-94.76028
13868,-95.778656
13869,-97.32795
13870,-98.99013
13871,-100.38326
13872,-101.16684
13873,-101.23501
13874,-100.77483
13875,-99.93805
13876,-98.85022
13877,-97.63924
13878,-96.44587
13879,-95.42693
13880,-94.73726
13881,-94.52999
13882,-94.92255
13883,-95.829544
13884,-96.9126
13885,-97.86393
13886,-98.39837
13887,-98.26778
13888,-97.43502
13889,-96.126564
13890,-94.53723
13891,-92.83827
13892,-91.20094
13893,-89.7964
13894,-88.7957
13895,-88.36972
13896,-88.68928
13897,-89.72231
13898,-90.65184
13899,-90.6622
13900,-90.26034
13901,-89.56006
13902,-88.67522
13903,-87.719604
13904,-86.80701
13905,-86.05116
13906,-85.56583
13907,-85.44131
13908,-85.635254
13909,-85.93967
13910,-86.16661
13911,-86.14296
13912,-85.73034
13913,-84.98817
13914,-84.22269
13915,-83.71025
13916,-83.705086
13917,-84.41427
13918,-85.77712
13919,-87.39857
13920,-88.9239
13921,-90.028465
13922,-90.4314
13923,-90.100235
13924,-89.31254
13925,-88.30838
13926,-87.3001
13927,-86.487366
13928,-85.997574
13929,-85.86796
13930,-86.1467
13931,-86.89004
13932,-88.13323
13933,-89.79233
13934,-91.63456
13935,-93.445206
13936,-95.022964
13937,-96.19361
13938,-96.93593
13939,-97.41969
13940,-97.791565
13941,-98.1812
13942,-98.71817
13943,-99.532135
13944,-100.752655
13945,-102.50926
13946,-104.931274
13947,-105.07494
13948,-105.86356
13949,-99.23867
13950,-98.105965
13951,-97.32991
13952,-96.77525
13953,-96.30683
13954,-95.78957
13955,-95.08845
13956,-94.06841
13957,-92.62781
13958,-90.854614
13959,-89.07384
13960,-87.58195
13961,-86.65406
13962,-86.51746
13963,-87.127914
13964,-88.10218
13965,-89.098045
13966,-89.80358
13967,-89.94831
13968,-89.49695
13969,-88.70785
13970,-87.80387
13971,-86.98168
13972,-86.42186
13973,-86.21335
13974,-86.33073
13975,-86.76242
13976,-87.50722
13977,-88.55054
13978,-89.80231
13979,-91.07812
13980,-92.20507
13981,-93.01872
13982,-93.38388
13983,-93.33136
13984,-93.09928
13985,-92.900696
13986,-92.93013
13987,-93.35426
13988,-94.18142
13989,-95.22223
13990,-96.31129
13991,-97.30088
13992,-98.04339
13993,-98.39108
13994,-98.19625
13995,-97.31105
13996,-95.58747
13997,-94.641945
13998,-95.8551
13999,-95.65054
14000,-95.10649
14001,-94.31276
14002,-93.35931
14003,-92.33607
14004,-91.332985
14005,-90.44001
14006,-89.74705
14007,-89.3326
14008,-89.21005
14009,-89.31164
14010,-89.579384
14011,-89.962616
14012,-90.40666
14013,-90.83404
14014,-91.13887
14015,-91.21872
14016,-90.973656
14017,-90.32918
14018,-89.355225
14019,-88.30214
14020,-87.398445
14021,-86.85653
14022,-86.857414
14023,-87.40418
14024,-88.277794
14025,-89.28611
14026,-90.256874
14027,-91.04377
14028,-91.64769
14029,-92.25325
14030,-93.022804
14031,-94.102234
14032,-95.60089
14033,-97.4206
14034,-99.20434
14035,-100.626595
14036,-101.38508
14037,-101.22568
14038,-100.1686
14039,-98.57716
14040,-96.77381
14041,-95.05061
14042,-93.69971
14043,-93.013115
14044,-93.28262
14045,-94.799866
14046,-97.85605
14047,-105.61631
14048,-100.61842
14049,-100.78905
14050,-100.64337
14051,-100.27811
14052,-99.79004
14053,-99.275955
14054,-98.832726
14055,-98.55717
14056,-98.54612
14057,-98.87461
14058,-99.49405
14059,-100.20143
14060,-100.81239
14061,-101.15644
14062,-101.090836
14063,-100.63079
14064,-99.98893
14065,-99.35424
14066,-98.89813
14067,-98.76865
14068,-98.98092
14069,-99.38417
14070,-99.84758
14071,-100.25521
14072,-100.50589
14073,-100.582565
14074,-100.57313
14075,-100.55282
14076,-100.58758
14077,-100.733765
14078,-100.99357
14079,-101.301445
14080,-101.60002
14081,-101.837944
14082,-101.972275
14083,-102.00762
14084,-102.00801
14085,-102.03041
14086,-102.12639
14087,-102.3433
14088,-102.70421
14089,-103.201775
14090,-103.83231
14091,-104.59488
14092,-105.48849
14093,-106.512184
14094,-107.664986
14095,-108.94591
14096,-110.354004
14097,-110.07596
14098,-107.20663
14099,-106.446754
14100,-106.27126
14101,-106.550705
14102,-107.15593
14103,-107.957924
14104,-108.82776
14105,-109.63664
14106,-110.25573
14107,-110.58673
14108,-110.70469
14109,-110.90143
14110,-111.44301
14111,-112.57619
14112,-114.49273
14113,-117.07323
14114,-124.8103
14115,-122.24348
14116,-123.94712
14117,-124.55276
14118,-124.01836
14119,-122.71096
14120,-120.95072
14121,-119.022514
14122,-117.188484
14123,-115.57891
14124,-114.158615
14125,-112.9115
14126,-111.83597
14127,-110.92827
14128,-110.17215
14129,-109.535675
14130,-108.98881
14131,-108.50291
14132,-108.0502
14133,-107.60815
14134,-107.16068
14135,-106.69095
14136,-106.18152
14137,-105.62159
14138,-105.038025
14139,-104.50468
14140,-104.08986
14141,-103.85766
14142,-103.87215
14143,-104.19735
14144,-104.89731
14145,-106.03594
14146,-107.67715
14147,-109.456116
14148,-110.67726
14149,-111.6083
14150,-112.32973
14151,-112.899574
14152,-113.3759
14153,-113.816765
14154,-114.28029
14155,-114.82456
14156,-115.507675
14157,-116.372955
14158,-117.37983
14159,-118.38295
14160,-119.249306
14161,-119.855286
14162,-120.0903
14163,-119.918724
14164,-119.39868
14165,-118.57735
14166,-117.49367
14167,-116.20224
14168,-114.84625
14169,-113.679985
14170,-112.944725
14171,-112.87184
14172,-113.636696
14173,-115.09766
14174,-116.717606
14175,-118.00683
14176,-118.51094
14177,-117.86855
14178,-116.24923
14179,-114.48821
14180,-113.34448
14181,-113.51818
14182,-115.5793
14183,-124.36441
14184,-128.79675
14185,-132.91125
14186,-135.82642
14187,-131.77101
14188,-130.60121
14189,-127.96087
14190,-129.40529
14191,-125.42348
14192,-121.506165
14193,-118.14464
14194,-115.82968
14195,-110.05079
14196,-111.29573
14197,-111.967384
14198,-109.257195
14199,-108.51542
14200,-108.281166
14201,-108.46708
14202,-108.98591
14203,-109.750496
14204,-110.67381
14205,-111.66885
14206,-112.648674
14207,-113.526955
14208,-114.2209
14209,-114.65209
14210,-114.7415
14211,-114.40968
14212,-113.60219
14213,-112.40735
14214,-111.09223
14215,-109.90321
14216,-109.070816
14217,-108.789795
14218,-109.05156
14219,-109.59362
14220,-110.18377
14221,-110.61244
14222,-110.69679
14223,-110.405136
14224,-109.8949
14225,-109.30109
14226,-108.742035
14227,-108.32404
14228,-108.08504
14229,-107.977516
14230,-107.96406
14231,-108.014854
14232,-108.10759
14233,-108.262085
14234,-108.55096
14235,-109.04054
14236,-109.7924
14237,-110.852036
14238,-112.17353
14239,-113.59682
14240,-114.97558
14241,-116.17364
14242,-117.0549
14243,-117.4831
14244,-117.32188
14245,-116.43463
14246,-114.68446
14247,-113.4667
14248,-114.352
14249,-114.80347
14250,-115.34824
14251,-115.935356
14252,-116.51381
14253,-117.032646
14254,-117.44089
14255,-117.68756
14256,-117.721634
14257,-117.49719
14258,-116.99706
14259,-116.24014
14260,-115.24116
14261,-114.011604
14262,-112.577965
14263,-111.05146
14264,-109.6495
14265,-108.5771
14266,-108.029785
14267,-108.16526
14268,-108.92736
14269,-109.992966
14270,-111.070885
14271,-111.89399
14272,-112.23213
14273,-112.0652
14274,-111.63585
14275,-111.15568
14276,-110.81312
14277,-110.76702
14278,-111.008026
14279,-111.31657
14280,-111.49796
14281,-111.3763
14282,-110.80629
14283,-109.817505
14284,-108.65817
14285,-107.55092
14286,-106.69902
14287,-106.281136
14288,-106.33614
14289,-106.72839
14290,-107.34298
14291,-108.08065
14292,-108.84221
14293,-109.528465
14294,-110.04028
14295,-110.27847
14296,-110.143776
14297,-109.45935
14298,-108.579865
14299,-108.4412
14300,-108.57766
14301,-108.89213
14302,-109.287575
14303,-109.667015
14304,-109.93351
14305,-109.99009
14306,-109.73974
14307,-109.11067
14308,-108.17459
14309,-107.18279
14310,-106.3654
14311,-105.93663
14312,-106.07327
14313,-106.73972
14314,-107.635284
14315,-108.49111
14316,-109.062035
14317,-109.13932
14318,-108.72113
14319,-108.064186
14320,-107.39471
14321,-106.91597
14322,-106.7957
14323,-106.99958
14324,-107.24089
14325,-107.26296
14326,-106.831635
14327,-105.76027
14328,-104.13277
14329,-102.3717
14330,-100.85971
14331,-99.94934
14332,-99.93902
14333,-100.82084
14334,-102.20454
14335,-103.74609
14336,-105.135895
14337,-106.09742
14338,-106.54136
14339,-106.61209
14340,-106.425995
14341,-106.078606
14342,-105.66558
14343,-105.28259
14344,-105.02531
14345,-104.98943
14346,-105.27059
14347,-106.18788
14348,-107.60597
14349,-108.42527
14350,-109.03951
14351,-109.47837
14352,-109.77163
14353,-109.94903
14354,-110.04033
14355,-110.07531
14356,-110.083755
14357,-110.09139
14358,-110.101074
14359,-110.08693
14360,-110.026505
14361,-109.8999
14362,-109.69262
14363,-109.42109
14364,-109.14028
14365,-108.90064
14366,-108.749176
14367,-108.72408
14368,-108.81375
14369,-108.94418
14370,-109.048836
14371,-109.066696
14372,-108.9416
14373,-108.644844
14374,-108.182106
14375,-107.55499
14376,-106.76205
14377,-105.81203
14378,-104.771866
14379,-103.78121
14380,-102.97108
14381,-102.466034
14382,-102.37207
14383,-102.690315
14384,-103.29083
14385,-104.05945
14386,-104.89376
14387,-105.70251
14388,-106.4578
14389,-107.21086
14390,-108.00339
14391,-108.87007
14392,-109.84553
14393,-110.964424
14394,-112.261406
14395,-113.77104
14396,-115.52795
14397,-117.59822
14398,-119.61643
14399,-120.860535
14400,-121.72075
14401,-122.28508
14402,-122.641594
14403,-122.87847
14404,-123.08398
14405,-123.34637
14406,-123.75396
14407,-124.36943
14408,-125.10988
14409,-125.71042
14410,-125.927246
14411,-125.53247
14412,-124.3408
14413,-122.411095
14414,-120.10874
14415,-117.76472
14416,-115.683426
14417,-114.13788
14418,-113.222725
14419,-112.809326
14420,-112.795044
14421,-113.09708
14422,-113.62925
14423,-114.285706
14424,-114.93586
14425,-115.45213
14426,-115.70913
14427,-115.596855
14428,-115.092964
14429,-114.28493
14430,-113.247314
14431,-112.04508
14432,-110.750404
14433,-109.476295
14434,-108.38685
14435,-107.640114
14436,-107.38951
14437,-107.75752
14438,-108.69123
14439,-109.91879
14440,-111.19471
14441,-112.293106
14442,-112.98821
14443,-113.05409
14444,-112.26454
14445,-110.39286
14446,-112.211784
14447,-104.88468
14448,-105.72967
14449,-105.61391
14450,-105.53207
14451,-105.47395
14452,-105.429375
14453,-105.38808
14454,-105.339905
14455,-105.27462
14456,-105.18202
14457,-105.0648
14458,-104.99892
14459,-105.151985
14460,-105.68058
14461,-106.73307
14462,-108.41426
14463,-110.582504
14464,-112.78863
14465,-114.62077
14466,-115.69463
14467,-115.69751
14468,-114.72527
14469,-113.385704
14470,-112.22732
14471,-111.75369
14472,-112.38726
14473,-114.09018
14474,-116.2502
14475,-118.32401
14476,-119.81999
14477,-120.30931
14478,-119.7197
14479,-118.42534
14480,-116.74869
14481,-114.97337
14482,-113.36126
14483,-112.04851
14484,-111.01363
14485,-110.25344
14486,-109.778694
14487,-109.5978
14488,-109.70622
14489,-110.08309
14490,-110.70954
14491,-111.56808
14492,-112.64131
14493,-113.911804
14494,-115.36212
14495,-116.97488
14496,-118.732666
14497,-119.19739
14498,-117.37604
14499,-116.54173
14500,-115.80194
14501,-115.15217
14502,-114.58792
14503,-114.10471
14504,-113.69806
14505,-113.36349
14506,-113.096504
14507,-112.89019
14508,-112.723595
14509,-112.55835
14510,-112.35808
14511,-112.087975
14512,-111.72644
14513,-111.32665
14514,-111.035355
14515,-110.988266
14516,-111.31277
14517,-112.09974
14518,-113.23306
14519,-114.33824
14520,-115.071625
14521,-115.11248
14522,-114.207825
14523,-112.49132
14524,-110.58131
14525,-109.04019
14526,-108.387596
14527,-109.05133
14528,-110.94013
14529,-113.31539
14530,-115.51668
14531,-116.942085
14532,-117.07321
14533,-115.86642
14534,-113.8729
14535,-111.57506
14536,-109.40353
14537,-107.74525
14538,-106.736046
14539,-106.197754
14540,-105.9891
14541,-105.99688
14542,-106.10796
14543,-106.209305
14544,-106.18786
14545,-105.9306
14546,-105.32449
14547,-105.270355
14548,-106.60321
14549,-107.33861
14550,-107.972626
14551,-108.4906
14552,-108.87784
14553,-109.11965
14554,-109.20137
14555,-109.108284
14556,-108.8257
14557,-108.35441
14558,-107.78335
14559,-107.31172
14560,-107.12566
14561,-107.401436
14562,-108.274025
14563,-109.644424
14564,-111.12159
14565,-112.34965
14566,-112.99881
14567,-112.79404
14568,-111.77205
14569,-110.3599
14570,-108.939156
14571,-107.85704
14572,-107.41586
14573,-107.66238
14574,-108.324104
14575,-109.166626
14576,-109.984055
14577,-115.591446
14578,-110.921585
14579,-111.05409
14580,-111.05006
14581,-110.95648
14582,-110.813995
14583,-110.6295
14584,-110.36784
14585,-109.99934
14586,-109.498405
14587,-108.85016
14588,-108.09767
14589,-107.3565
14590,-106.734024
14591,-106.33163
14592,-106.250854
14593,-106.59351
14594,-107.46148
14595,-108.95666
14596,-111.18092
14597,-112.559555
14598,-111.53778
14599,-111.19908
14600,-110.805016
14601,-110.377525
14602,-109.93855
14603,-109.51003
14604,-109.11386
14605,-108.771866
14606,-108.50589
14607,-108.32752
14608,-108.19092
14609,-107.97829
14610,-107.5803
14611,-106.89399
14612,-105.83421
14613,-104.41824
14614,-102.791374
14615,-101.08378
14616,-99.41414
14617,-97.89808
14618,-96.633736
14619,-95.69737
14620,-95.16782
14621,-95.125725
14622,-95.62352
14623,-96.55362
14624,-97.6087
14625,-98.50565
14626,-98.97925
14627,-98.80748
14628,-98.01426
14629,-96.930824
14630,-95.85158
14631,-95.043564
14632,-94.73783
14633,-94.96146
14634,-95.486786
14635,-96.11692
14636,-96.67779
14637,-97.014786
14638,-97.08396
14639,-96.97942
14640,-96.77868
14641,-96.5468
14642,-96.34893
14643,-96.25019
14644,-96.31566
14645,-96.610435
14646,-97.19958
14647,-98.13569
14648,-99.08429
14649,-99.48503
14650,-99.65342
14651,-99.662254
14652,-99.58435
14653,-99.49258
14654,-99.459755
14655,-99.55876
14656,-99.86247
14657,-100.42602
14658,-101.20413
14659,-102.026115
14660,-102.73647
14661,-103.19084
14662,-103.26389
14663,-102.93781
14664,-102.3294
14665,-101.53931
14666,-100.65629
14667,-99.770966
14668,-98.98436
14669,-98.41052
14670,-98.16193
14671,-98.34983
14672,-99.06485
14673,-100.28053
14674,-101.82433
14675,-103.54142
14676,-105.29009
14677,-106.93114
14678,-108.3389
14679,-109.40454
14680,-110.01716
14681,-110.064224
14682,-109.46485
14683,-108.31878
14684,-106.951805
14685,-105.663345
14686,-104.73282
14687,-104.40558
14688,-104.73343
14689,-105.52643
14690,-106.62365
14691,-107.88574
14692,-109.17353
14693,-110.3479
14694,-111.26975
14695,-111.79996
14696,-111.79929
14697,-113.70792
14698,-123.51475
14699,-119.273224
14700,-118.48196
14701,-116.46527
14702,-113.54926
14703,-115.061584
14704,-111.330986
14705,-107.68674
14706,-104.45806
14707,-101.93867
14708,-95.22264
14709,-94.154816
14710,-93.60996
14711,-93.48526
14712,-93.67985
14713,-94.10359
14714,-94.67966
14715,-95.329605
14716,-95.97385
14717,-96.53508
14718,-96.948715
14719,-97.16618
14720,-97.13694
14721,-96.80904
14722,-96.15227
14723,-95.26045
14724,-94.38236
14725,-93.74807
14726,-93.57389
14727,-94.04089
14728,-95.13089
14729,-96.57686
14730,-98.141945
14731,-99.6117
14732,-100.79191
14733,-101.60302
14734,-102.10854
14735,-102.35471
14736,-102.374954
14737,-102.20709
14738,-101.91386
14739,-101.5891
14740,-101.32293
14741,-101.20273
14742,-101.31585
14743,-101.74961
14744,-102.59129
14745,-103.928116
14746,-105.84715
14747,-107.30336
14748,-107.39889
14749,-108.40338
14750,-109.60006
14751,-110.90615
14752,-112.238686
14753,-113.514725
14754,-114.65147
14755,-115.56626
14756,-116.17668
14757,-116.42286
14758,-116.37252
14759,-116.25306
14760,-116.2734
14761,-116.628525
14762,-117.470665
14763,-118.70858
14764,-119.946915
14765,-120.82643
14766,-121.0149
14767,-120.234886
14768,-118.52246
14769,-116.306984
14770,-113.97304
14771,-111.87108
14772,-110.30974
14773,-109.35931
14774,-108.79202
14775,-108.415115
14776,-108.06235
14777,-107.58746
14778,-106.95714
14779,-106.27921
14780,-105.6448
14781,-105.1324
14782,-104.80912
14783,-104.6776
14784,-104.65982
14785,-104.687386
14786,-104.69907
14787,-104.63885
14788,-104.48043
14789,-104.23469
14790,-103.90802
14791,-103.503494
14792,-103.024124
14793,-102.47295
14794,-101.853
14795,-101.167206
14796,-100.41854
14797,-100.41401
14798,-101.430214
14799,-101.19971
14800,-100.56027
14801,-99.629715
14802,-98.52596
14803,-97.36698
14804,-96.2708
14805,-95.35536
14806,-94.73865
14807,-94.51663
14808,-94.66076
14809,-94.986984
14810,-95.33007
14811,-95.5387
14812,-95.48221
14813,-95.14747
14814,-94.66796
14815,-94.15956
14816,-93.72498
14817,-93.45815
14818,-93.40297
14819,-93.540764
14820,-93.860504
14821,-94.35667
14822,-95.01919
14823,-95.81181
14824,-96.66566
14825,-97.51581
14826,-98.300285
14827,-98.95707
14828,-99.42388
14829,-99.63819
14830,-99.537476
14831,-99.05916
14832,-98.16538
14833,-96.95856
14834,-95.71651
14835,-94.69606
14836,-94.138374
14837,-94.25116
14838,-95.052635
14839,-96.32438
14840,-97.87667
14841,-99.541
14842,-101.148994
14843,-102.53234
14844,-103.52273
14845,-103.95182
14846,-103.65109
14847,-103.50257
14848,-104.237564
14849,-103.73072
14850,-102.822266
14851,-101.69405
14852,-100.528145
14853,-99.506645
14854,-98.81168
14855,-98.625305
14856,-99.12943
14857,-100.447464
14858,-102.37107
14859,-104.2781
14860,-105.59681
14861,-105.792496
14862,-104.43181
14863,-101.66063
14864,-103.35064
14865,-100.28878
14866,-93.1976
14867,-92.699425
14868,-93.850876
14869,-96.0032
14870,-98.593216
14871,-101.12132
14872,-103.13842
14873,-104.47906
14874,-105.33149
14875,-105.84109
14876,-106.12165
14877,-106.2805
14878,-106.38766
14879,-106.46647
14880,-106.54589
14881,-106.659065
14882,-106.83226
14883,-107.05282
14884,-107.25955
14885,-107.39702
14886,-107.414116
14887,-107.27409
14888,-107.021965
14889,-106.80483
14890,-106.757706
14891,-107.006454
14892,-107.676926
14893,-108.89482
14894,-110.7857
14895,-113.47484
14896,-122.08714
14897,-125.77733
14898,-122.58696
14899,-122.57758
14900,-121.3887
14901,-119.321266
14902,-116.67768
14903,-118.76139
14904,-115.876434
14905,-113.32705
14906,-106.417244
14907,-105.403885
14908,-105.277916
14909,-105.69831
14910,-106.36373
14911,-107.00275
14912,-107.3692
14913,-107.35969
14914,-107.04912
14915,-106.49108
14916,-105.72332
14917,-104.795006
14918,-103.820114
14919,-102.993576
14920,-102.50075
14921,-102.51964
14922,-103.18884
14923,-104.42343
14924,-105.85943
14925,-107.16669
14926,-108.040054
14927,-108.220245
14928,-107.70865
14929,-106.83269
14930,-105.88113
14931,-105.114006
14932,-104.757454
14933,-104.84487
14934,-105.16888
14935,-105.55085
14936,-105.833664
14937,-105.878784
14938,-105.6527
14939,-105.25333
14940,-104.76287
14941,-104.25187
14942,-103.79089
14943,-103.45049
14944,-103.30121
14945,-103.4136
14946,-103.85814
14947,-103.09164
14948,-100.335205
14949,-99.710175
14950,-99.792755
14951,-100.41485
14952,-101.40864
14953,-102.606476
14954,-103.84088
14955,-104.94439
14956,-105.74965
14957,-106.113495
14958,-106.03085
14959,-105.66914
14960,-105.17523
14961,-104.68067
14962,-104.30893
14963,-104.13697
14964,-104.183685
14965,-104.4749
14966,-105.041565
14967,-105.89923
14968,-106.97576
14969,-108.08974
14970,-109.07284
14971,-109.76656
14972,-110.043594
14973,-109.954094
14974,-109.770134
14975,-109.737526
14976,-110.08237
14977,-110.98725
14978,-112.38762
14979,-113.91041
14980,-115.21956
14981,-116.00658
14982,-116.0136
14983,-115.27108
14984,-114.17066
14985,-113.06198
14986,-112.263
14987,-112.05236
14988,-112.484886
14989,-113.335754
14990,-114.41324
14991,-115.55061
14992,-116.5813
14993,-117.338715
14994,-117.656265
14995,-117.36719
14996,-116.30441
14997,-115.99587
14998,-117.55839
14999,-117.279526
15000,-116.446365
15001,-115.246445
15002,-113.86774
15003,-112.498405
15004,-111.326706
15005,-110.54091
15006,-110.329124
15007,-110.83756
15008,-111.975586
15009,-113.356865
15010,-114.6305
15011,-115.47216
15012,-115.60545
15013,-115.026924
15014,-114.07466
15015,-113.046906
15016,-112.21192
15017,-111.8043
15018,-111.86693
15019,-112.203026
15020,-112.64407
15021,-113.04296
15022,-113.26797
15023,-113.274704
15024,-113.1279
15025,-112.87941
15026,-112.571396
15027,-112.24811
15028,-111.96542
15029,-111.79373
15030,-111.80173
15031,-112.05678
15032,-112.605835
15033,-113.3802
15034,-114.16656
15035,-114.76881
15036,-115.003716
15037,-114.714836
15038,-113.89843
15039,-112.74203
15040,-111.41083
15041,-110.053276
15042,-108.81789
15043,-107.85311
15044,-107.30737
15045,-107.32899
15046,-108.06605
15047,-109.23099
15048,-109.96713
15049,-110.207054
15050,-110.1793
15051,-109.96231
15052,-109.63452
15053,-109.27448
15054,-108.96072
15055,-108.77177
15056,-108.78616
15057,-109.0742
15058,-109.65947
15059,-110.50718
15060,-111.58952
15061,-112.88383
15062,-114.344925
15063,-115.79943
15064,-116.91379
15065,-117.373505
15066,-116.877914
15067,-115.194374
15068,-112.480354
15069,-114.383095
15070,-111.49413
15071,-104.3621
15072,-103.45598
15073,-103.79497
15074,-104.83698
15075,-106.10736
15076,-107.18202
15077,-107.6919
15078,-107.578606
15079,-107.17193
15080,-106.755516
15081,-106.578514
15082,-106.85373
15083,-107.58702
15084,-108.52582
15085,-109.44846
15086,-110.15646
15087,-110.47612
15088,-110.37484
15089,-109.99633
15090,-109.46344
15091,-108.88342
15092,-108.363556
15093,-108.0111
15094,-107.933365
15095,-108.23757
15096,-109.03083
15097,-108.21521
15098,-104.90644
15099,-104.98216
15100,-106.262184
15101,-108.41951
15102,-111.12811
15103,-119.06271
15104,-121.89856
15105,-124.31136
15106,-120.97684
15107,-121.6134
15108,-121.18415
15109,-119.95866
15110,-118.171104
15111,-116.029175
15112,-113.747185
15113,-111.57531
15114,-109.8082
15115,-108.735176
15116,-108.64122
15117,-109.74301
15118,-111.87166
15119,-114.3776
15120,-116.669655
15121,-118.20013
15122,-118.50168
15123,-117.5642
15124,-115.95034
15125,-114.15658
15126,-112.62965
15127,-111.76043
15128,-111.62108
15129,-111.88516
15130,-112.27324
15131,-112.541466
15132,-112.47428
15133,-112.01638
15134,-111.31292
15135,-110.48544
15136,-109.63776
15137,-108.86996
15138,-108.26091
15139,-107.86292
15140,-107.73134
15141,-107.92389
15142,-108.49824
15143,-109.512
15144,-111.02271
15145,-113.08781
15146,-115.7646
15147,-117.67888
15148,-117.14175
15149,-116.29031
15150,-114.92753
15151,-113.236336
15152,-111.40005
15153,-109.60216
15154,-108.026184
15155,-106.855606
15156,-106.273735
15157,-106.422455
15158,-107.20908
15159,-108.248184
15160,-109.18954
15161,-109.70921
15162,-109.53868
15163,-108.72439
15164,-107.70686
15165,-106.88026
15166,-106.60381
15167,-107.17492
15168,-108.54045
15169,-110.20965
15170,-111.74454
15171,-112.74637
15172,-112.8754
15173,-112.12697
15174,-110.91585
15175,-109.60772
15176,-108.531395
15177,-107.975105
15178,-107.99587
15179,-108.36168
15180,-108.874886
15181,-109.36365
15182,-109.67551
15183,-109.767555
15184,-109.73376
15185,-109.65189
15186,-109.58752
15187,-109.59886
15188,-109.70243
15189,-109.862595
15190,-110.049866
15191,-110.23943
15192,-110.40648
15193,-110.52617
15194,-110.57371
15195,-110.52425
15196,-110.35295
15197,-109.270836
15198,-107.045586
15199,-105.94121
15200,-105.21341
15201,-104.808525
15202,-104.67294
15203,-104.75313
15204,-104.995605
15205,-105.3469
15206,-105.75355
15207,-106.165184
15208,-106.54866
15209,-106.8924
15210,-107.18225
15211,-107.402115
15212,-107.54839
15213,-107.68815
15214,-107.97687
15215,-108.55948
15216,-109.573
15217,-111.11637
15218,-113.07302
15219,-115.05737
15220,-116.71638
15221,-117.72096
15222,-117.79753
15223,-116.989006
15224,-115.73492
15225,-114.42897
15226,-113.43024
15227,-113.057236
15228,-113.3975
15229,-114.24981
15230,-115.446976
15231,-116.847595
15232,-118.31001
15233,-119.69028
15234,-120.841484
15235,-121.61706
15236,-121.87052
15237,-121.48376
15238,-120.50054
15239,-119.167755
15240,-117.70902
15241,-116.33035
15242,-115.23781
15243,-114.63737
15244,-114.734795
15245,-115.73548
15246,-117.84437
15247,-117.852585
15248,-118.387474
15249,-111.98014
15250,-111.36687
15251,-111.39038
15252,-111.89394
15253,-112.721146
15254,-113.715805
15255,-114.72191
15256,-115.58354
15257,-116.16068
15258,-116.40384
15259,-116.37662
15260,-116.12932
15261,-115.70223
15262,-115.13518
15263,-114.46524
15264,-113.72608
15265,-112.95179
15266,-112.17671
15267,-111.43766
15268,-110.78501
15269,-110.28617
15270,-110.00654
15271,-110.00994
15272,-110.34851
15273,-111.00793
15274,-111.89098
15275,-112.9103
15276,-113.98596
15277,-115.04282
15278,-116.03278
15279,-116.94151
15280,-117.750626
15281,-118.438805
15282,-118.98385
15283,-119.3589
15284,-119.53122
15285,-119.468765
15286,-119.13998
15287,-118.51987
15288,-117.6211
15289,-116.50346
15290,-115.2213
15291,-113.82485
15292,-112.36439
15293,-110.89016
15294,-109.45247
15295,-108.1016
15296,-106.88777
15297,-107.06991
15298,-109.32824
15299,-110.55489
15300,-111.61201
15301,-112.490234
15302,-113.17999
15303,-113.67162
15304,-113.95565
15305,-114.02283
15306,-113.86422
15307,-113.48154
15308,-112.935425
15309,-112.360245
15310,-111.88198
15311,-111.62037
15312,-111.67103
15313,-111.99148
15314,-112.36669
15315,-112.60221
15316,-112.51909
15317,-111.96935
15318,-110.981674
15319,-109.80577
15320,-108.665474
15321,-107.76515
15322,-107.278946
15323,-107.209694
15324,-107.34616
15325,-107.50255
15326,-107.51215
15327,-107.229225
15328,-106.627335
15329,-105.829185
15330,-104.93974
15331,-104.05072
15332,-103.2481
15333,-102.585625
15334,-102.076744
15335,-101.739624
15336,-101.59596
15337,-101.662865
15338,-101.93115
15339,-102.358986
15340,-102.90837
15341,-103.54425
15342,-104.23152
15343,-104.93504
15344,-105.619705
15345,-106.2503
15346,-106.79166
15347,-107.13429
15348,-107.19013
15349,-107.13504
15350,-107.00291
15351,-106.84621
15352,-106.71735
15353,-106.668785
15354,-106.75293
15355,-107.02215
15356,-107.52882
15357,-108.30751
15358,-109.292
15359,-110.29023
15360,-111.125175
15361,-111.63107
15362,-111.665085
15363,-111.21505
15364,-110.43236
15365,-109.44909
15366,-108.38295
15367,-107.34061
15368,-106.36573
15369,-105.423096
15370,-104.48682
15371,-103.53804
15372,-102.56767
15373,-101.62237
15374,-100.818436
15375,-100.26385
15376,-100.060326
15377,-100.28762
15378,-100.90058
15379,-101.698296
15380,-102.49859
15381,-103.133316
15382,-103.455315
15383,-103.43652
15384,-103.197716
15385,-102.84185
15386,-102.45861
15387,-102.12924
15388,-101.88653
15389,-101.702774
15390,-101.55752
15391,-101.435715
15392,-101.322296
15393,-101.20224
15394,-101.060486
15395,-100.88199
15396,-100.65173
15397,-101.34866
15398,-103.51679
15399,-104.65239
15400,-105.48788
15401,-106.03967
15402,-106.32426
15403,-106.35809
15404,-106.15762
15405,-105.739365
15406,-105.11978
15407,-104.32136
15408,-103.40043
15409,-102.45568
15410,-101.58077
15411,-100.865616
15412,-100.39741
15413,-100.24815
15414,-100.47087
15415,-101.12086
15416,-102.25499
15417,-103.900764
15418,-105.91887
15419,-107.96197
15420,-109.70801
15421,-110.85371
15422,-111.14108
15423,-110.57081
15424,-109.46708
15425,-108.11611
15426,-106.77565
15427,-105.68022
15428,-104.93113
15429,-104.46307
15430,-104.23045
15431,-104.202545
15432,-104.344406
15433,-104.59703
15434,-104.87141
15435,-105.08213
15436,-105.146484
15437,-104.99521
15438,-104.63562
15439,-104.17075
15440,-103.69223
15441,-103.2832
15442,-103.02674
15443,-103.006
15444,-103.30403
15445,-104.00385
15446,-105.18846
15447,-106.4457
15448,-107.04037
15449,-107.37755
15450,-107.48681
15451,-107.417595
15452,-107.21932
15453,-106.94144
15454,-106.633415
15455,-106.34475
15456,-106.12491
15457,-106.022446
15458,-106.08067
15459,-106.33624
15460,-106.826645
15461,-107.589874
15462,-108.650055
15463,-109.952446
15464,-111.3439
15465,-112.68309
15466,-113.83752
15467,-114.68094
15468,-115.122635
15469,-115.11627
15470,-114.610146
15471,-113.54855
15472,-111.90565
15473,-109.82628
15474,-107.669106
15475,-105.76807
15476,-104.43812
15477,-103.9513
15478,-104.33677
15479,-105.320625
15480,-106.6653
15481,-108.16051
15482,-109.60871
15483,-110.88388
15484,-111.94907
15485,-112.75671
15486,-113.251144
15487,-113.38936
15488,-113.19979
15489,-112.80034
15490,-117.29842
15491,-111.79345
15492,-111.38412
15493,-111.16743
15494,-111.23879
15495,-111.69284
15496,-112.624054
15497,-112.44183
15498,-110.22344
15499,-110.053986
15500,-110.49631
15501,-111.35308
15502,-112.42814
15503,-113.52606
15504,-114.452194
15505,-115.01236
15506,-115.01265
15507,-114.29409
15508,-112.89598
15509,-111.105896
15510,-109.18287
15511,-107.36429
15512,-105.86399
15513,-104.76088
15514,-103.96522
15515,-103.40712
15516,-103.03176
15517,-102.7937
15518,-102.701355
15519,-102.83024
15520,-103.24777
15521,-104.01522
15522,-105.16027
15523,-106.52062
15524,-107.69685
15525,-108.31799
15526,-108.033966
15527,-106.569885
15528,-104.08153
15529,-106.264275
15530,-103.75046
15531,-97.12449
15532,-96.87141
15533,-97.91478
15534,-99.47801
15535,-100.86932
15536,-101.45996
15537,-100.70479
15538,-98.53436
15539,-100.47433
15540,-96.97976
15541,-93.45314
15542,-90.29683
15543,-87.91246
15544,-81.70111
15545,-82.06372
15546,-84.40179
15547,-92.75105
15548,-89.70578
15549,-90.55817
15550,-90.70681
15551,-90.30419
15552,-89.50275
15553,-88.454926
15554,-87.3132
15555,-86.230095
15556,-85.35804
15557,-84.82383
15558,-84.60835
15559,-84.51045
15560,-84.351074
15561,-83.967384
15562,-83.22502
15563,-82.15102
15564,-80.97387
15565,-79.89769
15566,-79.10846
15567,-78.76738
15568,-78.89502
15569,-79.33628
15570,-79.95725
15571,-80.63976
15572,-81.27557
15573,-81.813324
15574,-82.27272
15575,-82.66488
15576,-82.99459
15577,-83.26333
15578,-83.45388
15579,-83.525696
15580,-83.441055
15581,-83.16432
15582,-82.67651
15583,-82.05305
15584,-81.48725
15585,-81.15809
15586,-81.23409
15587,-81.85655
15588,-83.012375
15589,-84.49551
15590,-86.12314
15591,-87.72973
15592,-89.1498
15593,-90.21795
15594,-90.7688
15595,-90.63694
15596,-89.65692
15597,-89.28553
15598,-90.88315
15599,-91.33136
15600,-91.50343
15601,-91.44317
15602,-91.19435
15603,-90.80083
15604,-90.3064
15605,-89.75489
15606,-89.19018
15607,-88.655
15608,-88.18595
15609,-87.81189
15610,-87.56262
15611,-87.46865
15612,-87.55891
15613,-87.85346
15614,-88.36125
15615,-89.0926
15616,-90.05881
15617,-91.26048
15618,-92.637634
15619,-94.05462
15620,-95.38499
15621,-96.509125
15622,-97.32757
15623,-97.855385
15624,-98.25058
15625,-98.6539
15626,-99.19334
15627,-99.973465
15628,-100.96582
15629,-101.97586
15630,-102.82912
15631,-103.365974
15632,-103.44521
15633,-103.03022
15634,-102.21509
15635,-101.0783
15636,-99.68678
15637,-98.11077
15638,-96.43943
15639,-94.78544
15640,-93.25867
15641,-91.96688
15642,-91.01774
15643,-90.5189
15644,-90.57799
15645,-91.30259
15646,-92.80028
15647,-93.54
15648,-92.12108
15649,-91.733604
15650,-91.535866
15651,-91.515945
15652,-91.66193
15653,-91.9619
15654,-92.40393
15655,-92.97612
15656,-93.66656
15657,-94.45369
15658,-95.26122
15659,-95.94458
15660,-96.367424
15661,-96.39952
15662,-95.941284
15663,-95.06741
15664,-94.070465
15665,-93.216805
15666,-92.75333
15667,-92.893326
15668,-93.65928
15669,-94.83545
15670,-96.23497
15671,-97.69232
15672,-99.05033
15673,-100.19856
15674,-101.08497
15675,-101.65043
15676,-101.83052
15677,-101.584755
15678,-101.00858
15679,-100.367424
15680,-99.90639
15681,-99.8555
15682,-100.403305
15683,-101.50357
15684,-102.81688
15685,-104.0393
15686,-104.89323
15687,-105.140976
15688,-104.77193
15689,-104.05916
15690,-103.24197
15691,-102.534515
15692,-102.151024
15693,-102.3056
15694,-103.21223
15695,-105.084595
15696,-113.13592
15697,-110.369415
15698,-109.545364
15699,-109.31867
15700,-108.878334
15701,-108.26591
15702,-107.52301
15703,-106.69126
15704,-105.812325
15705,-104.92787
15706,-104.07952
15707,-103.30964
15708,-102.66454
15709,-102.19551
15710,-101.9532
15711,-101.98781
15712,-102.3377
15713,-102.97425
15714,-103.7851
15715,-104.66805
15716,-105.52832
15717,-106.27481
15718,-106.83706
15719,-107.17021
15720,-107.22638
15721,-106.95533
15722,-106.333725
15723,-105.491455
15724,-104.749985
15725,-104.40814
15726,-104.74754
15727,-105.99456
15728,-108.062775
15729,-110.475586
15730,-112.80381
15731,-114.653435
15732,-115.68001
15733,-115.81962
15734,-115.35923
15735,-114.54448
15736,-113.59019
15737,-112.69521
15738,-111.96631
15739,-111.39478
15740,-110.98548
15741,-110.753426
15742,-110.71365
15743,-110.88122
15744,-111.27112
15745,-111.89838
15746,-112.777985
15747,-113.63753
15748,-113.962555
15749,-113.90196
15750,-113.57763
15751,-113.06441
15752,-112.437164
15753,-111.77087
15754,-111.1405
15755,-110.62105
15756,-110.28746
15757,-110.19803
15758,-110.31615
15759,-110.48668
15760,-110.56856
15761,-110.431305
15762,-109.96756
15763,-109.20192
15764,-108.324036
15765,-107.504074
15766,-106.897606
15767,-106.635155
15768,-106.7049
15769,-106.91733
15770,-107.10403
15771,-107.11255
15772,-106.81723
15773,-106.24513
15774,-105.61418
15775,-105.119644
15776,-104.93984
15777,-105.222694
15778,-105.94377
15779,-106.8635
15780,-107.7681
15781,-108.46309
15782,-108.77933
15783,-108.69177
15784,-108.3554
15785,-107.90382
15786,-107.45466
15787,-107.11282
15788,-106.910324
15789,-106.78814
15790,-106.69806
15791,-106.59998
15792,-106.45384
15793,-106.21954
15794,-105.85696
15795,-105.32601
15796,-104.586555
15797,-104.27062
15798,-104.67161
15799,-104.046715
15800,-103.03937
15801,-101.74572
15802,-100.262024
15803,-98.6846
15804,-97.109795
15805,-95.63395
15806,-94.353386
15807,-93.35338
15808,-92.65677
15809,-92.20842
15810,-91.96255
15811,-91.88042
15812,-91.93081
15813,-92.12498
15814,-92.527405
15815,-93.196075
15816,-94.18425
15817,-95.52091
15818,-97.09742
15819,-98.63348
15820,-99.86964
15821,-100.561874
15822,-100.51154
15823,-99.77813
15824,-98.74391
15825,-97.75261
15826,-97.119225
15827,-97.110535
15828,-97.718834
15829,-98.59395
15830,-99.427124
15831,-99.940285
15832,-99.8922
15833,-99.25089
15834,-98.245865
15835,-97.07524
15836,-95.91395
15837,-94.92633
15838,-94.21665
15839,-93.81413
15840,-93.75692
15841,-94.08996
15842,-94.8581
15843,-96.10622
15844,-97.8791
15845,-100.22143
15846,-108.17786
15847,-105.06328
15848,-104.37314
15849,-104.52048
15850,-104.64527
15851,-104.75938
15852,-104.87465
15853,-105.00299
15854,-105.156235
15855,-105.346245
15856,-105.5849
15857,-105.88179
15858,-106.23358
15859,-106.620865
15860,-107.02611
15861,-107.43324
15862,-107.83206
15863,-108.2455
15864,-108.73803
15865,-109.369125
15866,-110.19459
15867,-111.261604
15868,-112.568924
15869,-114.054726
15870,-115.664406
15871,-117.348785
15872,-119.05749
15873,-120.73309
15874,-122.30939
15875,-123.72119
15876,-124.90411
15877,-125.80049
15878,-126.39124
15879,-126.70555
15880,-126.76703
15881,-126.595024
15882,-126.20975
15883,-125.636345
15884,-124.90611
15885,-124.04966
15886,-123.09705
15887,-122.07914
15888,-121.03099
15889,-119.993
15890,-119.0049
15891,-118.10597
15892,-117.33554
15893,-116.732834
15894,-116.33711
15895,-116.18762
15896,-116.32353
15897,-116.090805
15898,-114.91244
15899,-114.168274
15900,-113.478615
15901,-112.82809
15902,-112.201324
15903,-111.58296
15904,-110.95763
15905,-110.30996
15906,-109.62458
15907,-108.89474
15908,-108.16258
15909,-107.531456
15910,-107.09746
15911,-106.9512
15912,-107.17018
15913,-107.75728
15914,-108.62219
15915,-109.68584
15916,-110.87738
15917,-112.1181
15918,-113.28367
15919,-114.1929
15920,-114.67134
15921,-114.54944
15922,-113.697975
15923,-112.218155
15924,-110.49991
15925,-108.89975
15926,-107.74883
15927,-107.331985
15928,-107.67167
15929,-108.462585
15930,-109.4386
15931,-110.36293
15932,-111.01991
15933,-111.31308
15934,-111.294815
15935,-110.99973
15936,-110.44924
15937,-109.670975
15938,-108.72765
15939,-107.72597
15940,-106.767494
15941,-105.949875
15942,-105.37076
15943,-105.12775
15944,-105.318344
15945,-106.04003
15946,-107.39014
15947,-108.3447
15948,-107.80771
15949,-107.7147
15950,-107.6196
15951,-107.53987
15952,-107.49287
15953,-107.49603
15954,-107.56674
15955,-107.72241
15956,-107.98045
15957,-108.35377
15958,-108.830086
15959,-109.36547
15960,-109.919846
15961,-110.45588
15962,-110.94218
15963,-111.38097
15964,-111.816414
15965,-112.28773
15966,-112.830345
15967,-113.46358
15968,-114.11481
15969,-114.59656
15970,-114.73497
15971,-114.36624
15972,-113.362816
15973,-111.803795
15974,-110.02736
15975,-108.34162
15976,-107.03192
15977,-106.34527
15978,-106.31142
15979,-106.688644
15980,-107.267624
15981,-107.86335
15982,-108.31156
15983,-108.56552
15984,-108.72519
15985,-108.87311
15986,-109.078705
15987,-109.399734
15988,-109.82738
15989,-110.2697
15990,-110.64463
15991,-110.877525
15992,-110.89369
15993,-110.61846
15994,-109.97704
15995,-108.89464
15996,-107.29633
15997,-106.41093
15998,-107.09505
15999,-106.42037
16000,-105.380394
16001,-104.10574
16002,-102.727264
16003,-101.375824
16004,-100.18229
16005,-99.27755
16006,-98.79238
16007,-98.80524
16008,-99.097626
16009,-99.08023
16010,-98.20839
16011,-95.97025
16012,-96.98588
16013,-91.62879
16014,-86.21523
16015,-81.94762
16016,-79.94028
16017,-76.12032
16018,-85.36141
16019,-91.21564
16020,-97.38826
16021,-102.70342
16022,-106.13612
16023,-102.490265
16024,-102.59941
16025,-102.171104
16026,-101.82157
16027,-102.09586
16028,-103.13145
16029,-104.55635
16030,-106.059906
16031,-107.37716
16032,-108.27694
16033,-108.71994
16034,-108.906364
16035,-109.00787
16036,-109.17479
16037,-109.53824
16038,-110.11972
16039,-110.80374
16040,-111.491165
16041,-112.095
16042,-112.528305
16043,-112.704124
16044,-112.53542
16045,-111.9351
16046,-110.81596
16047,-112.36803
16048,-122.76411
16049,-117.9721
16050,-116.35893
16051,-113.42057
16052,-114.656204
16053,-110.567474
16054,-106.65723
16055,-103.42831
16056,-96.38267
16057,-95.92593
16058,-96.922035
16059,-98.559456
16060,-100.10885
16061,-100.901855
16062,-100.36885
16063,-98.50026
16064,-95.98704
16065,-93.43688
16066,-91.39534
16067,-90.342285
16068,-90.38568
16069,-91.16953
16070,-92.393974
16071,-93.80085
16072,-95.15975
16073,-96.39775
16074,-97.63846
16075,-98.981606
16076,-100.50937
16077,-102.28255
16078,-104.24085
16079,-106.172966
16080,-107.88593
16081,-109.200325
16082,-109.966774
16083,-110.20681
16084,-110.155594
16085,-110.02297
16086,-109.9999
16087,-110.254616
16088,-110.82582
16089,-111.59047
16090,-112.44469
16091,-113.299095
16092,-114.06432
16093,-114.650955
16094,-114.96963
16095,-114.930885
16096,-114.44515
16097,-112.41205
16098,-113.95804
16099,-107.82037
16100,-107.56551
16101,-108.000946
16102,-108.93474
16103,-110.175354
16104,-111.53154
16105,-112.81215
16106,-113.826195
16107,-114.40543
16108,-114.51121
16109,-114.26682
16110,-113.77651
16111,-113.130196
16112,-112.41582
16113,-111.70949
16114,-111.072624
16115,-110.56835
16116,-110.26104
16117,-110.20438
16118,-110.39123
16119,-110.73838
16120,-111.17166
16121,-111.62371
16122,-112.031746
16123,-112.35915
16124,-112.60189
16125,-112.75207
16126,-112.79893
16127,-112.73791
16128,-112.599945
16129,-112.46036
16130,-112.38925
16131,-112.4528
16132,-112.69869
16133,-113.06996
16134,-113.37873
16135,-113.45261
16136,-113.13078
16137,-112.28114
16138,-110.93513
16139,-109.32897
16140,-107.675125
16141,-106.16792
16142,-105.00173
16143,-104.3708
16144,-104.46919
16145,-105.49067
16146,-107.628716
16147,-109.71827
16148,-110.11954
16149,-110.57471
16150,-110.80182
16151,-110.84938
16152,-110.7659
16153,-110.599976
16154,-110.40017
16155,-110.21507
16156,-110.0933
16157,-110.073074
16158,-110.13368
16159,-110.1807
16160,-110.1285
16161,-109.89796
16162,-109.43061
16163,-108.78547
16164,-108.16853
16165,-107.76842
16166,-107.760666
16167,-108.29245
16168,-109.34997
16169,-110.71853
16170,-112.20753
16171,-113.64439
16172,-114.87353
16173,-115.835556
16174,-116.591095
16175,-117.1865
16176,-117.65752
16177,-118.037025
16178,-118.341995
16179,-118.56942
16180,-118.7186
16181,-118.79062
16182,-118.78835
16183,-118.72461
16184,-118.62472
16185,-118.51257
16186,-118.41091
16187,-118.33655
16188,-118.272125
16189,-118.157684
16190,-117.93824
16191,-117.56254
16192,-116.979324
16193,-116.137314
16194,-114.98519
16195,-113.47159
16196,-111.5451
16197,-110.40517
16198,-110.9778
16199,-110.57259
16200,-109.99983
16201,-109.321556
16202,-108.599815
16203,-107.89667
16204,-107.27421
16205,-106.794495
16206,-106.51959
16207,-106.488464
16208,-106.60917
16209,-106.62604
16210,-106.30301
16211,-105.41846
16212,-103.81038
16213,-101.656456
16214,-99.55952
16215,-98.0722
16216,-97.70903
16217,-98.89084
16218,-101.508865
16219,-109.79409
16220,-113.0581
16221,-115.672714
16222,-112.09358
16223,-112.249794
16224,-111.66198
16225,-110.78057
16226,-110.0041
16227,-109.68389
16228,-109.900764
16229,-110.39736
16230,-110.95641
16231,-111.39087
16232,-111.53936
16233,-111.38658
16234,-111.099754
16235,-110.82457
16236,-110.690506
16237,-110.81052
16238,-111.20322
16239,-111.76953
16240,-112.42434
16241,-113.09299
16242,-113.70088
16243,-114.17342
16244,-114.43599
16245,-114.413956
16246,-114.032585
16247,-114.264175
16248,-115.83807
16249,-116.464714
16250,-116.840546
16251,-117.01774
16252,-117.04857
16253,-116.985306
16254,-116.880226
16255,-116.78565
16256,-116.75393
16257,-116.82416
16258,-116.960236
16259,-117.0321
16260,-116.92066
16261,-116.51512
16262,-115.73751
16263,-114.69669
16264,-113.73547
16265,-113.16953
16266,-113.29367
16267,-114.34268
16268,-116.21186
16269,-118.37288
16270,-120.3483
16271,-121.69875
16272,-122.04639
16273,-121.363304
16274,-120.06026
16275,-118.4976
16276,-116.99753
16277,-115.85046
16278,-115.16405
16279,-114.8171
16280,-114.71504
16281,-114.78353
16282,-114.94951
16283,-115.14664
16284,-115.31695
16285,-115.4015
16286,-115.340614
16287,-115.0865
16288,-114.6591
16289,-114.16311
16290,-113.69329
16291,-113.33697
16292,-113.1814
16293,-113.31385
16294,-113.8215
16295,-114.79145
16296,-116.31069
16297,-121.836975
16298,-115.30214
16299,-115.39918
16300,-115.94836
16301,-116.82988
16302,-117.92304
16303,-119.10726
16304,-120.2626
16305,-121.270164
16306,-122.0121
16307,-122.38302
16308,-122.34292
16309,-121.93323
16310,-121.187004
16311,-120.13102
16312,-118.80234
16313,-117.29307
16314,-115.76402
16315,-114.36857
16316,-113.25434
16317,-112.545876
16318,-112.23559
16319,-112.15062
16320,-112.13761
16321,-112.058014
16322,-111.79731
16323,-111.37781
16324,-110.99291
16325,-110.81577
16326,-111.00416
16327,-111.6995
16328,-112.951256
16329,-114.694145
16330,-116.87633
16331,-119.456024
16332,-127.356125
16333,-130.29974
16334,-132.76062
16335,-129.24199
16336,-129.26816
16337,-127.4421
16338,-128.82442
16339,-129.05266
16340,-118.70184
16341,-113.298004
16342,-108.36635
16343,-104.42994
16344,-102.009445
16345,-96.6238
16346,-98.790924
16347,-99.370865
16348,-99.11825
16349,-96.419266
16350,-89.147766
16351,-87.290886
16352,-85.836296
16353,-84.77207
16354,-84.086655
16355,-83.76876
16356,-83.80734
16357,-84.16711
16358,-84.67439
16359,-84.98267
16360,-84.76644
16361,-83.71564
16362,-81.59265
16363,-83.57102
16364,-80.3373
16365,-77.51513
16366,-70.68113
16367,-70.31353
16368,-71.33472
16369,-72.971695
16370,-74.53327
16371,-75.38923
16372,-74.99814
16373,-73.32229
16374,-70.95236
16375,-68.4027
16376,-66.13052
16377,-64.54037
16378,-63.743042
16379,-63.483162
16380,-63.549286
16381,-63.762188
16382,-63.957844
16383,-64.06069
16384,-64.10597
16385,-64.11592
16386,-64.10294
16387,-64.07923
16388,-64.05633
16389,-64.04482
16390,-64.05541
16391,-64.09885
16392,-64.18585
16393,-64.327156
16394,-64.53343
16395,-64.81536
16396,-65.18364
16397,-66.70686
16398,-69.53239
16399,-70.31571
16400,-70.35
16401,-69.83335
16402,-68.9631
16403,-67.936104
16404,-66.948975
16405,-66.198166
16406,-65.88013
16407,-66.1537
16408,-66.96295
16409,-67.98297
16410,-68.92012
16411,-69.50446
16412,-69.50539
16413,-68.91528
16414,-68.00499
16415,-67.01196
16416,-66.14861
16417,-65.6037
16418,-65.43208
16419,-65.52137
16420,-65.77902
16421,-66.12728
16422,-66.4977
16423,-66.87522
16424,-67.31154
16425,-67.8505
16426,-68.53006
16427,-69.37676
16428,-70.35216
16429,-71.33647
16430,-72.21955
16431,-72.89848
16432,-73.28733
16433,-73.396255
16434,-73.35547
16435,-73.28081
16436,-73.27732
16437,-73.43924
16438,-73.79898
16439,-74.31184
16440,-74.94232
16441,-75.66183
16442,-76.44177
16443,-77.25355
16444,-78.068565
16445,-78.85824
16446,-79.59402
16447,-79.0314
16448,-76.60201
16449,-75.55295
16450,-74.8206
16451,-74.31626
16452,-73.95125
16453,-73.63685
16454,-73.28432
16455,-72.804924
16456,-72.10995
16457,-71.135124
16458,-69.95475
16459,-68.816124
16460,-67.9456
16461,-67.55409
16462,-67.81872
16463,-68.72393
16464,-70.012825
16465,-71.45666
16466,-72.84792
16467,-74.002655
16468,-74.871544
16469,-75.57341
16470,-76.20706
16471,-76.85625
16472,-77.589485
16473,-78.3888
16474,-79.12819
16475,-79.694664
16476,-79.984886
16477,-79.91915
16478,-79.55199
16479,-79.10541
16480,-78.78115
16481,-78.76595
16482,-79.21878
16483,-80.14064
16484,-81.33521
16485,-82.62993
16486,-83.86978
16487,-84.91779
16488,-85.73894
16489,-86.42548
16490,-87.054306
16491,-87.69084
16492,-88.40056
16493,-89.24892
16494,-90.30132
16495,-91.62322
16496,-93.28003
16497,-101.6044
16498,-106.27944
16499,-102.47547
16500,-102.216515
16501,-100.84317
16502,-98.69674
16503,-96.11941
16504,-98.45396
16505,-91.043304
16506,-89.23018
16507,-88.314384
16508,-88.353516
16509,-89.10313
16510,-90.35537
16511,-91.9295
16512,-93.64176
16513,-95.29149
16514,-96.65674
16515,-97.518234
16516,-97.65856
16517,-96.90775
16518,-95.36656
16519,-93.474205
16520,-91.6295
16521,-90.20107
16522,-89.50666
16523,-89.57576
16524,-90.07822
16525,-90.72743
16526,-91.26907
16527,-91.482414
16528,-91.337395
16529,-91.041954
16530,-90.77533
16531,-90.69543
16532,-90.940765
16533,-91.5395
16534,-92.38205
16535,-93.37555
16536,-94.43944
16537,-95.49864
16538,-96.50897
16539,-97.4648
16540,-98.355804
16541,-99.16829
16542,-99.88848
16543,-100.50265
16544,-100.99702
16545,-101.357864
16546,-101.57141
16547,-103.654915
16548,-113.33796
16549,-109.93362
16550,-110.41532
16551,-109.99166
16552,-108.87165
16553,-107.26488
16554,-105.38133
16555,-103.43133
16556,-101.62529
16557,-100.149086
16558,-99.04894
16559,-98.19664
16560,-97.484825
16561,-96.82172
16562,-96.13635
16563,-95.47608
16564,-95.03591
16565,-94.99305
16566,-95.51146
16567,-96.72403
16568,-98.58751
16569,-100.83884
16570,-103.24171
16571,-105.57969
16572,-107.64129
16573,-109.24254
16574,-110.23354
16575,-110.460075
16576,-109.76451
16577,-108.03815
16578,-105.452324
16579,-107.529396
16580,-104.75115
16581,-97.56831
16582,-96.37078
16583,-96.2046
16584,-96.68673
16585,-97.485954
16586,-98.3096
16587,-98.895836
16588,-99.15689
16589,-99.222305
16590,-99.19544
16591,-99.16024
16592,-99.20065
16593,-99.40064
16594,-99.84415
16595,-100.61507
16596,-101.79729
16597,-103.282005
16598,-104.799736
16599,-106.412964
16600,-107.97119
16601,-109.36524
16602,-110.48591
16603,-111.22393
16604,-111.46998
16605,-111.1146
16606,-110.04815
16607,-108.21575
16608,-105.875206
16609,-103.675865
16610,-102.22135
16611,-102.08017
16612,-103.71902
16613,-112.03136
16614,-116.196266
16615,-120.480354
16616,-124.21595
16617,-126.80337
16618,-123.023254
16619,-123.13073
16620,-122.32437
16621,-120.76104
16622,-118.60322
16623,-116.04258
16624,-118.30716
16625,-115.62109
16626,-108.20545
16627,-106.2576
16628,-104.84077
16629,-103.85061
16630,-103.202545
16631,-102.82693
16632,-102.65276
16633,-102.60087
16634,-102.581696
16635,-102.506996
16636,-102.28945
16637,-101.85842
16638,-101.238266
16639,-100.57202
16640,-99.98856
16641,-99.60618
16642,-99.54312
16643,-99.9176
16644,-100.84775
16645,-102.45158
16646,-104.84694
16647,-106.70559
16648,-106.43104
16649,-106.24917
16650,-105.780594
16651,-105.11071
16652,-104.32502
16653,-103.50906
16654,-102.748375
16655,-102.128525
16656,-101.73504
16657,-101.639114
16658,-101.830414
16659,-102.196846
16660,-102.63857
16661,-103.06482
16662,-103.40061
16663,-103.66055
16664,-103.97105
16665,-104.4451
16666,-105.18572
16667,-106.27111
16668,-107.63867
16669,-109.050125
16670,-110.28832
16671,-111.15191
16672,-111.46485
16673,-111.19581
16674,-110.49432
16675,-109.488594
16676,-108.29084
16677,-107.01452
16678,-105.77933
16679,-104.71273
16680,-103.94126
16681,-103.59069
16682,-103.76122
16683,-104.40807
16684,-105.305565
16685,-106.249756
16686,-107.053
16687,-107.54918
16688,-107.694534
16689,-107.59818
16690,-107.35103
16691,-107.03033
16692,-106.71345
16693,-106.4777
16694,-106.40045
16695,-106.55904
16696,-107.03072
16697,-106.931335
16698,-105.54287
16699,-104.89635
16700,-104.4374
16701,-104.158585
16702,-104.05243
16703,-104.11145
16704,-104.32819
16705,-104.69522
16706,-105.205055
16707,-105.83998
16708,-106.52381
16709,-107.10733
16710,-107.45011
16711,-107.41818
16712,-106.90975
16713,-106.006325
16714,-105.01878
16715,-104.23082
16716,-103.90585
16717,-104.260605
16718,-105.24755
16719,-106.48919
16720,-107.64784
16721,-108.41537
16722,-108.52426
16723,-107.93781
16724,-106.90787
16725,-105.65211
16726,-104.36275
16727,-103.219986
16728,-102.33504
16729,-101.73281
16730,-101.448456
16731,-101.524796
16732,-101.99126
16733,-102.80152
16734,-103.81462
16735,-104.90107
16736,-105.93985
16737,-106.81969
16738,-107.48437
16739,-107.94652
16740,-108.21042
16741,-108.2743
16742,-108.13632
16743,-107.79467
16744,-107.24753
16745,-106.49308
16746,-105.5295
16747,-105.916626
16748,-108.233955
16749,-108.140335
16750,-107.18415
16751,-105.55766
16752,-103.45362
16753,-101.06516
16754,-98.58567
16755,-96.2086
16756,-94.12732
16757,-92.52243
16758,-91.50253
16759,-91.08648
16760,-91.30392
16761,-92.19255
16762,-93.75652
16763,-95.80919
16764,-97.92591
16765,-99.71115
16766,-100.790886
16767,-100.85542
16768,-99.96122
16769,-98.62242
16770,-97.29864
16771,-96.408806
16772,-96.32083
16773,-97.11234
16774,-98.49867
16775,-100.238914
16776,-102.12473
16777,-103.959816
16778,-105.615585
16779,-107.0478
16780,-108.20209
16781,-109.01645
16782,-109.4362
16783,-109.448364
16784,-109.09212
16785,-108.40043
16786,-107.401665
16787,-106.13398
16788,-104.6909
16789,-103.23535
16790,-101.922005
16791,-100.899414
16792,-100.31603
16793,-100.320206
16794,-101.06018
16795,-102.68398
16796,-105.33936
16797,-106.137695
16798,-102.63031
16799,-101.05902
16800,-99.82152
16801,-98.94345
16802,-98.450516
16803,-98.36836
16804,-98.722664
16805,-99.53908
16806,-100.84324
16807,-102.63393
16808,-104.75786
16809,-106.87192
16810,-108.65622
16811,-109.80793
16812,-110.07941
16813,-109.53781
16814,-108.64412
16815,-107.81298
16816,-107.424286
16817,-107.7969
16818,-108.90248
16819,-110.27936
16820,-111.51787
16821,-112.24716
16822,-112.149124
16823,-111.20539
16824,-109.772804
16825,-108.164314
16826,-106.65987
16827,-105.50452
16828,-104.74404
16829,-104.17517
16830,-103.62416
16831,-102.93952
16832,-102.00427
16833,-100.897804
16834,-99.9449
16835,-99.44106
16836,-99.65979
16837,-100.828384
16838,-102.91277
16839,-105.552826
16840,-113.427986
16841,-116.24731
16842,-118.72017
16843,-115.5561
16844,-116.464325
16845,-116.15351
16846,-114.33122
16847,-112.37961
16848,-112.3078
16849,-112.0157
16850,-111.888954
16851,-111.90183
16852,-112.02857
16853,-112.24349
16854,-112.52087
16855,-112.83503
16856,-113.16026
16857,-113.46862
16858,-113.71922
16859,-113.85506
16860,-113.820984
16861,-113.56332
16862,-113.04203
16863,-112.29512
16864,-111.45823
16865,-110.655556
16866,-110.0027
16867,-109.59984
16868,-109.45946
16869,-109.48449
16870,-109.59086
16871,-109.70429
16872,-109.75195
16873,-109.66962
16874,-109.40367
16875,-108.89925
16876,-108.100494
16877,-106.97232
16878,-105.59816
16879,-104.20964
16880,-103.020935
16881,-102.232994
16882,-102.02019
16883,-102.40624
16884,-103.22674
16885,-104.33988
16886,-105.620766
16887,-106.94873
16888,-108.22672
16889,-109.38722
16890,-110.35914
16891,-111.06874
16892,-111.44228
16893,-111.40592
16894,-110.88576
16895,-109.80777
16896,-108.097855
16897,-108.14293
16898,-111.349655
16899,-111.76047
16900,-111.40369
16901,-110.524574
16902,-109.36892
16903,-108.18295
16904,-107.21306
16905,-106.70565
16906,-106.90695
16907,-108.00308
16908,-109.84016
16909,-111.84007
16910,-113.476105
16911,-114.25959
16912,-113.77978
16913,-112.07069
16914,-109.72385
16915,-107.26629
16916,-105.17643
16917,-103.88152
16918,-103.51748
16919,-103.85631
16920,-104.71328
16921,-105.936325
16922,-107.37248
16923,-108.8631
16924,-110.242355
16925,-111.34532
16926,-112.00774
16927,-112.08985
16928,-111.5921
16929,-110.69041
16930,-109.54002
16931,-108.28082
16932,-107.054794
16933,-106.01528
16934,-105.329926
16935,-105.16453
16936,-105.683495
16937,-107.01905
16938,-109.12171
16939,-111.71537
16940,-119.55134
16941,-122.401566
16942,-125.03826
16943,-122.23372
16944,-123.76021
16945,-124.38959
16946,-123.89304
16947,-121.70678
16948,-123.43402
16949,-116.50823
16950,-115.07529
16951,-114.098015
16952,-113.53934
16953,-113.36229
16954,-113.52998
16955,-114.00552
16956,-114.75214
16957,-115.72172
16958,-116.80196
16959,-117.80035
16960,-118.533806
16961,-118.82645
16962,-118.53802
16963,-117.732056
16964,-116.727394
16965,-115.81336
16966,-115.25692
16967,-115.28978
16968,-115.94359
16969,-116.99999
16970,-118.27019
16971,-119.587685
16972,-120.79528
16973,-121.78768
16974,-122.52442
16975,-122.9574
16976,-123.03269
16977,-122.71327
16978,-122.05861
16979,-121.24897
16980,-120.45088
16981,-119.820274
16982,-119.4867
16983,-119.42985
16984,-119.44184
16985,-119.33666
16986,-118.94485
16987,-118.12343
16988,-116.88037
16989,-115.41272
16990,-113.89573
16991,-112.48801
16992,-111.34825
16993,-110.634995
16994,-110.50667
16995,-111.12148
16996,-112.63736
16997,-112.293365
16998,-113.25263
16999,-107.25556
17000,-107.12114
17001,-107.6272
17002,-108.5522
17003,-109.67497
17004,-110.774635
17005,-111.63042
17006,-112.021545
17007,-111.76981
17008,-110.93951
17009,-109.89842
17010,-108.97888
17011,-108.48636
17012,-108.672554
17013,-109.48382
17014,-110.485306
17015,-111.28775
17016,-111.53598
17017,-110.9368
17018,-109.55001
17019,-107.877426
17020,-106.36926
17021,-105.4367
17022,-105.4287
17023,-106.3415
17024,-107.73111
17025,-109.20641
17026,-110.41592
17027,-111.04967
17028,-111.032646
17029,-110.5835
17030,-109.88608
17031,-109.09825
17032,-108.3687
17033,-107.79306
17034,-107.40069
17035,-107.228745
17036,-107.320244
17037,-107.708664
17038,-108.37326
17039,-109.225555
17040,-110.18521
17041,-111.177956
17042,-112.129524
17043,-112.96569
17044,-113.61219
17045,-113.99475
17046,-114.03908
17047,-112.13588
17048,-112.94884
17049,-106.26212
17050,-110.44892
17051,-105.36777
17052,-105.87707
17053,-106.83419
17054,-108.09542
17055,-109.516624
17056,-110.95377
17057,-112.2674
17058,-113.34239
17059,-114.09387
17060,-114.43403
17061,-114.27291
17062,-113.54713
17063,-112.34221
17064,-110.93001
17065,-109.56125
17066,-108.470566
17067,-107.853294
17068,-107.67989
17069,-107.63972
17070,-107.45561
17071,-106.8753
17072,-105.68029
17073,-103.84573
17074,-101.589035
17075,-99.09914
17076,-96.54367
17077,-94.08944
17078,-91.898254
17079,-90.12565
17080,-88.927734
17081,-88.4612
17082,-88.84157
17083,-89.95109
17084,-91.380775
17085,-92.75687
17086,-93.73177
17087,-94.001015
17088,-93.50501
17089,-92.489975
17090,-91.16512
17091,-89.71236
17092,-88.31349
17093,-87.15033
17094,-86.40446
17095,-86.25742
17096,-86.89066
17097,-88.146996
17098,-89.23514
17099,-89.81474
17100,-90.16565
17101,-90.348816
17102,-90.425186
17103,-90.45565
17104,-90.50099
17105,-90.622025
17106,-90.87946
17107,-91.31868
17108,-91.897896
17109,-92.46655
17110,-92.88724
17111,-93.03227
17112,-92.79243
17113,-92.16403
17114,-91.27507
17115,-90.23764
17116,-89.15206
17117,-88.113815
17118,-87.19098
17119,-86.41741
17120,-85.83111
17121,-85.47312
17122,-85.37534
17123,-85.51798
17124,-85.8166
17125,-86.19458
17126,-86.581116
17127,-86.9099
17128,-87.14041
17129,-87.26423
17130,-87.26911
17131,-87.13985
17132,-86.86954
17133,-86.498764
17134,-86.12739
17135,-85.84812
17136,-85.748375
17137,-85.90174
17138,-86.30319
17139,-86.849464
17140,-87.44931
17141,-88.020256
17142,-88.47988
17143,-88.7458
17144,-88.73566
17145,-88.3671
17146,-87.5578
17147,-86.00121
17148,-84.22788
17149,-83.91296
17150,-84.20898
17151,-84.92989
17152,-85.88964
17153,-86.90212
17154,-87.78122
17155,-88.340904
17156,-88.39508
17157,-87.7982
17158,-86.63464
17159,-85.27598
17160,-84.05903
17161,-83.294846
17162,-83.244354
17163,-83.8838
17164,-84.83393
17165,-85.75856
17166,-86.353264
17167,-86.35609
17168,-85.74645
17169,-84.80499
17170,-83.77583
17171,-82.87615
17172,-82.29849
17173,-82.09572
17174,-82.14633
17175,-82.34995
17176,-82.62183
17177,-82.887505
17178,-83.131355
17179,-83.41117
17180,-83.77582
17181,-84.26764
17182,-84.92603
17183,-85.7738
17184,-86.81298
17185,-88.0481
17186,-89.48561
17187,-91.117966
17188,-92.858635
17189,-94.52249
17190,-95.93642
17191,-96.9362
17192,-97.35756
17193,-97.03615
17194,-95.80738
17195,-93.50656
17196,-94.96894
17197,-89.930565
17198,-101.55657
17199,-103.50821
17200,-99.29817
17201,-99.18427
17202,-98.4243
17203,-97.276344
17204,-95.99877
17205,-94.8502
17206,-94.08919
17207,-93.93344
17208,-94.36851
17209,-95.090164
17210,-95.829315
17211,-96.34277
17212,-96.414986
17213,-95.986664
17214,-95.19379
17215,-94.1488
17216,-92.94675
17217,-91.69079
17218,-90.53008
17219,-89.67122
17220,-89.31382
17221,-89.65228
17222,-90.82912
17223,-92.691925
17224,-94.72023
17225,-96.43839
17226,-97.40389
17227,-97.24125
17228,-95.95574
17229,-94.0285
17230,-91.883736
17231,-89.9034
17232,-88.437836
17233,-87.65791
17234,-87.51054
17235,-87.9697
17236,-94.0295
17237,-90.66778
17238,-92.76992
17239,-95.105354
17240,-97.456085
17241,-99.614
17242,-101.371025
17243,-102.51946
17244,-102.85203
17245,-102.16175
17246,-100.241936
17247,-98.83399
17248,-99.57344
17249,-98.77477
17250,-97.614746
17251,-96.247925
17252,-94.82929
17253,-93.51419
17254,-92.458115
17255,-91.81671
17256,-91.74568
17257,-92.36131
17258,-93.55555
17259,-94.940414
17260,-96.16189
17261,-96.89116
17262,-96.8513
17263,-96.06063
17264,-94.906204
17265,-93.73083
17266,-92.844284
17267,-92.50861
17268,-92.714745
17269,-93.11524
17270,-93.403465
17271,-93.30306
17272,-92.581635
17273,-91.257515
17274,-89.66224
17275,-88.0895
17276,-86.8049
17277,-86.03622
17278,-85.79722
17279,-85.83458
17280,-85.927315
17281,-85.878235
17282,-85.51768
17283,-84.83281
17284,-84.0065
17285,-83.19785
17286,-82.548386
17287,-82.18376
17288,-82.14012
17289,-82.341736
17290,-82.7264
17291,-83.24185
17292,-83.83582
17293,-84.45597
17294,-85.049965
17295,-85.56543
17296,-85.94998
17297,-86.303856
17298,-86.665596
17299,-86.66074
17300,-86.48699
17301,-86.20237
17302,-85.864914
17303,-85.53263
17304,-85.263504
17305,-85.115555
17306,-85.14675
17307,-85.40495
17308,-85.880356
17309,-86.491234
17310,-87.16454
17311,-87.833664
17312,-88.43386
17313,-88.91064
17314,-89.22235
17315,-89.32585
17316,-89.176796
17317,-88.74324
17318,-88.06357
17319,-87.26402
17320,-86.46024
17321,-85.759995
17322,-85.2617
17323,-85.01081
17324,-84.98664
17325,-85.17656
17326,-85.5738
17327,-86.16625
17328,-86.91094
17329,-87.726494
17330,-88.53618
17331,-89.26671
17332,-89.85921
17333,-90.336395
17334,-90.822945
17335,-91.43118
17336,-92.26429
17337,-93.40294
17338,-94.79972
17339,-96.24751
17340,-97.558586
17341,-98.559555
17342,-99.07704
17343,-98.93761
17344,-97.96762
17345,-95.993256
17346,-97.84056
17347,-94.7219
17348,-88.50272
17349,-87.67309
17350,-87.35075
17351,-87.44199
17352,-87.8532
17353,-88.49073
17354,-89.26101
17355,-90.07041
17356,-90.82536
17357,-91.43914
17358,-91.86382
17359,-92.09999
17360,-92.14238
17361,-91.98132
17362,-91.616554
17363,-91.10088
17364,-90.553474
17365,-90.08544
17366,-89.802
17367,-89.790115
17368,-90.03298
17369,-90.38431
17370,-90.71351
17371,-90.90156
17372,-90.859314
17373,-90.666954
17374,-90.616264
17375,-90.97338
17376,-91.98548
17377,-93.83956
17378,-96.38087
17379,-104.02835
17380,-101.2531
17381,-102.56473
17382,-102.55237
17383,-106.25773
17384,-99.288506
17385,-97.18492
17386,-95.43654
17387,-94.47556
17388,-94.411804
17389,-94.95298
17390,-95.85552
17391,-96.912186
17392,-97.91614
17393,-98.66098
17394,-98.940605
17395,-98.54911
17396,-97.28069
17397,-95.1905
17398,-93.1716
17399,-92.027054
17400,-91.30449
17401,-90.929474
17402,-90.827705
17403,-90.92505
17404,-91.14738
17405,-91.42066
17406,-91.670876
17407,-91.82799
17408,-91.84477
17409,-91.70241
17410,-91.378624
17411,-90.84855
17412,-90.09978
17413,-89.19063
17414,-88.26779
17415,-87.46728
17416,-86.91707
17417,-86.72461
17418,-86.88078
17419,-87.23102
17420,-87.63826
17421,-87.97849
17422,-88.15075
17423,-88.18545
17424,-88.27702
17425,-88.60001
17426,-89.314186
17427,-90.541084
17428,-92.18505
17429,-93.87946
17430,-95.29054
17431,-96.10889
17432,-96.07282
17433,-95.1921
17434,-93.81561
17435,-92.25152
17436,-90.77779
17437,-89.64495
17438,-88.947876
17439,-88.58706
17440,-88.48647
17441,-88.58752
17442,-88.831535
17443,-89.159904
17444,-89.51402
17445,-89.83519
17446,-90.064804
17447,-89.79214
17448,-88.99315
17449,-88.88185
17450,-88.98585
17451,-89.23465
17452,-89.55779
17453,-89.88477
17454,-90.14514
17455,-90.2684
17456,-90.1841
17457,-89.83465
17458,-89.235985
17459,-88.49578
17460,-87.710556
17461,-86.96873
17462,-86.36077
17463,-85.98949
17464,-85.973
17465,-86.42758
17466,-87.46812
17467,-89.16969
17468,-91.38122
17469,-93.66927
17470,-95.63486
17471,-96.9045
17472,-97.16488
17473,-96.44436
17474,-95.19819
17475,-93.83035
17476,-92.70694
17477,-92.151566
17478,-92.24633
17479,-92.77194
17480,-93.54553
17481,-94.411224
17482,-95.22176
17483,-95.87818
17484,-96.3419
17485,-96.56704
17486,-96.50227
17487,-96.11054
17488,-95.435905
17489,-94.6237
17490,-93.807144
17491,-93.11037
17492,-92.65755
17493,-92.57281
17494,-92.980225
17495,-94.003876
17496,-95.76772
17497,-97.226814
17498,-96.9813
17499,-96.638336
17500,-96.033104
17501,-95.28357
17502,-94.50774
17503,-93.82361
17504,-93.34922
17505,-93.20257
17506,-93.501656
17507,-94.333855
17508,-95.612946
17509,-97.03607
17510,-98.32667
17511,-99.22765
17512,-99.52437
17513,-99.24291
17514,-98.71029
17515,-98.21735
17516,-98.02818
17517,-98.37329
17518,-99.29226
17519,-100.58637
17520,-102.08573
17521,-103.64177
17522,-105.11146
17523,-106.38256
17524,-107.38123
17525,-108.02891
17526,-108.2436
17527,-107.96232
17528,-107.23059
17529,-106.22974
17530,-105.12507
17531,-104.069916
17532,-103.20293
17533,-102.578804
17534,-102.1474
17535,-101.871056
17536,-101.72145
17537,-101.67079
17538,-101.69408
17539,-101.769775
17540,-101.87597
17541,-101.99041
17542,-102.09087
17543,-102.155106
17544,-102.160904
17545,-102.08599
17546,-101.908134
17547,-101.95483
17548,-102.36756
17549,-102.2332
17550,-101.921104
17551,-101.50257
17552,-101.048904
17553,-100.63145
17554,-100.32155
17555,-100.19054
17556,-100.30972
17557,-100.742966
17558,-101.51191
17559,-102.58547
17560,-103.93892
17561,-105.55219
17562,-107.38578
17563,-109.28931
17564,-110.974205
17565,-112.16859
17566,-112.61279
17567,-112.09734
17568,-110.700005
17569,-108.85836
17570,-106.96825
17571,-105.39393
17572,-104.454956
17573,-104.216064
17574,-104.42371
17575,-104.86241
17576,-105.34506
17577,-105.704185
17578,-105.88255
17579,-105.96077
17580,-106.00298
17581,-106.061035
17582,-106.17819
17583,-106.34904
17584,-106.5072
17585,-106.59363
17586,-106.55466
17587,-106.3444
17588,-105.961235
17589,-105.4588
17590,-104.884224
17591,-104.27963
17592,-103.68726
17593,-103.14926
17594,-102.70783
17595,-102.40513
17596,-102.28335
17597,-103.03847
17598,-104.80958
17599,-105.5356
17600,-105.89296
17601,-105.92253
17602,-105.665245
17603,-105.16204
17604,-104.45391
17605,-103.58187
17606,-102.58692
17607,-101.52281
17608,-100.51525
17609,-99.77994
17610,-99.521774
17611,-99.937515
17612,-101.16734
17613,-103.03074
17614,-104.94713
17615,-106.38466
17616,-106.84736
17617,-105.92825
17618,-103.72878
17619,-100.98703
17620,-103.36607
17621,-96.47242
17622,-95.82836
17623,-96.48076
17624,-97.883514
17625,-99.56249
17626,-101.097145
17627,-102.117004
17628,-102.533516
17629,-102.609985
17630,-102.567505
17631,-102.596016
17632,-102.86401
17633,-103.41696
17634,-104.146774
17635,-104.963844
17636,-105.79241
17637,-106.56042
17638,-107.21684
17639,-107.73686
17640,-108.09255
17641,-108.25361
17642,-108.189735
17643,-107.870575
17644,-107.265785
17645,-106.34495
17646,-105.07762
17647,-104.66165
17648,-105.960754
17649,-106.23491
17650,-106.31591
17651,-106.26426
17652,-106.14049
17653,-111.005104
17654,-105.918495
17655,-105.94037
17656,-106.12891
17657,-106.52158
17658,-107.04532
17659,-107.48973
17660,-107.66116
17661,-107.37872
17662,-106.49633
17663,-105.0637
17664,-103.37538
17665,-101.69776
17666,-100.27616
17667,-99.316895
17668,-98.80296
17669,-98.43812
17670,-97.96
17671,-97.13139
17672,-95.75488
17673,-93.85834
17674,-91.75111
17675,-89.70893
17676,-87.98234
17677,-86.7912
17678,-86.181725
17679,-85.98353
17680,-86.05237
17681,-86.26343
17682,-86.49732
17683,-86.666145
17684,-86.72124
17685,-86.6091
17686,-86.27258
17687,-85.66647
17688,-84.81335
17689,-83.820595
17690,-82.78524
17691,-81.79658
17692,-80.94382
17693,-80.31609
17694,-80.0024
17695,-80.09176
17696,-80.67309
17697,-81.01536
17698,-80.606705
17699,-81.26434
17700,-82.30624
17701,-88.61034
17702,-85.05438
17703,-86.51562
17704,-87.87025
17705,-88.993546
17706,-89.760376
17707,-90.060936
17708,-89.873024
17709,-89.28395
17710,-88.368225
17711,-87.19103
17712,-85.824844
17713,-84.38128
17714,-83.02065
17715,-81.897705
17716,-81.16303
17717,-80.93577
17718,-81.15481
17719,-81.53414
17720,-81.81495
17721,-81.758705
17722,-81.16836
17723,-80.08236
17724,-78.833145
17725,-77.71748
17726,-77.005684
17727,-76.934944
17728,-77.5543
17729,-78.67772
17730,-80.14739
17731,-81.82611
17732,-83.57064
17733,-85.205696
17734,-86.51628
17735,-87.292244
17736,-87.327034
17737,-86.45182
17738,-84.711845
17739,-82.41965
17740,-79.855675
17741,-82.276436
17742,-74.93831
17743,-73.097435
17744,-72.009796
17745,-71.93174
17746,-73.120316
17747,-75.08399
17748,-76.76233
17749,-78.60412
17750,-80.395134
17751,-82.00539
17752,-83.305
17753,-84.16408
17754,-84.45285
17755,-84.041405
17756,-82.799904
17757,-80.64801
17758,-82.786934
17759,-79.76902
17760,-77.10339
17761,-70.266945
17762,-69.66751
17763,-70.32325
17764,-71.765205
17765,-73.58201
17766,-75.4048
17767,-76.894196
17768,-77.88073
17769,-78.40722
17770,-78.491104
17771,-78.13082
17772,-77.3395
17773,-76.21363
17774,-74.95387
17775,-73.748146
17776,-72.77497
17777,-72.19116
17778,-72.03062
17779,-72.1737
17780,-72.51921
17781,-72.97956
17782,-73.46816
17783,-73.90406
17784,-74.21347
17785,-74.32173
17786,-74.15362
17787,-73.651855
17788,-72.861115
17789,-71.95337
17790,-71.08517
17791,-70.401665
17792,-70.04796
17793,-70.1693
17794,-70.91108
17795,-72.419
17796,-74.83894
17797,-76.871025
17798,-77.06755
17799,-77.83037
17800,-78.56487
17801,-79.258736
17802,-79.899605
17803,-80.47511
17804,-80.97295
17805,-81.38079
17806,-81.6863
17807,-81.88502
17808,-82.017136
17809,-82.1786
17810,-82.45862
17811,-82.94142
17812,-83.69117
17813,-84.65799
17814,-85.64964
17815,-86.491104
17816,-87.020134
17817,-87.0955
17818,-86.69528
17819,-85.94657
17820,-84.95842
17821,-83.826515
17822,-82.64389
17823,-81.488106
17824,-80.41755
17825,-79.49289
17826,-78.776505
17827,-78.325226
17828,-78.16409
17829,-78.27852
17830,-78.65872
17831,-79.29845
17832,-80.18661
17833,-81.2844
17834,-82.51847
17835,-83.81959
17836,-85.121666
17837,-86.36009
17838,-87.47887
17839,-88.4327
17840,-89.17498
17841,-89.65818
17842,-89.83475
17843,-89.65711
17844,-89.07772
17845,-88.049
17846,-86.52338
17847,-86.16689
17848,-88.10992
17849,-88.424995
17850,-88.35397
17851,-88.006676
17852,-87.49297
17853,-86.92268
17854,-86.40571
17855,-86.05194
17856,-85.97126
17857,-86.25972
17858,-86.9347
17859,-87.915215
17860,-89.13224
17861,-90.525536
17862,-92.0304
17863,-93.55664
17864,-94.98228
17865,-96.18927
17866,-97.06241
17867,-97.50481
17868,-97.523735
17869,-97.256546
17870,-96.82494
17871,-96.339005
17872,-95.89995
17873,-95.558304
17874,-95.30125
17875,-95.12362
17876,-95.02591
17877,-95.01236
17878,-95.10877
17879,-95.36781
17880,-95.83888
17881,-96.56896
17882,-97.597305
17883,-98.91921
17884,-100.47516
17885,-102.212296
17886,-104.08267
17887,-106.03158
17888,-107.96592
17889,-109.74465
17890,-111.232544
17891,-112.29863
17892,-112.81179
17893,-112.640785
17894,-111.65407
17895,-109.71982
17896,-111.70594
17897,-106.310425
17898,-115.75997
17899,-110.8394
17900,-109.61148
17901,-107.40649
17902,-104.55609
17903,-106.393005
17904,-103.25046
17905,-100.46174
17906,-93.35982
17907,-92.227
17908,-92.05992
17909,-92.499
17910,-93.227875
17911,-93.96216
17912,-94.45409
17913,-94.6633
17914,-94.80832
17915,-95.07636
17916,-95.631485
17917,-96.607735
17918,-97.96883
17919,-99.46585
17920,-100.87568
17921,-101.99433
17922,-102.637474
17923,-102.73243
17924,-102.346016
17925,-101.52828
17926,-100.3168
17927,-98.76443
17928,-97.010345
17929,-95.301735
17930,-93.87282
17931,-92.94816
17932,-92.71164
17933,-93.11687
17934,-93.83005
17935,-94.55215
17936,-95.01002
17937,-94.96956
17938,-94.41884
17939,-93.62336
17940,-92.815186
17941,-92.20162
17942,-91.989944
17943,-92.38738
17944,-93.6011
17945,-95.8381
17946,-104.30499
17947,-108.34897
17948,-110.959656
17949,-106.61986
17950,-106.10657
17951,-104.687065
17952,-102.629425
17953,-100.20236
17954,-97.67509
17955,-95.31692
17956,-93.39707
17957,-92.15221
17958,-91.635155
17959,-91.66926
17960,-92.10567
17961,-92.81612
17962,-93.67467
17963,-94.5684
17964,-95.4006
17965,-96.07259
17966,-96.484276
17967,-96.556175
17968,-96.32616
17969,-95.97862
17970,-95.68035
17971,-95.585014
17972,-95.81823
17973,-96.34588
17974,-96.934555
17975,-97.37494
17976,-97.47555
17977,-97.07326
17978,-96.16603
17979,-94.95324
17980,-93.610054
17981,-92.29373
17982,-91.14988
17983,-90.257965
17984,-89.61486
17985,-89.227394
17986,-89.10976
17987,-89.27121
17988,-89.692696
17989,-90.31992
17990,-91.10277
17991,-91.99436
17992,-92.94779
17993,-93.91616
17994,-94.8526
17995,-95.710236
17996,-96.442184
17997,-97.62966
17998,-99.47917
17999,-100.259636
18000,-100.60982
18001,-100.61702
18002,-100.3685
18003,-99.951675
18004,-99.45395
18005,-98.962746
18006,-98.56551
18007,-98.33906
18008,-98.2995
18009,-98.387215
18010,-98.55172
18011,-98.74929
18012,-98.92809
18013,-98.99029
18014,-98.78056
18015,-98.15047
18016,-96.956604
18017,-95.10551
18018,-92.78779
18019,-90.54918
18020,-88.892784
18021,-88.28971
18022,-89.117134
18023,-91.220055
18024,-93.77916
18025,-96.05587
18026,-97.37155
18027,-97.15562
18028,-95.449936
18029,-93.062
18030,-90.70788
18031,-89.0355
18032,-88.60798
18033,-89.50779
18034,-91.21788
18035,-93.2938
18036,-95.345
18037,-97.019394
18038,-98.182785
18039,-98.972694
18040,-99.493645
18041,-99.825836
18042,-100.0495
18043,-100.24489
18044,-100.49226
18045,-100.87191
18046,-101.46409
18047,-101.94153
18048,-101.75553
18049,-101.33422
18050,-100.70616
18051,-99.93963
18052,-99.10293
18053,-98.264404
18054,-97.49238
18055,-96.85519
18056,-96.42114
18057,-96.24995
18058,-96.352585
18059,-96.6791
18060,-97.18689
18061,-97.838806
18062,-98.60291
18063,-99.47668
18064,-100.49428
18065,-101.685455
18066,-103.076675
18067,-104.677826
18068,-106.405014
18069,-108.05717
18070,-109.44749
18071,-110.39957
18072,-110.76757
18073,-110.57958
18074,-110.08131
18075,-109.49272
18076,-109.01471
18077,-108.82615
18078,-108.981026
18079,-109.37716
18080,-109.9309
18081,-110.572525
18082,-111.23451
18083,-111.861595
18084,-112.41382
18085,-112.84943
18086,-113.12526
18087,-113.20461
18088,-113.08737
18089,-112.8192
18090,-112.44042
18091,-111.98724
18092,-111.49593
18093,-111.00275
18094,-110.54395
18095,-110.15584
18096,-109.87464
18097,-108.77181
18098,-106.57909
18099,-106.07531
18100,-106.21341
18101,-106.83892
18102,-107.79759
18103,-108.935455
18104,-110.09861
18105,-111.1333
18106,-111.88575
18107,-112.22472
18108,-112.14722
18109,-111.81057
18110,-111.35324
18111,-110.89947
18112,-110.56064
18113,-110.37457
18114,-110.28708
18115,-110.254814
18116,-110.24265
18117,-110.21249
18118,-110.10919
18119,-109.856514
18120,-109.380646
18121,-108.60964
18122,-107.48947
18123,-106.06806
18124,-104.520996
18125,-103.00881
18126,-101.68075
18127,-100.688416
18128,-100.196915
18129,-100.3883
18130,-101.44233
18131,-103.537056
18132,-111.783905
18133,-115.918106
18134,-120.20659
18135,-123.97457
18136,-126.59004
18137,-122.51071
18138,-121.70612
18139,-119.78761
18140,-117.29291
18141,-114.70483
18142,-112.507126
18143,-111.183556
18144,-111.21709
18145,-113.089294
18146,-122.27962
18147,-119.0623
18148,-119.11533
18149,-112.56951
18150,-111.612236
18151,-111.10931
18152,-110.926865
18153,-110.93127
18154,-110.98902
18155,-110.96677
18156,-110.7311
18157,-110.169266
18158,-109.28539
18159,-108.22972
18160,-107.134575
18161,-106.11901
18162,-105.287384
18163,-104.66058
18164,-104.15523
18165,-103.7007
18166,-103.23598
18167,-102.716576
18168,-102.19052
18169,-101.821236
18170,-106.75856
18171,-102.14195
18172,-103.073906
18173,-104.452484
18174,-105.921906
18175,-107.1552
18176,-107.847855
18177,-107.74088
18178,-106.8302
18179,-105.43049
18180,-103.82095
18181,-102.254585
18182,-100.95473
18183,-99.967514
18184,-99.11708
18185,-98.25529
18186,-97.25473
18187,-101.00775
18188,-94.515175
18189,-92.91268
18190,-91.31878
18191,-89.83893
18192,-88.57814
18193,-87.64142
18194,-87.13397
18195,-87.161476
18196,-87.82996
18197,-89.40602
18198,-91.06084
18199,-90.823326
18200,-89.70212
18201,-87.90809
18202,-85.652306
18203,-83.145874
18204,-80.59986
18205,-78.22495
18206,-76.231476
18207,-74.79256
18208,-73.872604
18209,-73.175545
18210,-72.43657
18211,-71.413895
18212,-69.89965
18213,-67.88021
18214,-65.58417
18215,-63.2104
18216,-60.9355
18217,-58.92234
18218,-57.258774
18219,-55.939423
18220,-59.96994
18221,-54.36414
18222,-54.124016
18223,-54.186085
18224,-54.40503
18225,-54.64387
18226,-54.77245
18227,-54.67664
18228,-54.33341
18229,-53.83378
18230,-53.256233
18231,-52.669548
18232,-52.125835
18233,-51.581387
18234,-50.872353
18235,-49.848755
18236,-48.371624
18237,-46.331627
18238,-43.783897
18239,-45.98796
18240,-43.178883
18241,-40.572304
18242,-33.38259
18243,-31.823877
18244,-31.111992
18245,-31.466864
18246,-33.114586
18247,-34.21951
18248,-32.393093
18249,-30.62697
18250,-28.529556
18251,-26.264921
18252,-23.995205
18253,-21.880823
18254,-25.08108
18255,-18.755192
18256,-18.063906
18257,-18.141802
18258,-18.958778
18259,-20.26609
18260,-21.820223
18261,-23.38852
18262,-24.753517
18263,-25.794006
18264,-26.513748
18265,-26.910318
18266,-26.972507
18267,-26.704292
18268,-26.195074
18269,-25.642511
18270,-25.235113
18271,-25.152922
18272,-25.546022
18273,-26.388073
18274,-27.424091
18275,-28.412832
18276,-29.129461
18277,-29.380083
18278,-29.145073
18279,-28.625586
18280,-28.004267
18281,-27.44514
18282,-27.090498
18283,-26.961697
18284,-26.92617
18285,-26.863157
18286,-26.663723
18287,-26.236574
18288,-25.590946
18289,-24.86362
18290,-24.180958
18291,-23.659021
18292,-23.414028
18293,-23.562984
18294,-24.224232
18295,-25.517984
18296,-27.56639
18297,-29.969887
18298,-31.7901
18299,-33.159245
18300,-34.23629
18301,-35.103836
18302,-40.843494
18303,-36.536232
18304,-37.262398
18305,-38.101597
18306,-39.132843
18307,-40.416275
18308,-41.90505
18309,-43.41643
18310,-44.780224
18311,-45.837955
18312,-46.448273
18313,-46.563526
18314,-46.253582
18315,-45.576298
18316,-44.579514
18317,-43.31864
18318,-41.89216
18319,-40.45238
18320,-39.145462
18321,-38.11275
18322,-37.483112
18323,-37.313473
18324,-37.5698
18325,-38.227306
18326,-39.268707
18327,-40.66431
18328,-42.314735
18329,-44.032
18330,-45.635838
18331,-46.953396
18332,-47.836372
18333,-48.273804
18334,-48.42718
18335,-48.43964
18336,-48.439114
18337,-48.537228
18338,-48.754265
18339,-48.99575
18340,-49.179485
18341,-49.233086
18342,-49.08421
18343,-48.660614
18344,-47.890247
18345,-46.70132
18346,-45.022495
18347,-44.849598
18348,-47.524075
18349,-48.257298
18350,-48.487324
18351,-48.325962
18352,-47.88406
18353,-47.27185
18354,-46.59912
18355,-45.97539
18356,-45.510067
18357,-45.30246
18358,-45.39444
18359,-45.755543
18360,-46.36295
18361,-47.199978
18362,-48.245224
18363,-49.450977
18364,-50.736267
18365,-52.02349
18366,-53.237827
18367,-54.307644
18368,-55.179184
18369,-55.821102
18370,-56.1997
18371,-56.279408
18372,-56.03904
18373,-55.538883
18374,-54.941128
18375,-54.39614
18376,-54.045223
18377,-54.009705
18378,-54.29721
18379,-54.77261
18380,-55.316624
18381,-55.822254
18382,-56.19881
18383,-56.44875
18384,-56.691277
18385,-57.032448
18386,-57.568127
18387,-58.376945
18388,-59.439194
18389,-60.611637
18390,-61.764847
18391,-62.78017
18392,-63.539055
18393,-63.92307
18394,-63.81404
18395,-63.09398
18396,-61.645317
18397,-63.37535
18398,-75.695656
18399,-78.971725
18400,-81.35142
18401,-78.17086
18402,-79.76314
18403,-81.46002
18404,-83.59283
18405,-91.49264
18406,-95.49022
18407,-100.79186
18408,-106.900444
18409,-112.44388
18410,-116.16094
18411,-111.86971
18412,-108.60359
18413,-106.646645
18414,-102.86256
18415,-93.94277
18416,-86.43986
18417,-81.70466
18418,-75.00391
18419,-70.27016
18420,-71.602905
18421,-73.217964
18422,-74.39995
18423,-74.84334
18424,-74.75651
18425,-74.28711
18426,-73.53767
18427,-72.60849
18428,-71.58504
18429,-70.53406
18430,-69.52508
18431,-68.629845
18432,-67.91381
18433,-67.404594
18434,-67.082466
18435,-66.93366
18436,-66.948814
18437,-67.11095
18438,-67.35905
18439,-67.57699
18440,-67.655205
18441,-67.489044
18442,-66.97386
18443,-66.005196
18444,-64.47868
18445,-62.29031
18446,-64.33665
18447,-58.166634
18448,-60.714874
18449,-61.217266
18450,-61.35116
18451,-61.211777
18452,-60.89396
18453,-60.492245
18454,-60.100983
18455,-59.814377
18456,-59.72655
18457,-59.913754
18458,-60.35081
18459,-60.885437
18460,-61.379726
18461,-61.706875
18462,-61.755028
18463,-61.49767
18464,-61.015102
18465,-60.375034
18466,-59.635674
18467,-58.85553
18468,-58.095333
18469,-57.41878
18470,-56.88914
18471,-56.56942
18472,-56.51777
18473,-56.76437
18474,-57.304394
18475,-58.13699
18476,-59.264328
18477,-60.670734
18478,-62.23897
18479,-63.72439
18480,-64.89674
18481,-65.53719
18482,-65.46177
18483,-64.68248
18484,-63.455906
18485,-62.009415
18486,-60.5482
18487,-59.261337
18488,-58.248413
18489,-57.497334
18490,-57.00928
18491,-56.795376
18492,-56.86679
18493,-57.234737
18494,-57.91047
18495,-58.905247
18496,-60.230324
18497,-61.98422
18498,-63.634796
18499,-64.04499
18500,-63.85537
18501,-63.22783
18502,-62.323574
18503,-61.303425
18504,-60.32792
18505,-59.557438
18506,-59.152397
18507,-59.245644
18508,-59.812496
18509,-60.630585
18510,-61.4999
18511,-62.237553
18512,-62.682323
18513,-62.796276
18514,-62.695835
18515,-62.479473
18516,-62.23195
18517,-62.031776
18518,-61.922432
18519,-66.9035
18520,-61.979694
18521,-62.159283
18522,-62.450474
18523,-62.865116
18524,-63.42004
18525,-64.131485
18526,-65.01536
18527,-66.08094
18528,-67.29827
18529,-68.58823
18530,-69.87776
18531,-71.09854
18532,-72.18523
18533,-73.08794
18534,-73.77602
18535,-74.21676
18536,-74.37594
18537,-74.23116
18538,-73.82645
18539,-73.28874
18540,-72.73507
18541,-72.27503
18542,-72.01821
18543,-72.07427
18544,-72.55296
18545,-73.56408
18546,-75.21755
18547,-76.85576
18548,-77.235535
18549,-76.86162
18550,-75.90959
18551,-74.510025
18552,-72.793365
18553,-70.88993
18554,-68.92983
18555,-67.04302
18556,-65.35924
18557,-63.99662
18558,-63.008118
18559,-62.365376
18560,-62.049828
18561,-62.050125
18562,-62.349384
18563,-62.89938
18564,-63.612606
18565,-64.40595
18566,-65.19968
18567,-65.91544
18568,-66.48326
18569,-66.843575
18570,-66.93565
18571,-66.69787
18572,-66.087875
18573,-65.172585
18574,-64.155266
18575,-63.222755
18576,-62.54965
18577,-62.28544
18578,-62.436844
18579,-62.831833
18580,-63.319183
18581,-63.7631
18582,-64.04347
18583,-64.131004
18584,-64.11038
18585,-64.0529
18586,-64.019806
18587,-64.06991
18588,-64.24773
18589,-64.57996
18590,-65.09553
18591,-65.825134
18592,-66.7996
18593,-68.04985
18594,-69.60696
18595,-71.50197
18596,-73.76602
18597,-75.250015
18598,-75.19196
18599,-76.3172
18600,-77.72615
18601,-79.31705
18602,-80.988075
18603,-82.637436
18604,-84.163376
18605,-85.46417
18606,-86.43818
18607,-86.99057
18608,-87.06543
18609,-86.655304
18610,-85.74685
18611,-84.32238
18612,-82.38659
18613,-80.071106
18614,-77.66598
18615,-75.44178
18616,-73.6547
18617,-72.525185
18618,-72.072334
18619,-72.063896
18620,-72.29794
18621,-72.59479
18622,-72.793495
18623,-72.840355
18624,-72.81567
18625,-72.78366
18626,-72.79659
18627,-72.90219
18628,-73.12222
18629,-73.44604
18630,-73.86693
18631,-74.381
18632,-74.98179
18633,-75.64802
18634,-76.339905
18635,-77.01988
18636,-77.652054
18637,-78.20311
18638,-78.65477
18639,-79.00744
18640,-79.25921
18641,-79.4066
18642,-79.446045
18643,-79.374016
18644,-79.18699
18645,-78.8814
18646,-78.45373
18647,-85.097885
18648,-89.57271
18649,-85.71545
18650,-85.86291
18651,-85.372826
18652,-84.60145
18653,-83.90497
18654,-83.64
18655,-84.16401
18656,-85.83546
18657,-88.92066
18658,-98.15701
18659,-102.62152
18660,-106.47321
18661,-108.93268
18662,-104.32974
18663,-102.60964
18664,-99.48736
18665,-100.58734
18666,-96.4674
18667,-92.6375
18668,-89.33143
18669,-86.43793
18670,-83.88726
18671,-76.64053
18672,-74.65559
18673,-72.87089
18674,-71.20081
18675,-69.56263
18676,-67.875694
18677,-66.07617
18678,-64.196075
18679,-62.38671
18680,-60.78433
18681,-59.51399
18682,-58.67691
18683,-58.24008
18684,-58.002674
18685,-57.783287
18686,-57.415146
18687,-56.75475
18688,-55.79079
18689,-54.677258
18690,-53.548893
18691,-52.52576
18692,-51.72783
18693,-51.27515
18694,-51.28806
18695,-51.88738
18696,-53.19457
18697,-54.660103
18698,-55.15526
18699,-55.04316
18700,-54.561844
18701,-53.867672
18702,-53.11643
18703,-52.46348
18704,-52.064068
18705,-52.0735
18706,-52.647533
18707,-53.904858
18708,-55.749775
18709,-57.81576
18710,-59.764572
18711,-61.281204
18712,-62.09603
18713,-62.19438
18714,-61.880127
18715,-61.41983
18716,-61.051495
18717,-60.983723
18718,-61.2598
18719,-61.716125
18720,-62.213017
18721,-62.6289
18722,-62.85614
18723,-62.866474
18724,-62.73094
18725,-62.508987
18726,-62.25125
18727,-62.002018
18728,-61.769627
18729,-61.517517
18730,-61.214375
18731,-60.83287
18732,-60.351753
18733,-59.784393
18734,-59.187447
18735,-58.612503
18736,-58.1073
18737,-57.7127
18738,-57.430386
18739,-57.213024
18740,-57.018936
18741,-56.810734
18742,-56.55103
18743,-56.20245
18744,-55.72767
18745,-55.089367
18746,-54.25031
18747,-53.160084
18748,-52.3425
18749,-52.701416
18750,-53.700294
18751,-55.19741
18752,-57.049927
18753,-59.114178
18754,-61.246017
18755,-63.301014
18756,-65.13481
18757,-66.6111
18758,-67.638695
18759,-68.18269
18760,-68.201836
18761,-67.65003
18762,-66.51102
18763,-64.93739
18764,-63.29222
18765,-61.91297
18766,-61.118065
18767,-66.17574
18768,-62.06683
18769,-63.410732
18770,-64.86555
18771,-66.1184
18772,-66.89644
18773,-67.160645
18774,-67.16478
18775,-67.129036
18776,-67.248535
18777,-67.68331
18778,-68.38944
18779,-69.06744
18780,-69.4488
18781,-69.288635
18782,-68.389275
18783,-66.81686
18784,-64.96623
18785,-63.192757
18786,-61.822227
18787,-61.13689
18788,-61.172237
18789,-61.654793
18790,-62.347034
18791,-63.038208
18792,-63.51718
18793,-63.572872
18794,-62.994366
18795,-61.571312
18796,-59.094288
18797,-59.262016
18798,-69.44954
18799,-65.47724
18800,-65.30471
18801,-64.231346
18802,-62.55371
18803,-60.566776
18804,-58.56442
18805,-56.83957
18806,-55.68463
18807,-55.343407
18808,-55.78291
18809,-56.622448
18810,-57.519745
18811,-58.16191
18812,-58.27581
18813,-57.816086
18814,-57.022274
18815,-56.10091
18816,-55.233006
18817,-54.574528
18818,-54.140965
18819,-53.772015
18820,-53.327328
18821,-52.681896
18822,-51.73922
18823,-50.564632
18824,-49.42573
18825,-48.566765
18826,-48.214355
18827,-48.55738
18828,-49.566692
18829,-50.937477
18830,-52.393047
18831,-53.679424
18832,-54.569447
18833,-54.989277
18834,-55.057377
18835,-54.87098
18836,-54.51034
18837,-54.05102
18838,-53.54274
18839,-53.00301
18840,-52.45294
18841,-51.916473
18842,-51.417515
18843,-50.979992
18844,-50.627846
18845,-50.38501
18846,-50.275486
18847,-49.930546
18848,-49.239723
18849,-49.32657
18850,-49.787453
18851,-50.569305
18852,-51.61874
18853,-52.88214
18854,-54.305695
18855,-55.83547
18856,-57.417484
18857,-58.991467
18858,-60.461468
18859,-61.686714
18860,-62.531704
18861,-62.865093
18862,-62.60477
18863,-61.946846
18864,-61.434807
18865,-61.571
18866,-62.827484
18867,-65.572716
18868,-74.57639
18869,-78.85343
18870,-82.50301
18871,-84.693054
18872,-79.72099
18873,-77.60278
18874,-79.24962
18875,-75.46385
18876,-71.96633
18877,-69.39506
18878,-62.92952
18879,-62.179718
18880,-61.825096
18881,-61.595512
18882,-61.254765
18883,-60.762024
18884,-60.321182
18885,-60.107475
18886,-60.274662
18887,-60.94965
18888,-62.105488
18889,-63.52206
18890,-65.00105
18891,-66.36087
18892,-67.420074
18893,-67.997345
18894,-67.91173
18895,-66.9826
18896,-65.029945
18897,-63.191833
18898,-63.250492
18899,-63.776676
18900,-64.778305
18901,-66.095894
18902,-67.56943
18903,-69.038605
18904,-70.343124
18905,-71.32271
18906,-71.81732
18907,-71.69808
18908,-71.01287
18909,-70.02996
18910,-68.99106
18911,-68.11791
18912,-67.60808
18913,-67.52183
18914,-67.74807
18915,-68.196144
18916,-68.79053
18917,-69.46883
18918,-70.24399
18919,-71.22305
18920,-72.50197
18921,-74.16832
18922,-76.2743
18923,-78.67056
18924,-80.955864
18925,-82.75908
18926,-83.73194
18927,-83.58429
18928,-82.35454
18929,-80.491196
18930,-78.39307
18931,-76.42201
18932,-74.90744
18933,-73.99576
18934,-73.60528
18935,-73.6821
18936,-74.19278
18937,-75.093605
18938,-76.282936
18939,-77.586586
18940,-78.83895
18941,-79.88095
18942,-80.55351
18943,-80.69767
18944,-80.154526
18945,-78.76528
18946,-76.371346
18947,-75.210846
18948,-77.17553
18949,-77.37642
18950,-77.242775
18951,-76.86889
18952,-76.34903
18953,-75.7774
18954,-75.248184
18955,-74.85554
18956,-74.69366
18957,-74.8363
18958,-75.24132
18959,-75.721565
18960,-76.10727
18961,-76.2416
18962,-75.993744
18963,-75.38045
18964,-79.60276
18965,-73.83934
18966,-73.25191
18967,-72.99161
18968,-73.1548
18969,-73.77002
18970,-74.87396
18971,-76.50963
18972,-78.68102
18973,-81.16926
18974,-83.47673
18975,-85.14001
18976,-85.72136
18977,-84.86817
18978,-82.70821
18979,-79.968994
18980,-82.30557
18981,-75.3189
18982,-74.527916
18983,-74.98797
18984,-76.175896
18985,-77.638054
18986,-78.972015
18987,-79.8184
18988,-80.06345
18989,-79.900024
18990,-79.483955
18991,-78.94363
18992,-78.407234
18993,-78.00302
18994,-77.859116
18995,-78.10359
18996,-78.86461
18997,-79.78873
18998,-80.069855
18999,-79.91363
19000,-79.473785
19001,-78.83791
19002,-78.09351
19003,-77.32799
19004,-76.6286
19005,-76.08242
19006,-75.77595
19007,-75.78866
19008,-76.16244
19009,-76.8923
19010,-77.97898
19011,-79.42749
19012,-81.2161
19013,-83.1703
19014,-84.92489
19015,-91.13786
19016,-86.4844
19017,-85.706436
19018,-83.93033
19019,-81.76342
19020,-79.75299
19021,-78.402725
19022,-78.13496
19023,-78.90741
19024,-80.097466
19025,-81.15416
19026,-81.58006
19027,-80.95373
19028,-79.27794
19029,-77.08421
19030,-74.84107
19031,-72.97011
19032,-71.83148
19033,-71.43587
19034,-71.357506
19035,-71.22346
19036,-70.699684
19037,-69.49225
19038,-67.53495
19039,-65.04556
19040,-67.20754
19041,-64.17853
19042,-61.115505
19043,-58.17467
19044,-55.511322
19045,-48.28007
19046,-46.63523
19047,-46.459175
19048,-47.61265
19049,-47.21008
19050,-46.319176
19051,-45.075905
19052,-43.615105
19053,-42.070713
19054,-40.575886
19055,-39.263214
19056,-38.26499
19057,-37.689594
19058,-37.508625
19059,-37.520718
19060,-37.540783
19061,-37.39745
19062,-36.941692
19063,-36.152763
19064,-35.171444
19065,-34.122356
19066,-33.116142
19067,-32.251312
19068,-31.55902
19069,-30.985607
19070,-30.485212
19071,-30.018818
19072,-29.552824
19073,-29.085173
19074,-28.653858
19075,-28.29344
19076,-28.035278
19077,-27.904892
19078,-27.894104
19079,-27.951717
19080,-28.029823
19081,-28.083782
19082,-28.073164
19083,-27.981583
19084,-27.823366
19085,-27.610447
19086,-27.352358
19087,-27.0641
19088,-26.792112
19089,-26.622772
19090,-26.639124
19091,-26.921167
19092,-27.54932
19093,-28.604721
19094,-30.169361
19095,-32.32606
19096,-40.158195
19097,-37.59657
19098,-38.146362
19099,-38.297466
19100,-37.992653
19101,-37.389374
19102,-36.643623
19103,-35.910522
19104,-35.344734
19105,-35.10103
19106,-35.33487
19107,-36.167004
19108,-37.51357
19109,-39.02838
19110,-40.386368
19111,-41.283398
19112,-41.46424
19113,-40.946655
19114,-40.090683
19115,-39.220448
19116,-38.629803
19117,-38.5745
19118,-39.095406
19119,-39.96096
19120,-40.965088
19121,-41.923286
19122,-42.67715
19123,-43.219517
19124,-43.73427
19125,-44.386402
19126,-45.324856
19127,-46.663418
19128,-48.31409
19129,-49.93323
19130,-51.202557
19131,-51.82603
19132,-51.557346
19133,-50.426582
19134,-48.80868
19135,-47.03872
19136,-45.420135
19137,-44.224945
19138,-43.55252
19139,-43.286213
19140,-43.333065
19141,-43.61841
19142,-44.06718
19143,-44.604023
19144,-45.153355
19145,-45.639507
19146,-45.986813
19147,-46.691887
19148,-48.223694
19149,-49.465023
19150,-50.685642
19151,-51.875633
19152,-53.025078
19153,-54.124054
19154,-55.16268
19155,-56.131077
19156,-57.01935
19157,-57.823597
19158,-58.573765
19159,-59.342266
19160,-60.19673
19161,-61.20108
19162,-62.40682
19163,-63.79482
19164,-65.25735
19165,-66.696785
19166,-68.02331
19167,-69.15954
19168,-70.09837
19169,-70.92054
19170,-71.69644
19171,-72.488625
19172,-73.339386
19173,-74.17611
19174,-74.782585
19175,-74.95973
19176,-74.52144
19177,-73.32864
19178,-71.50869
19179,-69.52114
19180,-67.78496
19181,-66.688934
19182,-66.55892
19183,-67.36294
19184,-68.62092
19185,-69.905075
19186,-70.826775
19187,-71.045654
19188,-70.4958
19189,-69.45392
19190,-68.155655
19191,-66.80586
19192,-65.6091
19193,-64.76983
19194,-64.492615
19195,-64.98243
19196,-66.44488
19197,-67.389244
19198,-66.34923
19199,-66.46193
19200,-66.80518
19201,-67.29549
19202,-67.84927
19203,-68.38288
19204,-68.81269
19205,-69.05505
19206,-69.02635
19207,-68.66504
19208,-68.0345
19209,-67.35401
19210,-66.82423
19211,-66.631805
19212,-66.93662
19213,-67.74569
19214,-68.8746
19215,-70.16136
19216,-71.46073
19217,-72.641785
19218,-73.65515
19219,-74.553406
19220,-75.37705
19221,-76.157425
19222,-76.92069
19223,-77.66296
19224,-78.34296
19225,-78.92392
19226,-79.37245
19227,-79.66489
19228,-79.83327
19229,-79.97918
19230,-80.19574
19231,-80.56991
19232,-81.17158
19233,-81.97391
19234,-82.82924
19235,-83.604485
19236,-84.17737
19237,-84.44158
19238,-84.38148
19239,-84.09451
19240,-83.664474
19241,-83.164955
19242,-82.66962
19243,-82.25206
19244,-81.98593
19245,-81.944824
19246,-82.202385
19247,-82.53594
19248,-82.43932
19249,-82.03636
19250,-81.448784
19251,-80.74753
19252,-80.00351
19253,-79.28767
19254,-78.670876
19255,-78.224045
19256,-78.01811
19257,-78.11371
19258,-78.51331
19259,-79.14663
19260,-79.95212
19261,-80.87471
19262,-81.861115
19263,-82.868065
19264,-83.8648
19265,-84.81911
19266,-85.69762
19267,-86.46883
19268,-87.111755
19269,-87.61861
19270,-87.97995
19271,-88.1852
19272,-88.2336
19273,-88.18039
19274,-88.150635
19275,-88.261
19276,-88.621864
19277,-89.31239
19278,-90.23452
19279,-91.06892
19280,-91.52309
19281,-91.32434
19282,-90.251236
19283,-88.37402
19284,-86.127266
19285,-83.90167
19286,-82.05522
19287,-80.905266
19288,-80.539795
19289,-80.76063
19290,-81.40439
19291,-82.33323
19292,-83.40926
19293,-84.494545
19294,-85.45116
19295,-86.141174
19296,-86.42672
19297,-85.3418
19298,-82.437294
19299,-80.04538
19300,-77.67275
19301,-75.434715
19302,-73.44645
19303,-71.82301
19304,-70.67951
19305,-70.13107
19306,-70.29315
19307,-71.24567
19308,-72.86511
19309,-74.77309
19310,-76.621
19311,-78.08274
19312,-78.87532
19313,-78.959236
19314,-78.598785
19315,-78.021545
19316,-77.42781
19317,-76.998375
19318,-76.80341
19319,-76.77506
19320,-76.862114
19321,-77.02574
19322,-77.23102
19323,-77.465355
19324,-77.744125
19325,-78.07934
19326,-78.48045
19327,-78.95606
19328,-79.50935
19329,-80.1368
19330,-80.83571
19331,-81.60401
19332,-82.433525
19333,-83.28172
19334,-84.06316
19335,-84.6976
19336,-85.1086
19337,-85.23626
19338,-85.11421
19339,-84.89297
19340,-84.70882
19341,-84.68768
19342,-84.95539
19343,-85.63783
19344,-86.86089
19345,-88.7504
19346,-91.4321
19347,-93.62922
19348,-93.890396
19349,-94.508804
19350,-95.01078
19351,-95.44356
19352,-95.85437
19353,-96.29049
19354,-96.79911
19355,-97.427505
19356,-98.222885
19357,-99.2149
19358,-100.33318
19359,-101.38263
19360,-102.183205
19361,-102.56605
19362,-102.39453
19363,-101.715546
19364,-100.805504
19365,-99.91343
19366,-99.26798
19367,-99.06194
19368,-99.28424
19369,-99.66925
19370,-99.982
19371,-100.01029
19372,-99.58171
19373,-98.74975
19374,-97.85029
19375,-97.18538
19376,-97.03191
19377,-97.62314
19378,-98.945175
19379,-100.67571
19380,-102.52976
19381,-104.25019
19382,-105.60736
19383,-106.527374
19384,-107.1307
19385,-107.51438
19386,-107.75819
19387,-107.93081
19388,-108.038124
19389,-108.00741
19390,-107.77531
19391,-107.285416
19392,-106.48132
19393,-105.306564
19394,-103.70464
19395,-101.619026
19396,-98.9932
19397,-96.879
19398,-96.39461
19399,-95.64706
19400,-95.09978
19401,-94.75858
19402,-94.62929
19403,-94.717674
19404,-95.029594
19405,-95.57082
19406,-96.34719
19407,-97.35543
19408,-98.54081
19409,-99.78441
19410,-100.97507
19411,-102.00745
19412,-102.789444
19413,-103.30438
19414,-103.62983
19415,-103.831985
19416,-103.968666
19417,-104.08835
19418,-104.1863
19419,-104.19132
19420,-104.04021
19421,-103.6756
19422,-103.052216
19423,-102.19334
19424,-101.207924
19425,-100.19475
19426,-99.24496
19427,-98.4434
19428,-97.83911
19429,-97.43641
19430,-97.24495
19431,-97.27838
19432,-97.54422
19433,-98.01513
19434,-98.62024
19435,-99.29396
19436,-99.974594
19437,-100.604
19438,-101.14408
19439,-101.58184
19440,-101.90122
19441,-102.08393
19442,-102.111694
19443,-101.96618
19444,-101.62911
19445,-101.08216
19446,-100.307014
19447,-98.90265
19448,-97.159584
19449,-96.84358
19450,-97.16164
19451,-97.96518
19452,-99.10582
19453,-100.43526
19454,-101.80526
19455,-103.067726
19456,-104.07452
19457,-104.700325
19458,-104.949234
19459,-104.98703
19460,-104.96016
19461,-105.00071
19462,-105.22363
19463,-105.646866
19464,-106.16692
19465,-106.6949
19466,-107.152695
19467,-107.47508
19468,-107.66997
19469,-107.83659
19470,-108.063324
19471,-108.430374
19472,-109.003334
19473,-109.764435
19474,-110.59188
19475,-111.3763
19476,-112.01761
19477,-112.425415
19478,-112.56452
19479,-112.4687
19480,-112.16351
19481,-111.668465
19482,-111.0102
19483,-110.25635
19484,-109.52575
19485,-108.93118
19486,-108.58091
19487,-108.57085
19488,-108.92696
19489,-109.58792
19490,-110.50272
19491,-111.62818
19492,-112.92116
19493,-114.33853
19494,-115.83718
19495,-117.374054
19496,-118.9061
19497,-117.07974
19498,-115.39029
19499,-112.73752
19500,-106.22394
19501,-105.603004
19502,-105.62947
19503,-106.05886
19504,-106.647095
19505,-107.15045
19506,-107.32521
19507,-106.96933
19508,-106.11742
19509,-105.10018
19510,-104.21325
19511,-103.72602
19512,-103.86224
19513,-104.58675
19514,-105.54105
19515,-106.40562
19516,-106.88984
19517,-106.746376
19518,-105.97389
19519,-104.878586
19520,-103.73029
19521,-102.77159
19522,-102.21282
19523,-102.08094
19524,-102.17385
19525,-102.31686
19526,-102.35575
19527,-102.159966
19528,-101.73295
19529,-101.24557
19530,-100.84871
19531,-100.678345
19532,-100.84832
19533,-101.34722
19534,-102.00718
19535,-102.67916
19536,-103.22817
19537,-103.534744
19538,-103.56807
19539,-103.40785
19540,-103.12062
19541,-102.76304
19542,-102.39176
19543,-102.06348
19544,-101.83488
19545,-101.76261
19546,-101.903366
19547,-101.964
19548,-101.591705
19549,-101.36731
19550,-101.23609
19551,-101.2564
19552,-101.48658
19553,-101.98493
19554,-102.80976
19555,-104.01929
19556,-105.67171
19557,-107.78976
19558,-110.19516
19559,-112.45907
19560,-114.18304
19561,-114.991005
19562,-114.58806
19563,-113.1435
19564,-111.40865
19565,-110.06759
19566,-109.75323
19567,-110.99186
19568,-113.706955
19569,-122.07058
19570,-125.345924
19571,-127.86459
19572,-124.040665
19573,-123.75509
19574,-122.47342
19575,-120.59363
19576,-118.4632
19577,-116.40428
19578,-114.5906
19579,-113.00951
19580,-111.669754
19581,-110.596504
19582,-109.80848
19583,-109.28797
19584,-108.97147
19585,-108.80051
19586,-108.720474
19587,-108.68208
19588,-108.666245
19589,-108.6917
19590,-108.77286
19591,-108.92099
19592,-109.14755
19593,-109.46414
19594,-109.88254
19595,-110.41464
19596,-111.072464
19597,-111.74012
19598,-112.2086
19599,-112.555824
19600,-112.7833
19601,-112.89227
19602,-112.88404
19603,-112.75994
19604,-112.521286
19605,-112.16938
19606,-111.705605
19607,-111.13325
19608,-110.4671
19609,-109.73624
19610,-108.968056
19611,-108.188644
19612,-107.425735
19613,-106.71647
19614,-106.10969
19615,-105.65289
19616,-105.3924
19617,-105.36555
19618,-105.5584
19619,-105.893105
19620,-106.299355
19621,-106.7126
19622,-107.07011
19623,-107.319374
19624,-107.42078
19625,-107.33313
19626,-107.01402
19627,-106.430176
19628,-105.60002
19629,-104.606705
19630,-103.52572
19631,-102.42679
19632,-101.378586
19633,-100.443596
19634,-99.67657
19635,-99.13315
19636,-98.86968
19637,-98.931366
19638,-99.300644
19639,-99.881485
19640,-100.58736
19641,-101.338745
19642,-102.056145
19643,-102.66006
19644,-103.07097
19645,-103.209366
19646,-102.995674
19647,-102.21533
19648,-101.276405
19649,-101.35275
19650,-101.8163
19651,-102.514336
19652,-103.29428
19653,-104.00364
19654,-104.48992
19655,-104.60062
19656,-104.18315
19657,-103.126366
19658,-101.55524
19659,-99.89015
19660,-98.51654
19661,-97.79353
19662,-98.02361
19663,-99.18894
19664,-100.87187
19665,-102.7032
19666,-104.34977
19667,-105.51763
19668,-106.13452
19669,-106.404915
19670,-106.500046
19671,-106.566536
19672,-106.73542
19673,-107.0485
19674,-107.43613
19675,-107.84195
19676,-108.2196
19677,-108.524796
19678,-108.725525
19679,-108.80503
19680,-108.74472
19681,-108.524635
19682,-108.137115
19683,-107.6443
19684,-107.19565
19685,-106.930275
19686,-106.97952
19687,-107.45534
19688,-108.35986
19689,-109.55813
19690,-110.93157
19691,-112.373955
19692,-113.77909
19693,-115.04083
19694,-116.05304
19695,-116.7095
19696,-116.90397
19697,-115.507866
19698,-112.24848
19699,-110.33691
19700,-108.813576
19701,-107.669
19702,-106.89375
19703,-106.47842
19704,-106.413605
19705,-106.68997
19706,-107.29818
19707,-108.21616
19708,-109.349594
19709,-110.513885
19710,-111.53532
19711,-112.24824
19712,-112.509865
19713,-112.30747
19714,-111.791
19715,-111.09122
19716,-110.32459
19717,-109.59423
19718,-108.92728
19719,-108.25575
19720,-107.52295
19721,-106.68053
19722,-105.697685
19723,-104.64276
19724,-103.70821
19725,-103.071754
19726,-102.900024
19727,-103.327354
19728,-104.305435
19729,-105.557884
19730,-106.83584
19731,-107.91094
19732,-108.58062
19733,-108.78857
19734,-108.66116
19735,-108.30306
19736,-107.802635
19737,-107.245995
19738,-106.70554
19739,-106.23673
19740,-105.89699
19741,-105.745224
19742,-105.84039
19743,-106.24134
19744,-107.006966
19745,-108.19603
19746,-109.86725
19747,-112.624115
19748,-121.06287
19749,-117.630714
19750,-118.39776
19751,-118.528946
19752,-118.1896
19753,-117.54541
19754,-116.76231
19755,-116.00645
19756,-115.444
19757,-115.22939
19758,-115.44986
19759,-116.108734
19760,-117.219086
19761,-118.80136
19762,-120.83836
19763,-123.09918
19764,-125.086136
19765,-126.33325
19766,-126.39779
19767,-124.91923
19768,-122.010826
19769,-123.382095
19770,-119.67676
19771,-116.4876
19772,-114.334595
19773,-108.3245
19774,-108.04754
19775,-108.15473
19776,-108.34342
19777,-108.34627
19778,-108.09451
19779,-107.7676
19780,-107.51547
19781,-107.46605
19782,-107.72416
19783,-108.26395
19784,-108.89618
19785,-109.45119
19786,-109.77385
19787,-109.732834
19788,-109.33222
19789,-108.74538
19790,-108.125656
19791,-107.611404
19792,-107.34101
19793,-107.45282
19794,-108.08506
19795,-109.375786
19796,-111.462875
19797,-113.64992
19798,-114.6461
19799,-115.05764
19800,-114.99478
19801,-114.56216
19802,-113.86453
19803,-113.006836
19804,-112.094086
19805,-111.2313
19806,-110.52361
19807,-110.061424
19808,-109.85234
19809,-109.80019
19810,-109.821144
19811,-109.84058
19812,-109.79087
19813,-109.64398
19814,-109.42137
19815,-109.13866
19816,-108.80702
19817,-108.44114
19818,-108.07527
19819,-107.768196
19820,-107.5758
19821,-107.55176
19822,-107.74196
19823,-108.14787
19824,-108.71558
19825,-109.39778
19826,-110.15207
19827,-110.925156
19828,-111.601295
19829,-111.98683
19830,-111.8973
19831,-111.155014
19832,-109.631065
19833,-107.47547
19834,-105.18762
19835,-103.22631
19836,-102.01932
19837,-101.93023
19838,-102.95977
19839,-104.655975
19840,-106.62154
19841,-108.500015
19842,-109.93532
19843,-110.571266
19844,-110.0513
19845,-108.01795
19846,-109.11256
19847,-103.04917
19848,-113.54315
19849,-109.79917
19850,-110.08947
19851,-109.665665
19852,-108.77994
19853,-107.685
19854,-106.633896
19855,-105.879814
19856,-105.675896
19857,-106.228676
19858,-107.48094
19859,-109.04629
19860,-110.57801
19861,-111.75899
19862,-112.30542
19863,-112.12242
19864,-111.351326
19865,-110.105446
19866,-108.477295
19867,-106.57266
19868,-104.57234
19869,-102.75086
19870,-101.37168
19871,-100.68972
19872,-100.91314
19873,-101.98539
19874,-103.51964
19875,-105.16906
19876,-106.61658
19877,-107.583694
19878,-108.009766
19879,-108.106285
19880,-108.05221
19881,-108.00235
19882,-108.096146
19883,-108.3855
19884,-108.81283
19885,-109.333626
19886,-109.913055
19887,-110.51594
19888,-111.10472
19889,-111.63892
19890,-112.07839
19891,-112.38321
19892,-112.51348
19893,-112.429306
19894,-112.09073
19895,-111.45777
19896,-110.49043
19897,-109.57066
19898,-109.372475
19899,-109.56185
19900,-110.00867
19901,-110.605606
19902,-111.24539
19903,-111.82084
19904,-112.224724
19905,-112.34983
19906,-112.08888
19907,-111.36313
19908,-110.25639
19909,-109.05605
19910,-108.025696
19911,-107.41087
19912,-107.411446
19913,-107.968155
19914,-108.698105
19915,-109.25716
19916,-109.33009
19917,-108.65876
19918,-107.310295
19919,-105.75885
19920,-104.430824
19921,-103.71649
19922,-103.93836
19923,-105.034744
19924,-106.46438
19925,-107.74392
19926,-108.43308
19927,-108.1662
19928,-107.00215
19929,-105.530975
19930,-104.28019
19931,-103.73033
19932,-104.28676
19933,-105.92892
19934,-108.10475
19935,-110.326546
19936,-112.15452
19937,-113.200005
19938,-113.36329
19939,-112.905655
19940,-112.04566
19941,-110.97
19942,-109.86563
19943,-108.91963
19944,-108.31908
19945,-108.25095
19946,-108.90203
19947,-109.949265
19948,-110.46232
19949,-110.46919
19950,-110.20031
19951,-109.75068
19952,-109.21536
19953,-108.68949
19954,-108.26819
19955,-108.0464
19956,-108.11865
19957,-108.55694
19958,-109.307495
19959,-110.15972
19960,-110.92186
19961,-111.41633
19962,-111.49906
19963,-111.21584
19964,-110.84985
19965,-110.65652
19966,-110.870316
19967,-111.68115
19968,-113.025314
19969,-114.522385
19970,-115.83002
19971,-116.63415
19972,-116.66871
19973,-115.94031
19974,-114.79706
19975,-113.5474
19976,-112.46992
19977,-111.80387
19978,-111.56443
19979,-111.48654
19980,-111.33823
19981,-110.912384
19982,-110.03574
19983,-108.72773
19984,-107.24884
19985,-105.831245
19986,-104.68581
19987,-103.99658
19988,-103.79619
19989,-103.92804
19990,-104.258095
19991,-104.66917
19992,-105.044136
19993,-105.265945
19994,-105.21757
19995,-104.782005
19996,-103.84217
19997,-101.71568
19998,-103.62344
19999,-97.008446
20000,-96.01348
20001,-95.57984
20002,-95.64898
20003,-96.162445
20004,-97.06184
20005,-98.28883
20006,-99.78508
20007,-101.47788
20008,-103.212906
20009,-104.73394
20010,-105.79712
20011,-106.1676
20012,-105.66258
20013,-104.39628
20014,-102.85456
20015,-101.479515
20016,-100.68028
20017,-100.79559
20018,-101.76463
20019,-103.028076
20020,-104.0868
20021,-104.486465
20022,-103.846214
20023,-102.20349
20024,-100.119156
20025,-98.0922
20026,-96.57523
20027,-95.96137
20028,-96.306404
20029,-97.24511
20030,-98.46316
20031,-99.68399
20032,-100.666855
20033,-101.37338
20034,-102.01784
20035,-102.783966
20036,-103.83283
20037,-105.295006
20038,-107.12799
20039,-109.073364
20040,-110.89889
20041,-112.39173
20042,-113.339066
20043,-113.52784
20044,-112.744675
20045,-110.77563
20046,-112.40619
20047,-107.9555
20048,-121.05603
20049,-124.01199
20050,-120.661156
20051,-121.23846
20052,-120.9794
20053,-120.12025
20054,-118.89796
20055,-117.55005
20056,-116.314354
20057,-115.40084
20058,-114.8603
20059,-114.54437
20060,-114.32794
20061,-114.103584
20062,-113.77561
20063,-113.31503
20064,-112.7762
20065,-112.203705
20066,-111.63474
20067,-111.09838
20068,-115.577446
20069,-109.99691
20070,-109.28819
20071,-108.38701
20072,-107.248474
20073,-105.941895
20074,-104.679726
20075,-103.657715
20076,-103.05914
20077,-103.03665
20078,-103.567505
20079,-104.41005
20080,-105.34931
20081,-106.19032
20082,-106.75663
20083,-106.97576
20084,-106.90488
20085,-106.585785
20086,-106.0489
20087,-105.33015
20088,-104.49606
20089,-103.65147
20090,-102.89667
20091,-102.328636
20092,-102.04423
20093,-102.14008
20094,-102.71234
20095,-103.85664
20096,-105.66825
20097,-114.17882
20098,-118.85686
20099,-115.561935
20100,-115.93699
20101,-115.19351
20102,-113.543884
20103,-111.20136
20104,-113.38006
20105,-110.29473
20106,-107.16045
20107,-104.18852
20108,-106.56782
20109,-94.45915
20110,-93.02552
20111,-92.43056
20112,-92.789154
20113,-93.94862
20114,-95.4232
20115,-96.768
20116,-97.56878
20117,-97.475914
20118,-96.50283
20119,-95.116585
20120,-93.73058
20121,-92.71856
20122,-92.39747
20123,-92.7594
20124,-93.390785
20125,-93.92749
20126,-94.04199
20127,-93.45541
20128,-92.16449
20129,-90.510345
20130,-88.79264
20131,-87.280304
20132,-86.20723
20133,-85.608894
20134,-85.27315
20135,-85.017746
20136,-84.68257
20137,-84.1254
20138,-83.306564
20139,-82.31444
20140,-81.22173
20141,-80.08958
20142,-78.978935
20143,-77.950615
20144,-77.06533
20145,-76.383644
20146,-75.96603
20147,-75.86992
20148,-75.95858
20149,-75.96081
20150,-76.031204
20151,-76.20892
20152,-76.53309
20153,-77.04272
20154,-77.77675
20155,-78.7741
20156,-80.07358
20157,-81.684525
20158,-83.44873
20159,-84.99885
20160,-85.99281
20161,-86.10733
20162,-85.07537
20163,-82.949165
20164,-80.17985
20165,-82.17027
20166,-79.287254
20167,-76.873795
20168,-70.14016
20169,-69.13173
20170,-68.91433
20171,-69.56893
20172,-71.12907
20173,-73.356064
20174,-75.67021
20175,-77.53146
20176,-78.430405
20177,-77.94173
20178,-76.1136
20179,-73.5849
20180,-70.9226
20181,-68.63997
20182,-67.185974
20183,-66.6494
20184,-66.669815
20185,-66.94077
20186,-67.195404
20187,-67.197334
20188,-66.88545
20189,-66.41782
20190,-65.9265
20191,-65.52401
20192,-65.32287
20193,-65.43566
20194,-65.975105
20195,-67.05411
20196,-68.7858
20197,-70.28157
20198,-70.48395
20199,-70.96007
20200,-71.35706
20201,-71.68196
20202,-71.9418
20203,-72.143616
20204,-72.29447
20205,-72.401405
20206,-72.471504
20207,-72.50992
20208,-72.5108
20209,-72.45463
20210,-72.32352
20211,-72.10085
20212,-71.77843
20213,-71.39614
20214,-71.053894
20215,-70.844345
20216,-70.85484
20217,-71.157265
20218,-71.73627
20219,-72.46756
20220,-73.239555
20221,-73.95027
20222,-74.501755
20223,-74.81875
20224,-74.854195
20225,-74.55797
20226,-73.877686
20227,-72.78906
20228,-71.42652
20229,-70.12233
20230,-69.184845
20231,-68.90481
20232,-69.52454
20233,-71.00896
20234,-72.975235
20235,-75.08118
20236,-77.01512
20237,-78.49773
20238,-79.432365
20239,-79.950455
20240,-80.156044
20241,-80.13269
20242,-79.9639
20243,-79.73313
20244,-79.52381
20245,-79.419365
20246,-79.50314
20247,-79.8147
20248,-79.848175
20249,-78.90961
20250,-77.57618
20251,-76.0583
20252,-74.56619
20253,-73.30998
20254,-72.49966
20255,-72.34524
20256,-73.05708
20257,-74.79031
20258,-77.38426
20259,-85.28256
20260,-87.97545
20261,-84.98872
20262,-85.91245
20263,-85.69875
20264,-84.75119
20265,-83.41848
20266,-82.00891
20267,-80.80886
20268,-79.980865
20269,-79.53299
20270,-79.49199
20271,-79.8985
20272,-80.777466
20273,-82.06417
20274,-83.58199
20275,-85.16777
20276,-86.66818
20277,-87.9396
20278,-88.89416
20279,-89.51383
20280,-89.77208
20281,-89.63615
20282,-89.087135
20283,-88.18465
20284,-87.08632
20285,-85.938065
20286,-84.87714
20287,-84.02372
20288,-83.40093
20289,-82.910645
20290,-82.46946
20291,-82.00493
20292,-81.44466
20293,-80.716225
20294,-79.74732
20295,-78.465645
20296,-76.798935
20297,-76.72559
20298,-79.52629
20299,-80.39419
20300,-80.84711
20301,-81.01093
20302,-81.01143
20303,-80.97428
20304,-81.02509
20305,-81.28945
20306,-81.8929
20307,-82.92646
20308,-84.28499
20309,-85.61831
20310,-86.60591
20311,-86.94925
20312,-86.40831
20313,-85.07519
20314,-83.45673
20315,-82.00958
20316,-81.153076
20317,-81.24293
20318,-82.27382
20319,-83.789474
20320,-85.38795
20321,-86.70763
20322,-87.43217
20323,-87.50238
20324,-87.1799
20325,-86.68748
20326,-86.21913
20327,-85.951935
20328,-85.966934
20329,-86.22516
20330,-86.7022
20331,-87.38436
20332,-88.25816
20333,-89.311295
20334,-90.53297
20335,-91.91214
20336,-93.4377
20337,-95.096375
20338,-96.8629
20339,-98.69709
20340,-100.56055
20341,-102.41626
20342,-104.227196
20343,-105.956406
20344,-107.56683
20345,-109.02154
20346,-110.28349
20347,-107.63451
20348,-104.69253
20349,-101.796196
20350,-95.44351
20351,-95.292305
20352,-96.0025
20353,-97.23505
20354,-98.65125
20355,-99.91279
20356,-100.68142
20357,-100.66562
20358,-99.83927
20359,-98.508
20360,-96.93781
20361,-95.365265
20362,-94.00553
20363,-92.95202
20364,-92.14591
20365,-91.54672
20366,-91.127556
20367,-90.864235
20368,-90.74771
20369,-90.78782
20370,-90.992134
20371,-91.36655
20372,-91.91179
20373,-92.59947
20374,-93.36481
20375,-94.147385
20376,-94.89012
20377,-95.540924
20378,-96.076485
20379,-96.50934
20380,-96.847664
20381,-97.09644
20382,-97.261795
20383,-97.356285
20384,-97.40051
20385,-97.41415
20386,-97.41607
20387,-97.42349
20388,-97.443565
20389,-97.47099
20390,-97.50195
20391,-97.53379
20392,-97.5638
20393,-97.5893
20394,-97.607635
20395,-97.61608
20396,-97.611984
20397,-97.26931
20398,-96.470024
20399,-96.13508
20400,-95.98135
20401,-95.999695
20402,-96.18099
20403,-96.51613
20404,-96.99596
20405,-97.61137
20406,-98.35326
20407,-99.20564
20408,-100.11367
20409,-100.97391
20410,-101.688835
20411,-102.165215
20412,-102.32541
20413,-102.18002
20414,-101.8501
20415,-101.44344
20416,-101.05804
20417,-100.7826
20418,-100.652985
20419,-100.63903
20420,-100.718475
20421,-100.87496
20422,-101.09486
20423,-101.37982
20424,-101.75067
20425,-102.225876
20426,-102.82228
20427,-103.543785
20428,-104.32115
20429,-104.993774
20430,-105.41205
20431,-105.43452
20432,-104.95614
20433,-104.079506
20434,-103.16692
20435,-102.549835
20436,-102.53664
20437,-103.38761
20438,-105.091095
20439,-107.29606
20440,-109.692505
20441,-112.00114
20442,-113.94288
20443,-115.23871
20444,-115.609245
20445,-114.77455
20446,-112.4537
20447,-114.51441
20448,-107.919464
20449,-107.24497
20450,-107.19579
20451,-107.627594
20452,-108.3963
20453,-109.35801
20454,-110.369026
20455,-111.28566
20456,-111.96427
20457,-112.273994
20458,-112.156456
20459,-111.64402
20460,-110.75829
20461,-109.51278
20462,-107.94404
20463,-106.21907
20464,-104.668175
20465,-103.60246
20466,-103.31834
20467,-104.047554
20468,-105.656044
20469,-107.55352
20470,-109.20501
20471,-110.116615
20472,-109.86991
20473,-108.475876
20474,-106.483154
20475,-104.37747
20476,-102.59731
20477,-101.5351
20478,-101.32064
20479,-101.7558
20480,-102.68158
20481,-103.96844
20482,-105.482864
20483,-107.068596
20484,-108.540855
20485,-109.71834
20486,-110.422325
20487,-110.49996
20488,-109.9463
20489,-108.941444
20490,-107.64374
20491,-106.19521
20492,-104.73803
20493,-103.41438
20494,-102.366455
20495,-101.73638
20496,-101.66614
20497,-102.27068
20498,-103.00755
20499,-102.93819
20500,-102.54908
20501,-101.93618
20502,-101.195465
20503,-100.422966
20504,-99.71474
20505,-99.16687
20506,-98.875374
20507,-98.91911
20508,-99.279335
20509,-99.81541
20510,-100.40142
20511,-100.9224
20512,-101.28153
20513,-101.48539
20514,-101.66958
20515,-101.95423
20516,-102.4479
20517,-103.23701
20518,-104.28179
20519,-105.3852
20520,-106.3691
20521,-107.06945
20522,-107.34896
20523,-107.22233
20524,-106.89434
20525,-106.547165
20526,-106.34613
20527,-106.433586
20528,-106.8212
20529,-107.35739
20530,-107.91005
20531,-108.36171
20532,-108.61219
20533,-108.659904
20534,-108.626465
20535,-108.6188
20536,-108.73291
20537,-109.044685
20538,-109.51571
20539,-109.96471
20540,-110.22744
20541,-110.15238
20542,-109.58789
20543,-108.38218
20544,-106.38326
20545,-108.43892
20546,-104.396866
20547,-101.35694
20548,-96.73796
20549,-96.92394
20550,-97.5969
20551,-98.65022
20552,-104.977325
20553,-101.471695
20554,-103.026474
20555,-104.534096
20556,-105.88631
20557,-106.98626
20558,-107.80382
20559,-108.392365
20560,-108.79554
20561,-109.04993
20562,-109.19263
20563,-109.26181
20564,-109.296875
20565,-114.33741
20566,-109.423134
20567,-109.591835
20568,-109.87057
20569,-110.27305
20570,-110.8143
20571,-111.5106
20572,-112.35844
20573,-113.24108
20574,-113.900246
20575,-114.09484
20576,-113.596565
20577,-112.24364
20578,-110.253
20579,-108.316086
20580,-107.06952
20581,-107.10776
20582,-108.90266
20583,-117.23421
20584,-121.02056
20585,-124.28558
20586,-121.131516
20587,-120.78467
20588,-118.18027
20589,-119.144066
20590,-114.40139
20591,-109.60183
20592,-105.39595
20593,-102.433235
20594,-96.361206
20595,-97.825584
20596,-107.470215
20597,-110.26598
20598,-101.10693
20599,-100.22297
20600,-99.83252
20601,-99.79539
20602,-99.97142
20603,-100.22054
20604,-100.40267
20605,-100.37768
20606,-100.00534
20607,-99.17369
20608,-97.93187
20609,-96.53041
20610,-95.19573
20611,-94.13626
20612,-93.5339
20613,-93.42022
20614,-93.63922
20615,-94.057274
20616,-94.557526
20617,-95.024635
20618,-95.352425
20619,-95.446014
20620,-95.209236
20621,-94.54489
20622,-93.38314
20623,-91.809395
20624,-90.102974
20625,-88.51993
20626,-87.29898
20627,-86.64247
20628,-86.54646
20629,-86.749596
20630,-87.021675
20631,-87.155594
20632,-86.97363
20633,-86.46454
20634,-85.825134
20635,-85.22699
20636,-84.82307
20637,-84.74695
20638,-85.02202
20639,-85.53417
20640,-86.18593
20641,-86.892136
20642,-87.5676
20643,-88.12714
20644,-88.485596
20645,-88.55779
20646,-88.25854
20647,-86.50647
20648,-83.89874
20649,-89.782326
20650,-87.122795
20651,-95.49009
20652,-99.452034
20653,-103.57511
20654,-107.42586
20655,-110.57171
20656,-107.58083
20657,-108.093185
20658,-107.155846
20659,-105.32548
20660,-103.0996
20661,-100.93204
20662,-99.23089
20663,-98.13956
20664,-97.470276
20665,-97.07526
20666,-96.836655
20667,-96.642815
20668,-96.41578
20669,-96.119446
20670,-95.712845
20671,-95.151276
20672,-94.40226
20673,-93.502525
20674,-92.57516
20675,-91.73281
20676,-91.08038
20677,-90.699036
20678,-90.53582
20679,-90.37027
20680,-90.002045
20681,-89.24577
20682,-87.9473
20683,-86.13085
20684,-84.04327
20685,-81.9043
20686,-79.91339
20687,-78.24828
20688,-76.9652
20689,-75.96898
20690,-75.18286
20691,-79.54363
20692,-73.987976
20693,-73.45227
20694,-72.87198
20695,-72.18183
20696,-71.31619
20697,-69.79614
20698,-67.5007
20699,-65.75712
20700,-64.24135
20701,-63.0005
20702,-62.082054
20703,-61.53396
20704,-61.404526
20705,-61.74254
20706,-62.597095
20707,-63.983597
20708,-65.72391
20709,-67.39709
20710,-68.609924
20711,-68.991135
20712,-68.240005
20713,-66.453125
20714,-64.22221
20715,-62.078537
20716,-60.50799
20717,-59.924664
20718,-60.33736
20719,-61.247456
20720,-62.2144
20721,-62.84132
20722,-62.784298
20723,-62.002377
20724,-60.83293
20725,-59.56856
20726,-58.467796
20727,-57.761147
20728,-57.522152
20729,-57.627945
20730,-57.97843
20731,-58.490555
20732,-59.088387
20733,-59.73769
20734,-60.4565
20735,-61.25689
20736,-62.14625
20737,-63.120926
20738,-64.11495
20739,-64.98455
20740,-65.594696
20741,-65.817314
20742,-65.524574
20743,-64.58902
20744,-62.88376
20745,-60.28274
20746,-61.661324
20747,-59.467167
20748,-55.91887
20749,-56.004467
20750,-56.003746
20751,-55.918625
20752,-55.751083
20753,-55.503162
20754,-55.176945
20755,-54.774525
20756,-54.298042
20757,-53.762222
20758,-53.25327
20759,-57.946926
20760,-53.00877
20761,-53.596252
20762,-54.82729
20763,-56.59844
20764,-58.52807
20765,-60.263943
20766,-61.47823
20767,-61.893215
20768,-61.511196
20769,-60.68386
20770,-59.722298
20771,-58.9066
20772,-58.482235
20773,-58.496605
20774,-58.749092
20775,-59.068256
20776,-59.304813
20777,-59.329994
20778,-59.13
20779,-58.83477
20780,-58.557896
20781,-58.40042
20782,-58.44858
20783,-58.70386
20784,-59.061535
20785,-64.42895
20786,-59.72261
20787,-59.867867
20788,-59.84298
20789,-59.692966
20790,-59.45429
20791,-59.15728
20792,-58.832573
20793,-58.511223
20794,-58.224827
20795,-58.005627
20796,-57.8863
20797,-56.53616
20798,-53.38702
20799,-52.085613
20800,-51.347607
20801,-56.0122
20802,-50.91799
20803,-50.90229
20804,-50.80023
20805,-50.44519
20806,-49.67009
20807,-48.34022
20808,-46.50259
20809,-44.43085
20810,-42.373066
20811,-40.55733
20812,-39.18257
20813,-38.28175
20814,-37.67944
20815,-42.222427
20816,-36.774967
20817,-36.21427
20818,-40.493553
20819,-34.662224
20820,-33.7596
20821,-32.81606
20822,-31.861458
20823,-30.926697
20824,-30.044397
20825,-29.247616
20826,-28.570124
20827,-33.042618
20828,-27.674364
20829,-27.446428
20830,-27.34085
20831,-27.340557
20832,-27.418564
20833,-27.49388
20834,-27.416834
20835,-27.044136
20836,-26.23967
20837,-24.892445
20838,-23.023624
20839,-25.819225
20840,-18.450024
20841,-16.071344
20842,-13.835746
20843,-11.893686
20844,-10.395191
20845,-9.492436
20846,-9.342955
20847,-9.032174
20848,-7.4915905
20849,-6.46349
20850,-5.5405936
20851,-4.6740856
20852,-3.814886
20853,-2.9137566
20854,-1.9214879
20855,-0.7891662
20856,0.5314412
20857,2.0696588
20858,3.7527635
20859,-201.03865
20860,-152.30719
20861,-121.57973
20862,-110.92167
20863,-118.4465
20864,-136.0866
20865,-153.52675
20866,-158.82857
20867,-141.42334
20868,-101.589005
20869,-52.987743
20870,-8.938216
20871,22.996021
20872,41.5814
20873,50.50314
20874,54.54714
20875,56.574104
20876,58.2249
20877,60.399944
20878,62.778347
20879,64.313225
20880,64.84691
20881,64.92732
20882,64.33451
20883,60.6899
20884,51.48637
20885,37.5428
20886,24.042942
20887,18.427217
20888,24.054304
20889,36.569798
20890,49.753403
20891,59.238922
20892,63.76075
20893,64.85006
20894,64.97798
20895,64.14898
20896,54.957153
20897,22.16434
20898,-6.2494144
20899,-39.37206
20900,-68.95828
20901,-93.92881
20902,-114.71194
20903,-132.7401
20904,-150.11072
20905,-169.41107
20906,-193.70755
20907,4.289667
20908,3.20931
20909,2.1877832
20910,1.4557694
20911,1.2344722
20912,1.7005557
20913,2.814066
20914,4.256984
20915,-187.78885
20916,-146.63736
20917,-124.61351
20918,-122.8377
20919,-137.4662
20920,-164.77937
20921,-201.05312
20922,3.83361
20923,2.7337303
20924,1.5828382
20925,-4.714106
20926,-1.2479751
20927,-3.0843039
20928,-5.1350946
20929,-7.0960903
20930,-8.649806
20931,-9.495453
20932,-9.390069
20933,-8.371917
20934,-6.8344593
20935,-5.152789
20936,-3.6679382
20937,-2.6799483
20938,-2.2861085
20939,-2.3162086
20940,-2.595465
20941,-2.9583375
20942,-3.2360015
20943,-3.259121
20944,-2.8605478
20945,-1.8779713
20946,-0.15726402
20947,0.22115865
20948,-2.5639145
20949,-3.8664544
20950,-4.566832
20951,-4.800408
20952,-4.6942806
20953,-4.3705173
20954,-3.9479814
20955,-3.5437021
20956,-8.274045
20957,-3.2399738
20958,-3.4513838
20959,-3.7939432
20960,-4.1481094
20961,-4.399362
20962,-4.444701
20963,-4.248389
20964,-3.86405
20965,-3.3467338
20966,-2.74644
20967,-2.1138008
20968,-6.5040445
20969,-0.9786448
20970,-0.5993622
20971,-0.42790934
20972,-0.5151849
20973,-0.8459809
20974,-6.313406
20975,-1.8046215
20976,-2.2099261
20977,-2.4310837
20978,-2.4383538
20979,-2.2942514
20980,-2.064053
20981,-1.8080813
20982,-1.5824506
20983,-1.4196615
20984,-1.3204548
20985,-1.2849488
20986,-1.3151355
20987,-1.4099779
20988,-1.5498091
20989,-1.6895257
20990,-1.7829146
20991,-6.7850947
20992,-1.6513393
20993,-1.3371042
20994,-0.7978171
20995,0.010726614
20996,1.1317307
20997,1.7009697
20998,0.86394227
20999,0.33267874
21000,-0.104532234
21001,-0.40894312
21002,-0.54220766
21003,-0.46654296
21004,-0.14493385
21005,0.45850843
21006,1.3782336
21007,2.6304383
21008,4.1361146
21009,-189.03447
21010,-140.61229
21011,-106.43688
21012,-88.73343
21013,-85.43595
21014,-89.249306
21015,-91.9459
21016,-85.18232
21017,-62.9216
21018,-28.452517
21019,5.8073626
21020,30.850262
21021,44.140232
21022,46.89961
21023,40.307655
21024,25.670862
21025,7.2899637
21026,-10.248287
21027,-0.98449713
21028,20.459742
21029,45.490036
21030,61.484093
21031,64.31736
21032,58.8773
21033,53.204014
21034,50.633842
21035,50.49157
21036,50.840866
21037,49.770344
21038,46.101326
21039,39.740326
21040,30.99931
21041,20.699417
21042,10.343801
21043,2.0468016
21044,-1.7721697
21045,1.0699488
21046,11.743401
21047,16.68192
21048,3.7492614
21049,1.5558157
21050,8.125073
21051,20.37909
21052,34.70149
21053,47.87306
21054,57.694145
21055,63.29653
21056,65.1453
21057,59.71677
21058,63.70214
21059,63.053173
21060,62.97012
21061,63.289776
21062,63.763065
21063,64.24256
21064,64.67563
21065,59.929043
21066,64.69347
21067,63.425823
21068,60.562782
21069,56.244663
21070,51.620335
21071,48.59702
21072,48.93351
21073,52.301678
21074,56.09514
21075,58.301384
21076,57.768074
21077,52.39397
21078,37.775276
21079,9.875353
21080,-31.756859
21081,-81.77752
21082,-129.47437
21083,-164.87836
21084,-185.35777
21085,-192.06439
21086,-187.72566
21087,-175.7685
21088,-159.36702
21089,-140.93832
21090,-122.53607
21091,-105.913025
21092,-92.5205
21093,-88.59155
21094,-80.30509
21095,-84.03591
21096,-96.69195
21097,-111.185616
21098,-97.6909
21099,-97.43973
21100,-103.88634
21101,-116.52485
21102,-135.0619
21103,-159.27147
21104,-188.87032
21105,2.673738
21106,-0.4845426
21107,-3.6810892
21108,-6.752298
21109,-9.464777
21110,-11.583265
21111,-12.882057
21112,-13.187213
21113,-12.5570545
21114,-11.318944
21115,-9.745417
21116,-8.0639
21117,-6.4809246
21118,-5.1455846
21119,-4.143571
21120,-3.5752025
21121,-3.5515575
21122,-4.1531577
21123,-5.258909
21124,-6.4771247
21125,-7.4221473
21126,-7.7263136
21127,-7.101121
21128,-5.656092
21129,-3.9668233
21130,-2.5272317
21131,-1.7815549
21132,-2.1095781
21133,-3.456951
21134,-5.1733494
21135,-6.6106052
21136,-7.1477013
21137,-6.2697277
21138,-8.990794
21139,-0.9287902
21140,2.4170413
21141,5.633889
21142,-175.63577
21143,-153.57568
21144,-146.74634
21145,-159.55278
21146,-199.26671
21147,-2.0289776
21148,-8.0471
21149,-9.512992
21150,-8.428827
21151,-5.650016
21152,-1.8812416
21153,2.3057559
21154,-203.36542
21155,-159.98195
21156,-130.65895
21157,-118.2535
21158,-122.441734
21159,-138.82231
21160,-162.34866
21161,-187.17064
21162,4.395842
21163,3.7654178
21164,3.771382
21165,4.1397595
21166,4.6346803
21167,0.06214256
21168,-201.1392
21169,-199.71342
21170,-183.60733
21171,-165.35901
21172,-138.67557
21173,-105.740555
21174,-72.30953
21175,-43.300156
21176,-21.754946
21177,-8.973439
21178,-3.9659998
21179,-3.6185482
21180,-4.887368
21181,-4.8190107
21182,-0.76145047
21183,7.9321322
21184,19.205254
21185,30.742674
21186,40.833366
21187,48.565914
21188,53.947117
21189,57.568863
21190,59.96257
21191,61.516098
21192,62.5069
21193,63.127872
21194,63.509563
21195,63.73891
21196,63.87428
21197,64.39712
21198,65.05156
21199,65.03655
21200,64.973495
21201,64.973595
21202,64.96553
21203,64.84594
21204,64.57572
21205,64.222206
21206,63.947388
21207,63.92056
21208,64.11762
21209,64.294205
21210,64.24158
21211,63.679237
21212,61.846806
21213,57.237347
21214,48.118343
21215,33.116714
21216,11.702586
21217,-15.458508
21218,-46.26464
21219,-77.11196
21220,-103.28396
21221,-119.59258
21222,-126.85951
21223,-110.81504
21224,-93.45663
21225,-77.23077
21226,-68.261284
21227,-71.39848
21228,-88.16016
21229,-114.3863
21230,-143.31993
21231,-165.93896
21232,-172.56075
21233,-159.46643
21234,-132.61293
21235,-99.93303
21236,-68.15678
21237,-41.805855
21238,-22.028297
21239,-7.1467714
21240,-0.47057372
21241,14.256973
21242,22.968998
21243,26.313877
21244,39.647774
21245,47.97893
21246,55.86144
21247,63.28954
21248,64.97781
21249,63.013916
21250,63.140285
21251,64.595955
21252,64.22029
21253,59.15654
21254,48.590736
21255,34.50423
21256,21.423145
21257,14.738364
21258,16.500538
21259,23.236526
21260,30.484243
21261,34.848694
21262,34.0056
21263,26.904348
21264,14.58071
21265,-0.5209712
21266,-14.144414
21267,-20.984396
21268,-18.525095
21269,-9.517118
21270,2.051513
21271,12.798122
21272,20.451582
21273,24.315418
21274,24.981592
21275,22.94534
21276,18.433336
21277,11.521206
21278,2.1557262
21279,-9.850613
21280,-24.706463
21281,-42.588825
21282,-63.56845
21283,-87.28917
21284,-112.63781
21285,-137.99738
21286,-161.37775
21287,-180.57278
21288,-193.61444
21289,-199.16402
21290,-201.27538
21291,-184.4057
21292,-163.54308
21293,-134.34192
21294,-98.245224
21295,-57.592392
21296,-15.73474
21297,2.6566699
21298,-18.3485
21299,-32.804256
21300,-42.087807
21301,-52.537937
21302,-56.037323
21303,-54.71235
21304,-60.846832
21305,-72.003136
21306,-96.34719
21307,-122.64939
21308,-167.74898
21309,2.2227476
21310,-2.3813128
21311,-5.845246
21312,-7.4964776
21313,-7.2250037
21314,-5.6239195
21315,-3.2115796
21316,-0.3943711
21317,2.469616
21318,0.0810561
21319,-186.78377
21320,-168.93517
21321,-162.77415
21322,-175.43913
21323,-191.21866
21324,3.212591
21325,1.1985233
21326,0.4385101
21327,1.5628446
21328,4.425244
21329,-180.83205
21330,-143.05266
21331,-116.13254
21332,-105.862
21333,-112.82803
21334,-131.09555
21335,-153.00742
21336,-169.4002
21337,-170.90137
21338,-154.58618
21339,-127.40073
21340,-97.67243
21341,-72.00654
21342,-60.10129
21343,-50.621376
21344,-63.186962
21345,-101.49841
21346,-187.63062
21347,-9.722545
21348,-9.269014
21349,-11.786628
21350,-12.537226
21351,-12.060659
21352,-10.841679
21353,-9.3064785
21354,-7.839672
21355,-6.808545
21356,-11.585249
21357,-7.5068965
21358,-9.612195
21359,-12.526283
21360,-15.885335
21361,-19.329851
21362,-22.478598
21363,-24.955946
21364,-26.416697
21365,-26.54146
21366,-25.06739
21367,-21.934076
21368,-17.784233
21369,-13.861976
21370,-11.024003
21371,-10.076749
21372,-11.804488
21373,-16.099865
21374,-21.466076
21375,-26.290668
21376,-28.860346
21377,-27.790928
21378,-23.660276
21379,-18.92228
21380,-15.032745
21381,-12.997118
21382,-13.793864
21383,-17.629284
21384,-23.508993
21385,-35.476776
21386,-37.4669
21387,-43.2778
21388,-44.95297
21389,-41.89541
21390,-41.5
21391,-41.5
21392,-41.5
21393,-41.5
21394,-41.5
21395,-41.5
21396,-41.5
21397,-41.5
21398,-41.5
21399,-41.391495
21400,-40.015663
21401,-36.940758
21402,-34.55444
21403,-32.1125
21404,-29.694807
21405,-27.381914
21406,-25.259607
21407,-23.386402
21408,-21.643589
21409,-19.71963
21410,-17.379503
21411,-14.418948
21412,-10.716745
21413,-6.5613637
21414,-2.668867
21415,0.37742242
21416,2.0002513
21417,1.6605772
21418,-0.61433154
21419,-3.9589202
21420,-7.4443097
21421,-10.118127
21422,-11.137348
21423,-10.448844
21424,-8.969236
21425,-7.461439
21426,-11.550524
21427,-6.7426505
21428,-7.9107304
21429,-9.086436
21430,-9.350007
21431,-7.868156
21432,-4.0580263
21433,1.71329
21434,-190.14468
21435,-119.9802
21436,-69.08321
21437,-40.576946
21438,-32.04602
21439,-38.489727
21440,-57.0279
21441,-85.79252
21442,-122.12421
21443,-161.54398
21444,-197.47667
21445,3.0422366
21446,3.188895
21447,1.7166178
21448,-4.9123244
21449,-8.770594
21450,-11.657879
21451,-13.794392
21452,-15.396525
21453,-16.673885
21454,-17.828926
21455,-19.058905
21456,-20.55977
21457,-27.505133
21458,-24.924889
21459,-32.662926
21460,-30.592424
21461,-33.603725
21462,-36.550556
21463,-39.08946
21464,-40.62975
21465,-40.65409
21466,-38.77367
21467,-34.887115
21468,-29.636152
21469,-24.105408
21470,-18.75469
21471,-13.869407
21472,-9.76645
21473,-6.608905
21474,-4.3465014
21475,-3.023232
21476,-2.7024717
21477,-3.4239612
21478,-5.144196
21479,-7.711267
21480,-10.968315
21481,-14.75532
21482,-18.868313
21483,-22.887737
21484,-26.095905
21485,-27.779327
21486,-27.310038
21487,-29.35298
21488,-19.450392
21489,-13.825609
21490,-8.169799
21491,-2.9707131
21492,1.2305385
21493,3.789749
21494,3.9525137
21495,0.83984476
21496,-6.6235657
21497,-21.99657
21498,-24.32132
21499,-27.37645
21500,-27.694912
21501,-26.107367
21502,-23.34807
21503,-19.988098
21504,-16.459198
21505,-13.121427
21506,-10.325286
21507,-8.41547
21508,-7.5939503
21509,-12.87645
21510,-9.330265
21511,-12.051659
21512,-16.07632
21513,-20.997406
21514,-25.74393
21515,-29.17217
21516,-30.163746
21517,-27.989378
21518,-23.399153
21519,-18.36953
21520,-14.0199585
21521,-11.147972
21522,-15.524701
21523,-12.217807
21524,-15.253978
21525,-18.713558
21526,-21.643314
21527,-23.155134
21528,-23.167637
21529,-22.610748
21530,-22.202536
21531,-22.504902
21532,-23.98125
21533,-26.562395
21534,-29.4817
21535,-32.056664
21536,-33.637764
21537,-33.684624
21538,-32.28149
21539,-30.17949
21540,-27.860628
21541,-25.641365
21542,-23.805164
21543,-22.639252
21544,-22.458963
21545,-23.6251
21546,-26.56519
21547,-29.532427
21548,-29.642723
21549,-29.724184
21550,-29.40399
21551,-28.803123
21552,-28.032698
21553,-27.195957
21554,-26.391012
21555,-25.71382
21556,-25.260729
21557,-25.116713
21558,-25.292921
21559,-25.713806
21560,-26.329346
21561,-27.099596
21562,-27.989452
21563,-28.999628
21564,-30.174582
21565,-31.548468
21566,-33.15137
21567,-34.9723
21568,-36.753048
21569,-37.931126
21570,-38.028763
21571,-36.660336
21572,-33.650505
21573,-29.480549
21574,-25.11473
21575,-21.043282
21576,-17.612087
21577,-15.140214
21578,-13.577607
21579,-12.415505
21580,-11.269754
21581,-9.786477
21582,-7.6781864
21583,-5.0783353
21584,-2.6043894
21585,-0.7739029
21586,-0.07350558
21587,-0.9502002
21588,-3.4328196
21589,-6.9443903
21590,-10.881185
21591,-14.626576
21592,-17.526358
21593,-18.925116
21594,-18.229147
21595,-14.980818
21596,-8.893502
21597,-7.114784
21598,-14.629422
21599,-15.539591
21600,-14.648628
21601,-12.518497
21602,-9.622151
21603,-6.352359
21604,-3.0540361
21605,-0.057873674
21606,2.2961595
21607,3.6807013
21608,3.9389474
21609,3.1494267
21610,1.3789855
21611,-1.3169228
21612,-4.846733
21613,-8.9196825
21614,-12.957512
21615,-16.348879
21616,-18.486807
21617,-18.876793
21618,-17.559196
21619,-15.17219
21620,-12.199266
21621,-8.995134
21622,-5.860368
21623,-2.9959128
21624,-0.50509673
21625,1.4752856
21626,2.789092
21627,3.303994
21628,3.0620277
21629,2.3420799
21630,1.4259583
21631,0.58965284
21632,0.08854807
21633,0.03595135
21634,0.35889545
21635,0.9915482
21636,1.8826443
21637,2.988863
21638,4.302212
21639,-199.87286
21640,-179.15213
21641,-155.90115
21642,-130.29555
21643,-102.683
21644,-73.6171
21645,-43.89255
21646,-14.585902
21647,-2.4970026
21648,0.4849462
21649,2.757841
21650,8.402537
21651,16.776493
21652,27.000244
21653,38.01475
21654,48.63317
21655,57.584286
21656,63.54784
21657,65.1862
21658,61.430115
21659,52.418907
21660,40.02987
21661,27.57449
21662,18.89484
21663,16.265572
21664,18.928604
21665,24.857405
21666,31.921074
21667,38.464336
21668,43.839897
21669,48.318287
21670,52.228718
21671,55.7719
21672,58.99332
21673,61.71311
21674,63.644955
21675,64.67544
21676,64.91187
21677,64.632675
21678,64.123695
21679,63.452705
21680,62.46864
21681,60.806812
21682,57.854126
21683,53.104298
21684,47.006866
21685,36.039146
21686,37.421703
21687,38.289024
21688,43.95292
21689,52.191166
21690,60.026962
21691,64.73491
21692,64.372154
21693,58.126873
21694,46.47705
21695,31.162115
21696,14.969576
21697,25.381243
21698,54.271114
21699,64.62801
21700,61.809994
21701,59.41268
21702,59.437195
21703,60.96448
21704,62.54869
21705,63.340176
21706,62.947533
21707,60.208134
21708,52.469593
21709,38.40524
21710,20.926983
21711,7.569366
21712,7.013091
21713,20.452322
21714,38.888737
21715,53.707867
21716,61.52488
21717,63.91049
21718,63.876724
21719,62.54963
21720,60.050995
21721,57.62529
21722,57.553856
21723,60.47978
21724,63.97536
21725,65.16303
21726,62.427692
21727,56.045425
21728,47.574253
21729,38.320946
21730,29.095213
21731,20.3811
21732,12.41687
21733,5.302218
21734,-0.9118243
21735,-6.242711
21736,-10.772833
21737,-14.648304
21738,-18.142128
21739,-21.697912
21740,-25.830612
21741,-31.104267
21742,-38.1524
21743,-47.713367
21744,-60.681156
21745,-78.170296
21746,-101.59505
21747,-129.69775
21748,-159.68965
21749,-196.59192
21750,3.8786824
21751,2.6246765
21752,1.3664651
21753,0.14765403
21754,-0.98857695
21755,-1.9995674
21756,-2.8432665
21757,-3.4710817
21758,-3.793139
21759,-3.6643116
21760,-2.9416454
21761,-1.4920559
21762,0.7614551
21763,-1.3717903
21764,-171.01405
21765,-88.28577
21766,-35.594795
21767,-20.707668
21768,-34.301254
21769,-70.91236
21770,-122.947266
21771,-174.93155
21772,-204.92694
21773,-201.08414
21774,-173.68877
21775,-138.60846
21776,-109.16784
21777,-94.31835
21778,-96.419136
21779,-111.04421
21780,-132.65878
21781,-154.80435
21782,-170.35272
21783,-176.1426
21784,-176.39922
21785,-177.23383
21786,-184.85918
21787,4.905509
21788,3.8566258
21789,2.554007
21790,1.1872177
21791,-0.057099953
21792,-0.99379116
21793,-1.4422033
21794,-1.2283659
21795,-0.18770103
21796,1.8301691
21797,3.014351
21798,1.4460328
21799,0.47694477
21800,-0.37883484
21801,-1.1336364
21802,-1.7994974
21803,-2.3882194
21804,-2.9114528
21805,-3.3806665
21806,-3.8072457
21807,-4.2057447
21808,-4.609659
21809,-5.0781255
21810,-5.6710715
21811,-6.4474206
21812,-7.451722
21813,-8.641998
21814,-14.858308
21815,-10.937877
21816,-11.724623
21817,-12.094214
21818,-12.101499
21819,-12.034538
21820,-12.17368
21821,-12.784449
21822,-14.09658
21823,-16.11236
21824,-18.523666
21825,-21.021074
21826,-23.312927
21827,-25.138144
21828,-26.400576
21829,-27.21507
21830,-27.684666
21831,-27.895658
21832,-27.923635
21833,-27.788082
21834,-27.437555
21835,-26.826265
21836,-25.914373
21837,-24.681593
21838,-23.216528
21839,-21.744595
21840,-20.478485
21841,-19.61969
21842,-19.371359
21843,-19.94083
21844,-21.541847
21845,-24.395176
21846,-33.72641
21847,-29.308826
21848,-27.15509
21849,-24.206501
21850,-17.205168
21851,-15.992579
21852,-15.410167
21853,-15.296288
21854,-15.484999
21855,-15.806305
21856,-16.087484
21857,-16.1747
21858,-16.029522
21859,-15.763309
21860,-15.480625
21861,-15.275184
21862,-15.226251
21863,-15.330776
21864,-15.478484
21865,-15.562955
21866,-15.484994
21867,-15.161548
21868,-14.600647
21869,-13.927379
21870,-13.260798
21871,-12.711252
21872,-12.378527
21873,-12.302562
21874,-12.444975
21875,-12.769774
21876,-13.245673
21877,-13.836434
21878,-14.479329
21879,-15.076998
21880,-15.53289
21881,-15.753141
21882,-15.662963
21883,-15.293356
21884,-14.811178
21885,-14.376261
21886,-14.13839
21887,-14.230723
21888,-14.68917
21889,-15.421418
21890,-16.338587
21891,-17.359241
21892,-18.401237
21893,-19.382196
21894,-20.219852
21895,-20.832386
21896,-21.138624
21897,-21.76124
21898,-23.227846
21899,-24.064995
21900,-24.665323
21901,-25.063524
21902,-25.293833
21903,-25.390205
21904,-25.38632
21905,-25.315704
21906,-25.211771
21907,-25.105602
21908,-30.015505
21909,-24.943403
21910,-24.892086
21911,-24.864822
21912,-24.867971
21913,-24.92927
21914,-25.104296
21915,-25.446934
21916,-26.009466
21917,-26.829458
21918,-27.857038
21919,-28.92922
21920,-29.890438
21921,-30.594122
21922,-30.917736
21923,-30.871681
21924,-30.634638
21925,-30.370956
21926,-30.23109
21927,-30.34952
21928,-30.769766
21929,-31.419273
21930,-32.23482
21931,-33.162117
21932,-34.147884
21933,-35.145966
21934,-36.119366
21935,-37.030365
21936,-37.840527
21937,-38.51368
21938,-39.02645
21939,-39.37161
21940,-39.540424
21941,-39.522816
21942,-39.3087
21943,-38.887985
21944,-38.250572
21945,-37.38641
21946,-36.285458
21947,-36.985683
21948,-40.43244
21949,-41.18532
21950,-41.091087
21951,-40.41704
21952,-39.425602
21953,-43.376373
21954,-37.527233
21955,-37.13535
21956,-37.45823
21957,-38.696087
21958,-40.712692
21959,-42.939697
21960,-44.843746
21961,-45.92708
21962,-45.77482
21963,-44.42631
21964,-42.48674
21965,-40.497387
21966,-38.94713
21967,-38.258083
21968,-38.481346
21969,-39.199295
21970,-40.039036
21971,-40.66437
21972,-40.783768
21973,-40.364677
21974,-39.700615
21975,-39.051903
21976,-38.650703
21977,-38.69996
21978,-39.236435
21979,-40.086254
21980,-41.09521
21981,-42.125866
21982,-43.053566
21983,-43.828876
21984,-44.497574
21985,-45.096115
21986,-45.65287
21987,-46.190002
21988,-46.69481
21989,-47.11059
21990,-47.38521
21991,-47.470276
21992,-47.317467
21993,-46.878536
21994,-46.105396
21995,-44.95014
21996,-43.365208
21997,-42.222878
21998,-42.27973
21999,-41.708225
22000,-41.05604
22001,-40.382385
22002,-39.746353
22003,-39.20694
22004,-38.8232
22005,-38.654247
22006,-38.7594
22007,-39.181404
22008,-44.86724
22009,-40.64223
22010,-41.3425
22011,-41.813503
22012,-41.91565
22013,-41.59645
22014,-40.913235
22015,-39.912426
22016,-38.631283
22017,-37.126488
22018,-35.56446
22019,-34.249043
22020,-33.469704
22021,-33.506157
22022,-34.584408
22023,-36.603706
22024,-39.039413
22025,-41.39629
22026,-43.211052
22027,-44.08485
22028,-48.97547
22029,-43.287216
22030,-42.377216
22031,-41.56185
22032,-41.12244
22033,-41.151028
22034,-41.50194
22035,-42.053772
22036,-42.704914
22037,-43.35705
22038,-43.931316
22039,-44.37353
22040,-44.62742
22041,-44.63498
22042,-44.338577
22043,-43.680935
22044,-42.605232
22045,-41.05519
22046,-38.975277
22047,-38.1929
22048,-40.049847
22049,-40.38301
22050,-40.41047
22051,-40.2305
22052,-39.94076
22053,-39.638485
22054,-39.420666
22055,-39.38424
22056,-39.626278
22057,-40.220974
22058,-41.110493
22059,-42.06928
22060,-42.887154
22061,-43.367817
22062,-43.34925
22063,-42.86262
22064,-42.181496
22065,-41.553585
22066,-41.205387
22067,-41.33466
22068,-41.975224
22069,-42.953255
22070,-44.11498
22071,-45.323303
22072,-46.45318
22073,-47.450348
22074,-48.350113
22075,-49.17874
22076,-49.954834
22077,-50.693302
22078,-51.388256
22079,-52.007633
22080,-52.522175
22081,-52.904873
22082,-53.129715
22083,-53.176342
22084,-53.031433
22085,-52.6809
22086,-52.110092
22087,-51.31299
22088,-50.332596
22089,-49.273205
22090,-48.232048
22091,-47.30086
22092,-46.57135
22093,-46.13533
22094,-46.084896
22095,-46.512558
22096,-47.51141
22097,-48.096317
22098,-47.325325
22099,-47.236195
22100,-47.272614
22101,-47.4025
22102,-47.593746
22103,-47.814182
22104,-53.031616
22105,-48.213783
22106,-48.32788
22107,-48.34765
22108,-48.289467
22109,-48.22406
22110,-53.216225
22111,-48.326168
22112,-48.599236
22113,-48.996204
22114,-49.37167
22115,-49.59138
22116,-49.530636
22117,-49.092113
22118,-48.329388
22119,-47.48476
22120,-46.780376
22121,-46.422813
22122,-46.582138
22123,-47.215252
22124,-48.009678
22125,-48.68098
22126,-48.96781
22127,-48.656933
22128,-47.80559
22129,-46.80924
22130,-46.025444
22131,-45.782112
22132,-46.35321
22133,-47.70149
22134,-49.395123
22135,-51.040916
22136,-52.278057
22137,-52.792576
22138,-57.53542
22139,-51.788967
22140,-50.797672
22141,-49.77477
22142,-48.93148
22143,-48.478195
22144,-48.62564
22145,-49.585903
22146,-51.573154
22147,-53.582676
22148,-53.8922
22149,-53.660393
22150,-52.926125
22151,-51.831562
22152,-50.518463
22153,-49.12829
22154,-47.802265
22155,-46.681503
22156,-45.907185
22157,-45.59133
22158,-45.678215
22159,-45.900665
22160,-46.013306
22161,-45.788467
22162,-45.035904
22163,-43.777103
22164,-42.29842
22165,-40.856594
22166,-39.684593
22167,-38.979645
22168,-38.737556
22169,-38.700108
22170,-38.63391
22171,-38.32623
22172,-37.595604
22173,-36.43869
22174,-35.07559
22175,-33.702988
22176,-32.49787
22177,-31.614134
22178,-31.076736
22179,-30.747583
22180,-30.503437
22181,-30.234001
22182,-29.84303
22183,-29.315432
22184,-28.73904
22185,-28.192852
22186,-32.74763
22187,-27.46377
22188,-32.34232
22189,-27.308254
22190,-27.291563
22191,-32.226994
22192,-27.048473
22193,-26.689466
22194,-26.083206
22195,-25.163088
22196,-23.863497
22197,-23.461123
22198,-24.690792
22199,-24.262693
22200,-23.262213
22201,-26.877737
22202,-20.294556
22203,-18.695503
22204,-17.261402
22205,-16.172312
22206,-15.609525
22207,-15.723727
22208,-16.473
22209,-17.558533
22210,-18.686438
22211,-19.577034
22212,-19.980658
22213,-19.81962
22214,-19.236603
22215,-18.361927
22216,-17.308367
22217,-16.18638
22218,-15.100705
22219,-14.14953
22220,-13.431319
22221,-13.045584
22222,-13.068117
22223,-13.431758
22224,-13.87976
22225,-14.158335
22226,-14.025625
22227,-13.279409
22228,-11.932877
22229,-10.272147
22230,-8.566129
22231,-7.0596995
22232,-5.9698167
22233,-5.3685546
22234,-5.139113
22235,-5.166692
22236,-5.3452096
22237,-5.57592
22238,-10.814663
22239,-6.091661
22240,-6.4378047
22241,-6.8793244
22242,-7.44188
22243,-8.150955
22244,-9.03212
22245,-10.111207
22246,-11.414437
22247,-12.5970745
22248,-12.946629
22249,-12.588143
22250,-11.747084
22251,-10.5799055
22252,-9.2390375
22253,-7.8738856
22254,-6.6318393
22255,-5.659611
22256,-5.105239
22257,-5.094122
22258,-5.6038804
22259,-6.4078703
22260,-7.270651
22261,-7.9637
22262,-8.285563
22263,-8.193776
22264,-7.8544602
22265,-7.431241
22266,-12.073405
22267,-6.913536
22268,-6.992104
22269,-7.226697
22270,-7.533372
22271,-7.8339753
22272,-8.049974
22273,-8.103171
22274,-7.9163613
22275,-7.414016
22276,-6.52289
22277,-5.192457
22278,-3.488348
22279,-1.6226282
22280,0.20023651
22281,1.7890062
22282,2.969533
22283,3.656352
22284,3.8824027
22285,3.684586
22286,3.095963
22287,2.157631
22288,0.9471762
22289,-0.40683284
22290,-1.768762
22291,-3.0041802
22292,-3.9799774
22293,-4.5655565
22294,-4.6337285
22295,-4.0617514
22296,-2.7330458
22297,-1.3157672
22298,-0.6576832
22299,0.32782453
22300,1.3854128
22301,2.4542527
22302,3.4743419
22303,4.3860793
22304,-204.7087
22305,-185.09756
22306,-175.89333
22307,-178.23738
22308,-191.33324
22309,4.758731
22310,4.2119017
22311,3.8633983
22312,3.8649113
22313,4.250515
22314,4.8959618
22315,-185.3559
22316,-159.09036
22317,-137.37604
22318,-122.69025
22319,-116.193375
22320,-119.1028
22321,-133.33632
22322,-161.47356
22323,-204.35872
22324,3.365605
22325,1.9532474
22326,-4.168272
22327,0.20098741
22328,0.1263707
22329,0.49477902
22330,1.1859548
22331,2.0919585
22332,3.104119
22333,4.0917854
22334,4.892915
22335,-195.50467
22336,-195.3396
22337,4.52431
22338,3.0742555
22339,1.0989186
22340,-1.1876415
22341,-3.5687423
22342,-5.826743
22343,-7.7479286
22344,-9.124773
22345,-9.756833
22346,-9.45151
22347,-10.012763
22348,-12.951034
22349,-14.015215
22350,-14.3095665
22351,-14.025678
22352,-13.345681
22353,-12.445873
22354,-11.498696
22355,-10.674321
22356,-10.142382
22357,-10.0522375
22358,-10.431211
22359,-11.143373
22360,-12.053282
22361,-13.033145
22362,-13.962035
22363,-14.766564
22364,-15.436732
22365,-15.961335
22366,-16.324892
22367,-16.51773
22368,-16.564669
22369,-16.535326
22370,-16.497166
22371,-16.514393
22372,-16.639889
22373,-16.860935
22374,-17.079464
22375,-17.201008
22376,-17.137245
22377,-16.822626
22378,-16.31942
22379,-15.853864
22380,-15.64324
22381,-15.894175
22382,-16.780794
22383,-18.274939
22384,-20.077368
22385,-21.892902
22386,-23.44251
22387,-24.480453
22388,-24.946405
22389,-25.016907
22390,-24.853045
22391,-24.596485
22392,-24.387701
22393,-24.366709
22394,-24.673878
22395,-25.450655
22396,-26.840235
22397,-28.66546
22398,-30.360132
22399,-31.897102
22400,-33.271057
22401,-34.43947
22402,-35.35998
22403,-35.990463
22404,-36.28894
22405,-36.213684
22406,-35.723217
22407,-34.806835
22408,-33.627113
22409,-32.564053
22410,-31.975317
22411,-32.201794
22412,-33.511955
22413,-35.73859
22414,-38.148186
22415,-40.04537
22416,-40.780666
22417,-39.81603
22418,-37.210316
22419,-38.761887
22420,-35.182774
22421,-32.10947
22422,-25.101418
22423,-24.332544
22424,-24.496328
22425,-25.33
22426,-31.603313
22427,-28.08838
22428,-29.601599
22429,-31.018013
22430,-32.20424
22431,-33.020622
22432,-33.356853
22433,-33.26772
22434,-33.016827
22435,-32.850857
22436,-33.00135
22437,-33.667065
22438,-34.846306
22439,-36.279648
22440,-37.72966
22441,-38.980316
22442,-39.817085
22443,-40.027508
22444,-39.401535
22445,-37.73226
22446,-34.817577
22447,-32.316917
22448,-32.146404
22449,-31.357048
22450,-30.578205
22451,-29.784554
22452,-28.950586
22453,-28.050514
22454,-27.05832
22455,-25.947712
22456,-24.692204
22457,-23.273008
22458,-21.715967
22459,-20.10313
22460,-18.511116
22461,-17.01132
22462,-15.661868
22463,-14.448467
22464,-13.264593
22465,-12.009149
22466,-10.587826
22467,-8.937104
22468,-7.1650314
22469,-5.596823
22470,-4.546161
22471,-4.317482
22472,-5.1683865
22473,-7.007443
22474,-9.235431
22475,-11.211897
22476,-12.318518
22477,-12.037808
22478,-10.349319
22479,-7.8512287
22480,-10.099221
22481,-7.581509
22482,-0.71914315
22483,0.34700647
22484,0.83049786
22485,0.94605637
22486,-4.1015334
22487,0.8824041
22488,0.99301773
22489,1.1858273
22490,1.4092737
22491,1.6185721
22492,1.769246
22493,1.8168786
22494,1.7168607
22495,1.4239461
22496,0.89182824
22497,1.3233302
22498,-1.5294194
22499,4.319527
22500,4.5732517
22501,4.378342
22502,-1.1063981
22503,3.2875657
22504,2.734218
22505,2.40879
22506,2.483697
22507,3.0936766
22508,4.184806
22509,-195.56645
22510,-155.3204
22511,-129.69553
22512,-124.5474
22513,-140.34467
22514,-169.301
22515,-205.14183
22516,4.545756
22517,4.861499
22518,-175.31013
22519,-125.238434
22520,-75.97882
22521,-37.55028
22522,-14.129615
22523,-3.7175994
22524,-0.14556503
22525,2.1672664
22526,8.113501
22527,20.901758
22528,38.383404
22529,53.725845
22530,62.499416
22531,64.80544
22532,64.15048
22533,63.932327
22534,64.54842
22535,65.039955
22536,65.01626
22537,64.92634
22538,59.949734
22539,64.598206
22540,58.92701
22541,63.853886
22542,64.865166
22543,64.16608
22544,51.31638
22545,-2.626958
22546,-132.46733
22547,-1.7586938
22548,-164.21616
22549,-95.890144
22550,-42.717457
22551,-2.2397797
22552,27.475367
22553,47.897186
22554,60.0795
22555,64.696594
22556,62.066742
22557,52.20408
22558,35.232075
22559,12.249035
22560,-14.524843
22561,-41.961426
22562,-66.52163
22563,-85.813866
22564,-99.93119
22565,-110.12645
22566,-118.134636
22567,-125.66606
22568,-132.72375
22569,-136.506
22570,-133.60387
22571,-120.972046
22572,-97.26259
22573,-66.354324
22574,-37.034035
22575,-16.016836
22576,-7.2629256
22577,-14.130678
22578,-39.39104
22579,-81.71378
22580,-135.22458
22581,-187.73712
22582,2.7175782
22583,2.8099215
22584,4.7153473
22585,-182.22853
22586,-146.35612
22587,-112.80222
22588,-85.200096
22589,-63.58886
22590,-47.422672
22591,-36.25321
22592,-29.776066
22593,-27.899334
22594,-30.819506
22595,-39.10198
22596,-53.768322
22597,-87.746666
22598,-147.16074
22599,-180.60889
22600,-188.52487
22601,-180.95552
22602,-150.42638
22603,-119.70428
22604,-90.4136
22605,-67.4748
22606,-54.36347
22607,-53.5709
22608,-65.029175
22609,-84.16817
22610,-104.37178
22611,-117.249115
22612,-114.37914
22613,-93.532715
22614,-61.530155
22615,-26.64281
22616,4.6362796
22617,28.54759
22618,44.327988
22619,53.30157
22620,57.300426
22621,57.584766
22622,53.82917
22623,39.19892
22624,27.880579
22625,7.1636834
22626,-11.795436
22627,-20.86931
22628,-16.423248
22629,-3.1367245
22630,12.531276
22631,25.651388
22632,33.703793
22633,37.156353
22634,38.794678
22635,41.305782
22636,46.77736
22637,50.425735
22638,63.418285
22639,64.83401
22640,57.01266
22641,42.25476
22642,27.224855
22643,20.54924
22644,28.58295
22645,49.34394
22646,59.603527
22647,40.517197
22648,17.427767
22649,-2.51853
22650,-8.89339
22651,-3.441564
22652,3.956646
22653,23.078592
22654,34.9963
22655,37.57675
22656,44.85439
22657,35.603783
22658,27.974302
22659,6.834622
22660,-19.76365
22661,-44.542637
22662,-57.851383
22663,-55.387157
22664,-43.006924
22665,-28.651257
22666,-18.820662
22667,-18.190073
22668,-28.435072
22669,-47.08615
22670,-70.01812
22671,-91.27611
22672,-103.87228
22673,-104.85091
22674,-98.65498
22675,-96.36099
22676,-88.6426
22677,-95.424545
22678,-113.39351
22679,-138.61067
22680,-164.78725
22681,-184.01616
22682,-188.11766
22683,-173.63033
22684,-144.66684
22685,-107.36484
22686,-67.600395
22687,-30.166573
22688,1.9726942
22689,27.581957
22690,46.237316
22691,58.13204
22692,64.02702
22693,65.15734
22694,63.099377
22695,59.5976
22696,51.35083
22697,57.85665
22698,63.907097
22699,63.609413
22700,54.12297
22701,34.164585
22702,4.2091866
22703,-33.442505
22704,-74.8025
22705,-114.54438
22706,-146.56726
22707,-165.42102
22708,-170.55057
22709,-168.59505
22710,-167.87482
22711,-176.7245
22712,-203.2963
22713,0.18300521
22714,-4.7605367
22715,-9.121184
22716,-11.710939
22717,-11.553777
22718,-8.766192
22719,-4.6564817
22720,-0.20486924
22721,3.8509905
22722,-194.81435
22723,-170.87529
22724,-161.96011
22725,-165.69127
22726,-185.80406
22727,4.2815604
22728,1.32265
22729,-6.6045375
22730,-3.924888
22731,-5.0782456
22732,-4.6333103
22733,-2.7403612
22734,-0.21262741
22735,2.2617047
22736,4.0850725
22737,4.716347
22738,3.9602659
22739,2.0983913
22740,-0.5872801
22741,-3.8229852
22742,-7.3143196
22743,-10.749024
22744,-13.80083
22745,-16.137108
22746,-17.432722
22747,-21.62718
22748,-30.960947
22749,-33.407078
22750,-33.34454
22751,-31.680944
22752,-29.189087
22753,-26.455355
22754,-23.927652
22755,-21.998983
22756,-21.076366
22757,-21.538511
22758,-23.36287
22759,-25.98785
22760,-28.930433
22761,-31.71191
22762,-33.872967
22763,-35.30275
22764,-36.344948
22765,-37.244404
22766,-38.18229
22767,-39.28398
22768,-40.388855
22769,-41.008907
22770,-40.781013
22771,-39.430016
22772,-36.851994
22773,-33.549232
22774,-30.493803
22775,-28.220325
22776,-27.165695
22777,-27.760895
22778,-29.977694
22779,-33.16454
22780,-36.801754
22781,-40.361233
22782,-43.0725
22783,-43.27969
22784,-41.5
22785,-41.5
22786,-41.5
22787,-41.5
22788,-41.5
22789,-41.5
22790,-41.5
22791,-41.5
22792,-41.5
22793,-46.5
22794,-41.5
22795,-41.5
22796,-37.6309
22797,-30.109928
22798,-28.888218
22799,-26.723568
22800,-24.909266
22801,-23.498846
22802,-22.541653
22803,-22.08459
22804,-22.173529
22805,-22.854774
22806,-24.176664
22807,-26.14563
22808,-28.505934
22809,-30.657097
22810,-32.03363
22811,-32.115044
22812,-30.5571
22813,-27.709364
22814,-24.552391
22815,-21.685526
22816,-19.550047
22817,-18.50761
22818,-18.390734
22819,-18.374962
22820,-17.781515
22821,-16.003885
22822,-12.594032
22823,-7.7647915
22824,-2.3591459
22825,3.0538902
22826,-188.21951
22827,-139.19977
22828,-107.13449
22829,-88.958824
22830,-82.2127
22831,-85.68043
22832,-98.99077
22833,-121.274895
22834,-149.71808
22835,-180.14761
22836,4.186213
22837,2.9616117
22838,2.8918073
22839,3.7409542
22840,5.2813616
22841,-183.81064
22842,-158.08365
22843,-131.56018
22844,-106.38995
22845,-84.24545
22846,-71.35027
22847,-45.517094
22848,-19.277496
22849,-6.5634966
22850,-2.7146494
22851,-5.502067
22852,-18.693098
22853,-26.403332
22854,-42.615673
22855,-60.870533
22856,-79.121414
22857,-94.85201
22858,-105.77269
22859,-110.474594
22860,-108.00437
22861,-102.83132
22862,-80.307785
22863,-58.098907
22864,-36.094643
22865,-18.326517
22866,-7.439904
22867,-5.216122
22868,-12.466772
22869,-28.828615
22870,-59.072586
22871,-87.66926
22872,-128.0747
22873,-172.27684
22874,3.1016812
22875,-4.6634116
22876,-1.0953012
22877,-0.924944
22878,0.5580703
22879,-2.589155
22880,3.7908
22881,3.9207423
22882,2.1060393
22883,-1.6777883
22884,-6.453481
22885,-11.142653
22886,-14.63334
22887,-15.936596
22888,-14.965126
22889,-12.723038
22890,-10.004997
22891,-7.399901
22892,-5.4522853
22893,-4.7227473
22894,-5.8292284
22895,-9.486433
22896,-16.580643
22897,-24.149017
22898,-25.681591
22899,-24.999762
22900,-22.848618
22901,-20.001915
22902,-17.055445
22903,-19.505407
22904,-12.832845
22905,-17.561726
22906,-19.297207
22907,-18.62008
22908,-25.391497
22909,-33.30093
22910,-40.846043
22911,-50.02766
22912,-43.457508
22913,-41.5
22914,-46.5
22915,-41.144215
22916,-44.99777
22917,-39.94396
22918,-41.82667
22919,-42.06183
22920,-46.5
22921,-41.5
22922,-41.5
22923,-41.5
22924,-41.5
22925,-41.5
22926,-41.5
22927,-41.5
22928,-41.5
22929,-41.5
22930,-41.5
22931,-41.5
22932,-41.5
22933,-41.5
22934,-41.5
22935,-41.5
22936,-41.5
22937,-41.5
22938,-41.5
22939,-41.5
22940,-41.5
22941,-41.5
22942,-41.5
22943,-41.5
22944,-41.5
22945,-41.5
22946,-35.76922
22947,-33.37611
22948,-47.425564
22949,-41.5
22950,-41.5
22951,-41.5
22952,-37.510727
22953,-25.842907
22954,-25.903032
22955,-14.182417
22956,-3.9517496
22957,-1.1521136
22958,-1.3750864
22959,-4.59052
22960,-10.811086
22961,-25.105675
22962,-37.591885
22963,-50.1794
22964,-47.42077
22965,-41.5
22966,-41.5
22967,-41.5
22968,-41.5
22969,-41.5
22970,-41.5
22971,-41.5
22972,-41.5
22973,-41.5
22974,-41.5
22975,-41.5
22976,-41.5
22977,-41.5
22978,-41.5
22979,-41.5
22980,-41.5
22981,-41.5
22982,-41.5
22983,-41.5
22984,-41.5
22985,-41.5
22986,-41.5
22987,-41.5
22988,-41.5
22989,-46.5
22990,-41.5
22991,-41.5
22992,-41.5
22993,-41.5
22994,-41.5
22995,-41.5
22996,-41.5
22997,-41.5
22998,-41.5
22999,-41.5
23000,-41.5
23001,-41.5
23002,-41.5
23003,-41.5
23004,-41.5
23005,-41.5
23006,-41.5
23007,-41.5
23008,-41.5
23009,-41.5
23010,-41.5
23011,-41.5
23012,-41.5
23013,-41.5
23014,-41.5
23015,-41.5
23016,-41.5
23017,-41.5
23018,-46.5
23019,-41.5
23020,-41.5
23021,-41.5
23022,-41.5
23023,-41.5
23024,-41.5
23025,-41.5
23026,-41.5
23027,-41.5
23028,-41.5
23029,-41.5
23030,-46.5
23031,-41.5
23032,-41.5
23033,-41.5
23034,-41.5
23035,-41.5
23036,-41.5
23037,-41.5
23038,-41.5
23039,-41.5
23040,-41.5
23041,-41.5
23042,-41.5
23043,-41.5
23044,-41.5
23045,-41.5
23046,-41.5
23047,-41.5
23048,-41.5
23049,-46.5
23050,-41.5
23051,-41.5
23052,-41.5
23053,-41.5
23054,-41.5
23055,-41.5
23056,-41.5
23057,-41.5
23058,-46.5
23059,-41.5
23060,-41.5
23061,-41.5
23062,-41.5
23063,-41.5
23064,-46.5
23065,-41.5
23066,-41.5
23067,-41.5
23068,-41.5
23069,-41.5
23070,-41.5
23071,-41.5
23072,-41.5
23073,-41.5
23074,-41.5
23075,-41.5
23076,-41.5
23077,-41.5
23078,-41.5
23079,-41.5
23080,-41.5
23081,-41.5
23082,-41.5
23083,-41.5
23084,-46.5
23085,-41.5
23086,-41.5
23087,-41.5
23088,-41.5
23089,-41.5
23090,-41.5
23091,-41.5
23092,-41.5
23093,-41.5
23094,-41.5
23095,-41.5
23096,-41.5
23097,-41.5
23098,-46.5
23099,-41.5
23100,-41.5
23101,-41.5
23102,-41.5
23103,-41.5
23104,-41.5
23105,-41.5
23106,-41.5
23107,-41.5
23108,-41.5
23109,-41.5
23110,-41.5
23111,-41.5
23112,-41.5
23113,-46.5
23114,-41.5
23115,-46.5
23116,-41.5
23117,-41.5
23118,-41.5
23119,-46.5
23120,-41.5
23121,-41.5
23122,-41.5
23123,-46.5
23124,-41.5
23125,-41.5
23126,-46.5
23127,-41.5
23128,-41.5
23129,-41.5
23130,-41.5
23131,-41.5
23132,-41.5
23133,-41.5
23134,-41.5
23135,-41.5
23136,-46.5
23137,-41.5
23138,-41.5
23139,-46.5
23140,-41.5
23141,-41.5
23142,-41.5
23143,-41.5
23144,-41.5
23145,-41.5
23146,-46.5
23147,-41.5
23148,-41.5
23149,-41.5
23150,-46.5
23151,-41.5
23152,-46.5
23153,-41.5
23154,-46.5
23155,-41.5
23156,-41.5
23157,-41.5
23158,-41.5
23159,-41.5
23160,-46.5
23161,-41.5
23162,-41.5
23163,-41.5
23164,-10.667377
23165,-0.38413116
23166,-0.1660688
23167,0.100380555
23168,0.4148622
23169,0.7702748
23170,-3.8448615
23171,1.5552499
23172,1.9536312
23173,2.3248844
23174,2.63238
23175,2.8388624
23176,2.9068906
23177,2.800262
23178,2.4955623
23179,1.9877907
23180,1.272504
23181,0.34365824
23182,-0.7921952
23183,-2.050546
23184,-8.237327
23185,-4.1514664
23186,-4.5997715
23187,-4.4194036
23188,-3.599174
23189,-2.3232868
23190,-0.7729908
23191,-4.112863
23192,2.5069408
23193,-1.0059997
23194,-201.09254
23195,-164.35587
23196,-126.91814
23197,-102.69641
23198,-84.75888
23199,-70.133415
23200,-56.14147
23201,-40.68249
23202,-22.484253
23203,-1.9369944
23204,13.869912
23205,37.65652
23206,52.46093
23207,56.79611
23208,64.76057
23209,61.10155
23210,51.229412
23211,36.18497
23212,17.791946
23213,-1.9810226
23214,-22.823685
23215,-44.0599
23216,-65.22788
23217,-86.04223
23218,-106.374275
23219,-126.23439
23220,-145.75797
23221,-165.19337
23222,-184.90479
23223,-205.41988
23224,2.6386454
23225,0.6507894
23226,-1.5488362
23227,-4.038076
23228,-6.9392724
23229,-10.4373045
23230,-14.731658
23231,-20.045076
23232,-26.575071
23233,-34.13786
23234,-41.913612
23235,-45.79873
23236,-42.575993
23237,-41.5
23238,-41.5
23239,-41.5
23240,-41.5
23241,-46.5
23242,-41.5
23243,-46.5
23244,-40.56918
23245,-37.249264
23246,-33.59901
23247,-31.348183
23248,-34.208282
23249,-27.043135
23250,-24.77293
23251,-22.332226
23252,-19.679522
23253,-21.914782
23254,-14.28636
23255,-11.983991
23256,-15.1846695
23257,-9.078537
23258,-8.870612
23259,-9.783941
23260,-12.065352
23261,-15.997807
23262,-21.13718
23263,-24.826574
23264,-25.139559
23265,-23.878582
23266,-21.68389
23267,-19.070152
23268,-16.45538
23269,-19.213068
23270,-12.717792
23271,-12.375237
23272,-13.569484
23273,-16.329714
23274,-20.180578
23275,-24.666487
23276,-29.320427
23277,-33.64522
23278,-37.26505
23279,-40.00968
23280,-41.69026
23281,-42.126358
23282,-41.265945
23283,-39.51048
23284,-37.656612
23285,-36.19228
23286,-35.452873
23287,-35.665955
23288,-41.57868
23289,-37.394337
23290,-42.54819
23291,-36.585625
23292,-34.207207
23293,-30.640497
23294,-26.543577
23295,-22.248045
23296,-17.946589
23297,-13.811399
23298,-14.959725
23299,-6.4550886
23300,-3.4048107
23301,-0.9316939
23302,0.84617114
23303,1.8465526
23304,-2.9592388
23305,1.4350206
23306,-4.925916
23307,-2.0156198
23308,-4.8307986
23309,-13.395235
23310,-12.764046
23311,-18.028263
23312,-22.582043
23313,-24.141577
23314,-25.311426
23315,-25.824198
23316,-25.870695
23317,-25.61715
23318,-25.20783
23319,-24.770103
23320,-24.420023
23321,-24.267368
23322,-24.39087
23323,-24.708303
23324,-24.947485
23325,-24.883017
23326,-24.315897
23327,-23.100101
23328,-21.335957
23329,-19.382105
23330,-17.49658
23331,-15.893893
23332,-14.773851
23333,-14.241106
23334,-14.286327
23335,-14.933396
23336,-21.22277
23337,-18.168825
23338,-25.617352
23339,-23.187265
23340,-25.505949
23341,-27.209764
23342,-28.019287
23343,-28.125345
23344,-28.25756
23345,-33.988132
23346,-35.82221
23347,-34.19931
23348,-38.94471
23349,-43.36635
23350,-44.025726
23351,-41.5
23352,-41.5
23353,-41.5
23354,-41.5
23355,-46.5
23356,-40.04536
23357,-41.04604
23358,-33.445255
23359,-32.79639
23360,-38.711018
23361,-36.738113
23362,-33.229942
23363,-20.587933
23364,-25.721453
23365,-22.429445
23366,-25.845417
23367,-30.58577
23368,-36.006874
23369,-46.271187
23370,-44.196247
23371,-42.905537
23372,-41.5
23373,-41.5
23374,-40.262108
23375,-36.884373
23376,-35.15638
23377,-36.26654
23378,-39.390854
23379,-42.649986
23380,-43.055058
23381,-41.5
23382,-41.5
23383,-41.5
23384,-41.5
23385,-41.5
23386,-41.5
23387,-41.5
23388,-46.5
23389,-41.5
23390,-41.5
23391,-41.5
23392,-41.5
23393,-41.5
23394,-41.5
23395,-41.5
23396,-41.5
23397,-41.5
23398,-41.5
23399,-41.5
23400,-41.5
23401,-41.5
23402,-41.5
23403,-41.5
23404,-41.5
23405,-41.5
23406,-41.5
23407,-41.5
23408,-41.5
23409,-41.5
23410,-41.5
23411,-41.5
23412,-41.5
23413,-41.5
23414,-46.5
23415,-41.5
23416,-41.5
23417,-41.5
23418,-41.5
23419,-41.5
23420,-41.5
23421,-41.5
23422,-41.5
23423,-41.5
23424,-46.5
23425,-41.5
23426,-41.5
23427,-46.5
23428,-41.5
23429,-41.5
23430,-41.5
23431,-41.5
23432,-41.5
23433,-41.5
23434,-41.5
23435,-46.5
23436,-41.5
23437,-41.5
23438,-46.5
23439,-41.5
23440,-41.5
23441,-46.5
23442,-41.5
23443,-41.5
23444,-41.5
23445,-41.5
23446,-46.5
23447,-41.5
23448,-41.5
23449,-41.5
23450,-41.5
23451,-10.667377
23452,-0.38414037
23453,-0.16615947
23454,0.099968754
23455,0.41357678
23456,0.767202
23457,1.1490159
23458,1.5443442
23459,1.9351848
23460,2.2936401
23461,2.5792315
23462,2.750086
23463,2.7640567
23464,2.5805087
23465,2.1721537
23466,1.5308774
23467,0.6499024
23468,-0.47826272
23469,-1.8475585
23470,-3.3724186
23471,-4.855906
23472,-6.0939035
23473,-6.8901286
23474,-7.079014
23475,-6.6488795
23476,-5.786344
23477,-4.673612
23478,-8.476201
23479,-2.345951
23480,-1.3757629
23481,-0.58284956
23482,-4.9834695
23483,-4.597718
23484,-4.437405
23485,0.5325599
23486,-4.588121
23487,0.30677494
23488,0.32244873
23489,0.55508506
23490,1.0488371
23491,1.7774258
23492,2.7085736
23493,3.8102717
23494,5.0479355
23495,-163.76877
23496,-119.25382
23497,-78.73015
23498,-43.519794
23499,-14.658913
23500,7.9842815
23501,26.081196
23502,40.16539
23503,50.702343
23504,58.091843
23505,62.66918
23506,64.703476
23507,64.393555
23508,61.862427
23509,57.148193
23510,50.179897
23511,40.736835
23512,28.42904
23513,12.676165
23514,-7.353688
23515,-32.989925
23516,-66.40383
23517,-110.65716
23518,-169.88112
23519,-0.40356675
23520,-8.387702
23521,-16.570505
23522,-29.139881
23523,-30.20689
23524,-33.924892
23525,-35.134384
23526,-34.629997
23527,-33.104908
23528,-31.065428
23529,-28.879421
23530,-26.690826
23531,-24.46428
23532,-22.239027
23533,-20.08267
23534,-18.049236
23535,-16.11057
23536,-14.146855
23537,-12.067908
23538,-9.794492
23539,-7.2705226
23540,-4.569856
23541,-1.9160888
23542,0.49802455
23543,2.4902163
23544,3.8700628
23545,4.4373875
23546,3.9802842
23547,2.2717047
23548,-0.9373254
23549,-5.2454443
23550,-8.323988
23551,-8.4123745
23552,-6.864576
23553,-4.2467065
23554,-1.0364467
23555,2.3507395
23556,5.5256453
23557,-177.8651
23558,-162.26566
23559,-151.78972
23560,-162.02274
23561,-185.18909
23562,3.166646
23563,-5.013844
23564,-2.9522562
23565,-10.325835
23566,-11.983602
23567,-7.7863736
23568,-7.60145
23569,-6.3630347
23570,-4.2820225
23571,-1.8775615
23572,0.40937072
23573,2.1944911
23574,3.1699533
23575,3.381062
23576,3.332006
23577,3.508464
23578,4.3583302
23579,-195.53967
23580,-164.35619
23581,-126.24549
23582,-86.381905
23583,-48.999496
23584,-21.980423
23585,8.463966
23586,27.510351
23587,40.891018
23588,49.60086
23589,54.72156
23590,57.24872
23591,57.89122
23592,56.914223
23593,54.150078
23594,49.002308
23595,40.488976
23596,27.243282
23597,7.461086
23598,-21.196707
23599,-53.001255
23600,-72.57302
23601,-85.554474
23602,-92.135284
23603,-93.248344
23604,-90.13434
23605,-84.13282
23606,-76.54565
23607,-68.55811
23608,-61.20779
23609,-55.255024
23610,-50.563023
23611,-45.824245
23612,-39.60028
23613,-30.64264
23614,-18.21776
23615,-3.043519
23616,12.660119
23617,26.909042
23618,38.45568
23619,46.8253
23620,52.293087
23621,55.547894
23622,57.149975
23623,57.40614
23624,51.372456
23625,54.07212
23626,50.863564
23627,47.463394
23628,44.94771
23629,39.426773
23630,45.954773
23631,48.090458
23632,49.327133
23633,48.334118
23634,43.521908
23635,33.40801
23636,18.302155
23637,0.6303069
23638,-14.907553
23639,-22.506933
23640,-24.31195
23641,-7.983708
23642,7.2348933
23643,22.545156
23644,35.28811
23645,44.13901
23646,48.78533
23647,49.095463
23648,43.786144
23649,46.426327
23650,62.383904
23651,64.7848
23652,64.601326
23653,62.655807
23654,56.101433
23655,42.227566
23656,20.920046
23657,-4.2445993
23658,-26.285955
23659,-37.17248
23660,-34.05879
23661,-22.56752
23662,-14.868786
23663,-1.6798768
23664,-2.1358237
23665,-13.271859
23666,-39.295025
23667,-68.392105
23668,-97.107635
23669,-130.11864
23670,-157.85863
23671,-179.3411
23672,-194.97319
23673,4.692671
23674,4.2084484
23675,3.865658
23676,3.4816751
23677,2.8759649
23678,1.8688016
23679,0.31302595
23680,-1.7297866
23681,-3.9093525
23682,-5.868601
23683,-7.264026
23684,-7.8129754
23685,-7.560507
23686,-6.9531717
23687,-6.385331
23688,-6.2061
23689,-6.728227
23690,-8.0557575
23691,-10.018073
23692,-12.464816
23693,-15.260952
23694,-18.263952
23695,-26.324087
23696,-24.284842
23697,-26.98467
23698,-29.260504
23699,-28.877808
23700,-26.186775
23701,-33.508022
23702,-32.152336
23703,-36.86914
23704,-47.31529
23705,-44.88609
23706,-41.870525
23707,-46.5
23708,-41.5
23709,-41.5
23710,-41.5
23711,-41.5
23712,-41.5
23713,-41.5
23714,-41.5
23715,-41.5
23716,-41.5
23717,-41.5
23718,-41.5
23719,-46.5
23720,-41.5
23721,-46.5
23722,-41.5
23723,-41.5
23724,-41.5
23725,-41.5
23726,-46.5
23727,-41.5
23728,-41.5
23729,-41.5
23730,-41.5
23731,-41.5
23732,-41.5
23733,-41.5
23734,-41.5
23735,-41.5
23736,-41.5
23737,-41.5
23738,-41.5
23739,-41.5
23740,-41.5
23741,-41.5
23742,-41.5
23743,-46.5
23744,-46.5
23745,-41.5
23746,-41.5
23747,-41.5
23748,-46.5
23749,-41.5
23750,-41.5
23751,-41.5
23752,-46.5
23753,-41.5
23754,-41.5
23755,-41.5
23756,-41.5
23757,-46.5
23758,-41.5
23759,-41.5
23760,-46.5
23761,-41.5
23762,-46.5
23763,-41.5
23764,-41.5
23765,-41.5
23766,-41.5
23767,-41.5
23768,-41.5
23769,-41.5
23770,-41.5
23771,-41.5
23772,-41.5
23773,-46.5
23774,-41.5
23775,-41.5
23776,-41.5
23777,-39.16237
23778,-32.801308
23779,-27.642954
23780,-22.73606
23781,-17.69327
23782,-12.705773
23783,-8.024612
23784,-3.907749
23785,-0.25179
23786,3.5073364
23787,-186.46507
23788,-128.77272
23789,-66.604225
23790,-12.125726
23791,33.055523
23792,56.94922
23793,59.131058
23794,45.08814
23795,29.551971
23796,13.879371
23797,12.541844
23798,28.747087
23799,40.022457
23800,25.011963
23801,5.9362884
23802,-15.804807
23803,-38.035683
23804,-57.890175
23805,-72.11996
23806,-77.544624
23807,-71.64342
23808,-53.292416
23809,-24.190228
23810,8.593035
23811,35.280964
23812,51.324074
23813,57.863014
23814,57.51528
23815,49.224567
23816,29.46194
23817,-1.5521512
23818,-35.480892
23819,-57.788933
23820,-59.84925
23821,-47.9435
23822,-32.424675
23823,-26.926012
23824,-22.588846
23825,-36.862755
23826,-61.781303
23827,-91.41277
23828,-116.636116
23829,-126.91313
23830,-118.32898
23831,-98.27297
23832,-76.217705
23833,-64.903404
23834,-54.72855
23835,-61.768303
23836,-76.362236
23837,-91.938446
23838,-100.60534
23839,-94.797676
23840,-73.17683
23841,-43.008762
23842,-12.402139
23843,12.96097
23844,30.377209
23845,39.483078
23846,40.40775
23847,30.714762
23848,1.139299
23849,-24.866804
23850,3.692105
23851,25.52511
23852,41.546303
23853,52.594154
23854,59.552094
23855,63.31683
23856,64.765076
23857,64.71927
23858,63.91353
23859,57.937237
23860,62.048855
23861,56.00548
23862,59.20551
23863,50.556797
23864,48.13694
23865,34.783005
23866,15.255268
23867,-8.020376
23868,-29.93942
23869,-44.081085
23870,-47.387154
23871,-43.287445
23872,-36.95953
23873,-33.25087
23874,-36.364647
23875,-48.95083
23876,-71.49369
23877,-104.29889
23878,-147.56091
23879,-200.93437
23880,-1.1425841
23881,-6.4652557
23882,-11.679747
23883,-21.59321
23884,-21.01843
23885,-24.851639
23886,-28.111553
23887,-30.815086
23888,-32.973263
23889,-39.620815
23890,-40.908875
23891,-37.124676
23892,-38.516323
23893,-40.31444
23894,-42.34664
23895,-42.844345
23896,-41.5
23897,-41.5
23898,-41.5
23899,-41.5
23900,-41.5
23901,-41.5
23902,-41.5
23903,-41.5
23904,-41.5
23905,-41.5
23906,-41.5
23907,-41.5
23908,-41.5
23909,-41.5
23910,-41.5
23911,-41.5
23912,-46.5
23913,-41.5
23914,-41.5
23915,-41.5
23916,-41.5
23917,-41.5
23918,-41.5
23919,-41.5
23920,-41.5
23921,-41.5
23922,-41.5
23923,-41.5
23924,-41.5
23925,-41.5
23926,-41.5
23927,-41.5
23928,-41.5
23929,-41.5
23930,-41.5
23931,-41.5
23932,-41.5
23933,-41.5
23934,-41.5
23935,-41.5
23936,-41.5
23937,-41.5
23938,-41.5
23939,-41.5
23940,-41.5
23941,-41.5
23942,-41.5
23943,-41.5
23944,-41.5
23945,-41.5
23946,-33.65276
23947,-17.34343
23948,1.7775911
23949,-122.41923
23950,-91.01121
23951,-79.809296
23952,-82.0496
23953,-94.09915
23954,-112.86232
23955,-134.78877
23956,-155.37253
23957,-169.17522
23958,-170.39232
23959,-154.69987
23960,-123.96991
23961,-87.20541
23962,-52.90662
23963,-26.658344
23964,-11.044634
23965,-5.2010107
23966,-5.528814
23967,-8.664707
23968,-11.348262
23969,-10.480415
23970,-5.205563
23971,2.0336714
23972,8.490567
23973,11.937337
23974,10.63996
23975,4.3510013
23976,-4.563442
23977,-12.502845
23978,-20.101728
23979,-8.603849
23980,1.4499749
23981,24.45093
23982,35.19499
23983,50.95393
23984,56.526333
23985,58.404457
23986,53.246544
23987,56.919247
23988,55.11203
23989,53.728127
23990,53.518597
23991,54.591003
23992,56.743137
23993,59.576614
23994,62.488205
23995,64.65499
23996,65.01122
23997,62.21852
23998,54.632225
23999,52.31492
24000,62.14308
24001,64.03585
24002,63.659935
24003,60.9329
24004,54.48286
24005,44.50953
24006,33.94116
24007,22.898829
24008,31.468418
24009,40.40894
24010,60.88774
24011,58.24192
24012,38.766876
24013,-0.082422346
24014,-45.36362
24015,-77.696655
24016,-107.221115
24017,-115.399475
24018,-121.43593
24019,-125.53388
24020,-132.26305
24021,-144.92694
24022,-167.0287
24023,-203.0667
24024,-0.582851
24025,-6.792156
24026,-13.5148535
24027,-19.852346
24028,-29.846119
24029,-27.649189
24030,-28.38311
24031,-28.391321
24032,-28.760803
24033,-30.3442
24034,-33.84122
24035,-39.201675
24036,-43.86307
24037,-43.775684
24038,-41.5
24039,-41.5
24040,-41.5
24041,-41.5
24042,-41.5
24043,-46.5
24044,-36.874546
24045,-30.6653
24046,-23.444382
24047,-16.207733
24048,-8.918774
24049,-0.5434785
24050,-139.34271
24051,-57.4688
24052,-3.5730922
24053,29.65537
24054,53.327263
24055,62.281242
24056,65.14318
24057,59.470856
24058,61.934856
24059,58.51379
24060,54.746353
24061,50.98557
24062,47.44066
24063,39.186443
24064,41.21133
24065,38.566315
24066,36.490803
24067,35.271496
24068,35.17074
24069,36.39933
24070,39.113945
24071,43.36968
24072,48.95576
24073,55.254215
24074,56.050804
24075,64.481705
24076,64.10843
24077,60.249207
24078,55.00496
24079,51.372322
24080,46.177887
24081,53.696083
24082,57.24615
24083,60.373085
24084,62.35047
24085,63.228043
24086,63.335686
24087,62.70741
24088,60.93171
24089,57.09104
24090,49.957146
24091,38.593216
24092,22.731457
24093,3.0450509
24094,-18.706259
24095,-39.72616
24096,-56.44715
24097,-65.028595
24098,-67.09831
24099,-73.46507
24100,-132.8747
24101,-184.22803
24102,2.2837596
24103,0.018300552
24104,-1.4763169
24105,-7.453368
24106,-3.1558368
24107,-3.8185973
24108,-4.672675
24109,-5.9352584
24110,-7.742053
24111,-10.122026
24112,-13.117139
24113,-16.785912
24114,-21.16858
24115,-26.139153
24116,-31.323795
24117,-36.329853
24118,-40.742867
24119,-43.620285
24120,-43.329903
24121,-46.5
24122,-41.5
24123,-41.5
24124,-41.5
24125,-41.5
24126,-41.5
24127,-41.5
24128,-46.5
24129,-41.5
24130,-41.5
24131,-41.5
24132,-46.5
24133,-41.5
24134,-41.5
24135,-41.5
24136,-41.5
24137,-41.5
24138,-41.476513
24139,-39.91786
24140,-36.137505
24141,-33.97127
24142,-32.68207
24143,-37.66074
24144,-34.39959
24145,-38.54928
24146,-43.383896
24147,-43.65456
24148,-41.5
24149,-41.5
24150,-41.5
24151,-41.5
24152,-10.667377
24153,-0.38414037
24154,-0.16615947
24155,0.099968754
24156,0.41357678
24157,0.767202
24158,1.1490159
24159,1.5443442
24160,-3.064815
24161,2.2936938
24162,2.5797129
24163,2.7523787
24164,2.7712264
24165,2.5977128
24166,2.206754
24167,1.5923654
24168,0.749664
24169,-0.3272671
24170,-1.6312262
24171,-3.0760727
24172,-4.4650135
24173,-5.594466
24174,-6.268995
24175,-6.3241806
24176,-5.749167
24177,-4.730739
24178,-3.451739
24179,-2.078357
24180,-0.7630109
24181,0.3998876
24182,1.3894358
24183,2.1848316
24184,2.7607982
24185,3.0988693
24186,3.2238123
24187,3.2209053
24188,3.1810777
24189,3.1940846
24190,3.3415592
24191,3.6562629
24192,4.104118
24193,4.646498
24194,-199.37152
24195,-177.5352
24196,-156.80048
24197,-138.2588
24198,-122.80956
24199,-111.20948
24200,-104.573814
24201,-103.331055
24202,-105.63263
24203,-111.089355
24204,-119.3706
24205,-130.17023
24206,-143.17389
24207,-158.03305
24208,-174.34435
24209,-191.63554
24210,4.8058224
24211,-0.66695154
24212,3.9082768
24213,3.5537457
24214,3.2922127
24215,3.1490088
24216,3.1610363
24217,3.380571
24218,-1.1401093
24219,4.6488047
24220,-183.2788
24221,-137.76576
24222,-93.48053
24223,-56.614677
24224,-30.634693
24225,-16.83154
24226,-14.43649
24227,-21.234777
24228,-35.706104
24229,-56.630466
24230,-82.41642
24231,-111.447975
24232,-142.7822
24233,-175.48067
24234,4.7701936
24235,3.9159627
24236,3.1491563
24237,2.4365015
24238,1.7414657
24239,1.0287892
24240,0.26996315
24241,-0.52448225
24242,-1.289691
24243,-1.9569367
24244,-2.4601374
24245,-2.7339244
24246,-2.7139184
24247,-2.3371398
24248,-1.5424654
24249,-0.2714705
24250,1.3335307
24251,2.6104198
24252,3.0711095
24253,2.9937458
24254,2.5111823
24255,1.765548
24256,-4.093961
24257,0.08580008
24258,-0.54078996
24259,-0.82016623
24260,-0.6213875
24261,0.06738833
24262,1.1019162
24263,2.336054
24264,3.6353939
24265,4.874479
24266,-177.0946
24267,-151.31516
24268,-124.943794
24269,-113.20359
24270,-111.365616
24271,-118.46551
24272,-131.17467
24273,-145.38339
24274,-156.56873
24275,-160.55615
24276,-156.59123
24277,-148.97469
24278,-142.83331
24279,-142.91234
24280,-153.58215
24281,-177.4158
24282,4.605661
24283,3.3093293
24284,1.9068338
24285,0.5007246
24286,-0.8297413
24287,-2.0390542
24288,-3.0868373
24289,-3.9336264
24290,-4.5438733
24291,-4.8956075
24292,-4.9864116
24293,-4.8266397
24294,-4.438813
24295,-3.8393593
24296,-8.03759
24297,-2.0362322
24298,-0.8317607
24299,0.58491385
24300,1.8040147
24301,2.2719972
24302,2.5000668
24303,2.4755127
24304,2.2458348
24305,1.8578131
24306,1.3572288
24307,-4.2113595
24308,0.19545506
24309,-0.37972084
24310,-0.90120256
24311,-1.3735569
24312,-1.8567107
24313,-2.4136279
24314,-3.1050107
24315,-3.9819026
24316,-5.0356026
24317,-11.174978
24318,-7.3058057
24319,-8.338479
24320,-9.189728
24321,-9.809097
24322,-10.189615
24323,-10.325233
24324,-10.208045
24325,-9.839046
24326,-9.266872
24327,-8.601766
24328,-7.9519944
24329,-7.421682
24330,-7.096693
24331,-6.9560127
24332,-6.8365316
24333,-6.5755467
24334,-6.0192575
24335,-5.0438833
24336,-3.6877556
24337,-2.1962132
24338,-0.80614674
24339,0.26254052
24340,0.81436557
24341,0.7924832
24342,0.33200312
24343,-0.41849443
24344,-1.3128657
24345,-2.2011588
24346,-2.9325185
24347,-3.3575394
24348,-3.3301518
24349,-2.709244
24350,-3.267877
24351,-6.2747326
24352,-7.196203
24353,-7.1547856
24354,-6.4200306
24355,-10.242107
24356,-3.8591795
24357,-2.5011876
24358,-1.3931577
24359,-0.7599396
24360,-0.7963087
24361,-1.4956367
24362,-2.56342
24363,-3.6800418
24364,-4.5319543
24365,-4.842837
24366,-4.5479617
24367,-3.8598762
24368,-2.9911513
24369,-2.1340578
24370,-1.4618239
24371,-1.0547575
24372,-0.8705402
24373,-0.864247
24374,-0.99654514
24375,-1.2261491
24376,-1.5041888
24377,-1.771785
24378,-1.9694284
24379,-2.0382323
24380,-1.9310465
24381,-1.6667203
24382,-1.3520039
24383,-1.0954864
24384,-1.0011098
24385,-1.1584451
24386,-1.569826
24387,-2.1168418
24388,-2.673947
24389,-3.1201553
24390,-3.3462427
24391,-3.3107936
24392,-3.06293
24393,-7.6537805
24394,-2.129009
24395,-1.5333874
24396,-0.9106224
24397,-0.30352327
24398,0.2455632
24399,0.6943342
24400,0.5409123
24401,-0.27578512
24402,-0.15883236
24403,0.45597017
24404,1.4303428
24405,2.6323395
24406,3.9346716
24407,-204.77579
24408,-164.18019
24409,-134.77016
24410,-118.33228
24411,-114.625046
24412,-121.095184
24413,-135.24959
24414,-154.74115
24415,-176.98206
24416,-199.32883
24417,4.520796
24418,4.1310654
24419,3.9537246
24420,4.031898
24421,4.3351564
24422,4.733584
24423,-203.70883
24424,-196.23439
24425,-198.58777
24426,4.7183256
24427,3.9718874
24428,2.991507
24429,-3.162339
24430,0.57520336
24431,-0.71399504
24432,-1.9249313
24433,-2.9507396
24434,-3.686639
24435,-4.046367
24436,-4.041355
24437,-3.811891
24438,-3.499202
24439,-3.2358775
24440,-3.141305
24441,-3.2616994
24442,-3.5447428
24443,-3.9355307
24444,-4.3838067
24445,-4.8388567
24446,-5.249645
24447,-5.5649824
24448,-5.7338963
24449,-5.7058926
24450,-4.5874147
24451,-2.2342248
24452,-1.3440157
24453,-1.1572611
24454,-1.5473802
24455,-2.379116
24456,-8.508674
24457,-4.7858906
24458,-11.056796
24459,-7.165647
24460,-7.968937
24461,-8.395586
24462,-8.47106
24463,-8.221511
24464,-7.667442
24465,-6.8386374
24466,-5.816777
24467,-4.7504673
24468,-3.7862155
24469,-3.066525
24470,-2.7192254
24471,-2.7795653
24472,-3.1561933
24473,-3.7546701
24474,-4.4902825
24475,-5.293205
24476,-6.1374297
24477,-7.0507865
24478,-8.06922
24479,-9.230111
24480,-10.565183
24481,-12.066376
24482,-13.668447
24483,-15.290376
24484,-16.829966
24485,-18.186127
24486,-19.388277
24487,-20.65052
24488,-22.173735
24489,-24.14687
24490,-26.731876
24491,-34.901035
24492,-38.374157
24493,-41.89059
24494,-45.21746
24495,-48.13096
24496,-50.415226
24497,-46.860874
24498,-52.26347
24499,-46.422348
24500,-46.410046
24501,-49.452484
24502,-51.6028
24503,-53.67271
24504,-60.57329
24505,-57.216873
24506,-58.516987
24507,-59.38805
24508,-64.74537
24509,-64.5051
24510,-58.621468
24511,-57.263424
24512,-55.868187
24513,-54.83995
24514,-54.559856
24515,-60.341194
24516,-57.097008
24517,-59.23447
24518,-61.21748
24519,-62.556095
24520,-62.835323
24521,-62.048973
24522,-60.698498
24523,-59.22282
24524,-58.01016
24525,-57.387264
24526,-57.362194
24527,-57.546795
24528,-62.59568
24529,-57.19705
24530,-56.088615
24531,-54.28782
24532,-52.161438
24533,-50.03631
24534,-48.209366
24535,-46.932556
24536,-46.196323
24537,-45.662697
24538,-45.031155
24539,-44.03033
24540,-42.42982
24541,-40.225616
24542,-37.695652
24543,-40.086494
24544,-37.619087
24545,-30.513075
24546,-28.9878
24547,-33.264206
24548,-28.567251
24549,-30.127823
24550,-30.445822
24551,-27.02917
24552,-24.936686
24553,-22.977818
24554,-21.160675
24555,-19.49321
24556,-17.983215
24557,-16.638365
24558,-15.466206
24559,-14.474171
24560,-13.6602125
24561,-12.968679
24562,-12.274655
24563,-11.455891
24564,-10.39502
24565,-9.000106
24566,-7.3187065
24567,-5.5750384
24568,-3.982932
24569,-2.7422523
24570,-2.0251803
24571,-1.8406745
24572,-1.9752432
24573,-2.2058616
24574,-2.3157036
24575,-2.106892
24576,-1.4999804
24577,-0.5731427
24578,0.5923422
24579,1.9250255
24580,3.3565838
24581,4.8279996
24582,-167.72124
24583,-121.84143
24584,-83.54909
24585,-53.03187
24586,-29.655968
24587,-12.161444
24588,0.6124144
24589,4.586061
24590,15.511975
24591,19.236692
24592,16.851376
24593,24.389282
24594,27.764715
24595,32.712383
24596,39.61412
24597,48.212498
24598,57.216904
24599,63.803593
24600,64.40572
24601,46.438053
24602,35.770947
24603,28.549097
24604,31.251799
24605,40.595985
24606,51.701614
24607,60.369556
24608,64.45497
24609,64.32534
24610,62.3392
24611,61.070866
24612,61.430855
24613,62.95024
24614,64.55384
24615,65.12261
24616,58.93992
24617,61.073944
24618,57.49117
24619,49.790424
24620,54.528267
24621,57.00395
24622,60.783356
24623,63.917583
24624,64.77413
24625,62.479156
24626,57.068993
24627,49.329655
24628,40.63769
24629,32.782032
24630,22.53334
24631,25.480022
24632,25.325584
24633,25.237352
24634,23.393564
24635,18.037138
24636,7.974924
24637,-6.7254324
24638,-25.273664
24639,-46.19466
24640,-67.23392
24641,-84.664345
24642,-92.94161
24643,-91.85298
24644,-63.519417
24645,-24.384268
24646,17.498219
24647,54.761063
24648,52.4428
24649,-36.00949
24650,-179.23923
24651,-196.78659
24652,-196.91634
24653,-178.9931
24654,-149.46016
24655,-114.96055
24656,-81.23857
24657,-52.542107
24658,-31.55192
24659,-19.863485
24660,-18.594126
24661,-27.525509
24662,-43.69155
24663,-62.689285
24664,-78.51886
24665,-84.54549
24666,-83.131165
24667,-63.392838
24668,-45.82837
24669,-30.047518
24670,-19.129276
24671,-13.389687
24672,-10.240844
24673,-6.8188066
24674,-0.56009126
24675,10.167671
24676,24.15189
24677,37.53031
24678,47.51433
24679,53.18361
24680,54.718407
24681,52.499165
24682,47.038696
24683,39.3565
24684,31.838589
24685,27.921564
24686,29.45846
24687,34.85253
24688,36.601315
24689,47.67471
24690,51.91043
24691,54.102173
24692,54.577503
24693,53.447636
24694,50.461815
24695,45.008026
24696,36.107033
24697,17.399284
24698,2.1268013
24699,-26.884554
24700,-36.552616
24701,-4.775038
24702,2.7124295
24703,-10.322373
24704,-25.994547
24705,-57.218895
24706,-94.69353
24707,-130.64978
24708,-154.35677
24709,-154.37149
24710,-123.6763
24711,-69.17988
24712,-16.20865
24713,28.250004
24714,52.33792
24715,64.5293
24716,63.827663
24717,56.891617
24718,61.0149
24719,61.171032
24720,61.611923
24721,61.724113
24722,56.124245
24723,59.198597
24724,54.61375
24725,44.864357
24726,27.057194
24727,0.693068
24728,-31.157692
24729,-61.78345
24730,-82.64427
24731,-89.74218
24732,-87.98778
24733,-84.767685
24734,-87.25157
24735,-102.01327
24736,-132.47618
24737,-175.72212
24738,2.1701572
24739,-1.3735304
24740,-3.297359
24741,-3.202008
24742,-1.2409502
24743,2.3875024
24744,-196.98642
24745,-124.765236
24746,-57.76446
24747,-4.8986573
24748,36.757767
24749,58.03115
24750,56.953873
24751,25.53342
24752,-30.343868
24753,-102.20448
24754,-183.0574
24755,3.125988
24756,1.1200309
24757,-0.61017376
24758,-2.113391
24759,-3.4395452
24760,-4.637195
24761,-5.741281
24762,-6.767708
24763,-7.7325783
24764,-8.653786
24765,-9.547058
24766,-10.412494
24767,-16.229065
24768,-11.975868
24769,-12.633086
24770,-13.179315
24771,-13.586931
24772,-13.820873
24773,-13.846608
24774,-13.630863
24775,-13.15555
24776,-12.484905
24777,-11.788819
24778,-11.233217
24779,-10.978188
24780,-11.164445
24781,-11.808006
24782,-12.756123
24783,-13.853584
24784,-14.948156
24785,-15.891768
24786,-16.598106
24787,-17.065641
24788,-17.28722
24789,-17.248306
24790,-16.941671
24791,-16.402264
24792,-15.719453
24793,-14.981421
24794,-14.274312
24795,-13.686161
24796,-13.307221
24797,-13.2302475
24798,-13.550931
24799,-14.368223
24800,-14.300124
24801,-12.240897
24802,-11.366325
24803,-10.858674
24804,-10.646912
24805,-10.65881
24806,-10.820874
24807,-11.058584
24808,-11.296703
24809,-11.459677
24810,-11.476666
24811,-11.304308
24812,-10.935099
24813,-10.360885
24814,-9.571289
24815,-8.564131
24816,-7.383421
24817,-6.132351
24818,-4.9111333
24819,-3.8151233
24820,-2.9279387
24821,-2.2681324
24822,-1.7681415
24823,-1.3593267
24824,-0.9768765
24825,-5.565753
24826,-0.1304311
24827,0.24461721
24828,0.4727469
24829,0.47099036
24830,0.16850424
24831,-0.42896298
24832,-1.2078598
24833,-2.046005
24834,-2.8244798
24835,-3.4389386
24836,-3.8704462
24837,-4.2152762
24838,-4.5732718
24839,-5.0381413
24840,-5.685946
24841,-6.488651
24842,-7.276617
24843,-7.8765316
24844,-8.123726
24845,-7.8564773
24846,-6.917894
24847,-5.158586
24848,-2.441562
24849,-3.6521244
24850,3.0338707
24851,0.17780037
24852,-0.16027807
24853,0.63622254
24854,2.2582004
24855,4.4253693
24856,-153.11517
24857,-82.7281
24858,-21.21953
24859,15.023604
24860,34.220688
24861,42.267403
24862,39.938164
24863,45.940414
24864,48.107533
24865,53.252182
24866,59.973846
24867,64.30663
24868,64.17069
24869,60.784073
24870,57.697334
24871,52.572075
24872,54.757122
24873,62.381126
24874,64.12802
24875,64.790794
24876,59.868782
24877,64.68071
24878,64.06801
24879,62.647026
24880,60.05135
24881,56.117233
24882,51.016586
24883,45.307503
24884,39.9043
24885,35.91316
24886,34.167156
24887,29.841179
24888,37.73873
24889,42.41752
24890,48.162373
24891,53.84176
24892,58.254093
24893,60.904495
24894,61.865215
24895,61.080257
24896,57.25686
24897,46.344204
24898,19.598248
24899,-43.778076
24900,-89.36495
24901,-56.992016
24902,-47.33813
24903,-52.472073
24904,-70.18557
24905,-99.56534
24906,-139.68071
24907,-193.6424
24908,0.63680434
24909,-3.520437
24910,-11.809355
24911,-9.015075
24912,-10.185246
24913,-10.378594
24914,-9.643642
24915,-8.064327
24916,-10.909706
24917,-3.6586218
24918,-1.73181
24919,-0.52911574
24920,-0.4175116
24921,-1.4873669
24922,-8.446863
24923,-6.010235
24924,-8.899571
24925,-11.856734
24926,-14.824108
24927,-18.024982
24928,-21.677158
24929,-25.992054
24930,-31.134636
24931,-36.851185
24932,-42.24433
24933,-44.583084
24934,-42.326412
24935,-41.5
24936,-46.5
24937,-41.225246
24938,-38.856804
24939,-34.901432
24940,-34.152847
24941,-34.605465
24942,-35.53455
24943,-36.516685
24944,-37.184105
24945,-37.14023
24946,-36.00396
24947,-33.455334
24948,-29.267689
24949,-23.301863
24950,-16.066833
24951,-10.706706
24952,-9.692123
24953,-10.464894
24954,-12.815963
24955,-16.293468
24956,-20.311907
24957,-24.192238
24958,-27.189384
24959,-28.542831
24960,-27.744038
24961,-25.406662
24962,-23.233988
24963,-22.402195
24964,-23.93308
24965,-28.879532
24966,-37.4705
24967,-45.21309
24968,-44.622078
24969,-46.5
24970,-41.5
24971,-41.5
24972,-41.5
24973,-41.5
24974,-41.5
24975,-41.5
24976,-41.5
24977,-41.5
24978,-41.5
24979,-40.354034
24980,-36.8668
24981,-34.881714
24982,-36.13726
24983,-42.526215
24984,-38.495686
24985,-43.47555
24986,-37.497402
24987,-36.27598
24988,-35.213543
24989,-34.571457
24990,-39.582764
24991,-35.351543
24992,-36.84522
24993,-39.116413
24994,-42.19395
24995,-43.59112
24996,-41.5
24997,-41.5
24998,-41.5
24999,-41.5
25000,-41.5
25001,-41.5
25002,-41.5
25003,-41.5
25004,-41.5
25005,-41.5
25006,-41.5
25007,-41.5
25008,-41.5
25009,-41.5
25010,-41.5
25011,-41.5
25012,-41.5
25013,-41.5
25014,-41.5
25015,-41.5
25016,-41.5
25017,-41.5
25018,-41.5
25019,-41.5
25020,-41.5
25021,-46.5
25022,-41.5
25023,-41.5
25024,-41.5
25025,-41.5
25026,-41.5
25027,-41.5
25028,-41.5
25029,-41.5
25030,-41.5
25031,-41.5
25032,-41.5
25033,-41.5
25034,-41.5
25035,-41.5
25036,-41.5
25037,-46.5
25038,-46.5
25039,-41.5
25040,-41.5
25041,-41.5
25042,-41.5
25043,-41.5
25044,-41.5
25045,-41.5
25046,-41.5
25047,-41.5
25048,-41.5
25049,-41.5
25050,-41.5
25051,-41.5
25052,-41.5
25053,-41.5
25054,-46.5
25055,-41.5
25056,-46.5
25057,-41.5
25058,-41.5
25059,-41.5
25060,-41.5
25061,-41.5
25062,-41.5
25063,-41.5
25064,-41.5
25065,-41.5
25066,-41.5
25067,-41.5
25068,-41.5
25069,-41.5
25070,-41.5
25071,-41.5
25072,-41.5
25073,-41.5
25074,-41.5
25075,-41.5
25076,-41.5
25077,-41.5
25078,-41.5
25079,-41.5
25080,-41.5
25081,-41.5
25082,-41.5
25083,-41.5
25084,-41.5
25085,-41.5
25086,-41.5
25087,-41.5
25088,-41.5
25089,-41.5
25090,-41.5
25091,-41.5
25092,-41.5
25093,-41.5
25094,-41.5
25095,-41.5
25096,-41.5
25097,-41.5
25098,-41.5
25099,-41.5
25100,-41.5
25101,-41.5
25102,-46.5
25103,-41.5
25104,-41.5
25105,-41.5
25106,-41.5
25107,-41.5
25108,-41.5
25109,-41.5
25110,-41.5
25111,-41.5
25112,-41.5
25113,-41.5
25114,-41.5
25115,-46.5
25116,-41.5
25117,-41.5
25118,-41.5
25119,-41.5
25120,-41.5
25121,-41.5
25122,-41.5
25123,-41.5
25124,-41.5
25125,-41.5
25126,-41.5
25127,-41.5
25128,-41.5
25129,-41.5
25130,-41.5
25131,-41.5
25132,-41.5
25133,-41.5
25134,-41.5
25135,-41.5
25136,-41.5
25137,-41.5
25138,-41.5
25139,-41.5
25140,-41.5
25141,-41.5
25142,-41.5
25143,-41.5
25144,-41.5
25145,-41.5
25146,-41.5
25147,-41.5
25148,-41.5
25149,-41.5
25150,-41.5
25151,-41.5
25152,-41.5
25153,-41.5
25154,-41.5
25155,-41.5
25156,-41.5
25157,-41.5
25158,-41.5
25159,-41.5
25160,-41.5
25161,-41.5
25162,-41.5
25163,-41.5
25164,-41.5
25165,-41.5
25166,-41.5
25167,-41.5
25168,-41.5
25169,-41.5
25170,-41.5
25171,-41.5
25172,-46.5
25173,-41.5
25174,-41.5
25175,-40.8918
25176,-39.234234
25177,-38.20153
25178,-37.84297
25179,-42.670918
25180,-37.669827
25181,-37.868523
25182,-38.34622
25183,-39.161255
25184,-40.36695
25185,-46.94473
25186,-42.58407
25187,-41.5
25188,-41.5
25189,-41.5
25190,-41.5
25191,-41.5
25192,-41.5
25193,-40.50149
25194,-37.941803
25195,-36.64163
25196,-36.57951
25197,-37.70289
25198,-40.387966
25199,-42.9656
25200,-42.35449
25201,-41.5
25202,-41.5
25203,-41.5
25204,-41.5
25205,-41.5
25206,-41.5
25207,-41.5
25208,-41.5
25209,-41.5
25210,-41.5
25211,-41.5
25212,-41.5
25213,-46.5
25214,-41.5
25215,-41.5
25216,-41.5
25217,-41.5
25218,-41.5
25219,-41.5
25220,-41.5
25221,-41.5
25222,-41.5
25223,-41.5
25224,-41.5
25225,-41.5
25226,-41.5
25227,-41.5
25228,-41.5
25229,-41.5
25230,-41.5
25231,-41.5
25232,-41.5
25233,-41.5
25234,-41.5
25235,-41.5
25236,-41.5
25237,-41.5
25238,-41.5
25239,-41.5
25240,-41.5
25241,-41.5
25242,-41.5
25243,-41.5
25244,-41.5
25245,-41.5
25246,-40.274727
25247,-37.058693
25248,-35.000713
25249,-33.64305
25250,-33.553844
25251,-34.94098
25252,-34.76481
25253,-34.437958
25254,-33.990467
25255,-33.451023
25256,-32.84717
25257,-37.205547
25258,-31.552458
25259,-30.9152
25260,-30.323559
25261,-29.808468
25262,-29.400545
25263,-29.131155
25264,-29.031858
25265,-29.137665
25266,-29.503107
25267,-30.205769
25268,-31.31896
25269,-32.91771
25270,-35.034904
25271,-37.425674
25272,-39.487488
25273,-40.681324
25274,-40.52897
25275,-38.75003
25276,-35.799435
25277,-32.742245
25278,-30.153713
25279,-28.425106
25280,-27.869293
25281,-28.231146
25282,-28.571442
25283,-28.171583
25284,-26.409864
25285,-22.894224
25286,-18.145515
25287,-13.457129
25288,-9.624138
25289,-7.3518596
25290,-7.3639235
25291,-9.81855
25292,-14.015302
25293,-19.259394
25294,-24.810476
25295,-29.813522
25296,-33.32373
25297,-34.396107
25298,-32.27433
25299,-26.604034
25300,-19.945738
25301,-17.054617
25302,-17.284039
25303,-18.94998
25304,-21.745518
25305,-25.18501
25306,-28.671015
25307,-31.528233
25308,-33.047367
25309,-32.56649
25310,-29.733723
25311,-25.193027
25312,-20.351648
25313,-15.974222
25314,-12.615152
25315,-10.81261
25316,-10.63217
25317,-11.486234
25318,-12.882568
25319,-14.335581
25320,-15.380601
25321,-15.888761
25322,-16.169212
25323,-16.470333
25324,-16.994188
25325,-17.887072
25326,-18.978798
25327,-19.700176
25328,-19.546246
25329,-18.081484
25330,-15.038681
25331,-10.786575
25332,-6.2919884
25333,-2.2432783
25334,0.74690014
25335,2.093551
25336,1.6842407
25337,0.0864806
25338,-2.1276805
25339,-4.3809266
25340,-6.1189966
25341,-7.1048307
25342,-7.5355263
25343,-12.588991
25344,-7.406003
25345,-7.1234956
25346,-6.8784595
25347,-6.809905
25348,-7.059374
25349,-7.771858
25350,-4.586387
25351,4.356587
25352,-185.11534
25353,-152.20616
25354,-137.33743
25355,-135.28934
25356,-142.29727
25357,-155.1254
25358,-170.43379
25359,-184.45291
25360,-193.20782
25361,-193.99948
25362,-186.48679
25363,-171.14198
25364,-148.80746
25365,-120.9896
25366,-91.062515
25367,-64.07564
25368,-43.95072
25369,-33.337025
25370,-34.16121
25371,-45.912827
25372,-63.21127
25373,-78.06731
25374,-80.79892
25375,-63.613377
25376,-29.569468
25377,6.92202
25378,34.632763
25379,49.966255
25380,55.00047
25381,52.798702
25382,44.245766
25383,29.322256
25384,10.690564
25385,-5.4289303
25386,-13.415107
25387,-12.851737
25388,-5.7770004
25389,5.1079583
25390,17.186283
25391,28.502218
25392,37.936054
25393,44.948593
25394,49.407936
25395,51.34672
25396,50.59086
25397,46.260357
25398,36.141464
25399,15.929447
25400,-8.046656
25401,-17.480034
25402,-29.1973
25403,-42.31915
25404,-56.22224
25405,-70.109474
25406,-83.02339
25407,-93.88302
25408,-101.5429
25409,-104.87501
25410,-103.05302
25411,-96.53266
25412,-87.46605
25413,-78.194305
25414,-70.80496
25415,-66.93439
25416,-66.71349
25417,-68.18365
25418,-68.96572
25419,-66.6776
25420,-59.312134
25421,-46.59868
25422,-30.514894
25423,-13.31092
25424,3.1505985
25425,17.553864
25426,29.282866
25427,38.32343
25428,44.879887
25429,49.23754
25430,51.710255
25431,52.705967
25432,52.74406
25433,52.26223
25434,51.6686
25435,51.387794
25436,51.79272
25437,53.110153
25438,55.41319
25439,58.53832
25440,61.93569
25441,64.53093
25442,65.06374
25443,62.716507
25444,57.343853
25445,49.53069
25446,40.538773
25447,32.139267
25448,26.331184
25449,24.945248
25450,7.724233
25451,-68.12407
25452,-140.26833
25453,-197.64699
25454,3.70655
25455,2.9217577
25456,2.4537847
25457,2.1657794
25458,1.9258735
25459,1.6046491
25460,1.0897588
25461,0.3658142
25462,-0.44660857
25463,-1.215628
25464,-1.8145921
25465,-2.1342142
25466,-2.1607988
25467,-2.00822
25468,-1.7936445
25469,-1.6266304
25470,-1.5977739
25471,-1.6900252
25472,-1.7401043
25473,-1.5791303
25474,-1.0469719
25475,-0.020318821
25476,1.4322238
25477,2.9968534
25478,4.364285
25479,-201.773
25480,-193.33707
25481,4.6570516
25482,3.3463993
25483,1.7040218
25484,0.010456205
25485,-1.4697484
25486,-7.6007075
25487,-3.4255707
25488,-3.9983742
25489,-4.361888
25490,-4.5524163
25491,-4.585923
25492,-4.453072
25493,-4.144604
25494,-3.6536787
25495,-2.9747381
25496,-2.103614
25497,-1.0375496
25498,0.22484183
25499,1.6835924
25500,3.1879551
25501,4.212152
25502,4.4013705
25503,4.0005093
25504,3.1531527
25505,2.0147712
25506,0.74917465
25507,-0.47582713
25508,-1.492252
25509,-2.1346636
25510,-2.2642658
25511,-1.8763766
25512,-1.1414728
25513,-5.23086
25514,0.69782025
25515,1.5078747
25516,2.1661232
25517,2.7768998
25518,3.4507062
25519,4.291809
25520,-197.06953
25521,-152.13385
25522,-107.09741
25523,-66.94238
25524,-34.76087
25525,-11.667599
25526,3.6491306
25527,14.241636
25528,22.642982
25529,30.650501
25530,39.266922
25531,48.070946
25532,55.53781
25533,60.695896
25534,63.491432
25535,64.58466
25536,64.872375
25537,64.88959
25538,64.55191
25539,63.178837
25540,59.58643
25541,52.534515
25542,41.757305
25543,28.49702
25544,15.479003
25545,6.452701
25546,5.2498064
25547,14.354867
25548,32.986496
25549,54.68479
25550,59.64968
25551,51.645134
25552,42.941917
25553,32.58452
25554,28.983625
25555,31.918697
25556,39.223423
25557,48.104935
25558,56.100353
25559,61.673153
25560,64.4723
25561,65.13965
25562,64.50005
25563,63.017723
25564,60.83931
25565,57.878277
25566,53.99172
25567,49.23151
25568,38.820232
25569,38.11058
25570,32.56974
25571,27.760887
25572,24.306389
25573,22.811966
25574,23.77443
25575,27.28527
25576,32.1077
25577,35.62702
25578,35.37534
25579,23.346199
25580,9.227994
25581,-28.611977
25582,-87.04578
25583,-160.43881
25584,3.8907468
25585,2.5612493
25586,2.0867448
25587,2.1154275
25588,2.2746458
25589,2.2209692
25590,1.6493757
25591,0.46562925
25592,-1.1202157
25593,-2.8644042
25594,-4.529034
25595,-5.8768167
25596,-6.675483
25597,-6.7005324
25598,-5.737981
25599,-3.589278
25600,-1.5069731
25601,-1.2021521
25602,-0.89020663
25603,-0.7807283
25604,-0.813247
25605,-0.9260773
25606,-1.0566428
25607,-1.1419231
25608,-1.1188424
25609,-0.92471325
25610,-0.5139723
25611,0.06366254
25612,0.63219154
25613,1.0128301
25614,1.0318395
25615,0.5316627
25616,-0.5289718
25617,-2.0222251
25618,-3.8026373
25619,-5.726497
25620,-7.6502137
25621,-9.443439
25622,-10.995113
25623,-12.196823
25624,-12.941377
25625,-13.146824
25626,-12.86557
25627,-12.322606
25628,-11.73435
25629,-11.303109
25630,-11.217235
25631,-11.588799
25632,-17.429634
25633,-13.754694
25634,-15.584739
25635,-17.908792
25636,-20.53981
25637,-23.057281
25638,-25.045923
25639,-26.11231
25640,-25.930511
25641,-24.514034
25642,-22.299257
25643,-19.683805
25644,-22.023657
25645,-14.667258
25646,-12.959154
25647,-12.247713
25648,-12.896833
25649,-15.297092
25650,-16.865011
25651,-14.765277
25652,-19.274792
25653,-14.109301
25654,-14.1571665
25655,-14.304328
25656,-14.434841
25657,-14.431942
25658,-14.179065
25659,-13.5608015
25660,-12.485602
25661,-10.988758
25662,-9.265852
25663,-7.502132
25664,-5.8687563
25665,-4.520842
25666,-3.5322828
25667,-2.872417
25668,-2.512967
25669,-2.43183
25670,-2.6011355
25671,-2.961562
25672,-3.4109313
25673,-3.844284
25674,-4.158143
25675,-4.2627306
25676,-4.146572
25677,-3.9021466
25678,-3.6229103
25679,-3.3959315
25680,-3.2989383
25681,-3.357103
25682,-3.5249252
25683,-3.7549794
25684,-4.003061
25685,-4.2315807
25686,-4.4429007
25687,-4.693236
25688,-5.040021
25689,-5.5380497
25690,-6.2365355
25691,-7.1502376
25692,-8.246801
25693,-9.492492
25694,-10.855671
25695,-12.304381
25696,-13.806523
25697,-15.329956
25698,-16.842604
25699,-18.31251
25700,-18.802721
25701,-17.831
25702,-17.775288
25703,-17.947891
25704,-18.267338
25705,-18.65123
25706,-19.016603
25707,-19.280262
25708,-19.35914
25709,-19.170647
25710,-18.656261
25711,-17.891739
25712,-17.123798
25713,-16.587706
25714,-16.506573
25715,-17.072014
25716,-18.281233
25717,-19.87218
25718,-21.58809
25719,-23.18683
25720,-29.453012
25721,-25.326979
25722,-25.948942
25723,-26.4455
25724,-31.92596
25725,-27.477201
25726,-28.064917
25727,-28.499811
25728,-28.603954
25729,-28.212896
25730,-27.195631
25731,-25.600428
25732,-23.699713
25733,-21.744987
25734,-19.967787
25735,-18.574272
25736,-17.63242
25737,-17.034853
25738,-16.686954
25739,-16.506754
25740,-16.41468
25741,-16.348192
25742,-16.267242
25743,-16.130747
25744,-15.896168
25745,-15.521081
25746,-14.963232
25747,-14.180453
25748,-13.130882
25749,-11.773291
25750,-11.010121
25751,-11.55582
25752,-11.397315
25753,-11.050477
25754,-10.577405
25755,-10.039451
25756,-9.497448
25757,-9.011908
25758,-8.643254
25759,-8.452157
25760,-8.489642
25761,-8.748905
25762,-9.145752
25763,-9.595666
25764,-10.017983
25765,-10.338523
25766,-10.522173
25767,-10.585483
25768,-10.544284
25769,-10.411054
25770,-10.202462
25771,-9.959995
25772,-9.757696
25773,-9.668814
25774,-9.7647705
25775,-10.105172
25776,-10.6785755
25777,-11.378514
25778,-12.098473
25779,-12.737072
25780,-13.210241
25781,-13.533924
25782,-13.854949
25783,-14.316564
25784,-15.053593
25785,-16.171131
25786,-17.597574
25787,-19.026316
25788,-25.155624
25789,-20.700888
25790,-20.42308
25791,-19.324068
25792,-17.709274
25793,-15.860481
25794,-14.031476
25795,-12.472255
25796,-11.432118
25797,-11.16458
25798,-11.933335
25799,-14.017214
25800,-15.639825
25801,-14.668636
25802,-14.481929
25803,-14.386761
25804,-14.379961
25805,-14.458492
25806,-14.619364
25807,-14.8596525
25808,-15.176484
25809,-15.566988
25810,-16.022781
25811,-16.503649
25812,-16.927752
25813,-17.214811
25814,-17.287634
25815,-17.0878
25816,-16.661755
25817,-16.19037
25818,-15.846722
25819,-15.794046
25820,-16.173092
25821,-16.990316
25822,-18.074577
25823,-19.259308
25824,-20.388474
25825,-21.3223
25826,-22.016764
25827,-22.551825
25828,-23.001066
25829,-23.428802
25830,-23.895288
25831,-24.438608
25832,-25.068485
25833,-25.796425
25834,-26.636086
25835,-27.592363
25836,-28.619705
25837,-29.607624
25838,-30.450037
25839,-31.046066
25840,-31.30522
25841,-31.193949
25842,-30.75082
25843,-30.008387
25844,-28.993298
25845,-27.732033
25846,-26.250957
25847,-24.57633
25848,-22.734293
25849,-20.750912
25850,-20.558512
25851,-23.3387
25852,-24.400845
25853,-24.990702
25854,-25.191519
25855,-25.084583
25856,-24.749855
25857,-24.26637
25858,-23.712503
25859,-23.166218
25860,-22.69905
25861,-22.347387
25862,-22.10268
25863,-21.95943
25864,-21.915249
25865,-21.96807
25866,-22.120056
25867,-22.379065
25868,-22.752462
25869,-23.247204
25870,-23.866468
25871,-24.590582
25872,-25.370283
25873,-26.158344
25874,-26.91005
25875,-27.586113
25876,-28.176878
25877,-28.71053
25878,-29.212786
25879,-29.706627
25880,-30.209951
25881,-30.711046
25882,-31.160313
25883,-31.51123
25884,-31.720388
25885,-31.755604
25886,-31.648142
25887,-31.509613
25888,-31.44459
25889,-31.551046
25890,-31.913887
25891,-32.5426
25892,-33.35028
25893,-34.257717
25894,-35.19307
25895,-36.08434
25896,-36.859543
25897,-37.44681
25898,-37.774494
25899,-37.77122
25900,-37.854805
25901,-38.47165
25902,-38.76442
25903,-38.961395
25904,-39.07847
25905,-39.131462
25906,-39.136143
25907,-39.10824
25908,-39.063423
25909,-39.01732
25910,-38.98382
25911,-38.96704
25912,-38.958702
25913,-38.95174
25914,-38.940075
25915,-38.916725
25916,-38.86974
25917,-38.780857
25918,-38.632416
25919,-38.40728
25920,-38.10663
25921,-37.83595
25922,-37.832413
25923,-38.32071
25924,-39.515804
25925,-41.576904
25926,-44.33567
25927,-52.20354
25928,-54.6274
25929,-51.09049
25930,-51.174847
25931,-50.00345
25932,-48.37263
25933,-47.000076
25934,-46.542095
25935,-47.55169
25936,-49.986614
25937,-58.046345
25938,-66.00211
25939,-58.18741
25940,-59.018223
25941,-58.36905
25942,-56.685673
25943,-54.347237
25944,-51.6807
25945,-54.011078
25946,-46.66165
25947,-44.954666
25948,-44.213234
25949,-44.763992
25950,-46.151833
25951,-51.808796
25952,-46.525898
25953,-45.81223
25954,-44.86908
25955,-43.89625
25956,-43.09284
25957,-42.657997
25958,-42.79172
25959,-43.695724
25960,-45.51727
25961,-48.081127
25962,-55.800114
25963,-53.124844
25964,-54.541603
25965,-54.619198
25966,-53.379166
25967,-51.40666
25968,-49.22066
25969,-47.287712
25970,-46.014893
25971,-45.482613
25972,-45.36267
25973,-45.37146
25974,-45.259514
25975,-44.80917
25976,-43.98687
25977,-42.99036
25978,-41.992283
25979,-41.145042
25980,-40.577843
25981,-40.289436
25982,-40.114132
25983,-39.902725
25984,-39.519608
25985,-38.855
25986,-37.946297
25987,-37.015766
25988,-36.26646
25989,-35.88577
25990,-36.0294
25991,-36.669674
25992,-37.545174
25993,-38.414547
25994,-39.05466
25995,-39.242554
25996,-38.756428
25997,-37.376602
25998,-34.887016
25999,-36.077923
26000,-32.932762
26001,-27.932428
26002,-32.935555
26003,-28.411016
26004,-29.221613
26005,-30.226528
26006,-31.282055
26007,-32.24306
26008,-37.964275
26009,-33.301197
26010,-38.142624
26011,-32.562626
26012,-31.868675
26013,-31.34514
26014,-31.256723
26015,-31.821548
26016,-32.98348
26017,-34.333256
26018,-35.489037
26019,-36.097786
26020,-35.86319
26021,-34.797455
26022,-33.298744
26023,-31.726698
26024,-30.406683
26025,-29.620714
26026,-29.409353
26027,-29.506828
26028,-29.673248
26029,-29.691925
26030,-29.372679
26031,-28.679281
26032,-27.770557
26033,-26.788254
26034,-25.857658
26035,-25.087631
26036,-24.496784
26037,-23.989105
26038,-23.477211
26039,-22.882261
26040,-22.132019
26041,-21.19288
26042,-20.080511
26043,-18.806908
26044,-17.380135
26045,-15.808109
26046,-14.098572
26047,-12.259177
26048,-10.297507
26049,-13.221095
26050,-9.913741
26051,-5.4168105
26052,-8.403387
26053,2.339433
26054,2.0126019
26055,0.8411624
26056,-0.9160235
26057,-2.9728367
26058,-5.0294847
26059,-6.7850094
26060,-7.967953
26061,-8.449762
26062,-8.28761
26063,-7.541419
26064,-6.2597995
26065,-9.513772
26066,-2.503402
26067,-0.59048826
26068,0.8756251
26069,1.5537487
26070,1.1418802
26071,-0.34273583
26072,-2.393219
26073,-4.4297805
26074,-5.877566
26075,-6.2382193
26076,-5.3996606
26077,-3.740465
26078,-1.6284311
26079,0.61487985
26080,2.70417
26081,4.4809885
26082,-180.21037
26083,-140.3669
26084,-114.246124
26085,-99.84434
26086,-94.97393
26087,-96.71038
26088,-102.239746
26089,-108.77216
26090,-113.55203
26091,-114.98729
26092,-113.46172
26093,-109.84943
26094,-105.03556
26095,-99.87757
26096,-95.186844
26097,-91.72777
26098,-90.23803
26099,-91.467354
26100,-82.00579
26101,-54.883255
26102,-44.5865
26103,-46.036873
26104,-56.398205
26105,-73.57637
26106,-95.270355
26107,-118.40955
26108,-138.97702
26109,-152.21703
26110,-153.99359
26111,-145.3809
26112,-134.67912
26113,-131.06064
26114,-143.60884
26115,-182.66551
26116,3.3334155
26117,0.6921938
26118,-7.011641
26119,-4.348283
26120,-5.9394236
26121,-6.648715
26122,-6.653309
26123,-6.1343927
26124,-5.249004
26125,-4.144097
26126,-2.9384007
26127,-1.7165662
26128,-0.5622109
26129,0.43976265
26130,1.2118173
26131,1.7195233
26132,1.9867078
26133,2.0394845
26134,1.9017472
26135,1.5990738
26136,1.1638108
26137,0.6374928
26138,0.062814064
26139,-0.5175077
26140,-1.0663177
26141,-1.5795339
26142,-2.0985093
26143,-2.6670003
26144,-3.3267548
26145,-4.1196923
26146,-5.087996
26147,-6.27423
26148,-7.7213273
26149,-9.47252
26150,-11.46271
26151,-13.2012825
26152,-14.193949
26153,-14.698813
26154,-14.808302
26155,-14.61168
26156,-19.196135
26157,-13.6473255
26158,-13.049644
26159,-12.486199
26160,-12.033176
26161,-11.731716
26162,-11.5778055
26163,-11.569191
26164,-11.706866
26165,-11.986534
26166,-12.371971
26167,-12.784692
26168,-13.147069
26169,-13.384415
26170,-13.43049
26171,-13.265363
26172,-12.929109
26173,-12.459848
26174,-11.891588
26175,-11.26589
26176,-10.6684
26177,-10.242204
26178,-15.129062
26179,-10.468913
26180,-11.382461
26181,-12.86376
26182,-14.733461
26183,-16.808777
26184,-18.914532
26185,-20.882608
26186,-22.58845
26187,-23.964697
26188,-24.943361
26189,-25.453722
26190,-30.437922
26191,-29.906694
26192,-23.956749
26193,-22.675764
26194,-21.141565
26195,-19.429884
26196,-17.615423
26197,-15.7725935
26198,-13.9759035
26199,-12.300232
26200,-11.038015
26201,-10.6079
26202,-10.814306
26203,-11.452772
26204,-12.352488
26205,-13.338462
26206,-14.233833
26207,-14.861976
26208,-15.048172
26209,-14.621007
26210,-18.450907
26211,-11.625364
26212,-9.50288
26213,-7.418669
26214,-5.6802354
26215,-4.5557656
26216,-4.108424
26217,-4.130764
26218,-4.413536
26219,-4.756802
26220,-4.969145
26221,-4.9298134
26222,-4.6145835
26223,-4.001994
26224,-3.0664778
26225,-1.8007017
26226,-0.29558173
26227,1.2325038
26228,2.571405
26229,3.517371
26230,3.893377
26231,3.6962132
26232,3.1740217
26233,2.6057374
26234,2.2688248
26235,2.4065008
26236,3.0630014
26237,4.018328
26238,5.043259
26239,-177.19894
26240,-157.04951
26241,-150.31677
26242,-153.7043
26243,-163.43588
26244,-175.80289
26245,-186.77773
26246,-191.98404
26247,-187.01363
26248,-168.09897
26249,-133.13556
26250,-126.82292
26251,-192.46962
26252,4.2442746
26253,4.2772636
26254,4.982486
26255,-169.8063
26256,-122.77815
26257,-76.0501
26258,-35.552307
26259,-4.5692234
26260,16.197296
26261,28.4135
26262,34.851704
26263,37.470325
26264,37.41587
26265,35.339436
26266,31.374454
26267,25.000917
26268,15.325128
26269,1.0958605
26270,-19.184082
26271,-45.980385
26272,-76.88026
26273,-107.15811
26274,-130.42664
26275,-140.29872
26276,-140.42053
26277,-122.093315
26278,-107.99609
26279,-99.88844
26280,-103.308395
26281,-120.20786
26282,-146.6913
26283,-176.48984
26284,-201.52153
26285,4.7242274
26286,4.9162517
26287,-194.50316
26288,-179.04039
26289,-169.95366
26290,-173.86494
26291,-194.63676
26292,4.1066527
26293,2.6751444
26294,1.0075717
26295,-0.7961074
26296,-2.6344333
26297,-4.4059443
26298,-6.0102963
26299,-7.348953
26300,-7.393792
26301,-5.7986445
26302,-5.3552594
26303,-5.330665
26304,-5.6262674
26305,-6.140135
26306,-6.7676926
26307,-7.402694
26308,-7.938292
26309,-8.267939
26310,-8.298038
26311,-8.005016
26312,-7.456587
26313,-6.719059
26314,-5.852331
26315,-4.9126363
26316,-3.9393983
26317,-2.950544
26318,-1.9639885
26319,-0.9987404
26320,-0.078778245
26321,0.7430741
26322,1.3753403
26323,1.7245802
26324,1.6968626
26325,1.2109041
26326,0.2777003
26327,-0.9577078
26328,-2.3351219
26329,-3.6961153
26330,-4.8914485
26331,-5.8301635
26332,-6.500611
26333,-6.894582
26334,-7.0000453
26335,-6.8127403
26336,-6.3729095
26337,-5.7789226
26338,-5.127625
26339,-4.5113425
26340,-4.015907
26341,-3.6926782
26342,-3.5475378
26343,-3.586329
26344,-3.817581
26345,-4.2499647
26346,-4.8922086
26347,-5.753105
26348,-6.841388
26349,-8.16574
26350,-9.672561
26351,-11.070776
26352,-12.080175
26353,-12.85227
26354,-13.445038
26355,-13.9153
26356,-14.319173
26357,-14.712286
26358,-15.150055
26359,-15.687866
26360,-16.376152
26361,-17.236292
26362,-18.25141
26363,-19.405848
26364,-20.68638
26365,-22.077309
26366,-23.548986
26367,-25.053675
26368,-26.544466
26369,-27.975876
26370,-29.303656
26371,-30.489887
26372,-31.504768
26373,-32.318085
26374,-32.899174
26375,-33.231083
26376,-33.37466
26377,-33.48927
26378,-33.725418
26379,-34.225582
26380,-35.104763
26381,-36.31897
26382,-37.620785
26383,-38.779392
26384,-39.580395
26385,-39.84416
26386,-39.585148
26387,-39.06188
26388,-38.50812
26389,-38.136387
26390,-38.135147
26391,-38.557335
26392,-39.284393
26393,-40.213993
26394,-41.25758
26395,-42.326267
26396,-43.331043
26397,-44.1829
26398,-44.792927
26399,-45.072365
26400,-44.544025
26401,-43.215652
26402,-42.54551
26403,-42.074265
26404,-41.783257
26405,-41.653816
26406,-41.667286
26407,-41.804985
26408,-42.048244
26409,-42.378353
26410,-47.781185
26411,-43.268574
26412,-43.884834
26413,-44.67
26414,-45.660416
26415,-46.867867
26416,-48.166164
26417,-49.255035
26418,-49.85247
26419,-49.692677
26420,-48.6058
26421,-46.95717
26422,-45.778797
26423,-46.02669
26424,-48.6068
26425,-59.235447
26426,-67.44932
26427,-81.25527
26428,-88.80204
26429,-88.39476
26430,-83.62139
26431,-79.55037
26432,-78.09109
26433,-70.92934
26434,-64.58026
26435,-60.37197
26436,-58.649227
26437,-53.55192
26438,-54.37095
26439,-55.49949
26440,-56.3764
26441,-56.729553
26442,-56.652214
26443,-56.197083
26444,-55.384842
26445,-54.23609
26446,-52.771343
26447,-51.011044
26448,-48.97562
26449,-46.685486
26450,-45.335144
26451,-45.785213
26452,-45.406857
26453,-44.926098
26454,-44.366573
26455,-43.751835
26456,-43.105377
26457,-42.45059
26458,-41.81083
26459,-41.209396
26460,-40.66077
26461,-40.12947
26462,-39.51711
26463,-38.73178
26464,-37.687073
26465,-36.32199
26466,-34.718315
26467,-33.136436
26468,-31.81752
26469,-30.98754
26470,-30.83772
26471,-31.355637
26472,-32.267563
26473,-33.31955
26474,-34.27636
26475,-34.932777
26476,-40.259476
26477,-35.450325
26478,-35.67877
26479,-36.0984
26480,-36.834534
26481,-37.85764
26482,-38.941566
26483,-39.877544
26484,-40.473385
26485,-40.56762
26486,-40.167645
26487,-44.492813
26488,-38.74117
26489,-38.09214
26490,-37.707054
26491,-37.649574
26492,-37.860905
26493,-38.294544
26494,-38.91457
26495,-39.685566
26496,-40.572678
26497,-41.54165
26498,-47.558804
26499,-43.590946
26500,-44.234432
26501,-44.305367
26502,-44.796646
26503,-45.352127
26504,-45.91383
26505,-46.42409
26506,-46.825676
26507,-47.06181
26508,-47.07624
26509,-46.813175
26510,-46.23031
26511,-45.359932
26512,-44.327526
26513,-43.248333
26514,-42.229313
26515,-41.36806
26516,-40.70978
26517,-40.233948
26518,-39.926853
26519,-39.780254
26520,-39.774593
26521,-39.826935
26522,-39.77455
26523,-39.462486
26524,-38.74265
26525,-37.495052
26526,-35.75653
26527,-33.759758
26528,-31.715857
26529,-29.817814
26530,-28.243212
26531,-27.088352
26532,-26.347916
26533,-26.026676
26534,-26.138079
26535,-26.67679
26536,-27.528528
26537,-28.438148
26538,-29.158737
26539,-29.453976
26540,-29.121513
26541,-28.146229
26542,-26.748692
26543,-25.128124
26544,-23.462841
26545,-21.929358
26546,-20.703327
26547,-19.960892
26548,-19.88057
26549,-20.645313
26550,-21.948114
26551,-22.737722
26552,-22.790781
26553,-22.444284
26554,-21.841167
26555,-21.122126
26556,-20.426407
26557,-19.892584
26558,-19.659367
26559,-19.866634
26560,-20.626764
26561,-21.884144
26562,-23.361492
26563,-24.78927
26564,-25.912607
26565,-26.516642
26566,-26.610617
26567,-26.48873
26568,-26.423471
26569,-26.664257
26570,-27.42761
26571,-28.739756
26572,-30.380358
26573,-32.14434
26574,-33.844215
26575,-35.3014
26576,-36.389397
26577,-37.048103
26578,-37.21277
26579,-36.813965
26580,-35.814625
26581,-34.358498
26582,-32.815376
26583,-31.530327
26584,-30.828651
26585,-30.982876
26586,-31.95656
26587,-33.315056
26588,-34.65218
26589,-35.590534
26590,-35.79962
26591,-35.214893
26592,-34.10641
26593,-32.712208
26594,-31.240782
26595,-29.89897
26596,-28.892918
26597,-28.42931
26598,-28.717098
26599,-29.969236
26600,-30.93778
26601,-30.335104
26602,-30.799896
26603,-31.538166
26604,-32.43065
26605,-33.357143
26606,-34.197014
26607,-34.829662
26608,-35.13486
26609,-34.993095
26610,-34.31866
26611,-33.21413
26612,-32.018177
26613,-31.04522
26614,-30.589611
26615,-30.899298
26616,-31.950338
26617,-33.368233
26618,-34.803375
26619,-35.931667
26620,-36.47732
26621,-36.43955
26622,-36.164436
26623,-35.965183
26624,-36.12551
26625,-36.88933
26626,-38.271317
26627,-39.993122
26628,-41.80087
26629,-43.463573
26630,-44.775547
26631,-45.67558
26632,-46.284683
26633,-46.705727
26634,-47.02588
26635,-47.327175
26636,-47.663704
26637,-48.054554
26638,-48.522358
26639,-49.092445
26640,-49.780247
26641,-50.5462
26642,-51.281624
26643,-51.885254
26644,-52.261936
26645,-52.316822
26646,-51.95543
26647,-51.083702
26648,-49.60801
26649,-47.435425
26650,-48.05893
26651,-58.794006
26652,-61.234676
26653,-57.84829
26654,-58.787376
26655,-59.201855
26656,-59.240288
26657,-59.0505
26658,-58.779972
26659,-58.575912
26660,-58.566326
26661,-58.769787
26662,-59.0679
26663,-59.357956
26664,-59.549232
26665,-59.562782
26666,-59.38609
26667,-59.089897
26668,-58.7353
26669,-58.376007
26670,-58.064125
26671,-57.843056
26672,-57.74519
26673,-57.804234
26674,-58.054836
26675,-58.516556
26676,-59.122784
26677,-59.69896
26678,-60.082653
26679,-60.120945
26680,-59.686153
26681,-58.792904
26682,-57.63366
26683,-56.379887
26684,-55.18701
26685,-54.200897
26686,-53.51433
26687,-53.153812
26688,-53.153667
26689,-53.554176
26690,-54.38339
26691,-55.598667
26692,-57.068394
26693,-58.670364
26694,-60.28985
26695,-61.812107
26696,-63.12248
26697,-64.10643
26698,-64.64968
26699,-64.63813
26700,-63.67116
26701,-62.339428
26702,-62.66019
26703,-63.642086
26704,-65.07235
26705,-66.737236
26706,-68.42241
26707,-69.91341
26708,-70.99588
26709,-71.45581
26710,-71.12124
26711,-70.0578
26712,-68.627495
26713,-67.15638
26714,-65.94367
26715,-65.24741
26716,-65.09297
26717,-65.21494
26718,-65.382324
26719,-65.38972
26720,-65.06929
26721,-64.46728
26722,-63.897297
26723,-63.64122
26724,-63.95728
26725,-65.05843
26726,-66.897896
26727,-69.102745
26728,-71.33717
26729,-73.293945
26730,-74.70672
26731,-75.539696
26732,-76.04496
26733,-76.4401
26734,-76.91689
26735,-77.64232
26736,-78.642845
26737,-79.7695
26738,-80.89434
26739,-81.90512
26740,-82.70136
26741,-83.24941
26742,-83.5989
26743,-83.78944
26744,-83.85315
26745,-83.82215
26746,-83.72854
26747,-83.60446
26748,-83.48202
26749,-83.39333
26750,-83.31251
26751,-83.09028
26752,-82.65279
26753,-82.08048
26754,-81.40174
26755,-80.64495
26756,-79.838455
26757,-79.01065
26758,-78.18989
26759,-77.404564
26760,-76.68529
26761,-76.07573
26762,-75.63576
26763,-75.423294
26764,-75.49482
26765,-75.884026
26766,-76.49472
26767,-77.068436
26768,-77.36616
26769,-77.16337
26770,-76.28305
26771,-74.817024
26772,-73.1926
26773,-71.79628
26774,-70.9843
26775,-71.05403
26776,-71.96795
26777,-73.26977
26778,-74.55262
26779,-75.446655
26780,-75.64731
26781,-75.22062
26782,-74.69518
26783,-74.54377
26784,-75.19772
26785,-77.006615
26786,-79.8529
26787,-88.03429
26788,-90.91795
26789,-87.92383
26790,-88.552475
26791,-87.75843
26792,-86.062546
26793,-83.91709
26794,-81.7237
26795,-79.88387
26796,-78.79884
26797,-78.86979
26798,-80.49836
26799,-89.086815
26800,-91.92842
26801,-85.86213
26802,-85.88211
26803,-85.82291
26804,-85.69897
26805,-85.52471
26806,-85.31459
26807,-85.08304
26808,-84.844505
26809,-84.6134
26810,-84.40709
26811,-84.25945
26812,-84.22503
26813,-84.355835
26814,-84.70208
26815,-85.29772
26816,-86.084564
26817,-86.88933
26818,-87.55267
26819,-87.92558
26820,-87.88211
26821,-87.42751
26822,-86.73078
26823,-85.94111
26824,-85.193016
26825,-84.613655
26826,-84.28828
26827,-84.24983
26828,-84.53766
26829,-85.19574
26830,-86.24059
26831,-87.53259
26832,-88.7371
26833,-89.543175
26834,-89.65734
26835,-88.84089
26836,-87.16636
26837,-85.09502
26838,-83.04127
26839,-81.38452
26840,-80.45993
26841,-80.35181
26842,-80.83167
26843,-81.70898
26844,-82.82112
26845,-84.00537
26846,-85.09901
26847,-85.93935
26848,-86.363716
26849,-86.20947
26850,-85.626724
26851,-85.37105
26852,-85.76868
26853,-86.48276
26854,-87.407814
26855,-88.43836
26856,-89.46892
26857,-90.394035
26858,-91.10822
26859,-91.506065
26860,-91.504616
26861,-91.148796
26862,-90.643265
26863,-90.17334
26864,-89.910126
26865,-89.9969
26866,-90.419365
26867,-90.966385
26868,-91.45066
26869,-91.70253
26870,-91.5817
26871,-91.11468
26872,-90.53621
26873,-90.05586
26874,-89.86465
26875,-90.119965
26876,-90.78882
26877,-91.60049
26878,-92.31303
26879,-92.705826
26880,-92.59868
26881,-92.04093
26882,-91.368614
26883,-90.88314
26884,-90.8603
26885,-91.531395
26886,-92.87525
26887,-94.55564
26888,-96.27448
26889,-97.762085
26890,-98.77653
26891,-99.23314
26892,-99.24351
26893,-98.89551
26894,-98.25946
26895,-97.40573
26896,-96.40477
26897,-95.32699
26898,-94.24288
26899,-93.222916
26900,-92.43211
26901,-92.04811
26902,-91.9297
26903,-92.00835
26904,-92.22318
26905,-92.513435
26906,-92.81826
26907,-93.07686
26908,-93.22844
26909,-93.212166
26910,-92.9777
26911,-92.5341
26912,-91.964676
26913,-91.34373
26914,-90.738945
26915,-90.22089
26916,-89.87627
26917,-89.812
26918,-90.132576
26919,-90.9406
26920,-92.3088
26921,-94.13993
26922,-96.12468
26923,-97.979546
26924,-99.440186
26925,-100.28522
26926,-100.53701
26927,-100.52236
26928,-100.53146
26929,-100.827354
26930,-101.629616
26931,-102.910774
26932,-104.33486
26933,-105.60325
26934,-106.44496
26935,-106.62583
26936,-106.12129
26937,-105.16876
26938,-103.97454
26939,-102.72181
26940,-101.58056
26941,-100.645424
26942,-99.9168
26943,-99.40633
26944,-99.133995
26945,-99.11978
26946,-99.38371
26947,-99.94577
26948,-100.8259
26949,-102.044075
26950,-103.220634
26951,-103.642876
26952,-103.51726
26953,-102.99514
26954,-102.16762
26955,-101.12594
26956,-99.96141
26957,-98.76533
26958,-97.629074
26959,-96.64399
26960,-95.896805
26961,-95.44836
26962,-95.327034
26963,-95.56512
26964,-96.197784
26965,-97.24193
26966,-98.61082
26967,-100.08843
26968,-101.474464
26969,-102.58022
26970,-103.24224
26971,-103.44037
26972,-103.33331
26973,-103.0584
26974,-102.736984
26975,-102.477295
26976,-102.31245
26977,-102.18177
26978,-102.03581
26979,-101.83349
26980,-101.54507
26981,-101.20562
26982,-100.93105
26983,-100.82759
26984,-100.99421
26985,-101.50749
26986,-102.31669
26987,-103.212166
26988,-104.00343
26989,-104.51429
26990,-104.59292
26991,-104.226585
26992,-103.57636
26993,-102.782585
26994,-101.9702
26995,-101.264145
26996,-100.78939
26997,-100.670876
26998,-101.03346
26999,-102.00191
27000,-102.219986
27001,-100.53182
27002,-99.9522
27003,-99.60154
27004,-99.42376
27005,-99.36283
27006,-99.362755
27007,-99.36753
27008,-99.32118
27009,-99.1677
27010,-98.86765
27011,-98.47545
27012,-98.16284
27013,-98.08752
27014,-98.39658
27015,-99.20929
27016,-100.48637
27017,-101.9908
27018,-103.50949
27019,-104.8472
27020,-105.83017
27021,-106.406715
27022,-106.67753
27023,-106.72504
27024,-106.61807
27025,-106.430725
27026,-106.266815
27027,-106.26719
27028,-106.5683
27029,-107.3032
27030,-108.56838
27031,-110.25286
27032,-111.9868
27033,-113.43157
27034,-114.271774
27035,-114.24071
27036,-113.35007
27037,-111.96005
27038,-110.3903
27039,-108.92988
27040,-107.83762
27041,-107.19912
27042,-106.88336
27043,-106.784966
27044,-106.81781
27045,-106.895874
27046,-106.933136
27047,-106.8436
27048,-106.541245
27049,-105.94004
27050,-104.89473
27051,-103.73362
27052,-103.283005
27053,-103.1564
27054,-103.286545
27055,-103.60631
27056,-104.04857
27057,-104.54623
27058,-105.0322
27059,-105.439445
27060,-105.707184
27061,-105.81027
27062,-105.768166
27063,-105.59498
27064,-105.300865
27065,-104.90017
27066,-109.43128
27067,-103.96246
27068,-103.5577
27069,-103.276764
27070,-103.172134
27071,-103.26268
27072,-103.52591
27073,-103.94434
27074,-104.504196
27075,-105.18766
27076,-105.95413
27077,-106.73454
27078,-107.46415
27079,-108.08162
27080,-108.53053
27081,-108.77862
27082,-108.823524
27083,-108.65997
27084,-108.28053
27085,-107.68117
27086,-106.875435
27087,-105.898705
27088,-104.78402
27089,-103.562584
27090,-102.26972
27091,-100.96338
27092,-99.72981
27093,-98.651886
27094,-97.80981
27095,-97.283714
27096,-97.15362
27097,-97.49936
27098,-98.400635
27099,-99.936905
27100,-102.42692
27101,-104.87214
27102,-104.807686
27103,-103.512184
27104,-101.26323
27105,-103.33923
27106,-100.01923
27107,-96.582504
27108,-93.308235
27109,-90.47522
27110,-83.330124
27111,-81.94043
27112,-81.1503
27113,-80.83108
27114,-80.87406
27115,-81.16825
27116,-81.58977
27117,-81.99862
27118,-82.25668
27119,-82.2272
27120,-81.8003
27121,-81.019005
27122,-80.117256
27123,-79.30578
27124,-78.77813
27125,-78.69754
27126,-79.05493
27127,-79.626114
27128,-80.21279
27129,-80.63585
27130,-80.73946
27131,-80.500305
27132,-80.0605
27133,-79.542114
27134,-79.0524
27135,-78.692406
27136,-78.528305
27137,-78.58262
27138,-78.883194
27139,-79.46178
27140,-80.338264
27141,-81.46521
27142,-82.711044
27143,-83.95435
27144,-85.08124
27145,-85.97783
27146,-86.53031
27147,-86.62488
27148,-86.1477
27149,-84.98495
27150,-84.18866
27151,-84.83767
27152,-84.840454
27153,-84.72146
27154,-84.48133
27155,-84.120766
27156,-83.64039
27157,-83.04092
27158,-82.32302
27159,-81.48741
27160,-80.5404
27161,-79.52006
27162,-78.50413
27163,-77.56556
27164,-76.77372
27165,-76.18648
27166,-75.79618
27167,-75.51345
27168,-75.25878
27169,-74.959946
27170,-74.5648
27171,-74.13498
27172,-73.8743
27173,-73.96943
27174,-74.59445
27175,-75.87911
27176,-77.70005
27177,-79.61737
27178,-81.2289
27179,-82.16083
27180,-82.10602
27181,-81.13419
27182,-79.78547
27183,-78.54289
27184,-77.847176
27185,-78.07803
27186,-79.26875
27187,-81.01978
27188,-82.98347
27189,-84.85067
27190,-86.33968
27191,-87.323875
27192,-87.870155
27193,-88.02204
27194,-87.80562
27195,-87.24702
27196,-86.37234
27197,-85.20772
27198,-83.7793
27199,-82.11327
27200,-82.06525
27201,-84.488365
27202,-84.555595
27203,-83.97991
27204,-82.98375
27205,-81.789474
27206,-80.61939
27207,-79.695816
27208,-79.240944
27209,-79.47709
27210,-80.57368
27211,-82.39904
27212,-84.44522
27213,-86.24945
27214,-87.38273
27215,-87.49147
27216,-86.64908
27217,-85.46201
27218,-84.47217
27219,-84.17367
27220,-84.97592
27221,-86.806786
27222,-88.99285
27223,-90.93341
27224,-92.081856
27225,-91.977615
27226,-90.64813
27227,-88.73035
27228,-86.78772
27229,-85.329315
27230,-84.80155
27231,-85.296425
27232,-86.46351
27233,-88.005936
27234,-89.66646
27235,-91.20314
27236,-92.461136
27237,-93.394264
27238,-93.94314
27239,-94.03863
27240,-93.63066
27241,-92.77771
27242,-91.67393
27243,-90.497086
27244,-89.412926
27245,-88.58709
27246,-88.185265
27247,-88.37308
27248,-89.31612
27249,-91.17997
27250,-92.188
27251,-90.876816
27252,-91.26422
27253,-92.106834
27254,-93.289
27255,-94.69509
27256,-96.20952
27257,-97.716705
27258,-99.101166
27259,-100.2474
27260,-101.055855
27261,-101.517654
27262,-101.73699
27263,-101.80444
27264,-101.800575
27265,-101.80015
27266,-101.84542
27267,-101.937965
27268,-102.08424
27269,-102.29432
27270,-102.568855
27271,-102.85512
27272,-103.03359
27273,-102.99283
27274,-102.62725
27275,-101.85596
27276,-100.73851
27277,-99.510086
27278,-98.38492
27279,-97.56165
27280,-97.21261
27281,-97.36111
27282,-97.84432
27283,-98.521935
27284,-99.27027
27285,-99.97386
27286,-100.56385
27287,-101.02937
27288,-101.35263
27289,-101.510574
27290,-101.48867
27291,-101.32067
27292,-101.10067
27293,-100.91555
27294,-100.846794
27295,-100.9759
27296,-101.38433
27297,-102.153496
27298,-103.36481
27299,-105.09953
27300,-105.87998
27301,-104.488106
27302,-104.16436
27303,-103.99867
27304,-103.955345
27305,-103.99862
27306,-104.09284
27307,-104.20228
27308,-104.29127
27309,-104.32409
27310,-104.267204
27311,-104.09913
27312,-103.81354
27313,-103.40229
27314,-102.85584
27315,-102.17426
27316,-101.4118
27317,-100.69044
27318,-100.124146
27319,-99.82075
27320,-99.87452
27321,-100.30251
27322,-101.02544
27323,-101.97557
27324,-103.09385
27325,-104.314514
27326,-105.53379
27327,-106.60044
27328,-107.36891
27329,-107.69787
27330,-107.472496
27331,-106.729126
27332,-105.6932
27333,-104.56791
27334,-103.53965
27335,-102.77507
27336,-102.32793
27337,-102.11103
27338,-102.053955
27339,-102.09888
27340,-102.192474
27341,-102.30658
27342,-102.44447
27343,-102.605705
27344,-102.787
27345,-102.985085
27346,-103.196655
27347,-103.418465
27348,-103.64722
27349,-103.87965
27350,-104.955025
27351,-107.150604
27352,-108.0636
27353,-108.53884
27354,-108.670586
27355,-108.553116
27356,-108.28084
27357,-107.9482
27358,-107.64967
27359,-107.479805
27360,-107.52402
27361,-107.816124
27362,-108.32551
27363,-109.02918
27364,-109.909935
27365,-110.9413
27366,-112.04409
27367,-113.07345
27368,-113.892296
27369,-114.36944
27370,-114.39499
27371,-113.98085
27372,-113.29117
27373,-112.47232
27374,-111.65729
27375,-110.96945
27376,-110.477196
27377,-110.18025
27378,-110.08638
27379,-110.20946
27380,-110.54983
27381,-111.031204
27382,-111.48144
27383,-111.73987
27384,-111.654274
27385,-111.099495
27386,-110.104515
27387,-108.89126
27388,-107.659035
27389,-106.59013
27390,-105.84835
27391,-105.492455
27392,-105.44992
27393,-105.6638
27394,-106.088875
27395,-106.679955
27396,-107.391884
27397,-108.17949
27398,-108.99764
27399,-109.80123
27400,-109.922325
27401,-108.99341
27402,-108.60869
27403,-108.32418
27404,-108.14063
27405,-108.05885
27406,-108.07958
27407,-108.20365
27408,-108.431786
27409,-108.76479
27410,-109.20437
27411,-109.75744
27412,-110.43747
27413,-111.25718
27414,-112.22864
27415,-113.35048
27416,-114.544754
27417,-115.63781
27418,-116.46742
27419,-116.87984
27420,-116.76367
27421,-116.24918
27422,-115.76923
27423,-115.721436
27424,-116.476555
27425,-118.33105
27426,-121.16133
27427,-129.32028
27428,-132.2239
27429,-129.3354
27430,-130.1894
27431,-129.72726
27432,-128.40047
27433,-126.60281
27434,-124.684326
27435,-122.95741
27436,-121.51667
27437,-120.18341
27438,-118.80997
27439,-117.27272
27440,-115.46855
27441,-113.41089
27442,-111.259155
27443,-109.15594
27444,-107.23095
27445,-105.61386
27446,-104.43418
27447,-103.82133
27448,-103.90457
27449,-104.813034
27450,-106.40368
27451,-107.89786
27452,-108.78973
27453,-109.35906
27454,-109.6324
27455,-109.636246
27456,-109.39713
27457,-108.94163
27458,-108.296295
27459,-107.48772
27460,-106.54868
27461,-105.54694
27462,-104.59407
27463,-103.79639
27464,-103.25638
27465,-103.05553
27466,-103.15653
27467,-103.37372
27468,-103.53919
27469,-103.498344
27470,-103.12718
27471,-102.475845
27472,-101.81214
27473,-101.377945
27474,-101.39568
27475,-102.04303
27476,-103.2439
27477,-104.60551
27478,-105.773346
27479,-106.42132
27480,-106.28024
27481,-105.404686
27482,-104.254234
27483,-103.240555
27484,-102.7394
27485,-103.07124
27486,-104.24258
27487,-105.86808
27488,-107.60968
27489,-109.164604
27490,-110.264915
27491,-110.83997
27492,-111.0655
27493,-111.08777
27494,-111.03127
27495,-111.02055
27496,-111.18016
27497,-111.63466
27498,-112.50853
27499,-113.92615
27500,-122.16286
27501,-127.11483
27502,-129.55443
27503,-126.01078
27504,-126.63676
27505,-126.58559
27506,-126.010994
27507,-125.06706
27508,-123.908226
27509,-122.68917
27510,-121.54595
27511,-120.50831
27512,-119.47261
27513,-118.35057
27514,-117.065575
27515,-115.55996
27516,-113.88371
27517,-112.22167
27518,-110.74305
27519,-109.60515
27520,-108.94342
27521,-108.769684
27522,-108.94128
27523,-109.333855
27524,-109.83693
27525,-110.34349
27526,-110.7659
27527,-111.04078
27528,-111.101845
27529,-110.88063
27530,-110.32983
27531,-109.522545
27532,-108.682686
27533,-108.016396
27534,-107.71644
27535,-107.94189
27536,-108.66068
27537,-109.60204
27538,-110.5238
27539,-111.20515
27540,-111.45349
27541,-111.23656
27542,-110.72249
27543,-110.05575
27544,-109.36312
27545,-108.771416
27546,-108.40744
27547,-108.397995
27548,-108.86977
27549,-109.949295
27550,-110.20247
27551,-108.600525
27552,-108.60516
27553,-109.06065
27554,-109.82412
27555,-110.75285
27556,-111.70431
27557,-112.53599
27558,-113.10543
27559,-113.2701
27560,-112.91627
27561,-112.09438
27562,-111.06048
27563,-110.04658
27564,-109.266556
27565,-108.90236
27566,-108.954254
27567,-109.19551
27568,-109.42637
27569,-109.46731
27570,-109.16506
27571,-108.515594
27572,-107.70137
27573,-106.88284
27574,-106.20397
27575,-105.7969
27576,-105.72693
27577,-105.97584
27578,-106.535286
27579,-107.40437
27580,-108.564575
27581,-109.89717
27582,-111.15835
27583,-112.119354
27584,-112.56258
27585,-112.30998
27586,-111.40979
27587,-110.193375
27588,-108.95903
27589,-107.98014
27590,-107.493645
27591,-107.52912
27592,-107.857155
27593,-108.279106
27594,-108.619514
27595,-108.70297
27596,-108.354004
27597,-107.39702
27598,-105.65622
27599,-102.95555
27600,-102.369804
27601,-106.21268
27602,-107.364456
27603,-107.90798
27604,-107.948456
27605,-107.591194
27606,-106.9416
27607,-106.10527
27608,-105.18786
27609,-104.29502
27610,-103.5274
27611,-102.956436
27612,-102.61722
27613,-102.549095
27614,-102.79469
27615,-103.38408
27616,-104.27638
27617,-105.3421
27618,-106.462456
27619,-107.526596
27620,-108.43607
27621,-109.16267
27622,-109.76586
27623,-110.29467
27624,-110.79024
27625,-111.287994
27626,-111.79035
27627,-112.25854
27628,-112.658676
27629,-112.96055
27630,-113.13546
27631,-113.16354
27632,-113.03596
27633,-112.74249
27634,-112.272026
27635,-111.627556
27636,-110.89253
27637,-110.25119
27638,-109.87587
27639,-109.92992
27640,-110.551895
27641,-111.73966
27642,-113.3156
27643,-115.123
27644,-117.02103
27645,-118.86889
27646,-120.5259
27647,-121.8514
27648,-122.70461
27649,-122.94457
27650,-122.53977
27651,-121.80001
27652,-121.06273
27653,-120.28445
27654,-119.527016
27655,-118.8522
27656,-118.32181
27657,-117.99764
27658,-117.94141
27659,-118.21483
27660,-118.84492
27661,-119.66178
27662,-120.24951
27663,-120.22107
27664,-119.21083
27665,-116.94107
27666,-118.63813
27667,-115.16151
27668,-112.29919
27669,-105.78321
27670,-106.24532
27671,-108.75474
27672,-117.679756
27673,-122.47335
27674,-127.652534
27675,-132.75098
27676,-137.38765
27677,-141.28679
27678,-144.15965
27679,-140.70718
27680,-140.68922
27681,-139.20757
27682,-136.79501
27683,-138.93854
27684,-136.08948
27685,-133.65886
27686,-126.82352
27687,-125.465965
27688,-124.50134
27689,-123.87057
27690,-123.51131
27691,-123.3424
27692,-123.25901
27693,-123.159096
27694,-122.94275
27695,-122.51003
27696,-121.761
27697,-120.59558
27698,-118.91361
27699,-116.61479
27700,-115.94445
27701,-118.38336
27702,-118.46549
27703,-117.88105
27704,-116.756096
27705,-115.21709
27706,-113.390686
27707,-111.40375
27708,-109.38326
27709,-107.45626
27710,-105.74179
27711,-104.31379
27712,-103.1897
27713,-102.393616
27714,-101.95458
27715,-101.88997
27716,-102.15055
27717,-102.6039
27718,-103.127686
27719,-103.60699
27720,-103.9356
27721,-104.05657
27722,-103.97443
27723,-103.68635
27724,-103.184
27725,-102.47192
27726,-101.62802
27727,-100.82185
27728,-100.21203
27729,-99.94899
27730,-100.15847
27731,-100.826324
27732,-101.76375
27733,-102.803
27734,-103.79202
27735,-104.59962
27736,-105.21279
27737,-105.76622
27738,-106.37683
27739,-107.14842
27740,-108.1648
27741,-109.39653
27742,-110.67277
27743,-111.83967
27744,-112.75603
27745,-113.28054
27746,-113.27186
27747,-112.58841
27748,-111.08837
27749,-108.62968
27750,-106.26366
27751,-105.62062
27752,-105.40588
27753,-105.64254
27754,-106.199196
27755,-106.94464
27756,-107.74774
27757,-108.47744
27758,-109.00272
27759,-109.19252
27760,-108.94117
27761,-108.28755
27762,-107.45141
27763,-106.63116
27764,-106.00921
27765,-105.74606
27766,-105.877686
27767,-106.28441
27768,-106.86519
27769,-107.532845
27770,-108.203835
27771,-108.81515
27772,-109.32935
27773,-109.70595
27774,-109.90213
27775,-109.88893
27776,-109.71593
27777,-109.53095
27778,-109.47021
27779,-109.66116
27780,-110.20319
27781,-111.036255
27782,-111.90115
27783,-112.56247
27784,-112.80252
27785,-112.43833
27786,-111.4848
27787,-110.20448
27788,-108.831
27789,-107.57621
27790,-106.630745
27791,-106.06479
27792,-105.797775
27793,-105.76703
27794,-105.92331
27795,-106.21737
27796,-106.60002
27797,-107.02208
27798,-107.43438
27799,-107.78775
27800,-108.544945
27801,-109.85329
27802,-110.302895
27803,-110.487404
27804,-110.52732
27805,-110.543304
27806,-110.65606
27807,-110.98624
27808,-111.65451
27809,-112.78145
27810,-114.4518
27811,-116.54733
27812,-118.69666
27813,-120.558846
27814,-121.8156
27815,-122.19616
27816,-121.70108
27817,-120.671005
27818,-119.40744
27819,-118.18235
27820,-117.23591
27821,-116.62599
27822,-116.18227
27823,-115.76094
27824,-115.23837
27825,-114.5118
27826,-113.59658
27827,-112.65599
27828,-111.83608
27829,-111.26976
27830,-111.06831
27831,-111.220024
27832,-111.55954
27833,-111.93976
27834,-112.22726
27835,-112.3072
27836,-112.170296
27837,-111.93914
27838,-111.7208
27839,-111.61065
27840,-111.69334
27841,-111.99277
27842,-112.45686
27843,-113.04255
27844,-113.7135
27845,-114.43342
27846,-115.16602
27847,-115.87501
27848,-116.52412
27849,-117.077034
27850,-116.092545
27851,-112.95052
27852,-111.49025
27853,-110.50175
27854,-109.90965
27855,-109.63878
27856,-109.614044
27857,-109.76045
27858,-110.00304
27859,-110.26693
27860,-110.48741
27861,-110.65758
27862,-110.84286
27863,-111.10006
27864,-111.47958
27865,-112.028595
27866,-112.77588
27867,-113.727295
27868,-114.891426
27869,-116.278885
27870,-117.87955
27871,-119.56597
27872,-121.064026
27873,-122.11704
27874,-122.48113
27875,-121.959175
27876,-120.62122
27877,-118.87273
27878,-117.08104
27879,-115.58437
27880,-114.67877
27881,-114.42005
27882,-114.56348
27883,-114.89963
27884,-115.2458
27885,-115.44176
27886,-115.454285
27887,-115.408936
27888,-115.41261
27889,-115.55816
27890,-115.930466
27891,-116.56957
27892,-117.459305
27893,-118.59015
27894,-119.95749
27895,-121.55677
27896,-123.38339
27897,-125.432785
27898,-127.70037
27899,-130.18155
27900,-130.91422
27901,-128.31557
27902,-126.551506
27903,-124.6453
27904,-122.67294
27905,-120.71049
27906,-118.833954
27907,-117.11937
27908,-115.642715
27909,-114.47988
27910,-113.689766
27911,-113.234406
27912,-112.95493
27913,-112.706726
27914,-112.35588
27915,-111.78463
27916,-110.966194
27917,-109.9878
27918,-108.923225
27919,-107.83621
27920,-106.79178
27921,-105.862175
27922,-105.1287
27923,-104.67158
27924,-104.57012
27925,-104.885475
27926,-105.575485
27927,-106.46896
27928,-107.4103
27929,-108.25543
27930,-108.880745
27931,-109.278625
27932,-109.58641
27933,-109.92419
27934,-110.3991
27935,-111.09465
27936,-111.95971
27937,-112.77496
27938,-113.34116
27939,-113.47397
27940,-113.01906
27941,-111.99344
27942,-110.628624
27943,-109.13107
27944,-107.68843
27945,-106.48837
27946,-105.71856
27947,-105.566414
27948,-106.21923
27949,-107.86397
27950,-107.922874
27951,-104.403725
27952,-103.26977
27953,-102.76318
27954,-102.779976
27955,-103.2164
27956,-103.96883
27957,-104.93374
27958,-106.007706
27959,-107.08731
27960,-108.07581
27961,-108.91394
27962,-109.58925
27963,-110.08362
27964,-110.374794
27965,-110.44762
27966,-110.32717
27967,-110.089005
27968,-109.80269
27969,-109.533325
27970,-109.33383
27971,-109.18743
27972,-108.99038
27973,-108.64921
27974,-108.07818
27975,-107.21772
27976,-106.15688
27977,-105.17075
27978,-104.512436
27979,-104.41837
27980,-105.081314
27981,-106.44599
27982,-108.14782
27983,-109.859566
27984,-111.28187
27985,-112.15479
27986,-112.44192
27987,-112.386185
27988,-112.19745
27989,-112.06084
27990,-112.13841
27991,-112.46057
27992,-112.893135
27993,-113.32137
27994,-113.6452
27995,-113.76454
27996,-113.5793
27997,-112.98927
27998,-111.89418
27999,-110.19362
28000,-111.4058
28001,-121.88442
28002,-116.748375
28003,-114.65183
28004,-116.122604
28005,-111.69228
28006,-106.89525
28007,-102.26716
28008,-98.34341
28009,-95.658066
28010,-89.66781
28011,-90.396706
28012,-92.329735
28013,-95.01741
28014,-103.05873
28015,-106.072174
28016,-108.78552
28017,-106.06251
28018,-107.75038
28019,-108.6841
28020,-108.74739
28021,-108.102715
28022,-107.26133
28023,-106.69353
28024,-106.83874
28025,-108.06512
28026,-110.33718
28027,-113.11602
28028,-120.92368
28029,-123.32779
28030,-119.94693
28031,-120.68766
28032,-120.81634
28033,-120.55695
28034,-120.10196
28035,-119.632126
28036,-119.26069
28037,-119.01607
28038,-118.93654
28039,-119.067825
28040,-119.44325
28041,-120.02559
28042,-120.68946
28043,-121.31983
28044,-121.809494
28045,-122.051254
28046,-121.937836
28047,-121.36183
28048,-120.21575
28049,-118.39187
28050,-117.42141
28051,-118.602264
28052,-118.587326
28053,-118.342285
28054,-117.92713
28055,-117.401855
28056,-116.82654
28057,-116.26125
28058,-115.766075
28059,-115.401115
28060,-115.21523
28061,-115.19363
28062,-115.24184
28063,-115.2748
28064,-115.21449
28065,-114.99667
28066,-114.6355
28067,-114.24309
28068,-113.920135
28069,-113.75862
28070,-113.83719
28071,-114.158356
28072,-114.62966
28073,-115.16983
28074,-115.70605
28075,-116.17692
28076,-116.58558
28077,-117.01592
28078,-117.54236
28079,-118.23211
28080,-119.134926
28081,-120.20142
28082,-121.25825
28083,-122.146706
28084,-122.71901
28085,-122.8475
28086,-122.51905
28087,-121.863976
28088,-120.99608
28089,-120.016624
28090,-119.02075
28091,-118.06826
28092,-117.17472
28093,-116.36077
28094,-115.65096
28095,-115.06986
28096,-114.64199
28097,-114.3919
28098,-114.34408
28099,-114.523026
28100,-115.672745
28101,-117.873314
28102,-118.767006
28103,-119.15502
28104,-119.09821
28105,-118.65755
28106,-117.894066
28107,-116.86893
28108,-115.64333
28109,-114.278564
28110,-112.83831
28111,-111.39977
28112,-110.05707
28113,-108.90228
28114,-108.02599
28115,-107.50705
28116,-107.357864
28117,-107.50791
28118,-107.896484
28119,-108.47031
28120,-109.17382
28121,-109.93813
28122,-110.67769
28123,-111.308945
28124,-111.74985
28125,-111.937386
28126,-111.91692
28127,-111.869385
28128,-111.95965
28129,-112.34062
28130,-113.139366
28131,-114.33667
28132,-115.7306
28133,-117.141014
28134,-118.40414
28135,-119.372055
28136,-119.98702
28137,-120.30399
28138,-120.36462
28139,-120.200645
28140,-119.84966
28141,-119.38271
28142,-118.912575
28143,-118.547226
28144,-118.39096
28145,-118.548
28146,-119.122536
28147,-120.218605
28148,-121.94008
28149,-124.39057
28150,-124.99379
28151,-121.74638
28152,-120.428276
28153,-119.44305
28154,-118.7491
28155,-118.304886
28156,-118.06893
28157,-117.99977
28158,-118.05601
28159,-118.196266
28160,-118.373566
28161,-118.50928
28162,-118.48504
28163,-118.187126
28164,-117.50526
28165,-116.35085
28166,-114.759224
28167,-112.92099
28168,-111.0089
28169,-109.18209
28170,-107.59483
28171,-106.373825
28172,-105.61123
28173,-105.4031
28174,-105.848495
28175,-107.01191
28176,-108.762054
28177,-110.723526
28178,-112.550514
28179,-113.91925
28180,-114.55878
28181,-114.498436
28182,-114.14321
28183,-113.85398
28184,-113.95855
28185,-114.73071
28186,-116.13758
28187,-117.76329
28188,-119.23759
28189,-120.224495
28190,-120.43202
28191,-119.81898
28192,-118.65832
28193,-117.18668
28194,-115.6133
28195,-114.14764
28196,-112.99921
28197,-112.377426
28198,-112.491455
28199,-113.55009
28200,-114.708145
28201,-114.865105
28202,-115.555374
28203,-116.36583
28204,-117.25384
28205,-118.176865
28206,-119.09232
28207,-119.95768
28208,-120.73036
28209,-121.36782
28210,-121.82498
28211,-122.04258
28212,-121.943535
28213,-121.45277
28214,-120.4967
28215,-119.03194
28216,-117.187675
28217,-115.30933
28218,-113.717735
28219,-112.71456
28220,-112.54842
28221,-113.16772
28222,-114.14582
28223,-115.10081
28224,-115.6843
28225,-115.599525
28226,-114.842384
28227,-113.77526
28228,-112.71789
28229,-111.9577
28230,-111.75239
28231,-112.19021
28232,-113.1478
28233,-114.5267
28234,-116.247406
28235,-118.212
28236,-120.21762
28237,-121.93044
28238,-123.03217
28239,-123.21586
28240,-122.228134
28241,-120.123665
28242,-117.344185
28243,-119.287895
28244,-116.31982
28245,-113.805115
28246,-107.10863
28247,-106.59455
28248,-107.626205
28249,-110.56579
28250,-112.81242
28251,-111.295525
28252,-110.70391
28253,-109.99959
28254,-109.22355
28255,-108.41681
28256,-107.62031
28257,-106.87511
28258,-106.22215
28259,-105.70247
28260,-105.3568
28261,-105.22476
28262,-105.34446
28263,-105.7542
28264,-106.49234
28265,-107.582466
28266,-108.96412
28267,-110.47201
28268,-111.95346
28269,-113.26525
28270,-114.27987
28271,-114.95901
28272,-115.37592
28273,-115.59063
28274,-115.653206
28275,-115.61564
28276,-115.540306
28277,-115.50248
28278,-115.57597
28279,-115.83344
28280,-116.32734
28281,-116.9958
28282,-117.63396
28283,-118.053856
28284,-118.08013
28285,-117.57106
28286,-116.576584
28287,-115.38675
28288,-114.26389
28289,-113.44926
28290,-113.15352
28291,-113.41417
28292,-114.052155
28293,-114.914024
28294,-115.865616
28295,-116.77287
28296,-117.50182
28297,-117.91843
28298,-117.88862
28299,-117.27811
28300,-116.81658
28301,-118.01893
28302,-120.431854
28303,-128.53271
28304,-131.98367
28305,-135.44785
28306,-138.58893
28307,-141.07079
28308,-137.55688
28309,-137.70972
28310,-136.26733
28311,-133.4055
28312,-134.85205
28313,-131.2764
28314,-128.30157
28315,-121.46151
28316,-120.78345
28317,-120.66057
28318,-120.55918
28319,-120.00208
28320,-118.58455
28321,-116.31309
28322,-113.71004
28323,-111.2388
28324,-109.31768
28325,-108.30719
28326,-108.24105
28327,-108.74484
28328,-109.49264
28329,-110.19522
28330,-110.5937
28331,-110.60062
28332,-110.34276
28333,-109.92143
28334,-109.41899
28335,-108.91236
28336,-108.447495
28337,-108.03165
28338,-107.67663
28339,-107.39773
28340,-107.20989
28341,-107.12643
28342,-107.158516
28343,-107.31759
28344,-107.61529
28345,-108.063225
28346,-108.67301
28347,-109.45627
28348,-110.42457
28349,-111.58954
28350,-111.46435
28351,-109.33105
28352,-109.08746
28353,-109.39012
28354,-110.080185
28355,-110.999054
28356,-111.988335
28357,-112.88971
28358,-113.54492
28359,-113.79569
28360,-113.514725
28361,-112.75184
28362,-111.77838
28363,-110.83989
28364,-110.16237
28365,-109.94097
28366,-110.19576
28367,-110.72796
28368,-111.36478
28369,-111.953026
28370,-112.36047
28371,-112.574295
28372,-112.7308
28373,-112.94865
28374,-113.33321
28375,-113.97634
28376,-114.892555
28377,-115.99984
28378,-117.22763
28379,-118.51397
28380,-119.80488
28381,-121.091324
28382,-122.420494
28383,-123.83299
28384,-125.36438
28385,-127.03208
28386,-128.75008
28387,-130.30319
28388,-131.49135
28389,-132.12572
28390,-132.04347
28391,-131.23131
28392,-129.86354
28393,-128.09348
28394,-126.05835
28395,-123.89562
28396,-121.74285
28397,-119.73772
28398,-118.01777
28399,-116.720535
28400,-116.50222
28401,-117.446785
28402,-117.73879
28403,-117.93248
28404,-118.03725
28405,-118.06249
28406,-118.017624
28407,-117.91203
28408,-117.755165
28409,-117.55638
28410,-117.324936
28411,-117.0689
28412,-116.794914
28413,-116.50982
28414,-116.220566
28415,-115.93159
28416,-115.633064
28417,-115.29733
28418,-114.898796
28419,-114.41346
28420,-113.82543
28421,-113.165146
28422,-112.52096
28423,-111.97442
28424,-111.60198
28425,-111.46548
28426,-111.54391
28427,-111.712746
28428,-111.85978
28429,-111.88193
28430,-111.70341
28431,-111.403336
28432,-111.254524
28433,-111.50691
28434,-112.39311
28435,-114.09398
28436,-116.49738
28437,-119.125946
28438,-121.546394
28439,-123.35832
28440,-124.213104
28441,-124.05688
28442,-123.2049
28443,-121.9299
28444,-120.472595
28445,-119.07407
28446,-117.97558
28447,-117.41827
28448,-117.64301
28449,-118.89022
28450,-120.083275
28451,-119.753456
28452,-119.730385
28453,-119.6753
28454,-119.63021
28455,-119.63718
28456,-119.7382
28457,-119.97533
28458,-120.390526
28459,-121.02582
28460,-121.89692
28461,-122.870605
28462,-123.62738
28463,-123.86951
28464,-123.31546
28465,-121.742035
28466,-119.26072
28467,-121.403435
28468,-118.65486
28469,-111.46321
28470,-110.2152
28471,-109.94962
28472,-110.27052
28473,-110.833435
28474,-111.33288
28475,-111.503586
28476,-111.30772
28477,-110.99154
28478,-110.7678
28479,-110.824036
28480,-111.31555
28481,-112.21484
28482,-113.266136
28483,-114.24081
28484,-114.930664
28485,-115.156944
28486,-114.908264
28487,-114.38272
28488,-113.75383
28489,-113.17668
28490,-112.79056
28491,-112.64452
28492,-112.6748
28493,-112.83094
28494,-113.072464
28495,-113.35894
28496,-113.64993
28497,-113.90503
28498,-114.08381
28499,-114.145805
28500,-114.530945
28501,-115.405594
28502,-115.47027
28503,-115.220535
28504,-114.735466
28505,-114.09426
28506,-113.37612
28507,-112.66037
28508,-112.02629
28509,-111.55318
28510,-111.30577
28511,-111.26614
28512,-111.31307
28513,-111.33753
28514,-111.2397
28515,-110.9319
28516,-110.39553
28517,-109.698326
28518,-108.89785
28519,-108.04402
28520,-107.190636
28521,-106.41343
28522,-105.81558
28523,-105.49702
28524,-105.55511
28525,-106.06343
28526,-106.96032
28527,-108.01535
28528,-109.01833
28529,-109.774254
28530,-110.11269
28531,-110.00304
28532,-109.58946
28533,-108.99541
28534,-108.32888
28535,-107.68913
28536,-107.125534
28537,-106.62498
28538,-106.18181
28539,-105.795845
28540,-105.46818
28541,-105.20658
28542,-105.02735
28543,-104.94571
28544,-104.976166
28545,-105.13321
28546,-105.431305
28547,-105.88497
28548,-106.508675
28549,-107.316864
28550,-107.72511
28551,-107.41388
28552,-107.865135
28553,-108.54176
28554,-109.36257
28555,-110.24646
28556,-111.11231
28557,-111.879074
28558,-112.465645
28559,-112.790955
28560,-112.78782
28561,-112.46859
28562,-111.94504
28563,-111.31724
28564,-110.67653
28565,-110.1089
28566,-109.6702
28567,-109.37839
28568,-109.2559
28569,-109.32851
28570,-109.613655
28571,-110.08131
28572,-110.6422
28573,-111.21411
28574,-111.72014
28575,-112.09202
28576,-112.31075
28577,-112.41885
28578,-112.45152
28579,-112.43857
28580,-112.41133
28581,-112.41012
28582,-112.48636
28583,-112.69027
28584,-113.07095
28585,-113.66626
28586,-114.45003
28587,-115.31598
28588,-116.16741
28589,-116.9147
28590,-117.47872
28591,-117.83971
28592,-118.05217
28593,-118.16191
28594,-118.20814
28595,-118.23014
28596,-118.267136
28597,-118.358376
28598,-118.54313
28599,-118.860634
28600,-117.10312
28601,-117.32242
28602,-110.566605
28603,-109.75124
28604,-109.63727
28605,-109.98653
28606,-110.5614
28607,-111.124626
28608,-111.43909
28609,-111.267654
28610,-110.418655
28611,-108.9597
28612,-107.282974
28613,-105.74277
28614,-104.66469
28615,-104.32837
28616,-104.75281
28617,-105.63167
28618,-106.69756
28619,-107.71237
28620,-108.46687
28621,-108.91515
28622,-109.21542
28623,-109.50149
28624,-109.88904
28625,-110.4808
28626,-111.305725
28627,-112.300674
28628,-113.41347
28629,-114.60013
28630,-115.81191
28631,-116.97299
28632,-117.97357
28633,-118.707855
28634,-119.073044
28635,-118.99436
28636,-118.557144
28637,-118.0471
28638,-117.7268
28639,-117.84109
28640,-118.58954
28641,-119.91451
28642,-121.4373
28643,-122.81724
28644,-123.74225
28645,-123.90014
28646,-122.9781
28647,-120.66239
28648,-121.638
28649,-115.588646
28650,-110.8635
28651,-106.415955
28652,-106.45459
28653,-107.06373
28654,-108.073875
28655,-109.31584
28656,-110.62061
28657,-111.81926
28658,-112.742966
28659,-113.222786
28660,-113.12494
28661,-112.5158
28662,-111.71232
28663,-111.0021
28664,-110.65069
28665,-110.88133
28666,-111.67711
28667,-112.721176
28668,-113.732475
28669,-114.45671
28670,-114.676895
28671,-114.38743
28672,-113.847336
28673,-113.28456
28674,-112.903786
28675,-112.88386
28676,-113.25676
28677,-113.87095
28678,-114.596565
28679,-115.32012
28680,-115.93489
28681,-116.37234
28682,-116.611694
28683,-116.6265
28684,-116.38608
28685,-115.87551
28686,-115.17003
28687,-114.45758
28688,-113.913025
28689,-113.70124
28690,-113.95955
28691,-114.66906
28692,-115.615814
28693,-116.608955
28694,-117.47511
28695,-118.04089
28696,-118.132866
28697,-117.57737
28698,-116.20049
28699,-113.82787
28700,-113.549515
28701,-122.7097
28702,-119.18385
28703,-120.029175
28704,-120.33902
28705,-120.20697
28706,-119.72672
28707,-118.99215
28708,-118.09723
28709,-117.136024
28710,-116.20464
28711,-115.41014
28712,-114.87336
28713,-114.71346
28714,-115.0483
28715,-115.95815
28716,-117.31044
28717,-118.70681
28718,-119.7806
28719,-120.18879
28720,-119.65161
28721,-118.25074
28722,-116.52103
28723,-114.945564
28724,-113.96779
28725,-113.96543
28726,-114.94382
28727,-116.44316
28728,-118.05892
28729,-119.42836
28730,-120.22927
28731,-120.36847
28732,-120.03927
28733,-119.40146
28734,-118.58969
28735,-117.734024
28736,-116.937775
28737,-116.27066
28738,-115.80623
28739,-115.621025
28740,-115.77485
28741,-116.23266
28742,-116.84094
28743,-117.46014
28744,-117.961296
28745,-118.215454
28746,-118.09359
28747,-117.46655
28748,-116.20501
28749,-114.17945
28750,-112.33356
28751,-112.01524
28752,-111.8785
28753,-112.05839
28754,-112.46753
28755,-113.0187
28756,-113.624695
28757,-114.19836
28758,-114.65256
28759,-114.90017
28760,-114.87284
28761,-114.609146
28762,-114.28157
28763,-114.04686
28764,-114.049965
28765,-114.405426
28766,-115.05517
28767,-115.725494
28768,-116.16822
28769,-116.15431
28770,-115.49232
28771,-114.20543
28772,-112.58568
28773,-110.89399
28774,-109.36772
28775,-108.2218
28776,-107.54346
28777,-107.260284
28778,-107.31868
28779,-107.67929
28780,-108.295784
28781,-109.082085
28782,-109.90249
28783,-110.62729
28784,-111.131195
28785,-111.307686
28786,-111.15701
28787,-110.81297
28788,-110.39357
28789,-110.00503
28790,-109.7439
28791,-109.65184
28792,-109.70189
28793,-109.87517
28794,-110.15892
28795,-110.540405
28796,-111.00687
28797,-111.54555
28798,-112.143715
28799,-112.78862
28800,-113.6283
28801,-114.512596
28802,-114.69187
28803,-114.54982
28804,-114.17996
28805,-113.675934
28806,-113.13141
28807,-112.64013
28808,-112.29582
28809,-112.19223
28810,-112.402016
28811,-112.878235
28812,-113.42463
28813,-113.86262
28814,-114.02694
28815,-113.78708
28816,-113.21039
28817,-112.61175
28818,-112.2771
28819,-112.4704
28820,-113.40444
28821,-115.002266
28822,-116.82518
28823,-118.47785
28824,-119.59736
28825,-119.873215
28826,-119.29351
28827,-118.22029
28828,-116.9724
28829,-115.836006
28830,-115.06411
28831,-114.71985
28832,-114.628784
28833,-114.64426
28834,-114.64072
28835,-114.51021
28836,-114.24462
28837,-113.96067
28838,-113.760445
28839,-113.734924
28840,-113.96016
28841,-114.42714
28842,-115.0206
28843,-115.63783
28844,-116.18561
28845,-116.570724
28846,-116.69989
28847,-116.47983
28848,-115.817154
28849,-114.61835
28850,-113.50568
28851,-113.63927
28852,-114.50941
28853,-115.874626
28854,-117.551025
28855,-119.355034
28856,-121.103264
28857,-122.61245
28858,-123.69932
28859,-124.180405
28860,-123.9039
28861,-122.89908
28862,-121.42235
28863,-119.704414
28864,-117.95629
28865,-116.37273
28866,-115.05522
28867,-113.98822
28868,-113.16971
28869,-112.60794
28870,-112.30198
28871,-112.19846
28872,-112.17855
28873,-112.13113
28874,-111.950966
28875,-111.55215
28876,-110.958885
28877,-110.333084
28878,-109.82045
28879,-109.55452
28880,-109.64914
28881,-110.1068
28882,-110.79086
28883,-111.58125
28884,-112.370346
28885,-113.06031
28886,-113.60872
28887,-114.04252
28888,-114.38039
28889,-114.63483
28890,-114.815956
28891,-114.920105
28892,-114.92634
28893,-114.81576
28894,-114.57098
28895,-114.174614
28896,-113.6093
28897,-112.85761
28898,-111.902145
28899,-110.7255
28900,-108.494484
28901,-110.37222
28902,-104.38359
28903,-104.272766
28904,-104.82571
28905,-105.82893
28906,-107.0694
28907,-108.33419
28908,-109.41063
28909,-110.08601
28910,-110.186104
28911,-109.755554
28912,-109.11286
28913,-108.544205
28914,-108.31156
28915,-108.63356
28916,-109.482796
28917,-110.524506
28918,-111.46073
28919,-112.020935
28920,-111.982765
28921,-111.39737
28922,-110.65825
28923,-110.11868
28924,-110.10165
28925,-110.87257
28926,-112.37021
28927,-114.1257
28928,-115.71915
28929,-116.76718
28930,-116.94866
28931,-116.2965
28932,-115.287025
28933,-114.345
28934,-113.85634
28935,-114.149574
28936,-115.22715
28937,-116.684265
28938,-118.164505
28939,-119.34796
28940,-119.953
28941,-119.91502
28942,-119.44099
28943,-118.70616
28944,-117.862
28945,-117.06016
28946,-116.45228
28947,-116.189964
28948,-116.4248
28949,-117.30807
28950,-116.8383
28951,-113.69416
28952,-112.862045
28953,-112.71984
28954,-113.09905
28955,-113.83159
28956,-114.74967
28957,-115.68567
28958,-116.47211
28959,-116.94148
28960,-116.95445
28961,-116.53201
28962,-115.89585
28963,-115.24433
28964,-114.7581
28965,-114.59803
28966,-114.81213
28967,-115.30737
28968,-116.00724
28969,-116.84785
28970,-117.76839
28971,-118.72551
28972,-119.69774
28973,-120.66099
28974,-121.589264
28975,-122.44976
28976,-123.17085
28977,-123.63242
28978,-123.719955
28979,-123.32304
28980,-122.36149
28981,-120.92719
28982,-119.32805
28983,-117.84745
28984,-116.7499
28985,-116.255974
28986,-116.33683
28987,-116.65195
28988,-116.8974
28989,-116.797035
28990,-116.1124
28991,-114.81987
28992,-113.1647
28993,-111.3611
28994,-109.599556
28995,-108.07071
28996,-106.96508
28997,-106.473045
28998,-106.78474
28999,-108.089966
29000,-109.10041
29001,-108.45031
29002,-108.70966
29003,-109.14627
29004,-109.69563
29005,-110.29331
29006,-110.87487
29007,-111.37587
29008,-111.731926
29009,-111.878555
29010,-111.76951
29011,-111.461975
29012,-111.14247
29013,-110.98237
29014,-111.14146
29015,-111.74948
29016,-112.7652
29017,-113.93399
29018,-115.02671
29019,-115.83325
29020,-116.168816
29021,-115.99216
29022,-115.441765
29023,-114.635056
29024,-113.67362
29025,-112.657814
29026,-111.68053
29027,-110.82527
29028,-110.17663
29029,-109.819984
29030,-109.82208
29031,-110.14392
29032,-110.61445
29033,-111.07833
29034,-111.39207
29035,-111.436646
29036,-111.23238
29037,-110.973854
29038,-110.83506
29039,-110.97455
29040,-111.52792
29041,-112.50069
29042,-113.73587
29043,-115.09587
29044,-116.45761
29045,-117.6981
29046,-118.69432
29047,-119.32326
29048,-119.46176
29049,-118.9865
29050,-117.770676
29051,-116.17061
29052,-114.961525
29053,-113.92355
29054,-113.09308
29055,-112.50652
29056,-112.20025
29057,-112.21058
29058,-112.573875
29059,-113.32637
29060,-114.47857
29061,-115.8944
29062,-117.25495
29063,-118.263115
29064,-118.63805
29065,-118.15074
29066,-116.868805
29067,-115.231636
29068,-113.635925
29069,-112.44588
29070,-111.9746
29071,-112.24524
29072,-112.91843
29073,-113.69779
29074,-114.31933
29075,-114.5528
29076,-114.35903
29077,-113.937805
29078,-113.46081
29079,-113.07862
29080,-112.92657
29081,-113.05279
29082,-113.396484
29083,-113.9097
29084,-114.55415
29085,-115.29096
29086,-116.07753
29087,-116.86677
29088,-117.612076
29089,-118.26727
29090,-118.78771
29091,-119.13726
29092,-119.29054
29093,-119.22088
29094,-118.90058
29095,-118.30202
29096,-117.39746
29097,-116.159225
29098,-114.559525
29099,-112.57064
29100,-111.779434
29101,-113.34931
29102,-113.686714
29103,-113.81007
29104,-113.75355
29105,-113.55147
29106,-113.238045
29107,-112.8476
29108,-112.41444
29109,-111.97284
29110,-111.55469
29111,-111.17778
29112,-110.84239
29113,-110.55088
29114,-110.30713
29115,-110.108955
29116,-109.91934
29117,-109.657875
29118,-109.24927
29119,-108.62207
29120,-107.72573
29121,-106.62872
29122,-105.548355
29123,-104.684395
29124,-104.22332
29125,-104.31633
29126,-104.91431
29127,-105.71813
29128,-106.45875
29129,-106.88948
29130,-106.803276
29131,-106.218185
29132,-105.43374
29133,-104.71609
29134,-104.306404
29135,-104.41324
29136,-105.05963
29137,-106.037125
29138,-107.16497
29139,-108.28323
29140,-109.24717
29141,-109.99795
29142,-110.58415
29143,-111.041466
29144,-111.396034
29145,-111.67403
29146,-111.90162
29147,-112.10498
29148,-112.31029
29149,-112.54373
29150,-111.36529
29151,-108.21465
29152,-107.143036
29153,-106.78223
29154,-107.00046
29155,-107.66628
29156,-108.64849
29157,-109.816025
29158,-111.037895
29159,-112.183266
29160,-113.13012
29161,-113.806625
29162,-114.203636
29163,-114.30451
29164,-114.087036
29165,-113.53947
29166,-112.71
29167,-111.72176
29168,-110.68919
29169,-109.72013
29170,-108.919205
29171,-108.37307
29172,-108.14571
29173,-108.30378
29174,-108.91583
29175,-110.02189
29176,-111.50009
29177,-113.026566
29178,-114.30175
29179,-115.04417
29180,-115.017426
29181,-114.24251
29182,-113.06264
29183,-111.78352
29184,-110.6826
29185,-110.00834
29186,-109.843765
29187,-110.06512
29188,-110.57303
29189,-111.286575
29190,-112.12625
29191,-113.020325
29192,-113.90665
29193,-114.72198
29194,-115.40223
29195,-115.88329
29196,-116.10102
29197,-115.99124
29198,-115.48969
29199,-114.53206
29200,-113.09441
29201,-111.52575
29202,-110.356155
29203,-109.40605
29204,-108.68924
29205,-108.219475
29206,-108.01058
29207,-108.07631
29208,-108.43046
29209,-109.08676
29210,-110.040215
29211,-111.17918
29212,-112.25881
29213,-113.05027
29214,-113.33655
29215,-112.93566
29216,-111.86571
29217,-110.39537
29218,-108.76406
29219,-107.189316
29220,-105.86759
29221,-104.87564
29222,-104.14042
29223,-103.606606
29224,-103.23226
29225,-102.9779
29226,-102.818306
29227,-102.74603
29228,-102.75152
29229,-102.8236
29230,-102.94432
29231,-103.05699
29232,-103.05649
29233,-102.84355
29234,-102.32314
29235,-101.42558
29236,-100.22516
29237,-98.97623
29238,-97.91172
29239,-97.24844
29240,-97.175995
29241,-97.72934
29242,-98.75045
29243,-100.10461
29244,-101.67444
29245,-103.34258
29246,-104.99178
29247,-106.504814
29248,-107.76453
29249,-108.653694
29250,-109.18814
29251,-109.65357
29252,-110.20291
29253,-110.74828
29254,-111.281395
29255,-111.79392
29256,-112.27757
29257,-112.724014
29258,-113.12495
29259,-113.47205
29260,-113.76258
29261,-114.02551
29262,-114.32937
29263,-114.73807
29264,-115.311966
29265,-116.09837
29266,-117.07064
29267,-118.10968
29268,-119.10732
29269,-119.96368
29270,-120.59211
29271,-120.98148
29272,-121.21518
29273,-121.36553
29274,-121.49657
29275,-121.66023
29276,-121.83982
29277,-121.93273
29278,-121.846245
29279,-121.49527
29280,-120.809906
29281,-119.80721
29282,-118.61307
29283,-117.34092
29284,-116.09466
29285,-114.97283
29286,-114.04333
29287,-113.335686
29288,-112.8839
29289,-112.72531
29290,-112.88191
29291,-113.288536
29292,-113.77119
29293,-114.16875
29294,-114.32983
29295,-114.103
29296,-113.33668
29297,-111.879105
29298,-109.578285
29299,-111.28195
29300,-104.546745
29301,-106.65495
29302,-107.23711
29303,-107.70972
29304,-108.0901
29305,-108.3956
29306,-108.64353
29307,-108.85121
29308,-109.036
29309,-109.21521
29310,-109.41301
29311,-109.692215
29312,-110.16408
29313,-110.93405
29314,-112.10316
29315,-113.746216
29316,-115.789024
29317,-117.97163
29318,-120.05638
29319,-121.82236
29320,-123.07428
29321,-123.762825
29322,-124.021126
29323,-123.96101
29324,-123.67833
29325,-123.26235
29326,-122.76451
29327,-122.18878
29328,-121.54461
29329,-120.84566
29330,-120.1038
29331,-119.32086
29332,-118.48611
29333,-117.59024
29334,-116.62508
29335,-115.588005
29336,-114.50804
29337,-113.453835
29338,-112.489426
29339,-111.67532
29340,-111.06298
29341,-110.652214
29342,-110.378426
29343,-110.18454
29344,-110.01929
29345,-109.8314
29346,-109.56959
29347,-109.18258
29348,-108.6191
29349,-107.82784
29350,-106.7579
29351,-105.600296
29352,-104.73505
29353,-104.02381
29354,-103.46549
29355,-103.059006
29356,-102.80325
29357,-102.69714
29358,-102.73959
29359,-102.929535
29360,-103.269844
29361,-103.78629
29362,-104.53303
29363,-105.5608
29364,-106.917755
29365,-108.62832
29366,-110.58213
29367,-112.50075
29368,-114.126045
29369,-115.21491
29370,-115.57582
29371,-115.31089
29372,-114.88987
29373,-114.73965
29374,-115.25457
29375,-116.75876
29376,-119.17817
29377,-126.94217
29378,-129.53981
29379,-126.50484
29380,-127.427795
29381,-127.22216
29382,-126.20604
29383,-124.651215
29384,-122.794426
29385,-120.86225
29386,-119.0201
29387,-117.35657
29388,-115.968956
29389,-114.96125
29390,-114.42574
29391,-114.388725
29392,-114.794106
29393,-115.59539
29394,-116.75349
29395,-118.229324
29396,-119.9839
29397,-121.97821
29398,-124.17329
29399,-126.530235
29400,-135.47171
29401,-141.06721
29402,-143.51637
29403,-139.55197
29404,-139.36081
29405,-138.13068
29406,-136.05032
29407,-133.30954
29408,-135.09885
29409,-131.60931
29410,-128.03589
29411,-124.59297
29412,-121.51933
29413,-119.05078
29414,-112.42047
29415,-111.81603
29416,-112.16832
29417,-113.08769
29418,-114.222786
29419,-115.25122
29420,-115.891495
29421,-116.09349
29422,-116.09615
29423,-116.10445
29424,-116.297775
29425,-116.82924
29426,-117.702354
29427,-118.733734
29428,-119.76206
29429,-120.64263
29430,-121.241745
29431,-121.48816
29432,-121.38871
29433,-120.94107
29434,-120.13598
29435,-118.9809
29436,-117.57832
29437,-116.149826
29438,-114.90337
29439,-114.0364
29440,-113.714096
29441,-113.91899
29442,-114.40528
29443,-114.95418
29444,-115.36727
29445,-115.4462
29446,-114.992485
29447,-113.80746
29448,-111.69203
29449,-113.44677
29450,-108.41801
29451,-119.712555
29452,-122.1109
29453,-118.63066
29454,-119.428024
29455,-119.65941
29456,-119.481514
29457,-119.05143
29458,-118.52639
29459,-118.06382
29460,-117.80125
29461,-117.7629
29462,-117.83115
29463,-117.904945
29464,-117.895805
29465,-117.72601
29466,-117.3792
29467,-116.915665
29468,-116.38676
29469,-115.83709
29470,-115.309364
29471,-114.83538
29472,-114.43336
29473,-114.12306
29474,-113.92552
29475,-113.85911
29476,-113.92771
29477,-114.117
29478,-114.4148
29479,-114.810524
29480,-115.28764
29481,-115.79555
29482,-116.241066
29483,-116.53611
29484,-116.59628
29485,-116.357574
29486,-115.87197
29487,-115.33669
29488,-114.93202
29489,-114.82539
29490,-115.15368
29491,-115.88016
29492,-116.7512
29493,-117.5389
29494,-118.03465
29495,-118.02979
29496,-117.31541
29497,-115.68224
29498,-112.92049
29499,-113.81986
29500,-110.53586
29501,-105.54219
29502,-105.0137
29503,-104.78058
29504,-104.79768
29505,-105.01997
29506,-105.40238
29507,-105.8999
29508,-106.467514
29509,-107.06021
29510,-107.63464
29511,-108.156425
29512,-108.602516
29513,-108.948494
29514,-109.16896
29515,-109.24648
29516,-109.20931
29517,-109.14271
29518,-109.125175
29519,-109.23014
29520,-109.51712
29521,-109.96645
29522,-110.45954
29523,-110.88965
29524,-111.158775
29525,-111.183876
29526,-110.96689
29527,-110.61604
29528,-110.22697
29529,-109.885925
29530,-109.66469
29531,-109.55251
29532,-109.43563
29533,-109.21244
29534,-108.79054
29535,-108.097404
29536,-107.17395
29537,-106.20293
29538,-105.35032
29539,-104.76955
29540,-104.59444
29541,-104.84793
29542,-105.41446
29543,-106.19501
29544,-107.10298
29545,-108.05182
29546,-108.954994
29547,-109.726006
29548,-110.27835
29549,-110.52546
29550,-110.77833
29551,-111.32558
29552,-111.40403
29553,-111.30107
29554,-111.07393
29555,-110.77989
29556,-110.47625
29557,-110.22033
29558,-110.06943
29559,-110.08086
29560,-110.294815
29561,-110.65422
29562,-110.980576
29563,-111.1098
29564,-110.88859
29565,-110.196075
29566,-109.09619
29567,-107.88425
29568,-106.82835
29569,-106.176186
29570,-106.1376
29571,-106.708466
29572,-107.617256
29573,-108.62454
29574,-109.51483
29575,-110.09537
29576,-110.301956
29577,-110.23116
29578,-109.96039
29579,-109.5528
29580,-109.07023
29581,-108.56704
29582,-108.08808
29583,-107.67939
29584,-107.38782
29585,-107.259834
29586,-107.33987
29587,-107.66978
29588,-108.29171
29589,-109.248
29590,-110.56383
29591,-112.166985
29592,-113.86375
29593,-115.475
29594,-116.83259
29595,-117.76828
29596,-118.11375
29597,-117.70034
29598,-116.35908
29599,-113.92054
29600,-115.521034
29601,-112.56066
29602,-106.42928
29603,-106.22686
29604,-106.73246
29605,-107.725845
29606,-108.98719
29607,-110.297
29608,-111.435875
29609,-112.18455
29610,-112.3607
29611,-111.99275
29612,-111.37275
29613,-110.76178
29614,-110.39764
29615,-110.48582
29616,-111.04819
29617,-111.87713
29618,-112.792305
29619,-113.633896
29620,-114.25559
29621,-114.587685
29622,-114.65612
29623,-114.47552
29624,-114.052
29625,-113.40694
29626,-112.64836
29627,-111.9927
29628,-111.64375
29629,-111.79561
29630,-112.59873
29631,-113.956604
29632,-115.464325
29633,-116.75394
29634,-117.48509
29635,-117.36742
29636,-116.39589
29637,-114.92287
29638,-113.25938
29639,-111.68522
29640,-110.45117
29641,-109.642006
29642,-109.13483
29643,-108.83112
29644,-108.650856
29645,-108.514046
29646,-108.34072
29647,-108.050964
29648,-107.56481
29649,-106.80228
29650,-105.87834
29651,-105.490845
29652,-106.144844
29653,-107.345856
29654,-108.91441
29655,-110.6713
29656,-112.43748
29657,-114.03401
29658,-115.28207
29659,-116.00269
29660,-116.04923
29661,-115.45964
29662,-114.50291
29663,-113.42121
29664,-112.43652
29665,-111.74583
29666,-111.40381
29667,-111.2871
29668,-111.29331
29669,-111.33589
29670,-111.341705
29671,-111.31391
29672,-111.35101
29673,-111.540215
29674,-111.96025
29675,-112.66315
29676,-113.549515
29677,-114.33077
29678,-114.7408
29679,-114.53022
29680,-113.50254
29681,-111.76344
29682,-109.79728
29683,-108.04464
29684,-106.91273
29685,-106.74584
29686,-107.53238
29687,-108.81625
29688,-110.19478
29689,-111.3052
29690,-111.82705
29691,-111.67922
29692,-111.07968
29693,-110.211044
29694,-109.229485
29695,-108.29134
29696,-107.55296
29697,-107.170654
29698,-107.30068
29699,-108.09909
29700,-108.67017
29701,-108.0325
29702,-107.98773
29703,-108.063
29704,-108.23951
29705,-108.49845
29706,-108.821045
29707,-109.18848
29708,-109.58196
29709,-109.98272
29710,-110.37033
29711,-110.71513
29712,-110.975876
29713,-111.11269
29714,-111.08674
29715,-110.87236
29716,-110.51911
29717,-110.17054
29718,-109.959145
29719,-110.00904
29720,-110.41661
29721,-111.12085
29722,-111.86415
29723,-112.41233
29724,-112.54876
29725,-112.094955
29726,-111.090294
29727,-109.84675
29728,-108.644455
29729,-107.7395
29730,-107.351715
29731,-107.49532
29732,-107.92749
29733,-108.43609
29734,-108.83193
29735,-108.951996
29736,-108.781586
29737,-108.49146
29738,-108.23036
29739,-108.130554
29740,-108.306305
29741,-108.7692
29742,-109.402725
29743,-110.10558
29744,-110.78794
29745,-111.36004
29746,-111.73202
29747,-111.81409
29748,-111.51634
29749,-110.74878
29750,-111.22163
29751,-113.990814
29752,-114.76189
29753,-114.92255
29754,-114.6017
29755,-113.92848
29756,-113.03225
29757,-112.04247
29758,-111.08878
29759,-110.300766
29760,-109.7952
29761,-109.61567
29762,-109.71433
29763,-110.054146
29764,-110.6062
29765,-111.338135
29766,-112.19771
29767,-113.10788
29768,-113.99458
29769,-114.78599
29770,-115.41645
29771,-115.85565
29772,-116.11734
29773,-116.21011
29774,-116.13858
29775,-115.911575
29776,-115.56171
29777,-115.15131
29778,-114.739235
29779,-114.381744
29780,-114.12575
29781,-113.965065
29782,-113.82712
29783,-113.64713
29784,-113.366234
29785,-112.94089
29786,-112.41498
29787,-111.94175
29788,-111.66156
29789,-111.70508
29790,-112.17865
29791,-113.05071
29792,-114.11744
29793,-115.195564
29794,-116.11724
29795,-116.71461
29796,-116.81972
29797,-116.26443
29798,-114.88031
29799,-112.498566
29800,-110.221695
29801,-109.81257
29802,-109.95588
29803,-110.653305
29804,-111.764175
29805,-113.14798
29806,-114.664444
29807,-116.173355
29808,-117.53465
29809,-118.60819
29810,-119.27205
29811,-119.50748
29812,-119.424904
29813,-119.11967
29814,-118.675735
29815,-118.16798
29816,-117.618965
29817,-116.985825
29818,-116.233284
29819,-115.33185
29820,-114.26492
29821,-113.08948
29822,-111.954445
29823,-110.99808
29824,-110.35047
29825,-110.11576
29826,-110.25124
29827,-110.530655
29828,-110.74955
29829,-110.719894
29830,-110.28374
29831,-109.45472
29832,-108.46104
29833,-107.50565
29834,-106.77253
29835,-106.425316
29836,-106.51212
29837,-106.93674
29838,-107.620186
29839,-108.49633
29840,-109.49878
29841,-110.55941
29842,-111.6079
29843,-112.5742
29844,-113.38846
29845,-113.98081
29846,-114.281364
29847,-114.22019
29848,-113.72724
29849,-112.732445
29850,-111.63477
29851,-111.18864
29852,-111.11198
29853,-111.38572
29854,-111.99512
29855,-112.9254
29856,-114.16184
29857,-115.68968
29858,-117.49419
29859,-119.56066
29860,-121.85144
29861,-124.19891
29862,-126.27303
29863,-127.76305
29864,-128.37228
29865,-127.86088
29866,-126.315216
29867,-124.23162
29868,-122.06081
29869,-120.21826
29870,-119.07412
29871,-118.73949
29872,-119.00125
29873,-119.683876
29874,-120.64062
29875,-121.724556
29876,-122.786705
29877,-123.67533
29878,-124.239044
29879,-124.32657
29880,-123.81601
29881,-122.75339
29882,-121.39532
29883,-119.97454
29884,-118.70543
29885,-117.77825
29886,-117.24579
29887,-116.98869
29888,-116.907585
29889,-116.91838
29890,-116.94269
29891,-116.93414
29892,-116.88649
29893,-116.78877
29894,-116.62651
29895,-116.38517
29896,-116.05028
29897,-115.607315
29898,-115.04175
29899,-114.33908
29900,-114.14479
29901,-114.71282
29902,-114.25572
29903,-113.46373
29904,-112.454704
29905,-111.34666
29906,-110.25772
29907,-109.305984
29908,-108.60955
29909,-108.2865
29910,-108.431885
29911,-109.01058
29912,-109.8249
29913,-110.6966
29914,-111.46202
29915,-111.980156
29916,-112.23857
29917,-112.38559
29918,-112.550476
29919,-112.84827
29920,-113.38581
29921,-114.22369
29922,-115.36459
29923,-116.81804
29924,-118.59863
29925,-120.698524
29926,-122.98222
29927,-125.15499
29928,-126.94109
29929,-128.07886
29930,-128.34573
29931,-127.74345
29932,-126.55512
29933,-125.03202
29934,-123.40123
29935,-121.87246
29936,-120.55509
29937,-119.43257
29938,-118.502716
29939,-117.77436
29940,-117.25138
29941,-116.90947
29942,-116.688934
29943,-116.534294
29944,-116.39316
29945,-116.21317
29946,-115.94199
29947,-115.52722
29948,-114.91653
29949,-114.05745
29950,-113.596436
29951,-114.091225
29952,-114.12292
29953,-114.07827
29954,-113.96713
29955,-113.79941
29956,-113.584946
29957,-113.33363
29958,-113.05535
29959,-112.75998
29960,-112.46091
29961,-112.19157
29962,-112.01037
29963,-111.972786
29964,-112.13209
29965,-112.52782
29966,-113.12202
29967,-113.77981
29968,-114.37785
29969,-114.801414
29970,-114.95729
29971,-114.874825
29972,-114.73654
29973,-114.707054
29974,-114.93734
29975,-115.54703
29976,-116.47742
29977,-117.44713
29978,-118.20113
29979,-118.50421
29980,-118.159615
29981,-117.19034
29982,-115.894615
29983,-114.538895
29984,-113.36556
29985,-112.59684
29986,-112.340324
29987,-112.56024
29988,-113.23755
29989,-114.36587
29990,-115.922745
29991,-117.79377
29992,-119.74993
29993,-121.576004
29994,-123.06706
29995,-124.0181
29996,-124.223816
29997,-123.47853
29998,-121.57587
29999,-123.30872
30000,-120.66421
30001,-115.997826
30002,-115.86738
30003,-115.971306
30004,-116.246605
30005,-116.63035
30006,-117.059654
30007,-117.47164
30008,-117.80347
30009,-117.99227
30010,-117.98967
30011,-117.82988
30012,-117.650406
30013,-117.5767
30014,-117.72507
30015,-118.19326
30016,-118.97333
30017,-119.92534
30018,-120.92492
30019,-121.859406
30020,-122.63246
30021,-123.24025
30022,-123.79462
30023,-124.39394
30024,-125.12637
30025,-126.05111
30026,-127.0626
30027,-127.84932
30028,-128.12357
30029,-127.615524
30030,-126.111046
30031,-123.71559
30032,-125.93627
30033,-123.23564
30034,-116.041534
30035,-114.72268
30036,-114.31241
30037,-114.42482
30038,-114.72318
30039,-114.90823
30040,-114.71636
30041,-114.085236
30042,-113.20435
30043,-112.23367
30044,-111.31103
30045,-110.574196
30046,-110.160934
30047,-110.20897
30048,-110.85586
30049,-112.23892
30050,-113.6175
30051,-113.78653
30052,-113.64931
30053,-113.21431
30054,-112.58575
30055,-111.86795
30056,-111.16535
30057,-110.58237
30058,-110.22339
30059,-110.19283
30060,-110.566216
30061,-111.25559
30062,-111.96884
30063,-112.438126
30064,-112.41383
30065,-111.6969
30066,-110.37671
30067,-108.90367
30068,-107.68616
30069,-107.10055
30070,-107.45536
30071,-108.67445
30072,-110.20182
30073,-111.53916
30074,-112.23126
30075,-111.89498
30076,-110.55738
30077,-108.75918
30078,-106.98119
30079,-105.65907
30080,-105.17152
30081,-105.57329
30082,-106.51477
30083,-107.69473
30084,-108.84825
30085,-109.72822
30086,-110.18772
30087,-110.20492
30088,-109.74296
30089,-108.753716
30090,-107.21249
30091,-105.22748
30092,-103.0735
30093,-101.005875
30094,-99.265144
30095,-98.091736
30096,-97.725845
30097,-98.40738
30098,-100.37601
30099,-108.87075
30100,-111.74701
30101,-106.59237
30102,-107.320465
30103,-107.997635
30104,-108.62342
30105,-109.19736
30106,-109.71897
30107,-110.18778
30108,-110.60336
30109,-110.96521
30110,-111.271866
30111,-111.51621
30112,-111.68409
30113,-111.762115
30114,-111.7376
30115,-111.60112
30116,-111.36222
30117,-111.054054
30118,-110.70701
30119,-110.34939
30120,-110.01057
30121,-109.72613
30122,-109.539375
30123,-109.492714
30124,-109.62784
30125,-109.9707
30126,-110.4578
30127,-110.913925
30128,-111.17719
30129,-111.095604
30130,-110.55762
30131,-109.682
30132,-108.8757
30133,-108.5118
30134,-108.93768
30135,-110.432816
30136,-112.89293
30137,-120.73516
30138,-123.43478
30139,-120.51031
30140,-121.53968
30141,-121.43816
30142,-120.54311
30143,-119.14289
30144,-117.48905
30145,-115.833694
30146,-114.42913
30147,-113.52758
30148,-113.38104
30149,-114.24106
30150,-115.5126
30151,-115.62372
30152,-114.66972
30153,-113.10259
30154,-111.13545
30155,-108.98187
30156,-106.855705
30157,-104.970825
30158,-103.541046
30159,-102.77997
30160,-102.85525
30161,-103.674416
30162,-104.82048
30163,-105.915665
30164,-106.61138
30165,-106.61535
30166,-105.95494
30167,-105.057335
30168,-104.30232
30169,-104.03422
30170,-104.543434
30171,-105.81433
30172,-107.44939
30173,-109.097115
30174,-110.44038
30175,-111.20881
30176,-111.39734
30177,-111.3324
30178,-111.30119
30179,-111.56152
30180,-112.32674
30181,-113.557144
30182,-114.89721
30183,-116.02904
30184,-116.66297
30185,-116.550674
30186,-115.67951
30187,-114.33215
30188,-112.756935
30189,-111.17642
30190,-109.793564
30191,-108.69916
30192,-107.84352
30193,-107.1935
30194,-106.728355
30195,-106.4274
30196,-106.26994
30197,-106.235306
30198,-106.30283
30199,-106.45184
30200,-105.943146
30201,-104.52116
30202,-104.23109
30203,-104.3527
30204,-104.801895
30205,-105.49471
30206,-106.34721
30207,-107.27552
30208,-108.19583
30209,-109.02431
30210,-109.673134
30211,-110.03178
30212,-109.961205
30213,-109.325676
30214,-107.99178
30215,-105.87342
30216,-103.15437
30217,-105.35654
30218,-97.96225
30219,-96.42365
30220,-96.126396
30221,-97.081085
30222,-98.830505
30223,-100.97414
30224,-103.153656
30225,-105.04481
30226,-106.515015
30227,-107.67066
30228,-108.589264
30229,-109.326965
30230,-109.93918
30231,-110.477
30232,-110.98606
30233,-111.51274
30234,-112.1038
30235,-112.7953
30236,-113.56195
30237,-114.30184
30238,-114.92218
30239,-115.33697
30240,-115.471664
30241,-115.31695
30242,-114.94512
30243,-114.41893
30244,-113.79388
30245,-113.12556
30246,-112.46954
30247,-111.8814
30248,-111.41675
30249,-111.13113
30250,-112.91592
30251,-122.41576
30252,-119.35935
30253,-120.48906
30254,-120.94166
30255,-120.85418
30256,-120.36395
30257,-119.6086
30258,-118.72592
30259,-117.85389
30260,-117.121605
30261,-116.6075
30262,-116.326546
30263,-116.30106
30264,-116.55899
30265,-117.10412
30266,-117.80331
30267,-118.35233
30268,-118.46712
30269,-117.878586
30270,-116.37831
30271,-114.10514
30272,-111.63341
30273,-109.487724
30274,-108.15435
30275,-108.04163
30276,-109.11792
30277,-110.802505
30278,-112.58067
30279,-113.98721
30280,-114.62225
30281,-114.45523
30282,-113.917625
30283,-113.38659
30284,-113.19857
30285,-113.63751
30286,-114.68866
30287,-115.964035
30288,-117.1201
30289,-117.84661
30290,-117.87234
30291,-117.14823
30292,-115.90342
30293,-114.3347
30294,-112.614525
30295,-110.91556
30296,-109.410515
30297,-108.27203
30298,-107.67269
30299,-107.784775
30300,-109.82497
30301,-118.746254
30302,-115.69894
30303,-117.007545
30304,-117.76905
30305,-118.08058
30306,-118.039375
30307,-117.74282
30308,-117.2884
30309,-116.77374
30310,-116.289375
30311,-115.88548
30312,-115.5617
30313,-115.32358
30314,-115.18112
30315,-115.14272
30316,-115.20772
30317,-115.36413
30318,-115.60127
30319,-115.90947
30320,-116.28366
30321,-116.74487
30322,-117.346725
30323,-118.138954
30324,-119.16846
30325,-120.466225
30326,-121.97352
30327,-123.51945
30328,-124.946396
30329,-126.1067
30330,-126.86732
30331,-127.17856
30332,-127.09512
30333,-126.659584
30334,-125.90543
30335,-124.8753
30336,-123.66391
30337,-122.431335
30338,-121.33021
30339,-120.507484
30340,-120.088684
30341,-120.077995
30342,-120.32778
30343,-120.70807
30344,-121.10243
30345,-121.39445
30346,-121.4677
30347,-121.20574
30348,-120.492035
30349,-119.20987
30350,-118.735115
30351,-120.16724
30352,-120.35295
30353,-120.24603
30354,-119.92325
30355,-119.461464
30356,-118.937614
30357,-118.42868
30358,-118.011604
30359,-117.7634
30360,-117.74457
30361,-117.92238
30362,-118.14732
30363,-118.2836
30364,-118.20577
30365,-117.8207
30366,-117.21931
30367,-116.72299
30368,-116.62629
30369,-117.20333
30370,-118.67188
30371,-120.93164
30372,-123.48538
30373,-125.88351
30374,-127.71205
30375,-128.60352
30376,-128.45471
30377,-127.49368
30378,-125.910484
30379,-123.86648
30380,-121.526375
30381,-119.07175
30382,-116.704994
30383,-114.62623
30384,-113.033585
30385,-112.0961
30386,-111.81837
30387,-111.99954
30388,-112.463
30389,-113.05058
30390,-113.61315
30391,-114.05216
30392,-114.33223
30393,-114.41045
30394,-114.238335
30395,-113.76732
30396,-112.94884
30397,-111.73426
30398,-110.07489
30399,-107.922035
30400,-107.75784
30401,-110.889046
30402,-110.92177
30403,-110.04212
30404,-108.50444
30405,-106.56378
30406,-104.475716
30407,-102.49608
30408,-100.880714
30409,-99.885345
30410,-99.72664
30411,-100.40065
30412,-101.628174
30413,-103.16323
30414,-104.78464
30415,-106.29221
30416,-107.60425
30417,-108.786865
30418,-109.88833
30419,-110.94379
30420,-111.97866
30421,-112.96349
30422,-113.800186
30423,-114.39885
30424,-114.67557
30425,-114.56434
30426,-114.100555
30427,-113.44668
30428,-112.75032
30429,-112.147934
30430,-111.76326
30431,-111.647675
30432,-111.76215
30433,-112.07829
30434,-112.57573
30435,-113.22951
30436,-113.98824
30437,-114.7677
30438,-115.487526
30439,-116.07029
30440,-116.448586
30441,-116.61171
30442,-116.61996
30443,-116.52531
30444,-116.373436
30445,-116.21006
30446,-116.08092
30447,-116.0317
30448,-116.10814
30449,-116.35594
30450,-115.965614
30451,-114.40126
30452,-113.65976
30453,-113.14718
30454,-112.83385
30455,-112.69013
30456,-112.68641
30457,-112.793045
30458,-112.98046
30459,-113.21907
30460,-113.479126
30461,-113.72981
30462,-113.93907
30463,-114.07496
30464,-114.10566
30465,-114.00352
30466,-113.76475
30467,-113.41537
30468,-112.9779
30469,-112.47223
30470,-111.92086
30471,-111.36124
30472,-110.8495
30473,-110.43957
30474,-110.1837
30475,-110.12906
30476,-110.29391
30477,-110.66039
30478,-111.21495
30479,-111.947205
30480,-112.837135
30481,-113.809654
30482,-114.72093
30483,-115.43532
30484,-115.82329
30485,-115.77843
30486,-115.32636
30487,-114.657906
30488,-113.94463
30489,-113.34357
30490,-112.99206
30491,-112.915245
30492,-112.99808
30493,-113.14195
30494,-113.2608
30495,-113.268555
30496,-113.079094
30497,-112.60632
30498,-111.76408
30499,-110.4661
30500,-110.13752
30501,-112.05414
30502,-113.19656
30503,-114.26783
30504,-115.21348
30505,-115.97906
30506,-116.51011
30507,-116.7521
30508,-116.650475
30509,-116.15062
30510,-115.2221
30511,-113.9723
30512,-112.68124
30513,-111.608986
30514,-111.000305
30515,-111.059494
30516,-111.76141
30517,-112.79448
30518,-113.881226
30519,-114.76991
30520,-115.24289
30521,-115.27623
30522,-115.08816
30523,-114.86841
30524,-114.78537
30525,-114.982445
30526,-115.460915
30527,-116.04444
30528,-116.5776
30529,-116.9208
30530,-116.957146
30531,-116.699036
30532,-116.32058
30533,-120.97705
30534,-115.80933
30535,-115.932785
30536,-116.319664
30537,-116.76381
30538,-117.07939
30539,-117.09621
30540,-116.67123
30541,-115.814644
30542,-114.728516
30543,-113.593315
30544,-112.57331
30545,-111.83333
30546,-111.53859
30547,-111.85461
30548,-112.94703
30549,-114.98146
30550,-113.87597
30551,-112.04694
30552,-109.57553
30553,-103.31266
30554,-103.01103
30555,-103.42472
30556,-104.30849
30557,-105.41758
30558,-106.50753
30559,-107.33394
30560,-107.6801
30561,-107.486694
30562,-106.89113
30563,-106.00726
30564,-104.931496
30565,-103.75938
30566,-102.581764
30567,-101.4836
30568,-100.55042
30569,-99.86817
30570,-99.50914
30571,-99.468185
30572,-99.6437
30573,-99.94551
30574,-100.29211
30575,-100.61144
30576,-100.8857
30577,-101.164856
30578,-101.49065
30579,-101.8987
30580,-102.413574
30581,-102.99716
30582,-103.53315
30583,-103.914566
30584,-104.0414
30585,-103.82171
30586,-103.21007
30587,-102.21915
30588,-100.85464
30589,-99.11702
30590,-97.02237
30591,-94.6751
30592,-92.29019
30593,-90.06934
30594,-88.20427
30595,-86.88651
30596,-86.30748
30597,-86.6586
30598,-88.131294
30599,-90.91695
30600,-92.961006
30601,-92.04978
30602,-92.0096
30603,-91.89186
30604,-91.683235
30605,-91.370346
30606,-90.93982
30607,-90.378265
30608,-89.67235
30609,-88.808685
30610,-87.7839
30611,-86.651474
30612,-85.5358
30613,-84.55271
30614,-83.811646
30615,-83.41076
30616,-83.38392
30617,-83.68491
30618,-84.27715
30619,-85.13131
30620,-86.21081
30621,-87.43828
30622,-88.68544
30623,-89.83015
30624,-90.75486
30625,-91.36015
30626,-91.64925
30627,-91.75347
30628,-91.7887
30629,-91.85928
30630,-92.0562
30631,-92.39405
30632,-92.79216
30633,-93.18134
30634,-93.50101
30635,-93.69581
30636,-93.74045
30637,-93.64713
30638,-93.42351
30639,-93.0739
30640,-92.603836
30641,-92.02572
30642,-91.3606
30643,-90.62848
30644,-89.84856
30645,-89.04008
30646,-88.22229
30647,-87.41443
30648,-86.63575
30649,-85.90549
30650,-85.36694
30651,-85.00051
30652,-84.36976
30653,-83.75749
30654,-83.26408
30655,-82.98985
30656,-83.03522
30657,-83.50051
30658,-84.48617
30659,-86.092575
30660,-88.381744
30661,-96.19766
30662,-99.11222
30663,-101.730576
30664,-98.68265
30665,-99.65543
30666,-99.6592
30667,-99.107994
30668,-98.36727
30669,-97.76666
30670,-97.59741
30671,-97.93178
30672,-98.56858
30673,-99.33958
30674,-100.10104
30675,-100.71954
30676,-101.1198
30677,-101.29912
30678,-101.2461
30679,-100.942825
30680,-100.38384
30681,-99.634834
30682,-98.850296
30683,-98.1741
30684,-97.742226
30685,-97.66705
30686,-97.926956
30687,-98.33313
30688,-98.716896
30689,-98.92459
30690,-98.82305
30691,-98.39557
30692,-97.77098
30693,-97.06065
30694,-96.36298
30695,-95.77635
30696,-95.39915
30697,-95.32976
30698,-95.66653
30699,-96.50772
30700,-97.104935
30701,-96.72849
30702,-96.95521
30703,-97.336296
30704,-97.841446
30705,-98.4404
30706,-99.10282
30707,-99.798454
30708,-100.49701
30709,-101.168205
30710,-101.77873
30711,-102.27793
30712,-102.59351
30713,-102.655785
30714,-102.39693
30715,-101.77198
30716,-100.8659
30717,-99.92614
30718,-99.18073
30719,-98.843254
30720,-99.08574
30721,-99.844475
30722,-100.76153
30723,-101.51455
30724,-101.807556
30725,-101.39726
30726,-100.340385
30727,-99.06861
30728,-97.969
30729,-97.39519
30730,-97.64107
30731,-98.66157
30732,-99.98868
30733,-101.205505
30734,-101.93325
30735,-101.85399
30736,-100.99566
30737,-99.81866
30738,-98.73181
30739,-98.10548
30740,-98.25912
30741,-99.22268
30742,-100.66495
30743,-102.2983
30744,-103.867676
30745,-105.11808
30746,-105.79461
30747,-105.642105
30748,-104.40505
30749,-101.82737
30750,-100.10783
30751,-101.549995
30752,-101.8229
30753,-102.02291
30754,-102.16481
30755,-102.26339
30756,-102.3334
30757,-102.38964
30758,-102.44692
30759,-102.52001
30760,-102.62084
30761,-102.745316
30762,-102.86919
30763,-102.970634
30764,-103.02965
30765,-103.0325
30766,-103.001465
30767,-103.003654
30768,-103.100876
30769,-103.350876
30770,-103.798965
30771,-104.41985
30772,-105.100006
30773,-105.73655
30774,-106.23446
30775,-106.5102
30776,-106.54581
30777,-106.40508
30778,-106.142136
30779,-105.80373
30780,-105.44137
30781,-105.133026
30782,-104.9898
30783,-105.118805
30784,-105.6242
30785,-106.58561
30786,-107.94386
30787,-109.466515
30788,-110.94203
30789,-112.17445
30790,-112.98894
30791,-113.33085
30792,-113.29569
30793,-112.96116
30794,-112.39167
30795,-111.65169
30796,-110.80574
30797,-109.91839
30798,-109.0542
30799,-108.27775
30800,-108.28196
30801,-109.27896
30802,-109.40333
30803,-109.29622
30804,-109.022995
30805,-108.649055
30806,-108.239815
30807,-107.860695
30808,-107.57716
30809,-107.45467
30810,-107.54501
30811,-107.82265
30812,-108.165375
30813,-108.46251
30814,-108.612045
30815,-108.54753
30816,-108.40512
30817,-108.57417
30818,-109.41392
30819,-111.26067
30820,-119.36228
30821,-123.46725
30822,-127.70249
30823,-131.27148
30824,-133.43393
30825,-128.5751
30826,-126.80082
30827,-124.12267
30828,-121.451935
30829,-119.62278
30830,-119.345505
30831,-120.62537
30832,-122.58707
30833,-124.459305
30834,-125.54995
30835,-125.258995
30836,-123.5099
30837,-120.88302
30838,-122.88449
30839,-119.96403
30840,-117.5284
30841,-110.73721
30842,-109.440506
30843,-108.52407
30844,-107.90122
30845,-107.48538
30846,-107.19011
30847,-106.92892
30848,-106.615456
30849,-106.16333
30850,-105.734665
30851,-105.70908
30852,-105.941086
30853,-106.36289
30854,-106.92531
30855,-107.57919
30856,-108.27537
30857,-108.96473
30858,-109.59812
30859,-110.12643
30860,-110.49443
30861,-110.61208
30862,-110.34598
30863,-109.56769
30864,-108.15254
30865,-106.024345
30866,-103.38363
30867,-105.77735
30868,-98.711975
30869,-97.662796
30870,-98.023865
30871,-99.73041
30872,-102.14541
30873,-104.70143
30874,-106.88292
30875,-108.242584
30876,-108.71882
30877,-108.73148
30878,-108.64288
30879,-108.77269
30880,-109.39278
30881,-110.50276
30882,-111.762245
30883,-112.87151
30884,-113.56124
30885,-113.60313
30886,-113.00258
30887,-112.05755
30888,-111.03171
30889,-110.163
30890,-109.663475
30891,-109.597336
30892,-109.84405
30893,-110.30495
30894,-110.89783
30895,-111.54054
30896,-112.15096
30897,-112.647
30898,-112.94655
30899,-112.967445
30900,-113.08274
30901,-113.64308
30902,-113.76582
30903,-113.71188
30904,-113.500305
30905,-113.150185
30906,-112.680595
30907,-112.110634
30908,-111.45941
30909,-110.746025
30910,-109.982994
30911,-109.1453
30912,-108.16099
30913,-106.96357
30914,-105.490776
30915,-103.7107
30916,-101.76455
30917,-100.00994
30918,-98.77885
30919,-98.38377
30920,-99.07972
30921,-100.79665
30922,-103.05898
30923,-105.44046
30924,-107.551544
30925,-109.04228
30926,-109.7859
30927,-109.93422
30928,-109.605606
30929,-108.89367
30930,-107.90124
30931,-106.78293
30932,-105.75805
30933,-105.03832
30934,-104.82963
30935,-105.29599
30936,-106.364136
30937,-107.664635
30938,-108.86379
30939,-109.65447
30940,-109.77124
30941,-109.185745
30942,-108.166084
30943,-106.9454
30944,-105.730644
30945,-104.72892
30946,-104.14726
30947,-104.19258
30948,-105.071594
30949,-106.990654
30950,-107.715294
30951,-105.34839
30952,-104.86793
30953,-104.81647
30954,-105.09737
30955,-105.614204
30956,-106.27055
30957,-106.97007
30958,-107.616455
30959,-108.11343
30960,-108.371735
30961,-108.3422
30962,-108.02577
30963,-107.417404
30964,-106.50755
30965,-105.309494
30966,-103.96605
30967,-102.78215
30968,-102.043465
30969,-102.021126
30970,-102.92444
30971,-104.61261
30972,-106.50814
30973,-108.08651
30974,-108.86255
30975,-108.43182
30976,-106.850555
30977,-104.75158
30978,-102.70026
30979,-101.21114
30980,-100.72438
30981,-101.25774
30982,-102.30169
30983,-103.41033
30984,-104.1851
30985,-104.28474
30986,-103.69306
30987,-102.80006
30988,-101.94736
30989,-101.44049
30990,-101.54547
30991,-102.303314
30992,-103.47428
30993,-104.85245
30994,-106.25707
30995,-107.50754
30996,-108.42324
30997,-108.82353
30998,-108.52759
30999,-107.35432
31000,-106.87395
31001,-108.21161
31002,-107.5088
31003,-106.1533
31004,-104.368774
31005,-102.37933
31006,-100.409294
31007,-98.68307
31008,-97.424934
31009,-96.85902
31010,-97.17355
31011,-98.35368
31012,-100.131195
31013,-102.26853
31014,-104.550995
31015,-106.76874
31016,-108.738045
31017,-110.307846
31018,-111.32305
31019,-111.62547
31020,-111.0926
31021,-109.8062
31022,-108.10387
31023,-106.29343
31024,-104.66036
31025,-103.465195
31026,-102.826614
31027,-102.68598
31028,-103.00572
31029,-103.76408
31030,-104.93019
31031,-106.42156
31032,-108.09122
31033,-109.80004
31034,-111.41471
31035,-112.81208
31036,-113.92609
31037,-114.761955
31038,-115.316414
31039,-115.5798
31040,-115.55004
31041,-115.268295
31042,-114.82989
31043,-114.323784
31044,-113.83423
31045,-113.4455
31046,-113.24184
31047,-113.307465
31048,-113.72655
31049,-114.58319
31050,-116.34633
31051,-118.43971
31052,-118.58567
31053,-117.91629
31054,-116.686226
31055,-115.15091
31056,-113.56628
31057,-112.188484
31058,-111.273766
31059,-111.078064
31060,-111.79994
31061,-113.31335
31062,-115.08718
31063,-116.63902
31064,-117.522865
31065,-117.35785
31066,-116.13447
31067,-114.30863
31068,-112.28249
31069,-110.417625
31070,-109.04045
31071,-108.275604
31072,-107.9956
31073,-108.10252
31074,-108.52096
31075,-109.18019
31076,-110.03572
31077,-111.075745
31078,-112.2843
31079,-113.64191
31080,-115.11798
31081,-116.62146
31082,-117.98617
31083,-119.05497
31084,-119.677605
31085,-119.73805
31086,-119.31458
31087,-118.72872
31088,-118.274185
31089,-118.22354
31090,-118.80995
31091,-120.04178
31092,-121.6466
31093,-123.3852
31094,-125.04367
31095,-126.40824
31096,-127.26519
31097,-127.40058
31098,-126.59998
31099,-124.64839
31100,-125.2707
31101,-119.29993
31102,-116.92537
31103,-110.98981
31104,-111.15062
31105,-112.06727
31106,-113.400475
31107,-114.8117
31108,-115.96283
31109,-116.51585
31110,-116.18554
31111,-114.98827
31112,-113.31837
31113,-111.52631
31114,-109.92961
31115,-108.81131
31116,-108.25842
31117,-108.11281
31118,-108.24523
31119,-108.54828
31120,-108.91385
31121,-109.22957
31122,-109.3777
31123,-109.24107
31124,-108.70294
31125,-107.676094
31126,-106.242065
31127,-104.69349
31128,-103.29817
31129,-102.30518
31130,-101.924644
31131,-102.14594
31132,-102.68289
31133,-103.282425
31134,-103.716156
31135,-103.78314
31136,-103.43802
31137,-102.82982
31138,-102.084366
31139,-101.31017
31140,-100.60792
31141,-100.03374
31142,-99.58802
31143,-99.277824
31144,-99.11518
31145,-99.112076
31146,-99.280556
31147,-99.63259
31148,-100.1802
31149,-100.935356
31150,-101.46795
31151,-101.53434
31152,-102.20227
31153,-103.05006
31154,-103.99488
31155,-104.95398
31156,-105.8446
31157,-106.584015
31158,-107.08946
31159,-107.27815
31160,-107.08262
31161,-106.522446
31162,-105.7262
31163,-104.80949
31164,-103.878365
31165,-103.031296
31166,-102.323906
31167,-101.75815
31168,-101.34236
31169,-101.08966
31170,-101.00454
31171,-101.04229
31172,-101.09687
31173,-101.06958
31174,-100.867195
31175,-100.4145
31176,-99.73823
31177,-98.992714
31178,-98.31701
31179,-97.838776
31180,-97.67139
31181,-97.84694
31182,-98.2961
31183,-98.961716
31184,-99.795746
31185,-100.7433
31186,-101.710526
31187,-102.55496
31188,-103.140015
31189,-103.3334
31190,-103.027016
31191,-102.25047
31192,-101.20558
31193,-100.07365
31194,-99.02074
31195,-98.21291
31196,-97.81619
31197,-97.996544
31198,-98.91976
31199,-100.75152
31200,-102.63445
31201,-103.428375
31202,-104.54573
31203,-105.62189
31204,-106.618416
31205,-107.49685
31206,-108.21878
31207,-108.7457
31208,-109.03916
31209,-109.06067
31210,-108.786835
31211,-108.28038
31212,-107.711655
31213,-107.23836
31214,-107.008606
31215,-107.144005
31216,-107.61589
31217,-108.20776
31218,-108.72559
31219,-108.99211
31220,-108.8555
31221,-108.30848
31222,-107.524635
31223,-106.65612
31224,-105.83914
31225,-105.19464
31226,-104.757034
31227,-104.45245
31228,-104.21992
31229,-104.008125
31230,-103.769966
31231,-103.48221
31232,-103.151535
31233,-102.781
31234,-102.37101
31235,-101.92686
31236,-101.48132
31237,-101.10162
31238,-100.85085
31239,-100.789024
31240,-100.966805
31241,-101.381935
31242,-101.966034
31243,-102.65866
31244,-103.40533
31245,-104.151535
31246,-104.842804
31247,-105.424644
31248,-105.84259
31249,-106.04214
31250,-106.50325
31251,-107.45993
31252,-107.564995
31253,-107.350426
31254,-106.91431
31255,-106.35479
31256,-105.7701
31257,-105.2585
31258,-104.91823
31259,-104.84753
31260,-105.12121
31261,-105.681175
31262,-106.30331
31263,-106.78346
31264,-106.93228
31265,-106.6047
31266,-105.90771
31267,-105.263435
31268,-105.05667
31269,-105.64408
31270,-107.30755
31271,-109.906204
31272,-117.772125
31273,-120.30152
31274,-116.93827
31275,-117.20864
31276,-116.10833
31277,-114.22129
31278,-112.06351
31279,-110.09993
31280,-108.74255
31281,-108.099976
31282,-107.90152
31283,-107.92122
31284,-107.96694
31285,-107.86921
31286,-107.58609
31287,-107.23523
31288,-106.91527
31289,-106.710724
31290,-106.69355
31291,-106.864685
31292,-107.136284
31293,-107.43112
31294,-107.67985
31295,-107.81315
31296,-107.7617
31297,-107.45615
31298,-106.8271
31299,-105.80513
31300,-105.249825
31301,-106.07842
31302,-106.66527
31303,-107.31925
31304,-107.98066
31305,-108.58983
31306,-109.08704
31307,-109.41261
31308,-109.50683
31309,-109.30991
31310,-108.781525
31311,-107.9917
31312,-107.148544
31313,-106.44394
31314,-106.05746
31315,-106.144035
31316,-106.71871
31317,-107.6218
31318,-108.714554
31319,-109.87386
31320,-110.98806
31321,-112.01028
31322,-112.97449
31323,-113.90499
31324,-114.818924
31325,-115.732185
31326,-116.65394
31327,-117.58479
31328,-118.52644
31329,-119.48126
31330,-120.45047
31331,-121.42851
31332,-122.401375
31333,-123.356026
31334,-124.28022
31335,-125.153076
31336,-125.90509
31337,-126.405754
31338,-126.5316
31339,-126.16438
31340,-125.20785
31341,-123.69148
31342,-121.80264
31343,-119.71096
31344,-117.57237
31345,-115.54296
31346,-113.77874
31347,-112.435646
31348,-111.66947
31349,-111.635735
31350,-112.34344
31351,-113.25867
31352,-113.80856
31353,-114.22702
31354,-114.51565
31355,-114.67613
31356,-114.71009
31357,-114.61919
31358,-114.40507
31359,-114.06939
31360,-113.625275
31361,-113.15105
31362,-112.8066
31363,-112.74223
31364,-113.10096
31365,-113.99988
31366,-115.409454
31367,-117.11704
31368,-118.93189
31369,-120.67968
31370,-122.19207
31371,-123.33425
31372,-124.0131
31373,-124.13051
31374,-123.58439
31375,-122.30549
31376,-120.41225
31377,-118.25876
31378,-116.17256
31379,-114.460754
31380,-113.39805
31381,-113.07568
31382,-113.35541
31383,-114.12586
31384,-115.29611
31385,-116.76126
31386,-118.33618
31387,-119.735596
31388,-120.68614
31389,-120.9232
31390,-120.23495
31391,-118.71141
31392,-116.82139
31393,-114.99059
31394,-113.611725
31395,-113.0773
31396,-113.77922
31397,-116.10822
31398,-125.45335
31399,-132.2007
31400,-135.76201
31401,-126.00006
31402,-124.49807
31403,-123.32726
31404,-122.5059
31405,-122.05229
31406,-121.98467
31407,-122.32129
31408,-123.08033
31409,-124.28001
31410,-125.91494
31411,-127.846375
31412,-129.7689
31413,-131.39673
31414,-132.45885
31415,-132.72427
31416,-132.19136
31417,-131.1462
31418,-129.84265
31419,-128.50984
31420,-127.35622
31421,-126.470955
31422,-125.79368
31423,-125.28088
31424,-124.90221
31425,-124.629036
31426,-124.44259
31427,-124.336494
31428,-124.30294
31429,-124.333
31430,-124.42764
31431,-124.64374
31432,-125.10819
31433,-125.93976
31434,-127.250916
31435,-129.10788
31436,-131.31516
31437,-133.35013
31438,-134.72859
31439,-134.99475
31440,-133.76411
31441,-131.06377
31442,-132.43944
31443,-128.3808
31444,-124.33394
31445,-120.74551
31446,-118.06175
31447,-111.72782
31448,-112.18744
31449,-114.88242
31450,-116.76838
31451,-114.41438
31452,-113.59782
31453,-112.912895
31454,-112.349075
31455,-111.89582
31456,-111.54262
31457,-111.27894
31458,-111.09429
31459,-110.978134
31460,-110.9244
31461,-110.95218
31462,-111.111984
31463,-111.45065
31464,-112.012115
31465,-112.824585
31466,-113.826355
31467,-114.84357
31468,-115.71571
31469,-116.2923
31470,-116.44751
31471,-116.19634
31472,-115.72999
31473,-115.21906
31474,-114.81866
31475,-114.66954
31476,-114.830696
31477,-115.2588
31478,-115.922585
31479,-116.79982
31480,-117.853775
31481,-118.96501
31482,-119.910866
31483,-120.48082
31484,-120.47341
31485,-119.72403
31486,-118.27894
31487,-116.44888
31488,-114.5144
31489,-112.73297
31490,-111.3346
31491,-110.392075
31492,-109.781654
31493,-109.40257
31494,-109.171616
31495,-109.00559
31496,-108.82135
31497,-108.53579
31498,-108.06578
31499,-107.32814
31500,-107.24152
31501,-108.630714
31502,-109.49952
31503,-110.34394
31504,-111.14694
31505,-111.89149
31506,-112.560524
31507,-113.13701
31508,-113.60389
31509,-113.94411
31510,-114.1419
31511,-114.1888
31512,-114.08545
31513,-113.831474
31514,-113.42565
31515,-112.87567
31516,-112.24005
31517,-111.640816
31518,-111.19254
31519,-111.00417
31520,-111.16022
31521,-111.60644
31522,-112.11538
31523,-112.48016
31524,-112.50934
31525,-112.04648
31526,-111.13475
31527,-110.067055
31528,-109.10707
31529,-108.496414
31530,-108.4423
31531,-108.95705
31532,-109.8094
31533,-110.79726
31534,-111.74025
31535,-112.47278
31536,-112.91252
31537,-113.0812
31538,-112.988144
31539,-112.633446
31540,-112.02537
31541,-111.21865
31542,-110.32625
31543,-109.45427
31544,-108.70376
31545,-108.17565
31546,-107.97095
31547,-108.1905
31548,-108.935104
31549,-110.30541
31550,-112.05531
31551,-113.45409
31552,-114.378876
31553,-115.01858
31554,-115.42158
31555,-115.63625
31556,-115.71102
31557,-115.69434
31558,-115.63469
31559,-115.58056
31560,-115.57622
31561,-115.641945
31562,-115.76797
31563,-115.94801
31564,-116.17851
31565,-116.45709
31566,-116.788155
31567,-117.18469
31568,-117.658646
31569,-118.221245
31570,-118.86881
31571,-119.51333
31572,-119.96127
31573,-120.03143
31574,-119.551796
31575,-118.39213
31576,-116.660545
31577,-114.76418
31578,-113.07602
31579,-111.94273
31580,-111.65652
31581,-112.20087
31582,-113.17375
31583,-114.21904
31584,-115.01516
31585,-115.282364
31586,-114.97792
31587,-114.35554
31588,-113.634186
31589,-113.00669
31590,-112.64493
31591,-112.60106
31592,-112.777504
31593,-113.0944
31594,-113.48512
31595,-113.883095
31596,-114.2218
31597,-114.43468
31598,-114.45514
31599,-114.21663
31600,-113.44404
31601,-112.21911
31602,-111.46453
31603,-110.840515
31604,-110.31231
31605,-109.84527
31606,-109.40472
31607,-108.956
31608,-108.464455
31609,-107.89541
31610,-107.22691
31611,-106.509125
31612,-105.88239
31613,-105.47633
31614,-105.41258
31615,-105.78238
31616,-106.504715
31617,-107.28366
31618,-107.84904
31619,-107.94989
31620,-107.38876
31621,-106.272705
31622,-105.08989
31623,-104.28357
31624,-104.263054
31625,-105.36354
31626,-107.500694
31627,-110.0669
31628,-112.51814
31629,-114.35773
31630,-115.154564
31631,-114.85014
31632,-113.85185
31633,-112.51242
31634,-111.14384
31635,-110.02808
31636,-109.27499
31637,-108.778755
31638,-108.45895
31639,-108.25431
31640,-108.10748
31641,-107.98319
31642,-107.8738
31643,-107.76834
31644,-107.65344
31645,-107.51569
31646,-107.34172
31647,-107.11814
31648,-106.83153
31649,-106.46851
31650,-105.69381
31651,-104.85718
31652,-105.55962
31653,-106.90998
31654,-108.661644
31655,-110.56843
31656,-112.384384
31657,-113.86376
31658,-114.7608
31659,-114.829445
31660,-113.886314
31661,-112.10638
31662,-110.11395
31663,-108.48162
31664,-107.742325
31665,-108.33854
31666,-110.20136
31667,-112.62399
31668,-114.976715
31669,-116.68755
31670,-117.26889
31671,-116.711914
31672,-115.60707
31673,-114.47509
31674,-113.78431
31675,-113.93401
31676,-114.93034
31677,-116.288315
31678,-117.58128
31679,-118.42657
31680,-118.49771
31681,-117.78812
31682,-116.69159
31683,-115.5556
31684,-114.692535
31685,-114.38188
31686,-114.71579
31687,-115.552155
31688,-116.77641
31689,-118.294846
31690,-120.00812
31691,-121.784325
31692,-123.45075
31693,-124.83963
31694,-125.786705
31695,-126.12754
31696,-125.69741
31697,-124.33121
31698,-121.86322
31699,-123.12729
31700,-117.69602
31701,-128.63898
31702,-125.03079
31703,-125.315254
31704,-124.797714
31705,-123.784775
31706,-122.58396
31707,-121.50343
31708,-120.85153
31709,-120.93646
31710,-121.9955
31711,-123.8655
31712,-125.883354
31713,-127.4453
31714,-127.99205
31715,-127.06051
31716,-124.73893
31717,-126.80882
31718,-123.97487
31719,-116.88211
31720,-116.08785
31721,-116.65163
31722,-118.01115
31723,-119.677414
31724,-121.21742
31725,-122.24298
31726,-122.617805
31727,-122.52044
31728,-122.09261
31729,-121.44842
31730,-120.71353
31731,-120.07904
31732,-119.81777
31733,-120.192986
31734,-121.460335
31735,-123.82702
31736,-132.22775
31737,-136.25758
31738,-140.55246
31739,-144.77939
31740,-148.63087
31741,-151.94101
31742,-154.7206
31743,-151.95985
31744,-153.63339
31745,-154.71577
31746,-155.18141
31747,-155.00464
31748,-154.15976
31749,-152.62094
31750,-154.10278
31751,-148.01248
31752,-142.85431
31753,-137.88823
31754,-133.2808
31755,-129.19827
31756,-125.806496
31757,-123.27081
31758,-116.7561
31759,-116.42678
31760,-117.38706
31761,-119.40162
31762,-121.81164
31763,-124.0095
31764,-125.42605
31765,-125.57601
31766,-124.45234
31767,-122.64782
31768,-120.68728
31769,-119.04378
31770,-118.12768
31771,-117.99077
31772,-118.23628
31773,-118.51973
31774,-118.536545
31775,-118.01974
31776,-116.91545
31777,-115.43684
31778,-113.766136
31779,-112.06215
31780,-110.46919
31781,-109.04855
31782,-107.757515
31783,-106.5656
31784,-105.45147
31785,-104.40595
31786,-103.48871
31787,-102.8454
31788,-102.61146
31789,-102.91455
31790,-103.85771
31791,-105.4045
31792,-107.34449
31793,-109.488266
31794,-111.66218
31795,-113.69272
31796,-115.406425
31797,-116.62983
31798,-117.18926
31799,-116.910805
31800,-115.64115
31801,-113.99417
31802,-113.11801
31803,-112.54213
31804,-112.228195
31805,-112.137856
31806,-112.232834
31807,-112.47489
31808,-112.825806
31809,-113.24734
31810,-113.70129
31811,-114.14939
31812,-114.55333
31813,-114.87476
31814,-115.075386
31815,-115.1355
31816,-115.14134
31817,-115.31167
31818,-115.84963
31819,-116.946495
31820,-118.73908
31821,-121.05575
31822,-123.34011
31823,-125.08186
31824,-125.80478
31825,-125.11358
31826,-123.07722
31827,-120.34818
31828,-122.51376
31829,-115.11117
31830,-113.60905
31831,-113.08525
31832,-113.128975
31833,-113.38667
31834,-113.548454
31835,-113.34326
31836,-112.71916
31837,-111.8983
31838,-111.07066
31839,-110.402
31840,-110.03956
31841,-110.02532
31842,-110.2697
31843,-110.698685
31844,-111.24996
31845,-111.86129
31846,-112.470436
31847,-113.01518
31848,-113.43331
31849,-113.66258
31850,-114.0148
31851,-114.788025
31852,-115.25514
31853,-115.592445
31854,-115.79005
31855,-115.838
31856,-115.72639
31857,-115.445244
31858,-114.984634
31859,-114.334625
31860,-113.49541
31861,-112.52499
31862,-111.55366
31863,-110.70329
31864,-110.08933
31865,-109.809906
31866,-109.8648
31867,-110.13092
31868,-110.49976
31869,-110.8738
31870,-111.16263
31871,-111.316124
31872,-111.33456
31873,-111.21223
31874,-110.938896
31875,-110.51337
31876,-109.98563
31877,-109.46965
31878,-109.07188
31879,-108.89305
31880,-109.01357
31881,-109.3984
31882,-109.86823
31883,-110.261
31884,-110.427444
31885,-110.239555
31886,-109.68996
31887,-108.92221
31888,-108.06208
31889,-107.22198
31890,-106.50776
31891,-105.9879
31892,-105.68419
31893,-105.62386
31894,-105.83839
31895,-106.35912
31896,-107.21747
31897,-108.444756
31898,-110.072266
31899,-112.13126
31900,-112.0712
31901,-108.43877
31902,-107.62083
31903,-107.57232
31904,-108.11806
31905,-109.0832
31906,-110.293274
31907,-111.573975
31908,-112.75114
31909,-113.65063
31910,-114.122086
31911,-114.15034
31912,-113.88915
31913,-113.47248
31914,-113.01932
31915,-112.63913
31916,-112.386894
31917,-112.249306
31918,-112.22111
31919,-112.303085
31920,-112.49309
31921,-112.77216
31922,-113.10033
31923,-113.44012
31924,-113.755936
31925,-114.01516
31926,-114.20183
31927,-114.321014
31928,-114.37526
31929,-114.36528
31930,-114.29192
31931,-114.15701
31932,-113.96354
31933,-113.71436
31934,-113.412224
31935,-113.063896
31936,-112.69879
31937,-112.37475
31938,-112.14623
31939,-112.06521
31940,-112.17348
31941,-112.45512
31942,-112.82212
31943,-113.19499
31944,-113.50069
31945,-113.66614
31946,-113.618286
31947,-113.284035
31948,-112.5902
31949,-111.46358
31950,-112.08172
31951,-120.834595
31952,-117.392494
31953,-118.37222
31954,-118.86868
31955,-118.976974
31956,-118.792305
31957,-118.41
31958,-117.92549
31959,-117.43431
31960,-117.019646
31961,-116.69448
31962,-116.383965
31963,-116.023476
31964,-115.55618
31965,-114.933426
31966,-114.15307
31967,-113.27127
31968,-112.33739
31969,-111.3956
31970,-110.48938
31971,-109.65797
31972,-108.93533
31973,-108.35605
31974,-107.95514
31975,-107.758896
31976,-107.7441
31977,-107.82564
31978,-107.92575
31979,-107.97221
31980,-107.907234
31981,-107.75489
31982,-107.64167
31983,-107.68183
31984,-107.98055
31985,-108.619354
31986,-109.545494
31987,-110.53857
31988,-111.39828
31989,-111.93928
31990,-112.00412
31991,-111.59407
31992,-110.909
31993,-110.125404
31994,-109.402245
31995,-108.89856
31996,-108.77331
31997,-109.18538
31998,-110.29346
31999,-112.255974
32000,-114.63307
32001,-116.012924
32002,-116.00853
32003,-115.20326
32004,-113.808426
32005,-112.03589
32006,-110.09795
32007,-108.20721
32008,-106.57623
32009,-105.41761
32010,-104.91451
32011,-105.08439
32012,-105.73768
32013,-106.70954
32014,-107.85381
32015,-109.03368
32016,-110.16541
32017,-111.2314
32018,-112.206085
32019,-113.05805
32020,-113.75546
32021,-114.263985
32022,-114.5462
32023,-114.56508
32024,-114.28378
32025,-113.68218
32026,-112.83508
32027,-111.93619
32028,-111.165306
32029,-110.6918
32030,-110.6565
32031,-111.0389
32032,-111.61688
32033,-112.19224
32034,-112.58483
32035,-112.63883
32036,-112.33674
32037,-111.83401
32038,-111.265755
32039,-110.75179
32040,-110.39777
32041,-110.22886
32042,-110.16954
32043,-110.156166
32044,-110.13411
32045,-110.04868
32046,-109.84526
32047,-109.46916
32048,-108.86571
32049,-107.98016
32050,-108.18655
32051,-110.09745
32052,-109.960236
32053,-109.17336
32054,-107.95262
32055,-106.51417
32056,-105.0745
32057,-103.85019
32058,-103.057785
32059,-102.91366
32060,-103.59281
32061,-105.03584
32062,-106.890945
32063,-108.84173
32064,-110.598206
32065,-111.89736
32066,-112.62849
32067,-112.871056
32068,-112.6818
32069,-112.100525
32070,-111.181046
32071,-110.05638
32072,-108.9588
32073,-108.10894
32074,-107.7186
32075,-107.97192
32076,-108.89606
32077,-110.322395
32078,-112.1057
32079,-114.11829
32080,-116.23661
32081,-118.3593
32082,-120.41276
32083,-122.32013
32084,-124.00209
32085,-125.3833
32086,-126.411354
32087,-127.06243
32088,-127.309326
32089,-127.12227
32090,-126.48673
32091,-125.47546
32092,-124.270645
32093,-123.04218
32094,-121.95044
32095,-121.15583
32096,-120.81865
32097,-121.09901
32098,-122.15673
32099,-124.15124
32100,-132.12204
32101,-135.11661
32102,-131.78763
32103,-132.73285
32104,-133.00938
32105,-132.67447
32106,-131.78554
32107,-130.40012
32108,-128.57593
32109,-126.370834
32110,-123.86441
32111,-126.25943
32112,-118.91318
32113,-117.16552
32114,-116.34232
32115,-116.710304
32116,-118.20306
32117,-120.33861
32118,-122.68458
32119,-124.84631
32120,-126.468475
32121,-127.41712
32122,-127.83501
32123,-127.832535
32124,-127.49586
32125,-126.90998
32126,-126.1529
32127,-125.29367
32128,-124.40247
32129,-123.55025
32130,-122.80241
32131,-122.19256
32132,-121.71443
32133,-121.36637
32134,-121.15019
32135,-121.062836
32136,-121.07325
32137,-121.115364
32138,-121.127235
32139,-121.04998
32140,-120.8301
32141,-120.44457
32142,-119.90858
32143,-119.232834
32144,-118.42474
32145,-117.49167
32146,-116.44101
32147,-115.28014
32148,-114.01647
32149,-112.65741
32150,-111.64423
32151,-111.70961
32152,-112.47416
32153,-113.67298
32154,-115.1025
32155,-116.559425
32156,-117.84059
32157,-118.74292
32158,-119.063194
32159,-118.597916
32160,-117.19012
32161,-114.94961
32162,-112.32096
32163,-114.710724
32164,-107.49623
32165,-106.012184
32166,-105.351166
32167,-105.30333
32168,-105.69469
32169,-106.37833
32170,-107.214874
32171,-108.10663
32172,-109.007965
32173,-109.867035
32174,-110.62738
32175,-111.24245
32176,-111.72204
32177,-112.146484
32178,-112.587685
32179,-113.11129
32180,-113.77008
32181,-114.543335
32182,-115.31863
32183,-115.994385
32184,-116.4772
32185,-116.69471
32186,-116.69426
32187,-116.67303
32188,-116.81062
32189,-117.273415
32190,-118.20086
32191,-119.57984
32192,-121.20671
32193,-122.90037
32194,-124.49677
32195,-125.83192
32196,-126.74178
32197,-127.06213
32198,-126.62848
32199,-125.275894
32200,-122.24991
32201,-123.462425
32202,-117.55663
32203,-117.90094
32204,-119.19994
32205,-121.15962
32206,-123.487
32207,-125.88977
32208,-128.07607
32209,-129.75421
32210,-130.66371
32211,-130.72234
32212,-130.07133
32213,-128.82628
32214,-127.083405
32215,-124.9322
32216,-122.422264
32217,-124.55307
32218,-121.32983
32219,-117.76217
32220,-113.88697
32221,-109.89544
32222,-106.17229
32223,-103.079506
32224,-95.96135
32225,-95.10548
32226,-95.4814
32227,-96.66192
32228,-98.26796
32229,-99.95632
32230,-101.41517
32231,-102.50972
32232,-103.32607
32233,-103.923584
32234,-104.34188
32235,-104.62171
32236,-104.81014
32237,-104.962234
32238,-105.13205
32239,-105.37293
32240,-105.729515
32241,-106.19655
32242,-106.706535
32243,-107.19942
32244,-107.620735
32245,-107.91597
32246,-108.03062
32247,-107.910164
32248,-107.50005
32249,-106.745705
32250,-106.5345
32251,-107.76753
32252,-108.73094
32253,-109.76427
32254,-110.80933
32255,-111.808044
32256,-112.702255
32257,-113.433846
32258,-113.94466
32259,-114.176544
32260,-114.08934
32261,-113.74568
32262,-113.33672
32263,-113.03863
32264,-113.01614
32265,-113.4018
32266,-114.14516
32267,-114.96711
32268,-115.615776
32269,-115.859566
32270,-115.508316
32271,-114.607956
32272,-113.5
32273,-112.49163
32274,-111.86398
32275,-111.85953
32276,-112.50128
32277,-113.53807
32278,-114.75128
32279,-115.94688
32280,-116.939606
32281,-117.59368
32282,-117.83495
32283,-117.58188
32284,-116.74732
32285,-115.27531
32286,-113.28802
32287,-111.131
32288,-109.12418
32289,-107.56788
32290,-106.72691
32291,-106.665695
32292,-107.198235
32293,-108.16833
32294,-109.4422
32295,-110.88626
32296,-112.367004
32297,-113.751015
32298,-114.904915
32299,-115.69532
32300,-117.72035
32301,-126.747116
32302,-123.3266
32303,-124.04015
32304,-124.093895
32305,-123.69451
32306,-123.049225
32307,-122.365616
32308,-121.85144
32309,-121.7145
32310,-122.123634
32311,-123.026665
32312,-124.09517
32313,-125.033134
32314,-125.569
32315,-125.47049
32316,-124.72866
32317,-123.61463
32318,-122.36764
32319,-121.2025
32320,-120.304085
32321,-119.685844
32322,-119.14669
32323,-118.51028
32324,-117.61924
32325,-116.347885
32326,-114.751076
32327,-113.10984
32328,-111.679115
32329,-110.693825
32330,-110.35537
32331,-110.67513
32332,-111.427284
32333,-112.41418
32334,-113.459435
32335,-114.39456
32336,-115.095245
32337,-115.4922
32338,-115.50956
32339,-115.06646
32340,-114.106705
32341,-112.71464
32342,-111.1507
32343,-109.655014
32344,-108.45215
32345,-107.766594
32346,-107.82264
32347,-108.84424
32348,-111.05485
32349,-119.677185
32350,-116.381744
32351,-113.184044
32352,-112.11472
32353,-111.38128
32354,-111.00087
32355,-110.99068
32356,-111.36784
32357,-112.14951
32358,-113.35281
32359,-114.99484
32360,-117.05972
32361,-119.34471
32362,-121.41389
32363,-122.85924
32364,-123.29329
32365,-122.4033
32366,-120.30612
32367,-117.658295
32368,-120.055756
32369,-113.04784
32370,-112.10702
32371,-112.26945
32372,-113.02616
32373,-113.932686
32374,-114.59351
32375,-114.66236
32376,-114.0715
32377,-113.101746
32378,-111.99302
32379,-110.9546
32380,-110.1698
32381,-109.67384
32382,-109.31684
32383,-108.97066
32384,-108.523705
32385,-107.8804
32386,-107.03629
32387,-106.10091
32388,-105.170265
32389,-104.33029
32390,-103.66138
32391,-103.212685
32392,-102.99423
32393,-103.02071
32394,-103.31028
32395,-103.88109
32396,-104.75126
32397,-105.93893
32398,-107.46216
32399,-109.339035
32400,-109.88016
32401,-108.07071
32402,-108.03368
32403,-108.419624
32404,-109.0907
32405,-109.90922
32406,-110.7376
32407,-111.43838
32408,-111.874
32409,-111.90694
32410,-111.42798
32411,-110.48959
32412,-109.34667
32413,-108.2304
32414,-107.35409
32415,-106.90264
32416,-106.89921
32417,-107.16495
32418,-107.54504
32419,-107.902756
32420,-108.114944
32421,-108.13545
32422,-108.0143
32423,-107.79004
32424,-107.49274
32425,-107.15834
32426,-106.8568
32427,-106.700455
32428,-106.79656
32429,-107.248604
32430,-108.133446
32431,-109.377235
32432,-110.71792
32433,-111.91615
32434,-112.749374
32435,-113.03314
32436,-112.79992
32437,-112.3535
32438,-111.965775
32439,-111.88472
32440,-112.32756
32441,-113.33718
32442,-114.73868
32443,-116.38306
32444,-118.140755
32445,-119.88237
32446,-121.47855
32447,-122.80001
32448,-123.71731
32449,-124.100975
32450,-121.78436
32451,-121.298355
32452,-118.99129
32453,-112.69616
32454,-112.20913
32455,-112.32727
32456,-112.84828
32457,-113.5703
32458,-114.2917
32459,-114.81097
32460,-114.96025
32461,-114.76271
32462,-114.48047
32463,-114.34762
32464,-114.577126
32465,-115.339096
32466,-116.56084
32467,-117.86631
32468,-118.91556
32469,-119.39558
32470,-119.043526
32471,-117.88254
32472,-116.29425
32473,-114.61907
32474,-113.16618
32475,-112.20809
32476,-111.80867
32477,-111.77077
32478,-111.927895
32479,-112.13686
32480,-112.27234
32481,-112.31003
32482,-112.35199
32483,-112.485344
32484,-112.78597
32485,-113.311676
32486,-114.01746
32487,-114.72991
32488,-115.290886
32489,-115.5536
32490,-115.392815
32491,-114.80609
32492,-113.94466
32493,-112.94175
32494,-111.91716
32495,-110.990715
32496,-110.28221
32497,-109.91141
32498,-109.99801
32499,-110.66156
32500,-111.60792
32501,-112.01404
32502,-111.84983
32503,-111.39981
32504,-110.79088
32505,-110.150055
32506,-109.60441
32507,-109.28106
32508,-109.307014
32509,-109.809265
32510,-110.8785
32511,-112.40005
32512,-114.002914
32513,-115.34691
32514,-116.11476
32515,-116.04266
32516,-115.1716
32517,-113.92428
32518,-112.67916
32519,-111.78122
32520,-111.52729
32521,-111.94013
32522,-112.70016
32523,-113.528404
32524,-114.17648
32525,-114.42351
32526,-114.204285
32527,-113.64828
32528,-112.86209
32529,-111.93512
32530,-110.95611
32531,-110.0098
32532,-109.17587
32533,-108.53457
32534,-108.16658
32535,-108.13224
32536,-108.37637
32537,-108.69963
32538,-108.91983
32539,-108.86764
32540,-108.40136
32541,-107.53614
32542,-106.483444
32543,-105.431595
32544,-104.55149
32545,-104.01403
32546,-103.99005
32547,-104.650185
32548,-106.16493
32549,-108.704346
32550,-111.16345
32551,-111.97762
32552,-112.756744
32553,-113.26092
32554,-113.54496
32555,-113.663704
32556,-113.672104
32557,-113.62503
32558,-113.57748
32559,-113.58438
32560,-113.69117
32561,-113.88912
32562,-114.10178
32563,-114.26071
32564,-114.30345
32565,-114.17379
32566,-113.85095
32567,-113.358505
32568,-112.71481
32569,-111.93432
32570,-111.03775
32571,-110.081665
32572,-109.16741
32573,-108.3911
32574,-107.84483
32575,-107.606
32576,-107.66873
32577,-107.92298
32578,-108.27118
32579,-108.624985
32580,-108.90338
32581,-109.066284
32582,-109.1249
32583,-109.08434
32584,-108.9451
32585,-108.7149
32586,-108.44222
32587,-108.226555
32588,-108.16131
32589,-108.33538
32590,-108.82228
32591,-109.60831
32592,-110.57088
32593,-111.600426
32594,-112.597145
32595,-113.46124
32596,-114.09291
32597,-114.39233
32598,-114.25955
32599,-113.59459
32600,-113.13128
32601,-113.36437
32602,-112.44055
32603,-111.1412
32604,-109.64986
32605,-108.1503
32606,-106.826355
32607,-105.86184
32608,-105.44045
32609,-105.7457
32610,-106.913246
32611,-108.80796
32612,-110.95697
32613,-112.92843
32614,-114.320946
32615,-114.79199
32616,-114.33387
32617,-113.35796
32618,-112.22655
32619,-111.26524
32620,-110.75614
32621,-110.73284
32622,-110.9183
32623,-111.07224
32624,-110.98205
32625,-110.46638
32626,-109.521454
32627,-108.3658
32628,-107.19178
32629,-106.17211
32630,-105.46307
32631,-105.12758
32632,-105.11173
32633,-105.37557
32634,-105.88951
32635,-106.61997
32636,-107.51057
32637,-108.47647
32638,-109.43623
32639,-110.31104
32640,-111.029655
32641,-111.564224
32642,-111.94107
32643,-112.1801
32644,-112.29634
32645,-112.30488
32646,-112.22078
32647,-112.05912
32648,-111.83498
32649,-111.56344
32650,-111.21804
32651,-110.67617
32652,-109.89702
32653,-109.024124
32654,-108.13818
32655,-107.31992
32656,-106.65008
32657,-106.20934
32658,-106.0784
32659,-106.33785
32660,-107.04654
32661,-108.139854
32662,-109.3991
32663,-110.624115
32664,-111.62858
32665,-112.252235
32666,-112.483025
32667,-112.4941
32668,-112.43669
32669,-112.445625
32670,-112.632774
32671,-112.97925
32672,-113.30266
32673,-113.439995
32674,-113.24271
32675,-112.59107
32676,-111.529396
32677,-110.30738
32678,-109.15082
32679,-108.26726
32680,-107.84117
32681,-107.925644
32682,-108.40956
32683,-109.201355
32684,-110.22411
32685,-111.39575
32686,-112.60465
32687,-113.70232
32688,-114.54462
32689,-114.990715
32690,-114.9229
32691,-114.355515
32692,-113.46827
32693,-112.42159
32694,-111.36139
32695,-110.4336
32696,-109.784225
32697,-109.55913
32698,-109.90408
32699,-110.96467
32700,-111.5519
32701,-110.430664
32702,-109.97455
32703,-109.58366
32704,-109.25182
32705,-108.97283
32706,-108.74053
32707,-108.54871
32708,-108.3912
32709,-108.26181
32710,-108.16041
32711,-108.1213
32712,-108.22183
32713,-108.534195
32714,-109.12674
32715,-110.04361
32716,-111.19161
32717,-112.30612
32718,-113.143036
32719,-113.47351
32720,-113.11614
32721,-112.160324
32722,-111.03444
32723,-110.1273
32724,-109.79782
32725,-110.34311
32726,-111.70994
32727,-113.40784
32728,-114.99884
32729,-116.08419
32730,-116.323845
32731,-115.71108
32732,-114.65648
32733,-113.522064
32734,-112.633224
32735,-112.270584
32736,-112.459335
32737,-112.9054
32738,-113.35247
32739,-113.572685
32740,-113.37073
32741,-112.735954
32742,-111.88889
32743,-111.02292
32744,-110.31106
32745,-109.926315
32746,-110.041595
32747,-110.82961
32748,-112.462875
32749,-115.11341
32750,-116.185585
32751,-113.71431
32752,-113.69689
32753,-114.25887
32754,-115.22247
32755,-116.410255
32756,-117.645035
32757,-118.74972
32758,-119.5473
32759,-119.86069
32760,-119.54027
32761,-118.593666
32762,-117.22556
32763,-115.61792
32764,-113.9356
32765,-112.3323
32766,-110.89761
32767,-109.640945
32768,-108.58101
32769,-107.74355
32770,-107.15797
32771,-106.87412
32772,-106.96742
32773,-107.51026
32774,-108.5726
32775,-110.192535
32776,-112.22734
32777,-114.3087
32778,-116.095665
32779,-117.267426
32780,-117.5582
32781,-117.01543
32782,-116.07902
32783,-115.143364
32784,-114.568474
32785,-114.66581
32786,-115.47032
32787,-116.67153
32788,-117.99978
32789,-119.21632
32790,-120.10544
32791,-120.58129
32792,-120.72048
32793,-120.58055
32794,-120.204666
32795,-119.63605
32796,-118.918
32797,-118.0938
32798,-117.2068
32799,-116.30035
32800,-114.90198
32801,-112.98128
32802,-112.18014
32803,-111.85684
32804,-111.91366
32805,-112.25297
32806,-112.777336
32807,-113.389404
32808,-113.991844
32809,-114.48737
32810,-114.78967
32811,-114.87475
32812,-114.79659
32813,-114.599976
32814,-114.32278
32815,-114.00507
32816,-113.69923
32817,-113.47301
32818,-113.39235
32819,-113.52181
32820,-113.914055
32821,-114.554245
32822,-115.34322
32823,-116.191795
32824,-117.01833
32825,-117.74973
32826,-118.36151
32827,-118.88993
32828,-119.36408
32829,-119.80772
32830,-120.2434
32831,-120.68731
32832,-121.147545
32833,-121.63312
32834,-122.15377
32835,-122.71619
32836,-123.309395
32837,-123.900505
32838,-124.45915
32839,-124.956894
32840,-125.36462
32841,-125.649086
32842,-125.77194
32843,-125.695435
32844,-125.382195
32845,-124.79486
32846,-123.89599
32847,-122.64815
32848,-121.01383
32849,-118.955505
32850,-116.27679
32851,-118.50022
32852,-112.02943
32853,-111.15422
32854,-110.720116
32855,-110.573044
32856,-110.55913
32857,-110.52466
32858,-110.31599
32859,-109.77943
32860,-108.806564
32861,-107.546326
32862,-106.46987
32863,-106.010376
32864,-106.57212
32865,-108.47396
32866,-116.552284
32867,-120.04222
32868,-123.25252
32869,-125.546585
32870,-121.37508
32871,-120.684586
32872,-119.04301
32873,-116.946625
32874,-114.83815
32875,-113.1192
32876,-111.95391
32877,-111.20886
32878,-110.78515
32879,-110.61037
32880,-110.61527
32881,-110.74882
32882,-110.982544
32883,-111.28535
32884,-111.624115
32885,-111.96479
32886,-112.267944
32887,-112.48736
32888,-112.57761
32889,-112.493866
32890,-112.201294
32891,-111.72192
32892,-111.148895
32893,-110.56705
32894,-110.05488
32895,-109.690926
32896,-109.553665
32897,-109.72158
32898,-110.27309
32899,-111.28649
32900,-113.37289
32901,-116.10381
32902,-116.9201
32903,-116.948044
32904,-116.3892
32905,-115.445656
32906,-114.31989
32907,-113.21469
32908,-112.33291
32909,-111.8774
32910,-112.016594
32911,-112.72416
32912,-113.730415
32913,-114.79465
32914,-115.69797
32915,-116.24794
32916,-116.40222
32917,-116.3062
32918,-116.08314
32919,-115.839806
32920,-115.67028
32921,-115.59662
32922,-115.55072
32923,-115.475075
32924,-115.32015
32925,-115.04769
32926,-114.68385
32927,-114.33521
32928,-114.098976
32929,-114.06519
32930,-114.303604
32931,-114.7687
32932,-115.27098
32933,-115.637955
32934,-115.709915
32935,-115.35252
32936,-114.57599
32937,-113.57145
32938,-112.50899
32939,-111.542755
32940,-110.80921
32941,-110.344025
32942,-110.05688
32943,-109.87231
32944,-109.72603
32945,-109.55384
32946,-109.291466
32947,-108.87468
32948,-108.239235
32949,-107.32084
32950,-106.85094
32951,-107.632744
32952,-108.30534
32953,-109.11046
32954,-109.989265
32955,-110.883
32956,-111.732895
32957,-112.48019
32958,-113.066086
32959,-113.43183
32960,-113.52784
32961,-113.35714
32962,-112.98848
32963,-112.48291
32964,-111.895645
32965,-111.28164
32966,-110.69382
32967,-110.18272
32968,-109.7991
32969,-109.59399
32970,-109.60774
32971,-109.820435
32972,-110.13684
32973,-110.47066
32974,-110.742325
32975,-110.89877
32976,-111.037445
32977,-111.44393
32978,-112.38147
32979,-114.096306
32980,-116.766914
32981,-125.188545
32982,-128.67915
32983,-131.61476
32984,-128.41428
32985,-128.5832
32986,-127.1236
32987,-124.66152
32988,-126.75336
32989,-123.90248
32990,-116.56397
32991,-114.91337
32992,-113.775764
32993,-113.016426
32994,-112.53171
32995,-112.21809
32996,-111.97213
32997,-111.69051
32998,-111.26988
32999,-110.60689
33000,-110.83613
33001,-112.71188
33002,-113.36588
33003,-113.69348
33004,-113.762184
33005,-113.6396
33006,-113.39339
33007,-113.0912
33008,-112.80078
33009,-112.589836
33010,-112.51347
33011,-112.55477
33012,-112.606995
33013,-112.573944
33014,-112.36741
33015,-111.91791
33016,-111.26237
33017,-110.57081
33018,-109.99766
33019,-109.68549
33020,-109.74958
33021,-110.14987
33022,-110.6524
33023,-111.04623
33024,-111.13777
33025,-110.76223
33026,-109.9189
33027,-108.81235
33028,-107.62303
33029,-106.51328
33030,-105.63292
33031,-105.06048
33032,-104.78535
33033,-104.807465
33034,-105.13476
33035,-105.765305
33036,-106.64179
33037,-107.63767
33038,-108.63479
33039,-109.521126
33040,-110.19677
33041,-110.63025
33042,-110.87556
33043,-110.97657
33044,-110.969505
33045,-110.89063
33046,-110.776215
33047,-110.66254
33048,-110.585884
33049,-110.58253
33050,-111.01521
33051,-111.97766
33052,-112.463646
33053,-112.80027
33054,-113.008446
33055,-113.109085
33056,-113.12313
33057,-113.0715
33058,-112.97519
33059,-112.855095
33060,-112.743225
33061,-112.73434
33062,-113.0016
33063,-113.708885
33064,-115.01295
33065,-117.019806
33066,-119.5485
33067,-122.0601
33068,-124.05878
33069,-125.0806
33070,-124.736275
33071,-123.06502
33072,-120.64403
33073,-117.99011
33074,-115.57389
33075,-113.811745
33076,-112.80992
33077,-112.286415
33078,-112.00445
33079,-111.761826
33080,-111.37963
33081,-110.81043
33082,-110.171196
33083,-109.55946
33084,-109.05825
33085,-108.73942
33086,-108.611626
33087,-108.60446
33088,-108.65689
33089,-108.71494
33090,-108.73142
33091,-108.69746
33092,-108.652176
33093,-108.62901
33094,-108.65713
33095,-108.76566
33096,-108.98378
33097,-109.34062
33098,-109.86531
33099,-110.58699
33100,-111.562004
33101,-112.50396
33102,-112.83602
33103,-112.86826
33104,-112.670074
33105,-112.31089
33106,-111.860214
33107,-111.38759
33108,-110.96257
33109,-110.65472
33110,-110.523186
33111,-110.56813
33112,-110.715866
33113,-110.9015
33114,-111.066696
33115,-111.16226
33116,-111.190834
33117,-111.21993
33118,-111.309364
33119,-111.51321
33120,-111.87361
33121,-112.36498
33122,-112.877106
33123,-113.309845
33124,-113.57057
33125,-113.57771
33126,-113.31274
33127,-112.836
33128,-112.198524
33129,-111.44439
33130,-110.61873
33131,-109.77233
33132,-108.96318
33133,-108.24837
33134,-107.684395
33135,-107.31586
33136,-107.120125
33137,-106.99044
33138,-106.830086
33139,-106.549835
33140,-106.07379
33141,-105.401955
33142,-104.62924
33143,-103.839226
33144,-103.10713
33145,-102.50813
33146,-102.117424
33147,-102.010124
33148,-102.261375
33149,-102.946236
33150,-104.18155
33151,-105.376564
33152,-105.392715
33153,-104.90978
33154,-104.10852
33155,-103.16989
33156,-102.27502
33157,-101.60506
33158,-101.34115
33159,-101.66432
33160,-102.720314
33161,-104.45493
33162,-106.56458
33163,-108.77594
33164,-110.83822
33165,-112.52604
33166,-113.75731
33167,-114.62886
33168,-115.21613
33169,-115.578606
33170,-115.769905
33171,-115.809746
33172,-115.67559
33173,-115.3498
33174,-114.81852
33175,-114.072426
33176,-113.12786
33177,-112.033424
33178,-110.83394
33179,-109.571396
33180,-108.296
33181,-107.10432
33182,-106.15107
33183,-105.58401
33184,-105.54566
33185,-106.14751
33186,-107.32513
33187,-108.794685
33188,-110.29875
33189,-111.59973
33190,-112.48827
33191,-112.91562
33192,-113.03357
33193,-112.9701
33194,-112.835464
33195,-112.73998
33196,-112.79395
33197,-113.1077
33198,-113.79149
33199,-114.955475
33200,-114.5108
33201,-111.10248
33202,-109.87803
33203,-109.19993
33204,-108.92047
33205,-108.89227
33206,-108.968094
33207,-109.00084
33208,-108.84344
33209,-108.34882
33210,-107.40624
33211,-106.11204
33212,-104.821556
33213,-103.85964
33214,-103.528046
33215,-104.073235
33216,-105.428566
33217,-107.13671
33218,-108.7876
33219,-110.00633
33220,-110.47075
33221,-110.15783
33222,-109.41881
33223,-108.56059
33224,-107.85715
33225,-107.54927
33226,-107.68867
33227,-108.090675
33228,-108.59879
33229,-109.07759
33230,-109.40585
33231,-109.54256
33232,-109.54707
33233,-109.466774
33234,-109.34015
33235,-109.195404
33236,-109.00242
33237,-108.65807
33238,-108.06787
33239,-107.14378
33240,-105.82284
33241,-104.18496
33242,-102.48881
33243,-100.97197
33244,-99.856094
33245,-99.36275
33246,-99.713234
33247,-101.128654
33248,-103.829666
33249,-113.03617
33250,-116.08568
33251,-110.193016
33252,-110.40145
33253,-110.50426
33254,-110.52106
33255,-110.4715
33256,-110.375275
33257,-110.25204
33258,-110.12146
33259,-110.003204
33260,-109.91638
33261,-109.87671
33262,-109.895805
33263,-109.9857
33264,-110.15889
33265,-110.42094
33266,-110.73862
33267,-111.03009
33268,-111.219315
33269,-111.234566
33270,-111.02335
33271,-110.64276
33272,-110.28696
33273,-110.133934
33274,-110.349464
33275,-111.06488
33276,-112.21613
33277,-113.49519
33278,-114.62325
33279,-115.34329
33280,-115.43929
33281,-114.928696
33282,-114.12119
33283,-113.29235
33284,-112.69204
33285,-112.540504
33286,-112.88914
33287,-113.578354
33288,-114.47351
33289,-115.4588
33290,-116.42413
33291,-117.29173
33292,-118.024086
33293,-118.57894
33294,-118.91039
33295,-118.97258
33296,-118.71955
33297,-118.10533
33298,-117.08386
33299,-115.60906
33300,-113.76309
33301,-112.27918
33302,-111.95163
33303,-112.30386
33304,-113.23146
33305,-114.63024
33306,-116.396194
33307,-118.425446
33308,-120.614296
33309,-122.85909
33310,-125.04812
33311,-127.02307
33312,-128.56744
33313,-129.4714
33314,-129.52985
33315,-128.57404
33316,-126.644325
33317,-124.04407
33318,-126.047585
33319,-122.9068
33320,-119.86325
33321,-117.097374
33322,-114.71285
33323,-107.8219
33324,-106.54338
33325,-105.97062
33326,-106.05301
33327,-106.5602
33328,-107.2834
33329,-108.03007
33330,-108.629326
33331,-109.033295
33332,-109.34757
33333,-109.65948
33334,-110.04265
33335,-110.56161
33336,-111.22909
33337,-111.99305
33338,-112.80916
33339,-113.63884
33340,-114.44127
33341,-115.16253
33342,-115.73242
33343,-116.08263
33344,-116.14628
33345,-115.856415
33346,-115.14605
33347,-113.94807
33348,-112.1953
33349,-109.82052
33350,-108.33967
33351,-109.34154
33352,-110.039795
33353,-110.96956
33354,-112.03557
33355,-113.142624
33356,-114.19558
33357,-115.09929
33358,-115.75864
33359,-116.07841
33360,-115.98592
33361,-115.536766
33362,-114.94709
33363,-114.41438
33364,-114.12194
33365,-114.22053
33366,-114.6758
33367,-115.22211
33368,-115.62115
33369,-115.65519
33370,-115.15968
33371,-114.272964
33372,-113.512596
33373,-113.35195
33374,-114.23056
33375,-116.48613
33376,-124.88194
33377,-128.46564
33378,-131.37202
33379,-127.80026
33380,-127.095665
33381,-124.44288
33382,-126.082634
33383,-123.13956
33384,-116.64749
33385,-117.47703
33386,-120.57774
33387,-129.75179
33388,-133.94
33389,-137.18835
33390,-133.65729
33391,-133.15128
33392,-131.28223
33393,-128.57077
33394,-130.4689
33395,-127.430305
33396,-124.90923
33397,-118.35959
33398,-118.23426
33399,-119.984436
33400,-122.32792
33401,-122.87752
33402,-123.12353
33403,-122.9764
33404,-122.51124
33405,-121.80327
33406,-120.92785
33407,-119.96036
33408,-118.976265
33409,-118.051056
33410,-117.249344
33411,-116.57421
33412,-115.95157
33413,-115.31636
33414,-114.61031
33415,-113.794525
33416,-112.94026
33417,-112.2566
33418,-111.936455
33419,-112.160484
33420,-113.06956
33421,-114.579865
33422,-116.32716
33423,-117.98078
33424,-119.23528
33425,-119.82681
33426,-119.72818
33427,-119.208466
33428,-118.50224
33429,-117.81815
33430,-117.34163
33431,-117.12517
33432,-117.054886
33433,-117.036316
33434,-116.9897
33435,-116.84468
33436,-116.5839
33437,-116.256355
33438,-115.90335
33439,-115.56027
33440,-115.259415
33441,-115.01541
33442,-114.82077
33443,-114.67063
33444,-114.56204
33445,-114.49208
33446,-114.457825
33447,-114.45632
33448,-114.484665
33449,-114.53994
33450,-114.824066
33451,-115.09496
33452,-114.30897
33453,-113.0271
33454,-111.396225
33455,-109.56345
33456,-107.676094
33457,-105.88149
33458,-104.326996
33459,-103.15986
33460,-102.50931
33461,-102.40269
33462,-102.74006
33463,-103.436745
33464,-104.4195
33465,-105.61189
33466,-106.91947
33467,-108.22523
33468,-109.41491
33469,-110.37629
33470,-111.01013
33471,-111.290985
33472,-111.28567
33473,-111.050095
33474,-110.63192
33475,-110.07979
33476,-109.447495
33477,-108.79528
33478,-108.18261
33479,-107.6684
33480,-107.30506
33481,-107.10798
33482,-107.04624
33483,-107.094475
33484,-107.231415
33485,-107.4377
33486,-107.70473
33487,-108.03737
33488,-108.43886
33489,-108.91126
33490,-109.45528
33491,-110.06396
33492,-110.72076
33493,-111.410286
33494,-112.118004
33495,-112.82935
33496,-113.52981
33497,-114.20485
33498,-114.83992
33499,-115.4205
33500,-115.44393
33501,-114.59078
33502,-114.047775
33503,-113.53248
33504,-113.07484
33505,-112.70482
33506,-112.4524
33507,-112.34751
33508,-112.4201
33509,-112.70007
33510,-113.20495
33511,-113.88157
33512,-114.58859
33513,-115.19517
33514,-115.578255
33515,-115.632965
33516,-115.35758
33517,-114.87943
33518,-114.31078
33519,-113.75253
33520,-113.29544
33521,-112.97276
33522,-112.74577
33523,-112.58421
33524,-112.46417
33525,-112.36992
33526,-112.33207
33527,-112.43913
33528,-112.77279
33529,-113.40954
33530,-114.39937
33531,-115.64212
33532,-116.84996
33533,-117.75748
33534,-118.11587
33535,-117.72209
33536,-116.63448
33537,-115.23886
33538,-113.88335
33539,-112.88732
33540,-112.527664
33541,-112.83948
33542,-113.55575
33543,-114.4452
33544,-115.30356
33545,-115.9267
33546,-116.110466
33547,-115.65051
33548,-114.34222
33549,-111.98045
33550,-111.52533
33551,-115.31968
33552,-116.63165
33553,-117.44783
33554,-117.89429
33555,-118.09729
33556,-118.18323
33557,-118.27861
33558,-118.50998
33559,-119.00391
33560,-119.86644
33561,-121.08752
33562,-122.511925
33563,-124.001595
33564,-125.43139
33565,-126.67438
33566,-127.593254
33567,-128.03767
33568,-127.85857
33569,-126.90772
33570,-125.08233
33571,-122.53982
33572,-124.7646
33573,-122.20495
33574,-115.28058
33575,-114.350876
33576,-114.433754
33577,-115.12057
33578,-116.05295
33579,-116.910866
33580,-117.40341
33581,-117.40394
33582,-116.99096
33583,-116.21888
33584,-115.12401
33585,-113.75221
33586,-112.20411
33587,-110.64869
33588,-109.2471
33589,-108.15434
33590,-107.50532
33591,-107.32094
33592,-107.479675
33593,-107.87692
33594,-108.42082
33595,-109.01958
33596,-109.58141
33597,-110.01463
33598,-110.22744
33599,-110.12805
33600,-108.48842
33601,-110.02735
33602,-103.28467
33603,-102.09394
33604,-101.37432
33605,-101.04519
33606,-101.026024
33607,-101.23643
33608,-101.59602
33609,-102.02451
33610,-102.45211
33611,-102.86891
33612,-103.33978
33613,-103.920555
33614,-104.66043
33615,-105.5998
33616,-106.729256
33617,-107.977264
33618,-109.27974
33619,-110.578156
33620,-111.81779
33621,-112.96536
33622,-114.01435
33623,-114.95502
33624,-115.77524
33625,-116.46051
33626,-116.98271
33627,-117.2967
33628,-117.359314
33629,-117.12886
33630,-116.57799
33631,-115.76103
33632,-114.83462
33633,-113.94352
33634,-113.22351
33635,-112.79199
33636,-112.66213
33637,-112.71671
33638,-112.853874
33639,-112.98339
33640,-113.02324
33641,-112.937965
33642,-112.75044
33643,-112.4766
33644,-112.12723
33645,-111.71314
33646,-111.24512
33647,-110.73397
33648,-110.19049
33649,-109.62549
33650,-110.10371
33651,-112.13046
33652,-112.92122
33653,-113.36485
33654,-113.52492
33655,-113.46505
33656,-113.248924
33657,-112.940285
33658,-112.602905
33659,-112.30054
33660,-112.08998
33661,-111.98811
33662,-111.962006
33663,-111.98454
33664,-112.03308
33665,-112.07919
33666,-112.06155
33667,-111.87773
33668,-111.43014
33669,-110.624756
33670,-109.3944
33671,-107.82443
33672,-106.19133
33673,-104.7492
33674,-103.73516
33675,-103.352104
33676,-103.60911
33677,-104.27314
33678,-105.14022
33679,-106.02815
33680,-106.77919
33681,-107.37439
33682,-107.96805
33683,-108.69376
33684,-109.66967
33685,-110.98346
33686,-112.55007
33687,-114.06892
33688,-115.26524
33689,-115.883484
33690,-115.707405
33691,-114.74564
33692,-113.28841
33693,-111.593254
33694,-109.89314
33695,-108.421196
33696,-107.41047
33697,-107.09383
33698,-107.70382
33699,-109.472565
33700,-110.206604
33701,-107.86063
33702,-107.10936
33703,-106.693436
33704,-106.576515
33705,-106.722275
33706,-107.09447
33707,-107.65684
33708,-108.373184
33709,-109.20728
33710,-110.112816
33711,-110.98583
33712,-111.650375
33713,-111.93904
33714,-111.69074
33715,-110.78383
33716,-109.321754
33717,-107.68984
33718,-106.24058
33719,-105.30155
33720,-105.153114
33721,-105.80835
33722,-106.94666
33723,-108.28748
33724,-109.58024
33725,-110.597694
33726,-111.24441
33727,-111.589455
33728,-111.682274
33729,-111.55766
33730,-111.259056
33731,-110.87904
33732,-110.57166
33733,-110.48365
33734,-110.75633
33735,-111.503525
33736,-112.683464
33737,-114.06011
33738,-115.42066
33739,-116.56971
33740,-117.332726
33741,-117.65362
33742,-117.62442
33743,-117.31969
33744,-116.80094
33745,-116.12977
33746,-115.36776
33747,-114.5766
33748,-113.81794
33749,-113.15344
33750,-112.12529
33751,-110.57477
33752,-109.91515
33753,-109.57909
33754,-109.462944
33755,-109.46321
33756,-109.47645
33757,-109.39923
33758,-109.12817
33759,-108.5598
33760,-107.60387
33761,-106.245155
33762,-104.562386
33763,-102.623215
33764,-100.48704
33765,-98.23828
33766,-96.10369
33767,-94.487755
33768,-93.773544
33769,-94.32792
33770,-96.44048
33771,-104.96385
33772,-109.20556
33773,-113.54005
33774,-117.39192
33775,-120.25456
33776,-117.0064
33777,-118.00579
33778,-118.55345
33779,-118.9077
33780,-119.297714
33781,-119.78488
33782,-120.220604
33783,-120.480865
33784,-120.460205
33785,-120.07399
33786,-119.356735
33787,-118.49203
33788,-117.64631
33789,-116.97293
33790,-116.60496
33791,-116.56052
33792,-116.713844
33793,-116.956055
33794,-117.19101
33795,-117.32262
33796,-117.254776
33797,-116.89135
33798,-116.13612
33799,-114.8928
33800,-115.29647
33801,-118.47067
33802,-118.802704
33803,-118.243614
33804,-117.03829
33805,-115.43238
33806,-113.67216
33807,-112.00416
33808,-110.67507
33809,-109.93145
33810,-109.96856
33811,-110.691635
33812,-111.64379
33813,-112.41148
33814,-112.613525
33815,-111.93181
33816,-110.407326
33817,-108.53089
33818,-106.74093
33819,-105.43626
33820,-104.95825
33821,-105.32235
33822,-106.137054
33823,-107.05963
33824,-107.78382
33825,-108.04846
33826,-107.847595
33827,-107.49426
33828,-107.26364
33829,-107.40254
33830,-108.11467
33831,-109.358864
33832,-110.78834
33833,-112.092964
33834,-112.99008
33835,-113.23821
33836,-112.830635
33837,-112.05426
33838,-111.16155
33839,-110.37909
33840,-109.91136
33841,-109.83666
33842,-110.0754
33843,-110.56669
33844,-111.26365
33845,-112.11948
33846,-113.087364
33847,-114.120544
33848,-115.172264
33849,-116.195755
33850,-116.21015
33851,-114.754295
33852,-114.31857
33853,-114.1107
33854,-114.07218
33855,-114.144585
33856,-114.2695
33857,-114.38855
33858,-114.44335
33859,-114.37553
33860,-114.13402
33861,-113.70927
33862,-113.14378
33863,-112.47394
33864,-111.73151
33865,-110.950096
33866,-110.17384
33867,-109.45989
33868,-108.86388
33869,-108.440254
33870,-108.24108
33871,-108.30498
33872,-108.6537
33873,-109.31102
33874,-110.30211
33875,-111.62562
33876,-113.12908
33877,-114.471596
33878,-115.334785
33879,-115.41692
33880,-114.47761
33881,-112.6274
33882,-110.41683
33883,-108.34583
33884,-106.87572
33885,-106.400406
33886,-106.93159
33887,-108.00381
33888,-109.20876
33889,-110.18106
33890,-110.59644
33891,-110.36354
33892,-109.68205
33893,-108.71712
33894,-107.60817
33895,-106.4948
33896,-105.51656
33897,-104.813095
33898,-104.5239
33899,-104.78843
33900,-105.213455
33901,-105.04996
33902,-104.750496
33903,-104.349106
33904,-103.90852
33905,-103.491585
33906,-103.16105
33907,-102.97973
33908,-103.0104
33909,-103.315796
33910,-103.94934
33911,-104.91145
33912,-106.13635
33913,-107.56627
33914,-109.149315
33915,-110.82824
33916,-112.51471
33917,-114.08175
33918,-115.40701
33919,-116.37159
33920,-116.8759
33921,-116.93072
33922,-116.684906
33923,-116.271126
33924,-115.80998
33925,-115.41579
33926,-115.16679
33927,-115.09619
33928,-115.24241
33929,-115.64783
33930,-116.336784
33931,-117.230965
33932,-118.12393
33933,-118.82438
33934,-119.15239
33935,-118.95965
33936,-118.27803
33937,-117.36514
33938,-116.4525
33939,-115.75182
33940,-115.44566
33941,-115.5508
33942,-115.87665
33943,-116.25703
33944,-116.54416
33945,-116.59032
33946,-116.247734
33947,-115.36851
33948,-113.8045
33949,-111.40737
33950,-110.289314
33951,-112.29994
33952,-112.905014
33953,-113.35044
33954,-113.679504
33955,-113.9355
33956,-114.16178
33957,-114.40166
33958,-114.69848
33959,-115.09557
33960,-115.619514
33961,-116.20158
33962,-116.654
33963,-116.803024
33964,-116.48536
33965,-115.5732
33966,-114.14117
33967,-112.517555
33968,-111.001366
33969,-109.86927
33970,-109.35764
33971,-109.473946
33972,-109.93976
33973,-110.51067
33974,-110.96782
33975,-111.11051
33976,-110.84059
33977,-110.188194
33978,-109.16819
33979,-107.78409
33980,-106.0595
33981,-104.13241
33982,-102.28389
33983,-100.778175
33984,-99.866646
33985,-99.76022
33986,-100.44088
33987,-101.60487
33988,-102.98297
33989,-104.33171
33990,-105.43356
33991,-106.217926
33992,-106.797585
33993,-107.26324
33994,-107.68928
33995,-108.1501
33996,-108.72011
33997,-109.47372
33998,-110.48526
33999,-111.82911
34000,-112.56723
34001,-111.781235
34002,-111.36141
34003,-110.87443
34004,-110.34999
34005,-109.81782
34006,-109.307625
34007,-108.84914
34008,-108.47204
34009,-108.20605
34010,-108.079704
34011,-108.114685
34012,-108.324295
34013,-108.72273
34014,-109.32504
34015,-110.13105
34016,-111.05459
34017,-111.902084
34018,-112.492744
34019,-112.6554
34020,-112.252846
34021,-111.342125
34022,-110.22347
34023,-109.16867
34024,-108.42807
34025,-108.212326
34026,-108.50661
34027,-109.01445
34028,-109.47299
34029,-109.64449
34030,-109.33011
34031,-108.55201
34032,-107.60885
34033,-106.76666
34034,-106.26698
34035,-106.31901
34036,-106.94828
34037,-107.95098
34038,-109.150795
34039,-110.391884
34040,-111.53249
34041,-112.50976
34042,-113.35951
34043,-114.10577
34044,-114.76376
34045,-115.34877
34046,-115.876015
34047,-116.36078
34048,-116.81834
34049,-117.26391
34050,-116.38952
34051,-113.62844
34052,-112.54714
34053,-111.95578
34054,-111.74103
34055,-111.789734
34056,-111.98888
34057,-112.22557
34058,-112.38696
34059,-112.36022
34060,-112.05119
34061,-111.47212
34062,-110.76827
34063,-110.06933
34064,-109.49318
34065,-109.13547
34066,-108.96547
34067,-108.79443
34068,-108.45239
34069,-107.783356
34070,-106.66451
34071,-105.161736
34072,-103.57701
34073,-102.18454
34074,-101.23749
34075,-100.94836
34076,-101.299164
34077,-101.984215
34078,-102.73244
34079,-103.29857
34080,-103.47359
34081,-103.25376
34082,-102.8919
34083,-102.61016
34084,-102.60786
34085,-103.049934
34086,-103.90615
34087,-104.90264
34088,-105.79485
34089,-106.360085
34090,-106.40762
34091,-105.92898
34092,-105.143456
34093,-104.24324
34094,-103.400444
34095,-102.787094
34096,-102.57531
34097,-102.93702
34098,-104.044014
34099,-106.06787
34100,-106.76033
34101,-104.10305
34102,-102.89241
34103,-101.90499
34104,-101.15633
34105,-100.66202
34106,-100.43766
34107,-100.4988
34108,-100.86102
34109,-101.53988
34110,-102.54322
34111,-103.83506
34112,-105.32467
34113,-106.92801
34114,-108.565956
34115,-110.15062
34116,-111.54421
34117,-112.54659
34118,-112.965
34119,-112.61198
34120,-111.35254
34121,-109.35177
34122,-107.15086
34123,-105.247505
34124,-104.10614
34125,-104.120255
34126,-105.281906
34127,-107.08242
34128,-109.07351
34129,-110.852066
34130,-112.05986
34131,-112.59133
34132,-112.65657
34133,-112.428055
34134,-112.05036
34135,-111.65437
34136,-111.29273
34137,-110.92006
34138,-110.50253
34139,-110.01505
34140,-109.43855
34141,-108.788475
34142,-108.123375
34143,-107.49674
34144,-106.95824
34145,-106.557465
34146,-106.34407
34147,-106.36767
34148,-106.67781
34149,-107.32408
34150,-107.48959
34151,-106.63456
34152,-106.762314
34153,-107.21643
34154,-107.927055
34155,-108.82433
34156,-109.83852
34157,-110.899826
34158,-111.93858
34159,-112.88507
34160,-113.670456
34161,-114.23067
34162,-114.507675
34163,-114.442665
34164,-113.976234
34165,-113.06657
34166,-111.772
34167,-110.276505
34168,-108.749374
34169,-107.34895
34170,-106.2246
34171,-105.474915
34172,-105.135
34173,-105.247444
34174,-105.8604
34175,-106.99878
34176,-108.55585
34177,-110.260506
34178,-111.86159
34179,-113.12267
34180,-113.837875
34181,-113.97442
34182,-113.7161
34183,-113.22112
34184,-112.62867
34185,-112.06745
34186,-111.60648
34187,-111.240074
34188,-110.971275
34189,-110.80978
34190,-110.76103
34191,-110.80626
34192,-110.89653
34193,-110.98644
34194,-111.0333
34195,-110.99442
34196,-110.82709
34197,-110.48862
34198,-109.93628
34199,-109.1273
34200,-108.51714
34201,-108.65601
34202,-108.7871
34203,-109.064735
34204,-109.47793
34205,-110.01567
34206,-110.66696
34207,-111.420845
34208,-112.26629
34209,-113.192345
34210,-114.174034
34211,-115.10695
34212,-115.78734
34213,-116.023254
34214,-115.63133
34215,-114.47375
34216,-112.67282
34217,-110.67701
34218,-108.89717
34219,-107.71544
34220,-107.460526
34221,-108.15868
34222,-109.4587
34223,-111.05445
34224,-112.67386
34225,-114.06323
34226,-115.07207
34227,-115.67867
34228,-115.845894
34229,-115.52506
34230,-114.688286
34231,-113.42649
34232,-111.979294
34233,-110.569176
34234,-109.40557
34235,-108.66808
34236,-108.36731
34237,-108.30248
34238,-108.29791
34239,-108.19676
34240,-107.865135
34241,-107.29915
34242,-106.65755
34243,-106.07983
34244,-105.691
34245,-105.616066
34246,-105.97996
34247,-106.907524
34248,-108.52342
34249,-110.95211
34250,-112.7082
34251,-112.05935
34252,-111.574585
34253,-110.82286
34254,-109.91549
34255,-108.963936
34256,-108.079666
34257,-107.37421
34258,-106.95902
34259,-106.94552
34260,-107.423
34261,-108.35574
34262,-109.55186
34263,-110.83816
34264,-112.05557
34265,-113.05341
34266,-113.72876
34267,-114.03833
34268,-113.9316
34269,-113.35273
34270,-112.26824
34271,-110.77237
34272,-109.11932
34273,-107.54472
34274,-106.27014
34275,-105.49099
34276,-105.254456
34277,-105.42267
34278,-105.879776
34279,-106.52646
34280,-107.26456
34281,-108.001724
34282,-108.652916
34283,-109.13224
34284,-109.35313
34285,-109.24352
34286,-108.814064
34287,-108.17888
34288,-107.439835
34289,-106.68965
34290,-106.01227
34291,-105.44141
34292,-104.948074
34293,-104.510735
34294,-104.113396
34295,-103.74009
34296,-103.37487
34297,-103.00174
34298,-102.60478
34299,-102.168
34300,-103.7055
34301,-113.01242
34302,-109.51275
34303,-110.12747
34304,-110.05859
34305,-109.50847
34306,-108.67984
34307,-107.77572
34308,-106.9993
34309,-106.553795
34310,-106.61009
34311,-107.15547
34312,-107.94802
34313,-108.77328
34314,-109.437294
34315,-109.774086
34316,-109.776405
34317,-109.63544
34318,-109.51881
34319,-109.57655
34320,-109.931114
34321,-110.54826
34322,-111.19793
34323,-111.67346
34324,-111.78555
34325,-111.38238
34326,-110.52534
34327,-109.54274
34328,-108.7316
34329,-108.36528
34330,-108.67248
34331,-109.62844
34332,-110.89196
34333,-112.15975
34334,-113.15691
34335,-113.643166
34336,-113.574684
34337,-113.15328
34338,-112.5518
34339,-111.92146
34340,-111.39985
34341,-111.046745
34342,-110.82459
34343,-110.70728
34344,-110.67738
34345,-110.71746
34346,-110.810036
34347,-110.93768
34348,-111.082985
34349,-111.22849
34350,-111.61009
34351,-112.41036
34352,-113.054596
34353,-113.62647
34354,-114.07647
34355,-114.35501
34356,-114.41253
34357,-114.19943
34358,-113.6661
34359,-112.762825
34360,-111.46139
34361,-109.85569
34362,-108.19259
34363,-106.7012
34364,-105.59701
34365,-105.06297
34366,-105.097595
34367,-105.469
34368,-105.97289
34369,-106.42558
34370,-106.66538
34371,-106.65475
34372,-106.51145
34373,-106.334694
34374,-106.2099
34375,-106.212425
34376,-106.36042
34377,-106.60059
34378,-106.888145
34379,-107.18467
34380,-107.453575
34381,-107.66868
34382,-107.816795
34383,-107.883125
34384,-107.851776
34385,-107.71029
34386,-107.466
34387,-107.15092
34388,-106.794106
34389,-106.42248
34390,-106.06379
34391,-105.75083
34392,-105.52264
34393,-105.41746
34394,-105.473045
34395,-105.72709
34396,-106.21726
34397,-106.981255
34398,-108.056694
34399,-109.48117
34400,-110.67382
34401,-110.918396
34402,-111.15087
34403,-111.29218
34404,-111.429535
34405,-111.65014
34406,-112.0412
34407,-112.68991
34408,-113.68339
34409,-115.108696
34410,-117.01111
34411,-119.19926
34412,-121.18632
34413,-122.52091
34414,-122.77754
34415,-121.61154
34416,-119.142624
34417,-121.074005
34418,-118.04356
34419,-115.6388
34420,-109.37416
34421,-109.34965
34422,-110.14768
34423,-111.412056
34424,-112.83306
34425,-114.118614
34426,-115.074265
34427,-115.627304
34428,-115.69042
34429,-115.165375
34430,-113.98605
34431,-112.27025
34432,-110.3661
34433,-108.59523
34434,-107.25899
34435,-106.625854
34436,-106.77833
34437,-107.56669
34438,-108.86879
34439,-110.58329
34440,-112.60224
34441,-114.77944
34442,-116.92101
34443,-118.83889
34444,-120.34934
34445,-121.2685
34446,-121.412186
34447,-120.5958
34448,-118.634224
34449,-120.34164
34450,-113.95744
34451,-117.22966
34452,-118.14682
34453,-118.64024
34454,-118.773766
34455,-118.61128
34456,-118.216774
34457,-117.65428
34458,-116.98792
34459,-116.281815
34460,-115.59239
34461,-114.93197
34462,-114.25773
34463,-113.533264
34464,-112.72705
34465,-111.810356
34466,-110.770355
34467,-109.61404
34468,-108.34608
34469,-106.969444
34470,-105.50538
34471,-104.07956
34472,-102.948166
34473,-102.3519
34474,-102.51958
34475,-103.62447
34476,-105.52506
34477,-107.68717
34478,-109.6244
34479,-110.88577
34480,-111.084175
34481,-110.195724
34482,-108.65118
34483,-106.82787
34484,-105.063354
34485,-103.65996
34486,-102.71861
34487,-102.0885
34488,-101.64865
34489,-101.30064
34490,-100.95438
34491,-100.5676
34492,-100.157486
34493,-99.73419
34494,-99.30246
34495,-98.8671
34496,-98.43291
34497,-98.004654
34498,-97.587135
34499,-97.18513
34500,-99.3027
34501,-109.88381
34502,-111.98508
34503,-108.02361
34504,-108.26293
34505,-107.96684
34506,-107.39969
34507,-106.82611
34508,-106.511024
34509,-106.71928
34510,-107.65974
34511,-109.2235
34512,-110.90529
34513,-112.2476
34514,-112.82847
34515,-112.29717
34516,-110.71014
34517,-108.633736
34518,-106.57514
34519,-104.9968
34520,-104.30204
34521,-104.55833
34522,-105.4138
34523,-106.56679
34524,-107.753265
34525,-108.74119
34526,-109.47904
34527,-110.14075
34528,-110.87322
34529,-111.80336
34530,-113.02884
34531,-114.48164
34532,-115.88685
34533,-116.994225
34534,-117.57197
34535,-117.43001
34536,-116.61678
34537,-115.479515
34538,-114.33086
34539,-113.457306
34540,-113.10878
34541,-113.32699
34542,-113.89335
34543,-114.620056
34544,-115.342476
34545,-115.89611
34546,-116.11644
34547,-115.83883
34548,-114.89847
34549,-113.13027
34550,-111.29283
34551,-110.78537
34552,-110.88381
34553,-111.45231
34554,-112.35143
34555,-113.44199
34556,-114.58489
34557,-115.641136
34558,-116.47179
34559,-116.93783
34560,-116.91683
34561,-116.380806
34562,-115.41996
34563,-114.11082
34564,-112.51944
34565,-110.72058
34566,-108.83796
34567,-107.056404
34568,-105.55361
34569,-104.501785
34570,-104.04603
34571,-104.17835
34572,-104.69959
34573,-105.4335
34574,-106.221016
34575,-106.91779
34576,-107.462845
34577,-107.89921
34578,-108.25748
34579,-108.55897
34580,-108.82131
34581,-109.04093
34582,-109.187874
34583,-109.23537
34584,-109.158875
34585,-108.94662
34586,-108.65865
34587,-108.44497
34588,-108.44487
34589,-108.78969
34590,-109.58699
34591,-110.80996
34592,-112.26397
34593,-113.77456
34594,-115.1823
34595,-116.32779
34596,-117.05163
34597,-117.19424
34598,-116.59581
34599,-115.096214
34600,-113.82065
34601,-113.77788
34602,-112.46922
34603,-110.77735
34604,-108.85905
34605,-106.87124
34606,-104.97095
34607,-103.31521
34608,-102.060936
34609,-101.3649
34610,-101.36024
34611,-102.04608
34612,-103.25445
34613,-104.837494
34614,-106.662384
34615,-108.59548
34616,-110.49774
34617,-112.22331
34618,-113.627266
34619,-114.56514
34620,-114.91877
34621,-114.719734
34622,-114.187065
34623,-113.51786
34624,-112.89278
34625,-112.4646
34626,-112.227196
34627,-111.975655
34628,-111.52846
34629,-110.72173
34630,-109.43569
34631,-107.80194
34632,-106.26669
34633,-105.239334
34634,-105.10109
34635,-106.15935
34636,-108.30434
34637,-110.90595
34638,-113.39735
34639,-115.25879
34640,-116.03452
34641,-115.63129
34642,-114.4094
34643,-112.676025
34644,-110.6987
34645,-108.74543
34646,-107.084366
34647,-105.983574
34648,-105.71082
34649,-106.53349
34650,-107.26814
34651,-106.580956
34652,-106.90589
34653,-107.53286
34654,-108.388435
34655,-109.39928
34656,-110.492096
34657,-111.59364
34658,-112.63063
34659,-113.52987
34660,-114.22331
34661,-114.672516
34662,-114.87604
34663,-114.82802
34664,-114.51933
34665,-113.954216
34666,-113.21306
34667,-112.47152
34668,-111.89416
34669,-111.63709
34670,-111.82611
34671,-112.414986
34672,-113.14259
34673,-113.77341
34674,-114.09105
34675,-113.91414
34676,-113.26038
34677,-112.39674
34678,-111.56098
34679,-110.96893
34680,-110.79721
34681,-110.99961
34682,-111.25155
34683,-111.26146
34684,-110.76248
34685,-109.54014
34686,-107.67813
34687,-105.633766
34688,-103.8207
34689,-102.61954
34690,-102.36028
34691,-103.08674
34692,-104.48555
34693,-106.28636
34694,-108.25092
34695,-110.1413
34696,-111.71965
34697,-112.748215
34698,-112.98898
34699,-112.20351
34700,-112.22815
34701,-114.84799
34702,-116.16206
34703,-117.198494
34704,-117.976845
34705,-118.5167
34706,-118.83763
34707,-118.95922
34708,-118.90109
34709,-118.68286
34710,-118.33305
34711,-117.93085
34712,-117.61882
34713,-117.53216
34714,-117.80041
34715,-118.51796
34716,-119.579834
34717,-120.631996
34718,-121.34979
34719,-121.430626
34720,-120.6285
34721,-119.02098
34722,-117.09155
34723,-115.27749
34724,-113.98062
34725,-113.541954
34726,-113.95741
34727,-114.791725
34728,-115.66072
34729,-116.21878
34730,-116.17275
34731,-115.52698
34732,-114.658195
34733,-113.89974
34734,-113.55217
34735,-113.864006
34736,-114.78902
34737,-115.91257
34738,-116.863846
34739,-117.30489
34740,-116.94957
34741,-115.80712
34742,-114.256805
34743,-112.6351
34744,-111.24611
34745,-110.39392
34746,-110.382385
34747,-111.51482
34748,-114.09376
34749,-123.420395
34750,-126.221985
34751,-119.1329
34752,-118.52977
34753,-117.90108
34754,-117.29077
34755,-116.74276
34756,-116.30099
34757,-116.00934
34758,-115.91173
34759,-116.05202
34760,-116.46106
34761,-117.095726
34762,-117.82055
34763,-118.51091
34764,-119.05046
34765,-119.33656
34766,-119.3447
34767,-119.14803
34768,-118.808334
34769,-118.37879
34770,-117.91054
34771,-117.44311
34772,-117.00151
34773,-116.61241
34774,-116.30378
34775,-116.09645
34776,-115.970894
34777,-115.857025
34778,-115.6907
34779,-115.412224
34780,-114.97492
34781,-114.40602
34782,-113.82532
34783,-113.341736
34784,-113.05606
34785,-113.05009
34786,-113.298164
34787,-113.640236
34788,-113.93221
34789,-114.04188
34790,-113.854866
34791,-113.358116
34792,-112.665344
34793,-111.87535
34794,-111.075775
34795,-110.3543
34796,-109.79857
34797,-109.49624
34798,-109.53488
34799,-110.00202
34800,-110.39482
34801,-110.18111
34802,-110.384094
34803,-110.67323
34804,-110.9972
34805,-111.30467
34806,-111.54431
34807,-111.66478
34808,-111.61477
34809,-111.342896
34810,-110.82336
34811,-110.17561
34812,-109.700874
34813,-109.67898
34814,-110.37342
34815,-111.99229
34816,-114.43068
34817,-122.193184
34818,-124.83179
34819,-121.93371
34820,-123.12993
34821,-123.299866
34822,-122.633675
34823,-121.2852
34824,-119.38118
34825,-117.0646
34826,-114.56927
34827,-112.24268
34828,-110.41932
34829,-109.42336
34830,-109.513916
34831,-110.5826
34832,-112.062675
34833,-113.442406
34834,-114.25143
34835,-114.08961
34836,-112.95635
34837,-111.35127
34838,-109.715775
34839,-108.447365
34840,-107.89483
34841,-108.12977
34842,-108.877426
34843,-109.90428
34844,-111.00782
34845,-111.98572
34846,-112.6357
34847,-112.75541
34848,-112.14227
34849,-110.593346
34850,-109.83342
34851,-111.621956
34852,-112.494965
34853,-113.389175
34854,-114.35225
34855,-115.43181
34856,-116.675476
34857,-118.13081
34858,-119.84541
34859,-121.86677
34860,-124.21721
34861,-126.77642
34862,-129.24597
34863,-131.34865
34864,-132.82294
34865,-133.44438
34866,-133.20117
34867,-132.34822
34868,-131.11052
34869,-129.6902
34870,-128.2732
34871,-126.951584
34872,-125.69962
34873,-124.50477
34874,-123.36481
34875,-122.27906
34876,-121.25537
34877,-120.31237
34878,-119.467415
34879,-118.73694
34880,-118.13457
34881,-117.65821
34882,-117.286
34883,-116.99839
34884,-116.7776
34885,-116.603134
34886,-116.439445
34887,-116.23201
34888,-115.928505
34889,-115.47834
34890,-114.84081
34891,-114.03176
34892,-113.13786
34893,-112.23753
34894,-111.40294
34895,-110.70622
34896,-110.21951
34897,-110.01491
34898,-110.16449
34899,-110.74024
34900,-111.56748
34901,-111.9003
34902,-111.32684
34903,-110.27653
34904,-108.90032
34905,-107.34943
34906,-105.77522
34907,-104.329124
34908,-103.1625
34909,-102.42667
34910,-102.254524
34911,-102.67486
34912,-103.58638
34913,-104.903496
34914,-106.55218
34915,-108.451935
34916,-110.48491
34917,-112.48662
34918,-114.29831
34919,-115.765434
34920,-116.75108
34921,-117.219055
34922,-117.25906
34923,-116.945946
34924,-116.343445
34925,-115.52686
34926,-114.63661
34927,-113.89463
34928,-113.51338
34929,-113.698006
34930,-114.60378
34931,-116.104004
34932,-117.71989
34933,-119.01476
34934,-119.583405
34935,-119.08492
34936,-117.54642
34937,-115.456375
34938,-113.25049
34939,-111.324356
34940,-110.03164
34941,-109.486916
34942,-109.50585
34943,-109.93924
34944,-110.66457
34945,-111.55953
34946,-112.50182
34947,-113.36928
34948,-114.03974
34949,-114.391014
34950,-114.36713
34951,-114.014755
34952,-113.367744
34953,-112.53962
34954,-111.616295
34955,-110.68374
34956,-109.82794
34957,-109.13486
34958,-108.69045
34959,-108.58064
34960,-108.87137
34961,-109.515366
34962,-110.324
34963,-111.125595
34964,-111.761055
34965,-112.08949
34966,-112.07304
34967,-111.80262
34968,-111.35397
34969,-110.791435
34970,-110.183716
34971,-109.624626
34972,-109.23923
34973,-109.14885
34974,-109.472
34975,-110.29045
34976,-111.47775
34977,-112.64749
34978,-113.44439
34979,-113.53632
34980,-112.65444
34981,-110.89148
34982,-108.79336
34983,-106.8535
34984,-105.525475
34985,-105.1972
34986,-105.88452
34987,-107.13892
34988,-108.56766
34989,-109.819725
34990,-110.58581
34991,-110.79209
34992,-110.65897
34993,-110.37186
34994,-110.090096
34995,-109.97313
34996,-110.18041
34997,-110.87123
34998,-112.20482
34999,-114.34008
35000,-116.0051
35001,-115.86035
35002,-116.40054
35003,-116.946144
35004,-117.45351
35005,-117.87901
35006,-118.17903
35007,-118.309944
35008,-118.22805
35009,-117.88969
35010,-117.26048
35011,-116.35943
35012,-115.27221
35013,-114.07683
35014,-112.84544
35015,-111.65377
35016,-110.597755
35017,-109.79865
35018,-109.37467
35019,-109.44168
35020,-110.08969
35021,-111.26213
35022,-112.71952
35023,-114.24434
35024,-115.63553
35025,-116.71661
35026,-117.45055
35027,-117.97453
35028,-118.40518
35029,-118.8437
35030,-119.3747
35031,-119.98846
35032,-120.55718
35033,-120.966934
35034,-121.11418
35035,-120.913605
35036,-120.383835
35037,-119.67366
35038,-118.91683
35039,-118.23573
35040,-117.73885
35041,-117.45571
35042,-117.31696
35043,-117.2648
35044,-117.25013
35045,-117.223915
35046,-117.137115
35047,-116.94066
35048,-116.58552
35049,-116.02259
35050,-115.22016
35051,-114.20338
35052,-113.05219
35053,-111.86124
35054,-110.713196
35055,-109.69075
35056,-108.8766
35057,-108.353355
35058,-108.20362
35059,-108.50987
35060,-109.3291
35061,-110.573425
35062,-111.97414
35063,-113.28432
35064,-114.27327
35065,-114.74362
35066,-114.687515
35067,-114.33414
35068,-113.88488
35069,-113.520195
35070,-113.40114
35071,-113.577965
35072,-113.96243
35073,-114.4826
35074,-115.07884
35075,-115.69142
35076,-116.259796
35077,-116.72231
35078,-117.01747
35079,-117.08387
35080,-116.87037
35081,-116.38496
35082,-115.709435
35083,-114.917015
35084,-114.07443
35085,-113.24942
35086,-112.51545
35087,-111.952995
35088,-111.64176
35089,-111.66072
35090,-112.07168
35091,-112.839
35092,-113.805374
35093,-114.82798
35094,-115.77491
35095,-116.51428
35096,-116.91417
35097,-116.84255
35098,-116.16727
35099,-114.7559
35100,-114.555046
35101,-116.90145
35102,-117.07074
35103,-116.60222
35104,-115.66119
35105,-114.41334
35106,-113.02463
35107,-111.661194
35108,-110.48923
35109,-109.67489
35110,-109.360016
35111,-109.54874
35112,-110.07321
35113,-110.78602
35114,-111.555115
35115,-112.26565
35116,-112.8996
35117,-113.559975
35118,-114.33546
35119,-115.30393
35120,-116.521286
35121,-117.918755
35122,-119.27177
35123,-120.374275
35124,-121.03407
35125,-121.09078
35126,-120.566185
35127,-119.71023
35128,-118.746544
35129,-117.87891
35130,-117.293144
35131,-117.07284
35132,-117.17358
35133,-117.56589
35134,-118.23153
35135,-119.13585
35136,-120.15048
35137,-121.02996
35138,-121.542656
35139,-121.467125
35140,-120.61816
35141,-119.01771
35142,-116.9476
35143,-114.66009
35144,-112.38487
35145,-110.35178
35146,-108.79053
35147,-107.93058
35148,-108.00108
35149,-109.230705
35150,-109.68321
35151,-107.68827
35152,-107.601036
35153,-108.05929
35154,-108.91841
35155,-110.033966
35156,-111.2617
35157,-112.45745
35158,-113.47715
35159,-114.17668
35160,-114.443115
35161,-114.34071
35162,-114.15558
35163,-114.147766
35164,-114.55773
35165,-115.58044
35166,-117.15341
35167,-118.89256
35168,-120.452255
35169,-121.51548
35170,-121.810265
35171,-121.32098
35172,-120.3531
35173,-119.17512
35174,-118.02753
35175,-117.1229
35176,-116.51379
35177,-116.05249
35178,-115.61457
35179,-115.09335
35180,-114.40004
35181,-113.54775
35182,-112.67711
35183,-111.9138
35184,-111.3723
35185,-111.145805
35186,-111.20711
35187,-111.37857
35188,-111.50034
35189,-111.42602
35190,-111.031204
35191,-110.31692
35192,-109.44111
35193,-108.543236
35194,-107.74891
35195,-107.18371
35196,-106.97319
35197,-107.2428
35198,-108.1179
35199,-109.72365
35200,-109.92518
35201,-107.398735
35202,-107.487915
35203,-108.34852
35204,-109.73769
35205,-111.41312
35206,-113.13284
35207,-114.65513
35208,-115.738304
35209,-116.14061
35210,-115.663414
35211,-114.35514
35212,-112.57392
35213,-110.642136
35214,-108.85518
35215,-107.48489
35216,-106.66868
35217,-106.37587
35218,-106.59553
35219,-107.33159
35220,-108.56654
35221,-110.160545
35222,-111.82121
35223,-113.274574
35224,-114.26044
35225,-114.55572
35226,-114.149284
35227,-113.29511
35228,-112.216194
35229,-111.1122
35230,-110.165146
35231,-109.45564
35232,-108.93749
35233,-108.579414
35234,-108.36135
35235,-108.26368
35236,-108.26875
35237,-108.36154
35238,-108.5267
35239,-108.748665
35240,-109.012344
35241,-109.30535
35242,-109.61873
35243,-109.94308
35244,-110.26872
35245,-110.58596
35246,-110.88511
35247,-111.15648
35248,-111.39042
35249,-111.5772
35250,-112.42799
35251,-114.15719
35252,-114.68051
35253,-114.738335
35254,-114.4166
35255,-113.80138
35256,-112.97884
35257,-112.03525
35258,-111.05692
35259,-110.1302
35260,-109.32765
35261,-108.643295
35262,-107.97302
35263,-107.22429
35264,-106.31326
35265,-105.17281
35266,-103.83061
35267,-102.4329
35268,-101.11188
35269,-99.98926
35270,-99.17661
35271,-98.728676
35272,-98.629036
35273,-98.86981
35274,-99.4495
35275,-100.35492
35276,-101.50691
35277,-102.743866
35278,-103.91421
35279,-104.87375
35280,-105.505615
35281,-105.84816
35282,-106.13369
35283,-106.57125
35284,-107.35266
35285,-108.63179
35286,-110.347374
35287,-112.16964
35288,-113.80123
35289,-114.968834
35290,-115.435555
35291,-115.172005
35292,-114.408485
35293,-113.3449
35294,-112.15833
35295,-111.02607
35296,-110.12542
35297,-109.63369
35298,-109.72801
35299,-110.58532
35300,-113.000694
35301,-121.49579
35302,-117.985344
35303,-118.66551
35304,-118.67292
35305,-118.14446
35306,-117.21733
35307,-116.02903
35308,-114.71726
35309,-113.41981
35310,-112.27128
35311,-111.38778
35312,-110.86223
35313,-110.79016
35314,-111.26904
35315,-112.35961
35316,-113.914566
35317,-115.526924
35318,-116.8209
35319,-117.44393
35320,-117.102036
35321,-115.83607
35322,-114.106544
35323,-112.3256
35324,-110.868744
35325,-110.06525
35326,-109.98125
35327,-110.35393
35328,-110.95941
35329,-111.60323
35330,-112.11184
35331,-112.42997
35332,-112.65003
35333,-112.84697
35334,-113.0826
35335,-113.41007
35336,-113.83345
35337,-114.29533
35338,-114.745544
35339,-115.13945
35340,-115.43696
35341,-115.62414
35342,-115.71977
35343,-115.73874
35344,-115.69307
35345,-115.594795
35346,-115.455925
35347,-115.2885
35348,-115.10453
35349,-114.91605
35350,-115.05286
35351,-115.560165
35352,-115.4411
35353,-115.12473
35354,-114.70005
35355,-114.25612
35356,-113.88204
35357,-113.666885
35358,-113.69973
35359,-114.0696
35360,-114.84272
35361,-115.95588
35362,-117.18438
35363,-118.32272
35364,-119.179825
35365,-119.58686
35366,-119.501495
35367,-119.03974
35368,-118.29916
35369,-117.36337
35370,-116.31146
35371,-115.195984
35372,-114.03633
35373,-112.855705
35374,-111.68028
35375,-110.53725
35376,-109.459564
35377,-108.48738
35378,-107.66003
35379,-107.01616
35380,-106.58693
35381,-106.36109
35382,-106.274345
35383,-106.26867
35384,-106.29084
35385,-106.29277
35386,-106.25565
35387,-106.19725
35388,-106.131
35389,-106.06704
35390,-106.01883
35391,-106.018654
35392,-106.12219
35393,-106.3824
35394,-106.850075
35395,-107.57601
35396,-108.610985
35397,-110.00567
35398,-111.810745
35399,-114.07678
35400,-115.1366
35401,-113.71406
35402,-113.5423
35403,-113.58346
35404,-113.81055
35405,-114.1966
35406,-114.714676
35407,-115.33784
35408,-116.03918
35409,-116.79176
35410,-117.55761
35411,-118.235634
35412,-118.64594
35413,-118.61778
35414,-117.98727
35415,-116.63346
35416,-114.68088
35417,-112.56185
35418,-110.673515
35419,-109.38589
35420,-109.00992
35421,-109.52206
35422,-110.48121
35423,-111.49614
35424,-112.21312
35425,-112.324165
35426,-111.78065
35427,-110.85841
35428,-109.79503
35429,-108.79954
35430,-108.06199
35431,-107.66394
35432,-107.5514
35433,-107.6864
35434,-108.04304
35435,-108.59401
35436,-109.30414
35437,-110.12833
35438,-111.02274
35439,-111.94438
35440,-112.85396
35441,-113.73322
35442,-114.59003
35443,-115.42921
35444,-116.25321
35445,-117.064514
35446,-117.86557
35447,-118.65885
35448,-119.44683
35449,-120.23198
35450,-119.74775
35451,-117.57957
35452,-117.33197
35453,-117.65484
35454,-118.3433
35455,-119.19288
35456,-119.99943
35457,-120.55882
35458,-120.667
35459,-120.11964
35460,-118.76062
35461,-116.70942
35462,-114.43135
35463,-112.35241
35464,-110.86826
35465,-110.30979
35466,-110.640656
35467,-111.366066
35468,-112.0458
35469,-112.28077
35470,-111.74003
35471,-110.480286
35472,-109.04345
35473,-107.91474
35474,-107.53644
35475,-108.27874
35476,-110.10426
35477,-112.46711
35478,-114.88274
35479,-116.91263
35480,-118.17362
35481,-118.59575
35482,-118.50065
35483,-118.163864
35484,-117.826614
35485,-117.70251
35486,-117.846985
35487,-118.11764
35488,-118.39518
35489,-118.57785
35490,-118.57707
35491,-118.378975
35492,-118.0633
35493,-117.69884
35494,-117.34614
35495,-117.06578
35496,-116.9183
35497,-116.96427
35498,-117.264206
35499,-117.87858
35500,-116.320885
35501,-116.3538
35502,-109.564606
35503,-108.76932
35504,-108.752
35505,-109.297615
35506,-110.19167
35507,-111.22002
35508,-112.1687
35509,-112.823906
35510,-113.0071
35511,-112.74052
35512,-112.29755
35513,-111.92205
35514,-111.835724
35515,-112.22492
35516,-113.075676
35517,-114.12367
35518,-115.134415
35519,-115.89577
35520,-116.22427
35521,-116.09977
35522,-115.70625
35523,-115.20386
35524,-114.73467
35525,-114.425995
35526,-114.3204
35527,-114.35452
35528,-114.47746
35529,-114.64769
35530,-114.82441
35531,-114.97066
35532,-115.05445
35533,-115.04311
35534,-114.90362
35535,-114.612335
35536,-114.199455
35537,-113.76238
35538,-113.39071
35539,-113.16802
35540,-113.16663
35541,-113.39464
35542,-113.779854
35543,-114.259575
35544,-114.77824
35545,-115.28033
35546,-115.7103
35547,-116.01264
35548,-116.1318
35549,-116.01221
35550,-114.610374
35551,-111.77959
35552,-110.700325
35553,-110.21398
35554,-110.17912
35555,-110.454636
35556,-110.89958
35557,-111.37319
35558,-111.73474
35559,-111.84351
35560,-111.5839
35561,-110.983
35562,-110.24654
35563,-109.55921
35564,-109.08994
35565,-108.97972
35566,-109.21082
35567,-109.5672
35568,-109.85646
35569,-109.90385
35570,-109.56412
35571,-108.85979
35572,-108.02325
35573,-107.26212
35574,-106.76545
35575,-106.691635
35576,-107.025215
35577,-107.53348
35578,-108.00974
35579,-108.26665
35580,-108.147095
35581,-107.665565
35582,-107.05107
35583,-106.507256
35584,-106.21868
35585,-106.338524
35586,-106.84146
35587,-107.47928
35588,-108.03048
35589,-108.29346
35590,-108.09618
35591,-107.43505
35592,-106.51707
35593,-105.52434
35594,-104.620285
35595,-103.96839
35596,-103.732056
35597,-104.07462
35598,-105.15923
35599,-107.14876
35600,-109.52508
35601,-111.01813
35602,-111.70848
35603,-111.86211
35604,-111.5816
35605,-110.96962
35606,-110.12902
35607,-109.16279
35608,-108.17392
35609,-107.26549
35610,-106.53096
35611,-106.0093
35612,-105.671326
35613,-105.49595
35614,-105.46811
35615,-105.570045
35616,-105.76823
35617,-106.009476
35618,-106.24294
35619,-106.41961
35620,-106.49761
35621,-106.47607
35622,-106.40536
35623,-106.32972
35624,-106.288864
35625,-106.32105
35626,-106.45658
35627,-106.715775
35628,-107.12006
35629,-107.69184
35630,-108.44352
35631,-109.33107
35632,-110.24001
35633,-111.064285
35634,-111.70415
35635,-112.07904
35636,-112.21786
35637,-112.28621
35638,-112.43357
35639,-112.79729
35640,-113.49207
35641,-114.50443
35642,-115.66059
35643,-116.80586
35644,-117.799835
35645,-118.50213
35646,-118.77227
35647,-118.46963
35648,-117.453354
35649,-115.58231
35650,-114.324486
35651,-115.17111
35652,-115.208565
35653,-115.1466
35654,-114.97418
35655,-114.68032
35656,-114.253975
35657,-113.684105
35658,-112.959694
35659,-112.06969
35660,-111.011375
35661,-109.82933
35662,-108.62734
35663,-107.50224
35664,-106.54565
35665,-105.84823
35666,-105.495705
35667,-105.567505
35668,-106.14378
35669,-107.30511
35670,-109.099525
35671,-111.39108
35672,-113.81414
35673,-116.031075
35674,-117.72495
35675,-118.62344
35676,-118.70834
35677,-118.27934
35678,-117.59905
35679,-116.902214
35680,-116.39524
35681,-116.12167
35682,-115.921394
35683,-115.65803
35684,-115.213264
35685,-114.49073
35686,-113.51908
35687,-112.48334
35688,-111.55039
35689,-110.8732
35690,-110.58478
35691,-110.704735
35692,-111.11093
35693,-111.69804
35694,-112.3734
35695,-113.04436
35696,-113.61834
35697,-114.002754
35698,-114.10496
35699,-113.8323
35700,-113.29969
35701,-112.75273
35702,-112.02266
35703,-111.22448
35704,-110.4188
35705,-109.66626
35706,-109.027466
35707,-108.56305
35708,-108.33359
35709,-108.399635
35710,-108.80612
35711,-109.50935
35712,-110.35491
35713,-111.2016
35714,-111.91818
35715,-112.38722
35716,-112.569756
35717,-112.5249
35718,-112.30016
35719,-111.93436
35720,-111.46886
35721,-110.959526
35722,-110.48034
35723,-110.10314
35724,-109.898186
35725,-109.91993
35726,-110.13344
35727,-110.392006
35728,-110.5622
35729,-110.52057
35730,-110.16698
35731,-109.5343
35732,-108.82166
35733,-108.208626
35734,-107.86004
35735,-107.91704
35736,-108.38669
35737,-109.10856
35738,-109.94215
35739,-110.76201
35740,-111.453384
35741,-111.96235
35742,-112.31096
35743,-112.512146
35744,-112.57217
35745,-112.49727
35746,-112.29366
35747,-111.9676
35748,-111.525314
35749,-110.97304
35750,-111.53324
35751,-113.71005
35752,-114.196785
35753,-114.15219
35754,-113.715034
35755,-113.02438
35756,-112.21946
35757,-111.4396
35758,-110.824196
35759,-110.512596
35760,-110.61401
35761,-111.06642
35762,-111.59394
35763,-111.94617
35764,-111.89173
35765,-111.241356
35766,-110.04584
35767,-108.65643
35768,-107.3893
35769,-106.53396
35770,-106.34457
35771,-106.874176
35772,-107.924805
35773,-109.32847
35774,-110.93966
35775,-112.61444
35776,-114.21674
35777,-115.62027
35778,-116.69757
35779,-117.32023
35780,-117.3851
35781,-116.93318
35782,-116.18605
35783,-115.344284
35784,-114.592705
35785,-114.09457
35786,-113.890335
35787,-113.86685
35788,-113.92901
35789,-113.995316
35790,-113.99249
35791,-113.893776
35792,-113.730515
35793,-113.52723
35794,-113.30329
35795,-113.07807
35796,-112.870926
35797,-112.701225
35798,-112.58835
35799,-112.55166
35800,-113.11337
35801,-114.17119
35802,-113.86226
35803,-112.99465
35804,-111.72356
35805,-110.20449
35806,-108.59311
35807,-107.04523
35808,-105.71665
35809,-104.76315
35810,-104.316124
35811,-104.369255
35812,-104.74414
35813,-105.28297
35814,-105.84338
35815,-106.29386
35816,-106.56405
35817,-106.66003
35818,-106.578735
35819,-106.31027
35820,-105.85758
35821,-105.29673
35822,-104.795105
35823,-104.50927
35824,-104.58756
35825,-105.15637
35826,-106.21719
35827,-107.61565
35828,-109.21613
35829,-110.89702
35830,-112.540634
35831,-114.05109
35832,-115.35976
35833,-116.39474
35834,-117.08163
35835,-117.372086
35836,-117.36602
35837,-117.3489
35838,-117.58461
35839,-118.32051
35840,-119.75954
35841,-121.8528
35842,-124.23713
35843,-126.58683
35844,-128.60437
35845,-129.99225
35846,-130.45256
35847,-129.68663
35848,-127.39447
35849,-128.2746
35850,-124.68183
35851,-119.662994
35852,-119.41216
35853,-119.58025
35854,-120.04781
35855,-120.69563
35856,-121.40458
35857,-122.05564
35858,-122.529816
35859,-122.708084
35860,-122.49032
35861,-121.8843
35862,-121.03293
35863,-120.06364
35864,-119.09205
35865,-118.2323
35866,-117.590294
35867,-117.26142
35868,-117.34221
35869,-117.93001
35870,-119.07872
35871,-120.596054
35872,-121.98223
35873,-122.773994
35874,-122.53503
35875,-120.91945
35876,-118.10008
35877,-119.901764
35878,-117.07628
35879,-110.31855
35880,-110.2096
35881,-111.68784
35882,-113.89029
35883,-116.05035
35884,-117.474014
35885,-117.55956
35886,-116.22846
35887,-114.05751
35888,-111.547775
35889,-109.143394
35890,-107.24422
35891,-105.99574
35892,-105.22535
35893,-104.79781
35894,-104.60628
35895,-104.544
35896,-104.50429
35897,-104.380486
35898,-104.06599
35899,-103.454094
35900,-103.95141
35901,-106.39456
35902,-107.14649
35903,-107.45586
35904,-107.4752
35905,-107.35722
35906,-107.25473
35907,-107.32063
35908,-107.70778
35909,-108.568954
35910,-110.01777
35911,-111.94587
35912,-113.9679
35913,-115.73202
35914,-116.91118
35915,-117.22866
35916,-116.69466
35917,-115.678696
35918,-114.508514
35919,-113.48047
35920,-112.85445
35921,-112.68213
35922,-112.7548
35923,-112.89434
35924,-112.94587
35925,-112.77664
35926,-112.37996
35927,-111.906685
35928,-111.489136
35929,-111.24566
35930,-111.27501
35931,-111.56447
35932,-111.96196
35933,-112.332
35934,-112.5515
35935,-112.51651
35936,-112.232216
35937,-111.84025
35938,-111.46614
35939,-111.223366
35940,-111.21014
35941,-111.43766
35942,-111.808624
35943,-112.2385
35944,-112.6525
35945,-112.97579
35946,-113.13359
35947,-113.05106
35948,-112.653336
35949,-111.86547
35950,-111.46779
35951,-112.32792
35952,-113.00112
35953,-113.752014
35954,-114.52493
35955,-115.264206
35956,-115.914185
35957,-116.419174
35958,-116.72352
35959,-116.77149
35960,-116.52176
35961,-116.01472
35962,-115.39317
35963,-114.78802
35964,-114.32114
35965,-114.09982
35966,-114.148384
35967,-114.38744
35968,-114.74979
35969,-115.17748
35970,-115.60696
35971,-115.943
35972,-116.05067
35973,-115.79964
35974,-115.06303
35975,-113.75171
35976,-111.99208
35977,-110.180664
35978,-108.6827
35979,-107.839516
35980,-107.93921
35981,-108.968994
35982,-110.54055
35983,-112.31057
35984,-113.96968
35985,-115.24747
35986,-116.09378
35987,-116.73363
35988,-117.35937
35989,-118.13905
35990,-119.21223
35991,-120.55673
35992,-121.94829
35993,-123.18653
35994,-124.08895
35995,-124.47301
35996,-124.15587
35997,-122.95433
35998,-120.684685
35999,-122.16262
36000,-119.4485
36001,-114.549255
36002,-113.310684
36003,-111.919304
36004,-110.471176
36005,-109.06246
36006,-107.789246
36007,-106.74764
36008,-106.03369
36009,-105.74339
36010,-105.961334
36011,-106.70788
36012,-107.9232
36013,-109.55702
36014,-111.566284
36015,-113.88502
36016,-116.31731
36017,-118.50508
36018,-120.109825
36019,-120.80724
36020,-120.33814
36021,-118.81613
36022,-116.82283
36023,-114.886696
36024,-113.49558
36025,-113.06851
36026,-113.633896
36027,-114.73207
36028,-115.96121
36029,-116.96329
36030,-117.4228
36031,-117.264565
36032,-116.71413
36033,-115.9618
36034,-115.17149
36035,-114.49002
36036,-113.96677
36037,-113.529175
36038,-113.11889
36039,-112.688385
36040,-112.19683
36041,-111.641335
36042,-111.06645
36043,-110.51118
36044,-110.01026
36045,-109.59848
36046,-109.31061
36047,-109.1814
36048,-109.24558
36049,-109.53787
36050,-110.4454
36051,-111.87429
36052,-112.43611
36053,-112.66077
36054,-112.612785
36055,-112.35678
36056,-111.95738
36057,-111.47928
36058,-110.98722
36059,-110.54592
36060,-110.21271
36061,-110.00281
36062,-109.87873
36063,-109.80927
36064,-109.76786
36065,-109.733116
36066,-109.7128
36067,-109.751144
36068,-109.888084
36069,-110.16028
36070,-110.59373
36071,-111.153725
36072,-111.72975
36073,-112.22029
36074,-112.53062
36075,-112.5747
36076,-112.31628
36077,-111.78134
36078,-110.988495
36079,-109.95084
36080,-108.697395
36081,-107.347755
36082,-106.134705
36083,-105.277725
36084,-104.986115
36085,-105.42787
36086,-106.53687
36087,-107.95496
36088,-109.35921
36089,-110.452896
36090,-110.97878
36091,-110.90294
36092,-110.470825
36093,-109.89479
36094,-109.36254
36095,-109.06182
36096,-109.18039
36097,-109.90583
36098,-111.425545
36099,-113.92647
36100,-115.57538
36101,-114.62143
36102,-114.86504
36103,-115.23916
36104,-115.67691
36105,-116.11144
36106,-116.47595
36107,-116.70359
36108,-116.72751
36109,-116.480865
36110,-115.919205
36111,-115.126045
36112,-114.345055
36113,-113.8013
36114,-113.7056
36115,-114.231476
36116,-115.34094
36117,-116.73183
36118,-118.13345
36119,-119.298836
36120,-120.01276
36121,-120.24083
36122,-120.174736
36123,-119.97977
36124,-119.80132
36125,-119.76954
36126,-119.927
36127,-120.20691
36128,-120.55516
36129,-120.92735
36130,-121.28419
36131,-121.615585
36132,-121.94786
36133,-122.30313
36134,-122.70027
36135,-123.14374
36136,-123.55578
36137,-123.7559
36138,-123.57546
36139,-122.854774
36140,-121.46393
36141,-119.44378
36142,-117.049446
36143,-114.51182
36144,-112.043236
36145,-109.85601
36146,-108.162346
36147,-107.1742
36148,-107.10315
36149,-108.160416
36150,-109.29718
36151,-109.03059
36152,-108.99646
36153,-108.895096
36154,-108.753296
36155,-108.59784
36156,-108.45555
36157,-108.35324
36158,-108.3177
36159,-108.37574
36160,-108.55091
36161,-108.848366
36162,-109.25028
36163,-109.74155
36164,-110.309105
36165,-110.93937
36166,-111.61574
36167,-112.31775
36168,-113.02547
36169,-113.71927
36170,-114.371
36171,-114.904205
36172,-115.18196
36173,-115.074425
36174,-114.457054
36175,-113.235016
36176,-111.48363
36177,-109.491295
36178,-107.52182
36179,-105.82026
36180,-104.60366
36181,-103.93022
36182,-103.65968
36183,-103.67534
36184,-103.87828
36185,-104.179146
36186,-104.542786
36187,-105.00168
36188,-105.58017
36189,-106.29661
36190,-107.16374
36191,-108.162796
36192,-109.23559
36193,-110.32863
36194,-111.39202
36195,-112.37581
36196,-113.23007
36197,-113.90491
36198,-114.35031
36199,-114.51634
36200,-116.62295
36201,-126.42981
36202,-122.56338
36203,-122.34006
36204,-121.06563
36205,-119.04733
36206,-116.593704
36207,-114.01414
36208,-111.61846
36209,-109.716545
36210,-108.57991
36211,-108.263405
36212,-108.55122
36213,-109.259636
36214,-110.229164
36215,-111.30635
36216,-112.37077
36217,-113.34321
36218,-114.139565
36219,-114.67203
36220,-114.87545
36221,-114.81353
36222,-114.71113
36223,-114.77424
36224,-115.19457
36225,-116.12733
36226,-117.520966
36227,-119.065704
36228,-120.48245
36229,-121.51517
36230,-121.94829
36231,-121.79642
36232,-121.36239
36233,-120.915764
36234,-120.70086
36235,-120.92032
36236,-121.539795
36237,-122.22851
36238,-122.69037
36239,-122.65546
36240,-121.895
36241,-120.41533
36242,-118.51762
36243,-116.469475
36244,-114.512825
36245,-112.88971
36246,-111.842
36247,-111.61129
36248,-112.438705
36249,-114.56473
36250,-114.212364
36251,-113.74529
36252,-107.24152
36253,-106.79974
36254,-107.13113
36255,-107.94793
36256,-108.963104
36257,-109.88992
36258,-110.44185
36259,-110.33228
36260,-109.32751
36261,-107.49617
36262,-105.28553
36263,-103.09873
36264,-101.30558
36265,-100.219696
36266,-99.83626
36267,-99.75271
36268,-99.61427
36269,-99.101746
36270,-97.9572
36271,-96.27051
36272,-94.56646
36273,-93.31778
36274,-92.9583
36275,-93.84803
36276,-95.92892
36277,-98.6213
36278,-106.409
36279,-103.823044
36280,-105.45494
36281,-106.23742
36282,-106.528915
36283,-106.63676
36284,-106.83036
36285,-107.34015
36286,-108.17397
36287,-109.0616
36288,-109.76604
36289,-110.07514
36290,-109.8085
36291,-108.966606
36292,-107.776306
36293,-106.43781
36294,-105.13139
36295,-104.03734
36296,-103.335945
36297,-103.20737
36298,-103.83156
36299,-105.38827
36300,-106.60865
36301,-106.079865
36302,-106.228874
36303,-106.45528
36304,-106.75126
36305,-107.10895
36306,-107.52053
36307,-107.97819
36308,-108.47405
36309,-109.00031
36310,-109.54711
36311,-110.09312
36312,-110.60258
36313,-111.04152
36314,-111.37719
36315,-111.588196
36316,-111.717766
36317,-111.889786
36318,-112.218605
36319,-112.81139
36320,-113.74341
36321,-114.90869
36322,-115.97503
36323,-116.63716
36324,-116.60978
36325,-115.65653
36326,-113.82104
36327,-111.49798
36328,-109.04167
36329,-106.77589
36330,-104.99855
36331,-103.86081
36332,-103.33022
36333,-103.39597
36334,-104.06354
36335,-105.31655
36336,-107.01457
36337,-108.86219
36338,-110.582924
36339,-111.91428
36340,-112.62935
36341,-112.703606
36342,-112.3656
36343,-111.813995
36344,-111.22515
36345,-110.775536
36346,-110.641624
36347,-110.99981
36348,-112.02632
36349,-113.89711
36350,-115.95308
36351,-117.03407
36352,-117.88147
36353,-118.41932
36354,-118.664154
36355,-118.63253
36356,-118.34103
36357,-117.806244
36358,-117.04477
36359,-116.07323
36360,-114.91785
36361,-113.659485
36362,-112.44731
36363,-111.42258
36364,-110.72045
36365,-110.45438
36366,-110.61466
36367,-111.03785
36368,-111.57869
36369,-112.10575
36370,-112.50261
36371,-112.7383
36372,-112.88854
36373,-113.016464
36374,-113.17569
36375,-113.41458
36376,-113.75145
36377,-114.16705
36378,-114.64657
36379,-115.178505
36380,-115.74563
36381,-116.297775
36382,-116.743774
36383,-116.997215
36384,-116.975334
36385,-116.609215
36386,-115.908745
36387,-114.98255
36388,-113.92782
36389,-112.833015
36390,-111.78068
36391,-110.81896
36392,-109.953064
36393,-109.19325
36394,-108.55357
36395,-108.04805
36396,-107.690735
36397,-107.49564
36398,-107.4768
36399,-107.64826
36400,-108.76271
36401,-110.88019
36402,-111.58283
36403,-111.776924
36404,-111.579544
36405,-111.10792
36406,-110.47938
36407,-109.81139
36408,-109.22148
36409,-108.82716
36410,-108.73645
36411,-109.00331
36412,-109.61428
36413,-110.56383
36414,-111.852455
36415,-113.46181
36416,-115.26659
36417,-117.008026
36418,-118.443405
36419,-119.34186
36420,-119.53086
36421,-119.1705
36422,-118.837456
36423,-119.06019
36424,-120.33018
36425,-123.03292
36426,-131.95653
36427,-136.14503
36428,-139.73283
36429,-141.92122
36430,-137.02625
36431,-135.02301
36432,-136.71657
36433,-132.82208
36434,-128.9856
36435,-125.7913
36436,-123.46282
36437,-116.77113
36438,-115.538155
36439,-114.62577
36440,-113.90644
36441,-113.31136
36442,-112.845055
36443,-112.50353
36444,-112.27628
36445,-112.15283
36446,-112.12272
36447,-112.17543
36448,-112.300514
36449,-112.487495
36450,-112.17732
36451,-111.27808
36452,-111.47387
36453,-112.03017
36454,-112.78938
36455,-113.59407
36456,-114.28688
36457,-114.71055
36458,-114.70766
36459,-114.12073
36460,-112.83153
36461,-110.94625
36462,-108.85243
36463,-106.9051
36464,-105.43446
36465,-104.7263
36466,-104.81473
36467,-105.41956
36468,-106.29827
36469,-107.236496
36470,-108.03678
36471,-108.59705
36472,-108.93426
36473,-109.051056
36474,-108.939514
36475,-108.59689
36476,-108.05
36477,-107.36264
36478,-106.59421
36479,-105.800896
36480,-105.04229
36481,-104.39729
36482,-103.969025
36483,-103.857666
36484,-104.1612
36485,-104.951546
36486,-106.15286
36487,-107.50485
36488,-108.76952
36489,-109.72542
36490,-110.18135
36491,-110.11836
36492,-109.73277
36493,-109.195335
36494,-108.65786
36495,-108.27214
36496,-108.19
36497,-108.56324
36498,-109.543434
36499,-111.28202
36500,-111.50508
36501,-108.62303
36502,-108.11759
36503,-108.262726
36504,-108.90468
36505,-109.88997
36506,-111.06537
36507,-112.277756
36508,-113.374146
36509,-114.20155
36510,-114.6314
36511,-114.67403
36512,-114.51347
36513,-114.3134
36514,-114.22213
36515,-114.37842
36516,-114.86685
36517,-115.704124
36518,-116.914894
36519,-118.52978
36520,-120.5406
36521,-122.71926
36522,-124.56297
36523,-125.60162
36524,-125.38877
36525,-123.59811
36526,-120.59303
36527,-122.60469
36528,-115.767845
36529,-116.14031
36530,-119.58692
36531,-130.89543
36532,-138.51619
36533,-146.06721
36534,-152.2932
36535,-156.09941
36536,-152.28816
36537,-151.78699
36538,-150.39934
36539,-148.83562
36540,-147.72694
36541,-147.237
36542,-146.94035
36543,-146.47482
36544,-145.52905
36545,-143.79134
36546,-140.9493
36547,-141.68938
36548,-135.69666
36549,-127.65473
36550,-121.488815
36551,-116.343346
36552,-114.786224
36553,-113.563896
36554,-112.63735
36555,-111.967606
36556,-111.51575
36557,-111.24289
36558,-111.11019
36559,-111.07884
36560,-111.10675
36561,-111.13326
36562,-111.07447
36563,-110.84923
36564,-110.3784
36565,-109.60405
36566,-108.58873
36567,-107.545746
36568,-106.670746
36569,-106.14593
36570,-106.122574
36571,-106.576675
36572,-107.265335
36573,-107.971855
36574,-108.49911
36575,-108.67636
36576,-108.48227
36577,-108.08229
36578,-107.61971
36579,-107.22128
36580,-107.00259
36581,-107.01565
36582,-107.23317
36583,-107.637215
36584,-108.21696
36585,-108.95293
36586,-109.776474
36587,-110.55753
36588,-111.17346
36589,-111.50699
36590,-111.460075
36591,-111.043945
36592,-110.40651
36593,-109.67959
36594,-108.98294
36595,-108.43638
36596,-108.15964
36597,-108.272446
36598,-108.894455
36599,-110.1451
36600,-111.72956
36601,-112.6233
36602,-112.47976
36603,-111.76602
36604,-110.65158
36605,-109.306244
36606,-107.90003
36607,-106.60307
36608,-105.5855
36609,-105.017395
36610,-105.0412
36611,-105.64329
36612,-106.615074
36613,-107.77136
36614,-108.94454
36615,-109.982376
36616,-110.82005
36617,-111.50173
36618,-112.0586
36619,-112.5121
36620,-112.87561
36621,-113.116486
36622,-113.14452
36623,-112.87634
36624,-112.23355
36625,-111.1652
36626,-109.77645
36627,-108.36788
36628,-107.217285
36629,-106.58508
36630,-106.68762
36631,-107.49177
36632,-108.65289
36633,-109.863754
36634,-110.8451
36635,-111.351166
36636,-111.32575
36637,-110.94972
36638,-110.3759
36639,-109.73608
36640,-109.15389
36641,-108.70591
36642,-108.40977
36643,-108.290085
36644,-108.37669
36645,-108.699394
36646,-109.28802
36647,-110.17229
36648,-111.38198
36649,-112.9468
36650,-113.61697
36651,-112.35858
36652,-111.85225
36653,-111.455574
36654,-111.210655
36655,-111.159546
36656,-111.34426
36657,-111.80682
36658,-112.5892
36659,-113.73336
36660,-115.259445
36661,-117.064316
36662,-118.89082
36663,-120.50029
36664,-121.66779
36665,-122.20562
36666,-122.138504
36667,-121.75712
36668,-121.32141
36669,-121.068115
36670,-121.19724
36671,-121.699715
36672,-122.30491
36673,-122.77273
36674,-122.88619
36675,-122.45734
36676,-121.46357
36677,-120.08958
36678,-118.49627
36679,-116.8265
36680,-115.21281
36681,-113.7284
36682,-112.372086
36683,-111.15127
36684,-110.07995
36685,-109.17689
36686,-108.488174
36687,-108.09397
36688,-108.07046
36689,-108.49065
36690,-109.40875
36691,-110.77242
36692,-112.39623
36693,-114.11077
36694,-115.758644
36695,-117.18248
36696,-118.22496
36697,-118.728615
36698,-118.53572
36699,-117.4883
36700,-116.95288
36701,-118.35141
36702,-118.95643
36703,-119.39275
36704,-119.62448
36705,-119.61568
36706,-119.33034
36707,-118.73248
36708,-117.78607
36709,-116.45501
36710,-114.72515
36711,-112.70732
36712,-110.668884
36713,-108.85918
36714,-107.51365
36715,-106.83141
36716,-106.80587
36717,-107.17357
36718,-107.7017
36719,-108.18051
36720,-108.41896
36721,-108.33185
36722,-107.96621
36723,-107.35334
36724,-106.51279
36725,-105.4791
36726,-104.37254
36727,-103.42037
36728,-102.83711
36729,-102.82774
36730,-103.55947
36731,-104.98606
36732,-106.79489
36733,-108.705605
36734,-110.461845
36735,-111.83587
36736,-112.76179
36737,-113.375656
36738,-113.789505
36739,-114.097374
36740,-114.382614
36741,-114.66725
36742,-114.89669
36743,-115.0254
36744,-115.014565
36745,-114.82544
36746,-114.41923
36747,-113.75708
36748,-112.80016
36749,-111.509605
36750,-110.63201
36751,-111.01194
36752,-111.376884
36753,-111.97595
36754,-112.77814
36755,-113.752426
36756,-114.86778
36757,-116.09325
36758,-117.39787
36759,-118.75068
36760,-120.10823
36761,-121.35604
36762,-122.29083
36763,-122.71968
36764,-122.45728
36765,-121.362465
36766,-119.54663
36767,-117.43821
36768,-115.42977
36769,-113.88628
36770,-113.123184
36771,-113.174965
36772,-113.72502
36773,-114.498184
36774,-115.250725
36775,-115.77288
36776,-116.04702
36777,-116.29574
36778,-116.71329
36779,-117.47268
36780,-118.710464
36781,-120.356804
36782,-122.08409
36783,-123.5953
36784,-124.616356
36785,-124.913704
36786,-124.48471
36787,-123.61616
36788,-122.561775
36789,-121.55011
36790,-120.78604
36791,-120.338844
36792,-120.10795
36793,-120.01237
36794,-119.98613
36795,-119.96332
36796,-119.87802
36797,-119.66432
36798,-119.25626
36799,-118.58791
36800,-118.5743
36801,-119.81753
36802,-120.03732
36803,-119.95849
36804,-119.64581
36805,-119.16417
36806,-118.578514
36807,-117.9538
36808,-117.355034
36809,-116.847206
36810,-116.49289
36811,-116.34073
36812,-116.42194
36813,-116.7698
36814,-117.419044
36815,-118.38287
36816,-119.5522
36817,-120.665146
36818,-121.4779
36819,-121.76015
36820,-121.31724
36821,-120.15845
36822,-118.54877
36823,-116.723946
36824,-114.897514
36825,-113.26819
36826,-111.94975
36827,-110.9495
36828,-110.287125
36829,-109.9916
36830,-110.091034
36831,-110.60815
36832,-111.55899
36833,-112.96042
36834,-114.82978
36835,-117.15868
36836,-119.79267
36837,-127.395065
36838,-124.65125
36839,-126.26285
36840,-126.971794
36841,-126.75057
36842,-125.860725
36843,-124.530754
36844,-122.964195
36845,-121.36497
36846,-119.937164
36847,-118.88485
36848,-118.411964
36849,-118.722115
36850,-120.33286
36851,-122.819916
36852,-124.16188
36853,-125.07716
36854,-125.60612
36855,-125.78918
36856,-125.66681
36857,-125.27953
36858,-124.66794
36859,-123.87261
36860,-122.927666
36861,-121.82985
36862,-120.52909
36863,-118.98068
36864,-117.14398
36865,-115.00667
36866,-112.71732
36867,-110.62627
36868,-109.0605
36869,-108.3289
36870,-108.68359
36871,-110.056335
36872,-111.9792
36873,-114.03245
36874,-115.832504
36875,-117.03723
36876,-117.538315
36877,-117.51966
36878,-117.13066
36879,-116.49495
36880,-115.73854
36881,-115.0005
36882,-114.43604
36883,-114.19846
36884,-114.43956
36885,-115.27541
36886,-116.620026
36887,-118.13497
36888,-119.512024
36889,-120.46545
36890,-120.74643
36891,-120.31611
36892,-119.39862
36893,-118.1876
36894,-116.8538
36895,-115.568054
36896,-114.50136
36897,-113.82458
36898,-113.70849
36899,-114.323616
36900,-115.63811
36901,-116.83797
36902,-117.1092
36903,-116.95392
36904,-116.485725
36905,-115.818375
36906,-115.06574
36907,-114.34179
36908,-113.76049
36909,-113.435844
36910,-113.45846
36911,-113.786644
36912,-114.21332
36913,-114.55094
36914,-114.6267
36915,-114.302414
36916,-113.63689
36917,-112.93548
36918,-112.474724
36919,-112.509315
36920,-113.246765
36921,-114.62726
36922,-116.25725
36923,-117.783134
36924,-118.88118
36925,-119.271065
36926,-118.91937
36927,-118.10179
36928,-117.05809
36929,-116.000984
36930,-115.13073
36931,-114.57555
36932,-114.3735
36933,-114.573074
36934,-115.23068
36935,-116.38173
36936,-117.94285
36937,-119.68232
36938,-121.386215
36939,-122.85387
36940,-123.91144
36941,-124.537155
36942,-124.89959
36943,-125.14523
36944,-125.40381
36945,-125.80514
36946,-126.479034
36947,-127.55521
36948,-129.16321
36949,-131.43239
36950,-131.4391
36951,-132.10736
36952,-125.32105
36953,-124.02693
36954,-123.08926
36955,-122.372665
36956,-121.74196
36957,-121.06211
36958,-120.19808
36959,-119.01486
36960,-117.41056
36961,-115.47226
36962,-113.5239
36963,-111.86225
36964,-110.763115
36965,-110.45434
36966,-110.89254
36967,-111.69558
36968,-112.52172
36969,-113.059616
36970,-113.03918
36971,-112.424545
36972,-111.473015
36973,-110.40738
36974,-109.42468
36975,-108.70589
36976,-108.34042
36977,-108.30332
36978,-108.5831
36979,-109.17839
36980,-110.07461
36981,-111.1818
36982,-112.31592
36983,-113.30421
36984,-113.98231
36985,-114.21496
36986,-114.03222
36987,-113.67114
36988,-113.3445
36989,-113.24675
36990,-113.5446
36991,-114.24677
36992,-115.164536
36993,-116.13259
36994,-117.00327
36995,-117.62888
36996,-117.86174
36997,-117.55399
36998,-116.55757
36999,-114.724144
37000,-113.66403
37001,-114.75765
37002,-114.4441
37003,-113.79122
37004,-112.88879
37005,-111.82665
37006,-110.69476
37007,-109.5831
37008,-108.58164
37009,-107.78038
37010,-107.25783
37011,-107.02756
37012,-107.02193
37013,-107.18296
37014,-107.459946
37015,-107.798164
37016,-108.12023
37017,-108.32031
37018,-108.296
37019,-107.94738
37020,-107.19981
37021,-106.12281
37022,-104.966255
37023,-103.95871
37024,-103.312744
37025,-103.20957
37026,-103.6525
37027,-104.42279
37028,-105.32835
37029,-106.19699
37030,-106.88251
37031,-107.38553
37032,-107.890236
37033,-108.5588
37034,-109.53707
37035,-110.93439
37036,-112.65299
37037,-114.33679
37038,-115.66072
37039,-116.322716
37040,-116.06854
37041,-114.91739
37042,-113.23107
37043,-111.33176
37044,-109.511765
37045,-108.06353
37046,-107.27937
37047,-107.45123
37048,-108.87054
37049,-111.82784
37050,-119.49276
37051,-114.40791
37052,-114.487526
37053,-114.25102
37054,-113.79504
37055,-113.21635
37056,-112.61181
37057,-112.07828
37058,-111.71265
37059,-111.61178
37060,-111.850746
37061,-112.381226
37062,-113.00066
37063,-113.524826
37064,-113.78322
37065,-113.63308
37066,-113.089195
37067,-112.363525
37068,-111.64498
37069,-111.105034
37070,-110.891846
37071,-111.02085
37072,-111.3417
37073,-111.72363
37074,-112.0507
37075,-112.22176
37076,-112.21952
37077,-112.1316
37078,-112.033195
37079,-111.99022
37080,-112.05908
37081,-112.24206
37082,-112.473816
37083,-112.696976
37084,-112.86025
37085,-112.92062
37086,-112.88261
37087,-112.81009
37088,-112.759964
37089,-112.78385
37090,-112.92908
37091,-113.21875
37092,-113.645615
37093,-114.20603
37094,-114.898994
37095,-115.72352
37096,-116.678665
37097,-117.763435
37098,-118.97684
37099,-120.31793
37100,-119.97765
37101,-117.04989
37102,-116.22232
37103,-115.980286
37104,-116.19422
37105,-116.734856
37106,-117.473145
37107,-118.28018
37108,-119.027115
37109,-119.58517
37110,-119.855995
37111,-119.9142
37112,-120.05102
37113,-120.532364
37114,-121.604996
37115,-123.46069
37116,-125.98072
37117,-133.65884
37118,-131.03499
37119,-132.68369
37120,-133.23637
37121,-132.65007
37122,-131.29036
37123,-129.47711
37124,-127.49518
37125,-125.60686
37126,-123.94285
37127,-122.4685
37128,-121.16777
37129,-120.03909
37130,-119.07872
37131,-118.270386
37132,-117.582214
37133,-116.98413
37134,-116.44749
37135,-115.9445
37136,-115.45263
37137,-114.95576
37138,-114.437035
37139,-113.87904
37140,-113.270935
37141,-112.63949
37142,-112.058525
37143,-111.59629
37144,-111.31691
37145,-111.284454
37146,-111.56294
37147,-112.21638
37148,-113.30866
37149,-114.90365
37150,-116.637184
37151,-117.81447
37152,-118.70201
37153,-119.380165
37154,-119.90694
37155,-120.34035
37156,-120.73849
37157,-121.15944
37158,-121.6613
37159,-122.30217
37160,-123.12537
37161,-124.09049
37162,-125.05238
37163,-125.87815
37164,-126.44412
37165,-126.63975
37166,-126.42922
37167,-125.87041
37168,-125.01045
37169,-123.88831
37170,-122.5585
37171,-121.16411
37172,-119.95918
37173,-119.18504
37174,-119.07309
37175,-119.798744
37176,-121.220856
37177,-122.80298
37178,-124.05564
37179,-124.524506
37180,-123.84807
37181,-122.19487
37182,-120.39881
37183,-119.21874
37184,-119.35494
37185,-121.377594
37186,-130.1241
37187,-134.51927
37188,-138.59874
37189,-141.48137
37190,-137.3959
37191,-136.1973
37192,-133.52737
37193,-134.94102
37194,-130.9272
37195,-126.97681
37196,-123.581345
37197,-121.23186
37198,-115.418045
37199,-116.62766
37200,-117.26715
37201,-114.529274
37202,-113.75483
37203,-113.48836
37204,-113.64244
37205,-114.12978
37206,-114.863235
37207,-115.75572
37208,-116.72025
37209,-117.66991
37210,-118.51834
37211,-119.182785
37212,-119.58482
37213,-119.64539
37214,-119.28505
37215,-118.4493
37216,-117.22627
37217,-115.882774
37218,-114.66514
37219,-113.80398
37220,-113.49407
37221,-113.7271
37222,-114.240845
37223,-114.80312
37224,-115.204414
37225,-115.26183
37226,-114.94356
37227,-114.40669
37228,-113.78624
37229,-113.20054
37230,-112.75589
37231,-112.490326
37232,-112.35642
37233,-112.31678
37234,-112.341606
37235,-112.40854
37236,-112.53738
37237,-112.80069
37238,-113.26476
37239,-113.99119
37240,-115.02547
37241,-116.32172
37242,-117.72008
37243,-119.07423
37244,-120.24805
37245,-121.1054
37246,-121.51006
37247,-121.32566
37248,-120.41555
37249,-118.64282
37250,-117.40125
37251,-118.261055
37252,-118.688995
37253,-119.21045
37254,-119.77445
37255,-120.32998
37256,-120.82611
37257,-121.21185
37258,-121.43621
37259,-121.448204
37260,-121.20184
37261,-120.67994
37262,-119.90138
37263,-118.88082
37264,-117.62981
37265,-116.17475
37266,-114.62685
37267,-113.203384
37268,-112.109406
37269,-111.54044
37270,-111.65424
37271,-112.394806
37272,-113.43919
37273,-114.4963
37274,-115.29901
37275,-115.61714
37276,-115.43044
37277,-114.981255
37278,-114.48116
37279,-114.118576
37280,-114.05238
37281,-114.27337
37282,-114.56214
37283,-114.72408
37284,-114.58325
37285,-113.99435
37286,-112.98677
37287,-111.80857
37288,-110.68235
37289,-109.8114
37290,-109.37441
37291,-109.410385
37292,-109.78376
37293,-110.37966
37294,-111.09885
37295,-111.8421
37296,-112.510254
37297,-113.00415
37298,-113.224625
37299,-113.07242
37300,-112.3707
37301,-111.473816
37302,-111.31724
37303,-111.43599
37304,-111.732925
37305,-112.11103
37306,-112.47332
37307,-112.72283
37308,-112.7626
37309,-112.49563
37310,-111.8501
37311,-110.897606
37312,-109.88932
37313,-109.05536
37314,-108.60997
37315,-108.72994
37316,-109.3798
37317,-110.259026
37318,-111.098755
37319,-111.65388
37320,-111.715645
37321,-111.28207
37322,-110.609695
37323,-109.92471
37324,-109.4304
37325,-109.29452
37326,-109.48288
37327,-109.708855
37328,-109.715866
37329,-109.269745
37330,-108.183754
37331,-106.54172
37332,-104.765945
37333,-103.2391
37334,-102.313805
37335,-102.28852
37336,-103.155426
37337,-104.524414
37338,-106.05145
37339,-107.426994
37340,-108.37452
37341,-108.804665
37342,-108.86168
37343,-108.66184
37344,-108.300766
37345,-107.87405
37346,-107.47738
37347,-107.20645
37348,-107.15695
37349,-107.4245
37350,-108.32813
37351,-109.7326
37352,-110.53884
37353,-111.14007
37354,-111.56599
37355,-111.84635
37356,-112.01091
37357,-112.08943
37358,-112.111694
37359,-112.10745
37360,-112.102486
37361,-112.09961
37362,-112.073006
37363,-112.0002
37364,-111.86127
37365,-111.641785
37366,-111.358086
37367,-111.06516
37368,-110.81345
37369,-110.64994
37370,-110.61286
37371,-110.69062
37372,-110.809235
37373,-110.90217
37374,-110.90841
37375,-110.77179
37376,-110.4636
37377,-109.98949
37378,-109.351074
37379,-108.546875
37380,-107.58568
37381,-106.53435
37382,-105.53255
37383,-104.711296
37384,-104.19512
37385,-104.09008
37386,-104.39728
37387,-104.986855
37388,-105.744644
37389,-106.568214
37390,-107.366325
37391,-108.11107
37392,-108.85363
37393,-109.63571
37394,-110.49197
37395,-111.45707
37396,-112.56564
37397,-113.85232
37398,-115.35172
37399,-117.0984
37400,-119.15848
37401,-121.166664
37402,-122.40115
37403,-123.25177
37404,-123.8065
37405,-124.15344
37406,-124.38076
37407,-124.57668
37408,-124.82951
37409,-125.22753
37410,-125.83345
37411,-126.56442
37412,-127.155655
37413,-127.36337
37414,-126.95966
37415,-125.75924
37416,-123.820816
37417,-121.509636
37418,-119.15664
37419,-117.06626
37420,-115.511566
37421,-114.58725
37422,-114.1648
37423,-114.14156
37424,-114.43473
37425,-114.95816
37426,-115.60593
37427,-116.24752
37428,-116.75534
37429,-117.004
37430,-116.88347
37431,-116.37141
37432,-115.5552
37433,-114.50946
37434,-113.2991
37435,-111.99632
37436,-110.71411
37437,-109.61654
37438,-108.86169
37439,-108.60298
37440,-108.96288
37441,-109.88854
37442,-111.10816
37443,-112.376236
37444,-113.46695
37445,-114.1545
37446,-114.21296
37447,-113.41612
37448,-111.53726
37449,-113.34909
37450,-106.0144
37451,-106.851265
37452,-106.72814
37453,-106.63898
37454,-106.5736
37455,-106.52179
37456,-106.47332
37457,-106.418015
37458,-106.34564
37459,-106.24601
37460,-106.12179
37461,-106.04895
37462,-106.19505
37463,-106.7167
37464,-107.76221
37465,-109.43645
37466,-111.59776
37467,-113.79709
37468,-115.622604
37469,-116.69003
37470,-116.68664
37471,-115.70819
37472,-114.362305
37473,-113.19744
37474,-112.71723
37475,-113.344124
37476,-115.040375
37477,-117.19387
37478,-119.26135
37479,-120.75121
37480,-121.23462
37481,-120.63919
37482,-119.33899
37483,-117.65641
37484,-115.87511
37485,-114.256966
37486,-112.93816
37487,-111.89726
37488,-111.131096
37489,-110.650406
37490,-110.463615
37491,-110.56616
37492,-110.937225
37493,-111.557884
37494,-112.41068
37495,-113.47821
37496,-114.74303
37497,-116.18772
37498,-117.79489
37499,-119.54713
37500,-120.006615
37501,-118.18038
37502,-117.34065
37503,-116.59545
37504,-115.940315
37505,-115.37074
37506,-114.88224
37507,-114.47033
37508,-114.13053
37509,-113.85837
37510,-113.6469
37511,-113.4752
37512,-113.304855
37513,-113.099556
37514,-112.82446
37515,-112.45797
37516,-112.053246
37517,-111.75702
37518,-111.705
37519,-112.02458
37520,-112.80663
37521,-113.9351
37522,-115.035484
37523,-115.76419
37524,-115.80049
37525,-114.89135
37526,-113.17038
37527,-111.25583
37528,-109.7101
37529,-109.052795
37530,-109.71178
37531,-111.59586
37532,-113.96649
37533,-116.16331
37534,-117.584404
37535,-117.71137
37536,-116.50052
37537,-114.50289
37538,-112.20083
37539,-110.02501
37540,-108.3624
37541,-107.34886
37542,-106.806274
37543,-106.593414
37544,-106.597015
37545,-106.70396
37546,-106.80121
37547,-106.775734
37548,-106.51447
37549,-105.9044
37550,-105.84623
37551,-107.17497
37552,-107.90647
37553,-108.5366
37554,-109.050705
37555,-109.43411
37556,-109.672134
37557,-109.75008
37558,-109.65325
37559,-109.36693
37560,-108.891945
37561,-108.31721
37562,-107.84189
37563,-107.65213
37564,-107.92421
37565,-108.79311
37566,-110.15985
37567,-111.63343
37568,-112.85795
37569,-113.50367
37570,-113.29553
37571,-112.27019
37572,-110.85468
37573,-109.43053
37574,-108.34497
37575,-107.90034
37576,-108.1434
37577,-108.80173
37578,-109.64089
37579,-110.45503
37580,-111.05915
37581,-111.386154
37582,-111.516174
37583,-111.51188
37584,-111.42281
37585,-111.292625
37586,-111.131226
37587,-110.90628
37588,-110.590454
37589,-110.16014
37590,-109.6019
37591,-108.959785
37592,-108.34985
37593,-107.8797
37594,-107.650444
37595,-107.76323
37596,-108.31909
37597,-109.41898
37598,-111.16369
37599,-113.65382
37600,-115.31431
37601,-114.58981
37602,-114.55979
37603,-114.485634
37604,-114.387856
37605,-114.28701
37606,-114.20363
37607,-114.15827
37608,-114.17147
37609,-114.26374
37610,-114.44555
37611,-114.66993
37612,-114.818146
37613,-114.77996
37614,-114.45145
37615,-113.74656
37616,-112.68159
37617,-111.40074
37618,-110.033356
37619,-108.69751
37620,-107.508224
37621,-106.56314
37622,-105.93817
37623,-105.71171
37624,-105.964035
37625,-106.74721
37626,-107.95354
37627,-109.27592
37628,-110.43125
37629,-111.15441
37630,-111.22328
37631,-110.661156
37632,-109.79825
37633,-108.92875
37634,-108.31968
37635,-108.202324
37636,-108.60418
37637,-109.29828
37638,-110.08794
37639,-110.79926
37640,-111.277824
37641,-111.47959
37642,-111.498405
37643,-111.411804
37644,-111.28504
37645,-111.183426
37646,-111.17225
37647,-111.316826
37648,-111.6824
37649,-112.33427
37650,-113.325195
37651,-114.32192
37652,-114.76546
37653,-114.96947
37654,-115.00691
37655,-114.95081
37656,-114.87423
37657,-114.850204
37658,-114.95182
37659,-115.25217
37660,-115.80662
37661,-116.57041
37662,-117.373566
37663,-118.06088
37664,-118.488304
37665,-118.53061
37666,-118.169846
37667,-117.52236
37668,-116.68889
37669,-115.75834
37670,-114.82154
37671,-113.97972
37672,-113.34709
37673,-113.03633
37674,-113.15887
37675,-113.80548
37676,-114.95012
37677,-116.42079
37678,-118.062935
37679,-119.73513
37680,-121.29836
37681,-122.62714
37682,-123.61275
37683,-124.14439
37684,-124.10961
37685,-123.42746
37686,-122.19703
37687,-120.743225
37688,-119.36546
37689,-118.34344
37690,-117.92283
37691,-118.156166
37692,-118.854416
37693,-119.85679
37694,-121.02407
37695,-122.21715
37696,-123.29702
37697,-124.1247
37698,-124.561165
37699,-124.467224
37700,-126.27487
37701,-135.97455
37702,-131.64696
37703,-130.76851
37704,-128.6629
37705,-130.65604
37706,-127.075485
37707,-123.25023
37708,-119.50988
37709,-116.18412
37710,-113.56734
37711,-106.75435
37712,-105.5907
37713,-104.95107
37714,-104.73247
37715,-104.83393
37716,-105.16526
37717,-105.64959
37718,-106.20848
37719,-106.76238
37720,-107.23399
37721,-107.558784
37722,-107.688156
37723,-107.571556
37724,-107.15701
37725,-106.41431
37726,-105.43702
37727,-104.47363
37728,-103.75432
37729,-103.49542
37730,-103.87812
37731,-104.884415
37732,-106.247574
37733,-107.73089
37734,-109.11999
37735,-110.22075
37736,-110.9535
37737,-111.38143
37738,-111.550674
37739,-111.49462
37740,-111.251114
37741,-110.88278
37742,-110.48343
37743,-110.143196
37744,-109.94944
37745,-109.98954
37746,-110.35081
37747,-111.12051
37748,-112.385796
37749,-114.233734
37750,-115.62117
37751,-115.65089
37752,-116.58725
37753,-117.71775
37754,-118.96075
37755,-120.23471
37756,-121.45813
37757,-122.54951
37758,-123.42732
37759,-124.01007
37760,-124.23847
37761,-124.1805
37762,-124.06335
37763,-124.095955
37764,-124.473236
37765,-125.347244
37766,-126.62692
37767,-127.917305
37768,-128.85895
37769,-129.11913
37770,-128.41974
37771,-126.795494
37772,-124.67387
37773,-122.43852
37774,-120.439316
37775,-118.984436
37776,-118.14409
37777,-117.690636
37778,-117.43078
37779,-117.19771
37780,-116.844536
37781,-116.337166
37782,-115.782555
37783,-115.271225
37784,-114.88124
37785,-114.67929
37786,-114.66773
37787,-114.768394
37788,-114.912575
37789,-115.03872
37790,-115.09053
37791,-115.04139
37792,-114.90183
37793,-114.67802
37794,-114.3728
37795,-113.98909
37796,-113.52975
37797,-112.99762
37798,-112.39561
37799,-111.726585
37800,-111.79582
37801,-112.88042
37802,-112.7184
37803,-112.14281
37804,-111.27138
37805,-110.22203
37806,-109.11275
37807,-108.06159
37808,-107.18666
37809,-106.60599
37810,-106.41567
37811,-106.58744
37812,-106.937584
37813,-107.30099
37814,-107.52643
37815,-107.483345
37816,-107.158424
37817,-106.68491
37818,-106.178696
37819,-105.742615
37820,-105.47071
37821,-105.40708
37822,-105.53329
37823,-105.838394
37824,-106.31697
37825,-106.95905
37826,-107.72852
37827,-108.556694
37828,-109.37876
37829,-110.13288
37830,-110.75713
37831,-111.189384
37832,-111.367195
37833,-111.22811
37834,-110.70963
37835,-109.77389
37836,-108.523026
37837,-107.23455
37838,-106.165436
37839,-105.557014
37840,-105.61725
37841,-106.36464
37842,-107.58121
37843,-109.07736
37844,-110.68474
37845,-112.23511
37846,-113.560356
37847,-114.4923
37848,-114.86274
37849,-114.503136
37850,-114.293236
37851,-114.96405
37852,-114.39629
37853,-113.425705
37854,-112.23421
37855,-111.00389
37856,-109.917046
37857,-109.15591
37858,-108.902626
37859,-109.3392
37860,-110.589066
37861,-112.444374
37862,-114.28402
37863,-115.536766
37864,-115.66818
37865,-114.2446
37866,-111.41028
37867,-113.034836
37868,-109.90525
37869,-102.74501
37870,-102.1773
37871,-103.259476
37872,-105.34318
37873,-107.865234
37874,-110.32635
37875,-112.277725
37876,-113.55377
37877,-114.34194
37878,-114.78734
37879,-115.00371
37880,-115.09836
37881,-115.14138
37882,-115.15627
37883,-115.17203
37884,-115.22178
37885,-115.3318
37886,-115.489586
37887,-115.634026
37888,-115.7097
37889,-115.66553
37890,-115.46474
37891,-115.15219
37892,-114.87477
37893,-114.767456
37894,-114.95615
37895,-115.56667
37896,-116.72472
37897,-118.55579
37898,-121.18508
37899,-129.73741
37900,-133.36938
37901,-130.12589
37902,-130.0655
37903,-128.82515
37904,-126.70562
37905,-124.009254
37906,-126.03954
37907,-123.10066
37908,-120.49699
37909,-113.532745
37910,-112.465034
37911,-112.28524
37912,-112.6528
37913,-113.26641
37914,-113.85459
37915,-114.1712
37916,-114.112625
37917,-113.75339
37918,-113.14704
37919,-112.33129
37920,-111.355286
37921,-110.33292
37922,-109.45904
37923,-108.91898
37924,-108.89082
37925,-109.51318
37926,-110.70132
37927,-112.091675
37928,-113.354195
37929,-114.183815
37930,-114.321236
37931,-113.76744
37932,-112.84925
37933,-111.85536
37934,-111.04578
37935,-110.64678
37936,-110.692
37937,-110.97441
37938,-111.315384
37939,-111.55788
37940,-111.56324
37941,-111.29792
37942,-110.85954
37943,-110.33032
37944,-109.78078
37945,-109.2815
37946,-108.90304
37947,-108.71595
37948,-108.79077
37949,-109.19799
37950,-108.39597
37951,-105.6054
37952,-104.94306
37953,-104.98903
37954,-105.575096
37955,-106.53335
37956,-107.69616
37957,-108.895996
37958,-109.9655
37959,-110.73726
37960,-111.06816
37961,-110.95295
37962,-110.558815
37963,-110.03257
37964,-109.50576
37965,-109.10187
37966,-108.89792
37967,-108.91288
37968,-109.17257
37969,-109.70794
37970,-110.53453
37971,-111.58031
37972,-112.66393
37973,-113.617165
37974,-114.281494
37975,-114.52961
37976,-114.411446
37977,-114.1988
37978,-114.137405
37979,-114.453415
37980,-115.32939
37981,-116.701035
37982,-118.19568
37983,-119.477356
37984,-120.2376
37985,-120.21853
37986,-119.450226
37987,-118.32382
37988,-117.18886
37989,-116.363335
37990,-116.12599
37991,-116.53187
37992,-117.35646
37993,-118.40807
37994,-119.52002
37995,-120.52569
37996,-121.25853
37997,-121.55196
37998,-121.23918
37999,-120.15312
38000,-119.82005
38001,-121.35673
38002,-121.05531
38003,-120.19948
38004,-118.9768
38005,-117.575195
38006,-116.18286
38007,-114.98812
38008,-114.17923
38009,-113.9443
38010,-114.42964
38011,-115.54473
38012,-116.90353
38013,-118.155235
38014,-118.975525
38015,-119.08799
38016,-118.4889
38017,-117.51597
38018,-116.46733
38019,-115.61128
38020,-115.1825
38021,-115.224014
38022,-115.53923
38023,-115.95973
38024,-116.33838
38025,-116.54346
38026,-116.53048
38027,-116.36407
38028,-116.09604
38029,-115.76859
38030,-115.425964
38031,-115.12399
38032,-114.9331
38033,-114.92195
38034,-115.157906
38035,-115.68796
38036,-116.443474
38037,-117.211235
38038,-117.79524
38039,-118.01222
38040,-117.70569
38041,-116.8718
38042,-115.69791
38043,-114.34916
38044,-112.97402
38045,-111.720985
38046,-110.73856
38047,-110.17521
38048,-110.17919
38049,-110.89863
38050,-112.04616
38051,-112.76557
38052,-112.98908
38053,-112.94495
38054,-112.71162
38055,-112.367546
38056,-111.99123
38057,-111.66122
38058,-111.45606
38059,-111.454315
38060,-111.72625
38061,-112.29546
38062,-113.127235
38063,-114.19374
38064,-115.47233
38065,-116.917816
38066,-118.35691
38067,-119.45623
38068,-119.901276
38069,-119.39139
38070,-117.693855
38071,-114.96584
38072,-116.854164
38073,-113.95036
38074,-106.80318
38075,-105.88179
38076,-106.20561
38077,-107.232765
38078,-108.48862
38079,-109.54911
38080,-110.04516
38081,-109.918236
38082,-109.497925
38083,-109.06776
38084,-108.87694
38085,-109.13827
38086,-109.85771
38087,-110.78283
38088,-111.69199
38089,-112.38674
38090,-112.69335
38091,-112.57916
38092,-112.18777
38093,-111.642006
38094,-111.049095
38095,-110.51632
38096,-110.151
38097,-110.060394
38098,-110.351746
38099,-111.13216
38100,-110.30465
38101,-106.984634
38102,-107.04697
38103,-108.31394
38104,-110.458435
38105,-113.15442
38106,-121.076614
38107,-123.90034
38108,-126.30132
38109,-122.95532
38110,-123.580765
38111,-123.14057
38112,-121.90407
38113,-120.1054
38114,-117.9522
38115,-115.65886
38116,-113.47551
38117,-111.6968
38118,-110.61213
38119,-110.506485
38120,-111.596504
38121,-113.71347
38122,-116.20802
38123,-118.48903
38124,-120.00891
38125,-120.30031
38126,-119.35283
38127,-117.7288
38128,-115.92463
38129,-114.38703
38130,-113.50697
38131,-113.35678
38132,-113.610176
38133,-113.987785
38134,-114.245735
38135,-114.16845
38136,-113.70058
38137,-112.98716
38138,-112.14972
38139,-111.29204
38140,-110.514275
38141,-109.89528
38142,-109.48734
38143,-109.34588
38144,-109.52857
38145,-110.093094
38146,-111.09705
38147,-112.59797
38148,-114.65328
38149,-117.32028
38150,-119.22531
38151,-118.6798
38152,-117.81952
38153,-116.44781
38154,-114.747635
38155,-112.90229
38156,-111.095276
38157,-109.51017
38158,-108.33043
38159,-107.73939
38160,-107.878944
38161,-108.65649
38162,-109.686646
38163,-110.61923
38164,-111.13035
38165,-110.95143
38166,-110.1288
38167,-109.10287
38168,-108.267746
38169,-107.98269
38170,-108.54514
38171,-109.902016
38172,-111.56274
38173,-113.08931
38174,-114.08309
38175,-114.204254
38176,-113.44806
38177,-112.22912
38178,-110.913055
38179,-109.8287
38180,-109.26432
38181,-109.276985
38182,-109.63479
38183,-110.14011
38184,-110.62109
38185,-110.92528
38186,-111.00971
38187,-110.96836
38188,-110.87894
38189,-110.807014
38190,-110.81084
38191,-110.90694
38192,-111.05965
38193,-111.23953
38194,-111.42177
38195,-111.58153
38196,-111.693985
38197,-111.73434
38198,-111.677734
38199,-111.499344
38200,-110.41036
38201,-108.178406
38202,-107.06685
38203,-106.33193
38204,-105.91999
38205,-105.777435
38206,-105.850716
38207,-106.08632
38208,-106.4308
38209,-106.8307
38210,-107.235634
38211,-107.61245
38212,-107.94958
38213,-108.23285
38214,-108.446205
38215,-108.585976
38216,-108.71927
38217,-109.00154
38218,-109.5777
38219,-110.58474
38220,-112.12163
38221,-114.07182
38222,-116.049866
38223,-117.702705
38224,-118.70128
38225,-118.771965
38226,-117.95763
38227,-116.69767
38228,-115.385735
38229,-114.380936
38230,-114.00181
38231,-114.33594
38232,-115.18215
38233,-116.37333
38234,-117.76801
38235,-119.22458
38236,-120.59908
38237,-121.74462
38238,-122.51458
38239,-122.76254
38240,-122.37032
38241,-121.381714
38242,-120.043495
38243,-118.579285
38244,-117.19509
38245,-116.09699
38246,-115.490974
38247,-115.58282
38248,-116.57788
38249,-118.681114
38250,-118.68434
38251,-119.21495
38252,-112.80203
38253,-112.183266
38254,-112.2014
38255,-112.69965
38256,-113.52163
38257,-114.51111
38258,-115.51213
38259,-116.368706
38260,-116.940895
38261,-117.179146
38262,-117.14704
38263,-116.8949
38264,-116.46296
38265,-115.89106
38266,-115.21631
38267,-114.47237
38268,-113.69328
38269,-112.913445
38270,-112.16965
38271,-111.51229
38272,-111.00875
38273,-110.72441
38274,-110.72313
38275,-111.05704
38276,-111.71184
38277,-112.59029
38278,-113.60506
38279,-114.67621
38280,-115.7286
38281,-116.71414
38282,-117.61847
38283,-118.42324
38284,-119.10709
38285,-119.64783
38286,-120.01862
38287,-120.18671
38288,-120.12006
38289,-119.7871
38290,-119.162865
38291,-118.259995
38292,-117.13825
38293,-115.85199
38294,-114.45147
38295,-112.98692
38296,-111.508644
38297,-110.06691
38298,-108.712
38299,-107.49418
38300,-107.67217
38301,-109.92633
38302,-111.14958
38303,-112.20479
38304,-113.08437
38305,-113.780754
38306,-114.2863
38307,-114.593445
38308,-114.694534
38309,-114.581955
38310,-114.258415
38311,-113.7852
38312,-113.29704
38313,-112.92004
38314,-112.7738
38315,-112.95362
38316,-113.41658
38317,-113.94714
38318,-114.3502
38319,-114.445984
38320,-114.085754
38321,-113.29726
38322,-112.329094
38323,-111.40409
38324,-110.725624
38325,-110.466896
38326,-110.629875
38327,-111.00259
38328,-111.39843
38329,-111.649895
38330,-111.61046
38331,-111.25284
38332,-110.69882
38333,-110.05262
38334,-109.405266
38335,-108.84212
38336,-108.41641
38337,-108.14107
38338,-108.03378
38339,-108.11585
38340,-108.40394
38341,-108.88852
38342,-109.52748
38343,-110.282555
38344,-111.11843
38345,-111.9998
38346,-112.891335
38347,-113.75779
38348,-114.563835
38349,-115.274185
38350,-115.77945
38351,-115.991516
38352,-116.0857
38353,-116.095985
38354,-116.07478
38355,-116.07456
38356,-116.147766
38357,-116.34685
38358,-116.72425
38359,-117.332375
38360,-118.205925
38361,-119.27897
38362,-120.359924
38363,-121.27204
38364,-121.8497
38365,-121.950195
38366,-121.56116
38367,-120.83349
38368,-119.89932
38369,-118.876495
38370,-117.87183
38371,-116.92932
38372,-116.01415
38373,-115.100655
38374,-114.17009
38375,-113.21349
38376,-112.27756
38377,-111.478546
38378,-110.92461
38379,-110.717606
38380,-110.93748
38381,-111.53945
38382,-112.323074
38383,-113.10643
38384,-113.72154
38385,-114.0214
38386,-113.97779
38387,-113.71121
38388,-113.324646
38389,-112.90791
38390,-112.54239
38391,-112.26109
38392,-112.03663
38393,-111.848656
38394,-111.68223
38395,-111.52241
38396,-111.35425
38397,-111.16279
38398,-110.9331
38399,-110.650246
38400,-111.2915
38401,-113.40102
38402,-114.48089
38403,-115.2596
38404,-115.75364
38405,-115.97949
38406,-115.95371
38407,-115.69277
38408,-115.21324
38409,-114.531654
38410,-113.67053
38411,-112.68621
38412,-111.67733
38413,-110.737625
38414,-109.95709
38415,-109.42302
38416,-109.207504
38417,-109.363655
38418,-109.94675
38419,-111.01372
38420,-112.59206
38421,-114.54276
38422,-116.51901
38423,-118.199066
38424,-119.27974
38425,-119.503075
38426,-118.869156
38427,-117.701294
38428,-116.28551
38429,-114.87968
38430,-113.71846
38431,-112.90353
38432,-112.36994
38433,-112.07223
38434,-111.979614
38435,-112.057175
38436,-112.24595
38437,-112.457016
38438,-112.604965
38439,-112.60711
38440,-112.39419
38441,-111.973366
38442,-111.447525
38443,-110.90829
38444,-110.43877
38445,-110.12213
38446,-110.041504
38447,-110.27997
38448,-110.92055
38449,-112.04618
38450,-113.24539
38451,-113.78369
38452,-114.06481
38453,-114.11844
38454,-113.99396
38455,-113.7408
38456,-113.4084
38457,-113.04627
38458,-112.70388
38459,-112.43073
38460,-112.27538
38461,-112.28112
38462,-112.48466
38463,-112.92344
38464,-113.63548
38465,-114.6449
38466,-115.89707
38467,-117.238976
38468,-118.529366
38469,-119.63576
38470,-120.43189
38471,-120.827034
38472,-120.774734
38473,-120.22327
38474,-119.11684
38475,-117.42959
38476,-115.30605
38477,-113.104576
38478,-111.15912
38479,-109.784775
38480,-109.25368
38481,-109.59531
38482,-110.536
38483,-111.838264
38484,-113.29177
38485,-114.699005
38486,-115.93386
38487,-116.95932
38488,-117.727745
38489,-118.18353
38490,-118.28359
38491,-118.05625
38492,-117.6193
38493,-117.0801
38494,-116.53819
38495,-116.09317
38496,-115.84459
38497,-115.892
38498,-116.33489
38499,-117.27258
38500,-117.12077
38501,-114.960495
38502,-114.87444
38503,-115.43205
38504,-116.43751
38505,-117.695404
38506,-119.010635
38507,-120.188324
38508,-121.03356
38509,-121.3514
38510,-120.981476
38511,-119.96102
38512,-118.575134
38513,-117.08053
38514,-115.71235
38515,-114.68214
38516,-114.06674
38517,-113.77448
38518,-113.73329
38519,-113.8861
38520,-114.185326
38521,-114.637115
38522,-115.31477
38523,-116.28368
38524,-117.60317
38525,-119.299225
38526,-121.20843
38527,-122.93097
38528,-124.09512
38529,-124.349915
38530,-123.4191
38531,-121.45535
38532,-119.14994
38533,-117.13371
38534,-115.990616
38535,-116.205605
38536,-117.70335
38537,-119.709305
38538,-121.53235
38539,-122.54426
38540,-122.199844
38541,-120.4269
38542,-117.746666
38543,-119.61283
38544,-116.42802
38545,-113.59529
38546,-106.51761
38547,-105.5972
38548,-106.23538
38549,-108.8323
38550,-117.424324
38551,-114.612816
38552,-115.68742
38553,-116.043915
38554,-115.834236
38555,-115.21062
38556,-114.32563
38557,-113.33199
38558,-112.38261
38559,-111.63042
38560,-111.20274
38561,-111.08131
38562,-111.06595
38563,-110.97798
38564,-110.65494
38565,-109.96259
38566,-108.927734
38567,-107.778496
38568,-106.71935
38569,-105.93695
38570,-105.59311
38571,-105.709
38572,-106.12999
38573,-106.72253
38574,-107.36869
38575,-107.96066
38576,-108.447395
38577,-108.84871
38578,-109.17603
38579,-109.434395
38580,-109.62559
38581,-109.73273
38582,-109.71561
38583,-109.53682
38584,-109.16096
38585,-108.569214
38586,-107.83698
38587,-107.15752
38588,-106.71012
38589,-106.663635
38590,-107.15962
38591,-108.18525
38592,-109.53501
38593,-111.02651
38594,-112.494675
38595,-113.77451
38596,-114.701035
38597,-115.10921
38598,-114.83373
38599,-113.70903
38600,-113.186104
38601,-114.62449
38602,-114.920845
38603,-114.939644
38604,-114.724754
38605,-114.32003
38606,-113.76941
38607,-113.11683
38608,-112.40624
38609,-111.68164
38610,-110.98593
38611,-110.35584
38612,-109.82038
38613,-109.40949
38614,-109.15376
38615,-109.0822
38616,-109.21494
38617,-109.561066
38618,-110.1309
38619,-110.93575
38620,-111.97635
38621,-113.19287
38622,-114.45013
38623,-115.62187
38624,-116.58865
38625,-117.25106
38626,-117.623764
38627,-117.86409
38628,-118.11265
38629,-118.49743
38630,-119.12311
38631,-119.96177
38632,-120.81972
38633,-121.52275
38634,-121.91134
38635,-121.8442
38636,-121.284225
38637,-120.3248
38638,-119.04424
38639,-117.50943
38640,-115.790665
38641,-113.97708
38642,-112.18139
38643,-110.51358
38644,-109.081566
38645,-107.99316
38646,-107.35609
38647,-107.27798
38648,-107.86633
38649,-109.22851
38650,-109.837074
38651,-108.292656
38652,-107.77476
38653,-107.44788
38654,-107.30012
38655,-107.31949
38656,-107.49407
38657,-107.81192
38658,-108.261116
38659,-108.82974
38660,-109.49626
38661,-110.18452
38662,-110.75015
38663,-111.056885
38664,-110.9745
38665,-110.403305
38666,-109.417435
38667,-108.308815
38668,-107.34374
38669,-106.76932
38670,-106.79896
38671,-107.45548
38672,-108.523575
38673,-109.81642
38674,-111.168594
38675,-112.42294
38676,-113.46907
38677,-114.25474
38678,-114.7208
38679,-114.802826
38680,-114.46018
38681,-113.787895
38682,-113.05084
38683,-112.49408
38684,-112.34767
38685,-112.800316
38686,-113.80623
38687,-115.026825
38688,-116.15838
38689,-116.92338
38690,-117.084114
38691,-116.62927
38692,-115.830956
38693,-114.92827
38694,-114.13541
38695,-113.66665
38696,-113.73618
38697,-114.55796
38698,-116.34549
38699,-119.311745
38700,-121.46536
38701,-120.56989
38702,-120.265564
38703,-119.74818
38704,-119.05927
38705,-118.240486
38706,-117.333435
38707,-116.37975
38708,-115.42113
38709,-114.4992
38710,-113.65634
38711,-112.938866
38712,-112.398026
38713,-112.08449
38714,-112.04844
38715,-112.328255
38716,-112.895424
38717,-113.63776
38718,-114.45305
38719,-115.24659
38720,-115.92726
38721,-116.42452
38722,-116.69351
38723,-116.68627
38724,-116.35255
38725,-115.66893
38726,-114.76494
38727,-113.96159
38728,-113.55767
38729,-113.83485
38730,-115.019554
38731,-117.02583
38732,-119.37797
38733,-121.64708
38734,-123.43941
38735,-124.41049
38736,-124.495766
38737,-123.98107
38738,-123.111755
38739,-122.10264
38740,-121.15268
38741,-120.36884
38742,-119.74278
38743,-119.279366
38744,-118.993645
38745,-118.90066
38746,-119.0154
38747,-119.35291
38748,-119.92817
38749,-120.75616
38750,-121.56501
38751,-121.840935
38752,-121.73175
38753,-121.359
38754,-120.797516
38755,-120.12221
38756,-119.408005
38757,-118.72992
38758,-118.162926
38759,-117.78203
38760,-117.6455
38761,-117.71692
38762,-117.84139
38763,-117.877914
38764,-117.69597
38765,-117.188156
38766,-116.37883
38767,-115.45725
38768,-114.59356
38769,-113.943375
38770,-113.637245
38771,-113.66361
38772,-113.83324
38773,-113.97778
38774,-113.9448
38775,-113.60857
38776,-112.99589
38777,-112.32435
38778,-111.78916
38779,-111.568665
38780,-111.81084
38781,-112.4915
38782,-113.37136
38783,-114.23673
38784,-114.893166
38785,-115.171524
38786,-115.04649
38787,-114.67275
38788,-114.18382
38789,-113.69734
38790,-113.31822
38791,-113.07859
38792,-112.91959
38793,-112.793045
38794,-112.65882
38795,-112.47685
38796,-112.207016
38797,-111.809235
38798,-111.243385
38799,-110.469315
38800,-110.11829
38801,-110.48392
38802,-109.82566
38803,-108.78497
38804,-107.45801
38805,-105.941
38806,-104.330315
38807,-102.72228
38808,-101.213326
38809,-99.89978
38810,-98.86697
38811,-98.1378
38812,-97.65715
38813,-97.37927
38814,-97.26539
38815,-97.28425
38816,-97.447105
38817,-97.818375
38818,-98.456055
38819,-99.41334
38820,-100.71924
38821,-102.26516
38822,-103.77099
38823,-104.97739
38824,-105.640366
38825,-105.56127
38826,-104.79933
38827,-103.73643
38828,-102.71622
38829,-102.053795
38830,-102.01597
38831,-102.59528
38832,-103.44177
38833,-104.24675
38834,-104.73217
38835,-104.65681
38836,-103.98851
38837,-102.95648
38838,-101.75879
38839,-100.5704
38840,-99.55569
38841,-98.819
38842,-98.38962
38843,-98.305725
38844,-98.61219
38845,-99.353905
38846,-100.57565
38847,-102.32221
38848,-104.63823
38849,-112.568275
38850,-109.428665
38851,-108.715485
38852,-108.83776
38853,-108.93763
38854,-109.02695
38855,-109.11756
38856,-109.22136
38857,-109.35019
38858,-109.51594
38859,-109.73044
38860,-110.00328
38861,-110.33119
38862,-110.69472
38863,-111.07637
38864,-111.46006
38865,-111.83558
38866,-112.225845
38867,-112.69526
38868,-113.303314
38869,-114.10578
38870,-115.14986
38871,-116.43435
38872,-117.89746
38873,-119.48462
38874,-121.14668
38875,-122.83324
38876,-124.486916
38877,-126.041504
38878,-127.43182
38879,-128.5935
38880,-129.46884
38881,-130.03874
38882,-130.33229
38883,-130.3731
38884,-130.1805
38885,-129.77472
38886,-129.1809
38887,-128.4303
38888,-127.55353
38889,-126.58066
38890,-125.54254
38891,-124.47427
38892,-123.41619
38893,-122.40806
38894,-121.48919
38895,-120.698845
38896,-120.07631
38897,-119.660835
38898,-119.49165
38899,-119.60794
38900,-119.3562
38901,-118.15958
38902,-117.396286
38903,-116.68766
38904,-116.01828
38905,-115.372795
38906,-114.73582
38907,-114.09198
38908,-113.42593
38909,-112.72229
38910,-111.9743
38911,-111.224045
38912,-110.57485
38913,-110.12282
38914,-109.95855
38915,-110.15954
38916,-110.72872
38917,-111.575874
38918,-112.62189
38919,-113.79597
38920,-115.019356
38921,-116.16781
38922,-117.06017
38923,-117.522
38924,-117.38377
38925,-116.516205
38926,-115.0203
38927,-113.28577
38928,-111.66908
38929,-110.501434
38930,-110.06776
38931,-110.39064
38932,-111.16499
38933,-112.1247
38934,-113.03301
38935,-113.674255
38936,-113.95189
38937,-113.91817
38938,-113.60771
38939,-113.041916
38940,-112.24837
38941,-111.2898
38942,-110.272896
38943,-109.29919
38944,-108.46634
38945,-107.87203
38946,-107.61384
38947,-107.7893
38948,-108.495865
38949,-109.83085
38950,-110.77082
38951,-110.22
38952,-110.11252
38953,-110.003044
38954,-109.90897
38955,-109.84772
38956,-109.83667
38957,-109.89326
38958,-110.03486
38959,-110.27889
38960,-110.63828
38961,-111.10073
38962,-111.62237
38963,-112.16306
38964,-112.68553
38965,-113.15837
38966,-113.58377
38967,-114.0059
38968,-114.463905
38969,-114.9933
38970,-115.61336
38971,-116.2515
38972,-116.720345
38973,-116.84604
38974,-116.46479
38975,-115.44899
38976,-113.87765
38977,-112.08875
38978,-110.39042
38979,-109.06802
38980,-108.368614
38981,-108.322044
38982,-108.68671
38983,-109.25332
38984,-109.83683
38985,-110.27299
38986,-110.515015
38987,-110.6628
38988,-110.79887
38989,-110.99262
38990,-111.301834
38991,-111.71773
38992,-112.1484
38993,-112.5118
38994,-112.73325
38995,-112.7381
38996,-112.45165
38997,-111.79912
38998,-110.70567
38999,-109.09643
39000,-108.19969
39001,-108.87215
39002,-108.18676
39003,-107.13603
39004,-105.85064
39005,-104.46138
39006,-103.09916
39007,-101.89486
39008,-100.97937
39009,-100.483475
39010,-100.485664
39011,-100.76749
39012,-100.73972
39013,-99.85774
39014,-97.60964
39015,-98.615326
39016,-93.247986
39017,-87.82369
39018,-83.54531
39019,-81.527855
39020,-77.69869
39021,-86.93069
39022,-92.774956
39023,-98.937
39024,-104.2417
39025,-107.66457
39026,-104.00949
39027,-104.10953
39028,-103.672035
39029,-103.31312
39030,-103.57792
39031,-104.603935
39032,-106.01937
39033,-107.51362
39034,-108.82168
39035,-109.712456
39036,-110.14655
39037,-110.32408
39038,-110.41669
39039,-110.57469
39040,-110.92923
39041,-111.50182
39042,-112.17702
39043,-112.8557
39044,-113.450874
39045,-113.87564
39046,-114.04298
39047,-113.865906
39048,-113.25728
39049,-112.12993
39050,-113.67292
39051,-124.05926
39052,-119.260086
39053,-117.63967
39054,-114.69381
39055,-115.9217
39056,-111.82495
39057,-107.906494
39058,-104.66926
39059,-97.61529
39060,-97.1503
39061,-98.13825
39062,-99.76768
39063,-101.30923
39064,-102.09463
39065,-101.554214
39066,-99.67831
39067,-97.157646
39068,-94.59993
39069,-92.55077
39070,-91.49012
39071,-91.52601
39072,-92.302414
39073,-93.519485
39074,-94.91904
39075,-96.27067
39076,-97.50148
39077,-98.735016
39078,-100.071045
39079,-101.5917
39080,-103.357765
39081,-105.30902
39082,-107.23415
39083,-108.94024
39084,-110.247856
39085,-111.00764
39086,-111.24106
39087,-111.183235
39088,-111.043976
39089,-111.014244
39090,-111.26228
39091,-111.82684
39092,-112.58488
39093,-113.43257
39094,-114.28051
39095,-115.03933
39096,-115.61964
39097,-115.93205
39098,-115.88709
39099,-115.39525
39100,-113.35629
39101,-114.896484
39102,-108.752266
39103,-108.491005
39104,-108.92015
39105,-109.84775
39106,-111.08226
39107,-112.4324
39108,-113.707085
39109,-114.71529
39110,-115.28877
39111,-115.38885
39112,-115.13878
39113,-114.6428
39114,-113.99082
39115,-113.27079
39116,-112.55882
39117,-111.91633
39118,-111.40643
39119,-111.09352
39120,-111.0313
39121,-111.2126
39122,-111.55426
39123,-111.98211
39124,-112.428764
39125,-112.831474
39126,-113.15357
39127,-113.39105
39128,-113.53602
39129,-113.57768
39130,-113.511505
39131,-113.36841
39132,-113.22371
39133,-113.147514
39134,-113.20596
39135,-113.4468
39136,-113.81305
39137,-114.116844
39138,-114.18582
39139,-113.859184
39140,-113.00478
39141,-111.65404
39142,-110.04314
39143,-108.38451
39144,-106.87253
39145,-105.70155
39146,-105.06584
39147,-105.15943
39148,-106.176155
39149,-108.30937
39150,-110.394295
39151,-110.7912
39152,-111.24193
39153,-111.4646
39154,-111.50774
39155,-111.41985
39156,-111.24954
39157,-111.045364
39158,-110.85592
39159,-110.72981
39160,-110.70527
39161,-110.76158
39162,-110.804375
39163,-110.747955
39164,-110.51325
39165,-110.04177
39166,-109.39253
39167,-108.771484
39168,-108.36725
39169,-108.35539
39170,-108.88307
39171,-109.936485
39172,-111.300995
39173,-112.785995
39174,-114.218895
39175,-115.44417
39176,-116.40236
39177,-117.154076
39178,-117.74568
39179,-118.212906
39180,-118.58865
39181,-118.88989
39182,-119.11359
39183,-119.25906
39184,-119.327415
39185,-119.3215
39186,-119.25413
39187,-119.15063
39188,-119.03488
39189,-118.92966
39190,-118.85173
39191,-118.783775
39192,-118.66584
39193,-118.44293
39194,-118.06378
39195,-117.47718
39196,-116.63178
39197,-115.47632
39198,-113.9594
39199,-112.02962
39200,-110.88627
39201,-111.45541
39202,-111.04693
39203,-110.47094
39204,-109.78943
39205,-109.06447
39206,-108.35812
39207,-107.732475
39208,-107.249596
39209,-106.97152
39210,-106.93725
39211,-107.054825
39212,-107.06862
39213,-106.74256
39214,-105.855034
39215,-104.244
39216,-102.08713
39217,-99.9872
39218,-98.496864
39219,-98.130684
39220,-99.30946
39221,-101.92447
39222,-110.20669
39223,-113.46778
39224,-116.07956
39225,-112.497696
39226,-112.65125
39227,-112.06075
39228,-111.176636
39229,-110.397415
39230,-110.07443
39231,-110.28853
39232,-110.782394
39233,-111.33875
39234,-111.77053
39235,-111.91642
39236,-111.76104
39237,-111.47162
39238,-111.19384
39239,-111.0572
39240,-111.17461
39241,-111.56474
39242,-112.12851
39243,-112.78078
39244,-113.44694
39245,-114.05235
39246,-114.522446
39247,-114.7826
39248,-114.75816
39249,-114.37441
39250,-114.60356
39251,-116.174965
39252,-116.799286
39253,-117.17279
39254,-117.34769
39255,-117.37623
39256,-117.31066
39257,-117.20331
39258,-117.10647
39259,-117.072495
39260,-117.14046
39261,-117.27431
39262,-117.34395
39263,-117.23032
39264,-116.82264
39265,-116.0429
39266,-114.99995
39267,-114.036606
39268,-113.468506
39269,-113.59047
39270,-114.63732
39271,-116.504326
39272,-118.66323
39273,-120.63658
39274,-121.98505
39275,-122.33073
39276,-121.645744
39277,-120.34078
39278,-118.77618
39279,-117.27413
39280,-116.125084
39281,-115.43668
39282,-115.087776
39283,-114.98376
39284,-115.05032
39285,-115.2144
39286,-115.40963
39287,-115.57808
39288,-115.66078
39289,-115.59806
39290,-115.34213
39291,-114.91293
39292,-114.41513
39293,-113.94353
39294,-113.58541
39295,-113.42807
39296,-113.55873
39297,-114.064606
39298,-115.03281
39299,-116.550285
39300,-117.0749
39301,-115.53868
39302,-115.63566
39303,-116.1901
39304,-117.088295
39305,-118.21672
39306,-119.46198
39307,-120.71079
39308,-121.8499
39309,-122.766075
39310,-123.35737
39311,-123.58607
39312,-123.494865
39313,-123.11713
39314,-122.479126
39315,-121.61677
39316,-120.62029
39317,-119.648125
39318,-118.850914
39319,-118.37323
39320,-118.33638
39321,-118.72955
39322,-119.37679
39323,-120.121475
39324,-120.821754
39325,-121.35986
39326,-121.75456
39327,-122.19552
39328,-122.8525
39329,-123.88008
39330,-125.416664
39331,-127.50911
39332,-130.08992
39333,-138.10501
39334,-141.51038
39335,-145.22713
39336,-148.9778
39337,-152.23679
39338,-154.50723
39339,-150.31285
39340,-149.25533
39341,-146.39066
39342,-147.34944
39343,-142.70378
39344,-137.97914
39345,-133.7022
39346,-130.39946
39347,-123.596
39348,-123.81459
39349,-126.57487
39350,-127.765175
39351,-128.15465
39352,-121.05647
39353,-119.38695
39354,-118.13387
39355,-117.28513
39356,-116.82858
39357,-116.75219
39358,-117.04388
39359,-117.69161
39360,-118.65916
39361,-119.772354
39362,-120.68481
39363,-121.070435
39364,-120.61818
39365,-119.08826
39366,-116.64955
39367,-113.98387
39368,-111.71503
39369,-110.42178
39370,-110.583954
39371,-112.12283
39372,-114.263
39373,-116.31291
39374,-117.64399
39375,-117.71565
39376,-116.4872
39377,-114.54406
39378,-112.399315
39379,-110.51162
39380,-109.28799
39381,-108.84073
39382,-108.91355
39383,-109.29365
39384,-109.80116
39385,-110.27199
39386,-110.63082
39387,-110.91325
39388,-111.14167
39389,-111.32862
39390,-111.4865
39391,-111.62707
39392,-111.76118
39393,-111.8998
39394,-112.054
39395,-112.234825
39396,-112.45331
39397,-112.72051
39398,-113.047485
39399,-113.445274
39400,-114.98254
39401,-117.80419
39402,-118.572914
39403,-118.58117
39404,-118.02514
39405,-117.10151
39406,-116.00734
39407,-114.93998
39408,-114.09686
39409,-113.6754
39410,-113.83501
39411,-114.51981
39412,-115.40499
39413,-116.19769
39414,-116.62906
39415,-116.469215
39416,-115.71026
39417,-114.62218
39418,-113.44266
39419,-112.384964
39420,-111.63885
39421,-111.25989
39422,-111.13587
39423,-111.17431
39424,-111.29768
39425,-111.43788
39426,-111.58017
39427,-111.77658
39428,-112.071236
39429,-112.50229
39430,-113.09651
39431,-113.81572
39432,-114.54064
39433,-115.1616
39434,-115.57614
39435,-115.69866
39436,-115.539246
39437,-115.2278
39438,-114.88018
39439,-114.60171
39440,-114.48684
39441,-114.56836
39442,-114.80194
39443,-115.152306
39444,-115.59102
39445,-116.08965
39446,-116.61981
39447,-117.15308
39448,-117.66108
39449,-118.115395
39450,-117.27683
39451,-114.574684
39452,-113.241234
39453,-112.226364
39454,-111.44105
39455,-110.796394
39456,-110.2036
39457,-109.57386
39458,-108.818436
39459,-107.84855
39460,-106.59979
39461,-105.14629
39462,-103.73548
39463,-102.594345
39464,-101.93444
39465,-101.93308
39466,-102.57404
39467,-103.599464
39468,-104.7806
39469,-105.910416
39470,-106.80565
39471,-107.41727
39472,-107.86393
39473,-108.24423
39474,-108.64181
39475,-109.12514
39476,-109.676384
39477,-110.169876
39478,-110.49278
39479,-110.54187
39480,-110.23738
39481,-109.63339
39482,-108.951324
39483,-108.39292
39484,-108.14508
39485,-108.3669
39486,-109.05953
39487,-110.02702
39488,-111.096954
39489,-112.11458
39490,-112.94308
39491,-113.54722
39492,-114.01874
39493,-114.434296
39494,-114.859276
39495,-115.35911
39496,-115.99915
39497,-116.84481
39498,-117.961426
39499,-119.41431
39500,-127.52977
39501,-131.9951
39502,-128.00945
39503,-127.57005
39504,-126.01548
39505,-123.68613
39506,-120.92405
39507,-123.07241
39508,-120.4748
39509,-113.47488
39510,-112.37333
39511,-112.2288
39512,-112.79757
39513,-113.871544
39514,-115.269745
39515,-116.80856
39516,-118.287506
39517,-119.48507
39518,-120.18215
39519,-120.16136
39520,-119.25232
39521,-117.55414
39522,-115.504
39523,-113.500595
39524,-111.91318
39525,-111.06029
39526,-110.97265
39527,-111.321266
39528,-111.81971
39529,-112.21372
39530,-112.28263
39531,-111.995834
39532,-111.56039
39533,-111.1553
39534,-110.93855
39535,-111.048775
39536,-111.51441
39537,-112.22627
39538,-113.09153
39539,-114.02962
39540,-114.96542
39541,-115.85463
39542,-116.691414
39543,-117.46536
39544,-118.162674
39545,-118.769554
39546,-119.27214
39547,-119.65663
39548,-119.909195
39549,-120.01601
39550,-121.986244
39551,-131.5508
39552,-128.05077
39553,-128.4377
39554,-127.91933
39555,-126.70418
39556,-125.001625
39557,-123.02161
39558,-120.9745
39559,-119.070946
39560,-117.49702
39561,-116.29966
39562,-115.35135
39563,-114.54479
39564,-113.788055
39565,-113.01008
39566,-112.257744
39567,-111.72554
39568,-111.59059
39569,-112.01684
39570,-113.13712
39571,-114.90846
39572,-117.0685
39573,-119.38122
39574,-121.63042
39575,-123.604836
39576,-125.12057
39577,-126.02758
39578,-126.17156
39579,-125.39475
39580,-123.58802
39581,-120.92125
39582,-122.91509
39583,-120.05134
39584,-112.781395
39585,-111.49595
39586,-111.24221
39587,-111.63823
39588,-112.35278
39589,-113.09315
39590,-113.59743
39591,-113.77746
39592,-113.76204
39593,-113.65436
39594,-113.53833
39595,-113.49793
39596,-113.61712
39597,-113.97983
39598,-114.66998
39599,-115.77137
39600,-117.175674
39601,-118.61408
39602,-120.148384
39603,-121.62852
39604,-122.94535
39605,-123.989716
39606,-124.65239
39607,-124.82406
39608,-124.39518
39609,-123.25603
39610,-121.35144
39611,-118.938
39612,-116.66373
39613,-115.13239
39614,-114.91293
39615,-116.47233
39616,-119.704865
39617,-128.79155
39618,-133.00008
39619,-136.66362
39620,-139.18294
39621,-135.33743
39622,-135.37987
39623,-134.50803
39624,-132.87862
39625,-130.65407
39626,-128.02591
39627,-130.22206
39628,-127.46682
39629,-124.98141
39630,-117.963455
39631,-116.47675
39632,-115.417465
39633,-114.70106
39634,-114.25783
39635,-114.01675
39636,-113.898575
39637,-113.8138
39638,-113.674164
39639,-113.39231
39640,-112.89756
39641,-112.214066
39642,-111.48453
39643,-110.83777
39644,-110.39214
39645,-110.2659
39646,-110.57727
39647,-111.444336
39648,-112.98504
39649,-115.31705
39650,-117.115204
39651,-116.78513
39652,-116.5447
39653,-116.017586
39654,-115.28924
39655,-114.44511
39656,-113.570755
39657,-112.75178
39658,-112.07373
39659,-111.6222
39660,-111.46838
39661,-111.60211
39662,-111.91152
39663,-112.29679
39664,-112.66715
39665,-112.94761
39666,-113.152596
39667,-113.40821
39668,-113.82745
39669,-114.513275
39670,-115.54391
39671,-116.857056
39672,-118.21482
39673,-119.40026
39674,-120.21205
39675,-120.47414
39676,-120.1548
39677,-119.403076
39678,-118.34698
39679,-117.09878
39680,-115.771904
39681,-114.48609
39682,-113.36885
39683,-112.54675
39684,-112.14559
39685,-112.26562
39686,-112.86228
39687,-113.710205
39688,-114.60557
39689,-115.360725
39690,-115.809555
39691,-115.90808
39692,-115.76505
39693,-115.471275
39694,-115.104034
39695,-114.74065
39696,-114.45848
39697,-114.334915
39698,-114.447235
39699,-114.87276
39700,-114.72887
39701,-113.29774
39702,-112.605965
39703,-112.102066
39704,-111.7786
39705,-111.62807
39706,-111.643
39707,-111.815926
39708,-112.139404
39709,-112.60595
39710,-113.19785
39711,-113.839005
39712,-114.38036
39713,-114.68151
39714,-114.608505
39715,-114.059456
39716,-113.115585
39717,-112.08727
39718,-111.25824
39719,-110.8919
39720,-111.20512
39721,-112.150665
39722,-113.35159
39723,-114.470314
39724,-115.19882
39725,-115.26956
39726,-114.6454
39727,-113.57764
39728,-112.28378
39729,-110.95615
39730,-109.77493
39731,-108.85151
39732,-108.21097
39733,-107.888504
39734,-107.92687
39735,-108.35556
39736,-109.12825
39737,-110.10414
39738,-111.15376
39739,-112.156105
39740,-112.99992
39741,-113.62896
39742,-114.05569
39743,-114.28439
39744,-114.31325
39745,-114.14045
39746,-113.76418
39747,-113.18258
39748,-112.39387
39749,-111.39619
39750,-111.74754
39751,-114.02804
39752,-113.90255
39753,-112.91435
39754,-111.255615
39755,-109.119026
39756,-106.69774
39757,-104.18519
39758,-101.774925
39759,-99.66042
39760,-98.022415
39761,-96.96963
39762,-96.52097
39763,-96.70607
39764,-97.56253
39765,-99.0944
39766,-101.11507
39767,-103.20015
39768,-104.95429
39769,-106.00361
39770,-106.03843
39771,-105.1148
39772,-103.746284
39773,-102.392365
39774,-101.47213
39775,-101.353584
39776,-102.11459
39777,-103.47067
39778,-105.18095
39779,-107.0371
39780,-108.842896
39781,-110.46973
39782,-111.873314
39783,-112.99926
39784,-113.78556
39785,-114.17751
39786,-114.16211
39787,-113.77839
39788,-113.05933
39789,-112.03329
39790,-110.73837
39791,-109.268074
39792,-107.78523
39793,-106.44457
39794,-105.394646
39795,-104.78397
39796,-104.760895
39797,-105.47363
39798,-107.07016
39799,-109.698105
39800,-110.471344
39801,-106.941864
39802,-105.34423
39803,-104.08057
39804,-103.17652
39805,-102.65776
39806,-102.549965
39807,-102.878746
39808,-103.66978
39809,-104.9486
39810,-106.71405
39811,-108.812874
39812,-110.90222
39813,-112.6623
39814,-113.79032
39815,-114.03866
39816,-113.47412
39817,-112.55723
39818,-111.702515
39819,-111.28995
39820,-111.63842
39821,-112.71992
39822,-114.073135
39823,-115.288536
39824,-115.99532
39825,-115.87534
39826,-114.90993
39827,-113.45548
39828,-111.82486
39829,-110.298065
39830,-109.12021
39831,-108.33729
39832,-107.74621
39833,-107.1733
39834,-106.46701
39835,-105.51034
39836,-104.38255
39837,-103.408226
39838,-102.88288
39839,-103.080055
39840,-104.22704
39841,-106.28985
39842,-108.90846
39843,-116.76249
39844,-119.56101
39845,-122.01354
39846,-118.829636
39847,-119.71856
39848,-119.38894
39849,-117.54831
39850,-115.57737
39851,-115.484535
39852,-115.17259
39853,-115.02614
39854,-115.01943
39855,-115.12675
39856,-115.32237
39857,-115.580605
39858,-115.87573
39859,-116.18208
39860,-116.47168
39861,-116.70367
39862,-116.82103
39863,-116.76866
39864,-116.49285
39865,-115.95356
39866,-115.18873
39867,-114.33389
39868,-113.51329
39869,-112.84249
39870,-112.42168
39871,-112.263435
39872,-112.27077
39873,-112.35961
39874,-112.45566
39875,-112.48611
39876,-112.38672
39877,-112.10386
39878,-111.58266
39879,-110.76724
39880,-109.62254
39881,-108.23189
39882,-106.82682
39883,-105.621506
39884,-104.81694
39885,-104.587524
39886,-104.95702
39887,-105.76112
39888,-106.85803
39889,-108.12283
39890,-109.43487
39891,-110.69711
39892,-111.841995
39893,-112.798454
39894,-113.49276
39895,-113.851166
39896,-113.799805
39897,-113.264786
39898,-112.17208
39899,-110.44755
39900,-110.47693
39901,-113.66702
39902,-114.06387
39903,-113.69306
39904,-112.799805
39905,-111.62991
39906,-110.42959
39907,-109.445244
39908,-108.92333
39909,-109.11006
39910,-110.1916
39911,-112.014145
39912,-113.99986
39913,-115.62211
39914,-116.39224
39915,-115.89953
39916,-114.17766
39917,-111.8178
39918,-109.34691
39919,-107.24348
39920,-105.93486
39921,-105.55712
39922,-105.88241
39923,-106.72602
39924,-107.935844
39925,-109.35892
39926,-110.83661
39927,-112.2031
39928,-113.2935
39929,-113.94353
39930,-114.01341
39931,-113.50357
39932,-112.58976
39933,-111.42725
39934,-110.15588
39935,-108.91768
39936,-107.86599
39937,-107.168434
39938,-106.99085
39939,-107.49764
39940,-108.82102
39941,-110.911545
39942,-113.49316
39943,-121.31727
39944,-124.155815
39945,-126.781044
39946,-123.965294
39947,-125.48082
39948,-126.09948
39949,-125.59246
39950,-123.39608
39951,-125.11302
39952,-118.17582
39953,-116.731575
39954,-115.74313
39955,-115.17341
39956,-114.98541
39957,-115.142235
39958,-115.60701
39959,-116.342926
39960,-117.30192
39961,-118.371666
39962,-119.359695
39963,-120.08299
39964,-120.365616
39965,-120.06734
39966,-119.25157
39967,-118.237045
39968,-117.31305
39969,-116.74657
39970,-116.76931
39971,-117.413025
39972,-118.45947
39973,-119.71983
39974,-121.02766
39975,-122.225716
39976,-123.2087
39977,-123.936134
39978,-124.35989
39979,-124.42606
39980,-124.0976
39981,-123.43391
39982,-122.615234
39983,-121.808075
39984,-121.168365
39985,-120.82568
39986,-120.75978
39987,-120.76283
39988,-120.64885
39989,-120.24838
39990,-119.418434
39991,-118.16692
39992,-116.69077
39993,-115.16525
39994,-113.749016
39995,-112.60069
39996,-111.87889
39997,-111.74201
39998,-112.34829
39999,-113.85561
40000,-113.50385
40001,-114.45608
40002,-108.45042
40003,-108.307625
40004,-108.80546
40005,-109.722336
40006,-110.837135
40007,-111.92893
40008,-112.776985
40009,-113.160515
40010,-112.901306
40011,-112.06356
40012,-111.015
40013,-110.08792
40014,-109.58779
40015,-109.766365
40016,-110.57004
40017,-111.56405
40018,-112.3592
40019,-112.60032
40020,-111.99416
40021,-110.60044
40022,-108.920876
40023,-107.4056
40024,-106.46587
40025,-106.450676
40026,-107.3563
40027,-108.73883
40028,-110.20719
40029,-111.40991
40030,-112.03702
40031,-112.01345
40032,-111.55778
40033,-110.85382
40034,-110.05943
40035,-109.32331
40036,-108.74113
40037,-108.34223
40038,-108.16381
40039,-108.248856
40040,-108.63086
40041,-109.28906
40042,-110.13503
40043,-111.088425
40044,-112.07496
40045,-113.02038
40046,-113.85045
40047,-114.49092
40048,-114.867546
40049,-114.90596
40050,-112.99723
40051,-113.804794
40052,-107.111855
40053,-106.292564
40054,-106.20551
40055,-106.70985
40056,-107.66498
40057,-108.9306
40058,-110.366554
40059,-111.83276
40060,-113.19349
40061,-114.33674
40062,-115.1802
40063,-115.63801
40064,-115.6215
40065,-115.06805
40066,-114.063354
40067,-112.87896
40068,-111.76488
40069,-110.954796
40070,-110.64278
40071,-110.79794
40072,-111.10829
40073,-111.29522
40074,-111.10517
40075,-110.31851
40076,-108.9091
40077,-107.09288
40078,-105.05746
40079,-102.96912
40080,-100.993324
40081,-99.29056
40082,-98.014946
40083,-97.32126
40084,-97.36469
40085,-98.25926
40086,-99.885704
40087,-101.83372
40088,-103.728424
40089,-105.22124
40090,-106.0067
40091,-106.02378
40092,-105.51676
40093,-104.69346
40094,-103.73463
40095,-102.821205
40096,-102.13414
40097,-101.85435
40098,-102.162674
40099,-103.239784
40100,-104.92809
40101,-106.43694
40102,-107.42579
40103,-108.17295
40104,-108.739
40105,-109.1845
40106,-109.570045
40107,-109.95625
40108,-110.40378
40109,-110.9732
40110,-111.70988
40111,-112.57225
40112,-113.41023
40113,-114.086685
40114,-114.47409
40115,-114.46337
40116,-114.050545
40117,-113.36313
40118,-112.51323
40119,-111.60138
40120,-110.723366
40121,-109.947685
40122,-109.30864
40123,-108.84457
40124,-108.59679
40125,-108.59752
40126,-108.82733
40127,-109.20228
40128,-109.64607
40129,-110.08823
40130,-110.46277
40131,-110.72944
40132,-110.88004
40133,-110.90262
40134,-110.78228
40135,-110.51255
40136,-110.1343
40137,-109.747765
40138,-109.44616
40139,-109.3174
40140,-109.435646
40141,-109.79645
40142,-110.29727
40143,-110.84726
40144,-111.364334
40145,-111.76638
40146,-111.971306
40147,-111.896996
40148,-111.461266
40149,-110.58186
40150,-108.9528
40151,-107.10236
40152,-106.70341
40153,-106.913994
40154,-107.54761
40155,-108.418076
40156,-109.33943
40157,-110.12583
40158,-110.59143
40159,-110.55037
40160,-109.85694
40161,-108.59467
40162,-107.134125
40163,-105.81224
40164,-104.940605
40165,-104.78061
40166,-105.30901
40167,-106.14714
40168,-106.959015
40169,-107.44049
40170,-107.32979
40171,-106.605736
40172,-105.54799
40173,-104.4006
40174,-103.380974
40175,-102.682
40176,-102.35698
40177,-102.28469
40178,-102.36481
40179,-102.51258
40180,-102.6536
40181,-102.77223
40182,-102.92617
40183,-103.16436
40184,-103.52915
40185,-104.060005
40186,-104.779724
40187,-105.69045
40188,-106.79677
40189,-108.10509
40190,-109.60798
40191,-111.21917
40192,-112.75402
40193,-114.03973
40194,-114.912224
40195,-115.207375
40196,-114.760735
40197,-113.40757
40198,-110.98275
40199,-112.32072
40200,-107.14685
40201,-118.62745
40202,-120.45638
40203,-116.12505
40204,-115.88987
40205,-115.00793
40206,-113.737114
40207,-112.33587
40208,-111.06298
40209,-110.1773
40210,-109.8968
40211,-110.20766
40212,-110.80643
40213,-111.42418
40214,-111.81781
40215,-111.77175
40216,-111.22627
40217,-110.316666
40218,-109.15522
40219,-107.83699
40220,-106.4652
40221,-105.18903
40222,-104.215096
40223,-103.74311
40224,-103.96754
40225,-105.03083
40226,-106.78077
40227,-108.69768
40228,-110.306435
40229,-111.16501
40230,-110.89789
40231,-109.50916
40232,-107.47828
40233,-105.22914
40234,-103.144035
40235,-101.573875
40236,-100.69016
40237,-100.44017
40238,-100.79781
40239,-101.75697
40240,-103.2954
40241,-105.299286
40242,-107.54052
40243,-109.80499
40244,-111.888985
40245,-113.5889
40246,-114.70104
40247,-115.02151
40248,-114.34594
40249,-112.46944
40250,-111.130135
40251,-111.96372
40252,-111.29617
40253,-110.296814
40254,-109.11953
40255,-107.91834
40256,-106.847336
40257,-106.06061
40258,-105.7122
40259,-105.95596
40260,-106.90625
40261,-108.453285
40262,-110.20769
40263,-111.81392
40264,-112.94158
40265,-113.312
40266,-112.94077
40267,-112.21167
40268,-111.46522
40269,-111.00959
40270,-111.10538
40271,-111.74269
40272,-112.573784
40273,-113.29104
40274,-113.61703
40275,-113.31824
40276,-112.410965
40277,-111.22428
40278,-110.050766
40279,-109.155396
40280,-108.76559
40281,-108.89509
40282,-109.29077
40283,-109.7312
40284,-110.01881
40285,-109.98356
40286,-109.61183
40287,-109.085495
40288,-108.56331
40289,-108.186714
40290,-108.08142
40291,-108.283714
40292,-108.71808
40293,-109.32234
40294,-110.044304
40295,-110.83175
40296,-111.6325
40297,-112.39441
40298,-113.06532
40299,-113.59305
40300,-114.07754
40301,-114.55751
40302,-114.660324
40303,-114.582275
40304,-114.381615
40305,-114.11661
40306,-113.84552
40307,-113.62666
40308,-113.518326
40309,-113.578804
40310,-113.85626
40311,-114.34136
40312,-114.95296
40313,-115.6184
40314,-116.27145
40315,-116.84766
40316,-117.292854
40317,-117.56566
40318,-117.62315
40319,-117.4213
40320,-116.92831
40321,-116.18246
40322,-115.30978
40323,-114.4261
40324,-113.6396
40325,-113.04909
40326,-112.70055
40327,-112.573845
40328,-112.65654
40329,-112.94214
40330,-113.41866
40331,-114.04351
40332,-114.73567
40333,-115.41871
40334,-116.01964
40335,-116.47974
40336,-116.82164
40337,-117.16962
40338,-117.63603
40339,-118.324196
40340,-119.31497
40341,-120.56167
40342,-121.85827
40343,-123.01758
40344,-123.86657
40345,-124.23209
40346,-123.9408
40347,-122.81898
40348,-120.6925
40349,-122.38668
40350,-119.1074
40351,-112.71848
40352,-111.723015
40353,-111.235435
40354,-111.16181
40355,-111.40835
40356,-111.881386
40357,-112.48739
40358,-113.13283
40359,-113.72428
40360,-114.175095
40361,-114.43733
40362,-114.511444
40363,-114.39212
40364,-114.069756
40365,-113.54406
40366,-112.86771
40367,-112.15961
40368,-111.53098
40369,-111.087135
40370,-110.91515
40371,-110.99862
40372,-111.1917
40373,-111.363945
40374,-111.39636
40375,-111.19974
40376,-110.85376
40377,-110.649475
40378,-110.85294
40379,-111.71132
40380,-113.411514
40381,-115.79951
40382,-118.29615
40383,-120.37363
40384,-121.54225
40385,-121.39102
40386,-119.959335
40387,-117.851494
40388,-115.60753
40389,-113.7187
40390,-112.619865
40391,-112.42432
40392,-112.84322
40393,-113.63497
40394,-114.593925
40395,-115.51464
40396,-116.19186
40397,-116.42024
40398,-115.9943
40399,-114.70821
40400,-112.615845
40401,-110.60714
40402,-109.484856
40403,-108.7996
40404,-108.47606
40405,-108.43898
40406,-108.613235
40407,-108.92378
40408,-109.29557
40409,-109.65362
40410,-109.92695
40411,-110.06728
40412,-110.05478
40413,-109.86617
40414,-109.475685
40415,-108.86994
40416,-108.10619
40417,-107.33009
40418,-106.67684
40419,-106.27382
40420,-106.22782
40421,-106.52937
40422,-107.02355
40423,-107.57287
40424,-108.05279
40425,-108.36192
40426,-108.52994
40427,-108.7504
40428,-109.19727
40429,-110.03002
40430,-111.36979
40431,-113.12118
40432,-114.91836
40433,-116.42809
40434,-117.341255
40435,-117.39604
40436,-116.600876
40437,-115.30255
40438,-113.808716
40439,-112.39746
40440,-111.319756
40441,-110.67118
40442,-110.35306
40443,-110.28944
40444,-110.42167
40445,-110.69115
40446,-111.039314
40447,-111.40759
40448,-111.737495
40449,-111.97047
40450,-111.69701
40451,-110.892296
40452,-110.766525
40453,-110.85126
40454,-111.07611
40455,-111.3707
40456,-111.66472
40457,-111.88782
40458,-111.96969
40459,-111.84002
40460,-111.44133
40461,-110.78938
40462,-109.991615
40463,-109.1447
40464,-108.3372
40465,-107.65983
40466,-107.21558
40467,-107.12272
40468,-107.49759
40469,-108.45508
40470,-110.07023
40471,-112.19241
40472,-114.38952
40473,-116.2635
40474,-117.441635
40475,-117.61073
40476,-116.79768
40477,-115.45536
40478,-113.98739
40479,-112.76024
40480,-112.09813
40481,-112.08426
40482,-112.500465
40483,-113.16408
40484,-113.91929
40485,-114.61894
40486,-115.1641
40487,-115.51605
40488,-115.62888
40489,-115.45139
40490,-114.94648
40491,-114.15793
40492,-113.23074
40493,-112.29813
40494,-111.48441
40495,-110.91387
40496,-110.710785
40497,-110.99928
40498,-111.90337
40499,-113.5469
40500,-114.88826
40501,-114.53054
40502,-114.07229
40503,-113.3513
40504,-112.48558
40505,-111.593185
40506,-110.79225
40507,-110.20094
40508,-109.937325
40509,-110.11944
40510,-110.83471
40511,-111.99729
40512,-113.305016
40513,-114.48164
40514,-115.27032
40515,-115.45634
40516,-115.06504
40517,-114.42218
40518,-113.81838
40519,-113.51788
40520,-113.75131
40521,-114.55884
40522,-115.742485
40523,-117.132515
40524,-118.58049
40525,-119.94344
40526,-121.1091
40527,-122.00351
40528,-122.54813
40529,-122.66092
40530,-122.2788
40531,-121.44685
40532,-120.345795
40533,-119.140816
40534,-117.98536
40535,-117.01819
40536,-116.29434
40537,-115.76407
40538,-115.38977
40539,-115.14312
40540,-114.9963
40541,-114.92429
40542,-114.905556
40543,-114.918144
40544,-114.93981
40545,-114.94834
40546,-114.92148
40547,-114.83699
40548,-114.672615
40549,-114.40612
40550,-114.36412
40551,-114.68834
40552,-114.4682
40553,-114.07079
40554,-113.567406
40555,-113.029335
40556,-112.52795
40557,-112.1346
40558,-111.92063
40559,-111.95736
40560,-112.30868
40561,-112.99625
40562,-113.98912
40563,-115.26256
40564,-116.7965
40565,-118.551445
40566,-120.37736
40567,-121.98616
40568,-123.10618
40569,-123.47779
40570,-122.89134
40571,-121.423584
40572,-119.510826
40573,-117.54868
40574,-115.90166
40575,-114.889595
40576,-114.57792
40577,-114.71394
40578,-115.08222
40579,-115.49563
40580,-115.7866
40581,-115.89771
40582,-115.90918
40583,-115.88502
40584,-115.877106
40585,-115.928734
40586,-116.034546
40587,-116.12837
40588,-116.15114
40589,-116.0492
40590,-115.776634
40591,-115.33173
40592,-114.76796
40593,-114.13241
40594,-113.46725
40595,-112.814644
40596,-112.21681
40597,-111.71593
40598,-111.35419
40599,-111.17375
40600,-111.86952
40601,-113.581055
40602,-114.25129
40603,-114.55326
40604,-114.527824
40605,-114.215866
40606,-113.6583
40607,-112.89611
40608,-111.970276
40609,-110.92186
40610,-109.80455
40611,-108.74396
40612,-107.95566
40613,-107.64459
40614,-108.0075
40615,-109.18459
40616,-110.99567
40617,-112.86089
40618,-114.24875
40619,-114.66343
40620,-113.697815
40621,-111.452255
40622,-108.66355
40623,-110.99544
40624,-104.055916
40625,-103.36909
40626,-103.98371
40627,-105.355385
40628,-107.01099
40629,-108.53091
40630,-109.54541
40631,-109.96609
40632,-110.05586
40633,-110.03573
40634,-110.09554
40635,-110.40361
40636,-111.005295
40637,-111.79237
40638,-112.67486
40639,-113.5765
40640,-114.42473
40641,-115.167915
40642,-115.78064
40643,-116.23436
40644,-116.49816
40645,-116.541176
40646,-116.332436
40647,-115.841034
40648,-115.03594
40649,-113.8862
40650,-113.58687
40651,-115.00108
40652,-115.39482
40653,-115.5951
40654,-115.66199
40655,-115.65557
40656,-115.63602
40657,-115.663445
40658,-115.79803
40659,-116.0999
40660,-116.609886
40661,-117.25914
40662,-117.841705
40663,-118.16781
40664,-118.05974
40665,-117.37393
40666,-116.16145
40667,-114.71731
40668,-113.30841
40669,-112.18019
40670,-111.53884
40671,-111.367096
40672,-111.36843
40673,-111.279274
40674,-110.861015
40675,-109.91441
40676,-108.46492
40677,-106.819145
40678,-105.25078
40679,-104.00861
40680,-103.31086
40681,-103.20225
40682,-103.510796
40683,-104.09048
40684,-104.814644
40685,-105.562256
40686,-106.24384
40687,-106.8092
40688,-107.20341
40689,-107.36808
40690,-107.25667
40691,-106.89044
40692,-106.37547
40693,-105.80777
40694,-105.2758
40695,-104.868065
40696,-104.67306
40697,-104.77924
40698,-105.27503
40699,-106.24876
40700,-106.970245
40701,-106.92779
40702,-107.93391
40703,-109.30933
40704,-110.93179
40705,-112.679146
40706,-114.42931
40707,-116.06034
40708,-117.45028
40709,-118.47712
40710,-119.03409
40711,-119.10135
40712,-118.76777
40713,-118.10956
40714,-117.193375
40715,-116.09274
40716,-114.91987
40717,-113.83538
40718,-112.994286
40719,-112.54724
40720,-112.61317
40721,-113.1309
40722,-113.814384
40723,-114.404274
40724,-114.66135
40725,-114.387505
40726,-113.6192
40727,-112.68639
40728,-111.88478
40729,-111.484116
40730,-111.72104
40731,-112.64391
40732,-114.0661
40733,-115.82889
40734,-117.7946
40735,-119.820206
40736,-121.731285
40737,-123.3141
40738,-124.35956
40739,-124.66177
40740,-124.05178
40741,-122.57299
40742,-120.53529
40743,-118.218575
40744,-115.879776
40745,-113.77605
40746,-112.164505
40747,-111.30195
40748,-111.44475
40749,-112.84867
40750,-115.02119
40751,-116.90355
40752,-118.94221
40753,-120.92358
40754,-122.717834
40755,-124.19514
40756,-125.225555
40757,-125.679016
40758,-125.42519
40759,-124.33344
40760,-122.32195
40761,-119.5888
40762,-121.683655
40763,-119.11704
40764,-112.368645
40765,-111.8487
40766,-112.57569
40767,-114.07909
40768,-115.94658
40769,-117.81003
40770,-119.33153
40771,-120.34211
40772,-120.88377
40773,-120.97347
40774,-120.60941
40775,-119.80445
40776,-118.654526
40777,-117.35983
40778,-116.10864
40779,-115.08017
40780,-114.43192
40781,-114.19854
40782,-114.26082
40783,-114.51764
40784,-114.88157
40785,-115.26621
40786,-115.590935
40787,-115.78223
40788,-115.76573
40789,-115.46641
40790,-114.827065
40791,-113.89215
40792,-112.8334
40793,-111.80772
40794,-110.96081
40795,-110.43838
40796,-110.38599
40797,-110.94907
40798,-112.27288
40799,-114.50232
40800,-116.34093
40801,-116.346924
40802,-116.91067
40803,-117.442665
40804,-117.93079
40805,-118.36291
40806,-118.7269
40807,-119.010605
40808,-119.2019
40809,-119.28863
40810,-119.26647
40811,-119.17557
40812,-119.11167
40813,-119.164085
40814,-119.41719
40815,-119.93535
40816,-120.66934
40817,-121.428
40818,-122.03681
40819,-122.33383
40820,-122.17789
40821,-121.546364
40822,-120.56522
40823,-119.34327
40824,-117.97641
40825,-116.55785
40826,-115.16558
40827,-113.858284
40828,-112.69691
40829,-111.74407
40830,-111.05676
40831,-110.66022
40832,-110.53997
40833,-110.68623
40834,-111.09273
40835,-111.74836
40836,-112.614395
40837,-113.617676
40838,-114.689156
40839,-115.762886
40840,-116.77443
40841,-117.6679
40842,-118.39802
40843,-118.918274
40844,-119.18113
40845,-119.13907
40846,-118.74448
40847,-117.9497
40848,-116.70704
40849,-114.96874
40850,-114.39428
40851,-116.11506
40852,-116.22264
40853,-115.9454
40854,-115.39306
40855,-114.67545
40856,-113.90257
40857,-113.18443
40858,-112.631096
40859,-112.35255
40860,-112.44496
40861,-112.92587
40862,-113.71465
40863,-114.74226
40864,-115.948494
40865,-117.26865
40866,-118.61272
40867,-119.85901
40868,-120.88958
40869,-121.58928
40870,-121.861115
40871,-121.7117
40872,-121.277466
40873,-120.679825
40874,-120.02884
40875,-119.42577
40876,-118.92142
40877,-118.50329
40878,-118.16625
40879,-117.91073
40880,-117.74095
40881,-117.68257
40882,-117.78805
40883,-118.10673
40884,-118.68551
40885,-119.563614
40886,-120.736465
40887,-122.14479
40888,-123.73573
40889,-125.4614
40890,-127.26713
40891,-129.06007
40892,-130.69954
40893,-132.05046
40894,-132.98187
40895,-133.36267
40896,-133.06148
40897,-131.9466
40898,-129.88591
40899,-131.74692
40900,-126.20901
40901,-135.50145
40902,-130.46468
40903,-129.11942
40904,-126.795235
40905,-128.82344
40906,-125.536865
40907,-122.26913
40908,-119.35414
40909,-112.12562
40910,-110.86657
40911,-110.57468
40912,-110.89113
40913,-111.49943
40914,-112.11511
40915,-112.49037
40916,-112.58427
40917,-112.61433
40918,-112.76757
40919,-113.20803
40920,-114.06979
40921,-115.31701
40922,-116.70156
40923,-118.000656
40924,-119.01042
40925,-119.54657
40926,-119.535995
40927,-119.04481
40928,-118.12279
40929,-116.80747
40930,-115.15155
40931,-113.29396
40932,-111.481544
40933,-109.94871
40934,-108.92025
40935,-108.580315
40936,-108.883
40937,-109.49511
40938,-110.11776
40939,-110.47782
40940,-110.34118
40941,-109.69528
40942,-108.80472
40943,-107.90138
40944,-107.19269
40945,-106.88602
40946,-107.18867
40947,-108.30763
40948,-110.44962
40949,-118.82069
40950,-122.76982
40951,-125.292404
40952,-120.86996
40953,-120.27405
40954,-118.77128
40955,-116.62944
40956,-114.11721
40957,-116.50394
40958,-109.05925
40959,-107.052734
40960,-105.721466
40961,-105.11876
40962,-105.06836
40963,-105.42127
40964,-106.04913
40965,-106.825966
40966,-107.6388
40967,-108.39096
40968,-108.9838
40969,-109.31722
40970,-109.311714
40971,-109.00485
40972,-108.58065
40973,-108.20579
40974,-108.034004
40975,-108.19094
40976,-108.642815
40977,-109.15665
40978,-109.52325
40979,-109.55118
40980,-109.07718
40981,-108.09888
40982,-106.81505
40983,-105.40077
40984,-104.013405
40985,-102.79868
40986,-101.836266
40987,-101.12318
40988,-100.66628
40989,-100.47974
40990,-100.57279
40991,-100.92637
40992,-101.48617
40993,-102.202095
40994,-103.02725
40995,-103.91475
40996,-104.817726
40997,-105.68928
40998,-106.48258
40999,-107.15076
41000,-108.27401
41001,-110.05895
41002,-110.77804
41003,-111.0672
41004,-111.01359
41005,-110.70445
41006,-110.22715
41007,-109.669075
41008,-109.11769
41009,-108.66047
41010,-108.374214
41011,-108.27517
41012,-108.30388
41013,-108.40986
41014,-108.54937
41015,-108.670616
41016,-108.67583
41017,-108.40978
41018,-107.72402
41019,-106.475105
41020,-104.56935
41021,-102.19682
41022,-99.90276
41023,-98.1906
41024,-97.53188
41025,-98.30394
41026,-100.351715
41027,-102.85618
41028,-105.07928
41029,-106.343056
41030,-106.07703
41031,-104.32199
41032,-101.88371
41033,-99.47807
41034,-97.75358
41035,-97.27394
41036,-98.122055
41037,-99.78095
41038,-101.80615
41039,-103.80722
41040,-105.43235
41041,-106.5473
41042,-107.28916
41043,-107.76228
41044,-108.04684
41045,-108.222984
41046,-108.370995
41047,-108.57113
41048,-108.90363
41049,-109.44876
41050,-109.87987
41051,-109.648705
41052,-109.18217
41053,-108.50899
41054,-107.697426
41055,-106.81581
41056,-105.93249
41057,-105.11579
41058,-104.43409
41059,-103.95571
41060,-103.74039
41061,-103.79911
41062,-104.08201
41063,-104.54647
41064,-105.15538
41065,-105.87675
41066,-106.708015
41067,-107.68331
41068,-108.83237
41069,-110.1816
41070,-111.74096
41071,-113.42663
41072,-115.03782
41073,-116.3878
41074,-117.30023
41075,-117.62922
41076,-117.40255
41077,-116.865425
41078,-116.237755
41079,-115.720406
41080,-115.49233
41081,-115.607735
41082,-115.9647
41083,-116.47964
41084,-117.08283
41085,-117.70673
41086,-118.29608
41087,-118.810875
41088,-119.20935
41089,-119.448364
41090,-119.491196
41091,-119.337654
41092,-119.03334
41093,-118.6185
41094,-118.12939
41095,-117.602264
41096,-117.07339
41097,-116.57901
41098,-116.15544
41099,-115.838905
41100,-114.70217
41101,-112.4763
41102,-111.93628
41103,-112.03875
41104,-112.629105
41105,-113.553085
41106,-114.65668
41107,-115.786026
41108,-116.78735
41109,-117.50692
41110,-117.81349
41111,-117.70386
41112,-117.335075
41113,-116.84553
41114,-116.3595
41115,-115.98837
41116,-115.770065
41117,-115.65056
41118,-115.58652
41119,-115.542816
41120,-115.48132
41121,-115.34698
41122,-115.06354
41123,-114.55719
41124,-113.75596
41125,-112.6058
41126,-111.1545
41127,-109.577446
41128,-108.03521
41129,-106.67706
41130,-105.654655
41131,-105.1331
41132,-105.29442
41133,-106.31839
41134,-108.38292
41135,-116.599335
41136,-120.703125
41137,-124.961945
41138,-128.70145
41139,-131.28992
41140,-127.18507
41141,-126.35563
41142,-124.411705
41143,-121.8907
41144,-119.2755
41145,-117.04999
41146,-115.69805
41147,-115.70275
41148,-117.545654
41149,-126.7059
41150,-123.46342
41151,-123.498085
41152,-116.9246
41153,-115.94028
41154,-115.410904
41155,-115.202675
41156,-115.18198
41157,-115.21538
41158,-115.169525
41159,-114.91107
41160,-114.32729
41161,-113.42257
41162,-112.34802
41163,-111.23761
41164,-110.21239
41165,-109.37872
41166,-108.75938
41167,-108.27263
41168,-107.84911
41169,-107.42874
41170,-106.967636
41171,-106.51405
41172,-106.2314
41173,-106.26938
41174,-106.767395
41175,-107.829414
41176,-109.35893
41177,-111.00919
41178,-112.46362
41179,-113.42811
41180,-113.652954
41181,-113.141556
41182,-112.214035
41183,-111.15338
41184,-110.214806
41185,-109.62221
41186,-109.42114
41187,-109.434074
41188,-109.509895
41189,-109.51737
41190,-109.34423
41191,-108.98611
41192,-108.573425
41193,-108.22068
41194,-108.03037
41195,-108.105
41196,-108.547
41197,-109.45872
41198,-110.94241
41199,-113.100136
41200,-121.193275
41201,-124.39203
41202,-120.72985
41203,-121.2013
41204,-121.01122
41205,-120.365036
41206,-119.46864
41207,-118.52832
41208,-117.75049
41209,-117.34163
41210,-117.47149
41211,-118.10162
41212,-118.933365
41213,-119.69877
41214,-120.153
41215,-120.08526
41216,-119.47822
41217,-118.55684
41218,-117.518036
41219,-116.53753
41220,-115.77792
41221,-115.326935
41222,-115.17852
41223,-115.33755
41224,-115.817116
41225,-116.61894
41226,-117.67989
41227,-118.85587
41228,-120.012405
41229,-121.02225
41230,-121.77419
41231,-122.24788
41232,-122.5367
41233,-122.72075
41234,-122.870155
41235,-123.03805
41236,-123.18107
41237,-123.13497
41238,-122.74947
41239,-121.88484
41240,-120.43018
41241,-118.43982
41242,-116.17519
41243,-113.87432
41244,-111.75711
41245,-110.04342
41246,-108.95289
41247,-108.704895
41248,-109.51837
41249,-111.61174
41250,-113.07239
41251,-111.48775
41252,-110.00399
41253,-108.16636
41254,-106.14009
41255,-104.09067
41256,-102.18356
41257,-100.58421
41258,-99.45793
41259,-98.969894
41260,-99.2533
41261,-100.26035
41262,-101.717384
41263,-103.37805
41264,-105.016426
41265,-106.42418
41266,-107.49207
41267,-108.234535
41268,-108.651115
41269,-108.730286
41270,-108.476105
41271,-107.981514
41272,-107.4506
41273,-107.07435
41274,-107.03383
41275,-107.477295
41276,-108.366554
41277,-109.430626
41278,-110.42642
41279,-111.13176
41280,-111.35576
41281,-111.08577
41282,-110.53213
41283,-109.87877
41284,-109.29003
41285,-108.90801
41286,-108.748474
41287,-108.669235
41288,-108.546814
41289,-108.2718
41290,-107.753174
41291,-107.00445
41292,-106.16992
41293,-105.37839
41294,-104.74703
41295,-104.39304
41296,-104.433556
41297,-104.98561
41298,-106.166115
41299,-108.091835
41300,-110.33416
41301,-111.936195
41302,-113.07876
41303,-113.929344
41304,-114.56794
41305,-115.07452
41306,-115.52914
41307,-116.01189
41308,-116.602844
41309,-117.382126
41310,-118.41062
41311,-119.640686
41312,-120.888885
41313,-121.98785
41314,-122.78224
41315,-123.133095
41316,-122.9947
41317,-122.43811
41318,-121.52085
41319,-120.29025
41320,-118.80137
41321,-117.15314
41322,-115.49945
41323,-113.98791
41324,-112.761246
41325,-111.949066
41326,-111.60628
41327,-111.6946
41328,-112.1867
41329,-113.06345
41330,-114.293465
41331,-115.77493
41332,-117.31824
41333,-118.74432
41334,-119.88199
41335,-120.5842
41336,-120.841286
41337,-120.81553
41338,-120.649185
41339,-120.46938
41340,-120.38716
41341,-120.4216
41342,-120.47658
41343,-120.46939
41344,-120.327484
41345,-119.9783
41346,-119.34926
41347,-118.36766
41348,-116.96081
41349,-115.05588
41350,-114.677444
41351,-117.16953
41352,-117.65862
41353,-117.645004
41354,-117.23813
41355,-116.54763
41356,-115.6833
41357,-114.755035
41358,-113.872826
41359,-113.146645
41360,-112.67616
41361,-112.50256
41362,-112.5939
41363,-112.92677
41364,-113.48429
41365,-114.24494
41366,-115.16077
41367,-116.15076
41368,-117.13785
41369,-118.04794
41370,-118.810074
41371,-119.37107
41372,-119.699974
41373,-119.7632
41374,-119.52514
41375,-118.96454
41376,-118.14177
41377,-117.219505
41378,-116.34863
41379,-115.67103
41380,-115.30842
41381,-115.26788
41382,-115.4131
41383,-115.6246
41384,-115.79571
41385,-115.83612
41386,-115.74897
41387,-115.65416
41388,-115.65792
41389,-115.856125
41390,-116.327255
41391,-117.05108
41392,-117.88406
41393,-118.69721
41394,-119.372505
41395,-119.79194
41396,-119.837425
41397,-119.390755
41398,-118.33358
41399,-116.547325
41400,-117.941315
41401,-129.91316
41402,-132.84354
41403,-134.88942
41404,-131.37906
41405,-132.64165
41406,-134.00703
41407,-135.80528
41408,-138.36629
41409,-147.01915
41410,-151.96964
41411,-157.72893
41412,-162.94334
41413,-166.36115
41414,-161.80273
41415,-158.29535
41416,-156.0958
41417,-152.03157
41418,-142.78923
41419,-134.93376
41420,-124.83976
41421,-122.79808
41422,-117.74515
41423,-118.77172
41424,-120.09204
41425,-120.995285
41426,-121.18033
41427,-120.85701
41428,-120.175316
41429,-119.24021
41430,-118.154106
41431,-117.00407
41432,-115.857834
41433,-114.78547
41434,-113.8587
41435,-113.142494
41436,-112.66364
41437,-112.40118
41438,-112.339714
41439,-112.4681
41440,-112.76743
41441,-113.17477
41442,-113.57203
41443,-113.847694
41444,-113.89511
41445,-113.60764
41446,-112.87848
41447,-111.60078
41448,-109.66751
41449,-106.971535
41450,-106.07048
41451,-108.90674
41452,-109.67845
41453,-110.0833
41454,-110.21434
41455,-110.164734
41456,-110.02769
41457,-109.89648
41458,-109.86434
41459,-110.02463
41460,-110.452644
41461,-111.12197
41462,-111.87904
41463,-112.58543
41464,-113.11403
41465,-113.35279
41466,-113.27495
41467,-112.96045
41468,-112.47669
41469,-111.88161
41470,-111.23361
41471,-110.59347
41472,-110.024994
41473,-109.591606
41474,-109.35645
41475,-109.37772
41476,-109.68537
41477,-110.274185
41478,-111.14305
41479,-112.294044
41480,-113.71131
41481,-115.27754
41482,-116.748665
41483,-117.89581
41484,-118.50133
41485,-118.38161
41486,-117.54798
41487,-116.255905
41488,-114.7327
41489,-113.184296
41490,-111.80112
41491,-110.68372
41492,-109.82034
41493,-109.212265
41494,-108.870735
41495,-108.80701
41496,-109.03233
41497,-109.55793
41498,-110.395035
41499,-111.55483
41500,-113.13596
41501,-114.60539
41502,-114.82813
41503,-114.44728
41504,-113.62333
41505,-112.51712
41506,-111.2897
41507,-110.1023
41508,-109.116165
41509,-108.4925
41510,-108.36454
41511,-108.706825
41512,-109.29574
41513,-109.9313
41514,-110.43126
41515,-110.63511
41516,-110.50557
41517,-110.15947
41518,-109.695335
41519,-109.19809
41520,-108.746475
41521,-108.38414
41522,-108.110725
41523,-107.93111
41524,-107.854065
41525,-107.88913
41526,-108.05012
41527,-108.35617
41528,-108.8258
41529,-109.47703
41530,-110.320915
41531,-111.32897
41532,-112.4233
41533,-113.53195
41534,-114.587364
41535,-115.52468
41536,-116.294106
41537,-116.8648
41538,-117.20361
41539,-117.27571
41540,-117.05787
41541,-116.593
41542,-116.00675
41543,-115.41524
41544,-114.92722
41545,-114.651474
41546,-114.696785
41547,-115.17181
41548,-116.18506
41549,-117.844955
41550,-119.495186
41551,-119.89675
41552,-119.54841
41553,-118.62325
41554,-117.25045
41555,-115.5595
41556,-113.68007
41557,-111.74199
41558,-109.875175
41559,-108.2095
41560,-106.86332
41561,-105.88946
41562,-105.259026
41563,-104.95274
41564,-104.958595
41565,-105.2591
41566,-105.8054
41567,-106.509476
41568,-107.28801
41569,-108.061264
41570,-108.75096
41571,-109.28714
41572,-109.610306
41573,-109.65968
41574,-109.37348
41575,-108.70915
41576,-107.73332
41577,-106.6494
41578,-105.64465
41579,-104.894264
41580,-104.548134
41581,-104.61263
41582,-104.91484
41583,-105.303276
41584,-105.64252
41585,-105.81321
41586,-105.787285
41587,-105.65074
41588,-105.47592
41589,-105.32505
41590,-105.257774
41591,-105.31935
41592,-105.53697
41593,-105.93991
41594,-106.55912
41595,-107.425476
41596,-108.56986
41597,-110.02312
41598,-111.816055
41599,-113.97943
41600,-115.367134
41601,-115.21982
41602,-116.25174
41603,-117.56898
41604,-119.06961
41605,-120.65177
41606,-122.21373
41607,-123.65372
41608,-124.870056
41609,-125.76096
41610,-126.23138
41611,-126.224785
41612,-125.732864
41613,-124.741684
41614,-123.23303
41615,-121.21087
41616,-118.80555
41617,-116.30609
41618,-113.98365
41619,-112.09544
41620,-110.86306
41621,-110.30625
41622,-110.19272
41623,-110.31985
41624,-110.50764
41625,-110.59505
41626,-110.5282
41627,-110.38709
41628,-110.23588
41629,-110.12685
41630,-110.107666
41631,-110.200165
41632,-110.39378
41633,-110.681786
41634,-111.06033
41635,-111.52296
41636,-112.048485
41637,-112.59724
41638,-113.13178
41639,-113.616295
41640,-114.01759
41641,-114.3174
41642,-114.51611
41643,-114.61194
41644,-114.60137
41645,-114.48096
41646,-114.247215
41647,-113.896675
41648,-113.42585
41649,-112.831276
41650,-114.30025
41651,-123.5909
41652,-119.5699
41653,-119.557724
41654,-118.91479
41655,-118.00272
41656,-117.184006
41657,-116.821396
41658,-117.27756
41659,-118.91449
41660,-122.000435
41661,-131.27583
41662,-135.8242
41663,-139.8096
41664,-142.4556
41665,-138.09167
41666,-136.65544
41667,-133.84964
41668,-135.29341
41669,-131.54227
41670,-128.10518
41671,-125.2168
41672,-122.76668
41673,-115.682724
41674,-113.923096
41675,-112.44259
41676,-111.176834
41677,-110.03726
41678,-108.93828
41679,-107.79641
41680,-106.54513
41681,-105.21394
41682,-103.95261
41683,-102.89655
41684,-102.17056
41685,-101.875565
41686,-101.97737
41687,-102.27302
41688,-102.57987
41689,-102.73037
41690,-102.580376
41691,-102.118385
41692,-101.49885
41693,-100.85634
41694,-100.310684
41695,-99.9817
41696,-99.98918
41697,-100.45289
41698,-101.49246
41699,-103.22745
41700,-105.1003
41701,-105.978065
41702,-106.235405
41703,-106.11048
41704,-105.75848
41705,-105.334755
41706,-104.99473
41707,-104.893875
41708,-105.187614
41709,-106.03129
41710,-107.541985
41711,-109.62046
41712,-111.897606
41713,-114.03705
41714,-115.726746
41715,-116.69925
41716,-116.94066
41717,-116.75409
41718,-116.40546
41719,-116.13284
41720,-116.14531
41721,-116.48623
41722,-116.991806
41723,-117.522545
41724,-117.957375
41725,-118.18917
41726,-118.19007
41727,-118.03142
41728,-117.77293
41729,-117.46557
41730,-117.154015
41731,-116.847
41732,-116.50831
41733,-116.106964
41734,-115.61595
41735,-115.01439
41736,-114.31601
41737,-113.57796
41738,-112.852325
41739,-112.18736
41740,-111.624374
41741,-111.16532
41742,-110.76295
41743,-110.37579
41744,-109.96675
41745,-109.49876
41746,-108.93469
41747,-108.23748
41748,-107.37002
41749,-106.29516
41750,-104.96245
41751,-103.90072
41752,-104.02086
41753,-104.77479
41754,-106.01926
41755,-107.61127
41756,-109.40799
41757,-111.26667
41758,-113.04475
41759,-114.59965
41760,-115.796684
41761,-116.54577
41762,-116.81254
41763,-116.55588
41764,-115.72967
41765,-114.31731
41766,-112.47089
41767,-110.553764
41768,-108.905045
41769,-107.84508
41770,-107.64305
41771,-108.27846
41772,-109.36909
41773,-110.576164
41774,-111.593315
41775,-112.15539
41776,-112.230316
41777,-112.07739
41778,-111.921425
41779,-111.96149
41780,-112.36053
41781,-113.07643
41782,-113.81086
41783,-114.295876
41784,-114.28632
41785,-113.58302
41786,-112.249176
41787,-110.67647
41788,-109.218544
41789,-108.200005
41790,-107.90166
41791,-108.35558
41792,-109.283226
41793,-110.443115
41794,-111.621635
41795,-112.60533
41796,-113.18076
41797,-113.13437
41798,-112.2523
41799,-110.32027
41800,-111.046585
41801,-121.80182
41802,-118.3752
41803,-118.75511
41804,-118.23192
41805,-117.09699
41806,-115.64265
41807,-114.1618
41808,-112.94774
41809,-112.29367
41810,-112.44342
41811,-113.36081
41812,-114.66024
41813,-115.99771
41814,-117.06066
41815,-117.57661
41816,-117.50038
41817,-117.07135
41818,-116.49552
41819,-115.95395
41820,-115.60291
41821,-115.45747
41822,-115.35606
41823,-115.157745
41824,-114.73731
41825,-113.99811
41826,-113.00632
41827,-112.031944
41828,-111.32124
41829,-111.10234
41830,-111.564224
41831,-112.67407
41832,-114.12219
41833,-115.631996
41834,-116.95171
41835,-117.85668
41836,-118.27524
41837,-118.32709
41838,-118.109436
41839,-117.70256
41840,-117.182335
41841,-116.5988
41842,-115.96983
41843,-115.316986
41844,-114.66474
41845,-114.03753
41846,-113.459816
41847,-112.956055
41848,-112.55069
41849,-112.26814
41850,-111.73639
41851,-110.84621
41852,-110.73478
41853,-110.98772
41854,-111.5516
41855,-112.37307
41856,-113.398766
41857,-114.57545
41858,-115.84984
41859,-117.16875
41860,-118.47267
41861,-119.66639
41862,-120.610016
41863,-121.16885
41864,-121.2121
41865,-120.65752
41866,-119.700615
41867,-118.88482
41868,-118.71363
41869,-119.659485
41870,-122.08839
41871,-130.76654
41872,-134.71304
41873,-138.03766
41874,-134.91737
41875,-134.65207
41876,-132.24799
41877,-133.60104
41878,-129.5108
41879,-125.7025
41880,-122.82184
41881,-116.0553
41882,-115.01382
41883,-114.37424
41884,-113.86453
41885,-113.24762
41886,-112.48248
41887,-111.77339
41888,-111.29586
41889,-111.203606
41890,-111.62308
41891,-112.52608
41892,-113.69133
41893,-114.920586
41894,-116.032936
41895,-116.84746
41896,-117.18321
41897,-116.859055
41898,-115.693535
41899,-113.504745
41900,-111.42889
41901,-111.25325
41902,-111.54737
41903,-112.317375
41904,-113.403015
41905,-114.644264
41906,-115.88127
41907,-116.954285
41908,-117.703545
41909,-117.9692
41910,-117.62221
41911,-116.70926
41912,-115.49734
41913,-114.22803
41914,-113.12357
41915,-112.38215
41916,-112.06449
41917,-112.05941
41918,-112.27596
41919,-112.6385
41920,-113.08462
41921,-113.62721
41922,-114.373116
41923,-115.418045
41924,-116.84927
41925,-118.71871
41926,-120.87756
41927,-122.926636
41928,-124.49664
41929,-125.24041
41930,-124.86754
41931,-123.41331
41932,-121.32181
41933,-118.99112
41934,-116.784134
41935,-115.0319
41936,-113.88271
41937,-113.25603
41938,-113.09767
41939,-113.37379
41940,-114.04038
41941,-114.99574
41942,-116.066025
41943,-117.08607
41944,-117.89714
41945,-118.34052
41946,-118.25737
41947,-117.4886
41948,-115.874855
41949,-113.256386
41950,-111.86405
41951,-113.592606
41952,-113.569176
41953,-113.21179
41954,-112.61458
41955,-111.87171
41956,-111.07748
41957,-110.32617
41958,-109.71214
41959,-109.32967
41960,-109.252655
41961,-109.43906
41962,-109.70199
41963,-109.87181
41964,-109.7918
41965,-109.3311
41966,-108.50605
41967,-107.51714
41968,-106.54321
41969,-105.746765
41970,-105.28075
41971,-105.24412
41972,-105.66827
41973,-106.59249
41974,-108.0621
41975,-110.0831
41976,-112.43877
41977,-114.63464
41978,-116.20999
41979,-116.72863
41980,-115.8377
41981,-113.66129
41982,-110.92229
41983,-113.2752
41984,-106.32243
41985,-105.584305
41986,-106.116104
41987,-107.39275
41988,-108.9586
41989,-110.41039
41990,-111.388245
41991,-111.777
41992,-111.76696
41993,-111.51214
41994,-111.139404
41995,-110.775764
41996,-110.54829
41997,-110.58397
41998,-111.00982
41999,-111.952705
42000,-113.059235
42001,-113.524536
42002,-113.551285
42003,-113.29159
42004,-112.83212
42005,-112.259636
42006,-111.66093
42007,-111.122826
42008,-110.73216
42009,-110.575775
42010,-110.733864
42011,-111.24916
42012,-112.117615
42013,-113.340706
42014,-114.92403
42015,-116.84641
42016,-118.93443
42017,-120.82477
42018,-122.17684
42019,-122.666664
42020,-122.03753
42021,-120.41771
42022,-118.4188
42023,-116.59777
42024,-115.46952
42025,-115.466736
42026,-116.55605
42027,-118.12211
42028,-119.61868
42029,-120.55182
42030,-120.50139
42031,-119.46712
42032,-117.97477
42033,-116.489655
42034,-115.431206
42035,-115.1573
42036,-115.67569
42037,-116.55664
42038,-117.42207
42039,-117.93296
42040,-117.79019
42041,-116.92103
42042,-115.536285
42043,-113.81381
42044,-111.90665
42045,-109.96797
42046,-108.15105
42047,-106.609116
42048,-105.495316
42049,-104.96262
42050,-105.90206
42051,-108.15885
42052,-108.800476
42053,-108.934204
42054,-108.69236
42055,-108.20743
42056,-107.61204
42057,-107.03891
42058,-106.62082
42059,-106.490486
42060,-106.755875
42061,-107.38421
42062,-108.16704
42063,-108.91694
42064,-109.462234
42065,-109.65423
42066,-109.47502
42067,-109.07028
42068,-108.566216
42069,-108.07462
42070,-107.69507
42071,-107.45763
42072,-107.305435
42073,-107.19196
42074,-107.0784
42075,-106.93174
42076,-106.75173
42077,-106.57914
42078,-106.44982
42079,-106.396034
42080,-106.44377
42081,-106.583984
42082,-106.7636
42083,-106.9349
42084,-107.053986
42085,-107.08143
42086,-107.00275
42087,-106.83468
42088,-106.59026
42089,-106.27976
42090,-105.919174
42091,-105.557365
42092,-105.28413
42093,-105.18441
42094,-105.33948
42095,-105.83054
42096,-106.73881
42097,-108.14536
42098,-110.13118
42099,-112.77707
42100,-114.9817
42101,-115.25274
42102,-115.15344
42103,-114.59964
42104,-113.74693
42105,-112.75116
42106,-111.768326
42107,-110.95447
42108,-110.46567
42109,-110.45784
42110,-111.04973
42111,-112.14918
42112,-113.40079
42113,-114.48069
42114,-115.08856
42115,-114.97226
42116,-114.15402
42117,-112.999664
42118,-111.83496
42119,-110.95554
42120,-110.6181
42121,-110.85815
42122,-111.43469
42123,-112.13951
42124,-112.78912
42125,-113.227036
42126,-113.44982
42127,-113.64534
42128,-113.97887
42129,-114.59868
42130,-115.61711
42131,-116.942444
42132,-118.22807
42133,-119.15776
42134,-119.43781
42135,-118.82271
42136,-117.34249
42137,-115.37278
42138,-113.24962
42139,-111.27898
42140,-109.736046
42141,-108.719986
42142,-108.109924
42143,-107.81076
42144,-107.74701
42145,-107.84324
42146,-108.02412
42147,-108.21429
42148,-108.33844
42149,-108.32129
42150,-108.667816
42151,-109.84748
42152,-110.72219
42153,-111.57569
42154,-112.39822
42155,-113.180016
42156,-113.91134
42157,-114.58243
42158,-115.183495
42159,-115.7048
42160,-116.14253
42161,-116.52683
42162,-116.93022
42163,-117.42027
42164,-118.06076
42165,-118.90304
42166,-119.92783
42167,-121.027596
42168,-122.10516
42169,-123.07126
42170,-123.84886
42171,-124.43085
42172,-124.89752
42173,-125.31902
42174,-125.757805
42175,-126.25623
42176,-126.742355
42177,-127.00113
42178,-126.833954
42179,-126.05464
42180,-124.52327
42181,-122.36467
42182,-120.036224
42183,-117.958084
42184,-116.521355
42185,-116.05359
42186,-116.5229
42187,-117.44842
42188,-118.40228
42189,-118.99689
42190,-118.89268
42191,-118.02281
42192,-116.661934
42193,-115.04514
42194,-113.377594
42195,-111.86471
42196,-110.7118
42197,-110.12414
42198,-110.30666
42199,-111.46403
42200,-112.10403
42201,-110.76245
42202,-110.57586
42203,-110.62214
42204,-110.81762
42205,-111.0787
42206,-111.32177
42207,-111.463326
42208,-111.41976
42209,-111.10752
42210,-110.46489
42211,-109.55499
42212,-108.59704
42213,-107.7919
42214,-107.326645
42215,-107.361244
42216,-107.902275
42217,-108.76479
42218,-109.786705
42219,-110.82313
42220,-111.74353
42221,-112.49872
42222,-113.14113
42223,-113.71108
42224,-114.239876
42225,-114.753555
42226,-115.24828
42227,-115.682976
42228,-116.02087
42229,-116.22855
42230,-116.28235
42231,-116.21405
42232,-116.12483
42233,-116.10772
42234,-116.24963
42235,-116.62051
42236,-117.1938
42237,-117.82248
42238,-118.373665
42239,-118.72518
42240,-118.77073
42241,-118.49413
42242,-117.992065
42243,-117.34812
42244,-116.635895
42245,-115.929054
42246,-115.30129
42247,-114.82628
42248,-114.57767
42249,-114.62909
42250,-114.75886
42251,-114.462135
42252,-113.860855
42253,-113.07608
42254,-112.178696
42255,-111.239685
42256,-110.330055
42257,-109.52076
42258,-108.88281
42259,-108.48715
42260,-108.394485
42261,-108.60728
42262,-109.05529
42263,-109.67698
42264,-110.41725
42265,-111.22285
42266,-112.0505
42267,-112.86948
42268,-113.64752
42269,-114.35135
42270,-114.949455
42271,-115.42081
42272,-115.75753
42273,-115.95014
42274,-115.988045
42275,-115.87038
42276,-115.65213
42277,-115.45799
42278,-115.40457
42279,-115.6022
42280,-116.13017
42281,-116.89106
42282,-117.566696
42283,-117.86498
42284,-117.51331
42285,-116.28982
42286,-114.262856
42287,-111.86486
42288,-109.48659
42289,-107.48691
42290,-106.18427
42291,-105.66762
42292,-105.73916
42293,-106.23514
42294,-107.01747
42295,-107.94818
42296,-108.889465
42297,-109.70351
42298,-110.25257
42299,-110.39882
42300,-109.17845
42301,-106.1404
42302,-103.60936
42303,-101.097885
42304,-98.72164
42305,-96.596245
42306,-94.83719
42307,-93.55985
42308,-92.87957
42309,-92.91161
42310,-93.7353
42311,-95.22608
42312,-97.00485
42313,-98.72352
42314,-100.05693
42315,-100.722755
42316,-100.68145
42317,-100.19669
42318,-99.49569
42319,-98.778725
42320,-98.22672
42321,-97.909966
42322,-97.760666
42323,-97.72758
42324,-97.771805
42325,-97.85843
42326,-97.97485
42327,-98.13644
42328,-98.35515
42329,-98.64048
42330,-99.00096
42331,-99.4398
42332,-99.953476
42333,-100.53926
42334,-101.195076
42335,-101.91275
42336,-102.64981
42337,-103.3209
42338,-103.84583
42339,-104.148224
42340,-104.16814
42341,-103.93902
42342,-103.61107
42343,-103.32055
42344,-103.19339
42345,-103.355446
42346,-103.932556
42347,-105.050446
42348,-106.8347
42349,-109.41071
42350,-111.50498
42351,-111.669266
42352,-112.18738
42353,-112.58947
42354,-112.92279
42355,-113.23452
42356,-113.57192
42357,-113.982185
42358,-114.512566
42359,-115.21024
42360,-116.104904
42361,-117.126495
42362,-118.080444
42363,-118.78692
42364,-119.077095
42365,-118.81424
42366,-118.044464
42367,-117.043106
42368,-116.05905
42369,-115.32107
42370,-115.02219
42371,-115.15197
42372,-115.44572
42373,-115.66861
42374,-115.60849
42375,-115.09277
42376,-114.17418
42377,-113.18753
42378,-112.43477
42379,-112.1929
42380,-112.69536
42381,-113.92878
42382,-115.57175
42383,-117.33956
42384,-118.97524
42385,-120.24928
42386,-121.08737
42387,-121.609146
42388,-121.911385
42389,-122.07381
42390,-122.165146
42391,-122.19148
42392,-122.08044
42393,-121.76866
42394,-121.19981
42395,-120.31736
42396,-119.06484
42397,-117.38568
42398,-115.223236
42399,-112.52084
42400,-110.3276
42401,-109.76167
42402,-108.93662
42403,-108.31233
42404,-107.89457
42405,-107.68914
42406,-107.701836
42407,-107.938446
42408,-108.40475
42409,-109.106514
42410,-110.04051
42411,-111.15209
42412,-112.3225
42413,-113.440704
42414,-114.40136
42415,-115.112404
42416,-115.55698
42417,-115.812325
42418,-115.944565
42419,-116.01149
42420,-116.06159
42421,-116.09028
42422,-116.02658
42423,-115.80728
42424,-115.375046
42425,-114.68454
42426,-113.75884
42427,-112.706665
42428,-111.62672
42429,-110.610214
42430,-109.74206
42431,-109.0714
42432,-108.60267
42433,-108.34553
42434,-108.31361
42435,-108.51444
42436,-108.920715
42437,-109.461655
42438,-110.071686
42439,-110.689125
42440,-111.25582
42441,-111.73368
42442,-112.1096
42443,-112.36752
42444,-112.48917
42445,-112.45624
42446,-112.25041
42447,-111.85338
42448,-111.24681
42449,-110.41238
42450,-108.949684
42451,-107.148155
42452,-106.771065
42453,-107.02894
42454,-107.77298
42455,-108.8547
42456,-110.12577
42457,-111.43805
42458,-112.64344
42459,-113.5939
42460,-114.164085
42461,-114.35783
42462,-114.34049
42463,-114.25843
42464,-114.24369
42465,-114.41131
42466,-114.77937
42467,-115.24471
42468,-115.71847
42469,-116.12253
42470,-116.39169
42471,-116.53368
42472,-116.647514
42473,-116.8215
42474,-117.13588
42475,-117.65623
42476,-118.364975
42477,-119.14055
42478,-119.87366
42479,-120.46424
42480,-120.821884
42481,-120.91126
42482,-120.765945
42483,-120.411476
42484,-119.8673
42485,-119.16013
42486,-118.35745
42487,-117.57798
42488,-116.934525
42489,-116.53536
42490,-116.47643
42491,-116.78386
42492,-117.39644
42493,-118.26322
42494,-119.34102
42495,-120.586655
42496,-121.95706
42497,-123.409096
42498,-124.899704
42499,-126.38585
42500,-124.52059
42501,-122.79681
42502,-120.09407
42503,-113.532135
42504,-112.86416
42505,-112.84458
42506,-113.22877
42507,-113.772606
42508,-114.23229
42509,-114.36416
42510,-113.966095
42511,-113.07231
42512,-112.01291
42513,-111.08347
42514,-110.55347
42515,-110.64674
42516,-111.328445
42517,-112.24061
42518,-113.06379
42519,-113.507454
42520,-113.3242
42521,-112.51229
42522,-111.377365
42523,-110.18916
42524,-109.190315
42525,-108.59125
42526,-108.41922
42527,-108.47242
42528,-108.57617
42529,-108.57632
42530,-108.34219
42531,-107.877106
42532,-107.35169
42533,-106.91682
42534,-106.70843
42535,-106.84044
42536,-107.301544
42537,-107.92407
42538,-108.55903
42539,-109.071396
42540,-109.34176
42541,-109.33914
42542,-109.14317
42543,-108.820274
42544,-108.42714
42545,-108.02042
42546,-107.6568
42547,-107.393
42548,-107.28565
42549,-107.39143
42550,-107.41757
42551,-107.01137
42552,-106.752846
42553,-106.58761
42554,-106.574036
42555,-106.77045
42556,-107.23514
42557,-108.026405
42558,-109.20246
42559,-110.821465
42560,-112.90617
42561,-115.27851
42562,-117.509995
42563,-119.202446
42564,-119.97981
42565,-119.54707
42566,-118.07288
42567,-116.30755
42568,-114.93508
42569,-114.58854
42570,-115.79435
42571,-118.476555
42572,-126.808105
42573,-130.0526
42574,-132.54182
42575,-128.68994
42576,-128.37718
42577,-127.068054
42578,-125.16024
42579,-123.001236
42580,-120.91327
42581,-119.07032
42582,-117.46006
42583,-116.0913
42584,-114.98922
42585,-114.17256
42586,-113.62386
42587,-113.28033
42588,-113.08445
42589,-112.982834
42590,-112.92737
42591,-112.90007
42592,-112.92053
42593,-113.00395
42594,-113.16217
42595,-113.40705
42596,-113.75042
42597,-114.20412
42598,-114.77997
42599,-115.48979
42600,-116.21763
42601,-116.7542
42602,-117.17683
42603,-117.48652
42604,-117.68406
42605,-117.77023
42606,-117.74577
42607,-117.61148
42608,-117.36813
42609,-117.01648
42610,-116.559326
42611,-116.0109
42612,-115.399704
42613,-114.752655
42614,-114.09536
42615,-113.45506
42616,-112.86848
42617,-112.38401
42618,-112.048744
42619,-111.90868
42620,-112.00077
42621,-112.310875
42622,-112.760895
42623,-113.28035
42624,-113.80444
42625,-114.2702
42626,-114.624954
42627,-114.828896
42628,-114.84065
42629,-114.61772
42630,-114.12664
42631,-113.38565
42632,-112.4777
42633,-111.478134
42634,-110.45667
42635,-109.48195
42636,-108.61641
42637,-107.91486
42638,-107.43296
42639,-107.22702
42640,-107.34231
42641,-107.76134
42642,-108.38823
42643,-109.13654
42644,-109.9268
42645,-110.67957
42646,-111.31546
42647,-111.75501
42648,-111.9188
42649,-111.72731
42650,-110.96628
42651,-110.04282
42652,-110.12945
42653,-110.60059
42654,-111.30355
42655,-112.085846
42656,-112.79507
42657,-113.27888
42658,-113.38487
42659,-112.96056
42660,-111.89473
42661,-110.31193
42662,-108.63203
42663,-107.24055
42664,-106.49683
42665,-106.7037
42666,-107.84371
42667,-109.49984
42668,-111.303116
42669,-112.920654
42670,-114.05863
42671,-114.64456
42672,-114.882355
42673,-114.94312
42674,-114.97354
42675,-115.104706
42676,-115.3787
42677,-115.726166
42678,-116.09089
42679,-116.42653
42680,-116.6889
42681,-116.84604
42682,-116.881165
42683,-116.77574
42684,-116.50989
42685,-116.07594
42686,-115.53598
42687,-115.0393
42688,-114.72507
42689,-114.724655
42690,-115.15012
42691,-116.00382
42692,-117.151085
42693,-118.473434
42694,-119.864685
42695,-121.218735
42696,-122.429474
42697,-123.39081
42698,-123.99659
42699,-124.14056
42700,-122.696075
42701,-124.38915
42702,-117.424416
42703,-115.848076
42704,-114.65066
42705,-113.822716
42706,-113.35487
42707,-113.23772
42708,-113.46191
42709,-114.018074
42710,-114.8842
42711,-115.96605
42712,-117.07924
42713,-118.05011
42714,-118.713066
42715,-118.925285
42716,-118.673836
42717,-118.108345
42718,-117.35952
42719,-116.54382
42720,-115.76445
42721,-115.04864
42722,-114.32863
42723,-113.54771
42724,-112.65757
42725,-111.62736
42726,-110.52529
42727,-109.543686
42728,-108.860245
42729,-108.64164
42730,-109.02227
42731,-109.95398
42732,-111.16063
42733,-112.39348
42734,-113.42419
42735,-114.05021
42736,-114.21504
42737,-114.044815
42738,-113.64406
42739,-113.1012
42740,-112.5023
42741,-111.91984
42742,-111.40926
42743,-111.02803
42744,-110.835075
42745,-110.88932
42746,-111.24966
42747,-111.9749
42748,-113.123856
42749,-114.755196
42750,-117.471794
42751,-125.87066
42752,-122.40204
42753,-123.132866
42754,-123.22793
42755,-122.85253
42756,-122.17229
42757,-121.35318
42758,-120.561325
42759,-119.96296
42760,-119.712524
42761,-119.897354
42762,-120.520874
42763,-121.596146
42764,-123.14364
42765,-125.14616
42766,-127.37303
42767,-129.32703
42768,-130.54233
42769,-130.57619
42770,-129.0679
42771,-126.130035
42772,-127.47111
42773,-123.73476
42774,-120.513916
42775,-118.328896
42776,-112.28696
42777,-111.978874
42778,-112.05569
42779,-112.21466
42780,-112.18839
42781,-111.90798
42782,-111.55257
42783,-111.27208
42784,-111.1944
42785,-111.424416
42786,-111.936356
42787,-112.54115
42788,-113.06914
42789,-113.36522
42790,-113.29804
42791,-112.87155
42792,-112.258934
42793,-111.61352
42794,-111.073685
42795,-110.77782
42796,-110.86424
42797,-111.47119
42798,-112.736725
42799,-114.79866
42800,-116.96119
42801,-117.93422
42802,-118.322784
42803,-118.23707
42804,-117.78166
42805,-117.061356
42806,-116.18105
42807,-115.24576
42808,-114.36054
42809,-113.6305
42810,-113.14609
42811,-112.91494
42812,-112.841
42813,-112.84044
42814,-112.838615
42815,-112.767914
42816,-112.600235
42817,-112.35703
42818,-112.053894
42819,-111.701996
42820,-111.31603
42821,-110.930214
42822,-110.60334
42823,-110.39126
42824,-110.34767
42825,-110.518456
42826,-110.90512
42827,-111.453766
42828,-112.11707
42829,-112.852684
42830,-113.60729
42831,-114.26519
42832,-114.63278
42833,-114.52562
42834,-113.76599
42835,-112.22495
42836,-110.0523
42837,-107.74718
42838,-105.76841
42839,-104.54387
42840,-104.4372
42841,-105.449295
42842,-107.12831
42843,-109.07702
42844,-110.93899
42845,-112.358154
42846,-112.978424
42847,-112.44321
42848,-110.39496
42849,-111.47489
42850,-105.394806
42851,-115.870186
42852,-112.1116
42853,-112.387375
42854,-111.94902
42855,-111.04869
42856,-109.93907
42857,-108.873215
42858,-108.104324
42859,-107.885574
42860,-108.4235
42861,-109.66102
42862,-111.21187
42863,-112.72938
42864,-113.896484
42865,-114.42937
42866,-114.23304
42867,-113.44868
42868,-112.18956
42869,-110.54817
42870,-108.63032
42871,-106.616745
42872,-104.781975
42873,-103.389465
42874,-102.694214
42875,-102.90438
42876,-103.96346
42877,-105.48473
42878,-107.12139
42879,-108.556404
42880,-109.51127
42881,-109.92526
42882,-110.00975
42883,-109.94365
42884,-109.88177
42885,-109.96355
42886,-110.24093
42887,-110.656395
42888,-111.16538
42889,-111.73315
42890,-112.324455
42891,-112.90177
42892,-113.42461
42893,-113.8528
42894,-114.14646
42895,-114.26568
42896,-114.17055
42897,-113.821106
42898,-113.177376
42899,-112.199356
42900,-111.26883
42901,-111.059685
42902,-111.238205
42903,-111.67433
42904,-112.26069
42905,-112.89002
42906,-113.45515
42907,-113.84883
42908,-113.96386
42909,-113.69297
42910,-112.957375
42911,-111.840836
42912,-110.63065
42913,-109.59038
42914,-108.9656
42915,-108.95623
42916,-109.50303
42917,-110.22326
42918,-110.77278
42919,-110.83639
42920,-110.15594
42921,-108.7984
42922,-107.237816
42923,-105.90049
42924,-105.1768
42925,-105.38928
42926,-106.476295
42927,-107.89676
42928,-109.167336
42929,-109.84777
42930,-109.5724
42931,-108.39996
42932,-106.92025
42933,-105.66078
42934,-105.10215
42935,-105.649734
42936,-107.28304
42937,-109.450195
42938,-111.66347
42939,-113.483154
42940,-114.52063
42941,-114.67603
42942,-114.21055
42943,-113.34265
42944,-112.25905
42945,-111.146706
42946,-110.1927
42947,-109.58414
42948,-109.507996
42949,-110.15103
42950,-111.19033
42951,-111.695755
42952,-111.69513
42953,-111.418755
42954,-110.96163
42955,-110.418846
42956,-109.88551
42957,-109.4568
42958,-109.22784
42959,-109.29376
42960,-109.72755
42961,-110.47657
42962,-111.33143
42963,-112.10141
42964,-112.60986
42965,-112.71342
42966,-112.45838
42967,-112.12824
42968,-111.97859
42969,-112.243996
42970,-113.11429
42971,-114.52562
42972,-116.09748
42973,-117.48721
42974,-118.38047
42975,-118.510735
42976,-117.88407
42977,-116.84789
42978,-115.710045
42979,-114.74854
42980,-114.20211
42981,-114.0855
42982,-114.13337
42983,-114.113235
42984,-113.81756
42985,-113.07261
42986,-111.897224
42987,-110.55125
42988,-109.266396
42989,-108.253105
42990,-107.6952
42991,-107.62524
42992,-107.88688
42993,-108.34621
42994,-108.8862
42995,-109.38993
42996,-109.74046
42997,-109.82087
42998,-109.514175
42999,-108.70326
43000,-106.70617
43001,-108.7429
43002,-102.254364
43003,-101.385506
43004,-101.07737
43005,-101.27113
43006,-101.908134
43007,-102.92972
43008,-104.277336
43009,-105.89243
43010,-107.70213
43011,-109.55205
43012,-111.18598
43013,-112.36008
43014,-112.83941
43015,-112.440956
43016,-111.27831
43017,-109.83647
43018,-108.5573
43019,-107.84991
43020,-108.05308
43021,-109.10636
43022,-110.45106
43023,-111.588295
43024,-112.06384
43025,-111.49676
43026,-109.923775
43027,-107.904594
43028,-105.938034
43029,-104.47693
43030,-103.914696
43031,-104.30757
43032,-105.29082
43033,-106.55015
43034,-107.80914
43035,-108.82714
43036,-109.56561
43037,-110.238464
43038,-111.029434
43039,-112.09976
43040,-113.580215
43041,-115.42878
43042,-117.387764
43043,-119.22533
43044,-120.728905
43045,-121.68591
43046,-121.88347
43047,-121.10825
43048,-119.146286
43049,-120.78287
43050,-116.326935
43051,-129.41064
43052,-132.36913
43053,-129.01994
43054,-129.59744
43055,-129.3368
43056,-128.47412
43057,-127.24632
43058,-125.89092
43059,-124.64579
43060,-123.72102
43061,-123.16779
43062,-122.838295
43063,-122.60752
43064,-122.36802
43065,-122.02408
43066,-121.546524
43067,-120.989555
43068,-120.39768
43069,-119.80813
43070,-119.24999
43071,-118.70623
43072,-118.10199
43073,-117.36913
43074,-116.444626
43075,-115.28548
43076,-113.96304
43077,-112.69182
43078,-111.66971
43079,-111.08186
43080,-111.08249
43081,-111.65022
43082,-112.54455
43083,-113.551025
43084,-114.47488
43085,-115.13963
43086,-115.47231
43087,-115.52934
43088,-115.35179
43089,-114.96932
43090,-114.41695
43091,-113.76024
43092,-113.10293
43093,-112.54429
43094,-112.180244
43095,-112.10667
43096,-112.41937
43097,-113.21407
43098,-114.586365
43099,-116.631676
43100,-125.37945
43101,-130.30067
43102,-132.2673
43103,-127.911316
43104,-127.44339
43105,-126.07515
43106,-124.01912
43107,-121.48871
43108,-123.6979
43109,-120.86107
43110,-118.1889
43111,-110.86973
43112,-109.06397
43113,-107.93493
43114,-107.64816
43115,-108.322044
43116,-109.80836
43117,-111.62634
43118,-113.33552
43119,-114.5254
43120,-114.84904
43121,-114.32056
43122,-113.40586
43123,-112.51811
43124,-112.03072
43125,-112.260025
43126,-113.1977
43127,-114.429855
43128,-115.59096
43129,-116.3517
43130,-116.43103
43131,-115.82224
43132,-114.86201
43133,-113.847015
43134,-113.04383
43135,-112.68422
43136,-112.80209
43137,-113.18398
43138,-113.64561
43139,-114.02473
43140,-114.17718
43141,-114.061035
43142,-113.7623
43143,-113.35189
43144,-112.88944
43145,-112.43459
43146,-112.046974
43147,-111.78623
43148,-111.71201
43149,-111.8839
43150,-112.358536
43151,-112.9989
43152,-113.533676
43153,-114.11612
43154,-114.78496
43155,-115.57895
43156,-116.53678
43157,-117.697205
43158,-119.09887
43159,-120.78042
43160,-122.75114
43161,-124.85386
43162,-126.72347
43163,-128.01949
43164,-128.41946
43165,-127.65605
43166,-125.77816
43167,-123.232376
43168,-125.42113
43169,-122.71282
43170,-115.45296
43171,-113.854706
43172,-112.96532
43173,-112.85088
43174,-113.59199
43175,-115.22116
43176,-117.49935
43177,-119.848656
43178,-121.73223
43179,-122.64351
43180,-122.15788
43181,-120.319824
43182,-117.7627
43183,-120.05345
43184,-112.70816
43185,-111.17961
43186,-110.55923
43187,-110.48653
43188,-110.65422
43189,-110.79532
43190,-110.67395
43191,-110.22944
43192,-109.620155
43193,-108.978584
43194,-108.4178
43195,-108.05089
43196,-107.9909
43197,-108.350815
43198,-109.24353
43199,-110.78176
43200,-112.07726
43201,-112.075645
43202,-112.34221
43203,-112.5248
43204,-112.63077
43205,-112.66738
43206,-112.642
43207,-112.56191
43208,-112.43445
43209,-112.266945
43210,-112.06479
43211,-111.8224
43212,-111.52054
43213,-111.14153
43214,-110.66894
43215,-110.094765
43216,-109.459015
43217,-108.86172
43218,-108.39583
43219,-108.148964
43220,-108.19341
43221,-108.514656
43222,-108.98965
43223,-109.508316
43224,-109.970245
43225,-110.279015
43226,-110.36055
43227,-110.16874
43228,-109.6541
43229,-108.76463
43230,-107.47612
43231,-105.92277
43232,-104.43691
43233,-103.32762
43234,-102.88623
43235,-103.35481
43236,-104.6967
43237,-106.52753
43238,-108.50496
43239,-110.31805
43240,-111.68805
43241,-112.51801
43242,-112.937965
43243,-113.0508
43244,-112.93929
43245,-112.68625
43246,-112.37457
43247,-112.087204
43248,-111.90708
43249,-111.91713
43250,-112.15653
43251,-112.1206
43252,-111.115944
43253,-109.71565
43254,-108.12976
43255,-106.56854
43256,-105.24235
43257,-104.361496
43258,-104.1361
43259,-104.77607
43260,-106.4354
43261,-108.9521
43262,-116.77013
43263,-119.3816
43264,-116.314354
43265,-117.15948
43266,-116.86732
43267,-115.837845
43268,-114.41853
43269,-112.91762
43270,-111.622025
43271,-110.69526
43272,-110.14614
43273,-110.0015
43274,-110.301834
43275,-111.07188
43276,-112.24695
43277,-113.65081
43278,-115.1206
43279,-116.50351
43280,-117.65659
43281,-118.49262
43282,-118.99399
43283,-119.13476
43284,-118.88281
43285,-118.2197
43286,-117.20503
43287,-115.996254
43288,-114.73957
43289,-113.57262
43290,-112.61601
43291,-111.893425
43292,-111.30718
43293,-110.77386
43294,-110.22078
43295,-109.575325
43296,-108.76484
43297,-107.71666
43298,-106.35811
43299,-104.61644
43300,-104.46758
43301,-107.19248
43302,-107.990944
43303,-108.376114
43304,-108.47311
43305,-108.407166
43306,-108.30365
43307,-108.28796
43308,-108.485504
43309,-109.02167
43310,-109.98731
43311,-111.27755
43312,-112.54308
43313,-113.46398
43314,-113.74197
43315,-113.13677
43316,-111.73874
43317,-110.05252
43318,-108.534645
43319,-107.60524
43320,-107.62065
43321,-108.57602
43322,-110.0156
43323,-111.537704
43324,-112.78119
43325,-113.43016
43326,-113.4246
43327,-113.02451
43328,-112.45208
43329,-111.90127
43330,-111.549324
43331,-111.477615
43332,-111.64764
43333,-112.034996
43334,-112.62597
43335,-113.40703
43336,-114.36586
43337,-115.49162
43338,-116.77334
43339,-118.19987
43340,-119.758
43341,-121.42258
43342,-123.153564
43343,-124.91267
43344,-126.66297
43345,-128.36754
43346,-129.98946
43347,-131.4918
43348,-132.83763
43349,-133.99
43350,-131.2535
43351,-128.23465
43352,-125.20345
43353,-118.721535
43354,-118.44475
43355,-119.031525
43356,-120.14198
43357,-121.437325
43358,-122.579384
43359,-123.2303
43360,-123.098434
43361,-122.156296
43362,-120.707245
43363,-119.016846
43364,-117.3219
43365,-115.838036
43366,-114.65943
43367,-113.72815
43368,-113.00386
43369,-112.45966
43370,-112.07134
43371,-111.82983
43372,-111.744896
43373,-111.82413
43374,-112.07343
43375,-112.493576
43376,-113.056305
43377,-113.69695
43378,-114.35525
43379,-114.97414
43380,-115.50157
43381,-115.9142
43382,-116.22442
43383,-116.440384
43384,-116.567116
43385,-116.61073
43386,-116.58381
43387,-116.506905
43388,-116.39972
43389,-116.28117
43390,-116.16847
43391,-116.06885
43392,-115.97706
43393,-115.88936
43394,-115.803055
43395,-115.71549
43396,-115.62399
43397,-115.52589
43398,-115.41852
43399,-115.299194
43400,-114.84296
43401,-113.93136
43402,-113.48204
43403,-113.21467
43404,-113.120094
43405,-113.18921
43406,-113.41287
43407,-113.78192
43408,-114.28726
43409,-114.91976
43410,-115.66348
43411,-116.46369
43412,-117.21719
43413,-117.82652
43414,-118.1985
43415,-118.255394
43416,-118.00753
43417,-117.57542
43418,-117.066765
43419,-116.57961
43420,-116.20271
43421,-115.97213
43422,-115.857925
43423,-115.83794
43424,-115.89578
43425,-116.017784
43426,-116.205574
43427,-116.47989
43428,-116.8592
43429,-117.36032
43430,-117.98717
43431,-118.67074
43432,-119.25084
43433,-119.57792
43434,-119.51053
43435,-118.94346
43436,-117.978584
43437,-116.9772
43438,-116.27066
43439,-116.16748
43440,-116.928085
43441,-118.54146
43442,-120.657616
43443,-122.966896
43444,-125.1902
43445,-127.04864
43446,-128.26332
43447,-128.55492
43448,-127.64333
43449,-125.24737
43450,-127.230576
43451,-120.55163
43452,-119.79337
43453,-119.66194
43454,-120.01281
43455,-120.70179
43456,-121.58494
43457,-122.51853
43458,-123.35892
43459,-123.962494
43460,-124.19836
43461,-124.007866
43462,-123.42303
43463,-122.46531
43464,-121.14821
43465,-119.50815
43466,-117.71178
43467,-116.08897
43468,-114.950874
43469,-114.59405
43470,-115.25038
43471,-116.78653
43472,-118.61339
43473,-120.1964
43474,-121.041954
43475,-120.73144
43476,-119.27454
43477,-117.21796
43478,-115.04706
43479,-113.200615
43480,-112.07147
43481,-111.79014
43482,-112.15925
43483,-113.01984
43484,-114.24225
43485,-115.693
43486,-117.21589
43487,-118.62625
43488,-119.74293
43489,-120.38719
43490,-120.406136
43491,-119.79439
43492,-118.731445
43493,-117.375465
43494,-115.86852
43495,-114.35283
43496,-112.97065
43497,-111.86424
43498,-111.17576
43499,-111.04724
43500,-111.593636
43501,-112.2736
43502,-112.149605
43503,-111.706
43504,-111.0387
43505,-110.24366
43506,-109.41693
43507,-108.65461
43508,-108.0528
43509,-107.707535
43510,-107.69772
43511,-108.004715
43512,-108.48809
43513,-109.022
43514,-109.49145
43515,-109.7996
43516,-109.95289
43517,-110.08665
43518,-110.320946
43519,-110.76436
43520,-111.50327
43521,-112.49819
43522,-113.5523
43523,-114.4876
43524,-115.14009
43525,-115.372406
43526,-115.19903
43527,-114.82425
43528,-114.430145
43529,-114.18207
43530,-114.22245
43531,-114.56314
43532,-115.05291
43533,-115.5597
43534,-115.96604
43535,-116.17177
43536,-116.17509
43537,-116.09734
43538,-116.04541
43539,-116.1153
43540,-116.38293
43541,-116.810074
43542,-117.215744
43543,-117.43578
43544,-117.31865
43545,-116.71269
43546,-115.46607
43547,-113.42671
43548,-115.44224
43549,-111.360085
43550,-108.27743
43551,-103.613365
43552,-103.7577
43553,-104.38944
43554,-105.40187
43555,-106.68847
43556,-108.14269
43557,-109.658195
43558,-111.1286
43559,-112.44762
43560,-113.520676
43561,-114.31983
43562,-114.900375
43563,-115.307755
43564,-115.57996
43565,-115.755196
43566,-115.87236
43567,-115.97127
43568,-116.09165
43569,-116.27315
43570,-116.553604
43571,-116.96066
43572,-117.50915
43573,-118.21543
43574,-119.09696
43575,-120.151245
43576,-121.26241
43577,-122.172844
43578,-122.64159
43579,-122.44004
43580,-121.40567
43581,-119.75353
43582,-118.17248
43583,-117.29746
43584,-117.7214
43585,-119.91445
43586,-128.65598
43587,-132.86513
43588,-136.56593
43589,-138.86041
43590,-133.9739
43591,-131.83748
43592,-133.27037
43593,-128.99461
43594,-124.65811
43595,-120.91038
43596,-118.40046
43597,-112.77553
43598,-114.67992
43599,-124.75397
43600,-127.985535
43601,-119.28169
43602,-118.81419
43603,-118.83171
43604,-119.19318
43605,-119.75788
43606,-120.385216
43607,-120.934715
43608,-121.26594
43609,-121.23838
43610,-120.7397
43611,-119.817955
43612,-118.72229
43613,-117.67877
43614,-116.89586
43615,-116.55562
43616,-116.69038
43617,-117.14523
43618,-117.78721
43619,-118.50001
43620,-119.16901
43621,-119.68863
43622,-119.96458
43623,-119.901146
43624,-119.40157
43625,-118.39613
43626,-116.96966
43627,-115.400604
43628,-113.94526
43629,-112.842865
43630,-112.29641
43631,-112.30288
43632,-112.60186
43633,-112.96338
43634,-113.18047
43635,-113.07538
43636,-112.63639
43637,-112.05937
43638,-111.51585
43639,-111.15892
43640,-111.12238
43641,-111.43004
43642,-111.96829
43643,-112.63982
43644,-113.359566
43645,-114.04251
43646,-114.60367
43647,-114.95801
43648,-115.02047
43649,-114.705986
43650,-112.93672
43651,-110.303925
43652,-111.1431
43653,-113.436104
43654,-121.75148
43655,-125.65961
43656,-129.73227
43657,-133.54239
43658,-136.66347
43659,-133.66882
43660,-134.20175
43661,-133.30896
43662,-131.54425
43663,-129.40549
43664,-127.34768
43665,-125.78015
43666,-124.84824
43667,-124.36611
43668,-124.1854
43669,-124.18689
43670,-124.2574
43671,-124.317116
43672,-124.32787
43673,-124.24674
43674,-124.02714
43675,-123.63448
43676,-123.10312
43677,-122.55353
43678,-122.09633
43679,-121.83455
43680,-121.84774
43681,-122.0819
43682,-122.31605
43683,-122.34857
43684,-121.99264
43685,-121.09242
43686,-119.6695
43687,-117.967804
43688,-116.20586
43689,-114.582825
43690,-113.27654
43691,-112.3438
43692,-111.68987
43693,-111.23769
43694,-110.923676
43695,-110.68429
43696,-110.45602
43697,-110.17532
43698,-109.77877
43699,-109.20281
43700,-107.970795
43701,-105.962395
43702,-104.50677
43703,-103.282845
43704,-102.3389
43705,-101.723175
43706,-101.48386
43707,-101.66916
43708,-102.327194
43709,-103.50608
43710,-105.219734
43711,-107.28817
43712,-109.289604
43713,-110.831665
43714,-111.5436
43715,-111.123825
43716,-109.666016
43717,-107.75903
43718,-105.93412
43719,-104.679016
43720,-104.40942
43721,-105.13197
43722,-106.34276
43723,-107.59921
43724,-108.50472
43725,-108.71592
43726,-108.19183
43727,-107.26944
43728,-106.24105
43729,-105.36546
43730,-104.87382
43731,-104.839035
43732,-105.13647
43733,-105.66503
43734,-106.34125
43735,-107.0891
43736,-107.874565
43737,-108.71599
43738,-109.62545
43739,-110.61037
43740,-111.66727
43741,-112.73082
43742,-113.6584
43743,-114.31663
43744,-114.57891
43745,-114.31854
43746,-113.40865
43747,-111.72216
43748,-109.131714
43749,-110.50983
43750,-103.31829
43751,-104.79692
43752,-104.88189
43753,-104.877464
43754,-104.785614
43755,-104.60831
43756,-104.347466
43757,-104.00504
43758,-103.58299
43759,-103.08327
43760,-102.52049
43761,-101.98137
43762,-101.64264
43763,-101.67026
43764,-102.22207
43765,-103.41677
43766,-105.15114
43767,-107.04506
43768,-108.75203
43769,-109.9505
43770,-110.36785
43771,-110.01014
43772,-109.231926
43773,-108.34666
43774,-107.63706
43775,-107.35077
43776,-107.53553
43777,-107.98918
43778,-108.53935
43779,-109.03598
43780,-109.34928
43781,-109.464325
43782,-109.50978
43783,-109.59726
43784,-109.82562
43785,-110.278694
43786,-110.95512
43787,-111.74708
43788,-112.55943
43789,-113.306564
43790,-113.9124
43791,-114.35543
43792,-114.68228
43793,-114.93146
43794,-115.13549
43795,-115.32689
43796,-115.53817
43797,-115.80184
43798,-116.15042
43799,-116.61644
43800,-115.86426
43801,-113.32119
43802,-112.6536
43803,-112.56556
43804,-112.89202
43805,-113.46825
43806,-114.129715
43807,-114.71205
43808,-115.05093
43809,-114.98196
43810,-114.372696
43811,-113.27277
43812,-111.95992
43813,-110.685326
43814,-109.68012
43815,-109.14535
43816,-109.11094
43817,-109.393074
43818,-109.833275
43819,-110.29217
43820,-110.64432
43821,-110.84298
43822,-110.93975
43823,-110.9746
43824,-110.97871
43825,-110.98353
43826,-111.02188
43827,-111.12826
43828,-111.33699
43829,-111.682236
43830,-112.194084
43831,-112.87966
43832,-113.71739
43833,-114.68907
43834,-115.77911
43835,-116.961975
43836,-118.15573
43837,-119.208046
43838,-119.97489
43839,-120.31846
43840,-120.12457
43841,-119.41441
43842,-118.37871
43843,-117.18868
43844,-116.00076
43845,-114.97142
43846,-114.25715
43847,-114.01431
43848,-114.39913
43849,-115.56754
43850,-116.46696
43851,-115.96416
43852,-116.13161
43853,-116.381714
43854,-116.66105
43855,-116.91626
43856,-117.09395
43857,-117.14075
43858,-117.00326
43859,-116.628044
43860,-115.98324
43861,-115.159615
43862,-114.40147
43863,-113.93525
43864,-113.97379
43865,-114.68357
43866,-115.96875
43867,-117.40603
43868,-118.61115
43869,-119.2291
43870,-118.96039
43871,-117.822266
43872,-116.22892
43873,-114.54892
43874,-113.116165
43875,-112.22162
43876,-111.9114
43877,-111.925514
43878,-112.03996
43879,-112.05809
43880,-111.816505
43881,-111.34081
43882,-110.892914
43883,-110.7069
43884,-110.995804
43885,-111.92799
43886,-113.41831
43887,-115.06524
43888,-116.505295
43889,-117.40318
43890,-117.471306
43891,-116.69351
43892,-115.393555
43893,-113.85581
43894,-112.33492
43895,-111.08577
43896,-110.36309
43897,-110.42148
43898,-111.51501
43899,-113.8972
43900,-121.7023
43901,-118.27351
43902,-119.44076
43903,-120.252235
43904,-120.79099
43905,-121.14019
43906,-121.38304
43907,-121.60284
43908,-121.882904
43909,-122.30652
43910,-122.932915
43911,-123.68424
43912,-124.311295
43913,-124.58482
43914,-124.29055
43915,-123.25688
43916,-121.555954
43917,-119.565994
43918,-117.63061
43919,-116.06682
43920,-115.15237
43921,-114.94206
43922,-115.21205
43923,-115.77107
43924,-116.45281
43925,-117.11149
43926,-117.717766
43927,-118.38763
43928,-119.21999
43929,-120.30081
43930,-121.685875
43931,-123.25939
43932,-124.69132
43933,-125.676895
43934,-125.93009
43935,-125.21631
43936,-123.59567
43937,-121.49827
43938,-119.31265
43939,-117.395424
43940,-116.06076
43941,-115.3809
43942,-115.12531
43943,-115.0987
43944,-115.132744
43945,-115.05922
43946,-114.70993
43947,-113.91662
43948,-112.51092
43949,-110.32418
43950,-109.8777
43951,-113.043236
43952,-113.897316
43953,-114.21891
43954,-114.124954
43955,-113.73263
43956,-113.15921
43957,-112.52211
43958,-111.93884
43959,-111.52689
43960,-111.38518
43961,-111.50687
43962,-111.752975
43963,-112.00023
43964,-112.13708
43965,-112.06512
43966,-111.76065
43967,-111.29341
43968,-110.72211
43969,-110.09717
43970,-109.47
43971,-108.897385
43972,-108.44279
43973,-108.16891
43974,-108.13777
43975,-108.39765
43976,-108.91825
43977,-109.57129
43978,-110.24018
43979,-110.81713
43980,-111.20798
43981,-111.396164
43982,-111.46211
43983,-111.474785
43984,-111.49449
43985,-111.57668
43986,-111.74906
43987,-112.00458
43988,-112.3403
43989,-112.75641
43990,-113.24923
43991,-113.793365
43992,-114.336296
43993,-114.82871
43994,-115.22374
43995,-115.474434
43996,-115.533905
43997,-115.3552
43998,-114.89134
43999,-114.09531
44000,-114.02637
44001,-115.590904
44002,-116.514755
44003,-117.33662
44004,-118.01838
44005,-118.52188
44006,-118.809006
44007,-118.841545
44008,-118.58128
44009,-117.99
44010,-117.04937
44011,-115.85484
44012,-114.644226
44013,-113.63893
44014,-113.047775
44015,-113.03762
44016,-113.53749
44017,-114.17928
44018,-114.63019
44019,-114.583855
44020,-113.792114
44021,-112.33851
44022,-110.72207
44023,-109.39359
44024,-108.767166
44025,-109.18134
44026,-110.54674
44027,-112.24009
44028,-113.70235
44029,-114.42243
44030,-113.967
44031,-112.34595
44032,-110.12445
44033,-107.80342
44034,-105.83517
44035,-104.61524
44036,-104.2158
44037,-104.305
44038,-104.599106
44039,-104.85064
44040,-104.84022
44041,-104.507904
44042,-103.99284
44043,-103.410416
44044,-102.85829
44045,-102.43417
44046,-102.23575
44047,-102.36062
44048,-102.90642
44049,-103.970665
44050,-104.375244
44051,-103.31233
44052,-103.67357
44053,-104.49199
44054,-105.652374
44055,-107.03959
44056,-108.53866
44057,-110.034615
44058,-111.412575
44059,-112.55767
44060,-113.37004
44061,-113.8352
44062,-114.04535
44063,-114.08011
44064,-114.00959
44065,-113.896
44066,-113.75619
44067,-113.55022
44068,-113.24481
44069,-112.81174
44070,-112.236374
44071,-111.58147
44072,-111.006546
44073,-110.65975
44074,-110.68065
44075,-111.17411
44076,-112.04854
44077,-112.96694
44078,-113.62166
44079,-113.726845
44080,-113.04446
44081,-111.60921
44082,-109.797485
44083,-107.945984
44084,-106.3614
44085,-105.31764
44086,-104.9022
44087,-104.96963
44088,-105.40212
44089,-106.10275
44090,-106.97771
44091,-107.95081
44092,-108.9677
44093,-109.971504
44094,-110.90335
44095,-111.70439
44096,-112.315796
44097,-112.678665
44098,-112.73409
44099,-112.4231
44100,-112.41549
44101,-113.24994
44102,-113.39101
44103,-113.29663
44104,-112.999146
44105,-112.5309
44106,-111.92428
44107,-111.211685
44108,-110.42548
44109,-109.59814
44110,-108.764885
44111,-107.977165
44112,-107.30655
44113,-106.82226
44114,-106.591675
44115,-106.6703
44116,-107.04634
44117,-107.62388
44118,-108.317116
44119,-109.04773
44120,-109.74079
44121,-110.34051
44122,-110.81495
44123,-111.12931
44124,-111.246666
44125,-111.14254
44126,-110.86363
44127,-110.54543
44128,-110.31306
44129,-110.28368
44130,-110.552086
44131,-111.08603
44132,-111.694435
44133,-112.205154
44134,-112.4602
44135,-112.33016
44136,-111.848495
44137,-111.252365
44138,-110.755035
44139,-110.55169
44140,-110.80904
44141,-111.53186
44142,-112.52282
44143,-113.6086
44144,-114.63399
44145,-115.44384
44146,-115.88296
44147,-115.79607
44148,-115.027664
44149,-113.421936
44150,-111.0544
44151,-109.04073
44152,-108.54532
44153,-108.802826
44154,-109.61604
44155,-110.7882
44156,-112.122856
44157,-113.42377
44158,-114.49481
44159,-115.13987
44160,-115.1945
44161,-114.67524
44162,-113.82502
44163,-112.860344
44164,-111.97788
44165,-111.352135
44166,-111.03132
44167,-110.905716
44168,-110.88424
44169,-110.8898
44170,-110.85847
44171,-110.80053
44172,-110.81914
44173,-111.006454
44174,-111.44637
44175,-112.20272
44176,-113.22541
44177,-114.32222
44178,-115.31783
44179,-116.04963
44180,-116.38138
44181,-116.32666
44182,-116.08662
44183,-115.84041
44184,-115.7507
44185,-115.959206
44186,-116.4884
44187,-117.21181
44188,-118.02046
44189,-118.818665
44190,-119.51943
44191,-120.08503
44192,-120.539246
44193,-120.89873
44194,-121.17463
44195,-121.378105
44196,-121.52035
44197,-121.61249
44198,-121.66573
44199,-121.69123
44200,-121.992546
44201,-122.65182
44202,-122.80297
44203,-122.76849
44204,-122.59516
44205,-122.329796
44206,-122.01923
44207,-121.71031
44208,-121.449905
44209,-121.28487
44210,-121.24901
44211,-121.30198
44212,-121.310646
44213,-121.152664
44214,-120.713806
44215,-119.89646
44216,-118.69738
44217,-117.2316
44218,-115.60064
44219,-113.89561
44220,-112.20887
44221,-110.639465
44222,-109.294785
44223,-108.28118
44224,-107.704216
44225,-107.64081
44226,-108.006035
44227,-108.512764
44228,-108.89804
44229,-108.917
44230,-108.3668
44231,-107.283676
44232,-106.00306
44233,-104.82513
44234,-104.02355
44235,-103.83471
44236,-104.283394
44237,-105.130196
44238,-106.167336
44239,-107.21078
44240,-108.09546
44241,-108.76349
44242,-109.29087
44243,-109.73759
44244,-110.15169
44245,-110.58127
44246,-111.074356
44247,-111.679054
44248,-112.44342
44249,-113.41548
44250,-115.05749
44251,-117.01021
44252,-117.27644
44253,-116.802864
44254,-115.791695
44255,-114.44575
44256,-112.96815
44257,-111.56232
44258,-110.43169
44259,-109.779625
44260,-109.77128
44261,-110.355125
44262,-111.20918
44263,-112.043785
44264,-112.59349
44265,-112.63334
44266,-112.16846
44267,-111.49176
44268,-110.86233
44269,-110.513855
44270,-110.64748
44271,-111.27978
44272,-112.19666
44273,-113.211494
44274,-114.15826
44275,-114.88672
44276,-115.33591
44277,-115.55646
44278,-115.585815
44279,-115.4515
44280,-115.179825
44281,-114.790184
44282,-114.2932
44283,-113.70057
44284,-113.02475
44285,-112.28115
44286,-111.50186
44287,-110.739944
44288,-110.045944
44289,-109.468605
44290,-109.05429
44291,-108.83603
44292,-108.830284
44293,-109.05545
44294,-109.531364
44295,-110.277885
44296,-111.31481
44297,-112.66195
44298,-114.339066
44299,-116.365906
44300,-116.954765
44301,-114.892845
44302,-114.33747
44303,-114.0208
44304,-113.850296
44305,-113.7336
44306,-113.57828
44307,-113.292
44308,-112.78242
44309,-111.957085
44310,-110.74889
44311,-109.23466
44312,-107.6715
44313,-106.29548
44314,-105.32663
44315,-104.9561
44316,-105.21137
44317,-105.91551
44318,-106.91606
44319,-108.07889
44320,-109.27287
44321,-110.38355
44322,-111.317215
44323,-111.977646
44324,-112.26675
44325,-112.11432
44326,-111.60934
44327,-111.03992
44328,-110.67077
44329,-110.749016
44330,-111.47732
44331,-112.80659
44332,-114.37342
44333,-115.85201
44334,-116.94479
44335,-117.401054
44336,-117.236786
44337,-116.80171
44338,-116.406624
44339,-116.332954
44340,-116.821686
44341,-117.883835
44342,-119.24306
44343,-120.65698
44344,-121.90893
44345,-122.78223
44346,-123.06015
44347,-122.52555
44348,-120.96087
44349,-118.14778
44350,-120.27444
44351,-114.29099
44352,-113.78898
44353,-113.79233
44354,-114.16909
44355,-114.78765
44356,-115.51647
44357,-116.22419
44358,-116.77943
44359,-117.05086
44360,-116.92665
44361,-116.40644
44362,-115.629295
44363,-114.71806
44364,-113.78337
44365,-112.93478
44366,-112.27575
44367,-111.9021
44368,-111.910446
44369,-112.398
44370,-113.42708
44371,-114.86182
44372,-116.319115
44373,-117.44552
44374,-117.90954
44375,-117.44227
44376,-116.13194
44377,-114.51456
44378,-113.07456
44379,-112.25717
44380,-112.433914
44381,-113.558586
44382,-115.06343
44383,-116.44297
44384,-117.23854
44385,-117.05347
44386,-115.84406
44387,-114.00875
44388,-111.89484
44389,-109.81103
44390,-108.03884
44391,-106.703705
44392,-105.73573
44393,-105.08792
44394,-104.73064
44395,-104.634285
44396,-104.76929
44397,-105.10613
44398,-105.61526
44399,-106.26717
44400,-106.5713
44401,-106.26244
44402,-106.50842
44403,-106.925934
44404,-107.47635
44405,-108.12116
44406,-108.82178
44407,-109.53969
44408,-110.23634
44409,-110.87323
44410,-111.42154
44411,-111.90776
44412,-112.42751
44413,-113.06821
44414,-113.91103
44415,-115.01278
44416,-116.29135
44417,-117.4912
44418,-118.377396
44419,-118.73038
44420,-118.37119
44421,-117.35308
44422,-116.020195
44423,-114.68325
44424,-113.62741
44425,-113.09707
44426,-113.10411
44427,-113.36985
44428,-113.649864
44429,-113.72562
44430,-113.41884
44431,-112.77964
44432,-112.143936
44433,-111.81418
44434,-112.06742
44435,-113.12847
44436,-114.926445
44437,-117.02141
44438,-119.01782
44439,-120.55325
44440,-121.30893
44441,-121.213974
44442,-120.50778
44443,-119.393684
44444,-118.04791
44445,-116.64697
44446,-115.367485
44447,-114.38615
44448,-113.8795
44449,-114.02391
44450,-113.52427
44451,-111.23643
44452,-110.10195
44453,-109.25602
44454,-108.63702
44455,-108.183334
44456,-107.83345
44457,-107.52587
44458,-107.199135
44459,-106.79174
44460,-106.25005
44461,-105.564644
44462,-104.781494
44463,-103.94003
44464,-103.074715
44465,-102.22805
44466,-101.488174
44467,-101.00015
44468,-100.90223
44469,-101.32752
44470,-102.38161
44471,-104.01433
44472,-105.981186
44473,-108.06126
44474,-110.05117
44475,-111.7638
44476,-113.10368
44477,-114.08973
44478,-114.72703
44479,-115.01053
44480,-114.939926
44481,-114.54231
44482,-113.87898
44483,-113.00729
44484,-111.98159
44485,-110.8667
44486,-109.78663
44487,-108.9395
44488,-108.51464
44489,-108.6947
44490,-109.62667
44491,-111.256035
44492,-113.27678
44493,-115.41326
44494,-117.41252
44495,-119.02172
44496,-119.987976
44497,-120.05808
44498,-118.97816
44499,-116.49346
44500,-118.28629
44501,-111.19336
44502,-110.27893
44503,-110.100586
44504,-110.50523
44505,-111.34018
44506,-112.45296
44507,-113.69136
44508,-114.90325
44509,-115.93662
44510,-116.65065
44511,-116.968285
44512,-116.892166
44513,-116.41548
44514,-115.52433
44515,-114.229294
44516,-112.680466
44517,-111.20261
44518,-110.10022
44519,-109.66227
44520,-110.12244
44521,-111.401695
44522,-113.03084
44523,-114.587555
44524,-115.68456
44525,-115.989555
44526,-115.48205
44527,-114.53185
44528,-113.463234
44529,-112.566246
44530,-112.09235
44531,-112.07333
44532,-112.26622
44533,-112.46049
44534,-112.47007
44535,-112.13837
44536,-111.47631
44537,-110.7045
44538,-110.01884
44539,-109.59674
44540,-109.59159
44541,-110.02067
44542,-110.73121
44543,-111.59067
44544,-112.4817
44545,-113.28705
44546,-113.889435
44547,-114.171585
44548,-114.016106
44549,-113.305504
44550,-112.536995
44551,-112.50519
44552,-112.53618
44553,-112.699135
44554,-112.959526
44555,-113.28284
44556,-113.63457
44557,-113.980225
44558,-114.28531
44559,-114.515335
44560,-114.63973
44561,-114.65033
44562,-114.566895
44563,-114.40596
44564,-114.181526
44565,-113.90586
44566,-113.58103
44567,-113.196495
44568,-112.74314
44569,-112.21298
44570,-111.60889
44571,-110.99521
44572,-110.513245
44573,-110.29522
44574,-110.4665
44575,-111.126785
44576,-112.23056
44577,-113.550964
44578,-114.882835
44579,-116.037315
44580,-116.85155
44581,-117.31068
44582,-117.58479
44583,-117.82225
44584,-118.15504
44585,-118.69023
44586,-119.39291
44587,-120.05063
44588,-120.47184
44589,-120.48061
44590,-119.93014
44591,-118.83962
44592,-117.43645
44593,-115.924095
44594,-114.48785
44595,-113.31303
44596,-112.58491
44597,-112.48858
44598,-113.20884
44599,-114.930115
44600,-115.33532
44601,-112.59006
44602,-112.00011
44603,-111.95504
44604,-112.32347
44605,-112.97424
44606,-113.776405
44607,-114.599075
44608,-115.311485
44609,-115.78287
44610,-115.895226
44611,-115.60362
44612,-114.95441
44613,-113.983246
44614,-112.71772
44615,-111.19691
44616,-109.52506
44617,-107.88804
44618,-106.46219
44619,-105.41655
44620,-104.8962
44621,-104.9105
44622,-105.29925
44623,-105.92256
44624,-106.65575
44625,-107.37998
44626,-108.009674
44627,-108.500595
44628,-108.803566
44629,-108.865715
44630,-108.64578
44631,-108.169044
44632,-107.54381
44633,-106.86863
44634,-106.234634
44635,-105.724365
44636,-105.37093
44637,-105.1458
44638,-105.02775
44639,-105.00107
44640,-105.0522
44641,-105.17995
44642,-105.398544
44643,-105.72034
44644,-106.15635
44645,-106.71757
44646,-107.41497
44647,-108.25956
44648,-109.2623
44649,-110.43416
44650,-110.89624
44651,-110.06377
44652,-110.0206
44653,-110.18262
44654,-110.54158
44655,-111.08929
44656,-111.81755
44657,-112.71814
44658,-113.7829
44659,-115.00359
44660,-116.36254
44661,-117.788025
44662,-119.140816
44663,-120.28975
44664,-121.10963
44665,-121.49443
44666,-121.44797
44667,-121.11133
44668,-120.60979
44669,-120.05657
44670,-119.55336
44671,-119.135925
44672,-118.757515
44673,-118.38092
44674,-117.97623
44675,-117.51906
44676,-117.01655
44677,-116.51527
44678,-116.057144
44679,-115.680695
44680,-115.41564
44681,-115.24223
44682,-115.078766
44683,-114.85081
44684,-114.489365
44685,-113.94263
44686,-113.25633
44687,-112.59825
44688,-112.121895
44689,-111.96988
44690,-112.26614
44691,-113.02851
44692,-114.142166
44693,-115.50813
44694,-117.0392
44695,-118.64831
44696,-120.24842
44697,-121.75254
44698,-123.073654
44699,-124.12479
44700,-122.57945
44701,-122.67349
44702,-115.8932
44703,-115.02032
44704,-114.82331
44705,-115.0716
44706,-115.53512
44707,-115.984184
44708,-116.189285
44709,-115.92087
44710,-114.997826
44711,-113.51536
44712,-111.914825
44713,-110.59754
44714,-109.934265
44715,-110.23276
44716,-111.444336
44717,-113.07545
44718,-114.685936
44719,-115.87559
44720,-116.30203
44721,-115.95065
44722,-115.21709
44723,-114.449
44724,-113.95805
44725,-114.016716
44726,-114.67424
44727,-115.70093
44728,-116.90008
44729,-118.0999
44730,-119.14434
44731,-119.96637
44732,-120.61007
44733,-121.106476
44734,-121.47672
44735,-121.741234
44736,-121.91594
44737,-122.0112
44738,-122.038
44739,-122.007866
44740,-121.933365
44741,-121.83325
44742,-121.73398
44743,-121.661064
44744,-121.63938
44745,-121.693825
44746,-121.849236
44747,-122.130486
44748,-122.5624
44749,-123.16982
44750,-123.83261
44751,-124.43366
44752,-125.22967
44753,-126.09549
44754,-126.99033
44755,-127.87343
44756,-128.70398
44757,-129.44121
44758,-130.04433
44759,-130.47255
44760,-130.67668
44761,-130.56004
44762,-129.96635
44763,-128.74593
44764,-126.75399
44765,-123.899254
44766,-125.39679
44767,-121.84684
44768,-118.8071
44769,-111.80122
44770,-111.26285
44771,-112.11903
44772,-113.66486
44773,-115.27111
44774,-116.365685
44775,-116.45476
44776,-115.48739
44777,-113.967224
44778,-112.333405
44779,-110.9766
44780,-110.23719
44781,-110.16918
44782,-110.46853
44783,-110.873535
44784,-111.154526
44785,-111.11517
44786,-110.74831
44787,-110.28329
44788,-109.92157
44789,-109.84364
44790,-110.201004
44791,-110.98066
44792,-111.96424
44793,-112.95785
44794,-113.78595
44795,-114.273056
44796,-114.24355
44797,-113.52163
44798,-111.931175
44799,-109.295715
44800,-107.85026
44801,-109.70771
44802,-110.27005
44803,-110.726875
44804,-111.08898
44805,-111.36721
44806,-111.57239
44807,-111.71531
44808,-111.80685
44809,-111.857796
44810,-111.8828
44811,-111.91797
44812,-112.026405
44813,-112.267944
44814,-112.70008
44815,-113.36334
44816,-114.20204
44817,-115.04034
44818,-115.71668
44819,-116.08019
44820,-116.01386
44821,-115.59365
44822,-115.13702
44823,-114.93325
44824,-115.250244
44825,-116.31146
44826,-118.08861
44827,-120.23915
44828,-122.45813
44829,-124.46876
44830,-126.02358
44831,-127.04048
44832,-127.64417
44833,-127.93527
44834,-127.996155
44835,-127.89932
44836,-127.65984
44837,-127.221016
44838,-126.53429
44839,-125.557396
44840,-124.26803
44841,-122.757454
44842,-121.259476
44843,-119.99176
44844,-119.159424
44845,-118.96738
44846,-119.6202
44847,-121.321945
44848,-124.276024
44849,-133.68483
44850,-129.11703
44851,-126.60273
44852,-123.68351
44853,-116.74206
44854,-115.60254
44855,-115.090004
44856,-115.030075
44857,-115.24889
44858,-115.57279
44859,-115.82834
44860,-115.8638
44861,-115.650635
44862,-115.3144
44863,-114.96264
44864,-114.68921
44865,-114.57237
44866,-114.60136
44867,-114.6541
44868,-114.62166
44869,-114.4049
44870,-113.92185
44871,-113.18782
44872,-112.33994
44873,-111.50112
44874,-110.783485
44875,-110.28748
44876,-110.047325
44877,-110.01426
44878,-110.1494
44879,-110.421165
44880,-110.793106
44881,-111.20051
44882,-111.54349
44883,-111.72635
44884,-111.65646
44885,-111.261
44886,-110.57967
44887,-109.79303
44888,-109.065025
44889,-108.547226
44890,-108.37228
44891,-108.56563
44892,-109.018875
44893,-109.63947
44894,-110.346886
44895,-111.060585
44896,-111.700096
44897,-112.18492
44898,-112.43455
44899,-112.368454
44900,-112.65404
44901,-113.81945
44902,-114.270966
44903,-114.48797
44904,-114.50384
44905,-114.35195
44906,-114.06571
44907,-113.67854
44908,-113.22392
44909,-112.73526
44910,-112.243706
44911,-111.76702
44912,-111.3063
44913,-110.8646
44914,-110.44648
44915,-110.060455
44916,-109.73781
44917,-109.53832
44918,-109.51833
44919,-109.731674
44920,-110.21606
44921,-110.91763
44922,-111.66833
44923,-112.31367
44924,-112.70939
44925,-112.73504
44926,-112.40591
44927,-111.907036
44928,-111.4035
44929,-111.04541
44930,-110.966156
44931,-111.204475
44932,-111.680695
44933,-112.32914
44934,-113.09473
44935,-113.92365
44936,-114.76959
44937,-115.59547
44938,-116.36307
44939,-117.03344
44940,-117.56982
44941,-117.94842
44942,-118.16158
44943,-118.19978
44944,-118.05199
44945,-117.707214
44946,-117.15445
44947,-116.382675
44948,-115.38087
44949,-114.138016
44950,-114.745766
44951,-118.128914
44952,-118.69426
44953,-118.42641
44954,-117.583405
44955,-116.42404
44956,-115.207634
44957,-114.1938
44958,-113.64215
44959,-113.81213
44960,-114.90202
44961,-116.764435
44962,-118.82068
44963,-120.54385
44964,-121.44574
44965,-121.11711
44966,-119.60037
44967,-117.504364
44968,-115.37348
44969,-113.70295
44970,-112.92065
44971,-113.07076
44972,-113.718094
44973,-114.48404
44974,-115.03288
44975,-115.07516
44976,-114.58304
44977,-113.85613
44978,-113.15569
44979,-112.71413
44980,-112.73377
44981,-113.24619
44982,-114.069565
44983,-115.04729
44984,-116.04186
44985,-116.929245
44986,-117.661514
44987,-118.285904
44988,-118.8384
44989,-119.3466
44990,-119.83188
44991,-120.28049
44992,-120.634705
44993,-120.84192
44994,-120.853424
44995,-120.62049
44996,-120.0943
44997,-119.226036
44998,-117.96682
44999,-116.26773
45000,-115.01491
45001,-114.97334
45002,-114.27201
45003,-113.48363
45004,-112.667564
45005,-111.88319
45006,-111.18992
45007,-110.64709
45008,-110.31406
45009,-110.250175
45010,-110.497505
45011,-111.000206
45012,-111.580185
45013,-112.07392
45014,-112.328766
45015,-112.20754
45016,-111.66109
45017,-110.750336
45018,-109.52318
45019,-108.01786
45020,-106.292435
45021,-104.51766
45022,-103.00526
45023,-102.050255
45024,-101.93492
45025,-102.8812
45026,-104.770065
45027,-107.057175
45028,-109.2499
45029,-110.89412
45030,-111.59841
45031,-111.326935
45032,-110.48851
45033,-109.43948
45034,-108.49708
45035,-107.9448
45036,-107.873055
45037,-108.13082
45038,-108.5957
45039,-109.16693
45040,-109.7471
45041,-110.2586
45042,-110.64818
45043,-110.85976
45044,-110.83501
45045,-110.51561
45046,-109.84316
45047,-108.759224
45048,-107.2053
45049,-105.12285
45050,-104.383705
45051,-106.34053
45052,-106.69146
45053,-106.74469
45054,-106.59636
45055,-106.34267
45056,-106.07986
45057,-105.90419
45058,-105.91194
45059,-106.19937
45060,-106.83896
45061,-107.768295
45062,-108.75658
45063,-109.59323
45064,-110.08272
45065,-110.06374
45066,-109.56999
45067,-108.87892
45068,-108.23927
45069,-107.878235
45070,-107.9934
45071,-108.61428
45072,-109.560585
45073,-110.677
45074,-111.82704
45075,-112.88685
45076,-113.80415
45077,-114.61595
45078,-115.34867
45079,-116.02072
45080,-116.646935
45081,-117.22115
45082,-117.71119
45083,-118.08788
45084,-118.32437
45085,-118.39479
45086,-118.278885
45087,-117.96345
45088,-117.43443
45089,-116.677155
45090,-115.68558
45091,-114.50307
45092,-113.23479
45093,-111.97875
45094,-110.827515
45095,-109.87364
45096,-109.20965
45097,-108.92796
45098,-109.12099
45099,-109.88095
45100,-110.20852
45101,-109.16055
45102,-108.8103
45103,-108.58057
45104,-108.43935
45105,-108.3547
45106,-108.29463
45107,-108.22721
45108,-108.12047
45109,-107.94244
45110,-107.668945
45111,-107.319916
45112,-106.97048
45113,-106.68919
45114,-106.539734
45115,-106.57083
45116,-106.74656
45117,-106.9252
45118,-106.97766
45119,-106.78426
45120,-106.251884
45121,-105.43858
45122,-104.59148
45123,-103.935265
45124,-103.67783
45125,-103.98869
45126,-104.819725
45127,-105.85112
45128,-106.795784
45129,-107.391014
45130,-107.42183
45131,-106.945076
45132,-106.357445
45133,-106.01531
45134,-106.244835
45135,-107.31618
45136,-109.18187
45137,-111.398155
45138,-113.569244
45139,-115.33501
45140,-116.381935
45141,-116.66071
45142,-116.4524
45143,-115.99909
45144,-115.51395
45145,-115.210266
45146,-115.30133
45147,-116.000336
45148,-117.52014
45149,-120.07312
45150,-122.64413
45151,-123.51373
45152,-123.856865
45153,-123.70675
45154,-123.20334
45155,-122.48683
45156,-121.69764
45157,-120.97628
45158,-120.46331
45159,-120.2992
45160,-120.59447
45161,-121.28913
45162,-122.11035
45163,-122.8102
45164,-123.1597
45165,-122.96722
45166,-122.25405
45167,-121.30831
45168,-120.38756
45169,-119.726
45170,-119.521545
45171,-119.76592
45172,-120.19287
45173,-120.56625
45174,-120.67288
45175,-120.33129
45176,-119.540924
45177,-118.52771
45178,-117.4915
45179,-116.61228
45180,-116.04648
45181,-115.81654
45182,-115.7774
45183,-115.80354
45184,-115.78436
45185,-115.624
45186,-115.31045
45187,-114.93648
45188,-114.58265
45189,-114.32019
45190,-114.20949
45191,-114.249146
45192,-114.36048
45193,-114.47389
45194,-114.52669
45195,-114.45614
45196,-114.19952
45197,-113.69407
45198,-112.87699
45199,-111.68544
45200,-111.474884
45201,-112.9809
45202,-112.68663
45203,-111.85751
45204,-110.67847
45205,-109.33478
45206,-108.011925
45207,-106.89546
45208,-106.17089
45209,-106.023605
45210,-106.60131
45211,-107.83827
45212,-109.40258
45213,-110.99437
45214,-112.3378
45215,-113.18837
45216,-113.47945
45217,-113.366615
45218,-112.97911
45219,-112.42657
45220,-111.8178
45221,-111.25671
45222,-110.840935
45223,-110.66889
45224,-110.83947
45225,-111.42381
45226,-112.33582
45227,-113.29301
45228,-114.03635
45229,-114.32427
45230,-113.9553
45231,-112.956314
45232,-111.64021
45233,-110.2866
45234,-109.14988
45235,-108.45498
45236,-108.258804
45237,-108.40826
45238,-108.77511
45239,-109.24991
45240,-109.7343
45241,-110.1929
45242,-110.668884
45243,-111.19613
45244,-111.80146
45245,-112.51174
45246,-113.35378
45247,-114.35442
45248,-115.54049
45249,-116.93877
45250,-118.16699
45251,-118.478134
45252,-118.07448
45253,-117.200325
45254,-116.00824
45255,-114.65101
45256,-113.28158
45257,-112.05301
45258,-111.11828
45259,-110.630356
45260,-110.711525
45261,-111.31058
45262,-112.15963
45263,-113.016655
45264,-113.659065
45265,-113.89451
45266,-113.70262
45267,-113.27819
45268,-112.79062
45269,-112.39038
45270,-112.20971
45271,-112.27709
45272,-112.49124
45273,-112.76623
45274,-113.02763
45275,-113.20108
45276,-113.212
45277,-112.985664
45278,-112.44733
45279,-111.52222
45280,-110.15815
45281,-108.43205
45282,-106.58241
45283,-104.828896
45284,-103.376884
45285,-102.41147
45286,-102.00317
45287,-102.07936
45288,-102.5845
45289,-103.47581
45290,-104.70356
45291,-106.17826
45292,-107.76074
45293,-109.31792
45294,-110.721176
45295,-111.84192
45296,-112.55154
45297,-112.721275
45298,-112.2222
45299,-110.92515
45300,-109.61989
45301,-109.24437
45302,-108.37113
45303,-107.4253
45304,-106.46921
45305,-105.5652
45306,-104.77557
45307,-104.16267
45308,-103.78877
45309,-103.71612
45310,-103.98822
45311,-104.54195
45312,-105.18108
45313,-105.72543
45314,-106.00672
45315,-105.88067
45316,-105.339836
45317,-104.5477
45318,-103.64753
45319,-102.76734
45320,-102.02931
45321,-101.52201
45322,-101.291985
45323,-101.39078
45324,-101.87364
45325,-102.77407
45326,-104.00214
45327,-105.31392
45328,-106.48412
45329,-107.30128
45330,-107.57978
45331,-107.2813
45332,-106.5516
45333,-105.51452
45334,-104.27768
45335,-102.953995
45336,-101.68644
45337,-100.655396
45338,-100.03676
45339,-100.00298
45340,-100.69621
45341,-102.08714
45342,-103.93243
45343,-106.014694
45344,-108.13584
45345,-110.09795
45346,-111.703224
45347,-112.75378
45348,-113.05154
45349,-112.39806
45350,-112.8235
45351,-115.8292
45352,-116.53263
45353,-116.517
45354,-115.95441
45355,-115.0174
45356,-113.878815
45357,-112.71172
45358,-111.68934
45359,-110.98481
45360,-110.74691
45361,-110.98595
45362,-111.53915
45363,-112.26435
45364,-113.034836
45365,-113.732956
45366,-114.29245
45367,-114.71117
45368,-114.97935
45369,-115.08155
45370,-115.00879
45371,-114.78916
45372,-114.496994
45373,-114.201256
45374,-113.96677
45375,-113.84602
45376,-113.82097
45377,-113.785385
45378,-113.64348
45379,-113.307236
45380,-112.71258
45381,-111.931656
45382,-111.20709
45383,-110.76149
45384,-110.802345
45385,-111.4981
45386,-112.796455
45387,-114.3695
45388,-115.92231
45389,-117.18472
45390,-117.91992
45391,-118.08006
45392,-117.85382
45393,-117.40215
45394,-116.86518
45395,-116.383156
45396,-116.0964
45397,-116.145164
45398,-116.669624
45399,-117.80977
45400,-119.36934
45401,-120.76413
45402,-121.99091
45403,-123.051155
45404,-123.90262
45405,-124.50307
45406,-124.81017
45407,-124.78163
45408,-124.375
45409,-123.54788
45410,-122.28891
45411,-120.76429
45412,-119.362755
45413,-118.44768
45414,-118.36269
45415,-119.37117
45416,-121.28341
45417,-123.344284
45418,-124.866196
45419,-125.2118
45420,-123.846954
45421,-120.82943
45422,-121.96173
45423,-117.96372
45424,-114.49154
45425,-112.128784
45426,-106.04672
45427,-105.901474
45428,-106.40987
45429,-107.33497
45430,-108.44935
45431,-109.57745
45432,-110.60834
45433,-111.423355
45434,-111.898094
45435,-111.937515
45436,-111.613686
45437,-111.207825
45438,-110.976585
45439,-111.15808
45440,-111.953384
45441,-113.35373
45442,-115.088356
45443,-116.91786
45444,-118.626335
45445,-119.99799
45446,-120.81699
45447,-120.86721
45448,-119.93205
45449,-117.79427
45450,-116.15014
45451,-116.96233
45452,-117.13208
45453,-117.34339
45454,-117.56425
45455,-117.76257
45456,-117.906364
45457,-117.96358
45458,-117.902145
45459,-117.69003
45460,-117.30347
45461,-116.765854
45462,-116.15972
45463,-115.560684
45464,-115.03916
45465,-114.65183
45466,-114.37725
45467,-114.09624
45468,-113.70108
45469,-113.09273
45470,-112.20563
45471,-111.16524
45472,-110.33594
45473,-110.05404
45474,-110.634476
45475,-112.31857
45476,-114.9317
45477,-122.78086
45478,-125.23591
45479,-121.7135
45480,-121.71875
45481,-120.26204
45482,-117.98784
45483,-115.46841
45484,-113.221436
45485,-111.70556
45486,-111.0414
45487,-110.92687
45488,-111.10943
45489,-111.37425
45490,-111.52806
45491,-111.49867
45492,-111.36533
45493,-111.18933
45494,-111.01854
45495,-110.900826
45496,-110.88408
45497,-111.01617
45498,-111.34493
45499,-111.91819
45500,-111.27327
45501,-108.68132
45502,-108.01947
45503,-107.94035
45504,-108.277695
45505,-108.86554
45506,-109.53815
45507,-110.129845
45508,-110.475044
45509,-110.408104
45510,-109.801674
45511,-108.74663
45512,-107.60699
45513,-106.7147
45514,-106.37752
45515,-106.84692
45516,-108.05572
45517,-109.539024
45518,-110.879845
45519,-111.696884
45520,-111.66804
45521,-110.80789
45522,-109.552414
45523,-108.28821
45524,-107.36477
45525,-107.07969
45526,-107.43565
45527,-108.06684
45528,-108.651474
45529,-108.900734
45530,-108.57306
45531,-107.6959
45532,-106.63303
45533,-105.708595
45534,-105.21693
45535,-105.40684
45536,-106.269264
45537,-107.47308
45538,-108.72589
45539,-109.76418
45540,-110.36656
45541,-110.55052
45542,-110.63214
45543,-110.89205
45544,-111.584366
45545,-112.963066
45546,-115.28172
45547,-123.79324
45548,-128.74942
45549,-135.40039
45550,-138.62926
45551,-128.9951
45552,-127.29775
45553,-125.71855
45554,-124.23618
45555,-122.829346
45556,-121.47673
45557,-120.157074
45558,-118.84909
45559,-117.5315
45560,-116.19036
45561,-114.85339
45562,-113.60038
45563,-112.50512
45564,-111.63677
45565,-111.052925
45566,-110.74583
45567,-110.62596
45568,-110.613495
45569,-110.63588
45570,-110.63509
45571,-110.63563
45572,-110.765045
45573,-111.13871
45574,-111.862755
45575,-113.00944
45576,-114.45867
45577,-115.8503
45578,-116.85292
45579,-117.15639
45580,-116.5073
45581,-114.97683
45582,-113.042984
45583,-111.13696
45584,-109.65446
45585,-108.94208
45586,-109.067955
45587,-109.75229
45588,-110.75655
45589,-111.87345
45590,-112.91141
45591,-113.76769
45592,-114.45029
45593,-114.954025
45594,-115.263824
45595,-115.364655
45596,-115.24145
45597,-114.8791
45598,-114.26253
45599,-113.37663
45600,-111.595184
45601,-109.130356
45602,-108.38961
45603,-108.341385
45604,-108.79913
45605,-109.57675
45606,-110.48841
45607,-111.348434
45608,-111.97123
45609,-112.1712
45610,-111.80036
45611,-110.92526
45612,-109.88106
45613,-108.9714
45614,-108.47628
45615,-108.637535
45616,-109.480965
45617,-110.762596
45618,-112.27066
45619,-113.81762
45620,-115.222946
45621,-116.34514
45622,-117.09135
45623,-117.362854
45624,-117.05643
45625,-116.101906
45626,-114.617836
45627,-112.959236
45628,-111.45394
45629,-110.40908
45630,-110.085846
45631,-110.485725
45632,-111.285774
45633,-112.20162
45634,-112.97801
45635,-113.399155
45636,-113.47302
45637,-113.487366
45638,-113.69692
45639,-114.33158
45640,-115.58017
45641,-117.39844
45642,-119.45138
45643,-121.43867
45644,-123.08616
45645,-124.11959
45646,-124.26438
45647,-123.245285
45648,-120.78602
45649,-121.609146
45650,-117.4144
45651,-110.985466
45652,-110.358315
45653,-110.50559
45654,-111.20756
45655,-112.244934
45656,-113.39891
45657,-114.45082
45658,-115.182144
45659,-115.374245
45660,-114.85283
45661,-113.696266
45662,-112.299576
45663,-111.021095
45664,-110.191284
45665,-110.0893
45666,-110.703064
45667,-111.65684
45668,-112.61819
45669,-113.2873
45670,-113.40806
45671,-112.97254
45672,-112.28332
45673,-111.60649
45674,-111.18078
45675,-111.208496
45676,-111.685
45677,-112.34711
45678,-112.96235
45679,-113.32129
45680,-113.249626
45681,-112.772484
45682,-112.16456
45683,-111.67127
45684,-111.51597
45685,-111.894806
45686,-112.849525
45687,-114.229164
45688,-115.90559
45689,-117.768
45690,-119.711266
45691,-121.66252
45692,-123.588936
45693,-125.452965
45694,-127.21351
45695,-128.82948
45696,-130.25978
45697,-131.46324
45698,-132.39876
45699,-133.02507
45700,-132.59157
45701,-130.6149
45702,-128.83801
45703,-126.92492
45704,-124.97005
45705,-123.067894
45706,-121.312965
45707,-119.79971
45708,-118.62251
45709,-117.87566
45710,-117.62567
45711,-117.78164
45712,-118.05594
45713,-118.18404
45714,-117.918915
45715,-117.060455
45716,-115.67571
45717,-114.16661
45718,-112.896385
45719,-112.19884
45720,-112.35649
45721,-113.36206
45722,-114.84642
45723,-116.48354
45724,-117.979965
45725,-119.069916
45726,-119.64391
45727,-119.78774
45728,-119.56417
45729,-119.01872
45730,-118.20712
45731,-117.24317
45732,-116.31331
45733,-115.59558
45734,-115.26163
45735,-115.45148
45736,-116.126366
45737,-117.02408
45738,-117.90886
45739,-118.564896
45740,-118.80141
45741,-118.56981
45742,-117.99953
45743,-117.19918
45744,-116.26177
45745,-115.28039
45746,-114.348145
45747,-113.55815
45748,-113.00353
45749,-112.77732
45750,-111.68764
45751,-109.16259
45752,-108.508896
45753,-108.53381
45754,-109.07034
45755,-109.95185
45756,-111.01193
45757,-112.084366
45758,-113.00299
45759,-113.601685
45760,-113.73935
45761,-113.41729
45762,-112.81505
45763,-112.091225
45764,-111.38877
45765,-110.834885
45766,-110.467026
45767,-110.21048
45768,-110.00379
45769,-109.79545
45770,-109.54569
45771,-109.28177
45772,-109.11461
45773,-109.14519
45774,-109.46706
45775,-110.14965
45776,-111.12578
45777,-112.157646
45778,-113.02787
45779,-113.53429
45780,-113.503746
45781,-112.92859
45782,-112.00817
45783,-110.917625
45784,-109.813835
45785,-108.83655
45786,-108.02745
45787,-107.30558
45788,-106.60449
45789,-105.8686
45790,-105.05483
45791,-104.19133
45792,-103.39521
45793,-102.77301
45794,-102.423325
45795,-102.4447
45796,-102.93562
45797,-103.99452
45798,-105.719635
45799,-108.20907
45800,-110.2821
45801,-110.6197
45802,-111.312035
45803,-111.852585
45804,-112.2322
45805,-112.44174
45806,-112.47204
45807,-112.31395
45808,-111.958305
45809,-111.39592
45810,-110.63057
45811,-109.73961
45812,-108.892426
45813,-108.2476
45814,-107.955505
45815,-108.1386
45816,-108.76087
45817,-109.58843
45818,-110.41108
45819,-111.03635
45820,-111.30449
45821,-111.241776
45822,-111.10701
45823,-111.13154
45824,-111.52605
45825,-112.46669
45826,-113.93365
45827,-115.662384
45828,-117.41775
45829,-118.986435
45830,-120.17403
45831,-120.892815
45832,-121.18849
45833,-121.090996
45834,-120.61846
45835,-119.79962
45836,-118.723656
45837,-117.555374
45838,-116.450905
45839,-115.5598
45840,-115.014565
45841,-114.850945
45842,-114.983795
45843,-115.34206
45844,-115.86549
45845,-116.493866
45846,-117.16703
45847,-117.8248
45848,-118.40705
45849,-118.853615
45850,-119.59384
45851,-120.7599
45852,-120.98896
45853,-120.80867
45854,-120.30422
45855,-119.561005
45856,-118.664474
45857,-117.70017
45858,-116.7537
45859,-115.910645
45860,-115.25169
45861,-114.82948
45862,-114.661575
45863,-114.76966
45864,-115.17842
45865,-115.896286
45866,-116.83897
45867,-117.80642
45868,-118.61234
45869,-119.0807
45870,-119.058754
45871,-118.526115
45872,-117.62834
45873,-116.49171
45874,-115.22795
45875,-113.9496
45876,-112.77269
45877,-111.817825
45878,-111.20495
45879,-111.05355
45880,-111.45104
45881,-112.302956
45882,-113.287735
45883,-114.11101
45884,-114.49865
45885,-114.22388
45886,-113.32958
45887,-112.19618
45888,-111.1648
45889,-110.5468
45890,-110.611084
45891,-111.385574
45892,-112.59724
45893,-114.00888
45894,-115.41033
45895,-116.59152
45896,-117.342415
45897,-117.45282
45898,-116.71222
45899,-114.909584
45900,-113.06781
45901,-112.97015
45902,-113.48894
45903,-114.48805
45904,-115.77215
45905,-117.14621
45906,-118.41538
45907,-119.384895
45908,-119.859924
45909,-119.64542
45910,-118.592735
45911,-116.81877
45912,-114.7735
45913,-112.86901
45914,-111.48821
45915,-110.95714
45916,-111.27938
45917,-112.05574
45918,-112.93489
45919,-113.60161
45920,-113.78223
45921,-113.43843
45922,-112.82629
45923,-112.16724
45924,-111.65676
45925,-111.46536
45926,-111.621346
45927,-111.9753
45928,-112.39883
45929,-112.77938
45930,-113.01532
45931,-113.06696
45932,-112.97205
45933,-112.75918
45934,-112.45007
45935,-112.0663
45936,-111.62839
45937,-111.15559
45938,-110.66731
45939,-110.18308
45940,-109.72817
45941,-109.360435
45942,-109.17858
45943,-109.27639
45944,-109.744026
45945,-110.67153
45946,-112.14887
45947,-114.26586
45948,-122.11207
45949,-125.77677
45950,-120.96659
45951,-120.327995
45952,-114.81924
45953,-115.81938
45954,-117.952225
45955,-120.84352
45956,-129.1204
45957,-132.4111
45958,-135.34451
45959,-132.54967
45960,-133.69247
45961,-133.64961
45962,-132.56226
45963,-130.54137
45964,-127.674995
45965,-129.07617
45966,-124.99781
45967,-120.86852
45968,-117.09779
45969,-114.07946
45970,-107.15196
45971,-106.34206
45972,-106.28752
45973,-106.6724
45974,-107.21581
45975,-107.6621
45976,-107.89713
45977,-107.983536
45978,-107.9628
45979,-107.86067
45980,-107.70637
45981,-107.54823
45982,-107.45872
45983,-107.507355
45984,-107.761566
45985,-108.27349
45986,-109.008804
45987,-109.82506
45988,-110.592804
45989,-111.192215
45990,-111.5205
45991,-111.571815
45992,-111.46142
45993,-111.2903
45994,-111.1487
45995,-111.12684
45996,-111.314995
45997,-111.80334
45998,-112.68204
45999,-114.041145
46000,-115.49108
46001,-116.27911
46002,-116.72381
46003,-116.899284
46004,-116.86624
46005,-116.68546
46006,-116.4178
46007,-116.124084
46008,-115.8652
46009,-115.702034
46010,-115.68137
46011,-115.769775
46012,-115.833595
46013,-115.75092
46014,-115.40874
46015,-114.72257
46016,-113.77074
46017,-112.83524
46018,-112.17443
46019,-112.02854
46020,-112.5913
46021,-113.793465
46022,-115.237236
46023,-116.564156
46024,-117.445145
46025,-117.59138
46026,-116.94291
46027,-115.72638
46028,-114.13503
46029,-112.337105
46030,-110.5022
46031,-108.80709
46032,-107.437256
46033,-106.57705
46034,-106.40986
46035,-107.07553
46036,-108.46783
46037,-110.1734
46038,-111.81603
46039,-113.047195
46040,-113.56251
46041,-113.30841
46042,-112.54496
46043,-111.495316
46044,-110.35502
46045,-109.31981
46046,-108.58548
46047,-108.34771
46048,-108.80201
46049,-110.14363
46050,-111.77743
46051,-112.42848
46052,-112.5179
46053,-112.229645
46054,-111.68266
46055,-110.99601
46056,-110.28887
46057,-109.68043
46058,-109.28992
46059,-109.2365
46060,-109.615135
46061,-110.38322
46062,-111.32649
46063,-112.251205
46064,-112.979004
46065,-113.35479
46066,-113.35591
46067,-113.12525
46068,-112.78618
46069,-112.447426
46070,-112.20931
46071,-112.12417
46072,-112.18428
46073,-112.389015
46074,-112.74304
46075,-113.24166
46076,-113.82673
46077,-114.373375
46078,-114.76462
46079,-114.889404
46080,-114.654305
46081,-114.06607
46082,-113.256996
46083,-112.34469
46084,-111.43573
46085,-110.62632
46086,-109.95378
46087,-109.381744
46088,-108.882454
46089,-108.43476
46090,-108.01333
46091,-107.56929
46092,-107.02429
46093,-106.30348
46094,-105.3346
46095,-104.04538
46096,-102.36348
46097,-100.21658
46098,-97.53231
46099,-99.23838
46100,-93.877144
46101,-103.91143
46102,-101.08377
46103,-102.780785
46104,-104.08793
46105,-105.090515
46106,-105.87395
46107,-106.52361
46108,-107.12492
46109,-107.76333
46110,-108.51708
46111,-109.42346
46112,-110.46857
46113,-111.64458
46114,-112.948296
46115,-114.36135
46116,-115.77967
46117,-116.99207
46118,-117.8001
46119,-118.014694
46120,-117.483986
46121,-116.26879
46122,-114.69659
46123,-113.0642
46124,-111.64515
46125,-110.681175
46126,-110.23315
46127,-110.13565
46128,-110.25001
46129,-110.45764
46130,-110.64038
46131,-110.68177
46132,-110.46744
46133,-109.8827
46134,-108.8126
46135,-107.18313
46136,-105.15354
46137,-103.1752
46138,-101.66519
46139,-101.01444
46140,-101.55061
46141,-103.24374
46142,-105.6178
46143,-108.25088
46144,-110.76146
46145,-112.76848
46146,-113.89085
46147,-113.746925
46148,-111.95393
46149,-113.12747
46150,-108.50491
46151,-105.92513
46152,-99.873245
46153,-99.857666
46154,-100.647125
46155,-102.01105
46156,-103.719185
46157,-105.541595
46158,-107.24849
46159,-108.61024
46160,-109.43082
46161,-109.70547
46162,-109.66838
46163,-109.52533
46164,-109.46095
46165,-109.63216
46166,-110.03792
46167,-110.47989
46168,-110.78317
46169,-110.79042
46170,-110.37167
46171,-109.55268
46172,-108.55409
46173,-107.57363
46174,-106.791824
46175,-106.36945
46176,-106.35538
46177,-106.658554
46178,-107.20461
46179,-107.93166
46180,-108.777145
46181,-109.674446
46182,-110.551926
46183,-111.33855
46184,-111.96376
46185,-112.36969
46186,-112.5709
46187,-112.67245
46188,-112.76869
46189,-112.94597
46190,-113.27743
46191,-113.761
46192,-114.30074
46193,-114.81176
46194,-115.21757
46195,-115.441605
46196,-115.40736
46197,-115.03823
46198,-114.257545
46199,-112.98855
46200,-114.642975
46201,-125.7311
46202,-122.012
46203,-121.77659
46204,-120.4528
46205,-118.47071
46206,-116.26229
46207,-114.26049
46208,-112.89851
46209,-112.609184
46210,-113.7436
46211,-116.19319
46212,-124.27618
46213,-127.3802
46214,-129.94507
46215,-126.470764
46216,-126.797005
46217,-126.18856
46218,-124.86075
46219,-122.991905
46220,-120.76764
46221,-118.41188
46222,-116.19647
46223,-114.3879
46224,-113.24821
46225,-112.995285
46226,-113.59804
46227,-114.714355
46228,-116.03914
46229,-117.29529
46230,-118.24145
46231,-118.83801
46232,-119.29764
46233,-119.80328
46234,-120.51566
46235,-121.56287
46236,-122.8879
46237,-124.20246
46238,-125.24544
46239,-125.77618
46240,-125.58743
46241,-124.66318
46242,-123.227165
46243,-121.47592
46244,-119.58519
46245,-117.73092
46246,-116.08914
46247,-114.835815
46248,-114.14675
46249,-114.19746
46250,-113.30815
46251,-110.30081
46252,-109.35051
46253,-109.08675
46254,-109.35658
46255,-110.007416
46256,-110.886925
46257,-111.84292
46258,-112.72337
46259,-113.376236
46260,-113.66444
46261,-113.53584
46262,-113.0446
46263,-112.232285
46264,-111.13111
46265,-109.78058
46266,-108.26161
46267,-106.70702
46268,-105.24351
46269,-103.99323
46270,-103.06919
46271,-102.53306
46272,-102.38223
46273,-102.62174
46274,-103.26238
46275,-104.29478
46276,-105.59547
46277,-106.89854
46278,-107.955284
46279,-108.529785
46280,-108.42714
46281,-107.68631
46282,-106.63885
46283,-105.5818
46284,-104.786385
46285,-104.49018
46286,-104.73956
46287,-105.34217
46288,-106.13413
46289,-106.973
46290,-107.72733
46291,-108.327774
46292,-108.78258
46293,-109.090706
46294,-109.2442
46295,-109.2351
46296,-109.05541
46297,-108.69718
46298,-108.15243
46299,-107.41318
46300,-105.616585
46301,-102.76404
46302,-101.75871
46303,-101.48224
46304,-101.77802
46305,-102.48984
46306,-103.46163
46307,-104.537506
46308,-105.561676
46309,-106.378365
46310,-106.84733
46311,-106.91646
46312,-106.64376
46313,-106.07406
46314,-105.24239
46315,-104.194756
46316,-103.03919
46317,-101.96129
46318,-101.137474
46319,-100.73719
46320,-100.900116
46321,-101.597176
46322,-102.58873
46323,-103.660484
46324,-104.617096
46325,-105.2886
46326,-105.64863
46327,-105.85032
46328,-106.0253
46329,-106.28923
46330,-106.74276
46331,-107.40128
46332,-108.1737
46333,-108.98163
46334,-109.75623
46335,-110.431015
46336,-110.95301
46337,-111.28602
46338,-111.39186
46339,-111.230804
46340,-110.77587
46341,-110.07251
46342,-109.25684
46343,-108.45433
46344,-107.78243
46345,-107.35859
46346,-107.30022
46347,-107.724625
46348,-108.74899
46349,-110.49036
46350,-111.16251
46351,-109.32674
46352,-109.00048
46353,-109.05034
46354,-109.433044
46355,-110.105354
46356,-111.02413
46357,-112.146164
46358,-113.42839
46359,-114.82769
46360,-116.299194
46361,-117.7878
46362,-119.22569
46363,-120.5465
46364,-121.68506
46365,-122.57599
46366,-123.15304
46367,-123.348785
46368,-123.095894
46369,-122.326965
46370,-120.99085
46371,-119.12903
46372,-116.899315
46373,-114.44637
46374,-111.904816
46375,-109.40967
46376,-107.097984
46377,-105.109245
46378,-103.582504
46379,-102.65647
46380,-102.43844
46381,-102.858406
46382,-103.62497
46383,-104.47339
46384,-105.15891
46385,-105.468414
46386,-105.36829
46387,-105.0493
46388,-104.675354
46389,-104.39049
46390,-104.32495
46391,-104.530815
46392,-104.96235
46393,-105.58553
46394,-106.37508
46395,-107.30568
46396,-108.352036
46397,-109.48889
46398,-110.69099
46399,-111.93305
46400,-113.16169
46401,-114.013504
46402,-114.07367
46403,-113.721146
46404,-113.09947
46405,-112.35238
46406,-111.623726
46407,-111.05745
46408,-110.79741
46409,-110.98747
46410,-111.73651
46411,-112.95568
46412,-114.30919
46413,-115.49086
46414,-116.21656
46415,-116.24404
46416,-115.569565
46417,-114.488045
46418,-113.25964
46419,-112.11835
46420,-111.27221
46421,-110.78105
46422,-110.519424
46423,-110.38367
46424,-110.28657
46425,-110.1469
46426,-109.91701
46427,-109.59128
46428,-109.15904
46429,-108.605965
46430,-107.92393
46431,-107.1403
46432,-106.32686
46433,-105.550095
46434,-104.872604
46435,-104.35032
46436,-104.00148
46437,-103.79725
46438,-103.71437
46439,-103.73382
46440,-103.83427
46441,-103.9815
46442,-104.12517
46443,-104.21684
46444,-104.20955
46445,-104.05627
46446,-103.71002
46447,-103.12379
46448,-102.25053
46449,-101.043175
46450,-100.998795
46451,-103.05318
46452,-103.53985
46453,-103.64798
46454,-103.49225
46455,-103.18743
46456,-102.84834
46457,-102.58984
46458,-102.5268
46459,-102.77408
46460,-103.42327
46461,-104.43412
46462,-105.60176
46463,-106.74122
46464,-107.68221
46465,-108.281815
46466,-108.55194
46467,-108.69814
46468,-108.90287
46469,-109.33142
46470,-110.12151
46471,-111.254585
46472,-112.516815
46473,-113.71774
46474,-114.68437
46475,-115.26936
46476,-115.47105
46477,-115.470055
46478,-115.42556
46479,-115.48064
46480,-115.75559
46481,-116.240845
46482,-116.76461
46483,-117.17415
46484,-117.331184
46485,-117.11503
46486,-116.50555
46487,-115.60844
46488,-114.5148
46489,-113.30461
46490,-112.053085
46491,-110.80791
46492,-109.58231
46493,-108.39352
46494,-107.261856
46495,-106.2076
46496,-105.25105
46497,-104.41247
46498,-103.71214
46499,-103.170334
46500,-103.3183
46501,-104.514435
46502,-105.53314
46503,-106.60869
46504,-107.67227
46505,-108.65513
46506,-109.4885
46507,-110.10361
46508,-110.43163
46509,-110.40373
46510,-109.96666
46511,-109.156136
46512,-108.11928
46513,-106.99013
46514,-105.89289
46515,-104.94381
46516,-104.213615
46517,-103.71613
46518,-103.47195
46519,-103.50669
46520,-103.833786
46521,-104.39757
46522,-105.05607
46523,-105.67771
46524,-106.13866
46525,-106.3199
46526,-106.1303
46527,-105.513405
46528,-104.408516
46529,-102.751816
46530,-100.52166
46531,-97.93656
46532,-95.51534
46533,-93.74118
46534,-93.070076
46535,-93.88218
46536,-96.12897
46537,-104.22716
46538,-107.65844
46539,-110.953094
46540,-113.688736
46541,-110.70813
46542,-112.18426
46543,-113.250046
46544,-114.00898
46545,-114.56457
46546,-115.020454
46547,-115.480316
46548,-116.047874
46549,-116.82682
46550,-116.62496
46551,-114.682274
46552,-114.054405
46553,-113.77323
46554,-113.758
46555,-113.92801
46556,-114.202675
46557,-114.50142
46558,-114.74374
46559,-114.849106
46560,-114.75285
46561,-114.48047
46562,-114.17028
46563,-113.94735
46564,-113.9268
46565,-114.20315
46566,-114.75406
46567,-115.411224
46568,-116.02357
46569,-116.45306
46570,-116.57696
46571,-116.35978
46572,-115.87523
46573,-115.184166
46574,-114.33786
46575,-113.39277
46576,-112.43493
46577,-111.58722
46578,-110.968285
46579,-110.693375
46580,-110.855194
46581,-111.418434
46582,-112.187935
46583,-112.9876
46584,-113.655624
46585,-114.05477
46586,-114.1875
46587,-114.23082
46588,-114.34117
46589,-114.65956
46590,-115.302414
46591,-116.24694
46592,-117.296295
46593,-118.274315
46594,-119.02025
46595,-119.373405
46596,-119.172874
46597,-118.25752
46598,-116.465935
46599,-113.63624
46600,-111.18754
46601,-111.294945
46602,-112.19118
46603,-113.7813
46604,-115.79612
46605,-117.96703
46606,-120.02584
46607,-121.70454
46608,-122.73503
46609,-122.848915
46610,-121.83518
46611,-119.81285
46612,-117.31533
46613,-114.829506
46614,-112.80639
46615,-111.63837
46616,-111.38496
46617,-111.68953
46618,-112.24459
46619,-112.77984
46620,-113.05842
46621,-113.03193
46622,-112.88757
46623,-112.78475
46624,-112.861984
46625,-113.23527
46626,-113.892845
46627,-114.66314
46628,-115.393585
46629,-115.94583
46630,-116.19898
46631,-116.131516
46632,-115.84619
46633,-115.431244
46634,-114.9639
46635,-114.51854
46636,-114.153244
46637,-113.9057
46638,-113.8159
46639,-113.925674
46640,-114.26487
46641,-114.79521
46642,-115.39342
46643,-115.94621
46644,-116.34796
46645,-116.49296
46646,-116.275444
46647,-115.589615
46648,-114.32945
46649,-112.38885
46650,-113.03499
46651,-123.33785
46652,-120.29408
46653,-121.36272
46654,-121.7062
46655,-121.48734
46656,-120.86938
46657,-120.01586
46658,-119.090576
46659,-118.2575
46660,-117.65901
46661,-117.31453
46662,-117.08965
46663,-116.86788
46664,-116.54635
46665,-116.03722
46666,-115.338135
46667,-114.55378
46668,-113.77629
46669,-113.0884
46670,-112.56642
46671,-112.24992
46672,-112.132614
46673,-112.213615
46674,-112.49607
46675,-112.97372
46676,-113.586784
46677,-114.208534
46678,-114.72025
46679,-115.00912
46680,-114.984085
46681,-114.67793
46682,-114.278404
46683,-113.95508
46684,-113.86387
46685,-114.14346
46686,-114.834984
46687,-115.85754
46688,-117.14467
46689,-118.64077
46690,-120.28336
46691,-121.970634
46692,-123.55165
46693,-124.881294
46694,-125.81875
46695,-126.22307
46696,-125.953094
46697,-124.86732
46698,-122.82387
46699,-124.68042
46700,-117.313614
46701,-117.68934
46702,-117.27628
46703,-116.942665
46704,-116.69486
46705,-116.53927
46706,-116.48224
46707,-116.53017
46708,-116.689415
46709,-116.96634
46710,-117.35749
46711,-117.80343
46712,-118.174805
46713,-118.35045
46714,-118.21538
46715,-117.67923
46716,-116.792015
46717,-115.77952
46718,-114.84726
46719,-114.18525
46720,-113.95656
46721,-114.17128
46722,-114.64831
46723,-115.22912
46724,-115.77222
46725,-116.14812
46726,-116.29525
46727,-116.23692
46728,-115.98649
46729,-115.549736
46730,-114.93929
46731,-114.20664
46732,-113.45186
46733,-112.76934
46734,-112.24923
46735,-111.96806
46736,-111.925446
46737,-112.02481
46738,-112.180916
46739,-112.31711
46740,-112.365746
46741,-112.31034
46742,-112.19838
46743,-112.06978
46744,-111.95881
46745,-111.89971
46746,-111.92675
46747,-112.07417
46748,-112.376236
46749,-112.867134
46750,-112.67821
46751,-111.19967
46752,-110.48272
46753,-109.92667
46754,-109.50317
46755,-109.18387
46756,-108.94044
46757,-108.7446
46758,-108.568016
46759,-108.38239
46760,-108.1665
46761,-107.93927
46762,-107.7699
46763,-107.72159
46764,-107.85307
46765,-108.21287
46766,-108.7915
46767,-109.50707
46768,-110.28633
46769,-111.0625
46770,-111.77155
46771,-112.36474
46772,-112.81249
46773,-113.08297
46774,-113.142624
46775,-112.97026
46776,-112.61563
46777,-112.21701
46778,-111.90232
46779,-111.79164
46780,-111.98345
46781,-112.45381
46782,-113.02586
46783,-113.54082
46784,-113.85358
46785,-113.84007
46786,-113.4961
46787,-112.96739
46788,-112.382065
46789,-111.85499
46790,-111.48689
46791,-111.29809
46792,-111.2082
46793,-111.14877
46794,-111.06025
46795,-110.88315
46796,-110.55789
46797,-110.02499
46798,-109.22482
46799,-108.09781
46800,-107.332344
46801,-107.650986
46802,-107.73718
46803,-107.88883
46804,-108.08878
46805,-108.31988
46806,-108.56496
46807,-108.806854
46808,-109.0284
46809,-109.21246
46810,-109.34004
46811,-109.38175
46812,-109.29522
46813,-109.03961
46814,-108.57524
46815,-107.87688
46816,-107.001976
46817,-106.11124
46818,-105.35321
46819,-104.8672
46820,-104.77157
46821,-105.06539
46822,-105.59893
46823,-106.24023
46824,-106.87066
46825,-107.38426
46826,-107.74657
46827,-108.01245
46828,-108.22615
46829,-108.42389
46830,-108.64083
46831,-108.90567
46832,-109.23904
46833,-109.66251
46834,-110.19844
46835,-110.85898
46836,-111.59891
46837,-112.30127
46838,-112.85763
46839,-113.16595
46840,-113.143524
46841,-112.81791
46842,-112.35458
46843,-111.90281
46844,-111.5997
46845,-111.58234
46846,-111.987755
46847,-112.95282
46848,-114.61425
46849,-117.10843
46850,-117.089386
46851,-117.76706
46852,-112.85174
46853,-114.288315
46854,-116.66774
46855,-124.58273
46856,-127.62727
46857,-130.39618
46858,-127.48465
46859,-128.48752
46860,-128.06622
46861,-126.26579
46862,-123.61347
46863,-125.58306
46864,-122.60737
46865,-120.086136
46866,-113.22807
46867,-112.0022
46868,-111.40495
46869,-111.45383
46870,-112.146194
46871,-113.36489
46872,-114.849785
46873,-116.35801
46874,-117.659584
46875,-118.54533
46876,-118.92355
46877,-118.84958
46878,-118.36135
46879,-117.48384
46880,-116.25579
46881,-114.79413
46882,-113.313774
46883,-112.01834
46884,-111.10279
46885,-110.7347
46886,-110.92668
46887,-111.49758
46888,-112.28931
46889,-113.16104
46890,-113.98115
46891,-114.6692
46892,-115.208824
46893,-115.57606
46894,-115.74123
46895,-115.6746
46896,-115.346504
46897,-114.72718
46898,-113.786835
46899,-112.495705
46900,-111.462135
46901,-111.45536
46902,-111.55024
46903,-111.81879
46904,-112.17579
46905,-112.53608
46906,-112.814514
46907,-112.92594
46908,-112.785164
46909,-112.307
46910,-111.434
46911,-110.26702
46912,-109.1051
46913,-108.22412
46914,-107.88228
46915,-108.29048
46916,-109.39125
46917,-110.79228
46918,-112.141426
46919,-113.116684
46920,-113.44208
46921,-113.103386
46922,-112.41379
46923,-111.64798
46924,-111.05184
46925,-110.83642
46926,-111.0144
46927,-111.35055
46928,-111.63901
46929,-111.69599
46930,-111.37431
46931,-110.734955
46932,-110.09915
46933,-109.7576
46934,-109.97783
46935,-110.97224
46936,-112.641235
46937,-114.49578
46938,-116.09373
46939,-117.02783
46940,-116.94976
46941,-115.84734
46942,-114.12965
46943,-112.15693
46944,-110.252815
46945,-108.74115
46946,-107.945564
46947,-108.1893
46948,-109.794945
46949,-118.084015
46950,-121.15318
46951,-116.21766
46952,-116.0035
46953,-115.24789
46954,-114.1324
46955,-112.838974
46956,-111.549736
46957,-110.44696
46958,-109.71282
46959,-109.529434
46960,-110.03898
46961,-111.15765
46962,-112.51967
46963,-113.793045
46964,-114.671135
46965,-114.89305
46966,-114.45799
46967,-113.69069
46968,-112.877785
46969,-112.2773
46970,-112.11138
46971,-112.39805
46972,-112.90019
46973,-113.41092
46974,-113.74604
46975,-113.748604
46976,-113.41612
46977,-112.93938
46978,-112.48644
46979,-112.20833
46980,-112.2359
46981,-112.58567
46982,-113.1312
46983,-113.76297
46984,-114.38421
46985,-114.90717
46986,-115.2951
46987,-115.575066
46988,-115.76659
46989,-115.88355
46990,-115.94363
46991,-115.98596
46992,-116.0767
46993,-116.278786
46994,-116.65279
46995,-117.25922
46996,-118.1586
46997,-119.41134
46998,-121.077835
46999,-123.21833
47000,-125.65067
47001,-127.412125
47002,-127.741936
47003,-127.253716
47004,-126.135826
47005,-124.57732
47006,-122.76771
47007,-120.896866
47008,-119.15482
47009,-117.73165
47010,-116.79169
47011,-116.353775
47012,-116.2547
47013,-116.352516
47014,-116.52146
47015,-116.645744
47016,-116.66568
47017,-116.59176
47018,-116.42618
47019,-116.16499
47020,-115.80583
47021,-115.35553
47022,-114.832436
47023,-114.25354
47024,-113.634796
47025,-113.00064
47026,-112.423325
47027,-112.03499
47028,-111.96074
47029,-112.32024
47030,-113.207825
47031,-114.5741
47032,-116.190254
47033,-117.848976
47034,-119.35907
47035,-120.54299
47036,-121.30089
47037,-121.62976
47038,-121.5152
47039,-120.934105
47040,-119.87747
47041,-118.41653
47042,-116.72314
47043,-114.957726
47044,-113.271965
47045,-111.81752
47046,-110.74601
47047,-110.20891
47048,-110.35749
47049,-111.34283
47050,-111.841385
47051,-110.63836
47052,-110.5934
47053,-110.87403
47054,-111.418236
47055,-112.16405
47056,-113.04956
47057,-114.01287
47058,-114.99215
47059,-115.92559
47060,-116.75459
47061,-117.43917
47062,-117.96253
47063,-118.305084
47064,-118.445175
47065,-118.36666
47066,-118.0845
47067,-117.652695
47068,-117.120705
47069,-116.53454
47070,-115.94547
47071,-115.43418
47072,-115.11829
47073,-115.111046
47074,-115.522354
47075,-116.4353
47076,-117.781136
47077,-119.30145
47078,-120.76043
47079,-121.939224
47080,-122.658936
47081,-122.967834
47082,-123.19845
47083,-123.65037
47084,-124.59811
47085,-126.253265
47086,-128.47101
47087,-130.66139
47088,-132.28693
47089,-132.84933
47090,-131.92336
47091,-129.50473
47092,-131.11899
47093,-127.23378
47094,-123.27203
47095,-119.65733
47096,-116.81305
47097,-110.161705
47098,-110.12455
47099,-112.12136
47100,-120.83324
47101,-124.20185
47102,-120.89165
47103,-121.723434
47104,-121.82604
47105,-121.32864
47106,-120.36071
47107,-119.051994
47108,-117.53254
47109,-115.93253
47110,-114.374344
47111,-112.9356
47112,-111.63777
47113,-110.50885
47114,-109.58172
47115,-108.88361
47116,-108.409485
47117,-108.11396
47118,-107.95643
47119,-107.899895
47120,-107.90938
47121,-107.96123
47122,-108.046005
47123,-108.152534
47124,-108.268425
47125,-108.379036
47126,-108.457184
47127,-108.45996
47128,-108.34628
47129,-108.076515
47130,-107.621
47131,-107.00691
47132,-106.33259
47133,-105.687935
47134,-105.156525
47135,-104.81427
47136,-104.69332
47137,-104.77121
47138,-105.031975
47139,-105.46453
47140,-106.055824
47141,-106.78177
47142,-107.60446
47143,-108.48762
47144,-109.39627
47145,-110.29541
47146,-111.15003
47147,-111.92515
47148,-112.58577
47149,-113.096886
47150,-114.51394
47151,-117.20933
47152,-118.15298
47153,-118.47231
47154,-118.33164
47155,-117.895645
47156,-117.32924
47157,-116.79754
47158,-116.465706
47159,-116.498886
47160,-117.030426
47161,-118.01339
47162,-119.17558
47163,-120.27152
47164,-121.075745
47165,-121.39968
47166,-121.26398
47167,-120.95134
47168,-120.71419
47169,-120.78187
47170,-121.34176
47171,-122.34285
47172,-123.43605
47173,-124.30727
47174,-124.66883
47175,-124.27469
47176,-123.11684
47177,-121.48577
47178,-119.63807
47179,-117.8044
47180,-116.19928
47181,-114.94456
47182,-114.045815
47183,-113.52205
47184,-113.402435
47185,-113.702774
47186,-114.36304
47187,-115.228355
47188,-116.15517
47189,-117.00843
47190,-117.66521
47191,-118.0712
47192,-118.257866
47193,-118.24658
47194,-118.05114
47195,-117.68531
47196,-117.1629
47197,-116.49771
47198,-115.703545
47199,-114.79423
47200,-114.46126
47201,-115.06978
47202,-114.89713
47203,-114.51631
47204,-113.987785
47205,-113.372025
47206,-112.72959
47207,-112.12102
47208,-111.60689
47209,-111.247734
47210,-111.083145
47211,-111.03377
47212,-110.8715
47213,-110.385826
47214,-109.37938
47215,-107.70485
47216,-105.50078
47217,-103.26355
47218,-101.447716
47219,-100.4759
47220,-100.70196
47221,-102.09138
47222,-104.125114
47223,-106.342865
47224,-108.32815
47225,-109.71082
47226,-110.382324
47227,-110.56055
47228,-110.42432
47229,-110.12353
47230,-109.79693
47231,-109.51921
47232,-109.284935
47233,-109.098145
47234,-108.97001
47235,-108.91005
47236,-108.918434
47237,-108.98356
47238,-109.09526
47239,-109.24444
47240,-109.42096
47241,-109.60925
47242,-109.786835
47243,-109.93205
47244,-110.02386
47245,-110.0412
47246,-109.963036
47247,-109.768295
47248,-109.43594
47249,-108.9449
47250,-108.70359
47251,-109.10922
47252,-109.36056
47253,-109.64313
47254,-109.9464
47255,-110.259834
47256,-110.5729
47257,-110.87506
47258,-111.15578
47259,-111.40453
47260,-111.61008
47261,-111.75724
47262,-111.82585
47263,-111.79635
47264,-111.64963
47265,-111.37727
47266,-111.03211
47267,-110.74343
47268,-110.63149
47269,-110.80978
47270,-111.36943
47271,-112.27513
47272,-113.33362
47273,-114.37044
47274,-115.22531
47275,-115.75672
47276,-115.92992
47277,-115.8437
47278,-115.58113
47279,-115.213486
47280,-114.80899
47281,-114.41829
47282,-114.06999
47283,-113.795296
47284,-113.62736
47285,-113.590675
47286,-113.66082
47287,-113.75208
47288,-113.78603
47289,-113.6896
47290,-113.39836
47291,-112.89668
47292,-112.23
47293,-111.43658
47294,-110.54928
47295,-109.601
47296,-108.624626
47297,-107.65305
47298,-106.71917
47299,-105.855865
47300,-105.663025
47301,-106.45023
47302,-106.74359
47303,-106.98729
47304,-107.20074
47305,-107.40335
47306,-107.61451
47307,-107.85365
47308,-108.140175
47309,-108.49349
47310,-108.924164
47311,-109.39262
47312,-109.796585
47313,-110.04125
47314,-110.037384
47315,-109.714195
47316,-109.10586
47317,-108.377975
47318,-107.68061
47319,-107.15221
47320,-106.9097
47321,-106.94784
47322,-107.10863
47323,-107.252304
47324,-107.252686
47325,-107.00211
47326,-106.49786
47327,-105.86845
47328,-105.226814
47329,-104.67424
47330,-104.303894
47331,-104.16273
47332,-104.23992
47333,-104.531525
47334,-105.038765
47335,-105.755554
47336,-106.63433
47337,-107.57575
47338,-108.48673
47339,-109.27883
47340,-109.876884
47341,-110.2816
47342,-110.588356
47343,-110.8813
47344,-111.23614
47345,-111.72858
47346,-112.43433
47347,-113.42905
47348,-114.78836
47349,-116.58775
47350,-117.953384
47351,-117.73949
47352,-117.28488
47353,-116.507195
47354,-115.54324
47355,-114.529976
47356,-113.60445
47357,-112.90374
47358,-112.56486
47359,-112.72471
47360,-113.48853
47361,-114.78222
47362,-116.30778
47363,-117.794044
47364,-118.98991
47365,-119.673294
47366,-119.78698
47367,-119.480034
47368,-118.87736
47369,-118.08582
47370,-117.21423
47371,-116.382385
47372,-115.7236
47373,-115.36968
47374,-115.45107
47375,-116.06723
47376,-117.14198
47377,-118.37975
47378,-119.51109
47379,-120.286095
47380,-120.50281
47381,-120.23209
47382,-119.8864
47383,-119.83861
47384,-120.431526
47385,-121.941696
47386,-124.271164
47387,-126.85458
47388,-129.18233
47389,-130.78656
47390,-131.25862
47391,-130.52776
47392,-128.94719
47393,-126.82237
47394,-124.42245
47395,-122.01716
47396,-119.87651
47397,-118.27039
47398,-117.46839
47399,-117.7395
47400,-117.91868
47401,-116.612144
47402,-116.11197
47403,-115.812454
47404,-115.675705
47405,-115.66387
47406,-115.739105
47407,-115.863594
47408,-115.99954
47409,-116.10914
47410,-116.15564
47411,-116.10826
47412,-115.94374
47413,-115.637886
47414,-115.165855
47415,-114.51351
47416,-113.727715
47417,-112.93169
47418,-112.23971
47419,-111.75933
47420,-111.57872
47421,-111.67622
47422,-111.8928
47423,-112.08576
47424,-112.12458
47425,-111.89808
47426,-111.40463
47427,-110.77983
47428,-110.14307
47429,-109.60165
47430,-109.25188
47431,-109.12767
47432,-109.18505
47433,-109.3892
47434,-109.71225
47435,-110.12684
47436,-110.60806
47437,-111.13419
47438,-111.683105
47439,-112.232414
47440,-112.76014
47441,-113.24646
47442,-113.67426
47443,-114.02612
47444,-114.2844
47445,-114.43138
47446,-114.449425
47447,-114.32083
47448,-114.02789
47449,-113.55294
47450,-114.13308
47451,-116.36099
47452,-116.96893
47453,-117.08157
47454,-116.829704
47455,-116.34427
47456,-115.75642
47457,-115.19739
47458,-114.79846
47459,-114.69091
47460,-114.98008
47461,-115.62413
47462,-116.39733
47463,-117.09574
47464,-117.53182
47465,-117.543396
47466,-117.112915
47467,-116.40384
47468,-115.55852
47469,-114.70341
47470,-113.95674
47471,-113.3896
47472,-113.01413
47473,-112.84932
47474,-112.91937
47475,-113.23387
47476,-113.719536
47477,-114.19942
47478,-114.50888
47479,-114.492455
47480,-114.01852
47481,-113.09093
47482,-111.883255
47483,-110.54931
47484,-109.22797
47485,-108.045586
47486,-107.05717
47487,-106.22847
47488,-105.53575
47489,-104.96319
47490,-104.49719
47491,-104.13673
47492,-103.896355
47493,-103.788795
47494,-103.82541
47495,-104.01748
47496,-104.37635
47497,-104.91333
47498,-105.63972
47499,-106.56683
47500,-106.99999
47501,-106.481026
47502,-106.64971
47503,-106.98593
47504,-107.44242
47505,-107.971924
47506,-108.5272
47507,-109.061035
47508,-109.5262
47509,-109.875465
47510,-110.07397
47511,-110.157166
47512,-110.24834
47513,-110.46041
47514,-110.898445
47515,-111.64499
47516,-112.65474
47517,-113.722725
47518,-114.66303
47519,-115.30398
47520,-115.496056
47521,-115.216034
47522,-114.598656
47523,-113.76018
47524,-112.80294
47525,-111.82984
47526,-110.94635
47527,-110.261185
47528,-109.882645
47529,-109.918655
47530,-110.45326
47531,-111.43514
47532,-112.64393
47533,-113.87951
47534,-114.956955
47535,-115.71077
47536,-116.086006
47537,-116.16579
47538,-116.016975
47539,-115.69415
47540,-115.24915
47541,-114.71739
47542,-114.11386
47543,-113.45595
47544,-112.762856
47545,-112.05377
47546,-111.34794
47547,-110.66455
47548,-110.02281
47549,-109.44194
47550,-109.404755
47551,-110.0697
47552,-110.106255
47553,-110.00228
47554,-109.82542
47555,-109.64331
47556,-109.52362
47557,-109.53403
47558,-109.74216
47559,-110.21569
47560,-110.998344
47561,-111.998566
47562,-112.95562
47563,-113.62904
47564,-113.79336
47565,-113.262024
47566,-112.07084
47567,-110.533966
47568,-108.93322
47569,-107.52593
47570,-106.55363
47571,-106.167366
47572,-106.40523
47573,-107.318565
47574,-108.9686
47575,-111.372246
47576,-119.29535
47577,-122.190796
47578,-124.54979
47579,-120.89154
47580,-120.820366
47581,-119.42789
47582,-117.417046
47583,-115.42126
47584,-114.02106
47585,-113.71325
47586,-114.51883
47587,-115.86439
47588,-117.24701
47589,-118.21715
47590,-118.37515
47591,-117.60391
47592,-116.13998
47593,-114.17875
47594,-111.88469
47595,-109.42257
47596,-106.957275
47597,-104.653786
47598,-102.67693
47599,-101.19146
47600,-101.129715
47601,-102.75026
47602,-103.62936
47603,-104.46375
47604,-105.244514
47605,-105.96268
47606,-106.60929
47607,-107.175415
47608,-107.652115
47609,-108.030396
47610,-108.30994
47611,-108.53915
47612,-108.82754
47613,-109.27728
47614,-109.98514
47615,-111.023834
47616,-112.32988
47617,-113.669685
47618,-114.83005
47619,-115.612915
47620,-115.84963
47621,-115.53914
47622,-114.88997
47623,-114.086205
47624,-113.2935
47625,-112.65777
47626,-112.21214
47627,-111.84871
47628,-111.4761
47629,-111.01549
47630,-110.40014
47631,-109.6319
47632,-108.79845
47633,-107.977394
47634,-107.2387
47635,-106.64288
47636,-106.19684
47637,-105.84039
47638,-105.52135
47639,-105.193436
47640,-104.8104
47641,-104.325455
47642,-103.691284
47643,-102.86063
47644,-101.78625
47645,-100.420906
47646,-98.71733
47647,-96.62829
47648,-94.106544
47649,-96.1049
47650,-90.54031
47651,-94.40519
47652,-95.87285
47653,-96.93411
47654,-97.66833
47655,-98.154816
47656,-98.472916
47657,-98.701935
47658,-98.921234
47659,-99.21021
47660,-99.63238
47661,-100.16111
47662,-100.65732
47663,-100.99546
47664,-101.06005
47665,-100.761986
47666,-100.16249
47667,-99.51069
47668,-99.03315
47669,-98.93976
47670,-99.410126
47671,-100.45232
47672,-101.86023
47673,-103.45369
47674,-105.07174
47675,-106.56537
47676,-107.85278
47677,-108.93612
47678,-109.807396
47679,-110.45111
47680,-110.85483
47681,-111.02353
47682,-110.98392
47683,-110.76014
47684,-110.37441
47685,-109.85219
47686,-109.236946
47687,-108.59486
47688,-107.98937
47689,-107.481995
47690,-107.12928
47691,-106.960014
47692,-106.96821
47693,-107.152016
47694,-107.51264
47695,-108.05132
47696,-108.76929
47697,-109.66777
47698,-110.74799
47699,-112.01115
47700,-112.10353
47701,-110.13653
47702,-109.31147
47703,-108.749435
47704,-108.45035
47705,-108.414116
47706,-108.64069
47707,-109.12998
47708,-109.88192
47709,-110.89642
47710,-112.156044
47711,-113.54448
47712,-114.82211
47713,-115.76407
47714,-116.15637
47715,-115.826996
47716,-114.84323
47717,-113.57224
47718,-112.34644
47719,-111.47196
47720,-111.21131
47721,-111.57926
47722,-112.28098
47723,-113.05844
47724,-113.68125
47725,-113.95081
47726,-113.84872
47727,-113.58194
47728,-113.33092
47729,-113.256134
47730,-113.491356
47731,-114.01796
47732,-114.62712
47733,-115.13245
47734,-115.36454
47735,-115.179695
47736,-114.58076
47737,-113.753876
47738,-112.86389
47739,-112.05942
47740,-111.472984
47741,-111.1452
47742,-111.00188
47743,-110.98226
47744,-111.03588
47745,-111.112274
47746,-111.16096
47747,-111.13149
47748,-110.97339
47749,-110.6362
47750,-110.34916
47751,-110.472206
47752,-110.68628
47753,-111.006966
47754,-111.40499
47755,-111.851074
47756,-112.31598
47757,-112.770454
47758,-113.18526
47759,-113.53112
47760,-113.7805
47761,-113.91546
47762,-113.93014
47763,-113.81723
47764,-113.568344
47765,-113.178535
47766,-112.66231
47767,-112.0585
47768,-111.40313
47769,-110.73001
47770,-110.074684
47771,-109.482155
47772,-109.009254
47773,-108.71142
47774,-108.64299
47775,-108.84327
47776,-109.266
47777,-109.75804
47778,-110.17899
47779,-110.39805
47780,-110.30813
47781,-109.93768
47782,-109.48454
47783,-109.1265
47784,-109.0264
47785,-109.320076
47786,-109.99047
47787,-110.82952
47788,-111.65196
47789,-112.28957
47790,-112.59395
47791,-112.52892
47792,-112.19883
47793,-111.69133
47794,-111.0817
47795,-110.4453
47796,-109.85745
47797,-109.39351
47798,-109.12882
47799,-109.13868
47800,-109.596436
47801,-110.36311
47802,-110.79594
47803,-111.16332
47804,-111.504974
47805,-111.86059
47806,-112.26986
47807,-112.77248
47808,-113.40811
47809,-114.21647
47810,-115.21983
47811,-116.342064
47812,-117.38403
47813,-118.16112
47814,-118.49967
47815,-118.25979
47816,-117.494354
47817,-116.49787
47818,-115.53688
47819,-114.85676
47820,-114.67351
47821,-115.03626
47822,-115.78554
47823,-116.786385
47824,-117.92253
47825,-119.07687
47826,-120.127686
47827,-120.947266
47828,-121.40856
47829,-121.38493
47830,-120.77028
47831,-119.57588
47832,-117.96035
47833,-116.065414
47834,-114.020004
47835,-111.94926
47836,-109.955795
47837,-108.11409
47838,-106.50179
47839,-105.19903
47840,-104.27634
47841,-103.75027
47842,-103.5699
47843,-103.69236
47844,-104.08081
47845,-104.69845
47846,-105.5085
47847,-106.47419
47848,-107.55878
47849,-108.72551
47850,-108.55679
47851,-106.42205
47852,-106.03469
47853,-106.158295
47854,-106.67529
47855,-107.46836
47856,-108.42021
47857,-109.41369
47858,-110.331696
47859,-111.05715
47860,-111.48408
47861,-111.569695
47862,-111.35029
47863,-110.85271
47864,-110.09682
47865,-109.11228
47866,-107.98423
47867,-106.867294
47868,-105.90794
47869,-105.24643
47870,-105.00719
47871,-105.225006
47872,-105.82257
47873,-106.73599
47874,-107.9114
47875,-109.28891
47876,-110.77431
47877,-112.230545
47878,-113.52576
47879,-114.5319
47880,-115.133804
47881,-115.28953
47882,-115.0488
47883,-114.4505
47884,-113.525444
47885,-112.31473
47886,-110.91828
47887,-109.50953
47888,-108.253334
47889,-107.30804
47890,-106.810165
47891,-106.77274
47892,-107.05439
47893,-107.53213
47894,-108.09683
47895,-108.63938
47896,-109.05074
47897,-109.22182
47898,-109.04349
47899,-108.406586
47900,-106.519875
47901,-108.31763
47902,-101.184616
47903,-99.40043
47904,-97.96446
47905,-96.876144
47906,-96.134926
47907,-95.74031
47908,-95.691795
47909,-95.988914
47910,-96.62375
47911,-97.54629
47912,-98.6538
47913,-99.85003
47914,-101.04342
47915,-102.15165
47916,-103.14476
47917,-104.05812
47918,-104.919205
47919,-105.749664
47920,-106.57476
47921,-107.44026
47922,-108.41755
47923,-109.57491
47924,-110.97836
47925,-112.66952
47926,-114.55175
47927,-116.35596
47928,-117.833755
47929,-118.752075
47930,-118.91946
47931,-118.382095
47932,-117.48378
47933,-116.53395
47934,-115.816025
47935,-115.57477
47936,-115.83484
47937,-116.34575
47938,-116.8893
47939,-117.271866
47940,-117.32563
47941,-117.02953
47942,-116.54619
47943,-116.016754
47944,-115.56622
47945,-115.31954
47946,-115.40174
47947,-115.93762
47948,-117.051926
47949,-118.86918
47950,-118.26094
47951,-118.39922
47952,-112.23028
47953,-112.17109
47954,-112.97144
47955,-114.38215
47956,-116.154686
47957,-118.041046
47958,-119.7935
47959,-121.164474
47960,-121.93473
47961,-122.04629
47962,-121.643
47963,-120.84524
47964,-119.755684
47965,-118.481026
47966,-117.149704
47967,-115.91741
47968,-114.936676
47969,-114.35762
47970,-114.296745
47971,-114.68048
47972,-115.19769
47973,-115.56537
47974,-115.52165
47975,-114.854836
47976,-113.638916
47977,-112.30576
47978,-111.24568
47979,-110.817345
47980,-111.31761
47981,-112.693214
47982,-114.45395
47983,-116.16198
47984,-117.41876
47985,-117.88199
47986,-117.52836
47987,-116.73397
47988,-115.82841
47989,-115.10623
47990,-114.82833
47991,-115.06336
47992,-115.6395
47993,-116.41319
47994,-117.26232
47995,-118.06483
47996,-118.69869
47997,-119.04186
47998,-118.97224
47999,-118.36758
48000,-118.66285
48001,-120.818436
48002,-121.247635
48003,-121.10181
48004,-120.490746
48005,-119.52453
48006,-118.31337
48007,-116.96771
48008,-115.597984
48009,-114.31479
48010,-113.21406
48011,-112.30887
48012,-111.5086
48013,-110.73472
48014,-109.91793
48015,-109.00371
48016,-108.021385
48017,-107.1052
48018,-106.377045
48019,-105.94941
48020,-105.91732
48021,-106.27642
48022,-106.8983
48023,-107.66936
48024,-108.48719
48025,-109.25824
48026,-109.93952
48027,-110.55109
48028,-111.1055
48029,-111.609695
48030,-112.06942
48031,-112.483696
48032,-112.84316
48033,-113.13944
48034,-113.36491
48035,-113.50842
48036,-113.538994
48037,-113.40072
48038,-113.040665
48039,-112.40801
48040,-111.4627
48041,-110.225624
48042,-108.79409
48043,-107.256424
48044,-105.69429
48045,-104.18934
48046,-102.8232
48047,-101.677475
48048,-100.83373
48049,-100.37349
48050,-100.80432
48051,-102.23307
48052,-103.25596
48053,-104.25558
48054,-105.208534
48055,-106.09145
48056,-106.880936
48057,-107.55357
48058,-108.08597
48059,-108.454735
48060,-108.64156
48061,-108.65736
48062,-108.54951
48063,-108.36107
48064,-108.13185
48065,-107.90656
48066,-107.75757
48067,-107.79184
48068,-108.1122
48069,-108.81832
48070,-109.98656
48071,-111.56087
48072,-113.31999
48073,-115.0626
48074,-116.60218
48075,-117.7719
48076,-118.51652
48077,-118.920296
48078,-119.05095
48079,-118.96395
48080,-118.717316
48081,-118.383545
48082,-118.05325
48083,-117.81501
48084,-117.75572
48085,-117.94682
48086,-118.37164
48087,-118.90334
48088,-119.428055
48089,-119.84165
48090,-120.05047
48091,-120.02005
48092,-119.790146
48093,-119.39179
48094,-118.84955
48095,-118.18794
48096,-117.43155
48097,-116.60494
48098,-115.73269
48099,-114.83938
48100,-115.018845
48101,-116.822556
48102,-117.47329
48103,-117.8499
48104,-118.015854
48105,-118.034744
48106,-117.97015
48107,-117.88575
48108,-117.845184
48109,-117.9121
48110,-118.13771
48111,-118.50233
48112,-118.897644
48113,-119.22574
48114,-119.396545
48115,-119.33231
48116,-119.02544
48117,-118.55604
48118,-117.99412
48119,-117.401886
48120,-116.837814
48121,-116.33895
48122,-115.915405
48123,-115.580414
48124,-115.34963
48125,-115.23014
48126,-115.18066
48127,-115.09934
48128,-114.891464
48129,-114.46764
48130,-113.75765
48131,-112.80034
48132,-111.77106
48133,-110.82925
48134,-110.122246
48135,-109.773506
48136,-109.77079
48137,-109.932205
48138,-110.09603
48139,-110.11567
48140,-109.86984
48141,-109.381226
48142,-108.85248
48143,-108.46505
48144,-108.38436
48145,-108.77576
48146,-109.804474
48147,-111.63545
48148,-114.433266
48149,-123.36196
48150,-120.294815
48151,-117.63915
48152,-117.19647
48153,-117.05248
48154,-117.12032
48155,-117.313255
48156,-117.54459
48157,-117.727684
48158,-117.77591
48159,-117.60261
48160,-117.137
48161,-116.39869
48162,-115.52046
48163,-114.62196
48164,-113.81288
48165,-113.19257
48166,-112.80158
48167,-112.60686
48168,-112.584
48169,-112.71516
48170,-112.98431
48171,-113.38617
48172,-113.92882
48173,-114.61874
48174,-115.46124
48175,-116.450676
48176,-117.51932
48177,-118.52187
48178,-119.322174
48179,-119.791
48180,-119.81876
48181,-119.408424
48182,-118.703835
48183,-117.83255
48184,-116.90976
48185,-116.03541
48186,-115.22233
48187,-114.37423
48188,-113.4075
48189,-112.24819
48190,-110.83741
48191,-109.20185
48192,-107.47548
48193,-105.779724
48194,-104.226494
48195,-102.92771
48196,-101.99516
48197,-101.54061
48198,-101.67572
48199,-102.512024
48200,-103.57385
48201,-104.36513
48202,-105.889786
48203,-107.69689
48204,-109.65257
48205,-111.623055
48206,-113.47465
48207,-115.073746
48208,-116.28667
48209,-116.97966
48210,-117.04472
48211,-116.5211
48212,-115.63243
48213,-114.581024
48214,-113.55302
48215,-112.72195
48216,-112.18889
48217,-111.96419
48218,-112.068794
48219,-112.53164
48220,-113.36476
48221,-114.48403
48222,-115.685356
48223,-116.77894
48224,-117.58577
48225,-117.944305
48226,-117.79305
48227,-117.195526
48228,-116.20061
48229,-114.84614
48230,-113.18333
48231,-111.339035
48232,-109.53494
48233,-107.98166
48234,-106.88139
48235,-106.4066
48236,-106.56126
48237,-107.13898
48238,-107.95856
48239,-108.85767
48240,-109.68791
48241,-110.37969
48242,-110.961784
48243,-111.45125
48244,-111.85632
48245,-112.18532
48246,-112.44648
48247,-112.64813
48248,-112.79852
48249,-112.90594
48250,-114.08167
48251,-116.81675
48252,-118.13184
48253,-118.96144
48254,-119.35865
48255,-119.376595
48256,-119.0685
48257,-118.48765
48258,-117.68739
48259,-116.72112
48260,-115.64337
48261,-114.51466
48262,-113.40308
48263,-112.37583
48264,-111.49946
48265,-110.843185
48266,-110.491844
48267,-110.54958
48268,-111.118256
48269,-112.29782
48270,-114.14309
48271,-116.453224
48272,-118.7085
48273,-120.42773
48274,-121.15805
48275,-120.52594
48276,-118.612785
48277,-116.07096
48278,-113.48827
48279,-111.40305
48280,-110.28604
48281,-110.22287
48282,-110.818184
48283,-111.73349
48284,-112.67344
48285,-113.3699
48286,-113.70782
48287,-113.76323
48288,-113.58952
48289,-113.22314
48290,-112.70081
48291,-112.061005
48292,-111.34426
48293,-110.59095
48294,-109.841194
48295,-109.135185
48296,-108.513054
48297,-108.01499
48298,-107.68109
48299,-107.5515
48300,-105.339935
48301,-105.19859
48302,-98.598175
48303,-98.254524
48304,-98.895256
48305,-100.24902
48306,-102.04497
48307,-104.0126
48308,-105.8817
48309,-107.38222
48310,-108.28533
48311,-108.59654
48312,-108.614
48313,-108.601
48314,-108.79491
48315,-109.39527
48316,-110.38632
48317,-111.48355
48318,-112.43452
48319,-113.010796
48320,-113.01473
48321,-112.42383
48322,-111.43482
48323,-110.2187
48324,-108.927185
48325,-107.7079
48326,-106.684746
48327,-105.95188
48328,-105.60692
48329,-105.750015
48330,-106.45887
48331,-107.684105
48332,-109.217636
48333,-110.87058
48334,-112.46829
48335,-113.852844
48336,-114.96056
48337,-115.84544
48338,-116.54751
48339,-117.09628
48340,-117.51844
48341,-117.82458
48342,-118.00506
48343,-118.05261
48344,-117.96177
48345,-117.727066
48346,-117.34301
48347,-116.804115
48348,-116.10492
48349,-115.23994
48350,-113.99585
48351,-112.59508
48352,-112.101776
48353,-112.04854
48354,-112.35503
48355,-112.94099
48356,-113.72632
48357,-114.63096
48358,-115.574875
48359,-116.478096
48360,-117.260704
48361,-117.84306
48362,-118.14591
48363,-118.0898
48364,-117.595215
48365,-116.60577
48366,-115.19697
48367,-113.60969
48368,-112.06571
48369,-110.772385
48370,-109.912346
48371,-109.52808
48372,-109.486946
48373,-109.67695
48374,-110.00176
48375,-110.36899
48376,-110.70817
48377,-110.976295
48378,-111.1271
48379,-111.11184
48380,-110.893776
48381,-110.504135
48382,-110.059204
48383,-109.66527
48384,-109.42102
48385,-109.40988
48386,-109.62784
48387,-109.96188
48388,-110.31192
48389,-110.5876
48390,-110.71353
48391,-110.69915
48392,-110.660034
48393,-110.699196
48394,-110.91018
48395,-111.38659
48396,-112.22186
48397,-113.50946
48398,-115.342674
48399,-117.81459
48400,-118.658325
48401,-116.25179
48402,-115.882385
48403,-115.95219
48404,-116.34819
48405,-116.957504
48406,-117.667435
48407,-118.36534
48408,-118.93864
48409,-119.27469
48410,-119.27175
48411,-118.88988
48412,-118.16647
48413,-117.12995
48414,-115.8019
48415,-114.22403
48416,-112.55214
48417,-111.08507
48418,-110.10498
48419,-109.88116
48420,-110.62116
48421,-112.183304
48422,-113.99022
48423,-115.517075
48424,-116.2781
48425,-115.86965
48426,-114.35603
48427,-112.38821
48428,-110.54944
48429,-109.37169
48430,-109.31665
48431,-110.44782
48432,-112.33152
48433,-114.593506
48434,-116.90437
48435,-118.96003
48436,-120.59772
48437,-121.83098
48438,-122.65228
48439,-123.038445
48440,-122.97551
48441,-122.5026
48442,-121.72532
48443,-120.74169
48444,-119.644035
48445,-118.52467
48446,-117.47601
48447,-116.59045
48448,-115.96032
48449,-115.677956
48450,-114.70865
48451,-112.46029
48452,-111.68694
48453,-111.45458
48454,-111.65542
48455,-112.18181
48456,-112.92634
48457,-113.78164
48458,-114.640434
48459,-115.39552
48460,-115.945946
48461,-116.22659
48462,-116.21706
48463,-115.891594
48464,-115.220505
48465,-114.19351
48466,-112.91113
48467,-111.612595
48468,-110.52103
48469,-109.8473
48470,-109.77075
48471,-110.29261
48472,-111.19143
48473,-112.27238
48474,-113.36053
48475,-114.29561
48476,-114.999886
48477,-115.498795
48478,-115.80547
48479,-115.923935
48480,-115.87188
48481,-115.744934
48482,-115.736206
48483,-116.02735
48484,-116.79135
48485,-118.15743
48486,-120.0071
48487,-121.912704
48488,-123.48343
48489,-124.35601
48490,-124.2189
48491,-123.05662
48492,-121.225006
48493,-119.03775
48494,-116.77646
48495,-114.72312
48496,-113.159676
48497,-112.36779
48498,-112.62867
48499,-114.22276
48500,-115.59704
48501,-114.56188
48502,-113.52743
48503,-112.21377
48504,-110.77017
48505,-109.34609
48506,-108.090965
48507,-107.154236
48508,-106.68524
48509,-106.83319
48510,-107.70969
48511,-109.213615
48512,-110.9784
48513,-112.66958
48514,-113.97658
48515,-114.63684
48516,-114.660545
48517,-114.39895
48518,-114.16322
48519,-114.23448
48520,-114.850685
48521,-116.00459
48522,-117.382645
48523,-118.70766
48524,-119.72982
48525,-120.2425
48526,-120.28466
48527,-120.202576
48528,-120.306786
48529,-120.88077
48530,-122.14994
48531,-124.01074
48532,-125.94871
48533,-127.498024
48534,-128.22931
48535,-127.7783
48536,-126.15385
48537,-123.83345
48538,-121.24222
48539,-118.76509
48540,-116.74773
48541,-115.310265
48542,-114.29041
48543,-113.5583
48544,-113.00914
48545,-112.53828
48546,-112.04109
48547,-111.413025
48548,-110.54949
48549,-109.34586
48550,-109.20194
48551,-111.24566
48552,-112.270905
48553,-113.10347
48554,-113.72142
48555,-114.1028
48556,-114.225624
48557,-114.06791
48558,-113.60765
48559,-112.82278
48560,-111.709984
48561,-110.37228
48562,-109.045906
48563,-107.95154
48564,-107.29803
48565,-107.258804
48566,-107.8069
48567,-108.66498
48568,-109.585724
48569,-110.34425
48570,-110.74811
48571,-110.78897
48572,-110.68854
48573,-110.6413
48574,-110.82132
48575,-111.36972
48576,-112.24046
48577,-113.1537
48578,-113.85752
48579,-114.120766
48580,-113.75405
48581,-112.80631
48582,-111.62478
48583,-110.52193
48584,-109.78396
48585,-109.65264
48586,-110.117584
48587,-110.853424
48588,-111.57229
48589,-112.01451
48590,-111.95402
48591,-111.35577
48592,-110.42363
48593,-109.333405
48594,-108.23978
48595,-107.297516
48596,-106.66136
48597,-106.48599
48598,-106.92592
48599,-108.13551
48600,-110.419136
48601,-112.98285
48602,-113.87683
48603,-114.04396
48604,-113.66055
48605,-112.90326
48606,-111.9491
48607,-110.97525
48608,-110.15903
48609,-109.677765
48610,-109.68244
48611,-110.17486
48612,-110.970436
48613,-111.906815
48614,-112.83831
48615,-113.63183
48616,-114.225365
48617,-114.64575
48618,-114.90927
48619,-115.024315
48620,-114.99999
48621,-114.84947
48622,-114.59099
48623,-114.24222
48624,-113.820335
48625,-113.35209
48626,-112.91826
48627,-112.667305
48628,-112.739716
48629,-113.26983
48630,-114.353485
48631,-115.86786
48632,-117.41726
48633,-118.63863
48634,-119.193214
48635,-118.79293
48636,-117.43967
48637,-115.498764
48638,-113.29384
48639,-111.11695
48640,-109.23625
48641,-107.78266
48642,-106.71536
48643,-106.013596
48644,-105.67182
48645,-105.684525
48646,-106.04622
48647,-106.75138
48648,-107.79455
48649,-109.17021
48650,-108.94467
48651,-106.05414
48652,-105.332405
48653,-105.21112
48654,-105.54697
48655,-106.19687
48656,-107.01794
48657,-107.867386
48658,-108.6025
48659,-109.080605
48660,-109.18155
48661,-108.91362
48662,-108.44561
48663,-107.92736
48664,-107.49447
48665,-107.27181
48666,-107.32324
48667,-107.63626
48668,-108.20746
48669,-109.04018
48670,-110.12705
48671,-111.39983
48672,-112.71424
48673,-113.93513
48674,-114.93416
48675,-115.60072
48676,-115.92495
48677,-116.02305
48678,-115.99634
48679,-115.93508
48680,-115.91909
48681,-115.96892
48682,-116.03102
48683,-116.06052
48684,-116.01907
48685,-115.8738
48686,-115.62265
48687,-115.302086
48688,-114.94408
48689,-114.57719
48690,-114.22904
48691,-113.92184
48692,-113.67099
48693,-113.49273
48694,-113.40384
48695,-113.421135
48696,-113.56144
48697,-113.84152
48698,-114.27819
48699,-114.88822
48700,-116.40512
48701,-118.67205
48702,-119.02054
48703,-118.58035
48704,-117.55378
48705,-116.14361
48706,-114.55313
48707,-112.98585
48708,-111.64544
48709,-110.735466
48710,-110.43073
48711,-110.74309
48712,-111.48093
48713,-112.476776
48714,-113.58142
48715,-114.65025
48716,-115.56421
48717,-116.235985
48718,-116.57455
48719,-116.48586
48720,-115.90734
48721,-114.9553
48722,-113.97021
48723,-113.26652
48724,-113.13891
48725,-113.82323
48726,-115.22261
48727,-116.82477
48728,-118.16711
48729,-118.824135
48730,-118.438614
48731,-117.0425
48732,-115.155716
48733,-113.24214
48734,-111.72312
48735,-110.966255
48736,-111.03348
48737,-111.60467
48738,-112.40493
48739,-113.19355
48740,-113.75302
48741,-113.99695
48742,-114.00258
48743,-113.82783
48744,-113.5161
48745,-113.11082
48746,-112.6554
48747,-112.19333
48748,-111.76804
48749,-111.42301
48750,-111.09837
48751,-110.86642
48752,-111.12287
48753,-111.63603
48754,-112.33689
48755,-113.156456
48756,-114.02581
48757,-114.87603
48758,-115.63824
48759,-116.24354
48760,-116.636215
48761,-116.83569
48762,-116.95528
48763,-117.09729
48764,-117.35572
48765,-117.80101
48766,-118.369415
48767,-118.82951
48768,-118.96958
48769,-118.59263
48770,-117.54326
48771,-115.90346
48772,-114.05293
48773,-112.33722
48774,-111.07572
48775,-110.53664
48776,-110.69782
48777,-111.174416
48778,-111.62463
48779,-111.73913
48780,-111.25481
48781,-110.17142
48782,-108.81768
48783,-107.483734
48784,-106.43068
48785,-105.88614
48786,-105.88751
48787,-106.23455
48788,-106.75533
48789,-107.29921
48790,-107.732414
48791,-108.01678
48792,-108.23347
48793,-108.449425
48794,-108.72101
48795,-109.10453
48796,-109.6563
48797,-110.432625
48798,-111.48975
48799,-112.883896
48800,-113.30008
48801,-111.93999
48802,-112.10429
48803,-112.73894
48804,-113.75281
48805,-115.05485
48806,-116.55414
48807,-118.15986
48808,-119.78121
48809,-121.32749
48810,-122.71202
48811,-123.87108
48812,-124.76961
48813,-125.36911
48814,-125.62854
48815,-125.52016
48816,-125.092354
48817,-124.488914
48818,-123.84277
48819,-123.278534
48820,-122.90279
48821,-122.719406
48822,-122.60366
48823,-122.445656
48824,-122.14684
48825,-121.62406
48826,-120.88171
48827,-120.03387
48828,-119.182014
48829,-118.41796
48830,-117.82389
48831,-117.42684
48832,-117.18494
48833,-117.06434
48834,-117.037285
48835,-117.07635
48836,-117.15593
48837,-117.2527
48838,-117.343056
48839,-117.403206
48840,-117.409706
48841,-117.34113
48842,-117.17854
48843,-116.902725
48844,-116.49421
48845,-115.93355
48846,-115.20126
48847,-114.277885
48848,-113.14391
48849,-111.77985
48850,-110.589874
48851,-109.97634
48852,-109.1958
48853,-108.50895
48854,-107.9696
48855,-107.63159
48856,-107.548706
48857,-107.77472
48858,-108.36336
48859,-109.36828
48860,-110.81662
48861,-112.58485
48862,-114.361496
48863,-115.857765
48864,-116.80165
48865,-116.968475
48866,-116.40375
48867,-115.49127
48868,-114.57559
48869,-113.971565
48870,-113.94788
48871,-114.510475
48872,-115.33678
48873,-116.14318
48874,-116.67531
48875,-116.71498
48876,-116.24965
48877,-115.52403
48878,-114.75285
48879,-114.128204
48880,-113.82265
48881,-113.89749
48882,-114.27493
48883,-114.89348
48884,-115.70405
48885,-116.64945
48886,-117.626305
48887,-118.47349
48888,-119.03669
48889,-119.16669
48890,-118.75657
48891,-117.9411
48892,-117.15764
48893,-116.80864
48894,-117.269714
48895,-118.915855
48896,-127.12088
48897,-132.25674
48898,-139.69232
48899,-154.79211
48900,-153.03157
48901,-141.90547
48902,-137.53108
48903,-134.16089
48904,-131.63962
48905,-124.81291
48906,-123.52711
48907,-122.629135
48908,-121.96626
48909,-121.386024
48910,-120.75434
48911,-120.04083
48912,-119.34489
48913,-118.75095
48914,-118.33202
48915,-118.15284
48916,-118.23177
48917,-118.529015
48918,-119.01159
48919,-119.65161
48920,-120.407455
48921,-121.158966
48922,-121.68779
48923,-121.787056
48924,-121.25835
48925,-119.95247
48926,-118.00144
48927,-115.89013
48928,-114.06336
48929,-112.935
48930,-112.847984
48931,-113.744415
48932,-115.06591
48933,-116.31375
48934,-117.03418
48935,-116.83853
48936,-115.70831
48937,-114.08875
48938,-112.37134
48939,-110.907005
48940,-110.005936
48941,-109.746086
48942,-109.91499
48943,-110.33452
48944,-110.85244
48945,-111.316635
48946,-111.57505
48947,-111.47556
48948,-110.86603
48949,-109.59406
48950,-107.37459
48951,-105.23441
48952,-105.403915
48953,-106.66967
48954,-108.7452
48955,-111.34487
48956,-119.183586
48957,-121.97675
48958,-124.44012
48959,-121.289505
48960,-122.281975
48961,-122.40981
48962,-121.95986
48963,-121.18482
48964,-120.311844
48965,-119.543205
48966,-118.938446
48967,-118.37822
48968,-117.763916
48969,-117.012695
48970,-116.056145
48971,-114.90807
48972,-113.68532
48973,-112.492714
48974,-111.42601
48975,-110.57346
48976,-109.98062
48977,-109.63964
48978,-109.54897
48979,-109.71177
48980,-110.1191
48981,-110.693306
48982,-111.270805
48983,-111.69829
48984,-111.83012
48985,-111.54435
48986,-110.85431
48987,-109.94253
48988,-108.97169
48989,-108.08951
48990,-107.430695
48991,-107.05561
48992,-106.93178
48993,-107.037674
48994,-107.360054
48995,-107.885704
48996,-108.60138
48997,-109.49385
48998,-110.549934
48999,-111.756386
49000,-113.13532
49001,-114.42293
49002,-115.09528
49003,-115.42465
49004,-115.46635
49005,-115.27578
49006,-114.908394
49007,-114.41966
49008,-113.86513
49009,-113.300316
49010,-112.78447
49011,-112.39786
49012,-112.24691
49013,-112.43499
49014,-113.06303
49015,-114.1984
49016,-115.71843
49017,-117.26309
49018,-118.500786
49019,-119.121025
49020,-118.88918
49021,-118.00336
49022,-117.20381
49023,-117.16825
49024,-118.526085
49025,-121.76208
49026,-131.54684
49027,-136.53838
49028,-140.51921
49029,-142.36313
49030,-136.12509
49031,-136.91
49032,-131.15019
49033,-125.13951
49034,-120.06262
49035,-116.95922
49036,-111.0417
49037,-111.48926
49038,-112.60207
49039,-113.773766
49040,-114.459755
49041,-114.459854
49042,-114.00376
49043,-113.27037
49044,-112.4006
49045,-111.53547
49046,-110.816055
49047,-110.383446
49048,-110.37864
49049,-110.94253
49050,-112.13065
49051,-113.29365
49052,-113.523
49053,-113.329346
49054,-112.824005
49055,-112.11838
49056,-111.32403
49057,-110.55258
49058,-109.91568
49059,-109.52498
49060,-109.47392
49061,-109.75292
49062,-110.22366
49063,-110.76311
49064,-111.25976
49065,-111.61266
49066,-111.78076
49067,-111.79782
49068,-111.688774
49069,-111.471855
49070,-111.16965
49071,-110.82926
49072,-110.52852
49073,-110.341545
49074,-110.33982
49075,-110.57589
49076,-110.995186
49077,-111.40927
49078,-111.6456
49079,-111.54352
49080,-110.97527
49081,-110.00023
49082,-108.91204
49083,-107.97688
49084,-107.44016
49085,-107.51186
49086,-108.20067
49087,-109.26406
49088,-110.48952
49089,-111.68712
49090,-112.68073
49091,-113.372314
49092,-113.76126
49093,-113.83533
49094,-113.573555
49095,-112.955025
49096,-111.95872
49097,-110.56364
49098,-108.74878
49099,-106.49314
49100,-106.49828
49101,-110.31258
49102,-111.22716
49103,-111.42024
49104,-111.09333
49105,-110.44831
49106,-109.68738
49107,-109.01296
49108,-108.627495
49109,-108.7334
49110,-109.4904
49111,-110.81651
49112,-112.3281
49113,-113.677765
49114,-114.54512
49115,-114.66154
49116,-114.05266
49117,-113.11249
49118,-112.19207
49119,-111.610016
49120,-111.632614
49121,-112.22846
49122,-112.99429
49123,-113.57102
49124,-113.63271
49125,-112.913826
49126,-111.492645
49127,-109.87818
49128,-108.529366
49129,-107.86707
49130,-108.24057
49131,-109.59385
49132,-111.36505
49133,-113.05322
49134,-114.202934
49135,-114.42818
49136,-113.737366
49137,-112.63258
49138,-111.55826
49139,-110.915405
49140,-111.05336
49141,-112.0273
49142,-113.52506
49143,-115.27821
49144,-117.05135
49145,-118.609215
49146,-119.71665
49147,-120.13832
49148,-119.6385
49149,-117.9808
49150,-117.082794
49151,-118.6921
49152,-118.614494
49153,-118.124016
49154,-117.34642
49155,-116.40767
49156,-115.43385
49157,-114.55114
49158,-113.88569
49159,-113.563614
49160,-113.68681
49161,-114.219864
49162,-114.95583
49163,-115.70809
49164,-116.30538
49165,-116.60218
49166,-116.59919
49167,-116.48008
49168,-116.40708
49169,-116.52627
49170,-116.95784
49171,-117.674866
49172,-118.46665
49173,-119.144135
49174,-119.53458
49175,-119.49601
49176,-119.061485
49177,-118.48323
49178,-117.98812
49179,-117.783714
49180,-118.039276
49181,-118.70628
49182,-119.46407
49183,-120.023994
49184,-120.1216
49185,-119.534584
49186,-118.28189
49187,-116.68462
49188,-115.02923
49189,-113.57571
49190,-112.55506
49191,-112.03291
49192,-111.86813
49193,-111.943794
49194,-112.16141
49195,-112.42258
49196,-112.628914
49197,-112.68207
49198,-112.48364
49199,-111.93524
49200,-110.60071
49201,-108.72523
49202,-107.96991
49203,-107.68183
49204,-107.77875
49205,-108.17854
49206,-108.799225
49207,-109.55884
49208,-110.375496
49209,-111.167305
49210,-111.86077
49211,-112.42954
49212,-112.906235
49213,-113.316505
49214,-113.68072
49215,-114.01666
49216,-114.32723
49217,-114.59675
49218,-114.811745
49219,-114.960365
49220,-115.02906
49221,-114.99455
49222,-114.821365
49223,-114.47543
49224,-113.92379
49225,-113.14336
49226,-112.16751
49227,-111.10032
49228,-110.03759
49229,-109.06888
49230,-108.28054
49231,-107.74056
49232,-107.49397
49233,-107.58847
49234,-108.07377
49235,-108.98307
49236,-110.25598
49237,-111.71526
49238,-113.19775
49239,-114.55079
49240,-115.63715
49241,-116.40681
49242,-116.91876
49243,-117.21915
49244,-117.34437
49245,-117.33092
49246,-117.21525
49247,-117.03387
49248,-116.8233
49249,-116.62007
49250,-118.63283
49251,-128.69438
49252,-130.7336
49253,-126.79012
49254,-127.052895
49255,-126.71133
49256,-125.95549
49257,-124.975845
49258,-123.963234
49259,-123.10864
49260,-122.573586
49261,-122.35172
49262,-122.22662
49263,-122.00614
49264,-121.516624
49265,-120.61854
49266,-119.366646
49267,-118.05917
49268,-116.96641
49269,-116.33719
49270,-116.37434
49271,-117.01979
49272,-117.8895
49273,-118.638
49274,-118.94884
49275,-118.55176
49276,-117.4395
49277,-115.9343
49278,-114.32043
49279,-112.85329
49280,-111.75456
49281,-111.053535
49282,-110.538826
49283,-110.02738
49284,-109.35748
49285,-108.398285
49286,-107.19412
49287,-106.008484
49288,-105.07904
49289,-104.623955
49290,-104.82677
49291,-105.67521
49292,-106.91248
49293,-108.31122
49294,-109.666
49295,-110.77155
49296,-111.4226
49297,-111.41368
49298,-110.53905
49299,-108.59256
49300,-107.339745
49301,-108.47573
49302,-108.308266
49303,-107.94225
49304,-107.487144
49305,-107.05247
49306,-106.747765
49307,-106.68259
49308,-106.96645
49309,-107.70877
49310,-108.98359
49311,-110.66434
49312,-112.37416
49313,-113.76642
49314,-114.51681
49315,-114.3585
49316,-113.352554
49317,-111.97064
49318,-110.63671
49319,-109.7387
49320,-109.6087
49321,-110.26155
49322,-111.315834
49323,-112.43738
49324,-113.32756
49325,-113.715515
49326,-113.487755
49327,-112.72751
49328,-111.49471
49329,-109.83193
49330,-107.8029
49331,-105.59152
49332,-103.53205
49333,-101.94112
49334,-101.12176
49335,-101.32479
49336,-102.50601
49337,-104.25307
49338,-106.19822
49339,-108.00697
49340,-109.38296
49341,-110.244965
49342,-110.78045
49343,-111.14468
49344,-111.46907
49345,-111.88511
49346,-112.52427
49347,-113.51797
49348,-114.99759
49349,-117.09425
49350,-117.97888
49351,-116.292564
49352,-116.32387
49353,-116.71506
49354,-117.330475
49355,-118.03457
49356,-118.69194
49357,-119.16722
49358,-119.324974
49359,-119.02976
49360,-118.1786
49361,-116.854256
49362,-115.372314
49363,-114.021614
49364,-113.07052
49365,-112.74373
49366,-113.018
49367,-113.5604
49368,-114.07463
49369,-114.29207
49370,-113.988914
49371,-113.19602
49372,-112.26299
49373,-111.50223
49374,-111.1979
49375,-111.58503
49376,-112.61989
49377,-113.9106
49378,-115.106895
49379,-115.88966
49380,-115.98946
49381,-115.41936
49382,-114.54608
49383,-113.69513
49384,-113.1609
49385,-113.19214
49386,-113.77794
49387,-114.58301
49388,-115.31046
49389,-115.69238
49390,-115.49757
49391,-114.70364
49392,-113.549774
49393,-112.2446
49394,-110.973816
49395,-109.923164
49396,-109.27838
49397,-109.22502
49398,-109.948456
49399,-111.6337
49400,-114.462585
49401,-122.476204
49402,-118.93434
49403,-119.710815
49404,-119.96697
49405,-119.864456
49406,-119.565254
49407,-119.231514
49408,-119.02552
49409,-119.10958
49410,-119.621056
49411,-120.55588
49412,-121.73324
49413,-122.99312
49414,-124.191246
49415,-125.187515
49416,-125.86512
49417,-126.136406
49418,-125.91014
49419,-125.09242
49420,-123.63289
49421,-121.730354
49422,-119.89619
49423,-118.606575
49424,-118.31
49425,-119.37024
49426,-121.67376
49427,-124.51173
49428,-132.2467
49429,-129.29507
49430,-130.14706
49431,-129.71198
49432,-128.42445
49433,-126.659515
49434,-124.747086
49435,-122.98794
49436,-121.51394
49437,-120.24482
49438,-119.124374
49439,-118.11507
49440,-117.18277
49441,-116.31271
49442,-115.51438
49443,-114.79444
49444,-114.15742
49445,-113.60785
49446,-113.15026
49447,-112.789154
49448,-112.5291
49449,-112.374565
49450,-112.85152
49451,-114.18659
49452,-114.949776
49453,-115.557495
49454,-116.01267
49455,-116.31825
49456,-116.477135
49457,-116.49225
49458,-116.36655
49459,-116.10293
49460,-115.71646
49461,-115.291306
49462,-114.998
49463,-114.996956
49464,-115.44088
49465,-116.448044
49466,-117.94166
49467,-119.60144
49468,-121.136154
49469,-122.276306
49470,-122.78496
49471,-122.61047
49472,-121.933205
49473,-120.90666
49474,-119.664116
49475,-118.352264
49476,-117.19345
49477,-116.50457
49478,-116.59133
49479,-117.750626
49480,-120.19414
49481,-128.65312
49482,-132.26048
49483,-135.2219
49484,-131.79677
49485,-131.35535
49486,-128.90611
49487,-130.26082
49488,-126.143555
49489,-122.21082
49490,-119.05557
49491,-116.902725
49492,-110.51606
49493,-109.71223
49494,-109.34886
49495,-109.28392
49496,-109.37558
49497,-109.48215
49498,-109.46198
49499,-109.17344
49500,-109.44676
49501,-110.9991
49502,-111.84466
49503,-112.54654
49504,-113.12609
49505,-113.60465
49506,-114.00359
49507,-114.34427
49508,-114.64808
49509,-114.936356
49510,-115.22112
49511,-115.461044
49512,-115.54808
49513,-115.38207
49514,-114.868675
49515,-113.943695
49516,-112.71468
49517,-111.504295
49518,-110.610115
49519,-110.3107
49520,-110.83442
49521,-112.12597
49522,-113.77593
49523,-115.41739
49524,-116.715256
49525,-117.37908
49526,-117.37154
49527,-116.972
49528,-116.42279
49529,-115.93837
49530,-115.70585
49531,-115.75604
49532,-115.92426
49533,-116.06876
49534,-116.06514
49535,-115.8034
49536,-115.25554
49537,-114.496124
49538,-113.58775
49539,-112.583984
49540,-111.537994
49541,-110.500885
49542,-109.52111
49543,-108.64743
49544,-107.92883
49545,-107.41426
49546,-107.15268
49547,-107.19296
49548,-107.58404
49549,-108.3747
49550,-109.33685
49551,-109.881165
49552,-109.96133
49553,-109.78665
49554,-109.44559
49555,-109.02661
49556,-108.61824
49557,-108.30907
49558,-108.18762
49559,-108.34241
49560,-108.83702
49561,-109.59336
49562,-110.35648
49563,-110.8926
49564,-110.98365
49565,-110.45259
49566,-109.356094
49567,-108.0434
49568,-106.82948
49569,-106.00344
49570,-105.816284
49571,-106.30282
49572,-107.227844
49573,-108.38849
49574,-109.606064
49575,-110.71736
49576,-111.64621
49577,-112.425224
49578,-113.074005
49579,-113.60246
49580,-114.019806
49581,-114.33128
49582,-114.53715
49583,-114.638214
49584,-114.635796
49585,-114.532875
49586,-114.34224
49587,-114.08887
49588,-113.79636
49589,-113.487175
49590,-113.18311
49591,-112.90204
49592,-112.65688
49593,-112.46111
49594,-112.3287
49595,-112.27354
49596,-112.309586
49597,-112.45076
49598,-112.71098
49599,-113.10418
49600,-113.01354
49601,-112.006256
49602,-111.51575
49603,-111.125046
49604,-110.8155
49605,-110.56847
49606,-110.365326
49607,-110.18743
49608,-110.016174
49609,-109.832924
49610,-109.62579
49611,-109.42119
49612,-109.29339
49613,-109.311
49614,-109.53835
49615,-110.02965
49616,-110.781456
49617,-111.718475
49618,-112.77394
49619,-113.88753
49620,-114.99516
49621,-116.011086
49622,-116.822556
49623,-117.31997
49624,-117.39605
49625,-116.97017
49626,-116.11379
49627,-115.08881
49628,-114.135155
49629,-113.475975
49630,-113.297646
49631,-113.5777
49632,-114.032684
49633,-114.40996
49634,-114.48018
49635,-114.05382
49636,-113.16806
49637,-112.14384
49638,-111.26895
49639,-110.80616
49640,-110.97768
49641,-111.77562
49642,-112.90486
49643,-114.104546
49644,-115.1395
49645,-115.774666
49646,-115.774826
49647,-114.904465
49648,-112.92752
49649,-114.60729
49650,-107.34369
49651,-108.91619
49652,-110.062355
49653,-111.57623
49654,-113.31956
49655,-115.15419
49656,-116.94214
49657,-118.54546
49658,-119.82622
49659,-120.64638
49660,-120.88966
49661,-120.563896
49662,-119.83243
49663,-118.84065
49664,-117.7204
49665,-116.59411
49666,-115.530174
49667,-114.529205
49668,-113.59966
49669,-112.756
49670,-112.009094
49671,-111.34965
49672,-110.74311
49673,-110.15788
49674,-109.56461
49675,-108.94707
49676,-108.363335
49677,-107.96449
49678,-107.890594
49679,-108.2734
49680,-109.20625
49681,-110.565216
49682,-111.95509
49683,-113.01329
49684,-113.401436
49685,-112.841545
49686,-111.40053
49687,-109.577286
49688,-107.82062
49689,-106.5413
49690,-106.097115
49691,-106.54456
49692,-107.56404
49693,-108.88089
49694,-110.25423
49695,-111.443405
49696,-112.20781
49697,-112.306725
49698,-111.49909
49699,-109.54331
49700,-108.89839
49701,-111.632866
49702,-112.2039
49703,-112.25914
49704,-111.9191
49705,-111.30451
49706,-110.53622
49707,-109.7352
49708,-109.02249
49709,-108.51912
49710,-108.32887
49711,-108.45761
49712,-108.78897
49713,-109.22103
49714,-109.662895
49715,-110.03786
49716,-110.350105
49717,-110.70489
49718,-111.19546
49719,-111.90601
49720,-112.90196
49721,-114.14197
49722,-115.451355
49723,-116.67136
49724,-117.655106
49725,-118.26933
49726,-118.45816
49727,-118.26245
49728,-117.71173
49729,-116.82694
49730,-115.64943
49731,-114.33639
49732,-113.19007
49733,-112.49591
49734,-112.52633
49735,-113.500534
49736,-115.337204
49737,-117.58001
49738,-119.81772
49739,-121.67299
49740,-122.81138
49741,-123.14195
49742,-122.87825
49743,-122.19835
49744,-121.25365
49745,-120.19579
49746,-119.17661
49747,-118.348
49748,-117.86175
49749,-117.86959
49750,-118.02582
49751,-117.7942
49752,-117.819496
49753,-117.962265
49754,-118.22367
49755,-118.604866
49756,-119.10703
49757,-119.731346
49758,-120.47893
49759,-121.351
49760,-122.33633
49761,-123.35353
49762,-124.23342
49763,-124.81708
49764,-124.95323
49765,-124.51272
49766,-123.4926
49767,-122.04835
49768,-120.31739
49769,-118.42347
49770,-116.48846
49771,-114.62308
49772,-112.92396
49773,-111.489365
49774,-110.41866
49775,-109.79882
49776,-109.64658
49777,-109.89097
49778,-110.47137
49779,-111.335045
49780,-112.42076
49781,-113.618675
49782,-114.758354
49783,-115.67659
49784,-116.21556
49785,-116.243546
49786,-115.777534
49787,-115.02068
49788,-114.15449
49789,-113.34411
49790,-112.73629
49791,-112.37285
49792,-112.16437
49793,-112.03684
49794,-111.927925
49795,-111.77528
49796,-111.51661
49797,-111.08956
49798,-110.43177
49799,-109.48087
49800,-110.72842
49801,-120.448204
49802,-117.10183
49803,-117.83087
49804,-117.825096
49805,-117.27474
49806,-116.37046
49807,-115.30335
49808,-114.2647
49809,-113.4459
49810,-113.01108
49811,-112.96947
49812,-113.13663
49813,-113.35093
49814,-113.46802
49815,-113.36826
49816,-113.0724
49817,-112.77677
49818,-112.657104
49819,-112.87349
49820,-113.55636
49821,-114.66792
49822,-115.9602
49823,-117.21026
49824,-118.21399
49825,-118.78793
49826,-118.8662
49827,-118.5299
49828,-117.84293
49829,-116.85624
49830,-115.628944
49831,-114.26652
49832,-112.932365
49833,-111.78326
49834,-110.970764
49835,-110.63192
49836,-110.82152
49837,-111.49155
49838,-112.60618
49839,-114.138664
49840,-116.049126
49841,-118.22272
49842,-120.451164
49843,-122.537476
49844,-124.293045
49845,-125.52919
49846,-126.057045
49847,-125.68729
49848,-124.23003
49849,-121.494675
49850,-119.22717
49851,-119.36568
49852,-118.694984
49853,-118.05211
49854,-117.485275
49855,-117.04268
49856,-116.77253
49857,-116.723015
49858,-116.94226
49859,-117.47836
49860,-118.35265
49861,-119.43427
49862,-120.40239
49863,-120.95851
49864,-120.82093
49865,-119.76445
49866,-117.88748
49867,-115.69446
49868,-113.6437
49869,-112.158005
49870,-111.60975
49871,-112.08536
49872,-113.314125
49873,-115.06766
49874,-117.149536
49875,-119.359795
49876,-121.47613
49877,-123.248245
49878,-124.42919
49879,-124.774155
49880,-124.08841
49881,-122.464874
49882,-120.35756
49883,-118.17999
49884,-116.31447
49885,-115.09957
49886,-114.62445
49887,-114.66622
49888,-115.03845
49889,-115.58251
49890,-116.149506
49891,-116.64527
49892,-117.04389
49893,-117.31139
49894,-117.40776
49895,-117.29294
49896,-116.92686
49897,-116.269424
49898,-115.28051
49899,-113.91993
49900,-113.89708
49901,-116.21294
49902,-116.60016
49903,-116.45473
49904,-115.91525
49905,-115.12062
49906,-114.20987
49907,-113.322174
49908,-112.59678
49909,-112.17287
49910,-112.16304
49911,-112.52888
49912,-113.04329
49913,-113.50162
49914,-113.71597
49915,-113.52965
49916,-112.96307
49917,-112.25832
49918,-111.63154
49919,-111.27922
49920,-111.36485
49921,-111.864174
49922,-112.518394
49923,-113.09659
49924,-113.38878
49925,-113.215965
49926,-112.575584
49927,-111.68577
49928,-110.73884
49929,-109.90762
49930,-109.3454
49931,-109.0942
49932,-109.056984
49933,-109.15312
49934,-109.3144
49935,-109.48005
49936,-109.63141
49937,-109.80252
49938,-110.021095
49939,-110.31024
49940,-110.690025
49941,-111.16378
49942,-111.71379
49943,-112.3249
49944,-112.98373
49945,-113.67699
49946,-114.39136
49947,-115.11351
49948,-115.830124
49949,-116.52788
49950,-115.7309
49951,-112.89079
49952,-112.1035
49953,-111.96165
49954,-112.31458
49955,-113.011955
49956,-113.90368
49957,-114.8398
49958,-115.670525
49959,-116.24602
49960,-116.44192
49961,-116.27858
49962,-115.95749
49963,-115.65898
49964,-115.54739
49965,-115.75809
49966,-116.26164
49967,-116.822685
49968,-117.23007
49969,-117.29101
49970,-116.843636
49971,-115.90283
49972,-114.704796
49973,-113.46002
49974,-112.359604
49975,-111.5769
49976,-111.18414
49977,-111.1271
49978,-111.36641
49979,-111.87392
49980,-112.61457
49981,-113.513725
49982,-114.447296
49983,-115.29714
49984,-115.9495
49985,-116.30555
49986,-116.351395
49987,-116.17936
49988,-115.8693
49989,-115.49172
49990,-115.11249
49991,-114.77097
49992,-114.47341
49993,-114.22993
49994,-114.05354
49995,-113.95729
49996,-113.95425
49997,-114.05741
49998,-114.27985
49999,-114.63454
50000,-113.82518
