timestep,reward
1,-17.932402
2,-12.569341
3,-11.961759
4,-11.099306
5,-9.987767
6,-8.582196
7,-1.7925997
8,-4.516292
9,-6.690438
10,-175.78848
11,-64.400276
12,15.807328
13,52.748802
14,42.172653
15,-12.408364
16,-101.82713
17,-213.77516
18,-17.086733
19,-24.941002
20,-26.061533
21,-30.82564
22,-34.67698
23,-38.06846
24,-41.44338
25,-45.14697
26,-48.33902
27,-48.373596
28,-46.5
29,-46.5
30,-46.5
31,-46.5
32,-46.5
33,-46.5
34,-46.5
35,-46.5
36,-22.932362
37,-12.567509
38,-11.944449
39,-11.021474
40,-9.7666445
41,-8.119724
42,-6.015963
43,-8.411357
44,-5.304868
45,-124.998276
46,-25.344528
47,37.375137
48,53.94573
49,22.755323
50,-50.600986
51,-155.60599
52,-13.016004
53,-22.33101
54,-24.830921
55,-25.587706
56,-35.013584
57,-38.577698
58,-41.7502
59,-44.986206
60,-48.03814
61,-48.51029
62,-46.5
63,-46.5
64,-46.5
65,-46.5
66,-46.5
67,-46.5
68,-46.5
69,-46.5
70,-22.932402
71,-12.569469
72,-11.96271
73,-11.102269
74,-9.995431
75,-8.606776
76,-6.8646703
77,-4.6816497
78,-6.992188
79,-190.70064
80,-78.724556
81,6.1576695
82,50.15573
83,46.685894
84,-2.4220946
85,-88.728745
86,-194.94212
87,-16.209963
88,-24.388573
89,-25.814684
90,-30.860353
91,-29.971006
92,-38.606083
93,-42.218773
94,-46.165993
95,-48.817074
96,-47.687992
97,-46.5
98,-46.5
99,-46.5
100,-46.5
101,-46.5
102,-46.5
103,-41.5
104,-46.5
105,-22.932402
106,-12.569509
107,-11.963851
108,-11.113321
109,-5.051884
110,-3.7987432
111,-2.3637571
112,-5.754649
113,-3.9826071
114,2.9401033
115,0.0025425616
116,-141.66228
117,-74.37005
118,-18.576435
119,18.608656
120,50.99953
121,63.565617
122,62.660057
123,45.98248
124,31.789234
125,7.4366064
126,-20.961613
127,-53.440674
128,-91.08796
129,-140.55728
130,-193.53484
131,-5.2999344
132,-11.356116
133,-18.140982
134,-25.654182
135,-28.64296
136,-41.832893
137,-49.16941
138,-50.797874
139,-46.5
140,-46.5
141,-46.5
142,-41.5
143,-41.5
144,-41.5
145,-41.5
146,-46.5
147,-41.5
148,-46.5
149,-41.5
150,-46.5
151,-46.5
152,-46.5
153,-41.5
154,-41.5
155,-46.5
156,-46.5
157,-46.5
158,-41.5
159,-46.5
160,-46.5
161,-46.5
162,-46.5
163,-46.5
164,-41.5
165,-46.5
166,-17.93241
167,-7.5697145
168,-6.9663563
169,-11.128366
170,-5.1091557
171,-3.9587994
172,-2.7250037
173,-1.453917
174,-0.18966214
175,-3.969038
176,2.1806765
177,3.2338347
178,4.1680455
179,-0.034910094
180,-186.89093
181,-174.1779
182,-162.52338
183,-151.69206
184,-151.32913
185,-154.95361
186,-159.33676
187,-165.90295
188,-156.30113
189,-147.86156
190,-124.52087
191,-87.36344
192,-53.98926
193,-8.377455
194,23.924139
195,45.68741
196,59.55613
197,40.423294
198,6.266942
199,-56.730404
200,-140.34143
201,-9.910574
202,-13.860829
203,-27.46199
204,-35.710464
205,-38.49435
206,-40.518955
207,-49.842777
208,-48.690742
209,-41.5
210,-46.5
211,-46.5
212,-46.5
213,-41.5
214,-46.5
215,-41.5
216,-41.5
217,-41.5
218,-46.5
219,-46.5
220,-41.5
221,-46.5
222,-46.5
223,-41.5
224,-46.5
225,-46.5
226,-41.5
227,-41.5
228,-46.5
229,-46.5
230,-46.5
231,-46.5
232,-46.5
233,-46.5
234,-46.5
235,-41.5
236,-41.5
237,-46.5
238,-41.5
239,-46.5
240,-46.5
241,-17.93241
242,-12.569715
243,-6.966326
244,-6.1280603
245,-5.1077585
246,-8.954899
247,-2.7170103
248,-6.439202
249,-0.16125527
250,1.0884074
251,2.2938304
252,3.4403996
253,4.5122385
254,-197.98184
255,-167.25494
256,-137.2633
257,-122.68779
258,-103.237045
259,-93.522934
260,-87.273895
261,-86.94334
262,-74.96898
263,-69.18576
264,-53.116356
265,-26.631931
266,-6.29342
267,25.077597
268,43.340096
269,62.83786
270,51.67905
271,33.576283
272,-15.259871
273,-90.41799
274,-189.20627
275,-15.347679
276,-24.82346
277,-28.889055
278,-37.551517
279,-45.81563
280,-45.694515
281,-48.41238
282,-46.5
283,-41.5
284,-46.5
285,-46.5
286,-46.5
287,-41.5
288,-41.5
289,-41.5
290,-41.5
291,-41.5
292,-46.5
293,-41.5
294,-46.5
295,-46.5
296,-46.5
297,-41.5
298,-46.5
299,-41.5
300,-41.5
301,-41.5
302,-41.5
303,-46.5
304,-41.5
305,-41.5
306,-41.5
307,-46.5
308,-41.5
309,-46.5
310,-41.5
311,-46.5
312,-17.93241
313,-12.569714
314,-11.966111
315,-6.125903
316,-10.097279
317,-8.921595
318,-7.6361012
319,-6.274795
320,-4.866026
321,1.5750127
322,-1.9503453
323,4.564884
324,-178.87186
325,-126.42515
326,-78.98442
327,-37.37016
328,2.453945
329,29.622599
330,48.73807
331,55.194542
332,59.677998
333,57.37282
334,52.864403
335,30.078403
336,7.3897133
337,-32.024864
338,-90.3552
339,-155.43011
340,-5.399246
341,-14.2325325
342,-28.469074
343,-32.825245
344,-47.00412
345,-49.61056
346,-45.75725
347,-41.5
348,-41.5
349,-41.5
350,-46.5
351,-41.5
352,-41.5
353,-46.5
354,-46.5
355,-46.5
356,-41.5
357,-46.5
358,-46.5
359,-41.5
360,-46.5
361,-46.5
362,-46.5
363,-41.5
364,-46.5
365,-41.5
366,-46.5
367,-41.5
368,-46.5
369,-41.5
370,-46.5
371,-41.5
372,-46.5
373,-17.93241
374,-7.5697145
375,-6.9663563
376,-6.128367
377,-10.109214
378,-3.9590948
379,-2.7247124
380,-6.447666
381,-5.163484
382,1.1035657
383,2.3449695
384,-1.4398017
385,-0.24717802
386,-178.6927
387,-144.84337
388,-104.44078
389,-72.35021
390,-48.721012
391,-23.776716
392,2.8033552
393,21.849316
394,33.580685
395,52.400227
396,56.861984
397,64.625465
398,57.744293
399,37.957947
400,-3.3940308
401,-60.4052
402,-141.49861
403,-10.481705
404,-15.421754
405,-25.165142
406,-39.39507
407,-47.93697
408,-49.650204
409,-45.27729
410,-41.5
411,-41.5
412,-41.5
413,-41.5
414,-41.5
415,-41.5
416,-41.5
417,-41.5
418,-46.5
419,-41.5
420,-41.5
421,-46.5
422,-41.5
423,-46.5
424,-46.5
425,-41.5
426,-46.5
427,-46.5
428,-46.5
429,-46.5
430,-46.5
431,-41.5
432,-46.5
433,-41.5
434,-41.5
435,-41.5
436,-41.5
437,-41.5
438,-41.5
439,-46.5
440,-41.5
441,-41.5
442,-41.5
443,-46.5
444,-17.93241
445,-12.569714
446,-11.966091
447,-11.125429
448,-10.093103
449,-8.90108
450,-2.5680008
451,-1.1024966
452,-4.5077033
453,2.2177267
454,4.0768876
455,-183.55254
456,-115.87173
457,-56.80983
458,-3.6423755
459,32.0304
460,54.472836
461,64.09753
462,57.604748
463,47.516907
464,35.920753
465,8.901505
466,-18.477901
467,-47.147865
468,-88.65495
469,-139.67473
470,-207.39288
471,-2.7300434
472,-14.952924
473,-17.890287
474,-26.28725
475,-34.864704
476,-48.32547
477,-46.68543
478,-46.71406
479,-41.5
480,-46.5
481,-41.5
482,-41.5
483,-41.5
484,-46.5
485,-41.5
486,-46.5
487,-46.5
488,-46.5
489,-41.5
490,-46.5
491,-41.5
492,-46.5
493,-46.5
494,-46.5
495,-46.5
496,-46.5
497,-46.5
498,-46.5
499,-41.5
500,-46.5
501,-41.5
502,-41.5
503,-46.5
504,-46.5
505,-41.5
506,-17.93241
507,-7.5697145
508,-6.9663563
509,-6.128367
510,-10.109222
511,-8.959287
512,-7.726007
513,-1.4501181
514,-0.15921125
515,1.1373261
516,2.4444563
517,-1.2338443
518,5.10088
519,-161.96538
520,-119.102165
521,-85.92801
522,-47.747543
523,-24.851746
524,2.7278183
525,15.701143
526,35.33423
527,42.40131
528,56.964294
529,58.245506
530,59.480686
531,58.096687
532,35.92391
533,4.122162
534,-51.812794
535,-125.95637
536,-3.084161
537,-12.959066
538,-27.76203
539,-37.168682
540,-40.992275
541,-43.98726
542,-46.430138
543,-46.5
544,-41.5
545,-46.5
546,-46.5
547,-41.5
548,-46.5
549,-46.5
550,-46.5
551,-41.5
552,-46.5
553,-41.5
554,-41.5
555,-41.5
556,-41.5
557,-41.5
558,-41.5
559,-41.5
560,-46.5
561,-41.5
562,-41.5
563,-41.5
564,-41.5
565,-41.5
566,-46.5
567,-46.5
568,-41.5
569,-46.5
570,-22.932402
571,-12.569537
572,-6.964267
573,-6.116303
574,-10.065072
575,-3.840827
576,-7.4699054
577,-5.9782734
578,-4.3922377
579,2.2667477
580,-1.0150874
581,-188.44945
582,-133.56842
583,-81.32656
584,-37.447536
585,2.7446332
586,24.277
587,47.594727
588,53.65888
589,58.900143
590,59.569386
591,56.12786
592,48.230324
593,34.730633
594,18.82443
595,-16.6279
596,-59.22805
597,-112.234764
598,-189.49484
599,-13.937024
600,-17.923243
601,-32.104614
602,-36.168655
603,-49.795055
604,-50.42086
605,-44.089703
606,-41.5
607,-46.5
608,-46.5
609,-41.5
610,-41.5
611,-46.5
612,-41.5
613,-41.5
614,-41.5
615,-46.5
616,-46.5
617,-41.5
618,-46.5
619,-41.5
620,-46.5
621,-41.5
622,-46.5
623,-41.5
624,-41.5
625,-41.5
626,-41.5
627,-41.5
628,-41.5
629,-46.5
630,-41.5
631,-46.5
632,-46.5
633,-41.5
634,-17.93241
635,-7.5697145
636,-11.966355
637,-6.1282315
638,-5.107932
639,-3.9533315
640,-7.7091813
641,-1.4183998
642,-0.12035433
643,-3.8433487
644,-2.6030245
645,-1.413507
646,-0.2888891
647,-188.95364
648,-155.9963
649,-128.14418
650,-104.81508
651,-80.45565
652,-64.471405
653,-55.60272
654,-41.77311
655,-26.359194
656,-8.56527
657,16.335936
658,36.563206
659,53.816116
660,63.826733
661,56.534485
662,36.19456
663,-12.766219
664,-78.60674
665,-181.335
666,-14.727582
667,-19.739136
668,-29.123413
669,-42.908623
670,-46.155415
671,-50.79938
672,-48.218754
673,-41.5
674,-41.5
675,-41.5
676,-41.5
677,-41.5
678,-46.5
679,-41.5
680,-41.5
681,-41.5
682,-46.5
683,-46.5
684,-41.5
685,-41.5
686,-41.5
687,-41.5
688,-41.5
689,-46.5
690,-41.5
691,-41.5
692,-46.5
693,-41.5
694,-46.5
695,-41.5
696,-46.5
697,-41.5
698,-41.5
699,-46.5
700,-46.5
701,-46.5
702,-41.5
703,-41.5
704,-22.932402
705,-7.569508
706,-6.9643307
707,-6.1187525
708,-10.079559
709,-8.88934
710,-2.5887504
711,-1.2171984
712,0.18805717
713,1.5968615
714,2.9874318
715,-0.6633763
716,-190.2174
717,-149.10056
718,-119.99356
719,-92.5134
720,-71.172264
721,-55.419357
722,-44.53159
723,-32.040936
724,-25.527285
725,-17.715752
726,-6.908947
727,2.642927
728,25.15672
729,43.140553
730,52.893604
731,59.675884
732,47.781094
733,21.207813
734,-24.350044
735,-100.27117
736,-204.77419
737,-11.170885
738,-20.414625
739,-34.139187
740,-32.3831
741,-40.187775
742,-50.240982
743,-48.81552
744,-46.5
745,-46.5
746,-41.5
747,-41.5
748,-46.5
749,-46.5
750,-46.5
751,-41.5
752,-46.5
753,-41.5
754,-41.5
755,-46.5
756,-46.5
757,-41.5
758,-46.5
759,-41.5
760,-46.5
761,-41.5
762,-46.5
763,-46.5
764,-41.5
765,-41.5
766,-46.5
767,-41.5
768,-41.5
769,-41.5
770,-41.5
771,-46.5
772,-41.5
773,-46.5
774,-41.5
775,-46.5
776,-46.5
777,-17.93241
778,-12.569713
779,-6.965994
780,-11.1248255
781,-10.092135
782,-8.903847
783,-2.5855763
784,-1.153624
785,0.38139462
786,2.0142696
787,3.7425222
788,-195.67242
789,-132.41306
790,-81.78143
791,-35.188572
792,1.6196259
793,28.585506
794,51.348007
795,56.169674
796,64.70925
797,63.28841
798,52.35661
799,46.537266
800,29.67108
801,5.003601
802,-29.462633
803,-81.13775
804,-138.06854
805,1.9823573
806,-11.36719
807,-20.180338
808,-34.162983
809,-38.008186
810,-41.39801
811,-45.906883
812,-48.064045
813,-46.5
814,-46.5
815,-41.5
816,-41.5
817,-41.5
818,-46.5
819,-41.5
820,-41.5
821,-41.5
822,-46.5
823,-46.5
824,-46.5
825,-41.5
826,-46.5
827,-46.5
828,-41.5
829,-41.5
830,-41.5
831,-41.5
832,-41.5
833,-41.5
834,-41.5
835,-46.5
836,-41.5
837,-41.5
838,-41.5
839,-41.5
840,-46.5
841,-46.5
842,-22.932402
843,-7.569509
844,-6.9643707
845,-6.1189747
846,-10.080227
847,-8.890641
848,-7.5888114
849,-6.2058496
850,0.2388373
851,-3.2591074
852,3.3076925
853,4.9441905
854,-161.90128
855,-102.00894
856,-58.62577
857,-17.859713
858,19.383644
859,42.629112
860,52.116333
861,63.891613
862,64.109
863,58.276043
864,41.164898
865,26.784655
866,-1.4478661
867,-40.342377
868,-92.127594
869,-159.70038
870,-0.39110073
871,-13.900869
872,-22.835186
873,-31.905756
874,-40.810513
875,-43.975777
876,-46.48431
877,-41.5
878,-41.5
879,-41.5
880,-41.5
881,-41.5
882,-46.5
883,-46.5
884,-41.5
885,-41.5
886,-41.5
887,-46.5
888,-46.5
889,-41.5
890,-46.5
891,-41.5
892,-46.5
893,-41.5
894,-41.5
895,-46.5
896,-41.5
897,-41.5
898,-46.5
899,-46.5
900,-46.5
901,-46.5
902,-41.5
903,-41.5
904,-41.5
905,-46.5
906,-41.5
907,-41.5
908,-17.93241
909,-12.569713
910,-6.966014
911,-11.125034
912,-5.0932527
913,-3.9086306
914,-2.6027806
915,-6.20394
916,0.26147103
917,1.7753723
918,3.332645
919,4.9299455
920,-159.51231
921,-107.5221
922,-67.17092
923,-29.030418
924,6.5628643
925,24.661438
926,40.854725
927,51.35492
928,62.46506
929,64.79355
930,63.159954
931,56.565884
932,43.261982
933,16.04472
934,-17.738874
935,-66.34737
936,-133.6207
937,-3.1031306
938,-17.10432
939,-26.28684
940,-30.338444
941,-38.943268
942,-41.931725
943,-45.93848
944,-42.715836
945,-41.5
946,-41.5
947,-46.5
948,-41.5
949,-41.5
950,-46.5
951,-41.5
952,-46.5
953,-41.5
954,-41.5
955,-41.5
956,-41.5
957,-41.5
958,-46.5
959,-41.5
960,-41.5
961,-41.5
962,-41.5
963,-41.5
964,-41.5
965,-41.5
966,-41.5
967,-46.5
968,-46.5
969,-41.5
970,-41.5
971,-41.5
972,-41.5
973,-46.5
974,-41.5
975,-46.5
976,-41.5
977,-41.5
978,-17.93241
979,-7.5697145
980,-6.9663363
981,-6.1281652
982,-10.108249
983,-8.95632
984,-7.7198477
985,-6.443611
986,-0.16788612
987,1.0778862
988,2.277384
989,3.4166155
990,-0.51899916
991,-194.27574
992,-163.57735
993,-143.4767
994,-118.70709
995,-109.032936
996,-93.996025
997,-92.11776
998,-80.570946
999,-71.54343
1000,-62.811657
1001,-43.209553
1002,-13.36807
1003,9.029787
1004,39.867336
1005,58.809086
1006,54.36192
1007,44.439243
1008,-1.5448301
1009,-65.97733
1010,-162.62245
1011,-8.492265
1012,-23.449886
1013,-32.872433
1014,-36.787468
1015,-50.233833
1016,-45.56426
1017,-43.795647
1018,-41.5
1019,-41.5
1020,-46.5
1021,-46.5
1022,-46.5
1023,-41.5
1024,-41.5
1025,-46.5
1026,-46.5
1027,-41.5
1028,-46.5
1029,-41.5
1030,-46.5
1031,-46.5
1032,-41.5
1033,-41.5
1034,-41.5
1035,-46.5
1036,-46.5
1037,-41.5
1038,-46.5
1039,-41.5
1040,-41.5
1041,-46.5
1042,-46.5
1043,-41.5
1044,-46.5
1045,-41.5
1046,-46.5
1047,-22.9324
1048,-7.5692735
1049,-11.962058
1050,-11.107366
1051,-5.0396705
1052,-3.7788885
1053,-7.3355374
1054,-0.7190253
1055,1.0574256
1056,-2.0209746
1057,5.0297956
1058,-146.61816
1059,-75.78551
1060,-26.495111
1061,19.716326
1062,42.297436
1063,56.70207
1064,59.427563
1065,57.914757
1066,39.90935
1067,22.276173
1068,5.7340107
1069,-20.021698
1070,-51.229454
1071,-94.652054
1072,-137.10341
1073,-195.86111
1074,-1.809309
1075,-13.795433
1076,-21.524866
1077,-29.735868
1078,-38.14286
1079,-41.443947
1080,-45.944622
1081,-42.950844
1082,-41.5
1083,-46.5
1084,-46.5
1085,-41.5
1086,-46.5
1087,-46.5
1088,-46.5
1089,-41.5
1090,-41.5
1091,-41.5
1092,-41.5
1093,-46.5
1094,-41.5
1095,-46.5
1096,-41.5
1097,-41.5
1098,-46.5
1099,-41.5
1100,-46.5
1101,-41.5
1102,-41.5
1103,-41.5
1104,-41.5
1105,-41.5
1106,-46.5
1107,-41.5
1108,-41.5
1109,-41.5
1110,-17.93241
1111,-7.5697145
1112,-6.9663563
1113,-6.128367
1114,-10.109222
1115,-8.959334
1116,-2.7269497
1117,-6.457612
1118,-5.192457
1119,1.037567
1120,2.214476
1121,-1.6752728
1122,-0.642799
1123,-199.57391
1124,-169.11792
1125,-143.4054
1126,-126.88392
1127,-104.20256
1128,-90.05806
1129,-83.38561
1130,-67.02754
1131,-54.023186
1132,-37.987865
1133,-23.351294
1134,-0.87468004
1135,22.208372
1136,47.724712
1137,56.606792
1138,58.749054
1139,38.380566
1140,0.8458636
1141,-60.99053
1142,-141.34436
1143,-5.424948
1144,-14.677683
1145,-23.498896
1146,-31.914312
1147,-34.94853
1148,-42.614193
1149,-51.053127
1150,-47.210896
1151,-46.5
1152,-41.5
1153,-41.5
1154,-41.5
1155,-46.5
1156,-41.5
1157,-46.5
1158,-41.5
1159,-41.5
1160,-46.5
1161,-46.5
1162,-46.5
1163,-46.5
1164,-41.5
1165,-41.5
1166,-46.5
1167,-46.5
1168,-46.5
1169,-46.5
1170,-46.5
1171,-41.5
1172,-41.5
1173,-41.5
1174,-41.5
1175,-46.5
1176,-41.5
1177,-46.5
1178,-46.5
1179,-46.5
1180,-46.5
1181,-46.5
1182,-17.93241
1183,-12.569714
1184,-6.966189
1185,-6.1266966
1186,-5.10133
1187,-3.9350383
1188,-7.670244
1189,-1.3484813
1190,-0.009987801
1191,1.3118677
1192,2.5924094
1193,3.8060317
1194,4.925337
1195,-177.97472
1196,-153.74426
1197,-131.54921
1198,-111.12332
1199,-107.23714
1200,-99.5125
1201,-106.59327
1202,-110.57507
1203,-108.12479
1204,-105.89481
1205,-100.946846
1206,-76.78844
1207,-54.176003
1208,-15.799073
1209,18.77285
1210,48.037907
1211,58.792767
1212,53.086292
1213,20.710947
1214,-44.841927
1215,-131.29149
1216,-9.464432
1217,-19.199398
1218,-23.470448
1219,-32.288025
1220,-40.664036
1221,-48.49047
1222,-51.346653
1223,-41.70062
1224,-46.5
1225,-46.5
1226,-46.5
1227,-46.5
1228,-41.5
1229,-41.5
1230,-41.5
1231,-41.5
1232,-41.5
1233,-46.5
1234,-46.5
1235,-41.5
1236,-41.5
1237,-46.5
1238,-46.5
1239,-41.5
1240,-41.5
1241,-46.5
1242,-46.5
1243,-46.5
1244,-46.5
1245,-46.5
1246,-41.5
1247,-41.5
1248,-46.5
1249,-46.5
1250,-41.5
1251,-41.5
1252,-41.5
1253,-46.5
1254,-46.5
1255,-41.5
1256,-46.5
1257,-22.932402
1258,-7.5694795
1259,-11.964083
1260,-11.117558
1261,-5.075429
1262,-3.8778532
1263,-7.5620756
1264,-1.1644047
1265,-4.720202
1266,1.7416854
1267,3.2009792
1268,-0.36333367
1269,-176.50403
1270,-132.52138
1271,-95.49636
1272,-65.105225
1273,-45.911686
1274,-27.434473
1275,-14.050776
1276,0.47646987
1277,3.0636377
1278,15.395574
1279,23.705633
1280,28.602335
1281,39.66743
1282,55.296196
1283,62.963432
1284,64.19127
1285,54.457413
1286,23.729742
1287,-26.762495
1288,-93.43166
1289,-174.99579
1290,-12.784217
1291,-16.179567
1292,-24.119497
1293,-26.64274
1294,-38.789623
1295,-45.58709
1296,-49.901577
1297,-48.516514
1298,-46.5
1299,-46.5
1300,-46.5
1301,-41.5
1302,-41.5
1303,-41.5
1304,-46.5
1305,-46.5
1306,-46.5
1307,-41.5
1308,-46.5
1309,-41.5
1310,-41.5
1311,-46.5
1312,-46.5
1313,-41.5
1314,-46.5
1315,-41.5
1316,-46.5
1317,-46.5
1318,-46.5
1319,-41.5
1320,-41.5
1321,-41.5
1322,-46.5
1323,-41.5
1324,-41.5
1325,-46.5
1326,-41.5
1327,-46.5
1328,-46.5
1329,-46.5
1330,-41.5
1331,-46.5
1332,-46.5
1333,-41.5
1334,-17.93241
1335,-7.5697145
1336,-6.9663563
1337,-6.128367
1338,-10.109222
1339,-8.959354
1340,-7.7270894
1341,-6.4578266
1342,-5.1914415
1343,1.043554
1344,-2.7685943
1345,-1.6412414
1346,-0.58690155
1347,-201.78885
1348,-165.53546
1349,-138.98526
1350,-121.49816
1351,-102.600395
1352,-81.873024
1353,-73.18774
1354,-59.43368
1355,-43.84389
1356,-20.407463
1357,0.88668966
1358,23.56264
1359,39.57274
1360,54.855816
1361,64.49829
1362,47.77522
1363,13.834603
1364,-46.24699
1365,-138.2931
1366,-5.4190807
1367,-20.486023
1368,-24.977486
1369,-38.907238
1370,-42.322655
1371,-49.376858
1372,-50.627975
1373,-41.5
1374,-46.5
1375,-46.5
1376,-46.5
1377,-41.5
1378,-41.5
1379,-46.5
1380,-41.5
1381,-41.5
1382,-41.5
1383,-41.5
1384,-46.5
1385,-41.5
1386,-41.5
1387,-46.5
1388,-46.5
1389,-46.5
1390,-41.5
1391,-41.5
1392,-41.5
1393,-41.5
1394,-41.5
1395,-46.5
1396,-41.5
1397,-41.5
1398,-46.5
1399,-41.5
1400,-46.5
1401,-41.5
1402,-46.5
1403,-17.93241
1404,-12.569714
1405,-11.966199
1406,-11.126039
1407,-10.093374
1408,-8.894143
1409,-7.5358043
1410,-1.0123152
1411,0.68898255
1412,2.5838797
1413,-0.3162608
1414,-154.02283
1415,-80.80953
1416,-24.956984
1417,24.866764
1418,51.497025
1419,54.65343
1420,51.135067
1421,34.603745
1422,-0.5877904
1423,-31.257849
1424,-70.74989
1425,-118.82947
1426,-161.55481
1427,-2.1444077
1428,-7.229295
1429,-12.694638
1430,-18.714533
1431,-20.46559
1432,-27.964039
1433,-40.95981
1434,-43.78265
1435,-51.269936
1436,-46.5
1437,-46.5
1438,-46.5
1439,-41.5
1440,-41.5
1441,-41.5
1442,-46.5
1443,-41.5
1444,-41.5
1445,-41.5
1446,-46.5
1447,-41.5
1448,-46.5
1449,-41.5
1450,-46.5
1451,-41.5
1452,-41.5
1453,-46.5
1454,-46.5
1455,-41.5
1456,-41.5
1457,-41.5
1458,-46.5
1459,-46.5
1460,-17.93241
1461,-7.5697145
1462,-6.9663563
1463,-11.128366
1464,-5.109001
1465,-3.9573016
1466,-2.717931
1467,-1.432122
1468,-5.13822
1469,1.1331239
1470,-2.6378288
1471,-1.4669062
1472,4.633914
1473,-192.34012
1474,-154.56018
1475,-131.13298
1476,-101.30039
1477,-84.52532
1478,-60.40803
1479,-48.006096
1480,-25.675388
1481,-12.341128
1482,12.152546
1483,31.874933
1484,44.53772
1485,56.672478
1486,59.201675
1487,47.53837
1488,11.576114
1489,-43.47418
1490,-119.98275
1491,-3.891299
1492,-14.145721
1493,-28.955473
1494,-33.127037
1495,-41.7006
1496,-49.17456
1497,-51.017467
1498,-41.5
1499,-46.5
1500,-46.5
1501,-41.5
1502,-41.5
1503,-41.5
1504,-46.5
1505,-46.5
1506,-41.5
1507,-41.5
1508,-46.5
1509,-41.5
1510,-46.5
1511,-46.5
1512,-41.5
1513,-46.5
1514,-46.5
1515,-41.5
1516,-41.5
1517,-46.5
1518,-46.5
1519,-46.5
1520,-41.5
1521,-41.5
1522,-41.5
1523,-41.5
1524,-41.5
1525,-46.5
1526,-46.5
1527,-46.5
1528,-46.5
1529,-46.5
1530,-17.93241
1531,-12.569714
1532,-6.9662194
1533,-6.1270404
1534,-5.1029606
1535,-8.94011
1536,-7.6820173
1537,-1.3691915
1538,-5.0351534
1539,1.3000516
1540,2.629386
1541,3.9461432
1542,-208.91415
1543,-164.63649
1544,-125.772484
1545,-92.22733
1546,-58.796295
1547,-35.17584
1548,-15.89645
1549,-4.906328
1550,9.360058
1551,22.91172
1552,35.974003
1553,47.864838
1554,61.74099
1555,64.67876
1556,58.00523
1557,37.327976
1558,-12.395748
1559,-70.82398
1560,-160.04617
1561,-12.773126
1562,-22.843065
1563,-32.48402
1564,-36.501682
1565,-44.94436
1566,-50.43139
1567,-49.001022
1568,-46.5
1569,-46.5
1570,-41.5
1571,-41.5
1572,-41.5
1573,-41.5
1574,-46.5
1575,-46.5
1576,-41.5
1577,-41.5
1578,-46.5
1579,-41.5
1580,-41.5
1581,-41.5
1582,-41.5
1583,-46.5
1584,-41.5
1585,-46.5
1586,-41.5
1587,-41.5
1588,-46.5
1589,-41.5
1590,-46.5
1591,-41.5
1592,-46.5
1593,-46.5
1594,-41.5
1595,-46.5
1596,-41.5
1597,-22.932402
1598,-12.569684
1599,-6.96595
1600,-6.125814
1601,-5.099305
1602,-8.931549
1603,-7.665099
1604,-1.3409302
1605,-4.9962807
1606,-3.657636
1607,2.6615531
1608,-1.0483694
1609,0.20534699
1610,-167.15997
1611,-124.39076
1612,-91.234764
1613,-67.36664
1614,-37.621082
1615,-16.829933
1616,-4.2552457
1617,16.3961
1618,30.897362
1619,39.27368
1620,50.683094
1621,58.225967
1622,59.10403
1623,54.9337
1624,26.687717
1625,-15.349206
1626,-80.60415
1627,-171.05975
1628,-13.681062
1629,-23.635988
1630,-33.187195
1631,-37.1422
1632,-45.5504
1633,-45.652405
1634,-43.607903
1635,-41.5
1636,-46.5
1637,-41.5
1638,-41.5
1639,-46.5
1640,-46.5
1641,-41.5
1642,-46.5
1643,-46.5
1644,-46.5
1645,-41.5
1646,-41.5
1647,-41.5
1648,-41.5
1649,-41.5
1650,-46.5
1651,-41.5
1652,-41.5
1653,-46.5
1654,-41.5
1655,-41.5
1656,-41.5
1657,-41.5
1658,-46.5
1659,-41.5
1660,-41.5
1661,-41.5
1662,-41.5
1663,-17.93241
1664,-7.5697145
1665,-6.9663363
1666,-11.128176
1667,-5.1081696
1668,-3.9551995
1669,-2.714611
1670,-6.429171
1671,-5.139116
1672,1.1234862
1673,2.3385203
1674,-1.5098256
1675,4.5652304
1676,-190.87743
1677,-159.6855
1678,-138.66032
1679,-112.39588
1680,-100.621414
1681,-87.99443
1682,-78.31679
1683,-69.206154
1684,-53.364735
1685,-39.02592
1686,-20.296587
1687,-2.8105311
1688,21.0126
1689,42.49591
1690,61.867348
1691,58.29309
1692,40.41959
1693,-1.6701264
1694,-69.96726
1695,-168.15602
1696,-7.9776363
1697,-22.449108
1698,-26.394182
1699,-34.843372
1700,-37.832737
1701,-44.397465
1702,-45.30926
1703,-41.5
1704,-46.5
1705,-41.5
1706,-41.5
1707,-41.5
1708,-46.5
1709,-46.5
1710,-46.5
1711,-41.5
1712,-41.5
1713,-41.5
1714,-46.5
1715,-46.5
1716,-41.5
1717,-46.5
1718,-41.5
1719,-46.5
1720,-41.5
1721,-41.5
1722,-41.5
1723,-46.5
1724,-41.5
1725,-46.5
1726,-41.5
1727,-46.5
1728,-41.5
1729,-46.5
1730,-41.5
1731,-46.5
1732,-41.5
1733,-46.5
1734,-41.5
1735,-46.5
1736,-41.5
1737,-46.5
1738,-41.5
1739,-17.93241
1740,-12.569715
1741,-11.966296
1742,-11.127581
1743,-10.104448
1744,-3.940605
1745,-2.6727388
1746,-1.3315504
1747,-4.9433312
1748,1.4726402
1749,-2.0958223
1750,4.335936
1751,-186.343
1752,-144.87222
1753,-99.83999
1754,-66.19707
1755,-38.7296
1756,-17.096718
1757,-5.747255
1758,11.471213
1759,21.265858
1760,25.005144
1761,38.568333
1762,47.265377
1763,55.57976
1764,57.111572
1765,59.78598
1766,60.779858
1767,46.41284
1768,17.67507
1769,-38.166115
1770,-101.78961
1771,-176.60696
1772,-6.8807235
1773,-14.37324
1774,-16.437138
1775,-23.13306
1776,-29.518362
1777,-40.632755
1778,-41.380657
1779,-44.60568
1780,-47.956917
1781,-41.5
1782,-46.5
1783,-46.5
1784,-41.5
1785,-46.5
1786,-41.5
1787,-40.950214
1788,-44.76218
1789,-45.599293
1790,-42.35582
1791,-46.63328
1792,-46.5
1793,-46.5
1794,-41.5
1795,-46.5
1796,-41.5
1797,-41.5
1798,-46.5
1799,-41.5
1800,-41.5
1801,-41.5
1802,-41.5
1803,-41.5
1804,-46.5
1805,-41.5
1806,-46.5
1807,-41.5
1808,-41.5
1809,-46.5
1810,-41.5
1811,-46.5
1812,-46.5
1813,-41.5
1814,-41.5
1815,-41.5
1816,-41.5
1817,-41.5
1818,-46.5
1819,-41.5
1820,-41.5
1821,-22.932402
1822,-7.569675
1823,-6.9659715
1824,-11.126532
1825,-10.103405
1826,-8.9438925
1827,-7.687576
1828,-6.361085
1829,0.024412507
1830,1.476219
1831,-1.9852566
1832,4.6549506
1833,-165.5133
1834,-112.44632
1835,-55.744053
1836,-17.22212
1837,16.68969
1838,45.338657
1839,54.1463
1840,64.53917
1841,63.043877
1842,55.471966
1843,41.8256
1844,21.281044
1845,-12.607363
1846,-51.517776
1847,-97.56898
1848,-163.57567
1849,-5.446746
1850,-13.683695
1851,-22.341997
1852,-31.137707
1853,-44.77301
1854,-42.936043
1855,-46.340336
1856,-42.05116
1857,-41.5
1858,-46.5
1859,-46.5
1860,-41.5
1861,-41.5
1862,-41.5
1863,-46.5
1864,-46.5
1865,-46.5
1866,-41.5
1867,-41.5
1868,-41.5
1869,-46.5
1870,-41.5
1871,-46.5
1872,-46.5
1873,-46.5
1874,-46.5
1875,-41.5
1876,-41.5
1877,-41.5
1878,-41.5
1879,-41.5
1880,-46.5
1881,-46.5
1882,-46.5
1883,-46.5
1884,-46.5
1885,-46.5
1886,-41.5
1887,-46.5
1888,-22.932402
1889,-7.569498
1890,-6.9642253
1891,-6.1182575
1892,-10.077994
1893,-3.884949
1894,-2.5753946
1895,-6.177712
1896,0.28726873
1897,1.8085933
1898,-1.6149287
1899,0.013058603
1900,-160.59012
1901,-102.623276
1902,-56.304733
1903,-22.159325
1904,14.354733
1905,32.9233
1906,48.658752
1907,57.318768
1908,64.7551
1909,61.174175
1910,51.06133
1911,28.16864
1912,5.688871
1913,-33.355564
1914,-86.27126
1915,-160.96234
1916,-10.409179
1917,-14.225879
1918,-28.455559
1919,-32.811657
1920,-41.995518
1921,-44.61027
1922,-45.7613
1923,-46.5
1924,-41.5
1925,-41.5
1926,-46.5
1927,-46.5
1928,-41.5
1929,-46.5
1930,-46.5
1931,-41.5
1932,-46.5
1933,-46.5
1934,-41.5
1935,-41.5
1936,-46.5
1937,-41.5
1938,-46.5
1939,-46.5
1940,-46.5
1941,-41.5
1942,-41.5
1943,-41.5
1944,-41.5
1945,-41.5
1946,-41.5
1947,-41.5
1948,-41.5
1949,-17.93241
1950,-12.569714
1951,-11.966237
1952,-6.1268625
1953,-5.100427
1954,-8.926881
1955,-7.6397567
1956,-6.268671
1957,0.16181163
1958,1.6385484
1959,3.1606731
1960,4.7263474
1961,-172.2206
1962,-120.14527
1963,-74.45786
1964,-30.7528
1965,-4.361578
1966,19.752377
1967,42.105072
1968,48.81393
1969,61.11302
1970,64.545784
1971,58.872944
1972,58.052475
1973,45.302963
1974,23.398952
1975,-15.314923
1976,-59.084
1977,-126.72293
1978,-8.002834
1979,-12.072256
1980,-21.31136
1981,-30.408207
1982,-39.046116
1983,-42.05359
1984,-45.988293
1985,-42.639805
1986,-41.5
1987,-46.5
1988,-41.5
1989,-41.5
1990,-41.5
1991,-46.5
1992,-46.5
1993,-41.5
1994,-46.5
1995,-41.5
1996,-46.5
1997,-41.5
1998,-46.5
1999,-46.5
2000,-41.5
2001,-41.5
2002,-46.5
2003,-41.5
2004,-46.5
2005,-41.5
2006,-46.5
2007,-41.5
2008,-46.5
2009,-41.5
2010,-41.5
2011,-46.5
2012,-41.5
2013,-41.5
2014,-41.5
2015,-46.5
2016,-46.5
2017,-41.5
2018,-46.5
2019,-41.5
2020,-17.93241
2021,-12.569714
2022,-11.966238
2023,-6.127163
2024,-5.103302
2025,-3.9404566
2026,-7.681728
2027,-1.3690717
2028,-0.042416852
2029,1.2666484
2030,-2.4632628
2031,-1.2536262
2032,-0.12712938
2033,-184.07184
2034,-148.26175
2035,-128.56981
2036,-109.4373
2037,-95.32626
2038,-85.549484
2039,-73.487915
2040,-66.255264
2041,-61.0421
2042,-40.797573
2043,-19.820023
2044,0.49740392
2045,26.524496
2046,48.17177
2047,59.308735
2048,47.99671
2049,17.285574
2050,-37.55222
2051,-132.63646
2052,-5.5949197
2053,-21.31728
2054,-31.431923
2055,-35.948753
2056,-44.918663
2057,-45.67785
2058,-44.01
2059,-46.5
2060,-41.5
2061,-41.5
2062,-41.5
2063,-46.5
2064,-41.5
2065,-41.5
2066,-46.5
2067,-41.5
2068,-46.5
2069,-41.5
2070,-41.5
2071,-41.5
2072,-41.5
2073,-46.5
2074,-46.5
2075,-46.5
2076,-41.5
2077,-41.5
2078,-46.5
2079,-46.5
2080,-46.5
2081,-41.5
2082,-46.5
2083,-46.5
2084,-46.5
2085,-46.5
2086,-22.932402
2087,-12.569685
2088,-6.966009
2089,-6.1264143
2090,-10.102207
2091,-8.940784
2092,-7.6873302
2093,-1.384685
2094,-5.070146
2095,1.2320263
2096,2.512047
2097,3.763551
2098,-0.019828906
2099,-175.89612
2100,-133.81728
2101,-101.61073
2102,-74.14359
2103,-51.33609
2104,-32.992477
2105,-18.209412
2106,-10.297749
2107,7.1289005
2108,19.917685
2109,28.2612
2110,41.38313
2111,57.490295
2112,64.08323
2113,62.882904
2114,44.684875
2115,14.887826
2116,-39.76457
2117,-105.25411
2118,-200.0424
2119,-14.543052
2120,-17.851898
2121,-20.723593
2122,-33.202553
2123,-35.328693
2124,-47.125717
2125,-50.45501
2126,-42.487854
2127,-41.5
2128,-41.5
2129,-41.5
2130,-41.5
2131,-41.5
2132,-41.5
2133,-46.5
2134,-46.5
2135,-41.5
2136,-46.5
2137,-41.5
2138,-46.5
2139,-46.5
2140,-41.5
2141,-41.5
2142,-41.5
2143,-41.5
2144,-46.5
2145,-46.5
2146,-41.5
2147,-41.5
2148,-46.5
2149,-46.5
2150,-41.5
2151,-46.5
2152,-41.5
2153,-46.5
2154,-41.5
2155,-46.5
2156,-41.5
2157,-46.5
2158,-41.5
2159,-41.5
2160,-41.5
2161,-41.5
2162,-41.5
2163,-41.5
2164,-46.5
2165,-41.5
2166,-17.93241
2167,-7.5697145
2168,-11.966355
2169,-11.12824
2170,-10.107834
2171,-8.9518795
2172,-7.700354
2173,-1.3835601
2174,-5.0170507
2175,-3.5966065
2176,2.8986897
2177,-0.50688946
2178,-171.88356
2179,-112.83598
2180,-58.66796
2181,-16.835926
2182,25.062729
2183,45.087833
2184,57.709885
2185,63.957115
2186,50.369247
2187,38.043495
2188,12.389429
2189,-27.024311
2190,-71.261246
2191,-121.57919
2192,-194.78792
2193,-7.4118137
2194,-15.190995
2195,-23.617922
2196,-37.45365
2197,-41.434048
2198,-49.365524
2199,-46.035103
2200,-41.5
2201,-41.5
2202,-46.5
2203,-41.5
2204,-46.5
2205,-46.5
2206,-41.5
2207,-46.5
2208,-41.5
2209,-46.5
2210,-41.5
2211,-46.5
2212,-41.5
2213,-46.5
2214,-46.5
2215,-41.5
2216,-41.5
2217,-41.5
2218,-46.5
2219,-46.5
2220,-41.5
2221,-46.5
2222,-41.5
2223,-46.5
2224,-22.932402
2225,-12.569419
2226,-11.963146
2227,-11.1113825
2228,-10.050395
2229,-3.8050048
2230,-7.3930693
2231,-0.83054614
2232,-4.1341276
2233,2.6824694
2234,4.6087103
2235,-159.3656
2236,-99.70942
2237,-39.96381
2238,-1.5692604
2239,29.862558
2240,49.555855
2241,63.61838
2242,63.98998
2243,57.973392
2244,47.22025
2245,32.366325
2246,13.1358795
2247,-11.582454
2248,-48.42521
2249,-84.15051
2250,-135.964
2251,-206.77827
2252,-3.2697647
2253,-11.015404
2254,-19.223375
2255,-32.606697
2256,-40.86291
2257,-43.67486
2258,-51.41864
2259,-41.53358
2260,-41.5
2261,-46.5
2262,-46.5
2263,-46.5
2264,-41.5
2265,-46.5
2266,-41.5
2267,-41.5
2268,-46.5
2269,-41.5
2270,-41.5
2271,-41.5
2272,-46.5
2273,-46.5
2274,-41.5
2275,-46.5
2276,-46.5
2277,-41.5
2278,-41.5
2279,-41.5
2280,-46.5
2281,-46.5
2282,-41.5
2283,-46.5
2284,-46.5
2285,-41.5
2286,-41.5
2287,-41.5
2288,-41.5
2289,-41.5
2290,-41.5
2291,-17.932402
2292,-12.569694
2293,-6.9657927
2294,-11.123856
2295,-10.089398
2296,-8.90013
2297,-7.5892386
2298,-1.1856134
2299,0.2899444
2300,1.8311665
2301,3.4434674
2302,5.128014
2303,-149.57945
2304,-94.68055
2305,-47.152348
2306,-13.01292
2307,22.155996
2308,38.41484
2309,56.60309
2310,58.233276
2311,64.7321
2312,61.72069
2313,53.978886
2314,35.467815
2315,19.496449
2316,-10.933495
2317,-58.247543
2318,-110.50757
2319,-186.3622
2320,-8.482694
2321,-17.28198
2322,-26.24256
2323,-35.054386
2324,-38.398735
2325,-49.72748
2326,-49.976723
2327,-41.5
2328,-41.5
2329,-46.5
2330,-41.5
2331,-41.5
2332,-41.5
2333,-46.5
2334,-41.5
2335,-46.5
2336,-46.5
2337,-46.5
2338,-46.5
2339,-46.5
2340,-46.5
2341,-41.5
2342,-41.5
2343,-46.5
2344,-41.5
2345,-41.5
2346,-46.5
2347,-41.5
2348,-46.5
2349,-41.5
2350,-41.5
2351,-41.5
2352,-46.5
2353,-46.5
2354,-46.5
2355,-46.5
2356,-46.5
2357,-41.5
2358,-46.5
2359,-46.5
2360,-41.5
2361,-22.932402
2362,-12.569605
2363,-6.9647226
2364,-11.11743
2365,-10.06521
2366,-3.833537
2367,-2.4410498
2368,-0.90399873
2369,0.7604659
2370,-2.463612
2371,4.409114
2372,-168.19344
2373,-104.84015
2374,-50.94252
2375,-7.597365
2376,19.86243
2377,41.823307
2378,54.410114
2379,59.423504
2380,58.975597
2381,54.640903
2382,47.02247
2383,35.820065
2384,24.885935
2385,2.439393
2386,-33.60118
2387,-70.81154
2388,-127.45169
2389,-207.37598
2390,-4.567479
2391,-18.161604
2392,-26.983397
2393,-40.721504
2394,-44.0553
2395,-44.997917
2396,-44.550934
2397,-46.5
2398,-41.5
2399,-41.5
2400,-46.5
2401,-41.5
2402,-46.5
2403,-46.5
2404,-46.5
2405,-41.5
2406,-46.5
2407,-41.5
2408,-46.5
2409,-46.5
2410,-41.5
2411,-41.5
2412,-41.5
2413,-41.5
2414,-46.5
2415,-41.5
2416,-46.5
2417,-41.5
2418,-46.5
2419,-46.5
2420,-41.5
2421,-46.5
2422,-41.5
2423,-41.5
2424,-41.5
2425,-46.5
2426,-22.932402
2427,-7.5693808
2428,-6.963103
2429,-11.112948
2430,-10.06154
2431,-3.8457792
2432,-2.4985087
2433,-6.049647
2434,0.4729108
2435,2.0472143
2436,-1.3413861
2437,-209.24367
2438,-152.64009
2439,-103.20773
2440,-56.18545
2441,-26.351454
2442,1.7070808
2443,28.445417
2444,39.4016
2445,55.397144
2446,57.191822
2447,64.793
2448,57.407265
2449,48.45259
2450,30.685732
2451,1.5856811
2452,-41.633537
2453,-97.229164
2454,-188.94803
2455,-13.756003
2456,-23.33583
2457,-28.062801
2458,-42.63205
2459,-46.73017
2460,-51.373394
2461,-47.85876
2462,-41.5
2463,-41.5
2464,-46.5
2465,-46.5
2466,-46.5
2467,-41.5
2468,-46.5
2469,-46.5
2470,-46.5
2471,-41.5
2472,-41.5
2473,-41.5
2474,-46.5
2475,-41.5
2476,-41.5
2477,-41.5
2478,-46.5
2479,-46.5
2480,-46.5
2481,-46.5
2482,-46.5
2483,-46.5
2484,-41.5
2485,-17.93241
2486,-7.5697145
2487,-11.966355
2488,-11.128123
2489,-10.106755
2490,-8.947361
2491,-7.6890187
2492,-6.365883
2493,-5.0061383
2494,1.3741045
2495,-2.2261827
2496,4.1983633
2497,-189.88931
2498,-139.53798
2499,-98.65278
2500,-52.849735
2501,-17.893223
2502,5.5587935
2503,32.289104
2504,47.871567
2505,53.257248
2506,63.84087
2507,59.324406
2508,58.674995
2509,45.16453
2510,21.668324
2511,-14.324718
2512,-70.89799
2513,-146.6988
2514,-4.1701207
2515,-13.314034
2516,-22.591738
2517,-31.696333
2518,-45.314556
2519,-43.279137
2520,-46.392067
2521,-46.83073
2522,-41.5
2523,-46.5
2524,-46.5
2525,-41.5
2526,-46.5
2527,-46.5
2528,-46.5
2529,-46.5
2530,-46.5
2531,-41.5
2532,-41.5
2533,-41.5
2534,-46.5
2535,-41.5
2536,-41.5
2537,-41.5
2538,-46.5
2539,-46.5
2540,-46.5
2541,-41.5
2542,-46.5
2543,-41.5
2544,-46.5
2545,-46.5
2546,-46.5
2547,-41.5
2548,-46.5
2549,-46.5
2550,-46.5
2551,-41.5
2552,-41.5
2553,-17.93241
2554,-12.569714
2555,-6.9662285
2556,-11.127116
2557,-5.103264
2558,-8.940745
2559,-2.6826532
2560,-1.369639
2561,-0.03836516
2562,-3.7165506
2563,-2.4224594
2564,3.8251848
2565,0.0080180075
2566,-171.99928
2567,-143.06961
2568,-114.48648
2569,-85.74724
2570,-66.42689
2571,-51.037857
2572,-43.415188
2573,-31.560614
2574,-13.810035
2575,-4.1560426
2576,12.548684
2577,35.166622
2578,46.202126
2579,62.23388
2580,63.95463
2581,46.137314
2582,13.295494
2583,-48.33105
2584,-124.66472
2585,-8.9262705
2586,-13.51955
2587,-22.571068
2588,-36.097527
2589,-34.14812
2590,-41.77346
2591,-45.742027
2592,-42.77484
2593,-41.5
2594,-41.5
2595,-46.5
2596,-41.5
2597,-46.5
2598,-41.5
2599,-41.5
2600,-46.5
2601,-41.5
2602,-41.5
2603,-46.5
2604,-46.5
2605,-46.5
2606,-41.5
2607,-41.5
2608,-41.5
2609,-41.5
2610,-46.5
2611,-41.5
2612,-46.5
2613,-41.5
2614,-41.5
2615,-46.5
2616,-41.5
2617,-46.5
2618,-46.5
2619,-46.5
2620,-41.5
2621,-41.5
2622,-46.5
2623,-41.5
2624,-41.5
2625,-41.5
2626,-41.5
2627,-22.932402
2628,-12.569587
2629,-11.964705
2630,-6.117864
2631,-10.067376
2632,-3.8387773
2633,-7.4505467
2634,-0.9196819
2635,-4.264242
2636,2.500321
2637,4.362354
2638,-169.93297
2639,-106.182495
2640,-56.55907
2641,-12.350338
2642,20.858894
2643,48.20847
2644,60.613865
2645,59.73312
2646,62.617046
2647,55.8196
2648,44.961254
2649,29.793629
2650,9.256159
2651,-23.266228
2652,-54.571552
2653,-106.9086
2654,-168.22838
2655,0.14454746
2656,-12.700174
2657,-21.028728
2658,-34.554527
2659,-32.97576
2660,-40.977665
2661,-45.56958
2662,-48.321987
2663,-41.5
2664,-41.5
2665,-46.5
2666,-41.5
2667,-46.5
2668,-41.5
2669,-46.5
2670,-41.5
2671,-46.5
2672,-46.5
2673,-46.5
2674,-41.5
2675,-46.5
2676,-41.5
2677,-41.5
2678,-41.5
2679,-41.5
2680,-46.5
2681,-41.5
2682,-46.5
2683,-41.5
2684,-41.5
2685,-41.5
2686,-46.5
2687,-41.5
2688,-46.5
2689,-46.5
2690,-46.5
2691,-46.5
2692,-46.5
2693,-46.5
2694,-41.5
2695,-22.9324
2696,-12.569234
2697,-11.961596
2698,-6.105196
2699,-10.035241
2700,-3.7781718
2701,-2.355578
2702,-0.7864888
2703,0.91030973
2704,2.7182043
2705,-0.37777242
2706,-160.07857
2707,-102.093056
2708,-43.99162
2709,-1.7880464
2710,29.332918
2711,44.896267
2712,61.097122
2713,59.748486
2714,62.945797
2715,52.230312
2716,48.20032
2717,35.59058
2718,18.329023
2719,-10.2322855
2720,-36.977753
2721,-84.26511
2722,-135.14954
2723,-1.9635559
2724,-4.720492
2725,-17.985056
2726,-26.459837
2727,-29.833881
2728,-37.78684
2729,-44.303543
2730,-45.351486
2731,-46.5
2732,-41.5
2733,-46.5
2734,-41.5
2735,-41.5
2736,-46.5
2737,-46.5
2738,-46.5
2739,-46.5
2740,-46.5
2741,-46.5
2742,-46.5
2743,-46.5
2744,-41.5
2745,-46.5
2746,-46.5
2747,-46.5
2748,-41.5
2749,-41.5
2750,-41.5
2751,-41.5
2752,-46.5
2753,-46.5
2754,-41.5
2755,-41.5
2756,-46.5
2757,-41.5
2758,-41.5
2759,-41.5
2760,-46.5
2761,-46.5
2762,-41.5
2763,-41.5
2764,-46.5
2765,-17.93241
2766,-12.569715
2767,-6.966326
2768,-11.128041
2769,-5.107249
2770,-8.950665
2771,-2.698449
2772,-1.3853929
2773,-5.042346
2774,-3.692584
2775,-2.350214
2776,-1.0273625
2777,-207.94702
2778,-158.67354
2779,-119.42881
2780,-89.887405
2781,-59.865192
2782,-34.317078
2783,-8.106806
2784,4.5277934
2785,24.869543
2786,38.630943
2787,45.711063
2788,60.083736
2789,59.663242
2790,56.530872
2791,42.26204
2792,12.905185
2793,-41.02099
2794,-113.48928
2795,-205.83588
2796,-16.824291
2797,-21.656487
2798,-36.05224
2799,-39.831554
2800,-43.057518
2801,-51.471226
2802,-46.970013
2803,-46.5
2804,-41.5
2805,-46.5
2806,-46.5
2807,-46.5
2808,-46.5
2809,-46.5
2810,-41.5
2811,-46.5
2812,-46.5
2813,-41.5
2814,-46.5
2815,-46.5
2816,-46.5
2817,-41.5
2818,-46.5
2819,-41.5
2820,-46.5
2821,-41.5
2822,-41.5
2823,-41.5
2824,-41.5
2825,-46.5
2826,-41.5
2827,-46.5
2828,-41.5
2829,-46.5
2830,-22.932402
2831,-12.569528
2832,-6.964385
2833,-11.118064
2834,-10.074343
2835,-3.8702567
2836,-7.538594
2837,-1.10895
2838,0.39169773
2839,-3.0574558
2840,-1.4706308
2841,0.13509308
2842,-158.37083
2843,-103.76884
2844,-61.20569
2845,-30.596062
2846,3.2326567
2847,25.538376
2848,36.82819
2849,48.088295
2850,55.412453
2851,59.255653
2852,64.344315
2853,54.629364
2854,48.30091
2855,28.044752
2856,-3.9363117
2857,-56.064556
2858,-122.34379
2859,-211.047
2860,-11.313869
2861,-20.694414
2862,-34.946095
2863,-38.746815
2864,-46.920124
2865,-46.022118
2866,-42.730507
2867,-46.5
2868,-41.5
2869,-41.5
2870,-46.5
2871,-41.5
2872,-41.5
2873,-41.5
2874,-41.5
2875,-46.5
2876,-41.5
2877,-46.5
2878,-41.5
2879,-41.5
2880,-46.5
2881,-41.5
2882,-41.5
2883,-46.5
2884,-46.5
2885,-41.5
2886,-41.5
2887,-46.5
2888,-41.5
2889,-46.5
2890,-41.5
2891,-46.5
2892,-41.5
2893,-41.5
2894,-41.5
2895,-41.5
2896,-41.5
2897,-41.5
2898,-41.5
2899,-17.93241
2900,-7.5697145
2901,-11.966355
2902,-6.1282697
2903,-10.108265
2904,-8.954856
2905,-2.7131705
2906,-6.4242435
2907,-0.12184927
2908,1.174124
2909,-2.5403416
2910,-1.2656745
2911,4.9961715
2912,-168.30284
2913,-128.4853
2914,-93.2749
2915,-67.78192
2916,-37.144924
2917,-16.305593
2918,0.5375709
2919,9.879116
2920,22.82977
2921,34.899048
2922,50.905785
2923,54.76276
2924,59.51426
2925,57.57087
2926,50.622257
2927,19.54173
2928,-24.908972
2929,-90.2506
2930,-181.66702
2931,-8.162794
2932,-16.942219
2933,-30.228199
2934,-28.050432
2935,-40.457706
2936,-42.49343
2937,-45.707996
2938,-42.25832
2939,-41.5
2940,-41.5
2941,-41.5
2942,-41.5
2943,-41.5
2944,-46.5
2945,-41.5
2946,-41.5
2947,-41.5
2948,-46.5
2949,-46.5
2950,-46.5
2951,-46.5
2952,-46.5
2953,-46.5
2954,-46.5
2955,-41.5
2956,-41.5
2957,-41.5
2958,-46.5
2959,-46.5
2960,-46.5
2961,-46.5
2962,-46.5
2963,-46.5
2964,-41.5
2965,-46.5
2966,-41.5
2967,-41.5
2968,-46.5
2969,-41.5
2970,-41.5
2971,-46.5
2972,-41.5
2973,-46.5
2974,-41.5
2975,-41.5
2976,-41.5
2977,-17.932402
2978,-12.569685
2979,-11.9659395
2980,-11.125434
2981,-10.09642
2982,-8.919183
2983,-2.6270273
2984,-1.2474018
2985,-4.803158
2986,1.6899118
2987,3.2234797
2988,-0.21288565
2989,-170.79117
2990,-120.11676
2991,-70.98938
2992,-33.54591
2993,-2.770252
2994,21.456825
2995,39.47645
2996,47.111942
2997,60.314156
2998,64.39288
2999,63.944904
3000,57.83895
3001,44.277103
3002,21.094679
3003,-19.239336
3004,-64.81059
3005,-139.25684
3006,-3.7929199
3007,-17.832087
3008,-27.010117
3009,-31.022198
3010,-44.55855
3011,-42.45529
3012,-46.07562
3013,-42.373425
3014,-41.5
3015,-41.5
3016,-41.5
3017,-41.5
3018,-46.5
3019,-46.5
3020,-46.5
3021,-41.5
3022,-46.5
3023,-46.5
3024,-46.5
3025,-41.5
3026,-46.5
3027,-41.5
3028,-46.5
3029,-41.5
3030,-41.5
3031,-41.5
3032,-46.5
3033,-41.5
3034,-41.5
3035,-41.5
3036,-41.5
3037,-46.5
3038,-46.5
3039,-41.5
3040,-46.5
3041,-46.5
3042,-46.5
3043,-41.5
3044,-46.5
3045,-17.93241
3046,-7.5697145
3047,-6.9663563
3048,-6.128367
3049,-10.109213
3050,-8.958941
3051,-7.7229595
3052,-6.437361
3053,-5.123984
3054,-3.7847364
3055,2.5961297
3056,4.036972
3057,-198.8891
3058,-140.0226
3059,-95.16945
3060,-45.66977
3061,-7.9730844
3062,21.755968
3063,38.092728
3064,51.665695
3065,63.564983
3066,64.38567
3067,59.057007
3068,41.77345
3069,26.085402
3070,-9.773054
3071,-47.990772
3072,-106.42106
3073,-183.56119
3074,-8.401596
3075,-22.300816
3076,-26.335833
3077,-35.204853
3078,-43.595634
3079,-44.827324
3080,-49.85539
3081,-41.5
3082,-46.5
3083,-46.5
3084,-46.5
3085,-41.5
3086,-46.5
3087,-41.5
3088,-46.5
3089,-46.5
3090,-41.5
3091,-41.5
3092,-46.5
3093,-46.5
3094,-41.5
3095,-46.5
3096,-41.5
3097,-46.5
3098,-46.5
3099,-41.5
3100,-46.5
3101,-46.5
3102,-41.5
3103,-46.5
3104,-41.5
3105,-41.5
3106,-41.5
3107,-41.5
3108,-46.5
3109,-41.5
3110,-46.5
3111,-41.5
3112,-22.9324
3113,-7.5692525
3114,-6.9618287
3115,-11.106948
3116,-10.042605
3117,-8.797667
3118,-7.390919
3119,-5.832139
3120,-4.123749
3121,-2.2585118
3122,4.7762847
3123,-153.4603
3124,-83.046646
3125,-23.660915
3126,16.233553
3127,44.236732
3128,59.577736
3129,53.50768
3130,34.210983
3131,10.722146
3132,-28.903215
3133,-63.009296
3134,-106.28557
3135,-159.68314
3136,-1.6844823
3137,-6.923471
3138,-7.5338025
3139,-13.688694
3140,-25.565828
3141,-28.183508
3142,-41.293446
3143,-43.976948
3144,-46.06511
3145,-46.5
3146,-41.5
3147,-46.5
3148,-46.5
3149,-46.5
3150,-41.5
3151,-46.5
3152,-41.5
3153,-41.5
3154,-46.5
3155,-46.5
3156,-41.5
3157,-46.5
3158,-41.5
3159,-46.5
3160,-46.5
3161,-41.5
3162,-46.5
3163,-46.5
3164,-41.5
3165,-41.5
3166,-46.5
3167,-46.5
3168,-46.5
3169,-17.93241
3170,-7.5697145
3171,-11.966354
3172,-6.1280556
3173,-5.1061864
3174,-8.94509
3175,-2.6836731
3176,-6.357533
3177,-4.9986258
3178,-3.6298692
3179,2.7374878
3180,-0.90381277
3181,-196.86317
3182,-155.74623
3183,-114.3479
3184,-77.52365
3185,-40.27052
3186,-12.682107
3187,10.208653
3188,23.842762
3189,38.93899
3190,55.53862
3191,57.90365
3192,64.52659
3193,58.152245
3194,41.091705
3195,10.371785
3196,-42.414997
3197,-116.13126
3198,-208.85193
3199,-16.305693
3200,-21.136147
3201,-30.78569
3202,-39.94594
3203,-48.45403
3204,-51.7257
3205,-46.73074
3206,-41.5
3207,-41.5
3208,-41.5
3209,-46.5
3210,-41.5
3211,-41.5
3212,-46.5
3213,-46.5
3214,-41.5
3215,-41.5
3216,-41.5
3217,-46.5
3218,-46.5
3219,-46.5
3220,-46.5
3221,-41.5
3222,-46.5
3223,-46.5
3224,-41.5
3225,-41.5
3226,-46.5
3227,-46.5
3228,-46.5
3229,-46.5
3230,-41.5
3231,-41.5
3232,-41.5
3233,-22.932402
3234,-7.5694385
3235,-11.963612
3236,-6.1150866
3237,-10.066236
3238,-8.8508
3239,-2.4957094
3240,-1.0222996
3241,-4.447255
3242,2.2188513
3243,3.969773
3244,-187.2074
3245,-125.0247
3246,-70.821785
3247,-25.784422
3248,4.5222793
3249,35.15413
3250,46.84889
3251,61.02879
3252,64.58038
3253,59.10839
3254,60.38411
3255,53.37264
3256,42.27295
3257,25.668121
3258,-3.197401
3259,-31.564629
3260,-77.35641
3261,-144.14084
3262,1.9082524
3263,-6.1842155
3264,-19.476908
3265,-22.661438
3266,-30.425182
3267,-37.59888
3268,-48.885563
3269,-50.480904
3270,-41.5
3271,-46.5
3272,-46.5
3273,-41.5
3274,-41.5
3275,-41.5
3276,-41.5
3277,-41.5
3278,-41.5
3279,-46.5
3280,-41.5
3281,-41.5
3282,-41.5
3283,-46.5
3284,-46.5
3285,-41.5
3286,-46.5
3287,-46.5
3288,-46.5
3289,-41.5
3290,-41.5
3291,-41.5
3292,-41.5
3293,-46.5
3294,-41.5
3295,-46.5
3296,-41.5
3297,-41.5
3298,-46.5
3299,-41.5
3300,-46.5
3301,-46.5
3302,-41.5
3303,-46.5
3304,-41.5
3305,-46.5
3306,-46.5
3307,-41.5
3308,-46.5
3309,-41.5
3310,-46.5
3311,-41.5
3312,-46.5
3313,-17.93241
3314,-7.5697145
3315,-6.9663563
3316,-11.128366
3317,-10.109058
3318,-3.9577434
3319,-7.719563
3320,-6.4354663
3321,-0.14103973
3322,1.1407166
3323,2.4020426
3324,-1.3616848
3325,4.8438635
3326,-180.72769
3327,-138.09616
3328,-104.761406
3329,-80.3821
3330,-49.758514
3331,-27.7279
3332,-8.588769
3333,3.9030716
3334,20.396872
3335,40.720665
3336,48.824314
3337,62.645008
3338,59.30334
3339,50.442608
3340,27.172552
3341,-19.98012
3342,-80.13228
3343,-169.96355
3344,-13.464329
3345,-18.281769
3346,-32.672302
3347,-36.45189
3348,-44.672985
3349,-45.223213
3350,-49.170433
3351,-41.5
3352,-46.5
3353,-41.5
3354,-41.5
3355,-41.5
3356,-41.5
3357,-41.5
3358,-46.5
3359,-46.5
3360,-41.5
3361,-41.5
3362,-46.5
3363,-41.5
3364,-41.5
3365,-46.5
3366,-41.5
3367,-41.5
3368,-46.5
3369,-46.5
3370,-41.5
3371,-41.5
3372,-46.5
3373,-41.5
3374,-41.5
3375,-46.5
3376,-46.5
3377,-46.5
3378,-41.5
3379,-41.5
3380,-41.5
3381,-41.5
3382,-46.5
3383,-22.9324
3384,-12.569273
3385,-6.961901
3386,-11.106385
3387,-5.0382557
3388,-8.783476
3389,-2.3610172
3390,-0.78616965
3391,-4.073046
3392,2.7670567
3393,4.724537
3394,-154.38113
3395,-89.21268
3396,-34.346893
3397,8.640056
3398,34.069534
3399,57.22269
3400,64.407906
3401,62.85692
3402,55.14229
3403,38.08755
3404,27.436384
3405,2.9718058
3406,-21.39875
3407,-52.3125
3408,-86.54612
3409,-136.36263
3410,-199.77115
3411,-2.854079
3412,-15.442031
3413,-18.524492
3414,-26.811695
3415,-39.999496
3416,-47.77092
3417,-51.096737
3418,-42.13212
3419,-46.5
3420,-41.5
3421,-46.5
3422,-41.5
3423,-46.5
3424,-41.5
3425,-41.5
3426,-46.5
3427,-46.5
3428,-46.5
3429,-46.5
3430,-41.5
3431,-46.5
3432,-41.5
3433,-41.5
3434,-41.5
3435,-41.5
3436,-41.5
3437,-41.5
3438,-41.5
3439,-41.5
3440,-46.5
3441,-41.5
3442,-41.5
3443,-46.5
3444,-41.5
3445,-46.5
3446,-41.5
3447,-46.5
3448,-41.5
3449,-17.93241
3450,-7.5697145
3451,-11.966355
3452,-6.1282315
3453,-5.1079316
3454,-3.9533136
3455,-2.709138
3456,-6.418624
3457,-5.123047
3458,-3.8551831
3459,2.364822
3460,3.5204275
3461,4.5965805
3462,-189.90796
3463,-164.22856
3464,-134.13995
3465,-114.33811
3466,-104.64252
3467,-89.84009
3468,-88.8681
3469,-79.33582
3470,-73.68487
3471,-64.58144
3472,-55.261658
3473,-35.27529
3474,-5.8901277
3475,15.342224
3476,44.52415
3477,61.160515
3478,53.34675
3479,34.584045
3480,-9.1868925
3481,-73.8162
3482,-171.88042
3483,-13.119269
3484,-17.517452
3485,-26.52127
3486,-40.13636
3487,-38.363426
3488,-44.72657
3489,-44.96683
3490,-46.5
3491,-41.5
3492,-46.5
3493,-41.5
3494,-46.5
3495,-41.5
3496,-46.5
3497,-41.5
3498,-41.5
3499,-46.5
3500,-41.5
3501,-46.5
3502,-41.5
3503,-46.5
3504,-46.5
3505,-46.5
3506,-41.5
3507,-46.5
3508,-46.5
3509,-41.5
3510,-46.5
3511,-41.5
3512,-46.5
3513,-46.5
3514,-46.5
3515,-41.5
3516,-46.5
3517,-41.5
3518,-46.5
3519,-41.5
3520,-41.5
3521,-22.932402
3522,-12.569567
3523,-11.964809
3524,-6.1205544
3525,-10.083226
3526,-3.8933365
3527,-2.5880105
3528,-6.202853
3529,0.22803292
3530,-3.322687
3531,3.1267586
3532,-0.44181308
3533,-184.06267
3534,-134.21848
3535,-95.8021
3536,-68.44501
3537,-36.716747
3538,-20.169651
3539,-3.211818
3540,15.289843
3541,21.91027
3542,37.701218
3543,47.959232
3544,57.089947
3545,63.406765
3546,59.253456
3547,56.3169
3548,30.638136
3549,-7.367474
3550,-66.97129
3551,-150.10384
3552,-11.173063
3553,-20.722765
3554,-24.863121
3555,-33.4089
3556,-41.40988
3557,-43.796757
3558,-46.198345
3559,-41.5
3560,-41.5
3561,-41.5
3562,-46.5
3563,-46.5
3564,-41.5
3565,-46.5
3566,-46.5
3567,-46.5
3568,-46.5
3569,-46.5
3570,-46.5
3571,-41.5
3572,-41.5
3573,-41.5
3574,-41.5
3575,-46.5
3576,-41.5
3577,-41.5
3578,-41.5
3579,-41.5
3580,-46.5
3581,-41.5
3582,-46.5
3583,-46.5
3584,-41.5
3585,-41.5
3586,-41.5
3587,-41.5
3588,-41.5
3589,-46.5
3590,-46.5
3591,-46.5
3592,-17.932402
3593,-12.5696945
3594,-6.9657803
3595,-6.123244
3596,-10.085828
3597,-3.888327
3598,-2.5608387
3599,-6.1314793
3600,-4.6274233
3601,1.9297658
3602,-1.473017
3603,5.1509175
3604,-152.02585
3605,-106.477844
3606,-63.16939
3607,-22.288177
3608,6.2228665
3609,27.717278
3610,37.947815
3611,48.196114
3612,54.85734
3613,58.707115
3614,59.80826
3615,62.445274
3616,55.07137
3617,40.465733
3618,15.757167
3619,-22.672522
3620,-79.117455
3621,-167.31223
3622,-6.6342196
3623,-15.943774
3624,-25.177452
3625,-39.006958
3626,-37.2464
3627,-49.242924
3628,-50.68825
3629,-46.5
3630,-41.5
3631,-41.5
3632,-41.5
3633,-46.5
3634,-46.5
3635,-41.5
3636,-41.5
3637,-41.5
3638,-46.5
3639,-41.5
3640,-41.5
3641,-41.5
3642,-41.5
3643,-41.5
3644,-41.5
3645,-41.5
3646,-41.5
3647,-41.5
3648,-41.5
3649,-46.5
3650,-46.5
3651,-41.5
3652,-46.5
3653,-46.5
3654,-41.5
3655,-41.5
3656,-46.5
3657,-46.5
3658,-46.5
3659,-46.5
3660,-22.932402
3661,-7.5693226
3662,-11.962548
3663,-11.110319
3664,-10.053054
3665,-3.8238301
3666,-7.449489
3667,-0.952601
3668,-4.354047
3669,-2.670218
3670,4.0891337
3671,-182.89867
3672,-121.06791
3673,-71.87771
3674,-21.46481
3675,14.366452
3676,40.23486
3677,56.376
3678,63.80427
3679,64.16894
3680,53.917633
3681,43.72223
3682,33.457726
3683,7.1890087
3684,-16.624151
3685,-54.755707
3686,-104.45545
3687,-168.68362
3688,-0.63760084
3689,-8.682609
3690,-27.185415
3691,-35.854424
3692,-44.383656
3693,-47.454975
3694,-51.128597
3695,-42.364075
3696,-46.5
3697,-46.5
3698,-46.5
3699,-41.5
3700,-46.5
3701,-41.5
3702,-41.5
3703,-41.5
3704,-41.5
3705,-41.5
3706,-41.5
3707,-41.5
3708,-46.5
3709,-41.5
3710,-41.5
3711,-46.5
3712,-46.5
3713,-41.5
3714,-41.5
3715,-46.5
3716,-41.5
3717,-41.5
3718,-41.5
3719,-41.5
3720,-41.5
3721,-46.5
3722,-46.5
3723,-41.5
3724,-41.5
3725,-22.9324
3726,-12.569215
3727,-11.961394
3728,-11.103982
3729,-10.030242
3730,-8.762684
3731,-7.3168387
3732,-0.70336235
3733,1.0707209
3734,3.0029128
3735,0.090850785
3736,-142.62132
3737,-74.58346
3738,-13.60192
3739,22.976974
3740,48.94939
3741,59.368034
3742,60.68896
3743,40.733395
3744,22.875273
3745,-10.473832
3746,-38.18956
3747,-80.348
3748,-123.13284
3749,-173.30652
3750,1.7559216
3751,-3.9533436
3752,-10.247135
3753,-17.282671
3754,-25.063705
3755,-33.33559
3756,-41.825462
3757,-46.25492
3758,-42.617752
3759,-46.5
3760,-41.5
3761,-41.5
3762,-46.5
3763,-41.5
3764,-46.5
3765,-41.5
3766,-41.5
3767,-41.5
3768,-41.5
3769,-41.5
3770,-41.5
3771,-46.5
3772,-46.5
3773,-41.5
3774,-41.5
3775,-46.5
3776,-46.5
3777,-41.5
3778,-46.5
3779,-46.5
3780,-41.5
3781,-41.5
3782,-41.5
3783,-41.5
3784,-22.932402
3785,-7.5695953
3786,-11.965156
3787,-11.12247
3788,-5.089347
3789,-8.905176
3790,-7.600617
3791,-6.200268
3792,-4.7249966
3793,1.8119881
3794,3.4058895
3795,5.0487547
3796,-159.20438
3797,-101.5823
3798,-61.213573
3799,-18.571365
3800,6.2139773
3801,33.39545
3802,48.689
3803,58.326878
3804,58.52053
3805,64.734985
3806,56.645096
3807,48.141056
3808,37.418255
3809,7.2634015
3810,-30.009466
3811,-82.746704
3812,-154.91106
3813,-5.424848
3814,-14.608249
3815,-29.00389
3816,-33.301125
3817,-47.18044
3818,-49.49245
3819,-45.70636
3820,-46.5
3821,-41.5
3822,-41.5
3823,-46.5
3824,-41.5
3825,-46.5
3826,-41.5
3827,-46.5
3828,-41.5
3829,-46.5
3830,-41.5
3831,-46.5
3832,-46.5
3833,-46.5
3834,-46.5
3835,-41.5
3836,-41.5
3837,-46.5
3838,-41.5
3839,-41.5
3840,-46.5
3841,-41.5
3842,-41.5
3843,-41.5
3844,-41.5
3845,-41.5
3846,-17.93241
3847,-12.569714
3848,-6.9662175
3849,-6.126964
3850,-10.102591
3851,-3.9388452
3852,-2.6782832
3853,-6.360778
3854,-5.0230713
3855,-3.6941414
3856,2.6067867
3857,-1.13833
3858,5.053662
3859,-175.12718
3860,-141.02296
3861,-112.39084
3862,-83.71861
3863,-69.538765
3864,-49.32939
3865,-41.861515
3866,-24.98644
3867,-11.851375
3868,-1.3741688
3869,21.39619
3870,34.79285
3871,55.52308
3872,64.22565
3873,55.671402
3874,33.904774
3875,-11.84944
3876,-84.99217
3877,-185.59998
3878,-10.746407
3879,-20.895754
3880,-35.422054
3881,-39.347885
3882,-47.729874
3883,-51.43219
3884,-42.19292
3885,-46.5
3886,-46.5
3887,-46.5
3888,-41.5
3889,-46.5
3890,-46.5
3891,-46.5
3892,-41.5
3893,-46.5
3894,-46.5
3895,-46.5
3896,-41.5
3897,-46.5
3898,-41.5
3899,-41.5
3900,-41.5
3901,-41.5
3902,-46.5
3903,-41.5
3904,-41.5
3905,-41.5
3906,-41.5
3907,-41.5
3908,-46.5
3909,-41.5
3910,-41.5
3911,-41.5
3912,-41.5
3913,-46.5
3914,-41.5
3915,-22.932402
3916,-7.569528
3917,-11.964532
3918,-6.1196237
3919,-5.0815997
3920,-8.892
3921,-7.589643
3922,-6.2119455
3923,-4.793382
3924,-3.3587434
3925,-1.9197408
3926,4.518083
3927,-179.20406
3928,-131.4784
3929,-93.77692
3930,-56.19864
3931,-19.04613
3932,2.3478072
3933,22.924583
3934,43.291424
3935,54.406727
3936,56.665516
3937,59.750076
3938,62.58445
3939,53.341812
3940,34.696037
3941,3.866067
3942,-47.53495
3943,-113.47348
3944,-207.21262
3945,-15.715319
3946,-25.23623
3947,-34.62173
3948,-38.556763
3949,-41.871414
3950,-51.076954
3951,-47.762833
3952,-41.5
3953,-46.5
3954,-46.5
3955,-41.5
3956,-46.5
3957,-41.5
3958,-41.5
3959,-41.5
3960,-46.5
3961,-46.5
3962,-46.5
3963,-41.5
3964,-41.5
3965,-46.5
3966,-46.5
3967,-41.5
3968,-46.5
3969,-46.5
3970,-41.5
3971,-41.5
3972,-41.5
3973,-46.5
3974,-41.5
3975,-46.5
3976,-41.5
3977,-41.5
3978,-41.5
3979,-46.5
3980,-17.93241
3981,-12.569714
3982,-6.9662185
3983,-6.1270113
3984,-5.102812
3985,-3.939634
3986,-7.681178
3987,-1.3703146
3988,-5.048567
3989,1.2498666
3990,2.5022933
3991,3.691206
3992,-0.19687626
3993,-186.40808
3994,-149.55228
3995,-122.72981
3996,-100.2331
3997,-86.51625
3998,-66.10936
3999,-52.91404
4000,-39.957756
4001,-25.624228
4002,-14.01605
4003,4.850027
4004,29.659534
4005,47.78909
4006,60.798595
4007,59.468227
4008,43.73738
4009,18.312798
4010,-40.409046
4011,-118.25625
4012,-7.546814
4013,-16.997751
4014,-25.903866
4015,-29.289951
4016,-37.211315
4017,-44.722385
4018,-44.92891
4019,-44.10404
4020,-41.5
4021,-46.5
4022,-41.5
4023,-46.5
4024,-41.5
4025,-46.5
4026,-41.5
4027,-41.5
4028,-41.5
4029,-46.5
4030,-46.5
4031,-46.5
4032,-41.5
4033,-46.5
4034,-46.5
4035,-41.5
4036,-46.5
4037,-41.5
4038,-41.5
4039,-46.5
4040,-41.5
4041,-46.5
4042,-41.5
4043,-46.5
4044,-46.5
4045,-41.5
4046,-46.5
4047,-41.5
4048,-41.5
4049,-46.5
4050,-46.5
4051,-41.5
4052,-41.5
4053,-46.5
4054,-22.932402
4055,-12.569586
4056,-6.964904
4057,-6.1205144
4058,-10.081908
4059,-8.888434
4060,-2.576364
4061,-1.1803038
4062,-4.7331905
4063,1.7382734
4064,-1.7847979
4065,-0.32244632
4066,-179.00731
4067,-128.72433
4068,-90.11068
4069,-57.704464
4070,-30.984604
4071,-14.472475
4072,2.375823
4073,20.592129
4074,31.631006
4075,41.479553
4076,50.489075
4077,53.290035
4078,58.61687
4079,64.38679
4080,52.90386
4081,35.761364
4082,3.7633936
4083,-47.276886
4084,-124.65868
4085,-2.4255161
4086,-11.5624
4087,-25.387089
4088,-33.713253
4089,-31.573107
4090,-44.01942
4091,-49.6218
4092,-44.554523
4093,-46.5
4094,-41.5
4095,-41.5
4096,-41.5
4097,-41.5
4098,-41.5
4099,-46.5
4100,-46.5
4101,-41.5
4102,-46.5
4103,-41.5
4104,-41.5
4105,-41.5
4106,-46.5
4107,-41.5
4108,-41.5
4109,-41.5
4110,-41.5
4111,-41.5
4112,-41.5
4113,-46.5
4114,-41.5
4115,-41.5
4116,-41.5
4117,-41.5
4118,-41.5
4119,-46.5
4120,-41.5
4121,-46.5
4122,-46.5
4123,-46.5
4124,-46.5
4125,-46.5
4126,-41.5
4127,-17.93241
4128,-12.569714
4129,-6.96618
4130,-11.126649
4131,-10.100866
4132,-3.9317245
4133,-2.6548045
4134,-1.2984015
4135,-4.885436
4136,1.568694
4137,3.0570183
4138,-0.42769048
4139,-174.51822
4140,-124.19888
4141,-84.96936
4142,-42.157764
4143,-10.959976
4144,8.655455
4145,32.10739
4146,45.436646
4147,54.939117
4148,61.312786
4149,59.544254
4150,58.877125
4151,52.801357
4152,44.260185
4153,15.688671
4154,-21.15189
4155,-70.195786
4156,-154.95374
4157,-5.2065554
4158,-14.313177
4159,-23.351799
4160,-37.011013
4161,-40.11477
4162,-42.725754
4163,-46.05895
4164,-42.15549
4165,-41.5
4166,-41.5
4167,-41.5
4168,-46.5
4169,-41.5
4170,-41.5
4171,-46.5
4172,-46.5
4173,-46.5
4174,-46.5
4175,-46.5
4176,-41.5
4177,-46.5
4178,-41.5
4179,-41.5
4180,-46.5
4181,-41.5
4182,-41.5
4183,-41.5
4184,-46.5
4185,-41.5
4186,-46.5
4187,-46.5
4188,-41.5
4189,-46.5
4190,-41.5
4191,-46.5
4192,-46.5
4193,-46.5
4194,-46.5
4195,-41.5
4196,-46.5
4197,-46.5
4198,-22.932402
4199,-7.56939
4200,-11.9631605
4201,-11.112984
4202,-10.059832
4203,-3.8351974
4204,-2.4625113
4205,-5.9603634
4206,-4.3457403
4207,2.3685496
4208,4.1747665
4209,-183.12352
4210,-114.97443
4211,-60.249603
4212,-15.198032
4213,19.519413
4214,38.813477
4215,53.283447
4216,59.30433
4217,58.771248
4218,53.187847
4219,48.10935
4220,33.161564
4221,12.095975
4222,-21.938345
4223,-60.980934
4224,-112.47952
4225,-179.53058
4226,-6.491515
4227,-19.828749
4228,-28.648842
4229,-37.662952
4230,-41.5697
4231,-44.31531
4232,-51.01446
4233,-41.5
4234,-41.5
4235,-46.5
4236,-41.5
4237,-46.5
4238,-41.5
4239,-46.5
4240,-41.5
4241,-41.5
4242,-41.5
4243,-46.5
4244,-41.5
4245,-46.5
4246,-41.5
4247,-46.5
4248,-46.5
4249,-46.5
4250,-46.5
4251,-41.5
4252,-41.5
4253,-41.5
4254,-46.5
4255,-41.5
4256,-41.5
4257,-46.5
4258,-41.5
4259,-17.93241
4260,-12.569714
4261,-11.966219
4262,-11.126865
4263,-10.1012335
4264,-3.931434
4265,-2.6526155
4266,-1.2931248
4267,-4.8759503
4268,-3.4167264
4269,3.0761352
4270,-0.4073696
4271,-178.92128
4272,-128.81625
4273,-84.555786
4274,-46.148605
4275,-13.675009
4276,12.669797
4277,37.808056
4278,52.141304
4279,61.183678
4280,64.752045
4281,61.940296
4282,46.17534
4283,30.36602
4284,-2.7195907
4285,-55.517273
4286,-115.94331
4287,-212.42726
4288,-15.913034
4289,-25.450285
4290,-30.093317
4291,-39.547928
4292,-48.508526
4293,-46.933617
4294,-46.698357
4295,-41.5
4296,-46.5
4297,-41.5
4298,-46.5
4299,-46.5
4300,-41.5
4301,-46.5
4302,-41.5
4303,-41.5
4304,-46.5
4305,-41.5
4306,-41.5
4307,-41.5
4308,-41.5
4309,-46.5
4310,-41.5
4311,-46.5
4312,-46.5
4313,-46.5
4314,-46.5
4315,-41.5
4316,-41.5
4317,-41.5
4318,-41.5
4319,-46.5
4320,-17.932402
4321,-12.569694
4322,-6.9657416
4323,-6.123116
4324,-5.0856357
4325,-8.888452
4326,-2.562746
4327,-6.13862
4328,0.35497576
4329,1.8956991
4330,-1.5303308
4331,0.06128984
4332,-161.23692
4333,-111.73546
4334,-69.09641
4335,-33.13792
4336,-3.5870662
4337,24.823624
4338,42.401054
4339,54.71014
4340,57.249916
4341,64.78348
4342,61.36221
4343,50.384445
4344,24.73523
4345,-2.8469503
4346,-49.834614
4347,-119.177124
4348,-204.32515
4349,-15.535052
4350,-19.989704
4351,-34.54579
4352,-38.9042
4353,-47.755444
4354,-46.613598
4355,-47.196617
4356,-46.5
4357,-41.5
4358,-41.5
4359,-46.5
4360,-46.5
4361,-41.5
4362,-41.5
4363,-46.5
4364,-41.5
4365,-46.5
4366,-46.5
4367,-46.5
4368,-41.5
4369,-46.5
4370,-41.5
4371,-41.5
4372,-46.5
4373,-46.5
4374,-41.5
4375,-46.5
4376,-41.5
4377,-41.5
4378,-41.5
4379,-41.5
4380,-41.5
4381,-46.5
4382,-46.5
4383,-17.93241
4384,-7.5697145
4385,-6.9663563
4386,-6.128367
4387,-10.109212
4388,-8.958778
4389,-7.721573
4390,-6.43219
4391,-0.11266751
4392,1.2317386
4393,-2.3895302
4394,4.032455
4395,-200.45094
4396,-143.83719
4397,-96.57439
4398,-59.366364
4399,-23.041191
4400,11.63197
4401,34.29566
4402,50.34216
4403,60.4498
4404,59.67678
4405,62.388924
4406,52.26992
4407,32.417168
4408,-4.3143783
4409,-50.35839
4410,-113.681755
4411,-202.79788
4412,-14.966892
4413,-19.452606
4414,-34.058086
4415,-43.485516
4416,-47.425247
4417,-51.5441
4418,-42.40964
4419,-41.5
4420,-41.5
4421,-41.5
4422,-46.5
4423,-41.5
4424,-46.5
4425,-46.5
4426,-41.5
4427,-41.5
4428,-46.5
4429,-41.5
4430,-41.5
4431,-46.5
4432,-41.5
4433,-41.5
4434,-41.5
4435,-46.5
4436,-46.5
4437,-46.5
4438,-41.5
4439,-41.5
4440,-41.5
4441,-41.5
4442,-41.5
4443,-46.5
4444,-17.93241
4445,-12.569715
4446,-6.966316
4447,-6.1279655
4448,-5.107306
4449,-8.953526
4450,-7.713911
4451,-6.434173
4452,-0.15626462
4453,1.0885886
4454,2.2825565
4455,3.4104898
4456,-0.54298496
4457,-200.88135
4458,-166.09492
4459,-141.8804
4460,-122.75407
4461,-113.307304
4462,-103.11593
4463,-95.93709
4464,-89.27044
4465,-80.607254
4466,-67.84802
4467,-49.625736
4468,-26.036709
4469,5.9309735
4470,32.77774
4471,54.50353
4472,59.588135
4473,45.57609
4474,11.266413
4475,-51.35449
4476,-136.56003
4477,-5.889635
4478,-15.898261
4479,-25.387175
4480,-34.380383
4481,-42.909897
4482,-44.6841
4483,-45.253296
4484,-41.5
4485,-41.5
4486,-41.5
4487,-41.5
4488,-41.5
4489,-41.5
4490,-46.5
4491,-41.5
4492,-46.5
4493,-46.5
4494,-46.5
4495,-41.5
4496,-41.5
4497,-41.5
4498,-41.5
4499,-46.5
4500,-41.5
4501,-41.5
4502,-41.5
4503,-46.5
4504,-41.5
4505,-41.5
4506,-41.5
4507,-46.5
4508,-46.5
4509,-41.5
4510,-41.5
4511,-46.5
4512,-41.5
4513,-41.5
4514,-46.5
4515,-41.5
4516,-17.93241
4517,-12.569714
4518,-6.966161
4519,-6.1264677
4520,-10.100246
4521,-3.9314985
4522,-7.6600943
4523,-1.321431
4524,0.055116173
4525,-3.5481098
4526,-2.1370106
4527,-0.7174168
4528,-192.957
4529,-140.03735
4530,-102.290955
4531,-64.67829
4532,-27.2511
4533,-5.14607
4534,21.62761
4535,38.57725
4536,46.45557
4537,60.35113
4538,64.596085
4539,57.77866
4540,47.800068
4541,32.19627
4542,-1.7966061
4543,-52.455345
4544,-133.60068
4545,-8.281435
4546,-12.833345
4547,-27.525791
4548,-37.050716
4549,-46.095226
4550,-44.09638
4551,-46.368866
4552,-46.5
4553,-46.5
4554,-46.5
4555,-46.5
4556,-46.5
4557,-41.5
4558,-46.5
4559,-41.5
4560,-46.5
4561,-41.5
4562,-46.5
4563,-46.5
4564,-41.5
4565,-41.5
4566,-46.5
4567,-41.5
4568,-41.5
4569,-46.5
4570,-41.5
4571,-46.5
4572,-41.5
4573,-46.5
4574,-46.5
4575,-46.5
4576,-41.5
4577,-46.5
4578,-17.93241
4579,-12.569714
4580,-6.9661884
4581,-6.1266866
4582,-10.1012745
4583,-8.934609
4584,-7.6668367
4585,-1.3317157
4586,0.04538371
4587,1.4508039
4588,2.880508
4589,-0.6726787
4590,-190.49678
4591,-142.12193
4592,-99.71315
4593,-63.3635
4594,-32.949726
4595,-3.2122388
4596,11.295758
4597,26.529877
4598,43.73979
4599,48.558838
4600,60.846405
4601,64.60989
4602,57.91301
4603,53.074852
4604,26.85742
4605,-4.598224
4606,-70.73683
4607,-150.41357
4608,-5.6414995
4609,-15.488937
4610,-25.22965
4611,-34.541035
4612,-43.241673
4613,-49.866337
4614,-45.06936
4615,-46.5
4616,-46.5
4617,-41.5
4618,-46.5
4619,-46.5
4620,-46.5
4621,-41.5
4622,-41.5
4623,-41.5
4624,-41.5
4625,-46.5
4626,-46.5
4627,-41.5
4628,-41.5
4629,-46.5
4630,-46.5
4631,-46.5
4632,-46.5
4633,-41.5
4634,-46.5
4635,-41.5
4636,-46.5
4637,-46.5
4638,-46.5
4639,-46.5
4640,-46.5
4641,-46.5
4642,-41.5
4643,-41.5
4644,-17.93241
4645,-7.5697145
4646,-11.966346
4647,-11.127832
4648,-10.103888
4649,-3.9328215
4650,-2.6392395
4651,-1.2345023
4652,-4.7214804
4653,1.9028553
4654,3.6438277
4655,-197.99487
4656,-132.18971
4657,-73.66776
4658,-24.44018
4659,14.08854
4660,41.295197
4661,52.543648
4662,64.26126
4663,63.61041
4664,57.472546
4665,41.82871
4666,31.75637
4667,6.465408
4668,-15.449923
4669,-55.635784
4670,-101.229965
4671,-160.09544
4672,-3.868721
4673,-6.510517
4674,-19.616436
4675,-22.900784
4676,-36.06379
4677,-43.795837
4678,-49.60272
4679,-49.72086
4680,-46.5
4681,-46.5
4682,-41.5
4683,-46.5
4684,-41.5
4685,-46.5
4686,-46.5
4687,-46.5
4688,-41.5
4689,-46.5
4690,-46.5
4691,-46.5
4692,-41.5
4693,-41.5
4694,-46.5
4695,-41.5
4696,-46.5
4697,-41.5
4698,-41.5
4699,-41.5
4700,-41.5
4701,-46.5
4702,-41.5
4703,-41.5
4704,-41.5
4705,-46.5
4706,-41.5
4707,-46.5
4708,-46.5
4709,-41.5
4710,-46.5
4711,-41.5
4712,-22.9324
4713,-12.5692625
4714,-6.961923
4715,-11.107232
4716,-10.043372
4717,-3.801018
4718,-2.4048321
4719,-0.8751517
4720,0.76912814
4721,2.5122285
4722,4.340871
4723,-172.1019
4724,-110.07471
4725,-57.130398
4726,-14.234195
4727,13.398517
4728,41.230522
4729,50.38589
4730,57.57438
4731,64.80372
4732,63.65476
4733,59.824993
4734,48.18842
4735,37.849754
4736,27.287714
4737,4.5944085
4738,-27.689646
4739,-77.7583
4740,-139.47913
4741,-2.8012526
4742,-11.119673
4743,-24.6915
4744,-28.199833
4745,-31.323496
4746,-38.884995
4747,-44.59149
4748,-49.665035
4749,-41.5
4750,-46.5
4751,-41.5
4752,-46.5
4753,-41.5
4754,-41.5
4755,-41.5
4756,-41.5
4757,-46.5
4758,-46.5
4759,-46.5
4760,-46.5
4761,-46.5
4762,-41.5
4763,-41.5
4764,-41.5
4765,-41.5
4766,-41.5
4767,-41.5
4768,-46.5
4769,-46.5
4770,-46.5
4771,-46.5
4772,-46.5
4773,-41.5
4774,-41.5
4775,-46.5
4776,-46.5
4777,-46.5
4778,-46.5
4779,-46.5
4780,-46.5
4781,-46.5
4782,-41.5
4783,-41.5
4784,-41.5
4785,-41.5
4786,-41.5
4787,-17.93241
4788,-12.569705
4789,-11.965828
4790,-6.1230855
4791,-5.0833964
4792,-8.877086
4793,-2.5279589
4794,-6.0569997
4795,0.51760453
4796,-2.8160622
4797,3.9357378
4798,-193.302
4799,-125.604164
4800,-70.5456
4801,-24.365757
4802,7.113829
4803,38.54279
4804,50.23432
4805,58.311615
4806,59.525795
4807,55.3936
4808,46.587982
4809,37.90757
4810,18.267162
4811,-9.095877
4812,-51.228485
4813,-95.64248
4814,-160.52098
4815,-5.1747794
4816,-18.528082
4817,-22.37295
4818,-36.413998
4819,-40.344917
4820,-43.79931
4821,-51.74975
4822,-41.5
4823,-46.5
4824,-46.5
4825,-46.5
4826,-41.5
4827,-46.5
4828,-41.5
4829,-41.5
4830,-41.5
4831,-46.5
4832,-46.5
4833,-46.5
4834,-46.5
4835,-41.5
4836,-41.5
4837,-46.5
4838,-41.5
4839,-41.5
4840,-46.5
4841,-46.5
4842,-46.5
4843,-41.5
4844,-41.5
4845,-41.5
4846,-41.5
4847,-41.5
4848,-17.93241
4849,-7.5697145
4850,-6.9663563
4851,-11.128366
4852,-5.1091256
4853,-8.958451
4854,-7.722731
4855,-1.4419665
4856,-0.14303447
4857,-3.8328152
4858,-2.5018528
4859,-1.140159
4860,-203.85748
4861,-153.96432
4862,-112.9396
4863,-71.31621
4864,-29.852457
4865,-4.3505917
4866,24.716055
4867,42.666775
4868,50.2684
4869,62.753277
4870,64.67186
4871,59.83853
4872,46.34926
4873,21.899738
4874,-16.161966
4875,-71.010185
4876,-151.3337
4877,-5.5347757
4878,-15.005784
4879,-29.596327
4880,-38.998028
4881,-47.896297
4882,-49.778847
4883,-45.285564
4884,-41.5
4885,-46.5
4886,-46.5
4887,-41.5
4888,-41.5
4889,-41.5
4890,-46.5
4891,-46.5
4892,-46.5
4893,-41.5
4894,-46.5
4895,-46.5
4896,-41.5
4897,-46.5
4898,-41.5
4899,-46.5
4900,-41.5
4901,-46.5
4902,-41.5
4903,-46.5
4904,-46.5
4905,-46.5
4906,-41.5
4907,-41.5
4908,-46.5
4909,-41.5
4910,-41.5
4911,-46.5
4912,-46.5
4913,-22.932402
4914,-7.5695167
4915,-11.964379
4916,-6.1187496
4917,-5.077764
4918,-3.879055
4919,-2.5556362
4920,-6.1393423
4921,-4.6618037
4922,1.8506427
4923,3.3797402
4924,4.9065914
4925,-163.9315
4926,-121.97783
4927,-77.13356
4928,-44.22903
4929,-17.90755
4930,-2.660712
4931,17.239147
4932,23.034655
4933,36.361496
4934,38.47049
4935,45.12174
4936,51.489204
4937,61.898045
4938,64.74017
4939,62.56513
4940,51.95067
4941,23.433615
4942,-17.731026
4943,-79.6677
4944,-163.10194
4945,-11.903131
4946,-20.777712
4947,-29.185356
4948,-27.13647
4949,-34.666924
4950,-46.812595
4951,-50.521755
4952,-47.722504
4953,-41.5
4954,-41.5
4955,-41.5
4956,-46.5
4957,-41.5
4958,-46.5
4959,-41.5
4960,-41.5
4961,-41.5
4962,-46.5
4963,-46.5
4964,-46.5
4965,-46.5
4966,-46.5
4967,-46.5
4968,-46.5
4969,-41.5
4970,-46.5
4971,-41.5
4972,-41.5
4973,-46.5
4974,-41.5
4975,-46.5
4976,-46.5
4977,-46.5
4978,-41.5
4979,-46.5
4980,-46.5
4981,-46.5
4982,-46.5
4983,-46.5
4984,-46.5
4985,-46.5
4986,-41.5
4987,-17.93241
4988,-12.569713
4989,-6.966024
4990,-6.125141
4991,-5.0939946
4992,-8.912507
4993,-2.6172097
4994,-1.2432102
4995,0.17649339
4996,1.6157806
4997,3.056201
4998,4.4767814
4999,-182.46725
5000,-138.36449
5001,-101.28731
5002,-71.012726
5003,-47.169884
5004,-34.324722
5005,-16.926342
5006,-8.832918
5007,-3.1461406
5008,1.9379624
5009,7.9632115
5010,16.08406
5011,21.631403
5012,38.84759
5013,46.13346
5014,60.97395
5015,59.710663
5016,52.672268
5017,25.52836
5018,-9.39855
5019,-72.60552
5020,-142.31691
5021,-8.749774
5022,-6.6195364
5023,-19.233713
5024,-26.606472
5025,-33.73736
5026,-40.509815
5027,-46.622864
5028,-49.80999
5029,-47.89232
5030,-41.5
5031,-46.5
5032,-46.5
5033,-41.5
5034,-46.5
5035,-46.5
5036,-41.44413
5037,-41.41897
5038,-46.56135
5039,-46.5
5040,-41.5
5041,-46.5
5042,-46.5
5043,-41.5
5044,-41.5
5045,-41.5
5046,-41.5
5047,-46.5
5048,-46.5
5049,-41.5
5050,-46.5
5051,-46.5
5052,-41.5
5053,-46.5
5054,-46.5
5055,-41.5
5056,-46.5
5057,-41.5
5058,-41.5
5059,-46.5
5060,-41.5
5061,-46.5
5062,-41.5
5063,-17.93241
5064,-12.569715
5065,-6.966278
5066,-11.127612
5067,-5.105522
5068,-8.947158
5069,-7.695518
5070,-1.3879424
5071,-5.0518003
5072,-3.69881
5073,-2.3255353
5074,-0.92455614
5075,-199.90915
5076,-144.65675
5077,-103.59838
5078,-57.31247
5079,-26.571896
5080,7.8680468
5081,30.630758
5082,47.126934
5083,53.15417
5084,58.95269
5085,64.08216
5086,52.39432
5087,42.089222
5088,11.030273
5089,-23.26417
5090,-78.83568
5091,-159.29092
5092,-6.1117873
5093,-15.407355
5094,-24.827713
5095,-34.06708
5096,-47.81148
5097,-49.67311
5098,-45.33959
5099,-41.5
5100,-41.5
5101,-46.5
5102,-46.5
5103,-46.5
5104,-46.5
5105,-41.5
5106,-41.5
5107,-46.5
5108,-41.5
5109,-41.5
5110,-41.5
5111,-41.5
5112,-41.5
5113,-46.5
5114,-46.5
5115,-46.5
5116,-41.5
5117,-41.5
5118,-41.5
5119,-41.5
5120,-46.5
5121,-46.5
5122,-46.5
5123,-41.5
5124,-41.5
5125,-41.5
5126,-41.5
5127,-46.5
5128,-17.932402
5129,-7.5697045
5130,-11.966241
5131,-11.127622
5132,-5.1052966
5133,-3.9436367
5134,-2.680166
5135,-1.3479829
5136,-4.977563
5137,1.4069113
5138,2.788981
5139,4.1506114
5140,-200.72147
5141,-157.04924
5142,-119.82894
5143,-88.83661
5144,-58.688625
5145,-38.872437
5146,-23.65626
5147,-11.655221
5148,-0.83835894
5149,10.382954
5150,17.847622
5151,36.458218
5152,49.85842
5153,60.443096
5154,59.73936
5155,58.444828
5156,31.44146
5157,-11.412854
5158,-78.25921
5159,-174.3688
5160,-8.3476095
5161,-22.81251
5162,-31.705515
5163,-40.049046
5164,-42.895866
5165,-44.347946
5166,-50.279587
5167,-46.5
5168,-41.5
5169,-41.5
5170,-46.5
5171,-41.5
5172,-41.5
5173,-41.5
5174,-46.5
5175,-41.5
5176,-46.5
5177,-46.5
5178,-46.5
5179,-41.5
5180,-41.5
5181,-46.5
5182,-41.5
5183,-41.5
5184,-46.5
5185,-41.5
5186,-46.5
5187,-41.5
5188,-41.5
5189,-41.5
5190,-41.5
5191,-41.5
5192,-41.5
5193,-41.5
5194,-46.5
5195,-46.5
5196,-46.5
5197,-41.5
5198,-41.5
5199,-41.5
5200,-17.93241
5201,-12.569714
5202,-11.966161
5203,-11.126125
5204,-10.096325
5205,-8.91123
5206,-2.593074
5207,-1.153924
5208,-4.5981054
5209,2.0770397
5210,3.87662
5211,-187.6542
5212,-126.04882
5213,-67.462425
5214,-19.005863
5215,17.936203
5216,42.85472
5217,61.261555
5218,64.69875
5219,55.325306
5220,49.85853
5221,29.061195
5222,7.777318
5223,-15.028862
5224,-55.967567
5225,-96.791435
5226,-159.71458
5227,1.4398845
5228,-10.961909
5229,-14.077401
5230,-27.64832
5231,-36.39043
5232,-45.003475
5233,-45.55509
5234,-48.889874
5235,-41.5
5236,-46.5
5237,-46.5
5238,-46.5
5239,-46.5
5240,-46.5
5241,-46.5
5242,-46.5
5243,-46.5
5244,-46.5
5245,-46.5
5246,-41.5
5247,-41.5
5248,-41.5
5249,-41.5
5250,-46.5
5251,-46.5
5252,-41.5
5253,-46.5
5254,-46.5
5255,-41.5
5256,-46.5
5257,-41.5
5258,-41.5
5259,-46.5
5260,-41.5
5261,-41.5
5262,-22.932402
5263,-12.56938
5264,-6.9629097
5265,-6.111174
5266,-10.053371
5267,-8.821738
5268,-2.4453123
5269,-0.9502006
5270,0.64245504
5271,2.3195975
5272,-0.9261033
5273,-183.6491
5274,-122.26069
5275,-68.911804
5276,-29.62642
5277,10.134639
5278,35.459183
5279,52.0424
5280,56.19125
5281,59.644516
5282,63.86426
5283,59.478565
5284,51.272377
5285,38.2033
5286,18.567337
5287,-9.677039
5288,-49.03824
5289,-102.67726
5290,-174.34344
5291,-12.1112585
5292,-15.7315235
5293,-29.542776
5294,-33.231068
5295,-41.47654
5296,-43.892773
5297,-46.156868
5298,-46.5
5299,-46.5
5300,-41.5
5301,-46.5
5302,-46.5
5303,-46.5
5304,-46.5
5305,-41.5
5306,-41.5
5307,-46.5
5308,-41.5
5309,-46.5
5310,-41.5
5311,-46.5
5312,-46.5
5313,-46.5
5314,-46.5
5315,-46.5
5316,-46.5
5317,-41.5
5318,-46.5
5319,-46.5
5320,-41.5
5321,-46.5
5322,-46.5
5323,-41.5
5324,-41.5
5325,-46.5
5326,-46.5
5327,-46.5
5328,-41.5
5329,-41.5
5330,-17.93241
5331,-7.5697145
5332,-6.966356
5333,-11.128338
5334,-5.108793
5335,-8.956522
5336,-7.716128
5337,-6.428325
5338,-5.128825
5339,1.1575342
5340,2.4181406
5341,3.641461
5342,4.814295
5343,-183.56349
5344,-143.82266
5345,-119.52113
5346,-95.41354
5347,-71.21585
5348,-56.426174
5349,-49.70918
5350,-38.78271
5351,-26.669598
5352,-7.094369
5353,5.257093
5354,24.263996
5355,47.274723
5356,60.58105
5357,64.46977
5358,43.183952
5359,10.625396
5360,-47.519524
5361,-132.50394
5362,-4.765849
5363,-19.850414
5364,-24.398163
5365,-38.414223
5366,-41.938393
5367,-49.271767
5368,-50.855564
5369,-46.5
5370,-41.5
5371,-41.5
5372,-41.5
5373,-46.5
5374,-46.5
5375,-41.5
5376,-41.5
5377,-46.5
5378,-46.5
5379,-46.5
5380,-46.5
5381,-41.5
5382,-41.5
5383,-46.5
5384,-46.5
5385,-41.5
5386,-46.5
5387,-46.5
5388,-46.5
5389,-41.5
5390,-46.5
5391,-41.5
5392,-46.5
5393,-46.5
5394,-46.5
5395,-46.5
5396,-46.5
5397,-46.5
5398,-46.5
5399,-22.932402
5400,-12.569421
5401,-11.963468
5402,-6.1144266
5403,-10.065134
5404,-3.8522902
5405,-2.508709
5406,-6.0638876
5407,0.45548487
5408,2.0295134
5409,3.6465247
5410,-209.22641
5411,-146.79741
5412,-101.38012
5413,-53.4344
5414,-18.02704
5415,9.997623
5416,26.026566
5417,45.79679
5418,55.540363
5419,56.55805
5420,64.50234
5421,59.305992
5422,55.162056
5423,50.550617
5424,33.455017
5425,6.34122
5426,-39.004066
5427,-91.45539
5428,-174.34761
5429,-7.3747272
5430,-21.300718
5431,-30.141506
5432,-33.58289
5433,-41.45137
5434,-48.74113
5435,-46.178238
5436,-41.5
5437,-41.5
5438,-46.5
5439,-41.5
5440,-46.5
5441,-46.5
5442,-41.5
5443,-41.5
5444,-46.5
5445,-46.5
5446,-46.5
5447,-41.5
5448,-46.5
5449,-41.5
5450,-41.5
5451,-46.5
5452,-41.5
5453,-46.5
5454,-46.5
5455,-46.5
5456,-46.5
5457,-41.5
5458,-46.5
5459,-46.5
5460,-46.5
5461,-46.5
5462,-41.5
5463,-41.5
5464,-46.5
5465,-46.5
5466,-41.5
5467,-41.5
5468,-46.5
5469,-46.5
5470,-22.932402
5471,-12.569556
5472,-11.964539
5473,-11.118056
5474,-5.069992
5475,-3.8463097
5476,-7.4629207
5477,-5.9323955
5478,0.7326767
5479,-2.4756353
5480,4.440309
5481,-164.68933
5482,-98.05128
5483,-40.850407
5484,-0.15489627
5485,32.699364
5486,57.34068
5487,64.590126
5488,56.465054
5489,50.59788
5490,33.999454
5491,12.620783
5492,-13.590836
5493,-50.6312
5494,-85.05787
5495,-133.51993
5496,-193.15329
5497,-6.664298
5498,-13.675684
5499,-21.392277
5500,-29.55698
5501,-32.888893
5502,-41.09065
5503,-50.762085
5504,-43.18524
5505,-41.5
5506,-41.5
5507,-46.5
5508,-46.5
5509,-41.5
5510,-41.5
5511,-41.5
5512,-46.5
5513,-46.5
5514,-41.5
5515,-41.5
5516,-46.5
5517,-41.5
5518,-41.5
5519,-46.5
5520,-41.5
5521,-46.5
5522,-41.5
5523,-46.5
5524,-41.5
5525,-41.5
5526,-46.5
5527,-46.5
5528,-41.5
5529,-41.5
5530,-41.5
5531,-46.5
5532,-46.5
5533,-41.5
5534,-41.5
5535,-41.5
5536,-22.932402
5537,-7.5693316
5538,-11.962614
5539,-6.1102476
5540,-5.0504575
5541,-3.8109052
5542,-2.4130945
5543,-0.8779458
5544,0.77148414
5545,2.5135415
5546,-0.6708771
5547,-173.3806
5548,-112.56513
5549,-65.84906
5550,-18.86214
5551,8.440417
5552,31.634026
5553,46.781612
5554,55.387337
5555,64.21399
5556,64.65628
5557,62.252007
5558,51.721607
5559,42.00593
5560,31.390408
5561,7.7711387
5562,-26.454044
5563,-79.55938
5564,-145.43468
5565,-3.8381994
5566,-17.494015
5567,-26.369904
5568,-30.14901
5569,-43.513058
5570,-46.292545
5571,-50.61025
5572,-43.122025
5573,-41.5
5574,-46.5
5575,-46.5
5576,-41.5
5577,-41.5
5578,-41.5
5579,-41.5
5580,-41.5
5581,-46.5
5582,-46.5
5583,-41.5
5584,-41.5
5585,-41.5
5586,-41.5
5587,-46.5
5588,-46.5
5589,-41.5
5590,-41.5
5591,-46.5
5592,-41.5
5593,-46.5
5594,-41.5
5595,-41.5
5596,-46.5
5597,-41.5
5598,-41.5
5599,-41.5
5600,-46.5
5601,-41.5
5602,-46.5
5603,-46.5
5604,-22.932402
5605,-7.5694485
5606,-6.9637175
5607,-11.115864
5608,-10.070182
5609,-8.863483
5610,-7.523516
5611,-6.0675516
5612,0.4986569
5613,2.1826901
5614,-1.0007823
5615,-187.24052
5616,-114.57267
5617,-59.66741
5618,-10.131091
5619,31.890932
5620,55.0827
5621,64.399086
5622,56.293488
5623,48.259018
5624,27.486362
5625,0.2548718
5626,-33.13391
5627,-73.38433
5628,-121.82711
5629,-179.90355
5630,-0.23625717
5631,-6.8143797
5632,-14.067704
5633,-27.000845
5634,-30.364435
5635,-43.886845
5636,-50.152336
5637,-44.525208
5638,-46.5
5639,-46.5
5640,-41.5
5641,-46.5
5642,-41.5
5643,-41.5
5644,-46.5
5645,-46.5
5646,-46.5
5647,-41.5
5648,-41.5
5649,-46.5
5650,-46.5
5651,-46.5
5652,-41.5
5653,-41.5
5654,-41.5
5655,-41.5
5656,-46.5
5657,-46.5
5658,-46.5
5659,-46.5
5660,-41.5
5661,-41.5
5662,-41.5
5663,-41.5
5664,-46.5
5665,-17.932402
5666,-7.569703
5667,-11.966191
5668,-6.127536
5669,-10.106424
5670,-8.9518795
5671,-7.710043
5672,-6.42317
5673,-0.12616625
5674,1.160996
5675,2.4334967
5676,-1.312077
5677,-0.08189583
5678,-172.35344
5679,-134.1844
5680,-100.76563
5681,-76.969345
5682,-47.723293
5683,-32.843563
5684,-11.449157
5685,3.0731955
5686,16.957848
5687,30.771284
5688,39.241577
5689,55.97523
5690,58.513485
5691,63.687305
5692,47.610237
5693,15.647538
5694,-31.7901
5695,-97.28568
5696,-190.75691
5697,-10.045978
5698,-19.24543
5699,-27.891626
5700,-31.01505
5701,-43.668514
5702,-49.57089
5703,-44.790833
5704,-41.5
5705,-41.5
5706,-41.5
5707,-46.5
5708,-46.5
5709,-41.5
5710,-46.5
5711,-46.5
5712,-41.5
5713,-41.5
5714,-41.5
5715,-41.5
5716,-41.5
5717,-41.5
5718,-41.5
5719,-46.5
5720,-41.5
5721,-41.5
5722,-46.5
5723,-46.5
5724,-41.5
5725,-41.5
5726,-41.5
5727,-41.5
5728,-46.5
5729,-46.5
5730,-41.5
5731,-41.5
5732,-41.5
5733,-41.5
5734,-46.5
5735,-41.5
5736,-46.5
5737,-41.5
5738,-46.5
5739,-46.5
5740,-41.5
5741,-41.5
5742,-22.932402
5743,-12.569497
5744,-11.963757
5745,-6.113029
5746,-5.050713
5747,-3.7946622
5748,-7.3545904
5749,-5.740391
5750,1.0335081
5751,-2.0485985
5752,-0.0021238497
5753,-142.74263
5754,-81.72949
5755,-22.125092
5756,19.474945
5757,47.384975
5758,61.877213
5759,59.29871
5760,52.046345
5761,37.937733
5762,18.954582
5763,0.918217
5764,-26.405441
5765,-59.211166
5766,-104.22817
5767,-153.2311
5768,3.3151367
5769,-7.898533
5770,-14.862045
5771,-22.56403
5772,-25.746473
5773,-39.12833
5774,-47.411514
5775,-51.28354
5776,-42.31167
5777,-46.5
5778,-46.5
5779,-41.5
5780,-46.5
5781,-46.5
5782,-46.5
5783,-46.5
5784,-41.5
5785,-41.5
5786,-46.5
5787,-46.5
5788,-41.5
5789,-46.5
5790,-41.5
5791,-46.5
5792,-41.5
5793,-41.5
5794,-46.5
5795,-41.5
5796,-46.5
5797,-46.5
5798,-46.5
5799,-46.5
5800,-46.5
5801,-46.5
5802,-46.5
5803,-46.5
5804,-22.932402
5805,-12.569567
5806,-6.964505
5807,-6.117156
5808,-5.0668435
5809,-8.843341
5810,-2.472449
5811,-5.979013
5812,0.6135844
5813,-2.711547
5814,4.0361505
5815,-185.29086
5816,-129.03555
5817,-70.67227
5818,-26.16661
5819,9.042101
5820,34.96278
5821,52.08964
5822,61.495144
5823,64.745995
5824,63.207726
5825,52.48305
5826,42.410336
5827,32.074966
5828,9.973675
5829,-20.673103
5830,-62.110218
5831,-122.266754
5832,-189.6945
5833,-3.2591841
5834,-21.624895
5835,-25.16019
5836,-33.558666
5837,-36.50667
5838,-43.765034
5839,-46.14644
5840,-41.5
5841,-46.5
5842,-46.5
5843,-46.5
5844,-41.5
5845,-46.5
5846,-41.5
5847,-46.5
5848,-41.5
5849,-46.5
5850,-41.5
5851,-46.5
5852,-46.5
5853,-41.5
5854,-46.5
5855,-41.5
5856,-41.5
5857,-41.5
5858,-41.5
5859,-41.5
5860,-46.5
5861,-41.5
5862,-41.5
5863,-41.5
5864,-41.5
5865,-46.5
5866,-46.5
5867,-41.5
5868,-41.5
5869,-46.5
5870,-46.5
5871,-46.5
5872,-41.5
5873,-46.5
5874,-46.5
5875,-41.5
5876,-46.5
5877,-41.5
5878,-22.932402
5879,-12.569421
5880,-11.963448
5881,-11.114158
5882,-10.063478
5883,-8.845413
5884,-7.487632
5885,-1.0120653
5886,-4.433676
5887,2.2425437
5888,4.0185633
5889,-188.9948
5890,-119.81473
5891,-68.361015
5892,-16.33368
5893,20.084698
5894,40.361332
5895,54.810337
5896,64.71189
5897,57.027718
5898,48.401333
5899,34.582275
5900,15.409282
5901,-5.1803026
5902,-38.87438
5903,-87.56306
5904,-138.6111
5905,2.9236104
5906,-9.596539
5907,-17.858437
5908,-26.601175
5909,-35.537704
5910,-49.366543
5911,-45.417553
5912,-44.28796
5913,-41.5
5914,-46.5
5915,-46.5
5916,-41.5
5917,-41.5
5918,-41.5
5919,-41.5
5920,-41.5
5921,-46.5
5922,-41.5
5923,-46.5
5924,-46.5
5925,-46.5
5926,-41.5
5927,-46.5
5928,-41.5
5929,-41.5
5930,-46.5
5931,-41.5
5932,-41.5
5933,-41.5
5934,-41.5
5935,-41.5
5936,-41.5
5937,-46.5
5938,-22.932402
5939,-7.569596
5940,-6.965165
5941,-6.1226926
5942,-5.0916433
5943,-3.917656
5944,-7.644777
5945,-6.3166094
5946,-4.9752717
5947,1.3451506
5948,2.621555
5949,-1.1676098
5950,4.9560113
5951,-181.36629
5952,-151.01845
5953,-121.892746
5954,-108.5049
5955,-90.36773
5956,-86.873436
5957,-76.57066
5958,-76.800995
5959,-69.9307
5960,-58.783833
5961,-41.969837
5962,-14.61958
5963,11.1603
5964,36.67026
5965,51.711075
5966,59.663692
5967,48.140667
5968,11.155472
5969,-59.06827
5970,-146.60887
5971,-11.8765
5972,-21.826242
5973,-26.235626
5974,-35.126713
5975,-48.53418
5976,-44.875374
5977,-44.87198
5978,-46.5
5979,-46.5
5980,-41.5
5981,-46.5
5982,-41.5
5983,-46.5
5984,-41.5
5985,-41.5
5986,-46.5
5987,-41.5
5988,-41.5
5989,-41.5
5990,-41.5
5991,-41.5
5992,-41.5
5993,-41.5
5994,-46.5
5995,-41.5
5996,-46.5
5997,-46.5
5998,-41.5
5999,-41.5
6000,-46.5
6001,-41.5
6002,-46.5
6003,-41.5
6004,-46.5
6005,-46.5
6006,-46.5
6007,-41.5
6008,-41.5
6009,-22.932402
6010,-7.5695868
6011,-6.9650984
6012,-11.122386
6013,-5.090735
6014,-3.9154968
6015,-7.639948
6016,-6.305867
6017,-4.95033
6018,-3.5949726
6019,-2.2408447
6020,-0.87903315
6021,-194.7799
6022,-150.93826
6023,-99.99662
6024,-57.165283
6025,-18.559898
6026,9.060582
6027,39.035576
6028,55.635777
6029,63.835064
6030,63.446434
6031,53.966923
6032,34.444866
6033,3.5149882
6034,-45.2882
6035,-98.75494
6036,-174.343
6037,-12.43435
6038,-16.385933
6039,-25.686121
6040,-40.063637
6041,-44.231632
6042,-50.50716
6043,-44.39127
6044,-41.5
6045,-46.5
6046,-46.5
6047,-46.5
6048,-46.5
6049,-46.5
6050,-46.5
6051,-41.5
6052,-41.5
6053,-41.5
6054,-46.5
6055,-41.5
6056,-46.5
6057,-41.5
6058,-41.5
6059,-46.5
6060,-46.5
6061,-41.5
6062,-41.5
6063,-46.5
6064,-46.5
6065,-46.5
6066,-41.5
6067,-41.5
6068,-46.5
6069,-41.5
6070,-41.5
6071,-22.932402
6072,-7.5693617
6073,-11.962932
6074,-6.11197
6075,-10.057164
6076,-8.831277
6077,-2.4615633
6078,-5.9714007
6079,-4.3814363
6080,2.2929246
6081,-0.958698
6082,-185.1305
6083,-123.996864
6084,-70.7482
6085,-26.242743
6086,9.074648
6087,30.118608
6088,52.29467
6089,56.648193
6090,59.76614
6091,58.025536
6092,56.983536
6093,41.33782
6094,24.927937
6095,0.93027747
6096,-27.774141
6097,-78.75508
6098,-135.23677
6099,2.2205138
6100,-11.211095
6101,-20.134064
6102,-29.24725
6103,-43.23787
6104,-46.78299
6105,-46.124893
6106,-42.81357
6107,-41.5
6108,-46.5
6109,-41.5
6110,-46.5
6111,-41.5
6112,-46.5
6113,-46.5
6114,-46.5
6115,-46.5
6116,-41.5
6117,-41.5
6118,-41.5
6119,-41.5
6120,-46.5
6121,-41.5
6122,-46.5
6123,-41.5
6124,-46.5
6125,-46.5
6126,-46.5
6127,-41.5
6128,-46.5
6129,-46.5
6130,-46.5
6131,-41.5
6132,-41.5
6133,-46.5
6134,-17.93241
6135,-12.569714
6136,-6.9660907
6137,-11.125732
6138,-10.096696
6139,-8.920013
6140,-7.630976
6141,-6.2581406
6142,0.1795509
6143,-3.3209877
6144,-1.7480162
6145,4.9102006
6146,-156.72293
6147,-104.61413
6148,-48.68164
6149,-5.67021
6150,27.722267
6151,45.36921
6152,62.238754
6153,59.485203
6154,53.530914
6155,45.240284
6156,24.761328
6157,-8.563879
6158,-40.990875
6159,-93.95822
6160,-154.3867
6161,1.6007199
6162,-6.010318
6163,-14.272894
6164,-32.93931
6165,-41.733654
6166,-45.362232
6167,-45.69252
6168,-48.669163
6169,-41.5
6170,-46.5
6171,-41.5
6172,-46.5
6173,-46.5
6174,-41.5
6175,-41.5
6176,-46.5
6177,-46.5
6178,-46.5
6179,-46.5
6180,-41.5
6181,-46.5
6182,-46.5
6183,-46.5
6184,-46.5
6185,-41.5
6186,-41.5
6187,-41.5
6188,-41.5
6189,-41.5
6190,-46.5
6191,-46.5
6192,-46.5
6193,-41.5
6194,-41.5
6195,-41.5
6196,-46.5
6197,-22.932402
6198,-12.569588
6199,-6.9650483
6200,-6.1216044
6201,-10.086583
6202,-3.9022381
6203,-7.608256
6204,-1.2428439
6205,-4.8414974
6206,-3.430657
6207,-2.025327
6208,-0.6375471
6209,-191.9272
6210,-141.82346
6211,-102.11617
6212,-67.48251
6213,-42.730957
6214,-17.802414
6215,7.446347
6216,18.729156
6217,37.199646
6218,43.48457
6219,52.5062
6220,58.40846
6221,64.45334
6222,58.20312
6223,41.71474
6224,6.4533305
6225,-41.716904
6226,-111.48738
6227,-204.04431
6228,-11.0401535
6229,-20.342525
6230,-29.203468
6231,-42.44293
6232,-45.118427
6233,-45.129025
6234,-48.884804
6235,-46.5
6236,-46.5
6237,-41.5
6238,-46.5
6239,-41.5
6240,-46.5
6241,-46.5
6242,-41.5
6243,-46.5
6244,-41.5
6245,-41.5
6246,-46.5
6247,-46.5
6248,-46.5
6249,-41.5
6250,-46.5
6251,-46.5
6252,-41.5
6253,-41.5
6254,-41.5
6255,-41.5
6256,-41.5
6257,-41.5
6258,-46.5
6259,-41.5
6260,-46.5
6261,-41.5
6262,-41.5
6263,-41.5
6264,-41.5
6265,-46.5
6266,-41.5
6267,-41.5
6268,-41.5
6269,-22.932402
6270,-7.5696363
6271,-6.9655976
6272,-11.124761
6273,-10.097612
6274,-8.928211
6275,-2.6516926
6276,-1.2938743
6277,0.12692657
6278,1.6011024
6279,3.1254773
6280,4.6911306
6281,-168.75597
6282,-117.36067
6283,-77.817894
6284,-35.550808
6285,-5.644799
6286,17.193548
6287,33.714607
6288,45.272007
6289,48.451233
6290,54.28216
6291,63.16133
6292,64.827354
6293,58.279434
6294,56.8607
6295,43.28912
6296,14.505408
6297,-18.37647
6298,-79.14125
6299,-159.58127
6300,-5.3865304
6301,-18.9715
6302,-27.23703
6303,-25.003431
6304,-37.314625
6305,-39.23364
6306,-44.45581
6307,-44.404976
6308,-41.5
6309,-46.5
6310,-41.5
6311,-41.5
6312,-41.5
6313,-46.5
6314,-46.5
6315,-41.5
6316,-41.5
6317,-46.5
6318,-46.5
6319,-46.5
6320,-46.5
6321,-41.5
6322,-41.5
6323,-41.5
6324,-41.5
6325,-41.5
6326,-41.5
6327,-41.5
6328,-46.5
6329,-41.5
6330,-41.5
6331,-46.5
6332,-46.5
6333,-41.5
6334,-46.5
6335,-41.5
6336,-41.5
6337,-46.5
6338,-41.5
6339,-46.5
6340,-46.5
6341,-46.5
6342,-46.5
6343,-41.5
6344,-22.9324
6345,-7.569293
6346,-11.962269
6347,-6.1088114
6348,-10.047442
6349,-3.8084762
6350,-2.4173212
6351,-0.8971416
6352,0.7292916
6353,2.4424508
6354,4.2262278
6355,-177.88625
6356,-117.408035
6357,-70.70595
6358,-28.495872
6359,4.196853
6360,27.927723
6361,43.77191
6362,53.23645
6363,58.0936
6364,59.81047
6365,59.051968
6366,55.704468
6367,48.873608
6368,36.92483
6369,17.678207
6370,-11.673284
6371,-49.71589
6372,-110.75471
6373,-203.49847
6374,-14.809917
6375,-18.998695
6376,-33.153675
6377,-36.943268
6378,-45.180847
6379,-50.421726
6380,-43.839973
6381,-46.5
6382,-41.5
6383,-46.5
6384,-41.5
6385,-41.5
6386,-41.5
6387,-46.5
6388,-41.5
6389,-46.5
6390,-46.5
6391,-46.5
6392,-41.5
6393,-41.5
6394,-46.5
6395,-41.5
6396,-41.5
6397,-46.5
6398,-46.5
6399,-46.5
6400,-46.5
6401,-46.5
6402,-41.5
6403,-46.5
6404,-46.5
6405,-41.5
6406,-41.5
6407,-46.5
6408,-41.5
6409,-22.932402
6410,-12.569517
6411,-11.964282
6412,-6.1179023
6413,-5.074586
6414,-3.8720322
6415,-2.5449975
6416,-6.1279645
6417,0.34451485
6418,-3.1565526
6419,-1.6518654
6420,-0.16308871
6421,-167.85384
6422,-122.57056
6423,-89.3192
6424,-57.734474
6425,-32.32327
6426,-12.508884
6427,7.441245
6428,13.77179
6429,23.172308
6430,36.902023
6431,45.598194
6432,49.12523
6433,61.276093
6434,64.74972
6435,56.388073
6436,42.163624
6437,17.19912
6438,-38.348763
6439,-117.25815
6440,-209.57019
6441,-11.8247595
6442,-26.118086
6443,-29.868275
6444,-33.099068
6445,-45.860577
6446,-45.464733
6447,-48.387455
6448,-46.5
6449,-46.5
6450,-41.5
6451,-46.5
6452,-46.5
6453,-46.5
6454,-41.5
6455,-41.5
6456,-46.5
6457,-46.5
6458,-46.5
6459,-46.5
6460,-46.5
6461,-41.5
6462,-41.5
6463,-46.5
6464,-41.5
6465,-46.5
6466,-46.5
6467,-41.5
6468,-46.5
6469,-46.5
6470,-41.5
6471,-46.5
6472,-41.5
6473,-41.5
6474,-41.5
6475,-41.5
6476,-41.5
6477,-41.5
6478,-41.5
6479,-46.5
6480,-22.932402
6481,-7.569478
6482,-11.964015
6483,-6.1172214
6484,-10.0744095
6485,-8.875663
6486,-2.55792
6487,-1.1550771
6488,-4.696657
6489,1.7966179
6490,3.3145008
6491,-0.15092613
6492,-169.72977
6493,-115.30308
6494,-77.005165
6495,-39.90311
6496,-4.0486436
6497,15.529669
6498,34.022514
6499,47.11056
6500,55.584496
6501,59.55691
6502,58.39087
6503,55.69119
6504,39.39457
6505,7.120818
6506,-33.813347
6507,-91.59046
6508,-174.9001
6509,-7.2921653
6510,-21.743286
6511,-26.341894
6512,-40.78817
6513,-49.772537
6514,-50.580547
6515,-49.10649
6516,-41.5
6517,-46.5
6518,-46.5
6519,-41.5
6520,-46.5
6521,-46.5
6522,-41.5
6523,-46.5
6524,-41.5
6525,-46.5
6526,-46.5
6527,-46.5
6528,-46.5
6529,-41.5
6530,-41.5
6531,-46.5
6532,-46.5
6533,-41.5
6534,-46.5
6535,-46.5
6536,-46.5
6537,-41.5
6538,-46.5
6539,-41.5
6540,-17.93241
6541,-7.5697145
6542,-6.9663563
6543,-6.128367
6544,-10.109213
6545,-8.958837
6546,-2.7221813
6547,-1.435377
6548,-5.124815
6549,1.1947594
6550,-2.4797804
6551,-1.1494964
6552,5.1838393
6553,-159.43924
6554,-122.230576
6555,-79.741936
6556,-52.195927
6557,-24.785244
6558,-2.4568148
6559,15.528166
6560,35.38963
6561,42.77131
6562,57.52889
6563,58.643726
6564,64.13773
6565,56.31682
6566,32.01594
6567,2.5329766
6568,-56.372536
6569,-133.38268
6570,-4.3456664
6571,-14.098733
6572,-23.713999
6573,-32.870564
6574,-41.387653
6575,-49.00106
6576,-46.214275
6577,-46.5
6578,-41.5
6579,-41.5
6580,-46.5
6581,-41.5
6582,-46.5
6583,-41.5
6584,-46.5
6585,-41.5
6586,-41.5
6587,-46.5
6588,-46.5
6589,-41.5
6590,-41.5
6591,-46.5
6592,-46.5
6593,-41.5
6594,-46.5
6595,-41.5
6596,-41.5
6597,-46.5
6598,-41.5
6599,-46.5
6600,-46.5
6601,-41.5
6602,-46.5
6603,-41.5
6604,-41.5
6605,-46.5
6606,-46.5
6607,-41.5
6608,-41.5
6609,-22.932402
6610,-12.569391
6611,-6.96316
6612,-6.1129136
6613,-5.0605164
6614,-8.842392
6615,-7.493151
6616,-6.0470114
6617,-4.535549
6618,2.0209384
6619,3.6188931
6620,5.261397
6621,-151.84924
6622,-94.06971
6623,-47.82899
6624,-8.948167
6625,16.813015
6626,38.991432
6627,57.758533
6628,59.065376
6629,63.971573
6630,52.914116
6631,45.627075
6632,26.106262
6633,-7.2318387
6634,-41.1844
6635,-97.95474
6636,-165.40733
6637,-0.42084518
6638,-13.893798
6639,-27.790112
6640,-31.825197
6641,-40.700413
6642,-43.916515
6643,-51.549816
6644,-41.5
6645,-41.5
6646,-41.5
6647,-46.5
6648,-41.5
6649,-41.5
6650,-46.5
6651,-46.5
6652,-41.5
6653,-41.5
6654,-41.5
6655,-41.5
6656,-46.5
6657,-46.5
6658,-41.5
6659,-46.5
6660,-41.5
6661,-41.5
6662,-46.5
6663,-46.5
6664,-46.5
6665,-46.5
6666,-41.5
6667,-41.5
6668,-41.5
6669,-46.5
6670,-46.5
6671,-41.5
6672,-41.5
6673,-41.5
6674,-22.932402
6675,-7.569606
6676,-11.965281
6677,-6.123106
6678,-5.0918975
6679,-8.914732
6680,-7.631108
6681,-6.2783995
6682,-4.8902664
6683,1.5102098
6684,2.9128385
6685,4.3098845
6686,-188.1451
6687,-147.05243
6688,-106.61685
6689,-66.81789
6690,-42.559025
6691,-18.650055
6692,0.3184959
6693,15.368546
6694,27.969309
6695,39.033916
6696,48.697067
6697,56.200638
6698,64.742165
6699,61.63795
6700,43.576065
6701,16.573908
6702,-34.00731
6703,-102.429634
6704,-195.45122
6705,-15.305449
6706,-20.098364
6707,-29.497026
6708,-38.311127
6709,-46.590584
6710,-50.97796
6711,-42.93231
6712,-41.5
6713,-41.5
6714,-41.5
6715,-41.5
6716,-41.5
6717,-46.5
6718,-41.5
6719,-46.5
6720,-46.5
6721,-41.5
6722,-46.5
6723,-41.5
6724,-41.5
6725,-46.5
6726,-41.5
6727,-41.5
6728,-46.5
6729,-46.5
6730,-46.5
6731,-46.5
6732,-46.5
6733,-41.5
6734,-41.5
6735,-46.5
6736,-41.5
6737,-41.5
6738,-46.5
6739,-46.5
6740,-41.5
6741,-41.5
6742,-17.93241
6743,-7.5697145
6744,-6.9663563
6745,-11.128357
6746,-5.1087394
6747,-8.954732
6748,-2.705707
6749,-1.3935066
6750,-5.043763
6751,-3.672824
6752,2.7125752
6753,-0.89427114
6754,-200.14607
6755,-152.64758
6756,-105.38119
6757,-73.348915
6758,-36.580402
6759,-15.1258955
6760,11.145695
6761,27.995533
6762,36.609676
6763,47.56833
6764,55.624573
6765,59.63501
6766,57.507027
6767,51.4518
6768,23.196827
6769,-16.083675
6770,-75.742134
6771,-164.4619
6772,-7.1795053
6773,-17.114117
6774,-31.913824
6775,-41.254967
6776,-49.957943
6777,-45.543304
6778,-49.000465
6779,-41.5
6780,-41.5
6781,-41.5
6782,-46.5
6783,-41.5
6784,-41.5
6785,-41.5
6786,-41.5
6787,-41.5
6788,-46.5
6789,-41.5
6790,-41.5
6791,-46.5
6792,-41.5
6793,-46.5
6794,-46.5
6795,-41.5
6796,-46.5
6797,-41.5
6798,-46.5
6799,-46.5
6800,-46.5
6801,-41.5
6802,-46.5
6803,-41.5
6804,-41.5
6805,-46.5
6806,-22.932402
6807,-7.569616
6808,-11.965386
6809,-11.123658
6810,-10.093925
6811,-3.9202948
6812,-7.642384
6813,-1.2954047
6814,-4.907136
6815,1.5107224
6816,-2.0370333
6817,-0.5432393
6818,-178.28708
6819,-126.1365
6820,-83.86813
6821,-37.276722
6822,-2.3110507
6823,25.21207
6824,44.998447
6825,52.592712
6826,63.86889
6827,59.178497
6828,53.234104
6829,45.057728
6830,23.067585
6831,-9.60431
6832,-60.227802
6833,-116.70972
6834,-197.56215
6835,-14.865313
6836,-23.925709
6837,-28.11764
6838,-37.140007
6839,-50.680706
6840,-45.7092
6841,-43.53487
6842,-41.5
6843,-41.5
6844,-46.5
6845,-46.5
6846,-41.5
6847,-41.5
6848,-41.5
6849,-41.5
6850,-46.5
6851,-41.5
6852,-46.5
6853,-46.5
6854,-41.5
6855,-41.5
6856,-41.5
6857,-46.5
6858,-41.5
6859,-41.5
6860,-46.5
6861,-41.5
6862,-41.5
6863,-46.5
6864,-41.5
6865,-41.5
6866,-41.5
6867,-41.5
6868,-46.5
6869,-46.5
6870,-41.5
6871,-46.5
6872,-17.93241
6873,-7.5697145
6874,-11.966355
6875,-6.1281323
6876,-5.106908
6877,-3.948503
6878,-7.6943245
6879,-1.3836769
6880,-5.0540757
6881,1.2638401
6882,-2.4515805
6883,-1.2217306
6884,4.93262
6885,-175.80482
6886,-143.30357
6887,-116.293144
6888,-94.18616
6889,-81.56659
6890,-68.05387
6891,-52.570713
6892,-43.017803
6893,-32.411205
6894,-19.257448
6895,-7.8386035
6896,16.25
6897,35.922962
6898,48.056385
6899,58.52055
6900,57.098267
6901,32.97627
6902,-8.391512
6903,-68.926445
6904,-157.57086
6905,-6.9678226
6906,-21.111221
6907,-29.79477
6908,-38.046703
6909,-40.89629
6910,-48.362404
6911,-46.206112
6912,-41.70292
6913,-41.5
6914,-41.5
6915,-46.5
6916,-41.5
6917,-46.5
6918,-46.5
6919,-46.5
6920,-46.5
6921,-46.5
6922,-46.5
6923,-41.5
6924,-46.5
6925,-41.5
6926,-41.5
6927,-46.5
6928,-41.5
6929,-41.5
6930,-41.5
6931,-41.5
6932,-46.5
6933,-41.5
6934,-41.5
6935,-46.5
6936,-46.5
6937,-41.5
6938,-41.5
6939,-46.5
6940,-41.5
6941,-41.5
6942,-41.5
6943,-41.5
6944,-41.5
6945,-17.93241
6946,-7.5697145
6947,-6.9663563
6948,-6.128367
6949,-10.109221
6950,-8.959191
6951,-7.7256155
6952,-1.4513422
6953,-0.17272168
6954,-3.9145327
6955,-2.689703
6956,-1.5101801
6957,-0.38749212
6958,-187.1325
6959,-153.19283
6960,-123.903114
6961,-103.81908
6962,-82.666084
6963,-60.161633
6964,-50.26342
6965,-30.9702
6966,-15.627879
6967,1.6145566
6968,20.536188
6969,39.45539
6970,50.28557
6971,59.105747
6972,56.30868
6973,31.631714
6974,-5.1099954
6975,-72.03271
6976,-169.30862
6977,-13.172639
6978,-17.88428
6979,-32.01109
6980,-35.580204
6981,-43.64831
6982,-49.756115
6983,-49.808136
6984,-41.5
6985,-41.5
6986,-46.5
6987,-41.5
6988,-46.5
6989,-46.5
6990,-41.5
6991,-46.5
6992,-41.5
6993,-41.5
6994,-41.5
6995,-41.5
6996,-41.5
6997,-41.5
6998,-41.5
6999,-41.5
7000,-41.5
7001,-41.5
7002,-41.5
7003,-41.5
7004,-41.5
7005,-41.5
7006,-46.5
7007,-41.5
7008,-41.5
7009,-41.5
7010,-41.5
7011,-46.5
7012,-41.5
7013,-46.5
7014,-41.5
7015,-46.5
7016,-22.932402
7017,-12.569448
7018,-11.963471
7019,-11.113039
7020,-5.0560894
7021,-3.820141
7022,-7.426878
7023,-0.89689183
7024,0.7487276
7025,2.493163
7026,-0.67577946
7027,-172.50879
7028,-115.07932
7029,-61.585396
7030,-13.053969
7031,15.155251
7032,43.304977
7033,52.317753
7034,63.756092
7035,64.53479
7036,61.131016
7037,54.128967
7038,38.28448
7039,27.578638
7040,5.416652
7041,-25.05589
7042,-66.160675
7043,-125.90188
7044,-197.8968
7045,-3.4599223
7046,-21.781147
7047,-30.293352
7048,-33.690144
7049,-41.657303
7050,-43.842125
7051,-51.049515
7052,-41.5
7053,-41.5
7054,-41.5
7055,-41.5
7056,-46.5
7057,-41.5
7058,-41.5
7059,-41.5
7060,-41.5
7061,-41.5
7062,-46.5
7063,-41.5
7064,-41.5
7065,-46.5
7066,-41.5
7067,-46.5
7068,-41.5
7069,-46.5
7070,-41.5
7071,-41.5
7072,-46.5
7073,-46.5
7074,-41.5
7075,-46.5
7076,-46.5
7077,-41.5
7078,-46.5
7079,-41.5
7080,-41.5
7081,-41.5
7082,-46.5
7083,-46.5
7084,-46.5
7085,-46.5
7086,-41.5
7087,-41.5
7088,-22.932392
7089,-7.5691557
7090,-11.960917
7091,-6.1024795
7092,-5.028199
7093,-8.764232
7094,-7.333438
7095,-0.75837106
7096,-4.060313
7097,2.74564
7098,-0.34984985
7099,-163.80151
7100,-100.15449
7101,-41.00704
7102,2.3150976
7103,29.11267
7104,54.32202
7105,63.668568
7106,63.763004
7107,51.737167
7108,44.222927
7109,26.925581
7110,-0.3436543
7111,-23.640404
7112,-59.57269
7113,-104.87413
7114,-161.75195
7115,-3.9665253
7116,-6.1522017
7117,-14.055903
7118,-22.417212
7119,-35.949196
7120,-39.348385
7121,-50.1967
7122,-44.307247
7123,-46.5
7124,-41.5
7125,-41.5
7126,-41.5
7127,-41.5
7128,-41.5
7129,-41.5
7130,-41.5
7131,-46.5
7132,-41.5
7133,-41.5
7134,-46.5
7135,-46.5
7136,-41.5
7137,-46.5
7138,-41.5
7139,-46.5
7140,-41.5
7141,-41.5
7142,-41.5
7143,-41.5
7144,-41.5
7145,-46.5
7146,-46.5
7147,-41.5
7148,-46.5
7149,-41.5
7150,-46.5
7151,-41.5
7152,-41.5
7153,-41.5
7154,-46.5
7155,-22.932402
7156,-12.569587
7157,-6.9646964
7158,-11.117982
7159,-5.0689025
7160,-3.8458812
7161,-2.4708354
7162,-0.9639375
7163,0.65335244
7164,-2.638598
7165,4.1432953
7166,-185.76865
7167,-124.77189
7168,-67.365135
7169,-24.183647
7170,4.7407913
7171,34.735462
7172,51.447002
7173,60.93124
7174,64.624504
7175,63.73356
7176,58.71107
7177,44.26582
7178,29.374987
7179,12.438879
7180,-18.410948
7181,-65.49169
7182,-121.79134
7183,-190.91629
7184,-3.5777187
7185,-22.125298
7186,-30.850613
7187,-34.448273
7188,-42.606407
7189,-44.325108
7190,-50.464287
7191,-41.5
7192,-41.5
7193,-46.5
7194,-46.5
7195,-41.5
7196,-41.5
7197,-46.5
7198,-41.5
7199,-46.5
7200,-46.5
7201,-46.5
7202,-41.5
7203,-46.5
7204,-46.5
7205,-46.5
7206,-46.5
7207,-41.5
7208,-41.5
7209,-41.5
7210,-41.5
7211,-46.5
7212,-46.5
7213,-41.5
7214,-46.5
7215,-46.5
7216,-41.5
7217,-46.5
7218,-41.5
7219,-46.5
7220,-41.5
7221,-46.5
7222,-17.93241
7223,-12.569714
7224,-6.9661884
7225,-6.126696
7226,-5.101321
7227,-8.9350605
7228,-2.6702878
7229,-6.3475184
7230,-0.0032367306
7231,-3.6616704
7232,2.6703353
7233,3.9924407
7234,-206.64694
7235,-156.20676
7236,-120.33976
7237,-84.01901
7238,-52.340195
7239,-20.47053
7240,-3.406953
7241,14.521273
7242,29.48021
7243,47.072487
7244,57.10776
7245,63.50376
7246,59.202076
7247,56.42638
7248,31.948446
7249,2.0281653
7250,-57.596046
7251,-135.61497
7252,-4.660456
7253,-14.485367
7254,-24.173018
7255,-38.40251
7256,-41.99325
7257,-44.292038
7258,-50.844475
7259,-41.5
7260,-41.5
7261,-46.5
7262,-46.5
7263,-46.5
7264,-41.5
7265,-46.5
7266,-41.5
7267,-41.5
7268,-46.5
7269,-46.5
7270,-46.5
7271,-46.5
7272,-41.5
7273,-41.5
7274,-46.5
7275,-41.5
7276,-46.5
7277,-41.5
7278,-46.5
7279,-46.5
7280,-46.5
7281,-46.5
7282,-41.5
7283,-41.5
7284,-41.5
7285,-41.5
7286,-46.5
7287,-41.5
7288,-41.5
7289,-41.5
7290,-17.93241
7291,-7.5697145
7292,-11.966355
7293,-6.128241
7294,-5.108018
7295,-3.9537373
7296,-2.7104475
7297,-6.4217134
7298,-0.12924868
7299,1.1332613
7300,2.3433747
7301,3.4802008
7302,-0.47750917
7303,-199.23567
7304,-170.97221
7305,-148.91396
7306,-127.50234
7307,-116.14893
7308,-109.073524
7309,-104.52008
7310,-104.412346
7311,-90.798096
7312,-76.45298
7313,-55.31272
7314,-33.173046
7315,-2.8955362
7316,26.322618
7317,54.23031
7318,54.584694
7319,45.59845
7320,16.850264
7321,-49.06927
7322,-131.16066
7323,-9.996463
7324,-14.703702
7325,-23.888206
7326,-37.57902
7327,-40.81103
7328,-43.61059
7329,-46.451054
7330,-46.563812
7331,-41.5
7332,-46.5
7333,-46.5
7334,-41.5
7335,-41.5
7336,-46.5
7337,-46.5
7338,-41.5
7339,-41.5
7340,-46.5
7341,-41.5
7342,-46.5
7343,-41.5
7344,-46.5
7345,-46.5
7346,-46.5
7347,-41.5
7348,-41.5
7349,-46.5
7350,-46.5
7351,-41.5
7352,-41.5
7353,-41.5
7354,-46.5
7355,-46.5
7356,-41.5
7357,-41.5
7358,-41.5
7359,-41.5
7360,-41.5
7361,-41.5
7362,-46.5
7363,-41.5
7364,-17.93241
7365,-12.569714
7366,-11.966218
7367,-11.126787
7368,-10.100563
7369,-3.9284902
7370,-2.6438503
7371,-1.2729232
7372,0.16332048
7373,-3.3492892
7374,3.1811104
7375,4.742111
7376,-172.47813
7377,-116.95261
7378,-73.23521
7379,-36.53806
7380,-11.826306
7381,11.185614
7382,33.149647
7383,40.3032
7384,49.103073
7385,60.363785
7386,59.103455
7387,59.46476
7388,54.65366
7389,42.147625
7390,23.825632
7391,-14.10775
7392,-76.07498
7393,-155.91377
7394,-6.417502
7395,-16.056732
7396,-25.601849
7397,-34.721966
7398,-48.229336
7399,-49.76813
7400,-45.08145
7401,-46.5
7402,-41.5
7403,-41.5
7404,-41.5
7405,-41.5
7406,-41.5
7407,-41.5
7408,-41.5
7409,-41.5
7410,-46.5
7411,-41.5
7412,-41.5
7413,-41.5
7414,-46.5
7415,-46.5
7416,-46.5
7417,-46.5
7418,-41.5
7419,-46.5
7420,-41.5
7421,-46.5
7422,-46.5
7423,-41.5
7424,-41.5
7425,-41.5
7426,-46.5
7427,-41.5
7428,-41.5
7429,-41.5
7430,-46.5
7431,-41.5
7432,-41.5
7433,-17.93241
7434,-12.569713
7435,-6.966032
7436,-11.12516
7437,-5.0939817
7438,-8.911855
7439,-7.613285
7440,-6.227662
7441,-4.775019
7442,1.7400669
7443,3.3276868
7444,4.999124
7445,-153.49332
7446,-96.79698
7447,-46.755337
7448,-4.988813
7449,27.16148
7450,49.056057
7451,61.11031
7452,64.76155
7453,61.566895
7454,47.417233
7455,37.429745
7456,10.906493
7457,-18.4723
7458,-57.27526
7459,-102.56633
7460,-172.17119
7461,-5.5286846
7462,-8.567629
7463,-22.051483
7464,-35.700024
7465,-44.216324
7466,-42.288635
7467,-51.074234
7468,-42.470448
7469,-46.5
7470,-46.5
7471,-46.5
7472,-41.5
7473,-41.5
7474,-41.5
7475,-46.5
7476,-46.5
7477,-46.5
7478,-46.5
7479,-41.5
7480,-46.5
7481,-41.5
7482,-41.5
7483,-41.5
7484,-46.5
7485,-41.5
7486,-46.5
7487,-41.5
7488,-46.5
7489,-46.5
7490,-46.5
7491,-41.5
7492,-46.5
7493,-46.5
7494,-46.5
7495,-46.5
7496,-41.5
7497,-46.5
7498,-22.932402
7499,-7.5695868
7500,-11.965109
7501,-6.1223035
7502,-5.0894046
7503,-8.908839
7504,-2.6195447
7505,-6.2591615
7506,0.13600484
7507,-3.4633727
7508,-2.076852
7509,4.2776103
7510,-191.56973
7511,-148.55046
7512,-116.3741
7513,-79.59118
7514,-52.836407
7515,-30.84495
7516,-18.2829
7517,0.786348
7518,7.9364195
7519,24.38896
7520,35.782528
7521,47.02561
7522,57.007477
7523,63.59628
7524,58.928356
7525,49.38972
7526,30.582495
7527,-21.93361
7528,-80.768
7529,-166.01758
7530,-7.245035
7531,-16.059692
7532,-29.334066
7533,-32.09654
7534,-34.39734
7535,-41.2828
7536,-50.198208
7537,-43.07177
7538,-46.5
7539,-41.5
7540,-41.5
7541,-46.5
7542,-41.5
7543,-41.5
7544,-46.5
7545,-41.5
7546,-41.5
7547,-46.5
7548,-41.5
7549,-46.5
7550,-46.5
7551,-41.5
7552,-46.5
7553,-41.5
7554,-46.5
7555,-46.5
7556,-46.5
7557,-46.5
7558,-46.5
7559,-41.5
7560,-46.5
7561,-41.5
7562,-41.5
7563,-41.5
7564,-46.5
7565,-46.5
7566,-41.5
7567,-46.5
7568,-46.5
7569,-41.5
7570,-46.5
7571,-46.5
7572,-46.5
7573,-41.5
7574,-41.5
7575,-41.5
7576,-22.932402
7577,-7.569508
7578,-6.96434
7579,-11.11879
7580,-10.079318
7581,-3.8855913
7582,-7.5677114
7583,-1.144009
7584,-4.6236687
7585,1.9925212
7586,3.708409
7587,-196.94043
7588,-133.12166
7589,-81.49803
7590,-33.739475
7591,4.0681915
7592,36.528896
7593,49.04454
7594,62.830635
7595,59.676968
7596,56.101166
7597,52.763054
7598,39.472263
7599,15.215121
7600,-6.6248255
7601,-42.899868
7602,-90.92475
7603,-158.71558
7604,0.6682591
7605,-12.491391
7606,-26.121696
7607,-29.93207
7608,-38.617992
7609,-46.862568
7610,-46.007202
7611,-42.754803
7612,-41.5
7613,-41.5
7614,-46.5
7615,-41.5
7616,-41.5
7617,-41.5
7618,-41.5
7619,-41.5
7620,-41.5
7621,-46.5
7622,-46.5
7623,-41.5
7624,-41.5
7625,-41.5
7626,-41.5
7627,-41.5
7628,-41.5
7629,-41.5
7630,-41.5
7631,-46.5
7632,-41.5
7633,-46.5
7634,-46.5
7635,-46.5
7636,-41.5
7637,-41.5
7638,-41.5
7639,-41.5
7640,-41.5
7641,-41.5
7642,-41.5
7643,-17.93241
7644,-12.569714
7645,-6.9660525
7646,-11.125389
7647,-5.095075
7648,-3.9152472
7649,-2.6217654
7650,-1.2488134
7651,-4.8297267
7652,1.6076293
7653,-1.9569669
7654,4.4555955
7655,-183.43068
7656,-144.23143
7657,-106.48832
7658,-74.74248
7659,-48.410053
7660,-21.84757
7661,-9.308078
7662,10.4265785
7663,18.901358
7664,31.897171
7665,44.149086
7666,59.249836
7667,64.567825
7668,61.549316
7669,46.153816
7670,3.9284782
7671,-44.921875
7672,-129.41934
7673,-4.143906
7674,-14.524843
7675,-29.742935
7676,-34.47384
7677,-48.537163
7678,-45.145573
7679,-44.890507
7680,-41.5
7681,-41.5
7682,-46.5
7683,-46.5
7684,-46.5
7685,-46.5
7686,-41.5
7687,-41.5
7688,-46.5
7689,-41.5
7690,-46.5
7691,-41.5
7692,-41.5
7693,-41.5
7694,-41.5
7695,-41.5
7696,-41.5
7697,-41.5
7698,-46.5
7699,-41.5
7700,-41.5
7701,-41.5
7702,-41.5
7703,-41.5
7704,-46.5
7705,-41.5
7706,-22.932402
7707,-12.569665
7708,-6.9658175
7709,-6.125648
7710,-5.1003275
7711,-8.937384
7712,-2.682369
7713,-1.3784678
7714,-0.06366579
7715,1.234572
7716,2.499256
7717,3.7127676
7718,-0.14492606
7719,-178.85402
7720,-151.86263
7721,-125.991684
7722,-105.92467
7723,-91.372925
7724,-76.913315
7725,-76.23222
7726,-66.76185
7727,-60.86789
7728,-51.27644
7729,-41.44278
7730,-16.269753
7731,2.5393584
7732,26.95673
7733,47.689003
7734,59.076
7735,49.40171
7736,27.69138
7737,-24.513617
7738,-107.51466
7739,-208.4184
7740,-11.511404
7741,-20.867897
7742,-29.825863
7743,-38.401386
7744,-46.603348
7745,-45.959785
7746,-42.894234
7747,-46.5
7748,-41.5
7749,-46.5
7750,-46.5
7751,-41.5
7752,-41.5
7753,-41.5
7754,-41.5
7755,-41.5
7756,-41.5
7757,-41.5
7758,-41.5
7759,-41.5
7760,-46.5
7761,-46.5
7762,-46.5
7763,-41.5
7764,-46.5
7765,-46.5
7766,-46.5
7767,-46.5
7768,-46.5
7769,-41.5
7770,-41.5
7771,-41.5
7772,-41.5
7773,-46.5
7774,-41.5
7775,-41.5
7776,-22.932402
7777,-12.569459
7778,-6.963647
7779,-6.114345
7780,-10.062137
7781,-3.8401868
7782,-2.4776967
7783,-6.00133
7784,-4.4362235
7785,-2.8027081
7786,-1.1144305
7787,-197.99365
7788,-138.49283
7789,-85.879585
7790,-40.701313
7791,-3.4718106
7792,25.258955
7793,50.13869
7794,61.355312
7795,64.761
7796,61.215282
7797,45.978058
7798,28.67539
7799,3.2573178
7800,-31.837408
7801,-78.32836
7802,-133.3831
7803,2.8256907
7804,-10.155968
7805,-23.830027
7806,-32.944313
7807,-37.221195
7808,-51.36941
7809,-51.332497
7810,-43.014725
7811,-41.5
7812,-41.5
7813,-41.5
7814,-46.5
7815,-41.5
7816,-46.5
7817,-41.5
7818,-46.5
7819,-41.5
7820,-41.5
7821,-41.5
7822,-46.5
7823,-46.5
7824,-46.5
7825,-41.5
7826,-41.5
7827,-46.5
7828,-46.5
7829,-41.5
7830,-41.5
7831,-46.5
7832,-46.5
7833,-17.93241
7834,-12.569713
7835,-6.966042
7836,-6.1252446
7837,-5.094341
7838,-3.9131696
7839,-2.6180751
7840,-1.2446469
7841,-4.8281183
7842,-3.3983843
7843,3.0223951
7844,4.4116898
7845,-185.98158
7846,-143.0396
7847,-106.876884
7848,-82.142395
7849,-53.417805
7850,-35.27196
7851,-22.159533
7852,-12.923914
7853,-10.667183
7854,1.3271835
7855,4.4200773
7856,19.50485
7857,31.586967
7858,39.535225
7859,56.300594
7860,63.82345
7861,62.873585
7862,43.400593
7863,6.1557345
7864,-46.005344
7865,-117.66111
7866,-200.87967
7867,-9.549861
7868,-12.452556
7869,-19.984625
7870,-27.173082
7871,-39.030334
7872,-40.4422
7873,-44.583813
7874,-48.64403
7875,-41.5
7876,-41.5
7877,-41.5
7878,-46.5
7879,-41.5
7880,-46.5
7881,-41.487976
7882,-46.0444
7883,-45.878574
7884,-46.97925
7885,-46.5
7886,-46.5
7887,-41.5
7888,-46.5
7889,-41.5
7890,-46.5
7891,-41.5
7892,-41.5
7893,-46.5
7894,-41.5
7895,-46.5
7896,-41.5
7897,-46.5
7898,-46.5
7899,-41.5
7900,-41.5
7901,-41.5
7902,-46.5
7903,-46.5
7904,-41.5
7905,-41.5
7906,-41.5
7907,-46.5
7908,-46.5
7909,-46.5
7910,-41.5
7911,-41.5
7912,-46.5
7913,-41.5
7914,-17.93241
7915,-7.5697145
7916,-6.9663563
7917,-11.128366
7918,-10.109078
7919,-8.957989
7920,-2.7206182
7921,-6.437538
7922,-5.142055
7923,1.1456926
7924,-2.5788703
7925,3.6847708
7926,-0.06229296
7927,-170.37979
7928,-130.2055
7929,-99.27706
7930,-62.704105
7931,-40.667953
7932,-13.177717
7933,0.46673092
7934,16.563242
7935,35.892803
7936,43.490147
7937,53.55141
7938,59.26722
7939,62.9583
7940,46.315296
7941,25.336042
7942,-29.655043
7943,-92.94775
7944,-191.27075
7945,-10.055956
7946,-19.933754
7947,-34.387314
7948,-38.226467
7949,-41.50356
7950,-45.939983
7951,-42.99523
7952,-41.5
7953,-46.5
7954,-41.5
7955,-46.5
7956,-41.5
7957,-41.5
7958,-46.5
7959,-46.5
7960,-41.5
7961,-41.5
7962,-41.5
7963,-41.5
7964,-41.5
7965,-41.5
7966,-41.5
7967,-46.5
7968,-41.5
7969,-46.5
7970,-46.5
7971,-41.5
7972,-41.5
7973,-46.5
7974,-46.5
7975,-41.5
7976,-46.5
7977,-41.5
7978,-46.5
7979,-41.5
7980,-46.5
7981,-46.5
7982,-46.5
7983,-17.93241
7984,-7.5697145
7985,-11.966355
7986,-11.128172
7987,-10.107093
7988,-3.9477782
7989,-2.685715
7990,-1.3470638
7991,-4.9510665
7992,-3.508956
7993,2.9763937
7994,-0.49722227
7995,-175.94904
7996,-123.56726
7997,-81.622665
7998,-40.785236
7999,-6.790739
8000,19.800945
8001,38.95333
8002,56.413292
8003,63.18246
8004,59.655094
8005,60.506893
8006,44.66908
8007,30.425241
8008,0.73249966
8009,-46.86381
8010,-105.45425
8011,-188.73383
8012,-13.263611
8013,-17.459627
8014,-26.826323
8015,-36.066048
8016,-49.869606
8017,-45.536938
8018,-49.04091
8019,-41.5
8020,-41.5
8021,-41.5
8022,-41.5
8023,-41.5
8024,-41.5
8025,-41.5
8026,-46.5
8027,-46.5
8028,-41.5
8029,-41.5
8030,-46.5
8031,-41.5
8032,-46.5
8033,-41.5
8034,-41.5
8035,-41.5
8036,-46.5
8037,-46.5
8038,-41.5
8039,-41.5
8040,-46.5
8041,-41.5
8042,-46.5
8043,-46.5
8044,-46.5
8045,-22.932402
8046,-7.5696654
8047,-11.965885
8048,-11.126043
8049,-5.101207
8050,-3.9359658
8051,-2.667548
8052,-6.327529
8053,0.056088973
8054,1.4633614
8055,2.8847315
8056,-0.68968683
8057,-187.12383
8058,-139.99547
8059,-103.76103
8060,-63.386707
8061,-33.755707
8062,-9.664919
8063,4.3024974
8064,19.147114
8065,31.289673
8066,46.641304
8067,55.419018
8068,62.01208
8069,59.788567
8070,56.2187
8071,48.110558
8072,21.583021
8073,-27.914803
8074,-99.56963
8075,-190.08896
8076,-14.592675
8077,-19.192078
8078,-28.39078
8079,-37.00285
8080,-40.07973
8081,-50.314686
8082,-43.90592
8083,-46.5
8084,-46.5
8085,-46.5
8086,-46.5
8087,-41.5
8088,-41.5
8089,-46.5
8090,-41.5
8091,-46.5
8092,-46.5
8093,-41.5
8094,-46.5
8095,-41.5
8096,-41.5
8097,-41.5
8098,-46.5
8099,-41.5
8100,-46.5
8101,-41.5
8102,-41.5
8103,-41.5
8104,-41.5
8105,-46.5
8106,-46.5
8107,-46.5
8108,-41.5
8109,-41.5
8110,-41.5
8111,-41.5
8112,-41.5
8113,-41.5
8114,-22.932402
8115,-12.569626
8116,-6.965334
8117,-6.122498
8118,-10.087914
8119,-3.9019778
8120,-7.59955
8121,-6.208434
8122,0.25045055
8123,1.7657974
8124,3.335123
8125,-0.04782114
8126,-163.1574
8127,-110.78795
8128,-60.36232
8129,-27.343338
8130,3.066493
8131,30.98586
8132,47.00282
8133,57.282383
8134,63.043507
8135,64.80694
8136,62.336193
8137,54.63754
8138,35.04718
8139,11.525181
8140,-18.388218
8141,-67.77423
8142,-140.32828
8143,-8.620178
8144,-12.455723
8145,-21.462694
8146,-35.334515
8147,-38.758717
8148,-41.568012
8149,-50.71943
8150,-47.94991
8151,-46.5
8152,-46.5
8153,-41.5
8154,-41.5
8155,-41.5
8156,-41.5
8157,-41.5
8158,-46.5
8159,-41.5
8160,-46.5
8161,-46.5
8162,-41.5
8163,-46.5
8164,-46.5
8165,-41.5
8166,-41.5
8167,-46.5
8168,-46.5
8169,-41.5
8170,-41.5
8171,-46.5
8172,-41.5
8173,-46.5
8174,-46.5
8175,-46.5
8176,-46.5
8177,-46.5
8178,-41.5
8179,-46.5
8180,-46.5
8181,-22.932402
8182,-12.569547
8183,-6.964619
8184,-11.119836
8185,-5.0817037
8186,-8.890909
8187,-2.5835652
8188,-1.1918997
8189,-4.74366
8190,1.7419478
8191,-1.7453465
8192,-0.21652582
8193,-167.29886
8194,-118.248245
8195,-75.655525
8196,-44.636673
8197,-10.179602
8198,12.923157
8199,25.229828
8200,42.876347
8201,47.23825
8202,54.093666
8203,58.501633
8204,59.75368
8205,56.321457
8206,51.029793
8207,31.124636
8208,-1.8891554
8209,-57.271908
8210,-128.93082
8211,-8.2755995
8212,-17.612
8213,-21.901924
8214,-35.82185
8215,-39.1858
8216,-47.04926
8217,-45.94551
8218,-47.61468
8219,-46.5
8220,-46.5
8221,-46.5
8222,-41.5
8223,-46.5
8224,-41.5
8225,-41.5
8226,-41.5
8227,-46.5
8228,-41.5
8229,-41.5
8230,-41.5
8231,-46.5
8232,-46.5
8233,-46.5
8234,-41.5
8235,-41.5
8236,-41.5
8237,-41.5
8238,-46.5
8239,-41.5
8240,-46.5
8241,-41.5
8242,-46.5
8243,-46.5
8244,-41.5
8245,-41.5
8246,-46.5
8247,-46.5
8248,-41.5
8249,-22.932402
8250,-12.569607
8251,-11.965173
8252,-11.121819
8253,-5.085442
8254,-3.893601
8255,-7.5768223
8256,-1.1615611
8257,-4.67229
8258,1.8723762
8259,-1.5394276
8260,5.077328
8261,-154.72052
8262,-104.277504
8263,-66.21706
8264,-30.696808
8265,2.4280052
8266,23.629766
8267,38.774757
8268,49.233936
8269,51.500763
8270,61.458252
8271,64.31269
8272,64.567604
8273,60.97172
8274,46.655075
8275,29.174976
8276,5.3869004
8277,-43.58666
8278,-106.37227
8279,-194.42365
8280,-13.8572235
8281,-22.55687
8282,-30.932114
8283,-33.814293
8284,-36.259468
8285,-48.334747
8286,-51.014904
8287,-46.690483
8288,-46.5
8289,-46.5
8290,-41.5
8291,-41.5
8292,-41.5
8293,-46.5
8294,-46.5
8295,-41.5
8296,-41.5
8297,-41.5
8298,-46.5
8299,-46.5
8300,-41.5
8301,-46.5
8302,-41.5
8303,-41.5
8304,-41.5
8305,-46.5
8306,-46.5
8307,-41.5
8308,-41.5
8309,-46.5
8310,-41.5
8311,-41.5
8312,-41.5
8313,-41.5
8314,-41.5
8315,-46.5
8316,-46.5
8317,-41.5
8318,-41.5
8319,-41.5
8320,-17.93241
8321,-12.569714
8322,-6.9660907
8323,-11.125723
8324,-5.0966387
8325,-3.9198723
8326,-7.63202
8327,-6.267334
8328,-4.856866
8329,1.5786282
8330,-1.9692249
8331,4.4928546
8332,-179.24477
8333,-135.69188
8334,-92.56669
8335,-49.95206
8336,-23.024815
8337,3.048934
8338,23.347937
8339,38.54695
8340,49.597824
8341,61.827282
8342,64.77629
8343,57.122738
8344,51.69564
8345,25.813517
8346,-3.5786715
8347,-60.024296
8348,-132.53383
8349,-8.819577
8350,-13.507933
8351,-23.349598
8352,-33.03045
8353,-47.23226
8354,-44.651714
8355,-50.677654
8356,-41.5
8357,-46.5
8358,-41.5
8359,-41.5
8360,-41.5
8361,-41.5
8362,-41.5
8363,-41.5
8364,-41.5
8365,-41.5
8366,-41.5
8367,-41.5
8368,-46.5
8369,-46.5
8370,-41.5
8371,-41.5
8372,-41.5
8373,-41.5
8374,-46.5
8375,-46.5
8376,-41.5
8377,-41.5
8378,-46.5
8379,-46.5
8380,-46.5
8381,-41.5
8382,-46.5
8383,-17.93241
8384,-12.569714
8385,-6.9661403
8386,-6.1262474
8387,-5.0991917
8388,-3.9285114
8389,-7.6550326
8390,-1.3185666
8391,0.043627717
8392,1.4040933
8393,2.7467923
8394,-0.9444283
8395,-201.09749
8396,-164.34433
8397,-123.74493
8398,-93.87935
8399,-69.24071
8400,-54.348896
8401,-33.682056
8402,-21.101694
8403,-14.705061
8404,-2.9154234
8405,15.19835
8406,29.72854
8407,39.546387
8408,52.20892
8409,59.30936
8410,61.51107
8411,33.54142
8412,-0.0809118
8413,-68.02454
8414,-156.11647
8415,-6.774404
8416,-21.489164
8417,-25.675793
8418,-34.3449
8419,-37.538113
8420,-49.368587
8421,-50.49236
8422,-41.5
8423,-41.5
8424,-41.5
8425,-41.5
8426,-46.5
8427,-46.5
8428,-41.5
8429,-46.5
8430,-46.5
8431,-46.5
8432,-41.5
8433,-46.5
8434,-46.5
8435,-41.5
8436,-41.5
8437,-41.5
8438,-41.5
8439,-41.5
8440,-41.5
8441,-46.5
8442,-41.5
8443,-46.5
8444,-46.5
8445,-46.5
8446,-46.5
8447,-41.5
8448,-46.5
8449,-41.5
8450,-41.5
8451,-41.5
8452,-46.5
8453,-41.5
8454,-22.932402
8455,-12.569322
8456,-11.962343
8457,-6.108432
8458,-10.044477
8459,-3.7992299
8460,-7.3972335
8461,-0.8608873
8462,0.7886007
8463,-2.4652886
8464,4.365489
8465,-176.10497
8466,-108.814575
8467,-60.294743
8468,-16.581171
8469,16.84502
8470,45.04875
8471,58.747124
8472,59.3668
8473,63.79202
8474,53.526947
8475,49.2099
8476,35.63805
8477,16.784403
8478,-13.985693
8479,-43.552452
8480,-89.266594
8481,-149.1717
8482,-3.6066144
8483,-11.549862
8484,-19.977793
8485,-33.596893
8486,-42.10281
8487,-40.181667
8488,-45.30741
8489,-48.838978
8490,-41.5
8491,-41.5
8492,-41.5
8493,-46.5
8494,-46.5
8495,-41.5
8496,-41.5
8497,-41.5
8498,-46.5
8499,-41.5
8500,-46.5
8501,-46.5
8502,-41.5
8503,-41.5
8504,-41.5
8505,-46.5
8506,-41.5
8507,-41.5
8508,-46.5
8509,-46.5
8510,-41.5
8511,-46.5
8512,-46.5
8513,-46.5
8514,-46.5
8515,-46.5
8516,-41.5
8517,-41.5
8518,-46.5
8519,-41.5
8520,-41.5
8521,-17.932402
8522,-12.5696945
8523,-6.966113
8524,-11.126812
8525,-5.1031322
8526,-8.9417515
8527,-7.6857214
8528,-1.3737694
8529,-0.03738652
8530,-3.6956382
8531,-2.3560328
8532,3.9747214
8533,-207.20328
8534,-156.84502
8535,-121.286095
8536,-85.38523
8537,-49.06249
8538,-22.219042
8539,0.36880484
8540,14.375108
8541,30.69283
8542,44.402954
8543,59.64566
8544,64.621254
8545,56.59915
8546,47.2902
8547,18.15604
8548,-34.643658
8549,-110.2479
8550,-206.8546
8551,-11.717046
8552,-27.029978
8553,-32.1388
8554,-41.727253
8555,-44.610317
8556,-45.97632
8557,-41.5
8558,-46.5
8559,-41.5
8560,-41.5
8561,-46.5
8562,-46.5
8563,-41.5
8564,-41.5
8565,-46.5
8566,-46.5
8567,-41.5
8568,-41.5
8569,-46.5
8570,-41.5
8571,-41.5
8572,-41.5
8573,-41.5
8574,-46.5
8575,-46.5
8576,-41.5
8577,-41.5
8578,-46.5
8579,-41.5
8580,-41.5
8581,-41.5
8582,-41.5
8583,-22.932392
8584,-12.569136
8585,-6.960185
8586,-6.095849
8587,-4.9986067
8588,-3.6777742
8589,-7.1399665
8590,-0.39671668
8591,-3.4673264
8592,-1.3744797
8593,-187.38864
8594,-115.80395
8595,-45.911377
8596,-0.20987014
8597,34.93228
8598,59.46462
8599,59.631058
8600,57.91542
8601,42.76508
8602,17.642529
8603,-5.3401265
8604,-30.463434
8605,-58.15402
8606,-89.81833
8607,-127.348045
8608,-172.63553
8609,-2.7828076
8610,-8.423463
8611,-9.864296
8612,-17.097116
8613,-29.863434
8614,-37.87869
8615,-45.838562
8616,-45.563656
8617,-43.32577
8618,-41.5
8619,-46.5
8620,-46.5
8621,-46.5
8622,-41.5
8623,-41.5
8624,-46.5
8625,-41.5
8626,-46.5
8627,-41.5
8628,-46.5
8629,-46.5
8630,-41.5
8631,-46.5
8632,-41.5
8633,-41.5
8634,-46.5
8635,-41.5
8636,-41.5
8637,-41.5
8638,-41.5
8639,-46.5
8640,-41.5
8641,-46.5
8642,-46.5
8643,-41.5
8644,-46.5
8645,-46.5
8646,-22.9324
8647,-12.569253
8648,-11.961544
8649,-6.1037016
8650,-5.0262322
8651,-3.7474015
8652,-2.280543
8653,-0.64086777
8654,-3.8486753
8655,-1.9256738
8656,0.1074479
8657,-140.15125
8658,-81.07046
8659,-23.30631
8660,16.997986
8661,44.575012
8662,55.000748
8663,59.736717
8664,61.06673
8665,46.54275
8666,37.900215
8667,20.780146
8668,-0.14078432
8669,-31.055523
8670,-63.66947
8671,-104.78329
8672,-151.6666
8673,2.4541795
8674,-4.3988323
8675,-12.013199
8676,-20.12993
8677,-28.460676
8678,-36.69957
8679,-49.057056
8680,-50.949337
8681,-41.5
8682,-46.5
8683,-41.5
8684,-41.5
8685,-41.5
8686,-46.5
8687,-41.5
8688,-41.5
8689,-41.5
8690,-46.5
8691,-46.5
8692,-46.5
8693,-41.5
8694,-46.5
8695,-46.5
8696,-46.5
8697,-46.5
8698,-41.5
8699,-46.5
8700,-46.5
8701,-46.5
8702,-41.5
8703,-41.5
8704,-46.5
8705,-41.5
8706,-41.5
8707,-41.5
8708,-41.5
8709,-41.5
8710,-46.5
8711,-46.5
8712,-41.5
8713,-22.9324
8714,-7.569213
8715,-11.961434
8716,-11.104881
8717,-5.035115
8718,-8.777021
8719,-7.346514
8720,-5.75441
8721,-4.009461
8722,2.8833976
8723,-0.079427354
8724,-144.81711
8725,-82.35133
8726,-21.166842
8727,16.524244
8728,44.57254
8729,63.045025
8730,58.33985
8731,48.06444
8732,35.25339
8733,12.000514
8734,-15.820674
8735,-48.41682
8736,-91.971535
8737,-138.18738
8738,-188.77603
8739,-0.6724122
8740,-12.035851
8741,-14.140219
8742,-21.984406
8743,-35.31395
8744,-43.85323
8745,-50.157852
8746,-49.53447
8747,-46.5
8748,-41.5
8749,-41.5
8750,-46.5
8751,-46.5
8752,-46.5
8753,-46.5
8754,-41.5
8755,-46.5
8756,-41.5
8757,-41.5
8758,-41.5
8759,-41.5
8760,-41.5
8761,-41.5
8762,-41.5
8763,-46.5
8764,-41.5
8765,-41.5
8766,-41.5
8767,-41.5
8768,-41.5
8769,-41.5
8770,-46.5
8771,-46.5
8772,-22.932402
8773,-12.569421
8774,-11.963114
8775,-6.1103253
8776,-5.0438113
8777,-3.782104
8778,-7.336772
8779,-0.72004455
8780,1.0515805
8781,-2.0393217
8782,4.9899483
8783,-143.73917
8784,-78.50034
8785,-29.425247
8786,12.05433
8787,40.357384
8788,55.795303
8789,59.634724
8790,59.023647
8791,41.40496
8792,23.380543
8793,5.4563947
8794,-27.82676
8795,-57.820396
8796,-101.37382
8797,-160.3518
8798,-2.9583519
8799,-9.680894
8800,-12.159937
8801,-20.384039
8802,-39.096676
8803,-48.02167
8804,-50.01165
8805,-50.049538
8806,-41.5
8807,-41.5
8808,-46.5
8809,-46.5
8810,-41.5
8811,-46.5
8812,-41.5
8813,-46.5
8814,-41.5
8815,-41.5
8816,-41.5
8817,-46.5
8818,-41.5
8819,-41.5
8820,-41.5
8821,-46.5
8822,-46.5
8823,-41.5
8824,-46.5
8825,-46.5
8826,-41.5
8827,-17.93241
8828,-12.569714
8829,-6.9661603
8830,-6.126457
8831,-10.100183
8832,-3.9314642
8833,-2.6612017
8834,-6.328226
8835,-4.9688582
8836,-3.6105824
8837,-2.2665806
8838,4.057322
8839,-199.61247
8840,-159.99309
8841,-115.069374
8842,-84.652824
8843,-48.702427
8844,-27.288237
8845,-5.3887
8846,17.620495
8847,32.851738
8848,40.85598
8849,56.376053
8850,63.24717
8851,64.3099
8852,56.659027
8853,36.92085
8854,-3.7801874
8855,-64.79474
8856,-144.81187
8857,-10.25536
8858,-15.204537
8859,-30.002493
8860,-39.332355
8861,-43.019844
8862,-49.763878
8863,-45.21296
8864,-46.5
8865,-41.5
8866,-41.5
8867,-41.5
8868,-41.5
8869,-41.5
8870,-46.5
8871,-41.5
8872,-46.5
8873,-41.5
8874,-41.5
8875,-46.5
8876,-41.5
8877,-41.5
8878,-41.5
8879,-46.5
8880,-41.5
8881,-41.5
8882,-41.5
8883,-41.5
8884,-46.5
8885,-41.5
8886,-41.5
8887,-41.5
8888,-46.5
8889,-41.5
8890,-46.5
8891,-41.5
8892,-22.932402
8893,-7.569497
8894,-6.9641886
8895,-11.118109
8896,-5.0773697
8897,-3.8826737
8898,-2.5705502
8899,-1.1751404
8900,-4.7292933
8901,-3.2599938
8902,3.2143054
8903,4.676434
8904,-173.827
8905,-133.02083
8906,-88.70697
8907,-60.67865
8908,-28.641943
8909,-7.1995077
8910,4.2782326
8911,16.98638
8912,32.541176
8913,42.071205
8914,45.99483
8915,58.84139
8916,59.00576
8917,63.830555
8918,49.884872
8919,27.987501
8920,-16.731989
8921,-73.82008
8922,-165.3859
8923,-7.4216986
8924,-22.199064
8925,-26.581463
8926,-40.373577
8927,-43.61768
8928,-44.81926
8929,-44.833244
8930,-41.5
8931,-41.5
8932,-41.5
8933,-41.5
8934,-41.5
8935,-41.5
8936,-46.5
8937,-46.5
8938,-41.5
8939,-46.5
8940,-46.5
8941,-46.5
8942,-46.5
8943,-46.5
8944,-41.5
8945,-46.5
8946,-41.5
8947,-46.5
8948,-41.5
8949,-46.5
8950,-41.5
8951,-46.5
8952,-41.5
8953,-41.5
8954,-41.5
8955,-46.5
8956,-41.5
8957,-46.5
8958,-46.5
8959,-41.5
8960,-46.5
8961,-22.932402
8962,-12.569577
8963,-6.9648657
8964,-6.1204247
8965,-5.081901
8966,-3.8890774
8967,-7.579386
8968,-6.1900444
8969,-4.757743
8970,1.6874439
8971,-1.8746022
8972,-0.4617815
8973,-180.40573
8974,-140.96841
8975,-102.311295
8976,-68.833336
8977,-35.074562
8978,-10.763972
8979,9.338541
8980,25.885689
8981,34.808357
8982,46.377625
8983,60.070896
8984,64.55367
8985,62.6501
8986,51.61227
8987,23.329433
8988,-10.771289
8989,-74.74219
8990,-161.9751
8991,-6.7343283
8992,-16.44938
8993,-25.997732
8994,-40.064327
8995,-48.476215
8996,-49.81565
8997,-44.937923
8998,-41.5
8999,-41.5
9000,-41.5
9001,-46.5
9002,-46.5
9003,-46.5
9004,-46.5
9005,-46.5
9006,-41.5
9007,-41.5
9008,-46.5
9009,-46.5
9010,-41.5
9011,-41.5
9012,-41.5
9013,-41.5
9014,-46.5
9015,-46.5
9016,-41.5
9017,-46.5
9018,-41.5
9019,-41.5
9020,-41.5
9021,-41.5
9022,-41.5
9023,-46.5
9024,-41.5
9025,-41.5
9026,-41.5
9027,-46.5
9028,-17.93241
9029,-7.5697145
9030,-6.9663563
9031,-6.128367
9032,-10.109214
9033,-8.959096
9034,-7.7244444
9035,-1.444446
9036,-0.147509
9037,-3.847854
9038,2.4519513
9039,-1.2519132
9040,0.03300768
9041,-166.478
9042,-131.26012
9043,-90.63366
9044,-64.42482
9045,-32.588993
9046,-10.054849
9047,3.8191638
9048,25.170898
9049,39.573666
9050,51.833405
9051,60.902077
9052,59.755795
9053,55.619743
9054,45.260536
9055,9.92545
9056,-44.683697
9057,-112.374306
9058,-214.35956
9059,-16.984125
9060,-21.681076
9061,-35.946247
9062,-39.608788
9063,-42.738987
9064,-46.317886
9065,-42.17328
9066,-41.5
9067,-46.5
9068,-41.5
9069,-41.5
9070,-41.5
9071,-46.5
9072,-46.5
9073,-46.5
9074,-41.5
9075,-46.5
9076,-46.5
9077,-41.5
9078,-46.5
9079,-46.5
9080,-41.5
9081,-41.5
9082,-41.5
9083,-46.5
9084,-46.5
9085,-41.5
9086,-46.5
9087,-41.5
9088,-46.5
9089,-41.5
9090,-46.5
9091,-41.5
9092,-41.5
9093,-41.5
9094,-17.93241
9095,-12.569705
9096,-11.965876
9097,-11.123397
9098,-10.083966
9099,-3.8750565
9100,-2.51235
9101,-6.00378
9102,-4.3548536
9103,2.4308286
9104,4.3500724
9105,-172.55458
9106,-105.30685
9107,-47.705822
9108,3.2669399
9109,36.468006
9110,51.627487
9111,64.48278
9112,56.847916
9113,46.15713
9114,29.291752
9115,7.125986
9116,-15.452931
9117,-49.51508
9118,-91.70973
9119,-148.77048
9120,-1.7264909
9121,-3.3188262
9122,-10.640669
9123,-18.682455
9124,-27.18802
9125,-45.87786
9126,-48.99808
9127,-51.372406
9128,-46.5
9129,-41.5
9130,-46.5
9131,-41.5
9132,-41.5
9133,-41.5
9134,-41.5
9135,-41.5
9136,-41.5
9137,-41.5
9138,-46.5
9139,-46.5
9140,-41.5
9141,-41.5
9142,-46.5
9143,-41.5
9144,-46.5
9145,-46.5
9146,-46.5
9147,-41.5
9148,-41.5
9149,-46.5
9150,-41.5
9151,-46.5
9152,-41.5
9153,-41.5
9154,-22.932402
9155,-7.569548
9156,-6.9647436
9157,-11.120708
9158,-5.0851526
9159,-3.8991153
9160,-2.5961497
9161,-1.2041888
9162,0.251643
9163,1.7516885
9164,3.2819865
9165,-0.17596847
9166,-170.97134
9167,-122.78803
9168,-81.81029
9169,-47.92703
9170,-15.755154
9171,5.310947
9172,21.140568
9173,28.071625
9174,42.668182
9175,45.878452
9176,52.89056
9177,63.05338
9178,64.745636
9179,60.500523
9180,42.18649
9181,15.955115
9182,-27.734465
9183,-93.09037
9184,-181.91348
9185,-14.167408
9186,-18.68504
9187,-32.82311
9188,-41.392002
9189,-39.439804
9190,-45.056625
9191,-49.310196
9192,-41.5
9193,-46.5
9194,-41.5
9195,-46.5
9196,-41.5
9197,-46.5
9198,-41.5
9199,-41.5
9200,-46.5
9201,-41.5
9202,-41.5
9203,-41.5
9204,-41.5
9205,-46.5
9206,-46.5
9207,-46.5
9208,-46.5
9209,-46.5
9210,-41.5
9211,-46.5
9212,-41.5
9213,-46.5
9214,-41.5
9215,-41.5
9216,-41.5
9217,-46.5
9218,-46.5
9219,-41.5
9220,-41.5
9221,-41.5
9222,-17.93241
9223,-12.569714
9224,-6.9662285
9225,-6.1270976
9226,-5.103151
9227,-3.9404333
9228,-7.68258
9229,-1.3723283
9230,-0.050945297
9231,-3.7525494
9232,2.497786
9233,-1.3253131
9234,-0.24789467
9235,-185.33055
9236,-162.08492
9237,-140.60535
9238,-125.5356
9239,-116.63505
9240,-113.6053
9241,-110.15517
9242,-118.32795
9243,-114.66073
9244,-115.72416
9245,-103.69179
9246,-77.38373
9247,-52.915928
9248,-18.255539
9249,21.80098
9250,45.499207
9251,59.37321
9252,50.286976
9253,7.9767528
9254,-53.950893
9255,-147.92809
9256,-7.0405345
9257,-22.04361
9258,-26.564596
9259,-40.607807
9260,-44.17878
9261,-50.198174
9262,-44.470802
9263,-46.5
9264,-46.5
9265,-46.5
9266,-46.5
9267,-41.5
9268,-46.5
9269,-46.5
9270,-46.5
9271,-41.5
9272,-46.5
9273,-41.5
9274,-41.5
9275,-46.5
9276,-41.5
9277,-46.5
9278,-46.5
9279,-46.5
9280,-46.5
9281,-41.5
9282,-46.5
9283,-46.5
9284,-41.5
9285,-46.5
9286,-46.5
9287,-41.5
9288,-46.5
9289,-46.5
9290,-41.5
9291,-41.5
9292,-46.5
9293,-17.93241
9294,-12.569714
9295,-11.966149
9296,-11.125954
9297,-5.0955877
9298,-3.9097893
9299,-7.5939293
9300,-6.168973
9301,-4.653771
9302,-3.0600538
9303,3.6099756
9304,-202.53986
9305,-140.38791
9306,-89.54646
9307,-36.368668
9308,-2.0508964
9309,32.533012
9310,47.128513
9311,62.360344
9312,59.663677
9313,55.428738
9314,45.31424
9315,29.185324
9316,11.0909815
9317,-25.522406
9318,-62.415394
9319,-116.80197
9320,-186.61584
9321,-2.6699338
9322,-16.013365
9323,-24.80386
9324,-33.75503
9325,-47.56518
9326,-49.67696
9327,-45.417126
9328,-46.5
9329,-46.5
9330,-41.5
9331,-46.5
9332,-41.5
9333,-41.5
9334,-46.5
9335,-41.5
9336,-41.5
9337,-41.5
9338,-46.5
9339,-46.5
9340,-41.5
9341,-41.5
9342,-41.5
9343,-46.5
9344,-41.5
9345,-41.5
9346,-46.5
9347,-41.5
9348,-46.5
9349,-46.5
9350,-41.5
9351,-41.5
9352,-41.5
9353,-41.5
9354,-41.5
9355,-41.5
9356,-22.932402
9357,-7.569577
9358,-11.965021
9359,-11.121914
9360,-5.088185
9361,-3.9042983
9362,-2.6029222
9363,-1.2113587
9364,0.24552627
9365,-3.2518535
9366,3.2827244
9367,-0.16738902
9368,-170.18852
9369,-116.090836
9370,-73.669235
9371,-37.816357
9372,-8.336231
9373,10.017152
9374,27.690807
9375,45.63735
9376,55.02393
9377,61.40578
9378,59.59924
9379,58.639164
9380,51.774593
9381,41.700893
9382,10.614419
9383,-24.942402
9384,-89.07362
9385,-170.31638
9386,-7.573471
9387,-16.981184
9388,-26.285322
9389,-35.163456
9390,-38.434612
9391,-44.741184
9392,-44.95571
9393,-41.5
9394,-46.5
9395,-41.5
9396,-41.5
9397,-46.5
9398,-46.5
9399,-46.5
9400,-41.5
9401,-46.5
9402,-41.5
9403,-46.5
9404,-46.5
9405,-46.5
9406,-41.5
9407,-41.5
9408,-41.5
9409,-41.5
9410,-46.5
9411,-41.5
9412,-41.5
9413,-46.5
9414,-46.5
9415,-46.5
9416,-41.5
9417,-46.5
9418,-41.5
9419,-41.5
9420,-41.5
9421,-46.5
9422,-41.5
9423,-46.5
9424,-22.932392
9425,-7.568909
9426,-11.958472
9427,-6.090704
9428,-9.990277
9429,-3.66923
9430,-2.133776
9431,-0.39139917
9432,1.544314
9433,-1.3449036
9434,-185.41658
9435,-112.956184
9436,-47.5325
9437,-1.8804868
9438,37.561188
9439,55.823406
9440,64.29956
9441,50.576283
9442,38.095356
9443,10.202593
9444,-11.1880455
9445,-45.559338
9446,-73.51783
9447,-111.63187
9448,-156.91826
9449,-1.7898643
9450,-7.2653184
9451,-8.381189
9452,-15.280009
9453,-22.953003
9454,-36.137413
9455,-39.551685
9456,-50.372883
9457,-49.08681
9458,-46.5
9459,-41.5
9460,-41.5
9461,-46.5
9462,-46.5
9463,-46.5
9464,-41.5
9465,-41.5
9466,-41.5
9467,-46.5
9468,-41.5
9469,-41.5
9470,-41.5
9471,-41.5
9472,-41.5
9473,-46.5
9474,-46.5
9475,-41.5
9476,-41.5
9477,-46.5
9478,-41.5
9479,-46.5
9480,-41.5
9481,-46.5
9482,-41.5
9483,-17.93241
9484,-12.569714
9485,-11.966228
9486,-11.126726
9487,-10.09912
9488,-3.9197185
9489,-7.6130996
9490,-1.1951816
9491,0.32319847
9492,1.9377595
9493,-1.3514066
9494,-199.47653
9495,-140.93034
9496,-79.552666
9497,-36.77809
9498,1.4794778
9499,34.7774
9500,53.236763
9501,62.695503
9502,64.623566
9503,55.33612
9504,45.395657
9505,34.59044
9506,6.9133754
9507,-19.240292
9508,-60.688583
9509,-119.70471
9510,-189.26677
9511,-7.4807277
9512,-20.854439
9513,-29.683247
9514,-33.682613
9515,-47.553658
9516,-49.70469
9517,-45.41981
9518,-41.5
9519,-41.5
9520,-41.5
9521,-46.5
9522,-46.5
9523,-41.5
9524,-46.5
9525,-41.5
9526,-41.5
9527,-41.5
9528,-41.5
9529,-41.5
9530,-41.5
9531,-41.5
9532,-46.5
9533,-41.5
9534,-46.5
9535,-41.5
9536,-41.5
9537,-46.5
9538,-46.5
9539,-46.5
9540,-46.5
9541,-41.5
9542,-46.5
9543,-46.5
9544,-22.932402
9545,-12.569332
9546,-6.962378
9547,-11.108014
9548,-5.041492
9549,-8.788552
9550,-2.3701973
9551,-0.8070362
9552,0.8783015
9553,-2.3354452
9554,4.532773
9555,-164.61688
9556,-107.96199
9557,-50.917267
9558,-14.229946
9559,22.114616
9560,38.759193
9561,51.91524
9562,63.285408
9563,64.79751
9564,62.898426
9565,53.142223
9566,45.27155
9567,38.27138
9568,20.516026
9569,-4.9751277
9570,-40.71012
9571,-94.90783
9572,-156.42662
9573,-0.14001533
9574,-18.582846
9575,-27.259634
9576,-30.852304
9577,-39.037716
9578,-41.6398
9579,-45.647545
9580,-42.88981
9581,-41.5
9582,-46.5
9583,-41.5
9584,-46.5
9585,-41.5
9586,-41.5
9587,-46.5
9588,-46.5
9589,-46.5
9590,-41.5
9591,-41.5
9592,-41.5
9593,-41.5
9594,-41.5
9595,-41.5
9596,-41.5
9597,-46.5
9598,-41.5
9599,-46.5
9600,-41.5
9601,-46.5
9602,-46.5
9603,-46.5
9604,-41.5
9605,-46.5
9606,-41.5
9607,-46.5
9608,-46.5
9609,-46.5
9610,-46.5
9611,-41.5
9612,-41.5
9613,-41.5
9614,-46.5
9615,-41.5
9616,-46.5
9617,-41.5
9618,-17.93241
9619,-7.5697145
9620,-6.9663563
9621,-6.128367
9622,-10.109222
9623,-3.9593165
9624,-7.726896
9625,-1.4577159
9626,-0.1929912
9627,-3.9626286
9628,2.2161977
9629,3.3285973
9630,4.360928
9631,-204.61552
9632,-174.68494
9633,-145.0496
9634,-130.32419
9635,-115.21755
9636,-104.37932
9637,-91.56795
9638,-89.24067
9639,-79.85508
9640,-61.328804
9641,-42.38201
9642,-18.270279
9643,8.812405
9644,35.20194
9645,55.90576
9646,59.667145
9647,49.53819
9648,14.941785
9649,-46.595757
9650,-134.01767
9651,-10.216204
9652,-14.827053
9653,-23.884554
9654,-37.416054
9655,-35.457863
9656,-43.0387
9657,-46.141827
9658,-46.94671
9659,-41.5
9660,-41.5
9661,-41.5
9662,-41.5
9663,-46.5
9664,-41.5
9665,-41.5
9666,-46.5
9667,-41.5
9668,-46.5
9669,-41.5
9670,-41.5
9671,-46.5
9672,-41.5
9673,-46.5
9674,-41.5
9675,-41.5
9676,-41.5
9677,-41.5
9678,-46.5
9679,-46.5
9680,-41.5
9681,-41.5
9682,-46.5
9683,-41.5
9684,-41.5
9685,-46.5
9686,-41.5
9687,-46.5
9688,-46.5
9689,-41.5
9690,-41.5
9691,-41.5
9692,-46.5
9693,-41.5
9694,-46.5
9695,-22.9324
9696,-12.569263
9697,-6.9616375
9698,-11.103964
9699,-5.027121
9700,-3.7497654
9701,-7.283122
9702,-5.636746
9703,-3.8216145
9704,3.1550877
9705,5.2903395
9706,-134.81491
9707,-61.56018
9708,-11.012784
9709,24.206373
9710,47.711823
9711,54.654846
9712,51.90203
9713,32.840523
9714,11.315197
9715,-25.035593
9716,-55.01608
9717,-93.717354
9718,-142.38538
9719,-187.84409
9720,0.22497882
9721,-10.269208
9722,-11.345681
9723,-18.165184
9724,-30.732212
9725,-33.790615
9726,-47.066776
9727,-51.23326
9728,-42.45227
9729,-41.5
9730,-41.5
9731,-46.5
9732,-41.5
9733,-46.5
9734,-46.5
9735,-46.5
9736,-41.5
9737,-41.5
9738,-41.5
9739,-41.5
9740,-41.5
9741,-41.5
9742,-46.5
9743,-41.5
9744,-46.5
9745,-46.5
9746,-41.5
9747,-41.5
9748,-41.5
9749,-41.5
9750,-46.5
9751,-41.5
9752,-41.5
9753,-46.5
9754,-22.932402
9755,-7.569547
9756,-6.964706
9757,-6.12055
9758,-10.0850935
9759,-3.9021199
9760,-2.6119757
9761,-6.2504916
9762,-4.848588
9763,-3.4273922
9764,-1.9945874
9765,-0.55163825
9766,-181.0366
9767,-136.94385
9768,-87.458786
9769,-47.83669
9770,-13.630354
9771,14.475707
9772,36.030205
9773,46.27214
9774,60.796894
9775,59.702442
9776,57.47656
9777,47.945267
9778,29.327862
9779,4.546472
9780,-43.83931
9781,-98.86466
9782,-184.14087
9783,-13.534558
9784,-17.887196
9785,-27.370867
9786,-36.68299
9787,-50.51133
9788,-45.784225
9789,-48.64411
9790,-46.5
9791,-46.5
9792,-46.5
9793,-46.5
9794,-46.5
9795,-41.5
9796,-46.5
9797,-46.5
9798,-41.5
9799,-41.5
9800,-46.5
9801,-46.5
9802,-41.5
9803,-46.5
9804,-46.5
9805,-46.5
9806,-41.5
9807,-46.5
9808,-46.5
9809,-46.5
9810,-46.5
9811,-46.5
9812,-41.5
9813,-46.5
9814,-46.5
9815,-46.5
9816,-22.932402
9817,-7.569508
9818,-6.964331
9819,-6.1187706
9820,-10.079613
9821,-3.889378
9822,-2.5882738
9823,-6.214616
9824,-4.804403
9825,-3.3861935
9826,3.0213456
9827,4.401008
9828,-186.32341
9829,-142.81953
9830,-110.46461
9831,-73.93249
9832,-47.87839
9833,-26.939646
9834,-15.619787
9835,-2.8329644
9836,13.112959
9837,18.563038
9838,29.294258
9839,40.339943
9840,55.643013
9841,62.994396
9842,59.29397
9843,55.525173
9844,31.74497
9845,-22.111856
9846,-84.21758
9847,-175.01263
9848,-13.713248
9849,-23.08368
9850,-31.92835
9851,-35.268074
9852,-43.153255
9853,-49.47956
9854,-50.109367
9855,-41.5
9856,-46.5
9857,-46.5
9858,-41.5
9859,-41.5
9860,-41.5
9861,-46.5
9862,-41.5
9863,-46.5
9864,-41.5
9865,-46.5
9866,-41.5
9867,-41.5
9868,-46.5
9869,-41.5
9870,-46.5
9871,-41.5
9872,-41.5
9873,-41.5
9874,-41.5
9875,-46.5
9876,-46.5
9877,-41.5
9878,-46.5
9879,-41.5
9880,-41.5
9881,-46.5
9882,-46.5
9883,-41.5
9884,-41.5
9885,-17.93241
9886,-7.5697145
9887,-11.966355
9888,-6.128289
9889,-5.108482
9890,-3.9559162
9891,-7.717137
9892,-6.4370894
9893,-5.1564565
9894,-3.902396
9895,2.3157706
9896,3.498678
9897,-0.34419656
9898,-182.92453
9899,-144.25742
9900,-108.379425
9901,-75.31283
9902,-50.48982
9903,-24.427563
9904,-2.0103319
9905,22.500483
9906,39.335938
9907,47.994865
9908,57.152058
9909,64.56005
9910,57.31265
9911,37.119003
9912,-4.773777
9913,-62.585426
9914,-144.8612
9915,-10.917362
9916,-20.959051
9917,-25.81981
9918,-40.181583
9919,-43.87021
9920,-50.10134
9921,-44.69204
9922,-41.5
9923,-46.5
9924,-41.5
9925,-41.5
9926,-46.5
9927,-41.5
9928,-46.5
9929,-41.5
9930,-46.5
9931,-46.5
9932,-41.5
9933,-41.5
9934,-46.5
9935,-41.5
9936,-41.5
9937,-41.5
9938,-46.5
9939,-46.5
9940,-41.5
9941,-46.5
9942,-46.5
9943,-46.5
9944,-41.5
9945,-41.5
9946,-46.5
9947,-46.5
9948,-41.5
9949,-41.5
9950,-41.5
9951,-22.932402
9952,-7.5693607
9953,-11.962893
9954,-6.111834
9955,-5.0573406
9956,-3.8339117
9957,-7.4731116
9958,-1.0062125
9959,-4.462802
9960,-2.8631096
9961,-1.2164634
9962,-198.06914
9963,-144.69623
9964,-88.23652
9965,-44.3409
9966,-8.36076
9967,19.613544
9968,34.859207
9969,53.16778
9970,60.89586
9971,64.40698
9972,64.39617
9973,60.84344
9974,53.009586
9975,34.519558
9976,13.61487
9977,-11.932779
9978,-60.021908
9979,-114.216064
9980,-192.50127
9981,-8.993445
9982,-22.447155
9983,-30.786253
9984,-33.70111
9985,-41.024307
9986,-42.831104
9987,-50.68555
9988,-47.05219
9989,-41.5
9990,-46.5
9991,-46.5
9992,-41.5
9993,-46.5
9994,-46.5
9995,-41.5
9996,-46.5
9997,-46.5
9998,-46.5
9999,-41.5
10000,-41.5
10001,-46.5
10002,-41.5
10003,-46.5
10004,-46.5
10005,-46.5
10006,-46.5
10007,-41.5
10008,-41.5
10009,-41.5
10010,-46.5
10011,-41.5
10012,-41.5
10013,-41.5
10014,-46.5
10015,-46.5
10016,-46.5
10017,-46.5
10018,-46.5
10019,-41.5
10020,-46.5
10021,-41.5
10022,-46.5
10023,-46.5
10024,-46.5
10025,-17.93241
10026,-7.5697145
10027,-11.966346
10028,-6.1278605
10029,-10.10428
10030,-8.936036
10031,-7.6549873
10032,-6.2860107
10033,-4.8449945
10034,-3.333543
10035,3.2587984
10036,4.939577
10037,-160.23828
10038,-98.19285
10039,-48.02786
10040,-11.27736
10041,20.86632
10042,47.918594
10043,60.392452
10044,64.71872
10045,57.353893
10046,54.023346
10047,39.655544
10048,18.369032
10049,-11.323158
10050,-56.12414
10051,-103.172325
10052,-170.30061
10053,-6.102684
10054,-14.366176
10055,-28.057714
10056,-36.892666
10057,-40.57188
10058,-48.770203
10059,-46.63294
10060,-46.5
10061,-41.5
10062,-41.5
10063,-41.5
10064,-46.5
10065,-41.5
10066,-41.5
10067,-46.5
10068,-41.5
10069,-41.5
10070,-46.5
10071,-46.5
10072,-41.5
10073,-41.5
10074,-46.5
10075,-41.5
10076,-41.5
10077,-41.5
10078,-41.5
10079,-41.5
10080,-46.5
10081,-41.5
10082,-41.5
10083,-41.5
10084,-41.5
10085,-46.5
10086,-41.5
10087,-41.5
10088,-46.5
10089,-41.5
10090,-17.932402
10091,-7.5696945
10092,-11.966145
10093,-11.127281
10094,-10.105009
10095,-3.944773
10096,-7.6828175
10097,-6.34492
10098,-4.947254
10099,1.5071723
10100,3.028036
10101,-0.37710798
10102,-173.8233
10103,-118.45051
10104,-69.19677
10105,-27.268435
10106,11.388364
10107,36.32129
10108,47.80134
10109,56.893353
10110,59.78395
10111,56.992138
10112,53.274166
10113,32.56701
10114,8.108347
10115,-27.193365
10116,-70.86399
10117,-136.06906
10118,-8.34221
10119,-12.135958
10120,-26.388725
10121,-30.805677
10122,-40.08077
10123,-48.836266
10124,-46.898056
10125,-41.5
10126,-41.5
10127,-46.5
10128,-46.5
10129,-46.5
10130,-46.5
10131,-41.5
10132,-41.5
10133,-46.5
10134,-41.5
10135,-41.5
10136,-41.5
10137,-46.5
10138,-41.5
10139,-46.5
10140,-46.5
10141,-41.5
10142,-41.5
10143,-41.5
10144,-41.5
10145,-41.5
10146,-41.5
10147,-41.5
10148,-46.5
10149,-46.5
10150,-41.5
10151,-22.932402
10152,-12.569654
10153,-11.965399
10154,-11.12164
10155,-5.080194
10156,-8.869406
10157,-2.50625
10158,-6.001855
10159,0.6336769
10160,2.3928528
10161,4.270432
10162,-171.9592
10163,-106.15564
10164,-54.587944
10165,-3.992601
10166,24.722498
10167,51.559902
10168,57.522392
10169,64.55785
10170,60.078243
10171,45.91816
10172,37.896122
10173,15.892412
10174,-1.0824746
10175,-29.60039
10176,-71.438644
10177,-113.87564
10178,-179.92093
10179,-5.715242
10180,-8.381755
10181,-16.541634
10182,-29.905962
10183,-38.17084
10184,-41.019787
10185,-50.510445
10186,-43.29067
10187,-41.5
10188,-46.5
10189,-41.5
10190,-46.5
10191,-41.5
10192,-46.5
10193,-46.5
10194,-41.5
10195,-41.5
10196,-41.5
10197,-41.5
10198,-46.5
10199,-41.5
10200,-41.5
10201,-46.5
10202,-46.5
10203,-46.5
10204,-41.5
10205,-46.5
10206,-46.5
10207,-46.5
10208,-41.5
10209,-46.5
10210,-41.5
10211,-41.5
10212,-41.5
10213,-41.5
10214,-41.5
10215,-46.5
10216,-46.5
10217,-46.5
10218,-17.93241
10219,-12.569714
10220,-6.9660916
10221,-6.12578
10222,-5.096996
10223,-8.921738
10224,-2.6387253
10225,-6.2838445
10226,-4.88758
10227,1.5303141
10228,2.961383
10229,4.397349
10230,-183.66034
10231,-136.36134
10232,-100.02723
10233,-59.75495
10234,-30.510843
10235,-7.080959
10236,11.036207
10237,24.945433
10238,36.16881
10239,45.731102
10240,54.006638
10241,55.655003
10242,64.476395
10243,63.505955
10244,55.19305
10245,36.308613
10246,-2.1037686
10247,-58.876617
10248,-130.84105
10249,-2.7285652
10250,-16.479523
10251,-24.858854
10252,-22.69572
10253,-35.039852
10254,-36.958668
10255,-43.512375
10256,-50.807915
10257,-41.53252
10258,-46.5
10259,-46.5
10260,-41.5
10261,-46.5
10262,-41.5
10263,-46.5
10264,-41.5
10265,-46.5
10266,-41.5
10267,-46.5
10268,-41.5
10269,-46.5
10270,-46.5
10271,-46.5
10272,-46.5
10273,-46.5
10274,-46.5
10275,-41.5
10276,-46.5
10277,-41.5
10278,-41.5
10279,-41.5
10280,-46.5
10281,-46.5
10282,-41.5
10283,-41.5
10284,-46.5
10285,-41.5
10286,-46.5
10287,-46.5
10288,-41.5
10289,-46.5
10290,-41.5
10291,-41.5
10292,-41.5
10293,-46.5
10294,-17.93241
10295,-7.5697145
10296,-11.966355
10297,-6.1282406
10298,-10.107981
10299,-3.9534943
10300,-2.7090964
10301,-1.4164273
10302,-0.11437186
10303,-3.8344343
10304,-2.5992725
10305,-1.4315501
10306,4.6474733
10307,-193.38664
10308,-158.39314
10309,-134.09073
10310,-119.96108
10311,-105.66097
10312,-90.87688
10313,-89.49237
10314,-84.11755
10315,-72.26555
10316,-61.719875
10317,-50.846203
10318,-29.374664
10319,1.1137592
10320,27.568413
10321,45.459667
10322,53.672863
10323,54.93025
10324,22.806185
10325,-31.332699
10326,-107.67652
10327,-2.663032
10328,-17.687754
10329,-22.274511
10330,-31.429712
10331,-45.16822
10332,-43.500942
10333,-51.686237
10334,-41.651455
10335,-46.5
10336,-46.5
10337,-41.5
10338,-41.5
10339,-41.5
10340,-41.5
10341,-41.5
10342,-46.5
10343,-46.5
10344,-41.5
10345,-41.5
10346,-41.5
10347,-41.5
10348,-41.5
10349,-46.5
10350,-41.5
10351,-46.5
10352,-41.5
10353,-46.5
10354,-41.5
10355,-41.5
10356,-41.5
10357,-41.5
10358,-41.5
10359,-41.5
10360,-41.5
10361,-41.5
10362,-41.5
10363,-22.932402
10364,-7.5693803
10365,-11.963075
10366,-6.1125937
10367,-5.05892
10368,-3.8350184
10369,-7.469692
10370,-0.9913127
10371,0.5711964
10372,-2.8066316
10373,3.8566787
10374,-195.45958
10375,-138.1943
10376,-88.66948
10377,-52.232742
10378,-13.787632
10379,12.070766
10380,26.04398
10381,39.167988
10382,52.89713
10383,58.734753
10384,62.569893
10385,59.61766
10386,64.39094
10387,55.647717
10388,51.492386
10389,34.372322
10390,5.93624
10391,-37.964767
10392,-106.22649
10393,-195.4838
10394,-14.127039
10395,-17.978569
10396,-26.48559
10397,-34.46297
10398,-41.956894
10399,-43.79952
10400,-50.860035
10401,-41.5
10402,-46.5
10403,-41.5
10404,-41.5
10405,-46.5
10406,-46.5
10407,-46.5
10408,-46.5
10409,-46.5
10410,-46.5
10411,-41.5
10412,-41.5
10413,-46.5
10414,-46.5
10415,-46.5
10416,-46.5
10417,-41.5
10418,-46.5
10419,-41.5
10420,-46.5
10421,-46.5
10422,-41.5
10423,-41.5
10424,-41.5
10425,-46.5
10426,-41.5
10427,-41.5
10428,-41.5
10429,-41.5
10430,-41.5
10431,-41.5
10432,-46.5
10433,-41.5
10434,-41.5
10435,-41.5
10436,-17.93241
10437,-7.5697145
10438,-6.9663553
10439,-6.1283393
10440,-10.109102
10441,-3.958967
10442,-2.7261927
10443,-6.4570136
10444,-5.1944723
10445,-3.971345
10446,-2.8047647
10447,3.2960782
10448,4.328996
10449,-204.86124
10450,-167.52457
10451,-138.71788
10452,-117.937996
10453,-89.99279
10454,-69.79137
10455,-56.56612
10456,-33.697346
10457,-15.032739
10458,-0.23685996
10459,20.055502
10460,38.948578
10461,58.392807
10462,59.689167
10463,58.526756
10464,24.940756
10465,-20.93231
10466,-86.83056
10467,-187.57408
10468,-9.8117695
10469,-24.403282
10470,-28.391851
10471,-41.81139
10472,-44.722595
10473,-50.100796
10474,-44.13057
10475,-41.5
10476,-46.5
10477,-41.5
10478,-41.5
10479,-46.5
10480,-41.5
10481,-46.5
10482,-41.5
10483,-41.5
10484,-41.5
10485,-46.5
10486,-46.5
10487,-41.5
10488,-46.5
10489,-46.5
10490,-41.5
10491,-46.5
10492,-46.5
10493,-41.5
10494,-46.5
10495,-41.5
10496,-41.5
10497,-41.5
10498,-41.5
10499,-41.5
10500,-46.5
10501,-46.5
10502,-46.5
10503,-41.5
10504,-46.5
10505,-41.5
10506,-46.5
10507,-46.5
10508,-17.93241
10509,-7.5697145
10510,-11.966346
10511,-11.127831
10512,-10.103858
10513,-3.9326642
10514,-7.6391773
10515,-1.2362288
10516,0.27102357
10517,-3.1163197
10518,3.6057208
10519,-200.18347
10520,-140.05865
10521,-76.86451
10522,-32.43329
10523,11.838338
10524,40.103657
10525,52.299805
10526,59.353813
10527,63.00819
10528,54.85915
10529,40.71412
10530,20.544748
10531,-6.521491
10532,-46.93648
10533,-87.30971
10534,-149.71191
10535,-2.6641717
10536,-10.088522
10537,-18.19469
10538,-26.729233
10539,-40.412014
10540,-43.94714
10541,-45.102993
10542,-44.563057
10543,-46.5
10544,-41.5
10545,-46.5
10546,-46.5
10547,-41.5
10548,-41.5
10549,-41.5
10550,-41.5
10551,-41.5
10552,-46.5
10553,-41.5
10554,-41.5
10555,-41.5
10556,-46.5
10557,-41.5
10558,-41.5
10559,-46.5
10560,-41.5
10561,-46.5
10562,-46.5
10563,-46.5
10564,-46.5
10565,-41.5
10566,-41.5
10567,-46.5
10568,-41.5
10569,-41.5
10570,-41.5
10571,-46.5
10572,-17.93241
10573,-12.569714
10574,-6.9661984
10575,-11.126782
10576,-5.1016607
10577,-3.9355783
10578,-2.6698134
10579,-6.343948
10580,0.003999221
10581,1.3425484
10582,2.6486928
10583,-1.1016058
10584,5.065827
10585,-171.32124
10586,-140.03482
10587,-115.37733
10588,-96.9825
10589,-89.59855
10590,-83.002914
10591,-76.26069
10592,-82.21279
10593,-78.42766
10594,-77.40372
10595,-76.746284
10596,-64.877174
10597,-41.605278
10598,-22.834352
10599,4.2954764
10600,36.015762
10601,51.625996
10602,59.67572
10603,50.071857
10604,20.021832
10605,-30.57542
10606,-99.87704
10607,-190.84955
10608,-13.401962
10609,-16.6617
10610,-19.639565
10611,-32.209396
10612,-34.07642
10613,-39.916668
10614,-43.981148
10615,-49.110386
10616,-46.5
10617,-41.5
10618,-41.5
10619,-40.06681
10620,-36.55559
10621,-40.887447
10622,-43.336193
10623,-41.835983
10624,-43.5813
10625,-46.5
10626,-41.5
10627,-46.5
10628,-46.5
10629,-41.5
10630,-46.5
10631,-46.5
10632,-46.5
10633,-46.5
10634,-41.5
10635,-46.5
10636,-46.5
10637,-41.5
10638,-41.5
10639,-41.5
10640,-41.5
10641,-46.5
10642,-46.5
10643,-41.5
10644,-46.5
10645,-41.5
10646,-46.5
10647,-46.5
10648,-41.5
10649,-41.5
10650,-41.5
10651,-46.5
10652,-41.5
10653,-41.5
10654,-46.5
10655,-46.5
10656,-22.932402
10657,-7.5696244
10658,-11.965425
10659,-11.123745
10660,-10.093401
10661,-3.9158719
10662,-7.625614
10663,-1.2519215
10664,0.17943501
10665,-3.350435
10666,3.146559
10667,-0.3452244
10668,-172.66731
10669,-129.60664
10670,-88.42001
10671,-49.10162
10672,-21.38637
10673,0.2062978
10674,11.407767
10675,28.469786
10676,37.998554
10677,41.124218
10678,53.377064
10679,54.62559
10680,63.90142
10681,59.42291
10682,53.738598
10683,38.626408
10684,10.013692
10685,-41.27962
10686,-107.73031
10687,-194.57501
10688,-14.122544
10689,-17.742737
10690,-30.916101
10691,-33.68355
10692,-41.104107
10693,-48.22973
10694,-46.019764
10695,-41.743717
10696,-46.5
10697,-46.5
10698,-46.5
10699,-41.5
10700,-41.5
10701,-46.5
10702,-41.5
10703,-46.5
10704,-41.5
10705,-41.5
10706,-46.5
10707,-46.5
10708,-46.5
10709,-46.5
10710,-41.5
10711,-41.5
10712,-46.5
10713,-46.5
10714,-41.5
10715,-46.5
10716,-41.5
10717,-41.5
10718,-41.5
10719,-41.5
10720,-41.5
10721,-46.5
10722,-46.5
10723,-46.5
10724,-46.5
10725,-17.932402
10726,-12.569703
10727,-11.966026
10728,-6.1255593
10729,-5.095855
10730,-8.916401
10731,-7.6213865
10732,-1.2411456
10733,0.20007811
10734,1.6889803
10735,-1.7785263
10736,4.7898107
10737,-165.38297
10738,-114.30461
10739,-74.8956
10740,-32.52766
10741,-2.3340936
10742,15.866719
10743,37.698906
10744,44.397163
10745,57.392887
10746,57.493156
10747,64.76295
10748,63.480286
10749,52.118103
10750,38.548393
10751,15.100575
10752,-16.564808
10753,-70.45744
10754,-150.12067
10755,-10.212906
10756,-19.307169
10757,-23.318834
10758,-36.93148
10759,-39.97076
10760,-47.505486
10761,-50.943348
10762,-42.30219
10763,-41.5
10764,-46.5
10765,-41.5
10766,-46.5
10767,-46.5
10768,-41.5
10769,-41.5
10770,-46.5
10771,-41.5
10772,-41.5
10773,-41.5
10774,-41.5
10775,-46.5
10776,-41.5
10777,-41.5
10778,-41.5
10779,-46.5
10780,-46.5
10781,-46.5
10782,-41.5
10783,-41.5
10784,-41.5
10785,-41.5
10786,-46.5
10787,-46.5
10788,-41.5
10789,-41.5
10790,-46.5
10791,-41.5
10792,-41.5
10793,-22.932402
10794,-12.569479
10795,-6.9638677
10796,-6.115545
10797,-5.0663257
10798,-3.8512654
10799,-7.5029063
10800,-6.054118
10801,0.4619725
10802,-2.9815662
10803,-1.4022187
10804,5.183104
10805,-157.6709
10806,-109.35892
10807,-63.097393
10808,-28.741247
10809,-1.0138078
10810,20.480482
10811,36.36986
10812,47.75108
10813,50.887573
10814,61.45783
10815,64.46792
10816,59.21786
10817,54.270847
10818,47.632282
10819,26.791456
10820,-11.437033
10821,-55.935932
10822,-130.19992
10823,-7.932609
10824,-11.8039875
10825,-20.58954
10826,-28.976034
10827,-31.787998
10828,-39.084095
10829,-49.556725
10830,-49.532387
10831,-41.5
10832,-46.5
10833,-46.5
10834,-46.5
10835,-46.5
10836,-46.5
10837,-41.5
10838,-46.5
10839,-46.5
10840,-41.5
10841,-41.5
10842,-41.5
10843,-46.5
10844,-41.5
10845,-46.5
10846,-41.5
10847,-41.5
10848,-46.5
10849,-46.5
10850,-41.5
10851,-46.5
10852,-46.5
10853,-41.5
10854,-41.5
10855,-41.5
10856,-41.5
10857,-46.5
10858,-46.5
10859,-41.5
10860,-41.5
10861,-46.5
10862,-41.5
10863,-41.5
10864,-41.5
10865,-46.5
10866,-41.5
10867,-17.93241
10868,-12.569714
10869,-11.966248
10870,-11.127123
10871,-10.102282
10872,-8.93414
10873,-2.6578124
10874,-1.3004218
10875,-4.880475
10876,1.5938584
10877,3.122331
10878,4.7003713
10879,-172.69383
10880,-120.16685
10881,-74.23155
10882,-35.439514
10883,0.9484385
10884,25.00861
10885,42.278374
10886,48.893803
10887,56.112747
10888,59.52603
10889,58.968876
10890,58.482376
10891,41.348156
10892,20.360317
10893,-12.163558
10894,-59.539593
10895,-125.69054
10896,-7.346396
10897,-11.424855
10898,-25.702108
10899,-34.867844
10900,-43.607407
10901,-41.75291
10902,-45.956882
10903,-42.830547
10904,-41.5
10905,-41.5
10906,-41.5
10907,-41.5
10908,-46.5
10909,-41.5
10910,-46.5
10911,-46.5
10912,-41.5
10913,-41.5
10914,-46.5
10915,-41.5
10916,-46.5
10917,-41.5
10918,-46.5
10919,-46.5
10920,-41.5
10921,-46.5
10922,-46.5
10923,-41.5
10924,-41.5
10925,-41.5
10926,-46.5
10927,-46.5
10928,-41.5
10929,-41.5
10930,-46.5
10931,-22.932402
10932,-12.569332
10933,-11.962486
10934,-11.1089945
10935,-10.045762
10936,-8.800083
10937,-2.3911066
10938,-0.83118343
10939,-4.129686
10940,-2.2936397
10941,4.6700807
10942,-155.68445
10943,-89.44153
10944,-33.440586
10945,5.4706035
10946,41.289474
10947,53.999172
10948,64.7159
10949,55.639606
10950,49.44026
10951,33.03593
10952,7.2121816
10953,-13.280513
10954,-49.62931
10955,-88.5598
10956,-136.86476
10957,-196.80302
10958,-1.6487192
10959,-13.789613
10960,-16.669468
10961,-25.029324
10962,-38.585274
10963,-47.03602
10964,-51.23246
10965,-47.566013
10966,-41.5
10967,-41.5
10968,-46.5
10969,-46.5
10970,-41.5
10971,-41.5
10972,-46.5
10973,-41.5
10974,-46.5
10975,-46.5
10976,-41.5
10977,-41.5
10978,-46.5
10979,-46.5
10980,-46.5
10981,-41.5
10982,-46.5
10983,-46.5
10984,-46.5
10985,-46.5
10986,-41.5
10987,-41.5
10988,-46.5
10989,-46.5
10990,-41.5
10991,-46.5
10992,-17.93241
10993,-12.569713
10994,-11.965954
10995,-11.124346
10996,-10.089615
10997,-8.896528
10998,-7.5725565
10999,-1.1393735
11000,0.3880674
11001,2.0045469
11002,3.7113132
11003,-197.43484
11004,-134.47424
11005,-83.709785
11006,-31.61761
11007,5.886331
11008,33.51255
11009,51.672386
11010,61.51512
11011,64.76325
11012,57.937004
11013,56.75564
11014,46.127884
11015,30.154274
11016,7.2980285
11017,-24.277018
11018,-71.88046
11019,-123.50746
11020,-197.78496
11021,-4.090313
11022,-17.569143
11023,-26.242971
11024,-34.807045
11025,-42.945568
11026,-49.456116
11027,-45.25171
11028,-41.5
11029,-41.5
11030,-41.5
11031,-46.5
11032,-46.5
11033,-41.5
11034,-41.5
11035,-46.5
11036,-46.5
11037,-46.5
11038,-46.5
11039,-41.5
11040,-46.5
11041,-46.5
11042,-41.5
11043,-41.5
11044,-41.5
11045,-41.5
11046,-41.5
11047,-46.5
11048,-41.5
11049,-41.5
11050,-46.5
11051,-41.5
11052,-41.5
11053,-41.5
11054,-46.5
11055,-41.5
11056,-41.5
11057,-41.5
11058,-46.5
11059,-46.5
11060,-46.5
11061,-46.5
11062,-22.932402
11063,-7.569439
11064,-6.9636416
11065,-6.11552
11066,-5.0696096
11067,-3.8659503
11068,-7.5432425
11069,-6.1404943
11070,0.3035246
11071,1.7564973
11072,-1.8046709
11073,4.5966573
11074,-184.37752
11075,-137.21535
11076,-107.138565
11077,-78.64317
11078,-51.074646
11079,-38.73495
11080,-25.849388
11081,-11.086518
11082,-2.4171023
11083,6.8968353
11084,12.967667
11085,26.012754
11086,44.92095
11087,52.17569
11088,64.2585
11089,56.73414
11090,34.283543
11091,1.4559506
11092,-60.31534
11093,-151.72226
11094,-11.195853
11095,-20.765764
11096,-24.788673
11097,-38.28167
11098,-36.29413
11099,-48.763496
11100,-46.25824
11101,-46.5
11102,-41.5
11103,-41.5
11104,-41.5
11105,-46.5
11106,-41.5
11107,-41.5
11108,-41.5
11109,-41.5
11110,-41.5
11111,-46.5
11112,-46.5
11113,-41.5
11114,-41.5
11115,-41.5
11116,-41.5
11117,-41.5
11118,-46.5
11119,-41.5
11120,-41.5
11121,-41.5
11122,-41.5
11123,-41.5
11124,-41.5
11125,-41.5
11126,-41.5
11127,-41.5
11128,-46.5
11129,-46.5
11130,-41.5
11131,-41.5
11132,-46.5
11133,-46.5
11134,-41.5
11135,-41.5
11136,-17.93241
11137,-7.5697145
11138,-6.9663563
11139,-11.128366
11140,-5.1091638
11141,-3.9588287
11142,-2.725168
11143,-6.454413
11144,-5.190726
11145,-3.9700153
11146,-2.8162277
11147,-1.7485912
11148,4.219164
11149,5.0801682
11150,-184.62337
11151,-156.79332
11152,-137.9667
11153,-127.69218
11154,-115.61501
11155,-100.59157
11156,-90.25067
11157,-82.35691
11158,-65.29504
11159,-43.374054
11160,-17.397285
11161,15.132992
11162,40.525665
11163,58.952232
11164,54.39475
11165,45.1727
11166,5.9881763
11167,-60.437756
11168,-152.9551
11169,-12.248024
11170,-21.966059
11171,-31.155619
11172,-34.842175
11173,-43.059044
11174,-44.595245
11175,-45.167732
11176,-41.5
11177,-46.5
11178,-46.5
11179,-41.5
11180,-46.5
11181,-41.5
11182,-46.5
11183,-41.5
11184,-46.5
11185,-41.5
11186,-41.5
11187,-41.5
11188,-46.5
11189,-46.5
11190,-41.5
11191,-46.5
11192,-46.5
11193,-46.5
11194,-46.5
11195,-46.5
11196,-46.5
11197,-41.5
11198,-46.5
11199,-46.5
11200,-41.5
11201,-41.5
11202,-41.5
11203,-41.5
11204,-46.5
11205,-46.5
11206,-41.5
11207,-46.5
11208,-46.5
11209,-22.932402
11210,-12.569627
11211,-11.965444
11212,-6.1234865
11213,-5.0916324
11214,-3.910872
11215,-7.6179256
11216,-1.2478243
11217,0.1669398
11218,1.6032342
11219,3.0484288
11220,4.488576
11221,-180.82642
11222,-134.8064
11223,-100.306335
11224,-67.26195
11225,-35.450623
11226,-14.507335
11227,1.1590271
11228,7.7313824
11229,21.930244
11230,30.13992
11231,38.270157
11232,41.679092
11233,54.90843
11234,61.613506
11235,59.766552
11236,56.57603
11237,48.371136
11238,21.111303
11239,-33.026043
11240,-94.84359
11241,-167.8966
11242,-11.044972
11243,-13.547545
11244,-20.631311
11245,-22.351137
11246,-28.756716
11247,-39.8796
11248,-45.619686
11249,-49.327988
11250,-43.47345
11251,-41.5
11252,-41.5
11253,-46.5
11254,-41.5
11255,-46.5
11256,-46.5
11257,-40.72637
11258,-39.311256
11259,-40.6136
11260,-47.450626
11261,-41.669106
11262,-46.5
11263,-41.5
11264,-41.5
11265,-41.5
11266,-46.5
11267,-41.5
11268,-41.5
11269,-41.5
11270,-41.5
11271,-41.5
11272,-46.5
11273,-46.5
11274,-41.5
11275,-41.5
11276,-41.5
11277,-46.5
11278,-46.5
11279,-46.5
11280,-46.5
11281,-41.5
11282,-41.5
11283,-46.5
11284,-41.5
11285,-46.5
11286,-41.5
11287,-41.5
11288,-17.93241
11289,-12.569714
11290,-11.96611
11291,-6.125894
11292,-10.097387
11293,-3.9224067
11294,-2.6390648
11295,-1.2836615
11296,0.10909159
11297,-3.4894178
11298,2.8996546
11299,-0.7466218
11300,-192.85376
11301,-155.90979
11302,-115.742165
11303,-86.879395
11304,-63.730835
11305,-50.719772
11306,-32.23463
11307,-22.065228
11308,-13.203992
11309,-3.868096
11310,7.1961813
11311,20.494055
11312,30.343931
11313,49.7514
11314,55.796604
11315,64.6685
11316,51.59397
11317,21.357466
11318,-19.91373
11319,-88.63435
11320,-183.46513
11321,-8.480768
11322,-22.184713
11323,-25.430828
11324,-28.255953
11325,-40.69743
11326,-42.77953
11327,-45.818897
11328,-42.07054
11329,-41.5
11330,-46.5
11331,-46.5
11332,-46.5
11333,-41.5
11334,-46.5
11335,-41.5
11336,-41.5
11337,-41.5
11338,-41.5
11339,-46.5
11340,-46.5
11341,-46.5
11342,-41.5
11343,-46.5
11344,-46.5
11345,-46.5
11346,-46.5
11347,-46.5
11348,-41.5
11349,-41.5
11350,-41.5
11351,-41.5
11352,-41.5
11353,-41.5
11354,-41.5
11355,-46.5
11356,-41.5
11357,-41.5
11358,-41.5
11359,-41.5
11360,-41.5
11361,-41.5
11362,-41.5
11363,-41.5
11364,-41.5
11365,-17.93241
11366,-7.5697145
11367,-6.9663563
11368,-11.128357
11369,-5.108585
11370,-8.953236
11371,-2.698655
11372,-1.3718367
11373,0.00717127
11374,-3.5731137
11375,2.8827467
11376,-0.6343969
11377,-187.8481
11378,-133.15341
11379,-94.59865
11380,-52.35448
11381,-26.40732
11382,3.4133239
11383,22.562614
11384,32.083008
11385,48.296318
11386,56.87946
11387,62.70831
11388,59.78887
11389,56.209965
11390,49.391205
11391,26.253119
11392,-11.876041
11393,-79.246056
11394,-154.50357
11395,-11.332589
11396,-15.973531
11397,-25.491806
11398,-34.56562
11399,-48.015694
11400,-49.652897
11401,-50.216785
11402,-46.5
11403,-46.5
11404,-41.5
11405,-41.5
11406,-41.5
11407,-46.5
11408,-46.5
11409,-41.5
11410,-41.5
11411,-41.5
11412,-41.5
11413,-46.5
11414,-41.5
11415,-41.5
11416,-46.5
11417,-41.5
11418,-41.5
11419,-41.5
11420,-46.5
11421,-41.5
11422,-41.5
11423,-41.5
11424,-41.5
11425,-46.5
11426,-41.5
11427,-46.5
11428,-41.5
11429,-46.5
11430,-41.5
11431,-41.5
11432,-46.5
11433,-17.93241
11434,-7.5697145
11435,-11.966354
11436,-11.127939
11437,-10.105008
11438,-8.938929
11439,-7.662544
11440,-1.3021842
11441,-4.8764987
11442,-3.390318
11443,-1.836346
11444,-0.20995656
11445,-167.31718
11446,-106.94585
11447,-62.974693
11448,-16.552748
11449,16.377674
11450,40.33262
11451,50.57963
11452,63.235394
11453,64.56406
11454,60.182465
11455,44.950188
11456,27.937994
11457,7.590171
11458,-27.918922
11459,-80.86254
11460,-139.20609
11461,-3.2715316
11462,-11.711396
11463,-25.599743
11464,-34.648403
11465,-43.555454
11466,-47.00692
11467,-46.159164
11468,-47.667755
11469,-46.5
11470,-41.5
11471,-46.5
11472,-41.5
11473,-41.5
11474,-41.5
11475,-41.5
11476,-46.5
11477,-46.5
11478,-46.5
11479,-41.5
11480,-46.5
11481,-41.5
11482,-41.5
11483,-46.5
11484,-41.5
11485,-41.5
11486,-46.5
11487,-46.5
11488,-41.5
11489,-46.5
11490,-46.5
11491,-41.5
11492,-41.5
11493,-41.5
11494,-46.5
11495,-46.5
11496,-17.93241
11497,-12.569714
11498,-6.9661307
11499,-11.126152
11500,-10.098542
11501,-3.9249496
11502,-2.6410565
11503,-6.278426
11504,0.13392317
11505,1.5731757
11506,-1.9763377
11507,4.4670835
11508,-186.62323
11509,-140.6128
11510,-95.92712
11511,-62.172905
11512,-33.849255
11513,-10.491389
11514,3.3802955
11515,18.665081
11516,36.576694
11517,47.724995
11518,56.942673
11519,63.19853
11520,64.49593
11521,53.096848
11522,35.78102
11523,3.7984214
11524,-47.131138
11525,-120.75808
11526,-7.921612
11527,-12.607725
11528,-27.167677
11529,-36.283863
11530,-39.777737
11531,-42.713943
11532,-46.20627
11533,-47.190845
11534,-46.5
11535,-41.5
11536,-41.5
11537,-41.5
11538,-46.5
11539,-41.5
11540,-41.5
11541,-41.5
11542,-46.5
11543,-41.5
11544,-41.5
11545,-46.5
11546,-46.5
11547,-46.5
11548,-41.5
11549,-46.5
11550,-41.5
11551,-46.5
11552,-41.5
11553,-41.5
11554,-46.5
11555,-41.5
11556,-46.5
11557,-41.5
11558,-41.5
11559,-46.5
11560,-41.5
11561,-41.5
11562,-41.5
11563,-41.5
11564,-41.5
11565,-41.5
11566,-17.93241
11567,-12.569713
11568,-6.966003
11569,-6.1248817
11570,-10.092696
11571,-8.908113
11572,-2.6047325
11573,-6.2113886
11574,0.24881153
11575,-3.2363281
11576,3.3334706
11577,-0.041238736
11578,-162.21736
11579,-108.57168
11580,-56.503696
11581,-21.837006
11582,14.791125
11583,38.116695
11584,53.495354
11585,61.999798
11586,64.789345
11587,62.36409
11588,49.50107
11589,35.240044
11590,18.007627
11591,-19.074635
11592,-58.343864
11593,-122.820335
11594,-196.15317
11595,-9.480897
11596,-23.37239
11597,-27.430494
11598,-36.350994
11599,-39.819935
11600,-45.35239
11601,-49.077347
11602,-46.5
11603,-41.5
11604,-46.5
11605,-46.5
11606,-46.5
11607,-41.5
11608,-41.5
11609,-41.5
11610,-41.5
11611,-46.5
11612,-46.5
11613,-41.5
11614,-46.5
11615,-41.5
11616,-46.5
11617,-41.5
11618,-41.5
11619,-41.5
11620,-46.5
11621,-41.5
11622,-41.5
11623,-46.5
11624,-46.5
11625,-41.5
11626,-41.5
11627,-41.5
11628,-41.5
11629,-46.5
11630,-46.5
11631,-17.93241
11632,-12.569705
11633,-6.965916
11634,-6.1240816
11635,-10.088993
11636,-3.8968744
11637,-7.5785832
11638,-6.1606364
11639,-4.6640024
11640,-3.0974083
11641,3.5434675
11642,0.26274288
11643,-148.8558
11644,-87.87897
11645,-39.267242
11646,-4.3216357
11647,30.968246
11648,46.235058
11649,57.019836
11650,64.708046
11651,60.665527
11652,45.530983
11653,29.150763
11654,10.561225
11655,-26.798618
11656,-69.69009
11657,-120.31705
11658,-191.5913
11659,-3.2090364
11660,-21.619717
11661,-30.47235
11662,-34.48369
11663,-48.358143
11664,-45.033485
11665,-44.924362
11666,-41.5
11667,-41.5
11668,-41.5
11669,-41.5
11670,-41.5
11671,-46.5
11672,-41.5
11673,-41.5
11674,-46.5
11675,-46.5
11676,-41.5
11677,-41.5
11678,-46.5
11679,-46.5
11680,-46.5
11681,-46.5
11682,-41.5
11683,-41.5
11684,-41.5
11685,-46.5
11686,-41.5
11687,-41.5
11688,-41.5
11689,-41.5
11690,-46.5
11691,-17.93241
11692,-7.5697145
11693,-11.966356
11694,-11.128319
11695,-5.1085253
11696,-8.954681
11697,-2.7083323
11698,-6.4042406
11699,-5.068865
11700,1.2835922
11701,2.6502118
11702,-0.97282857
11703,-198.36792
11704,-155.8985
11705,-113.42065
11706,-70.88678
11707,-38.32393
11708,-10.859256
11709,6.487814
11710,29.280151
11711,38.484108
11712,49.49955
11713,56.984325
11714,64.780106
11715,55.841854
11716,47.47408
11717,21.503176
11718,-25.806805
11719,-93.71835
11720,-180.78127
11721,-8.748886
11722,-18.671244
11723,-33.45404
11724,-42.77663
11725,-46.46311
11726,-46.10578
11727,-48.036465
11728,-41.5
11729,-46.5
11730,-41.5
11731,-41.5
11732,-46.5
11733,-41.5
11734,-41.5
11735,-41.5
11736,-46.5
11737,-46.5
11738,-41.5
11739,-41.5
11740,-41.5
11741,-41.5
11742,-46.5
11743,-46.5
11744,-41.5
11745,-41.5
11746,-46.5
11747,-41.5
11748,-46.5
11749,-41.5
11750,-41.5
11751,-41.5
11752,-46.5
11753,-41.5
11754,-41.5
11755,-22.932402
11756,-12.569439
11757,-11.963553
11758,-11.114523
11759,-10.063916
11760,-3.8448207
11761,-7.4840946
11762,-1.0045108
11763,0.5736724
11764,-2.7640731
11765,-1.0268872
11766,-187.80571
11767,-131.46132
11768,-72.78425
11769,-32.737465
11770,8.123197
11771,34.631638
11772,47.143227
11773,56.66764
11774,64.77347
11775,62.849255
11776,51.504955
11777,40.551006
11778,29.00671
11779,0.2775758
11780,-27.513472
11781,-71.71698
11782,-130.37692
11783,-1.9485264
11784,-5.0654407
11785,-18.659216
11786,-32.434387
11787,-36.08256
11788,-44.28556
11789,-45.01699
11790,-44.415245
11791,-41.5
11792,-46.5
11793,-46.5
11794,-41.5
11795,-46.5
11796,-46.5
11797,-41.5
11798,-41.5
11799,-41.5
11800,-46.5
11801,-46.5
11802,-41.5
11803,-46.5
11804,-46.5
11805,-46.5
11806,-41.5
11807,-46.5
11808,-41.5
11809,-41.5
11810,-41.5
11811,-46.5
11812,-46.5
11813,-41.5
11814,-46.5
11815,-41.5
11816,-46.5
11817,-46.5
11818,-41.5
11819,-41.5
11820,-46.5
11821,-41.5
11822,-41.5
11823,-17.93241
11824,-12.569704
11825,-6.96575
11826,-6.1224957
11827,-5.081502
11828,-8.874114
11829,-7.5268636
11830,-1.0645009
11831,0.4908854
11832,-2.8751805
11833,3.8296764
11834,-194.00151
11835,-133.12552
11836,-79.75418
11837,-34.871838
11838,-3.9696481
11839,22.942223
11840,46.420288
11841,57.643246
11842,58.28252
11843,64.81625
11844,62.91247
11845,57.42365
11846,42.406044
11847,31.243952
11848,6.9364543
11849,-27.99957
11850,-81.70955
11851,-142.95335
11852,-4.0436234
11853,-12.626838
11854,-21.406631
11855,-35.068363
11856,-38.292576
11857,-40.906776
11858,-45.381172
11859,-48.376793
11860,-46.5
11861,-46.5
11862,-41.5
11863,-41.5
11864,-46.5
11865,-41.5
11866,-41.5
11867,-41.5
11868,-41.5
11869,-41.5
11870,-46.5
11871,-46.5
11872,-41.5
11873,-46.5
11874,-41.5
11875,-41.5
11876,-46.5
11877,-41.5
11878,-46.5
11879,-41.5
11880,-41.5
11881,-46.5
11882,-41.5
11883,-46.5
11884,-46.5
11885,-41.5
11886,-46.5
11887,-41.5
11888,-46.5
11889,-41.5
11890,-46.5
11891,-46.5
11892,-46.5
11893,-41.5
11894,-17.93241
11895,-12.569714
11896,-11.966218
11897,-11.126572
11898,-10.0980015
11899,-3.9158924
11900,-7.6056724
11901,-1.1873915
11902,-4.6782794
11903,1.9106308
11904,3.5744529
11905,-204.32785
11906,-148.09312
11907,-93.80931
11908,-42.600464
11909,-10.114301
11910,23.476105
11911,38.546318
11912,51.094788
11913,57.68854
11914,64.81289
11915,58.200798
11916,52.78018
11917,47.6608
11918,26.235033
11919,1.4528984
11920,-34.272507
11921,-84.243385
11922,-147.4288
11923,-4.7005506
11924,-18.513285
11925,-27.566265
11926,-31.54539
11927,-40.131374
11928,-43.15237
11929,-51.39355
11930,-46.894653
11931,-41.5
11932,-46.5
11933,-41.5
11934,-46.5
11935,-46.5
11936,-46.5
11937,-41.5
11938,-41.5
11939,-41.5
11940,-41.5
11941,-41.5
11942,-41.5
11943,-46.5
11944,-41.5
11945,-46.5
11946,-46.5
11947,-41.5
11948,-41.5
11949,-41.5
11950,-46.5
11951,-46.5
11952,-41.5
11953,-41.5
11954,-46.5
11955,-46.5
11956,-46.5
11957,-46.5
11958,-41.5
11959,-17.93241
11960,-12.569714
11961,-6.966247
11962,-11.12725
11963,-10.103709
11964,-8.940673
11965,-7.676984
11966,-6.344871
11967,0.030986259
11968,-3.5619938
11969,2.8750408
11970,-0.6595034
11971,-183.86385
11972,-138.54189
11973,-93.52345
11974,-54.2227
11975,-16.056995
11976,10.6795845
11977,26.065882
11978,40.87593
11979,51.206944
11980,57.581863
11981,64.800964
11982,56.860516
11983,46.934944
11984,27.644213
11985,-3.877252
11986,-51.11809
11987,-123.17514
11988,-208.46999
11989,-11.374211
11990,-21.018532
11991,-35.55768
11992,-44.669956
11993,-48.178844
11994,-51.638763
11995,-41.901894
11996,-41.5
11997,-46.5
11998,-41.5
11999,-46.5
12000,-46.5
12001,-41.5
12002,-46.5
12003,-46.5
12004,-41.5
12005,-41.5
12006,-46.5
12007,-46.5
12008,-46.5
12009,-46.5
12010,-41.5
12011,-46.5
12012,-46.5
12013,-46.5
12014,-41.5
12015,-46.5
12016,-46.5
12017,-46.5
12018,-46.5
12019,-41.5
12020,-41.5
12021,-17.93241
12022,-7.569705
12023,-6.9662695
12024,-6.1279387
12025,-10.107884
12026,-8.956186
12027,-2.721086
12028,-1.4486392
12029,-5.1806164
12030,1.0510056
12031,-2.7746468
12032,3.322961
12033,4.3244658
12034,-202.56732
12035,-175.14076
12036,-153.87181
12037,-138.52974
12038,-134.07422
12039,-125.51258
12040,-131.9804
12041,-131.07187
12042,-134.94824
12043,-140.60814
12044,-130.1334
12045,-116.51316
12046,-99.27697
12047,-64.18345
12048,-28.436476
12049,8.852135
12050,36.237812
12051,56.21589
12052,52.78965
12053,32.57252
12054,-4.8479877
12055,-72.68725
12056,-153.80843
12057,-10.195999
12058,-13.764574
12059,-22.057209
12060,-24.953829
12061,-32.16693
12062,-38.37423
12063,-43.23872
12064,-49.59411
12065,-46.880608
12066,-46.5
12067,-41.5
12068,-45.20085
12069,-42.01468
12070,-36.53884
12071,-44.190098
12072,-42.233154
12073,-47.99211
12074,-46.5
12075,-46.5
12076,-46.5
12077,-41.5
12078,-46.5
12079,-41.5
12080,-41.5
12081,-46.5
12082,-41.5
12083,-41.5
12084,-46.5
12085,-46.5
12086,-41.5
12087,-46.5
12088,-41.5
12089,-41.5
12090,-46.5
12091,-41.5
12092,-46.5
12093,-46.5
12094,-46.5
12095,-41.5
12096,-46.5
12097,-46.5
12098,-41.5
12099,-46.5
12100,-46.5
12101,-17.93241
12102,-7.5697145
12103,-11.966354
12104,-6.128036
12105,-10.106006
12106,-3.944196
12107,-2.6807778
12108,-1.3508395
12109,-4.9873686
12110,-3.6169496
12111,-2.2577255
12112,4.0726647
12113,-199.59058
12114,-156.57387
12115,-124.323204
12116,-87.44272
12117,-60.58046
12118,-43.444473
12119,-25.655224
12120,-6.2113657
12121,6.54901
12122,18.894842
12123,31.439905
12124,43.996582
12125,55.298653
12126,58.036606
12127,59.200123
12128,50.077118
12129,31.209631
12130,-21.888666
12131,-81.8675
12132,-173.85529
12133,-12.696862
12134,-16.671394
12135,-25.113611
12136,-33.05548
12137,-40.552105
12138,-42.65443
12139,-45.794273
12140,-42.15911
12141,-46.5
12142,-41.5
12143,-46.5
12144,-46.5
12145,-41.5
12146,-41.5
12147,-46.5
12148,-46.5
12149,-46.5
12150,-46.5
12151,-46.5
12152,-41.5
12153,-41.5
12154,-46.5
12155,-46.5
12156,-46.5
12157,-46.5
12158,-41.5
12159,-41.5
12160,-46.5
12161,-41.5
12162,-41.5
12163,-46.5
12164,-41.5
12165,-46.5
12166,-46.5
12167,-46.5
12168,-41.5
12169,-41.5
12170,-41.5
12171,-46.5
12172,-46.5
12173,-41.5
12174,-46.5
12175,-41.5
12176,-22.932402
12177,-12.569606
12178,-11.964917
12179,-11.119115
12180,-10.071592
12181,-3.847541
12182,-7.4616218
12183,-0.9240233
12184,0.7557718
12185,2.5722373
12186,-0.47789672
12187,-165.8225
12188,-98.733574
12189,-41.679897
12190,8.372995
12191,35.28988
12192,53.81333
12193,64.713394
12194,59.86866
12195,46.785416
12196,22.390095
12197,2.6169288
12198,-27.557304
12199,-69.09178
12200,-108.50215
12201,-162.37746
12202,1.5997534
12203,-4.855701
12204,-12.019412
12205,-19.887377
12206,-28.205055
12207,-41.694405
12208,-49.246307
12209,-50.88447
12210,-46.5
12211,-41.5
12212,-41.5
12213,-46.5
12214,-41.5
12215,-46.5
12216,-46.5
12217,-41.5
12218,-41.5
12219,-46.5
12220,-46.5
12221,-46.5
12222,-46.5
12223,-41.5
12224,-46.5
12225,-46.5
12226,-46.5
12227,-41.5
12228,-41.5
12229,-41.5
12230,-46.5
12231,-46.5
12232,-41.5
12233,-41.5
12234,-41.5
12235,-46.5
12236,-46.5
12237,-46.5
12238,-22.932402
12239,-7.5696645
12240,-11.965847
12241,-6.125896
12242,-5.1013093
12243,-3.939751
12244,-2.6868565
12245,-1.3874437
12246,-0.0849411
12247,1.1840495
12248,2.3917348
12249,-1.4902902
12250,-0.4915671
12251,-202.02257
12252,-177.19814
12253,-159.4129
12254,-147.93552
12255,-136.94603
12256,-140.42485
12257,-136.2827
12258,-140.86823
12259,-135.5014
12260,-117.22868
12261,-99.40354
12262,-62.604313
12263,-30.060274
12264,13.077958
12265,40.134575
12266,53.199688
12267,53.874535
12268,20.597391
12269,-49.369164
12270,-139.58304
12271,-6.8125315
12272,-22.235998
12273,-27.038786
12274,-36.25143
12275,-44.917297
12276,-50.531857
12277,-49.01366
12278,-46.5
12279,-46.5
12280,-46.5
12281,-46.5
12282,-46.5
12283,-46.5
12284,-41.5
12285,-41.5
12286,-46.5
12287,-46.5
12288,-41.5
12289,-41.5
12290,-46.5
12291,-41.5
12292,-41.5
12293,-46.5
12294,-41.5
12295,-46.5
12296,-41.5
12297,-46.5
12298,-41.5
12299,-46.5
12300,-41.5
12301,-41.5
12302,-41.5
12303,-46.5
12304,-46.5
12305,-46.5
12306,-46.5
12307,-46.5
12308,-22.932402
12309,-7.569655
12310,-6.9657598
12311,-11.125516
12312,-10.100263
12313,-8.936952
12314,-2.6779249
12315,-1.3604509
12316,-0.016632155
12317,-3.6699734
12318,2.6650405
12319,-1.0254682
12320,-203.55235
12321,-165.30156
12322,-127.31581
12323,-94.19233
12324,-65.569824
12325,-36.16595
12326,-20.653675
12327,1.8387333
12328,12.657188
12329,32.503105
12330,41.17663
12331,52.483162
12332,59.10812
12333,57.864933
12334,50.07516
12335,21.567472
12336,-32.3087
12337,-110.62214
12338,-204.67918
12339,-16.968601
12340,-26.975122
12341,-31.50697
12342,-40.381073
12343,-48.6627
12344,-51.699123
12345,-46.577755
12346,-41.5
12347,-46.5
12348,-41.5
12349,-41.5
12350,-41.5
12351,-41.5
12352,-46.5
12353,-41.5
12354,-46.5
12355,-46.5
12356,-41.5
12357,-46.5
12358,-46.5
12359,-46.5
12360,-41.5
12361,-41.5
12362,-41.5
12363,-41.5
12364,-46.5
12365,-46.5
12366,-46.5
12367,-41.5
12368,-41.5
12369,-46.5
12370,-41.5
12371,-41.5
12372,-46.5
12373,-41.5
12374,-46.5
12375,-22.932402
12376,-12.569528
12377,-11.964396
12378,-6.1184125
12379,-5.076081
12380,-3.875573
12381,-2.552176
12382,-6.140952
12383,-4.6768823
12384,1.8112632
12385,3.3046288
12386,4.785475
12387,-174.61467
12388,-123.89653
12389,-89.98432
12390,-57.6161
12391,-31.392942
12392,-10.824249
12393,4.758629
12394,16.555603
12395,31.215708
12396,39.97586
12397,43.45006
12398,56.443344
12399,62.66047
12400,64.706985
12401,59.32433
12402,37.397545
12403,4.012776
12404,-55.591236
12405,-133.96402
12406,-9.072453
12407,-13.768837
12408,-23.130524
12409,-36.967537
12410,-45.315998
12411,-48.23377
12412,-46.39635
12413,-46.815536
12414,-41.5
12415,-46.5
12416,-46.5
12417,-41.5
12418,-46.5
12419,-46.5
12420,-41.5
12421,-46.5
12422,-46.5
12423,-46.5
12424,-41.5
12425,-46.5
12426,-46.5
12427,-41.5
12428,-41.5
12429,-41.5
12430,-41.5
12431,-46.5
12432,-46.5
12433,-46.5
12434,-41.5
12435,-41.5
12436,-41.5
12437,-41.5
12438,-46.5
12439,-41.5
12440,-46.5
12441,-46.5
12442,-17.93241
12443,-12.569704
12444,-6.965809
12445,-11.12305
12446,-10.083862
12447,-3.8795295
12448,-2.5331848
12449,-6.063638
12450,0.51135737
12451,2.1779077
12452,-1.0731684
12453,-188.92694
12454,-131.8408
12455,-72.750725
12456,-32.75365
12457,2.6598277
12458,28.584202
12459,45.737755
12460,60.447495
12461,64.454575
12462,64.19272
12463,60.221954
12464,47.253567
12465,34.195747
12466,14.322874
12467,-14.410067
12468,-49.52192
12469,-104.2318
12470,-177.41791
12471,-7.5603046
12472,-21.349419
12473,-30.361107
12474,-39.281967
12475,-42.79103
12476,-44.571674
12477,-45.338997
12478,-46.5
12479,-41.5
12480,-46.5
12481,-41.5
12482,-41.5
12483,-41.5
12484,-41.5
12485,-46.5
12486,-41.5
12487,-41.5
12488,-46.5
12489,-41.5
12490,-41.5
12491,-46.5
12492,-41.5
12493,-46.5
12494,-46.5
12495,-46.5
12496,-46.5
12497,-41.5
12498,-46.5
12499,-41.5
12500,-46.5
12501,-41.5
12502,-46.5
12503,-41.5
12504,-46.5
12505,-41.5
12506,-41.5
12507,-22.9324
12508,-12.569204
12509,-6.961328
12510,-6.104319
12511,-5.0342946
12512,-8.781097
12513,-2.3727088
12514,-5.836575
12515,0.80240065
12516,2.526938
12517,-0.67240524
12518,-173.4226
12519,-116.93914
12520,-58.930244
12521,-15.424666
12522,13.115469
12523,36.80477
12524,56.42404
12525,63.427113
12526,59.652588
12527,61.516838
12528,54.529797
12529,38.345024
12530,26.805119
12531,-1.8529209
12532,-34.656757
12533,-79.09352
12534,-133.3337
12535,-2.3079007
12536,-15.511959
12537,-19.219994
12538,-33.13454
12539,-41.947884
12540,-45.343266
12541,-45.524067
12542,-48.73556
12543,-46.5
12544,-41.5
12545,-46.5
12546,-46.5
12547,-41.5
12548,-46.5
12549,-41.5
12550,-41.5
12551,-46.5
12552,-46.5
12553,-41.5
12554,-41.5
12555,-46.5
12556,-46.5
12557,-46.5
12558,-41.5
12559,-46.5
12560,-41.5
12561,-46.5
12562,-46.5
12563,-46.5
12564,-41.5
12565,-46.5
12566,-46.5
12567,-46.5
12568,-41.5
12569,-41.5
12570,-22.932402
12571,-7.5694003
12572,-11.963276
12573,-11.113532
12574,-10.061471
12575,-3.83863
12576,-7.467634
12577,-0.9648331
12578,0.65784466
12579,2.3965228
12580,4.2529664
12581,-172.97926
12582,-107.158745
12583,-50.132458
12584,-3.8601968
12585,25.44745
12586,47.503048
12587,63.11483
12588,64.17554
12589,53.15177
12590,41.95972
12591,31.496693
12592,11.700324
12593,-13.389559
12594,-50.308983
12595,-85.749985
12596,-136.88643
12597,-201.63211
12598,-8.117715
12599,-15.748738
12600,-18.844616
12601,-27.118511
12602,-35.268856
12603,-42.9804
12604,-46.134506
12605,-46.995205
12606,-41.5
12607,-41.5
12608,-46.5
12609,-41.5
12610,-41.5
12611,-46.5
12612,-46.5
12613,-41.5
12614,-41.5
12615,-46.5
12616,-41.5
12617,-46.5
12618,-41.5
12619,-41.5
12620,-46.5
12621,-46.5
12622,-41.5
12623,-46.5
12624,-46.5
12625,-46.5
12626,-46.5
12627,-41.5
12628,-46.5
12629,-46.5
12630,-46.5
12631,-41.5
12632,-46.5
12633,-41.5
12634,-46.5
12635,-41.5
12636,-46.5
12637,-41.5
12638,-46.5
12639,-46.5
12640,-46.5
12641,-17.93241
12642,-7.5697145
12643,-6.9663444
12644,-11.128186
12645,-10.10802
12646,-3.9527092
12647,-2.699944
12648,-6.376267
12649,0.0009779021
12650,-3.5741367
12651,-2.095315
12652,4.444438
12653,-176.81554
12654,-122.36072
12655,-78.1276
12656,-30.276474
12657,5.0044355
12658,26.851566
12659,45.137512
12660,55.701412
12661,64.70037
12662,62.717323
12663,54.60753
12664,34.446617
12665,15.667287
12666,-18.579775
12667,-70.55508
12668,-128.16728
12669,2.706067
12670,-10.829962
12671,-24.789433
12672,-28.882437
12673,-37.806362
12674,-41.247784
12675,-45.87194
12676,-48.168587
12677,-46.5
12678,-41.5
12679,-41.5
12680,-46.5
12681,-41.5
12682,-41.5
12683,-46.5
12684,-41.5
12685,-46.5
12686,-46.5
12687,-46.5
12688,-46.5
12689,-41.5
12690,-41.5
12691,-41.5
12692,-41.5
12693,-41.5
12694,-41.5
12695,-41.5
12696,-46.5
12697,-41.5
12698,-46.5
12699,-41.5
12700,-46.5
12701,-46.5
12702,-41.5
12703,-46.5
12704,-41.5
12705,-41.5
12706,-46.5
12707,-17.93241
12708,-7.5697145
12709,-6.9663563
12710,-6.128367
12711,-10.109221
12712,-8.959181
12713,-2.7255044
12714,-6.451168
12715,-0.17384875
12716,1.0782405
12717,2.2868662
12718,-1.566785
12719,-0.5035731
12720,-199.20534
12721,-169.57909
12722,-141.0442
12723,-123.12915
12724,-110.31717
12725,-106.96966
12726,-101.593994
12727,-96.42794
12728,-88.702705
12729,-76.108955
12730,-52.18092
12731,-27.067423
12732,-3.0175092
12733,25.97669
12734,49.259308
12735,54.625423
12736,44.02528
12737,5.870132
12738,-57.972855
12739,-161.61496
12740,-8.481069
12741,-23.948318
12742,-33.86858
12743,-38.262897
12744,-47.169174
12745,-46.50362
12746,-47.554276
12747,-46.5
12748,-46.5
12749,-46.5
12750,-46.5
12751,-46.5
12752,-46.5
12753,-46.5
12754,-46.5
12755,-41.5
12756,-46.5
12757,-46.5
12758,-41.5
12759,-41.5
12760,-46.5
12761,-46.5
12762,-41.5
12763,-46.5
12764,-46.5
12765,-41.5
12766,-41.5
12767,-46.5
12768,-41.5
12769,-41.5
12770,-41.5
12771,-46.5
12772,-17.93241
12773,-7.5697145
12774,-6.9663563
12775,-11.128358
12776,-10.1087885
12777,-8.955058
12778,-2.7059615
12779,-1.3893372
12780,-5.0216618
12781,1.3931166
12782,2.8602178
12783,4.381017
12784,-180.11731
12785,-132.28091
12786,-85.297874
12787,-44.9711
12788,-6.847256
12789,13.939509
12790,32.817345
12791,45.89449
12792,54.444218
12793,59.0308
12794,64.39471
12795,59.425358
12796,47.206165
12797,20.312895
12798,-9.128375
12799,-64.567894
12800,-139.9904
12801,-8.693056
12802,-18.078663
12803,-27.641806
12804,-32.06885
12805,-46.041885
12806,-49.045647
12807,-46.398426
12808,-41.5
12809,-46.5
12810,-46.5
12811,-46.5
12812,-41.5
12813,-41.5
12814,-46.5
12815,-46.5
12816,-41.5
12817,-46.5
12818,-41.5
12819,-41.5
12820,-46.5
12821,-46.5
12822,-41.5
12823,-46.5
12824,-41.5
12825,-46.5
12826,-46.5
12827,-46.5
12828,-41.5
12829,-41.5
12830,-46.5
12831,-41.5
12832,-41.5
12833,-41.5
12834,-41.5
12835,-22.932402
12836,-12.569517
12837,-6.963985
12838,-6.1144733
12839,-5.05796
12840,-8.821162
12841,-2.4268823
12842,-0.8978268
12843,0.7429055
12844,-2.5242364
12845,4.284879
12846,-174.91862
12847,-113.66681
12848,-61.32297
12849,-23.685932
12850,14.120804
12851,32.563427
12852,52.679836
12853,61.023052
12854,64.45349
12855,64.48738
12856,61.823597
12857,51.397396
12858,47.426353
12859,28.53372
12860,7.98458
12861,-16.453045
12862,-57.700893
12863,-114.34576
12864,-189.39932
12865,-3.384174
12866,-16.596384
12867,-19.715652
12868,-32.428562
12869,-39.563103
12870,-46.187344
12871,-50.01872
12872,-43.144424
12873,-41.5
12874,-41.5
12875,-41.5
12876,-41.5
12877,-41.5
12878,-46.5
12879,-41.5
12880,-46.5
12881,-46.5
12882,-46.5
12883,-41.5
12884,-41.5
12885,-46.5
12886,-41.5
12887,-41.5
12888,-46.5
12889,-41.5
12890,-41.5
12891,-41.5
12892,-41.5
12893,-41.5
12894,-41.5
12895,-46.5
12896,-41.5
12897,-41.5
12898,-46.5
12899,-41.5
12900,-41.5
12901,-46.5
12902,-46.5
12903,-41.5
12904,-41.5
12905,-41.5
12906,-46.5
12907,-46.5
12908,-46.5
12909,-41.5
12910,-46.5
12911,-41.5
12912,-46.5
12913,-17.93241
12914,-7.5697145
12915,-11.966355
12916,-6.1281614
12917,-5.107183
12918,-3.9498081
12919,-2.6983242
12920,-1.3931321
12921,-5.0729356
12922,-3.769586
12923,2.4952965
12924,3.7032688
12925,4.8382535
12926,-184.49982
12927,-147.17487
12928,-125.39618
12929,-98.65801
12930,-81.47975
12931,-68.31107
12932,-62.872177
12933,-47.91554
12934,-36.446465
12935,-22.097525
12936,-9.370861
12937,15.876278
12938,31.31607
12939,53.666763
12940,63.783325
12941,61.601917
12942,36.618553
12943,-5.290382
12944,-75.589096
12945,-162.78676
12946,-6.683259
12947,-20.494009
12948,-23.803038
12949,-26.66
12950,-34.113796
12951,-46.197144
12952,-45.26272
12953,-48.130146
12954,-46.5
12955,-46.5
12956,-41.5
12957,-41.5
12958,-41.5
12959,-41.5
12960,-41.5
12961,-41.5
12962,-41.5
12963,-41.5
12964,-41.5
12965,-46.5
12966,-41.5
12967,-41.5
12968,-41.5
12969,-46.5
12970,-46.5
12971,-46.5
12972,-46.5
12973,-46.5
12974,-41.5
12975,-46.5
12976,-41.5
12977,-41.5
12978,-41.5
12979,-46.5
12980,-46.5
12981,-46.5
12982,-41.5
12983,-41.5
12984,-41.5
12985,-41.5
12986,-41.5
12987,-41.5
12988,-41.5
12989,-41.5
12990,-41.5
12991,-22.932402
12992,-12.569488
12993,-6.96359
12994,-6.1121497
12995,-5.0493035
12996,-3.7976987
12997,-7.3758554
12998,-5.803475
12999,-4.1023345
13000,-2.2900321
13001,-0.3772945
13002,-159.36345
13003,-94.92043
13004,-44.66685
13005,4.825262
13006,37.321003
13007,57.15105
13008,59.592438
13009,56.122757
13010,44.038414
13011,30.239912
13012,0.7161885
13013,-29.487097
13014,-61.274014
13015,-111.13062
13016,-165.63498
13017,1.657817
13018,-9.880258
13019,-17.122282
13020,-25.066694
13021,-33.463036
13022,-42.039223
13023,-44.434734
13024,-50.669106
13025,-41.5
13026,-41.5
13027,-41.5
13028,-41.5
13029,-41.5
13030,-41.5
13031,-46.5
13032,-46.5
13033,-46.5
13034,-46.5
13035,-46.5
13036,-41.5
13037,-41.5
13038,-41.5
13039,-41.5
13040,-46.5
13041,-41.5
13042,-46.5
13043,-46.5
13044,-46.5
13045,-41.5
13046,-41.5
13047,-41.5
13048,-41.5
13049,-46.5
13050,-22.932402
13051,-7.56945
13052,-6.9637847
13053,-11.11618
13054,-10.0713215
13055,-8.867418
13056,-7.536067
13057,-6.1021066
13058,-4.5831966
13059,-2.9851027
13060,-1.3013878
13061,-203.33122
13062,-139.9613
13063,-82.52446
13064,-27.745998
13065,12.578966
13066,41.840214
13067,59.123222
13068,59.719517
13069,60.10749
13070,46.905643
13071,26.13222
13072,-6.9516506
13073,-42.94809
13074,-83.06798
13075,-143.69246
13076,-1.7203567
13077,-8.640226
13078,-11.2281065
13079,-24.489046
13080,-33.180126
13081,-47.034134
13082,-44.56149
13083,-45.669727
13084,-46.5
13085,-41.5
13086,-46.5
13087,-41.5
13088,-46.5
13089,-46.5
13090,-41.5
13091,-41.5
13092,-41.5
13093,-46.5
13094,-41.5
13095,-41.5
13096,-41.5
13097,-46.5
13098,-41.5
13099,-46.5
13100,-41.5
13101,-41.5
13102,-41.5
13103,-41.5
13104,-41.5
13105,-46.5
13106,-41.5
13107,-41.5
13108,-22.932402
13109,-12.569666
13110,-6.96563
13111,-11.123346
13112,-10.088461
13113,-8.897836
13114,-2.581169
13115,-1.1633918
13116,-4.6667857
13117,1.8920171
13118,3.503386
13119,5.1561465
13120,-150.59885
13121,-103.52734
13122,-58.814552
13123,-16.849205
13124,12.305935
13125,28.954897
13126,48.840725
13127,53.218555
13128,58.35275
13129,64.80026
13130,57.342945
13131,54.960464
13132,40.890697
13133,12.913147
13134,-21.667175
13135,-71.1812
13136,-134.57545
13137,-3.7471647
13138,-12.81275
13139,-22.093857
13140,-31.278181
13141,-40.045605
13142,-48.220592
13143,-51.488056
13144,-46.86177
13145,-41.5
13146,-46.5
13147,-41.5
13148,-46.5
13149,-46.5
13150,-41.5
13151,-46.5
13152,-46.5
13153,-46.5
13154,-46.5
13155,-41.5
13156,-46.5
13157,-41.5
13158,-46.5
13159,-46.5
13160,-46.5
13161,-46.5
13162,-41.5
13163,-41.5
13164,-46.5
13165,-46.5
13166,-46.5
13167,-46.5
13168,-41.5
13169,-46.5
13170,-46.5
13171,-41.5
13172,-22.932402
13173,-12.569654
13174,-6.9656343
13175,-11.124293
13176,-5.0942583
13177,-8.917412
13178,-2.6291974
13179,-6.2588544
13180,0.17143273
13181,1.6507578
13182,-1.8210506
13183,-0.24632926
13184,-165.96872
13185,-118.642944
13186,-67.70746
13187,-33.747765
13188,2.8438156
13189,21.998701
13190,39.166946
13191,55.459595
13192,62.129395
13193,64.765915
13194,63.20968
13195,56.53976
13196,43.14619
13197,16.016218
13198,-17.287804
13199,-59.812645
13200,-130.21188
13201,-2.5234666
13202,-11.302811
13203,-25.248316
13204,-29.053812
13205,-37.40809
13206,-45.143856
13207,-50.153107
13208,-48.874886
13209,-41.5
13210,-46.5
13211,-46.5
13212,-41.5
13213,-41.5
13214,-46.5
13215,-41.5
13216,-41.5
13217,-46.5
13218,-41.5
13219,-46.5
13220,-46.5
13221,-41.5
13222,-46.5
13223,-41.5
13224,-46.5
13225,-46.5
13226,-41.5
13227,-46.5
13228,-41.5
13229,-46.5
13230,-41.5
13231,-46.5
13232,-41.5
13233,-46.5
13234,-41.5
13235,-41.5
13236,-46.5
13237,-41.5
13238,-41.5
13239,-41.5
13240,-41.5
13241,-41.5
13242,-41.5
13243,-17.93241
13244,-12.569705
13245,-11.965984
13246,-6.1247306
13247,-10.091556
13248,-3.9029737
13249,-2.5894325
13250,-6.1777134
13251,0.30761725
13252,1.8478479
13253,-1.5686709
13254,5.0431137
13255,-155.9992
13256,-105.50418
13257,-62.243484
13258,-31.353199
13259,2.2642732
13260,18.97792
13261,34.54122
13262,50.250107
13263,57.55639
13264,62.308937
13265,64.663086
13266,64.04847
13267,54.14382
13268,48.047184
13269,28.31236
13270,-8.20174
13271,-50.35659
13272,-121.68066
13273,-213.39958
13274,-10.598087
13275,-24.287474
13276,-32.618732
13277,-35.42348
13278,-37.763905
13279,-44.064972
13280,-45.35434
13281,-41.5
13282,-46.5
13283,-41.5
13284,-41.5
13285,-41.5
13286,-41.5
13287,-41.5
13288,-41.5
13289,-46.5
13290,-46.5
13291,-41.5
13292,-41.5
13293,-46.5
13294,-46.5
13295,-46.5
13296,-46.5
13297,-41.5
13298,-41.5
13299,-41.5
13300,-46.5
13301,-41.5
13302,-46.5
13303,-41.5
13304,-46.5
13305,-46.5
13306,-41.5
13307,-41.5
13308,-46.5
13309,-46.5
13310,-46.5
13311,-46.5
13312,-41.5
13313,-46.5
13314,-46.5
13315,-41.5
13316,-22.932402
13317,-7.569537
13318,-11.9646
13319,-6.1198716
13320,-10.081919
13321,-3.8911316
13322,-2.5833385
13323,-1.190633
13324,0.25796285
13325,-3.2602298
13326,-1.7609274
13327,4.73841
13328,-170.29008
13329,-123.0235
13330,-87.269905
13331,-47.87818
13332,-24.627638
13333,-2.2112632
13334,19.9127
13335,27.856735
13336,43.094738
13337,46.575665
13338,58.544987
13339,63.42432
13340,64.64293
13341,54.749203
13342,45.602386
13343,13.343749
13344,-26.559921
13345,-98.26782
13346,-188.48894
13347,-9.788179
13348,-19.304083
13349,-28.431086
13350,-36.97847
13351,-44.992847
13352,-50.250713
13353,-43.961002
13354,-41.5
13355,-41.5
13356,-41.5
13357,-46.5
13358,-41.5
13359,-41.5
13360,-46.5
13361,-41.5
13362,-41.5
13363,-41.5
13364,-41.5
13365,-46.5
13366,-46.5
13367,-46.5
13368,-46.5
13369,-46.5
13370,-46.5
13371,-46.5
13372,-46.5
13373,-46.5
13374,-46.5
13375,-41.5
13376,-41.5
13377,-41.5
13378,-46.5
13379,-46.5
13380,-41.5
13381,-46.5
13382,-41.5
13383,-41.5
13384,-46.5
13385,-41.5
13386,-46.5
13387,-22.932402
13388,-7.5695763
13389,-11.964973
13390,-11.121633
13391,-5.0871224
13392,-8.901575
13393,-2.597965
13394,-6.204591
13395,-4.747026
13396,-3.2435615
13397,3.2974079
13398,4.8672376
13399,-167.85938
13400,-112.23188
13401,-68.233826
13402,-31.181948
13403,-1.2039233
13404,21.846266
13405,38.54399
13406,50.08087
13407,52.860016
13408,62.707447
13409,64.78362
13410,63.558846
13411,57.80301
13412,40.767097
13413,20.205091
13414,-11.785259
13415,-53.81385
13416,-124.205765
13417,-209.11368
13418,-10.401291
13419,-23.890326
13420,-27.048923
13421,-34.7139
13422,-36.94583
13423,-43.68402
13424,-45.85777
13425,-41.5
13426,-46.5
13427,-46.5
13428,-46.5
13429,-46.5
13430,-41.5
13431,-46.5
13432,-41.5
13433,-41.5
13434,-41.5
13435,-46.5
13436,-41.5
13437,-41.5
13438,-41.5
13439,-41.5
13440,-41.5
13441,-46.5
13442,-41.5
13443,-46.5
13444,-46.5
13445,-46.5
13446,-46.5
13447,-41.5
13448,-46.5
13449,-41.5
13450,-41.5
13451,-46.5
13452,-41.5
13453,-46.5
13454,-46.5
13455,-46.5
13456,-41.5
13457,-41.5
13458,-41.5
13459,-41.5
13460,-22.932402
13461,-12.56946
13462,-6.963381
13463,-6.111192
13464,-5.0464377
13465,-3.7910976
13466,-2.3631332
13467,-5.7820997
13468,-4.071345
13469,-2.253336
13470,4.653663
13471,-164.05959
13472,-96.11388
13473,-42.65125
13474,-4.697708
13475,27.187418
13476,47.929504
13477,63.12924
13478,59.19203
13479,58.028316
13480,41.090126
13481,28.946804
13482,6.317169
13483,-22.926628
13484,-65.4627
13485,-113.07682
13486,-168.00175
13487,0.14297216
13488,-12.297557
13489,-20.460098
13490,-29.08694
13491,-42.89623
13492,-46.59054
13493,-51.19157
13494,-42.864365
13495,-41.5
13496,-46.5
13497,-41.5
13498,-46.5
13499,-46.5
13500,-46.5
13501,-41.5
13502,-46.5
13503,-41.5
13504,-46.5
13505,-41.5
13506,-41.5
13507,-41.5
13508,-41.5
13509,-46.5
13510,-41.5
13511,-41.5
13512,-46.5
13513,-41.5
13514,-41.5
13515,-41.5
13516,-46.5
13517,-41.5
13518,-41.5
13519,-41.5
13520,-22.932402
13521,-7.5693913
13522,-6.963218
13523,-11.113489
13524,-5.063179
13525,-8.8494835
13526,-7.5059476
13527,-6.064072
13528,-4.553113
13529,-2.9944625
13530,-1.400271
13531,0.21650882
13532,-155.16165
13533,-105.17264
13534,-57.195625
13535,-21.261604
13536,7.7020082
13537,29.880886
13538,45.74171
13539,51.24873
13540,62.45859
13541,64.798485
13542,57.991234
13543,51.02399
13544,42.200573
13545,14.408633
13546,-19.919075
13547,-68.992645
13548,-131.66087
13549,-3.3953621
13550,-17.394073
13551,-21.594233
13552,-35.685745
13553,-39.351524
13554,-47.419315
13555,-46.15487
13556,-47.39194
13557,-46.5
13558,-46.5
13559,-41.5
13560,-41.5
13561,-46.5
13562,-46.5
13563,-46.5
13564,-46.5
13565,-46.5
13566,-46.5
13567,-41.5
13568,-46.5
13569,-41.5
13570,-46.5
13571,-41.5
13572,-46.5
13573,-46.5
13574,-41.5
13575,-41.5
13576,-46.5
13577,-41.5
13578,-41.5
13579,-46.5
13580,-41.5
13581,-46.5
13582,-46.5
13583,-41.5
13584,-41.5
13585,-41.5
13586,-17.93241
13587,-7.5697145
13588,-6.9663563
13589,-11.128357
13590,-10.108537
13591,-3.95259
13592,-2.6945195
13593,-1.3563442
13594,0.047720727
13595,1.510922
13596,-1.9683108
13597,-0.39821693
13598,-176.43681
13599,-119.0033
13600,-78.10305
13601,-34.149185
13602,-7.3511124
13603,17.322918
13604,35.30661
13605,47.637596
13606,60.50178
13607,59.398228
13608,64.03419
13609,53.303288
13610,40.335037
13611,22.774403
13612,-12.21635
13613,-68.12117
13614,-139.01924
13615,-4.084667
13616,-18.477526
13617,-23.067665
13618,-32.53773
13619,-41.565926
13620,-44.297615
13621,-51.079216
13622,-46.5
13623,-46.5
13624,-41.5
13625,-46.5
13626,-41.5
13627,-41.5
13628,-46.5
13629,-46.5
13630,-46.5
13631,-46.5
13632,-46.5
13633,-41.5
13634,-46.5
13635,-46.5
13636,-46.5
13637,-46.5
13638,-41.5
13639,-41.5
13640,-46.5
13641,-41.5
13642,-41.5
13643,-41.5
13644,-46.5
13645,-46.5
13646,-41.5
13647,-41.5
13648,-22.932402
13649,-7.569478
13650,-6.964004
13651,-11.117156
13652,-5.074202
13653,-3.874373
13654,-2.551845
13655,-6.13779
13656,0.3380965
13657,1.8517551
13658,3.3863082
13659,4.922121
13660,-163.12674
13661,-116.03627
13662,-81.2786
13663,-43.7072
13664,-22.924088
13665,1.6732091
13666,15.914364
13667,21.116896
13668,33.974007
13669,40.78799
13670,42.37357
13671,53.98392
13672,55.06115
13673,59.157425
13674,64.058044
13675,51.657352
13676,32.82869
13677,3.015362
13678,-56.06337
13679,-135.63776
13680,-8.371994
13681,-17.123344
13682,-25.510784
13683,-28.545176
13684,-36.259453
13685,-38.684803
13686,-49.50609
13687,-44.73771
13688,-46.5
13689,-46.5
13690,-41.5
13691,-41.5
13692,-41.5
13693,-41.5
13694,-41.5
13695,-41.5
13696,-46.5
13697,-41.5
13698,-41.5
13699,-46.5
13700,-41.5
13701,-46.5
13702,-41.5
13703,-46.5
13704,-46.5
13705,-41.5
13706,-46.5
13707,-41.5
13708,-46.5
13709,-41.5
13710,-41.5
13711,-41.5
13712,-46.5
13713,-46.5
13714,-46.5
13715,-46.5
13716,-46.5
13717,-41.5
13718,-41.5
13719,-22.932402
13720,-12.569627
13721,-11.965453
13722,-11.123398
13723,-5.0899415
13724,-3.9011161
13725,-2.584807
13726,-6.165439
13727,-4.6664443
13728,1.8950473
13729,-1.4878253
13730,5.178699
13731,-154.10709
13732,-101.020485
13733,-50.150333
13734,-17.121765
13735,17.703627
13736,34.381355
13737,48.565166
13738,61.557693
13739,64.69363
13740,58.60972
13741,53.17261
13742,47.46761
13743,24.911695
13744,3.5515585
13745,-34.034397
13746,-85.934715
13747,-155.8638
13748,-10.500567
13749,-14.21957
13750,-23.119425
13751,-31.891575
13752,-35.22163
13753,-42.941616
13754,-51.161575
13755,-42.03605
13756,-46.5
13757,-41.5
13758,-46.5
13759,-41.5
13760,-46.5
13761,-46.5
13762,-41.5
13763,-41.5
13764,-46.5
13765,-41.5
13766,-46.5
13767,-46.5
13768,-41.5
13769,-41.5
13770,-41.5
13771,-46.5
13772,-46.5
13773,-41.5
13774,-41.5
13775,-46.5
13776,-46.5
13777,-46.5
13778,-41.5
13779,-41.5
13780,-46.5
13781,-41.5
13782,-41.5
13783,-46.5
13784,-46.5
13785,-46.5
13786,-46.5
13787,-46.5
13788,-17.93241
13789,-12.569714
13790,-11.9662285
13791,-11.126501
13792,-5.096423
13793,-8.906238
13794,-2.5715206
13795,-6.0999513
13796,0.5030203
13797,-2.765098
13798,-0.904635
13799,-183.06918
13800,-110.710464
13801,-51.794754
13802,-3.4665952
13803,32.542847
13804,50.148872
13805,64.361374
13806,61.597244
13807,49.28441
13808,24.552032
13809,-1.3729075
13810,-33.236504
13811,-66.796646
13812,-113.46198
13813,-174.78624
13814,0.72868985
13815,-10.857458
13816,-18.149656
13817,-26.153763
13818,-29.6233
13819,-43.289013
13820,-44.992413
13821,-49.89032
13822,-46.5
13823,-46.5
13824,-41.5
13825,-46.5
13826,-46.5
13827,-46.5
13828,-46.5
13829,-46.5
13830,-41.5
13831,-41.5
13832,-41.5
13833,-41.5
13834,-46.5
13835,-46.5
13836,-41.5
13837,-46.5
13838,-41.5
13839,-46.5
13840,-41.5
13841,-41.5
13842,-41.5
13843,-46.5
13844,-46.5
13845,-22.932402
13846,-12.569478
13847,-6.9638686
13848,-11.115691
13849,-10.066866
13850,-8.850392
13851,-2.4908366
13852,-1.0061764
13853,-4.410697
13854,-2.7138655
13855,4.0790405
13856,-186.6727
13857,-117.96826
13858,-62.348766
13859,-16.256805
13860,19.389868
13861,44.27376
13862,53.860935
13863,64.51328
13864,58.22195
13865,56.66758
13866,45.662186
13867,25.149412
13868,4.230326
13869,-23.587357
13870,-60.022633
13871,-107.30094
13872,-163.4058
13873,0.16185948
13874,-7.659741
13875,-25.972094
13876,-29.487255
13877,-32.90072
13878,-45.894753
13879,-45.534424
13880,-43.375893
13881,-41.5
13882,-41.5
13883,-41.5
13884,-41.5
13885,-41.5
13886,-41.5
13887,-41.5
13888,-46.5
13889,-46.5
13890,-41.5
13891,-41.5
13892,-41.5
13893,-46.5
13894,-41.5
13895,-41.5
13896,-41.5
13897,-41.5
13898,-41.5
13899,-46.5
13900,-46.5
13901,-46.5
13902,-41.5
13903,-46.5
13904,-46.5
13905,-46.5
13906,-41.5
13907,-46.5
13908,-41.5
13909,-46.5
13910,-41.5
13911,-46.5
13912,-46.5
13913,-41.5
13914,-41.5
13915,-17.93241
13916,-12.569715
13917,-11.966267
13918,-11.12741
13919,-10.104091
13920,-8.940055
13921,-7.6700006
13922,-1.3193654
13923,-4.9062557
13924,1.5602293
13925,-1.9215783
13926,4.642077
13927,-170.27151
13928,-123.23499
13929,-77.79283
13930,-34.477707
13931,-8.523776
13932,20.214035
13933,32.385838
13934,44.290195
13935,52.40807
13936,62.55926
13937,64.78268
13938,63.280766
13939,56.394318
13940,36.822285
13941,16.705564
13942,-22.470856
13943,-79.84214
13944,-163.96179
13945,-6.8370023
13946,-16.140402
13947,-30.336966
13948,-39.102036
13949,-37.25378
13950,-49.200092
13951,-50.69024
13952,-41.5
13953,-46.5
13954,-41.5
13955,-41.5
13956,-46.5
13957,-41.5
13958,-41.5
13959,-41.5
13960,-41.5
13961,-41.5
13962,-41.5
13963,-46.5
13964,-41.5
13965,-46.5
13966,-46.5
13967,-41.5
13968,-46.5
13969,-41.5
13970,-41.5
13971,-41.5
13972,-41.5
13973,-41.5
13974,-46.5
13975,-46.5
13976,-41.5
13977,-46.5
13978,-46.5
13979,-46.5
13980,-46.5
13981,-41.5
13982,-41.5
13983,-46.5
13984,-41.5
13985,-41.5
13986,-17.93241
13987,-7.5697145
13988,-11.966354
13989,-11.127959
13990,-10.105179
13991,-8.939466
13992,-2.6620996
13993,-1.2936997
13994,0.15545909
13995,1.6854991
13996,-1.6977305
13997,5.0035048
13998,-152.99718
13999,-101.7515
14000,-47.960434
14001,-12.703732
14002,23.362772
14003,45.156116
14004,58.315426
14005,64.16592
14006,63.98936
14007,58.33838
14008,47.00395
14009,29.017508
14010,-2.1715343
14011,-38.3357
14012,-86.66157
14013,-145.01407
14014,1.3003495
14015,-11.998245
14016,-25.736267
14017,-29.627815
14018,-38.37269
14019,-46.658775
14020,-45.951374
14021,-42.89304
14022,-41.5
14023,-41.5
14024,-41.5
14025,-46.5
14026,-46.5
14027,-46.5
14028,-41.5
14029,-46.5
14030,-46.5
14031,-46.5
14032,-46.5
14033,-46.5
14034,-46.5
14035,-46.5
14036,-41.5
14037,-46.5
14038,-46.5
14039,-41.5
14040,-41.5
14041,-46.5
14042,-46.5
14043,-46.5
14044,-46.5
14045,-46.5
14046,-41.5
14047,-46.5
14048,-41.5
14049,-41.5
14050,-46.5
14051,-22.932402
14052,-12.569675
14053,-6.9656963
14054,-6.123439
14055,-5.0883107
14056,-8.898198
14057,-2.587596
14058,-1.190156
14059,0.2612433
14060,-3.260667
14061,-1.7762517
14062,4.6917777
14063,-178.50194
14064,-128.49472
14065,-95.52763
14066,-64.17894
14067,-38.845238
14068,-18.834478
14069,-3.3206327
14070,9.01585
14071,19.904913
14072,35.50896
14073,46.14334
14074,56.061333
14075,63.172188
14076,64.17949
14077,55.01787
14078,26.003706
14079,-18.02666
14080,-86.63537
14081,-186.59358
14082,-9.978335
14083,-25.128262
14084,-34.819134
14085,-38.861008
14086,-52.310806
14087,-46.31176
14088,-42.477474
14089,-46.5
14090,-41.5
14091,-41.5
14092,-46.5
14093,-41.5
14094,-46.5
14095,-41.5
14096,-41.5
14097,-41.5
14098,-46.5
14099,-46.5
14100,-46.5
14101,-41.5
14102,-41.5
14103,-41.5
14104,-41.5
14105,-46.5
14106,-41.5
14107,-41.5
14108,-41.5
14109,-41.5
14110,-41.5
14111,-41.5
14112,-41.5
14113,-46.5
14114,-46.5
14115,-41.5
14116,-41.5
14117,-46.5
14118,-17.93241
14119,-7.5697145
14120,-6.9663563
14121,-11.1283655
14122,-5.1089416
14123,-3.9566712
14124,-2.7149575
14125,-1.4229932
14126,-0.116715625
14127,-3.824784
14128,-2.5673115
14129,3.6353583
14130,-0.23588791
14131,-182.32222
14132,-155.05798
14133,-128.2406
14134,-101.34749
14135,-83.90847
14136,-70.33248
14137,-64.24097
14138,-48.282974
14139,-35.419487
14140,-19.347164
14141,0.1901407
14142,16.865406
14143,42.68809
14144,53.60303
14145,64.68342
14146,50.186245
14147,19.23133
14148,-37.16725
14149,-124.91466
14150,-8.832256
14151,-18.753286
14152,-23.098623
14153,-36.886127
14154,-35.168224
14155,-48.000355
14156,-46.272106
14157,-46.97281
14158,-46.5
14159,-41.5
14160,-46.5
14161,-41.5
14162,-41.5
14163,-46.5
14164,-46.5
14165,-41.5
14166,-46.5
14167,-46.5
14168,-46.5
14169,-41.5
14170,-46.5
14171,-46.5
14172,-46.5
14173,-41.5
14174,-41.5
14175,-41.5
14176,-41.5
14177,-46.5
14178,-41.5
14179,-46.5
14180,-41.5
14181,-46.5
14182,-41.5
14183,-41.5
14184,-46.5
14185,-46.5
14186,-41.5
14187,-41.5
14188,-46.5
14189,-22.932402
14190,-12.5694
14191,-6.9632573
14192,-11.113566
14193,-5.063083
14194,-3.8492286
14195,-2.507204
14196,-6.072143
14197,0.4207431
14198,1.9417722
14199,3.4693785
14200,-0.019343168
14201,-162.41333
14202,-117.26915
14203,-79.57078
14204,-48.9883
14205,-30.013788
14206,-7.0432706
14207,5.6603518
14208,14.315975
14209,20.643469
14210,21.107517
14211,26.832159
14212,33.555264
14213,41.340275
14214,49.411343
14215,61.309246
14216,64.74776
14217,56.370045
14218,41.969414
14219,12.851246
14220,-38.099346
14221,-100.97454
14222,-173.80388
14223,-6.42746
14224,-13.980797
14225,-16.317526
14226,-23.460455
14227,-35.413723
14228,-37.056133
14229,-48.07069
14230,-50.255104
14231,-41.890366
14232,-46.5
14233,-46.5
14234,-41.5
14235,-41.5
14236,-46.5
14237,-46.5
14238,-46.5
14239,-46.5
14240,-46.5
14241,-46.5
14242,-41.5
14243,-46.5
14244,-41.5
14245,-46.5
14246,-41.5
14247,-41.5
14248,-41.5
14249,-46.5
14250,-41.5
14251,-41.5
14252,-46.5
14253,-41.5
14254,-41.5
14255,-46.5
14256,-41.5
14257,-46.5
14258,-41.5
14259,-41.5
14260,-46.5
14261,-41.5
14262,-41.5
14263,-46.5
14264,-22.9324
14265,-12.569193
14266,-11.960704
14267,-11.097888
14268,-5.0008316
14269,-8.667919
14270,-2.0864892
14271,-0.24671951
14272,-3.1513267
14273,-0.8159399
14274,-168.74083
14275,-86.44332
14276,-19.954845
14277,31.595993
14278,55.89115
14279,52.801586
14280,39.473095
14281,0.19620183
14282,-39.202953
14283,-83.09802
14284,-138.1757
14285,-188.23135
14286,1.460546
14287,-7.669237
14288,-11.911859
14289,-11.409529
14290,-21.323095
14291,-21.845066
14292,-28.167967
14293,-35.311935
14294,-43.01633
14295,-46.336826
14296,-46.69495
14297,-46.5
14298,-41.5
14299,-41.5
14300,-46.5
14301,-46.5
14302,-41.5
14303,-41.5
14304,-41.5
14305,-46.5
14306,-41.5
14307,-46.5
14308,-41.5
14309,-46.5
14310,-41.5
14311,-41.5
14312,-41.5
14313,-41.5
14314,-46.5
14315,-46.5
14316,-41.5
14317,-46.5
14318,-46.5
14319,-41.5
14320,-17.93241
14321,-7.5697145
14322,-6.9663563
14323,-6.128367
14324,-5.109223
14325,-8.959431
14326,-2.7278273
14327,-1.4614985
14328,-0.20363721
14329,-3.9880311
14330,-2.83776
14331,3.2262607
14332,4.187601
14333,0.036542635
14334,-181.78218
14335,-164.97235
14336,-142.60698
14337,-129.1997
14338,-119.280846
14339,-111.5331
14340,-103.37858
14341,-92.38097
14342,-81.72398
14343,-55.504192
14344,-34.31998
14345,-5.4584227
14346,27.725813
14347,45.923286
14348,58.763317
14349,50.080914
14350,29.6571
14351,-25.132162
14352,-93.88673
14353,-188.34383
14354,-9.574395
14355,-18.410217
14356,-26.82784
14357,-29.852863
14358,-37.49785
14359,-44.101078
14360,-45.509888
14361,-46.5
14362,-46.5
14363,-46.5
14364,-46.5
14365,-46.5
14366,-41.5
14367,-41.5
14368,-41.5
14369,-41.5
14370,-41.5
14371,-46.5
14372,-41.5
14373,-41.5
14374,-41.5
14375,-46.5
14376,-41.5
14377,-46.5
14378,-46.5
14379,-41.5
14380,-41.5
14381,-46.5
14382,-46.5
14383,-46.5
14384,-41.5
14385,-41.5
14386,-46.5
14387,-46.5
14388,-46.5
14389,-41.5
14390,-46.5
14391,-41.5
14392,-41.5
14393,-46.5
14394,-46.5
14395,-41.5
14396,-46.5
14397,-46.5
14398,-17.93241
14399,-12.569714
14400,-6.966218
14401,-11.126984
14402,-10.102633
14403,-8.938328
14404,-2.673573
14405,-6.3394346
14406,0.043371946
14407,-3.5320585
14408,2.9406855
14409,4.4681726
14410,-181.60686
14411,-123.19589
14412,-75.220695
14413,-33.65843
14414,0.59642786
14415,21.98172
14416,45.581287
14417,57.337547
14418,58.47491
14419,59.625374
14420,55.703514
14421,45.86723
14422,28.598873
14423,7.000515
14424,-36.290928
14425,-89.316505
14426,-160.76878
14427,-5.690432
14428,-19.567318
14429,-23.625805
14430,-32.562702
14431,-46.067314
14432,-43.84411
14433,-46.394535
14434,-46.5
14435,-46.5
14436,-41.5
14437,-46.5
14438,-46.5
14439,-41.5
14440,-41.5
14441,-41.5
14442,-41.5
14443,-41.5
14444,-46.5
14445,-41.5
14446,-46.5
14447,-41.5
14448,-46.5
14449,-41.5
14450,-46.5
14451,-46.5
14452,-41.5
14453,-46.5
14454,-46.5
14455,-41.5
14456,-41.5
14457,-41.5
14458,-41.5
14459,-41.5
14460,-46.5
14461,-46.5
14462,-46.5
14463,-46.5
14464,-22.932402
14465,-7.5695567
14466,-6.964801
14467,-6.120987
14468,-5.0864387
14469,-3.9056203
14470,-2.62151
14471,-6.2769327
14472,-4.913712
14473,1.4339484
14474,2.7434812
14475,-1.004907
14476,5.169818
14477,-172.17699
14478,-134.95305
14479,-108.61782
14480,-87.560905
14481,-71.19613
14482,-58.923416
14483,-49.49737
14484,-45.76146
14485,-30.777851
14486,-23.14064
14487,-7.1758285
14488,16.547144
14489,35.99948
14490,53.073555
14491,58.54619
14492,61.969723
14493,37.20129
14494,-10.626682
14495,-78.62265
14496,-165.6941
14497,-8.007191
14498,-22.33433
14499,-26.167822
14500,-34.532856
14501,-42.460957
14502,-44.220695
14503,-50.53562
14504,-41.5
14505,-46.5
14506,-41.5
14507,-41.5
14508,-46.5
14509,-46.5
14510,-41.5
14511,-41.5
14512,-41.5
14513,-46.5
14514,-41.5
14515,-41.5
14516,-41.5
14517,-41.5
14518,-46.5
14519,-41.5
14520,-41.5
14521,-41.5
14522,-41.5
14523,-46.5
14524,-46.5
14525,-46.5
14526,-46.5
14527,-41.5
14528,-46.5
14529,-41.5
14530,-46.5
14531,-41.5
14532,-46.5
14533,-46.5
14534,-46.5
14535,-41.5
14536,-46.5
14537,-41.5
14538,-17.93241
14539,-12.569714
14540,-11.966247
14541,-6.127142
14542,-5.102754
14543,-8.937361
14544,-2.6710007
14545,-1.3390256
14546,0.03136576
14547,1.4254414
14548,-2.1614323
14549,-0.73642206
14550,-188.50679
14551,-140.5921
14552,-103.20481
14553,-66.35608
14554,-35.043785
14555,-9.219984
14556,16.385956
14557,27.627335
14558,40.641647
14559,50.829323
14560,62.66907
14561,64.692825
14562,59.50004
14563,39.082165
14564,10.053488
14565,-41.40625
14566,-104.52554
14567,-197.69077
14568,-11.022181
14569,-26.121498
14570,-31.058386
14571,-40.512245
14572,-54.0321
14573,-46.698975
14574,-46.5
14575,-46.5
14576,-41.5
14577,-41.5
14578,-41.5
14579,-41.5
14580,-41.5
14581,-46.5
14582,-41.5
14583,-46.5
14584,-46.5
14585,-46.5
14586,-41.5
14587,-41.5
14588,-46.5
14589,-41.5
14590,-46.5
14591,-41.5
14592,-41.5
14593,-41.5
14594,-41.5
14595,-41.5
14596,-41.5
14597,-46.5
14598,-41.5
14599,-41.5
14600,-22.932392
14601,-12.569174
14602,-6.960806
14603,-6.1005993
14604,-5.0188613
14605,-3.736804
14606,-2.2736619
14607,-5.651591
14608,1.102994
14609,-2.0348058
14610,4.915208
14611,-154.23502
14612,-91.844574
14613,-34.653023
14614,6.4368024
14615,36.162476
14616,54.865704
14617,58.58913
14618,64.11942
14619,58.61888
14620,48.66906
14621,29.891779
14622,12.024827
14623,-6.0261416
14624,-35.913303
14625,-79.46787
14626,-124.00308
14627,-192.55441
14628,-1.9864318
14629,-9.757967
14630,-18.026619
14631,-31.503115
14632,-34.88221
14633,-42.844112
14634,-46.216938
14635,-47.091213
14636,-46.5
14637,-46.5
14638,-46.5
14639,-46.5
14640,-41.5
14641,-41.5
14642,-46.5
14643,-46.5
14644,-46.5
14645,-46.5
14646,-46.5
14647,-46.5
14648,-41.5
14649,-41.5
14650,-46.5
14651,-46.5
14652,-41.5
14653,-41.5
14654,-46.5
14655,-41.5
14656,-41.5
14657,-41.5
14658,-46.5
14659,-41.5
14660,-41.5
14661,-46.5
14662,-41.5
14663,-41.5
14664,-46.5
14665,-17.93241
14666,-7.5697145
14667,-6.9663563
14668,-6.128367
14669,-10.109221
14670,-8.959191
14671,-2.7256265
14672,-1.4517075
14673,-5.17532
14674,-3.9249196
14675,2.2816498
14676,-1.5723177
14677,4.4965315
14678,-193.67047
14679,-162.96783
14680,-142.78734
14681,-122.76396
14682,-107.64458
14683,-92.08277
14684,-84.80915
14685,-78.25852
14686,-69.87147
14687,-62.569115
14688,-45.099094
14689,-22.682058
14690,2.7223432
14691,32.939938
14692,53.66081
14693,64.32513
14694,48.433804
14695,25.379936
14696,-27.8047
14697,-105.901
14698,-205.5937
14699,-16.405392
14700,-25.445038
14701,-34.04129
14702,-37.217678
14703,-44.994873
14704,-45.15047
14705,-43.935467
14706,-46.5
14707,-41.5
14708,-46.5
14709,-41.5
14710,-41.5
14711,-41.5
14712,-41.5
14713,-46.5
14714,-41.5
14715,-41.5
14716,-41.5
14717,-41.5
14718,-41.5
14719,-41.5
14720,-41.5
14721,-46.5
14722,-46.5
14723,-46.5
14724,-41.5
14725,-41.5
14726,-41.5
14727,-41.5
14728,-46.5
14729,-41.5
14730,-46.5
14731,-46.5
14732,-41.5
14733,-41.5
14734,-41.5
14735,-41.5
14736,-46.5
14737,-17.93241
14738,-7.5697145
14739,-6.9663563
14740,-11.1283655
14741,-5.1089725
14742,-8.95702
14743,-7.716218
14744,-1.4240015
14745,-0.108298816
14746,1.2181652
14747,2.555946
14748,-1.0954193
14749,-203.5981
14750,-161.44762
14751,-114.207466
14752,-77.04011
14753,-45.0883
14754,-18.451298
14755,-2.0033634
14756,20.05409
14757,34.02933
14758,45.734695
14759,55.30665
14760,62.142097
14761,64.78666
14762,56.093468
14763,48.418724
14764,23.518261
14765,-22.51577
14766,-88.33637
14767,-170.38849
14768,-12.006964
14769,-15.968568
14770,-24.527391
14771,-27.512653
14772,-34.979343
14773,-41.995853
14774,-50.51162
14775,-42.61203
14776,-41.5
14777,-46.5
14778,-46.5
14779,-46.5
14780,-41.5
14781,-46.5
14782,-46.5
14783,-41.5
14784,-46.5
14785,-46.5
14786,-46.5
14787,-46.5
14788,-41.5
14789,-41.5
14790,-46.5
14791,-46.5
14792,-46.5
14793,-46.5
14794,-46.5
14795,-41.5
14796,-46.5
14797,-41.5
14798,-46.5
14799,-41.5
14800,-46.5
14801,-41.5
14802,-41.5
14803,-41.5
14804,-41.5
14805,-41.5
14806,-41.5
14807,-46.5
14808,-46.5
14809,-41.5
14810,-46.5
14811,-41.5
14812,-46.5
14813,-22.932402
14814,-7.569576
14815,-6.964965
14816,-6.1217794
14817,-5.0888853
14818,-3.9113905
14819,-7.632911
14820,-6.2966924
14821,0.055778462
14822,1.3915677
14823,2.6885607
14824,-1.074865
14825,0.07847707
14826,-171.24031
14827,-140.24664
14828,-120.678345
14829,-102.150826
14830,-89.365105
14831,-76.942764
14832,-73.613335
14833,-71.76624
14834,-73.600655
14835,-66.56569
14836,-48.73924
14837,-34.586838
14838,-5.436351
14839,15.900009
14840,45.160267
14841,56.544346
14842,53.010986
14843,38.112297
14844,-7.0344644
14845,-78.036606
14846,-177.20186
14847,-8.582059
14848,-22.89803
14849,-26.78913
14850,-35.26577
14851,-43.335266
14852,-44.637005
14853,-49.989895
14854,-46.5
14855,-41.5
14856,-46.5
14857,-41.5
14858,-41.5
14859,-41.5
14860,-46.5
14861,-41.5
14862,-46.5
14863,-46.5
14864,-41.5
14865,-46.5
14866,-41.5
14867,-41.5
14868,-41.5
14869,-46.5
14870,-46.5
14871,-41.5
14872,-41.5
14873,-46.5
14874,-41.5
14875,-46.5
14876,-41.5
14877,-41.5
14878,-41.5
14879,-41.5
14880,-46.5
14881,-41.5
14882,-41.5
14883,-41.5
14884,-46.5
14885,-41.5
14886,-22.9324
14887,-12.569272
14888,-11.9618435
14889,-6.105743
14890,-10.034742
14891,-3.7724707
14892,-7.338283
14893,-0.75225186
14894,-4.036812
14895,2.7877877
14896,-0.2951515
14897,-162.01486
14898,-99.19231
14899,-46.28635
14900,0.73316157
14901,31.627172
14902,46.792297
14903,57.260853
14904,64.6984
14905,56.090805
14906,52.868843
14907,35.520187
14908,23.668444
14909,1.1279907
14910,-33.83112
14911,-68.100975
14912,-119.01973
14913,-189.62418
14914,-7.032664
14915,-15.049007
14916,-23.546547
14917,-37.233387
14918,-45.8043
14919,-48.82824
14920,-51.489017
14921,-46.5
14922,-41.5
14923,-41.5
14924,-46.5
14925,-46.5
14926,-41.5
14927,-41.5
14928,-46.5
14929,-46.5
14930,-46.5
14931,-46.5
14932,-41.5
14933,-41.5
14934,-46.5
14935,-46.5
14936,-46.5
14937,-41.5
14938,-41.5
14939,-46.5
14940,-41.5
14941,-41.5
14942,-41.5
14943,-41.5
14944,-46.5
14945,-41.5
14946,-46.5
14947,-41.5
14948,-41.5
14949,-41.5
14950,-17.93241
14951,-7.5697145
14952,-11.966356
14953,-6.1283092
14954,-5.108673
14955,-8.956817
14956,-7.7193522
14957,-1.4386653
14958,-0.14814992
14959,1.134231
14960,-2.595597
14961,-1.3414955
14962,-0.11049008
14963,-173.28049
14964,-134.91713
14965,-101.23931
14966,-77.12951
14967,-47.540936
14968,-27.312216
14969,-10.57635
14970,-0.7532241
14971,13.318621
14972,27.124308
14973,45.358112
14974,51.674496
14975,63.736156
14976,63.5258
14977,52.30627
14978,20.56982
14979,-26.177368
14980,-95.4619
14981,-192.17946
14982,-14.557531
14983,-23.6133
14984,-27.106918
14985,-35.070644
14986,-42.56081
14987,-44.046803
14988,-45.486423
14989,-46.5
14990,-46.5
14991,-46.5
14992,-41.5
14993,-46.5
14994,-46.5
14995,-46.5
14996,-41.5
14997,-41.5
14998,-41.5
14999,-41.5
15000,-41.5
