timestep,reward
1,-23.244173
2,-7.0350776
3,3.2047515
4,12.141315
5,19.303228
6,24.330553
7,26.924395
8,26.6855
9,23.027874
10,15.929681
11,7.120881
12,-0.3989723
13,-2.8600636
14,2.847085
15,15.985981
16,31.442333
17,44.36672
18,52.18936
19,54.990746
20,54.63957
21,52.66113
22,49.32761
23,43.90607
24,34.719044
25,19.550802
26,-3.2903152
27,-34.786846
28,-75.09366
29,-123.48333
30,-178.96205
31,-241.14513
32,-309.93875
33,-385.41647
34,2.1132445
35,-17.338501
36,-21.527811
37,-25.223312
38,-28.194372
39,-15.252026
40,-16.452759
41,-32.15809
42,-32.666267
43,-18.218882
44,-19.041464
45,-20.358515
46,-22.41496
47,-25.507877
48,-43.52529
49,-43.12997
50,-26.0
51,-26.0
52,-26.0
53,-26.0
54,-26.0
55,-41.0
56,-41.0
57,-26.0
58,-26.0
59,-41.0
60,-41.0
61,-41.0
62,-26.0
63,-26.0
64,-41.0
65,-41.0
66,-26.0
67,-41.0
68,-26.0
69,-41.0
70,-41.0
71,-26.0
72,-41.0
73,-26.0
74,-41.0
75,-26.0
76,-26.0
77,-26.0
78,-41.0
79,-41.0
80,-26.0
81,-41.0
82,-28.244173
83,-7.0356236
84,3.1994653
85,12.117303
86,19.230251
87,24.152328
88,26.53716
89,25.890842
90,21.438356
91,12.850697
92,1.5205923
93,-9.7556925
94,-17.037577
95,-16.432737
96,-7.4656177
97,5.6646476
98,18.512188
99,28.162094
100,33.376766
101,34.50511
102,32.90678
103,29.793001
104,26.483513
105,24.516336
106,24.840765
107,27.154873
108,30.771881
109,34.98544
110,39.203217
111,43.12946
112,46.74181
113,49.981144
114,52.67487
115,54.511925
116,55.066757
117,54.087322
118,51.777424
119,48.785355
120,46.019016
121,44.122932
122,43.018337
123,42.268578
124,41.321835
125,39.53847
126,36.08959
127,29.730043
128,18.447945
129,-1.0092883
130,-35.21484
131,-89.24969
132,-125.565735
133,-156.45294
134,-177.15993
135,-189.8496
136,-197.75002
137,-204.6172
138,-214.50616
139,-231.85022
140,-261.24512
141,-304.71423
142,-358.85593
143,-417.67892
144,2.3756063
145,0.49322817
146,-15.3760195
147,-0.5838708
148,-0.44097254
149,-15.197468
150,-0.070262924
151,-0.18592298
152,-0.5725008
153,-1.2817357
154,-2.3805103
155,-3.9168031
156,-5.8017817
157,-7.761272
158,-24.53195
159,-10.858493
160,-26.529825
161,-26.585857
162,-11.352968
163,-26.068092
164,-10.914147
165,-11.025822
166,-11.31653
167,-26.452215
168,-11.187858
169,-25.324892
170,-8.747044
171,-6.676698
172,-4.6407056
173,-2.970178
174,-1.9414847
175,-1.868485
176,-3.126126
177,-6.181689
178,-26.666933
179,-25.576452
180,-34.491695
181,-30.05618
182,-28.354445
183,-25.931438
184,-39.381516
185,-20.7591
186,-18.414894
187,-16.733109
188,-30.895332
189,-31.17539
190,-17.868551
191,-35.79626
192,-39.100334
193,-42.02844
194,-28.381216
195,-27.28874
196,-41.0
197,-25.611462
198,-24.44502
199,-23.937326
200,-40.19341
201,-41.77854
202,-41.683075
203,-26.0
204,-41.0
205,-26.0
206,-41.0
207,-26.0
208,-26.0
209,-26.0
210,-26.0
211,-26.0
212,-26.0
213,-26.0
214,-26.0
215,-26.0
216,-26.0
217,-41.0
218,-26.0
219,-26.0
220,-41.0
221,-41.0
222,-26.0
223,-26.0
224,-41.0
225,-41.0
226,-26.0
227,-26.0
228,-26.0
229,-41.0
230,-41.0
231,-26.0
232,-41.0
233,-41.0
234,-41.0
235,-26.0
236,-26.0
237,-26.0
238,-26.0
239,-28.244173
240,-7.0348616
241,3.206043
242,12.146751
243,19.315681
244,24.344898
245,26.91251
246,26.571266
247,22.635275
248,14.898483
249,4.844386
250,-4.730262
251,-10.02609
252,-7.466285
253,3.0506506
254,17.146784
255,30.395992
256,40.16149
257,45.82453
258,48.419617
259,49.506794
260,50.106636
261,50.911716
262,52.318504
263,54.030792
264,55.055412
265,54.34074
266,51.084435
267,44.87408
268,35.573162
269,22.94605
270,6.5968485
271,-14.015736
272,-39.5
273,-69.93254
274,-104.069244
275,-139.68956
276,-173.84566
277,-203.3214
278,-226.38316
279,-244.16266
280,-258.86447
281,-273.06165
282,-289.61548
283,-311.7157
284,-343.03677
285,-388.01715
286,3.2730844
287,-17.08346
288,-28.00538
289,-10.967014
290,-27.479397
291,-28.00878
292,-12.99244
293,-12.812119
294,-12.796527
295,-13.244751
296,-29.45947
297,-16.707172
298,-19.875547
299,-23.318102
300,-26.443731
301,-28.511707
302,-28.07711
303,-26.0
304,-26.0
305,-41.0
306,-25.683933
307,-24.704603
308,-24.011108
309,-39.123234
310,-24.609753
311,-25.549377
312,-26.653187
313,-26.766516
314,-26.0
315,-41.0
316,-41.0
317,-26.0
318,-41.0
319,-41.0
320,-26.0
321,-41.0
322,-26.0
323,-26.0
324,-26.0
325,-41.0
326,-26.0
327,-25.448442
328,-22.747711
329,-19.027
330,-32.419544
331,-31.643776
332,-16.960133
333,-33.762783
334,-37.633934
335,-28.366999
336,-30.37227
337,-26.0
338,-41.0
339,-26.0
340,-26.0
341,-26.0
342,-26.0
343,-26.0
344,-26.0
345,-41.0
346,-26.0
347,-41.0
348,-26.0
349,-41.0
350,-41.0
351,-26.0
352,-26.0
353,-41.0
354,-41.0
355,-41.0
356,-26.0
357,-26.0
358,-26.0
359,-41.0
360,-26.0
361,-26.0
362,-41.0
363,-26.0
364,-41.0
365,-28.244173
366,-7.0346446
367,3.2086341
368,12.161257
369,19.37263
370,24.516922
371,27.33659
372,27.488255
373,24.473213
374,18.372375
375,10.9414425
376,5.062901
377,4.214254
378,11.039643
379,24.327328
380,38.761745
381,49.580383
382,54.63575
383,54.71692
384,52.294193
385,49.06584
386,45.365337
387,40.625668
388,33.60401
389,22.865685
390,7.5936832
391,-12.539053
392,-37.383835
393,-66.32975
394,-98.81981
395,-134.9866
396,-175.30037
397,-220.4107
398,-270.97113
399,-326.61844
400,-384.92792
401,-442.35434
402,1.3858523
403,-0.47027895
404,-1.6736851
405,-2.4798467
406,-3.1195261
407,-3.7929556
408,-4.6946545
409,-6.0220222
410,-7.9864273
411,-10.828713
412,-14.845294
413,-35.816364
414,-27.33673
415,-29.432045
416,-28.737526
417,-26.104202
418,-26.0
419,-26.0
420,-41.0
421,-26.0
422,-41.0
423,-26.0
424,-26.0
425,-26.0
426,-26.0
427,-26.0
428,-41.0
429,-41.0
430,-26.0
431,-26.0
432,-26.0
433,-26.0
434,-26.0
435,-41.0
436,-26.0
437,-26.0
438,-41.0
439,-26.0
440,-26.0
441,-26.0
442,-26.0
443,-26.0
444,-26.0
445,-26.0
446,-26.0
447,-41.0
448,-26.0
449,-26.0
450,-26.0
451,-26.0
452,-26.0
453,-41.0
454,-26.0
455,-26.0
456,-26.0
457,-26.0
458,-25.861282
459,-40.812412
460,-41.17906
461,-26.0
462,-26.0
463,-41.0
464,-26.0
465,-26.0
466,-26.0
467,-26.0
468,-26.0
469,-26.0
470,-26.0
471,-26.0
472,-26.0
473,-26.0
474,-26.0
475,-26.0
476,-26.0
477,-26.0
478,-41.0
479,-26.0
480,-28.244173
481,-7.0356236
482,3.1994658
483,12.118484
484,19.240456
485,24.198317
486,26.677464
487,26.235947
488,22.196484
489,14.397287
490,4.4344225
491,-4.735521
492,-9.189595
493,-5.3952055
494,6.468434
495,21.646057
496,35.420856
497,45.113674
498,50.397476
499,52.704445
500,53.684048
501,54.198967
502,54.6265
503,54.997513
504,54.85862
505,53.43557
506,50.034496
507,44.23263
508,35.958416
509,25.304464
510,12.149455
511,-3.8065035
512,-22.997557
513,-45.908096
514,-72.476654
515,-101.3714
516,-130.41998
517,-156.89162
518,-177.95332
519,-192.30283
520,-201.34686
521,-207.39612
522,-212.97554
523,-220.73941
524,-233.51076
525,-254.45175
526,-287.36688
527,-337.1428
528,-413.75266
529,-0.2681888
530,-18.001112
531,-4.3760805
532,-4.8157535
533,-4.7097487
534,-4.4010496
535,-19.193073
536,-19.36933
537,-20.217287
538,-6.9885135
539,-9.606113
540,-12.530041
541,-15.244752
542,-17.228321
543,-18.020712
544,-17.65374
545,-16.723152
546,-15.618283
547,-14.585516
548,-13.810588
549,-13.363517
550,-13.216799
551,-13.410719
552,-14.013348
553,-15.070513
554,-16.463783
555,-17.870625
556,-19.016666
557,-19.646048
558,-19.562391
559,-18.873104
560,-17.989277
561,-32.151474
562,-16.517994
563,-16.192026
564,-16.036926
565,-30.673443
566,-14.863329
567,-13.429862
568,-11.286269
569,-8.695092
570,-6.1972647
571,-19.090506
572,-2.6209059
573,-17.084589
574,-17.845428
575,-5.358026
576,-25.226616
577,-23.370234
578,-31.41095
579,-26.653048
580,-25.389519
581,-37.840767
582,-19.884138
583,-17.054676
584,-29.628618
585,-27.785875
586,-11.731787
587,-11.756902
588,-13.163942
589,-30.81317
590,-18.927425
591,-36.79915
592,-23.66657
593,-23.863144
594,-22.644762
595,-21.242672
596,-20.349207
597,-20.367887
598,-21.599442
599,-23.837166
600,-26.263245
601,-27.835875
602,-42.269344
603,-26.0
604,-26.0
605,-26.0
606,-25.705395
607,-24.68252
608,-23.970886
609,-24.475683
610,-25.102335
611,-25.660192
612,-41.015003
613,-41.07262
614,-26.013966
615,-26.127369
616,-26.147911
617,-26.0
618,-26.0
619,-26.0
620,-26.0
621,-26.0
622,-41.0
623,-26.0
624,-41.0
625,-26.0
626,-26.0
627,-26.0
628,-26.0
629,-26.0
630,-26.0
631,-26.0
632,-26.0
633,-26.0
634,-26.0
635,-26.0
636,-26.0
637,-26.0
638,-26.0
639,-41.0
640,-26.0
641,-26.0
642,-26.0
643,-26.0
644,-26.0
645,-41.0
646,-26.0
647,-26.0
648,-26.0
649,-41.0
650,-26.0
651,-28.244173
652,-7.0356236
653,3.1996627
654,12.119024
655,19.238201
656,24.17783
657,26.604534
658,26.047525
659,21.773634
660,13.515475
661,2.724392
662,-7.7767305
663,-14.087605
664,-12.454439
665,-2.5967102
666,11.1655
667,24.370192
668,34.231915
669,39.823254
670,41.833225
671,41.72043
672,40.610733
673,39.558254
674,39.648815
675,41.38441
676,44.275757
677,47.585747
678,50.65522
679,53.02738
680,54.515396
681,55.064297
682,54.53975
683,52.680023
684,49.093178
685,43.437965
686,35.832916
687,26.943764
688,17.925322
689,10.190386
690,4.5746865
691,0.6320399
692,-2.6215637
693,-6.3639812
694,-11.950968
695,-21.02576
696,-35.75207
697,-59.1749
698,-95.71471
699,-154.06285
700,-237.07549
701,-297.42084
702,-348.30927
703,-385.79346
704,-412.96045
705,-434.11176
706,-10.904815
707,2.7785993
708,0.8387087
709,-1.9948149
710,-5.684287
711,-9.726295
712,-13.589691
713,-16.714678
714,-18.578775
715,-19.138464
716,-18.967741
717,-18.494799
718,-18.016438
719,-17.76031
720,-17.816975
721,-18.159056
722,-18.831263
723,-34.9103
724,-21.449461
725,-23.314941
726,-40.13748
727,-26.60796
728,-27.404118
729,-27.013416
730,-26.0
731,-25.903831
732,-40.350056
733,-39.5666
734,-24.49419
735,-24.608057
736,-24.425997
737,-38.684574
738,-22.211895
739,-19.960247
740,-17.320675
741,-14.965855
742,-13.168602
743,-12.124782
744,-27.108086
745,-13.496556
746,-16.81213
747,-22.831839
748,-30.003994
749,-30.696127
750,-26.0
751,-26.0
752,-26.0
753,-41.0
754,-26.0
755,-26.0
756,-26.0
757,-24.834558
758,-38.06458
759,-25.132008
760,-27.170958
761,-41.575165
762,-26.0
763,-26.0
764,-26.0
765,-26.0
766,-26.0
767,-26.0
768,-26.0
769,-26.0
770,-26.0
771,-26.0
772,-41.0
773,-26.0
774,-26.0
775,-41.0
776,-26.0
777,-26.0
778,-26.0
779,-26.0
780,-26.0
781,-41.0
782,-41.0
783,-41.0
784,-26.0
785,-26.0
786,-26.0
787,-26.0
788,-26.0
789,-41.0
790,-26.0
791,-26.0
792,-26.0
793,-26.0
794,-26.0
795,-26.0
796,-26.0
797,-26.0
798,-26.0
799,-26.0
800,-26.0
801,-41.0
802,-26.0
803,-26.0
804,-26.0
805,-26.0
806,-28.244173
807,-7.0356236
808,3.1994653
809,12.117303
810,19.230251
811,24.152328
812,26.537016
813,25.8898
814,21.431145
815,12.817467
816,1.4124296
817,-10.026272
818,-17.588058
819,-17.374815
820,-8.857625
821,3.8279796
822,16.271599
823,25.525925
824,30.216
825,30.491177
826,27.583078
827,22.655077
828,17.078941
829,12.575461
830,10.323949
831,10.13762
832,11.388115
833,13.389437
834,15.524236
835,17.507545
836,19.489452
837,21.685993
838,24.2807
839,27.362879
840,30.682732
841,33.61298
842,35.58743
843,36.131702
844,34.77049
845,31.214033
846,25.65883
847,18.56106
848,10.69518
849,3.2216418
850,-2.3759475
851,-4.4835587
852,-1.6792978
853,6.8138666
854,21.469234
855,35.961426
856,41.8888
857,43.33899
858,41.92085
859,38.195923
860,32.552902
861,25.764036
862,19.223364
863,14.868721
864,14.570307
865,18.47438
866,24.380266
867,29.969828
868,33.592724
869,34.1751
870,31.216194
871,24.834148
872,15.218702
873,2.8837836
874,-11.075155
875,-25.289524
876,-38.630733
877,-49.974663
878,-58.171696
879,-62.297855
880,-62.49945
881,-60.437344
882,-58.108818
883,-57.46303
884,-60.258762
885,-67.20318
886,-77.311
887,-89.10331
888,-100.85556
889,-110.81088
890,-118.531296
891,-125.87994
892,-135.40596
893,-149.93861
894,-172.3919
895,-203.74132
896,-240.93048
897,-278.91763
898,-311.35114
899,-330.9512
900,-330.3997
901,-303.72546
902,-248.19197
903,-171.68718
904,-98.27806
905,-62.796
906,-52.195942
907,-55.51442
908,-69.57818
909,-92.1727
910,-120.66153
911,-151.17784
912,-178.39182
913,-195.85808
914,-197.67279
915,-183.37975
916,-160.13179
917,-136.01665
918,-117.70122
919,-110.02261
920,-114.04693
921,-126.00741
922,-141.02132
923,-153.555
924,-158.03595
925,-152.59628
926,-141.26682
927,-129.15321
928,-120.846436
929,-120.14721
930,-128.48671
931,-143.8645
932,-163.38998
933,-183.66069
934,-200.9424
935,-213.05768
936,-220.8677
937,-226.10979
938,-230.66304
939,-236.219
940,-242.87122
941,-248.19974
942,-249.17595
943,-242.83241
944,-226.90604
945,-201.91228
946,-171.8521
947,-140.97011
948,-112.699905
949,-89.57783
950,-73.39047
951,-65.561615
952,-67.77935
953,-82.86193
954,-116.10524
955,-161.66705
956,-193.37534
957,-211.26993
958,-217.21516
959,-214.26402
960,-205.97171
961,-195.9289
962,-187.50043
963,-183.77155
964,-187.13628
965,-196.56085
966,-205.53651
967,-205.97008
968,-190.0604
969,-153.19746
970,-100.56403
971,-51.736496
972,-8.366968
973,24.711058
974,38.86635
975,44.071266
976,44.914948
977,43.66235
978,41.847874
979,41.146507
980,42.43586
981,44.95475
982,47.65603
983,49.804195
984,51.065907
985,51.468647
986,51.19112
987,50.279137
988,48.653324
989,46.183163
990,42.92137
991,39.42526
992,36.6894
993,35.9431
994,38.139294
995,42.901398
996,48.36828
997,52.72436
998,54.900013
999,54.78116
1000,53.167496
1001,51.467426
1002,51.115448
1003,52.698997
1004,54.404076
1005,54.87631
1006,54.96399
1007,54.947277
1008,54.759857
1009,54.223274
1010,53.218605
1011,51.792408
1012,50.195423
1013,48.85301
1014,48.238354
1015,48.572258
1016,49.64305
1017,51.08062
1018,52.5244
1019,53.7039
1020,54.483562
1021,54.868725
1022,54.97595
1023,54.973694
1024,54.989334
1025,55.010765
1026,54.969112
1027,54.92454
1028,54.970966
1029,54.82119
1030,53.366833
1031,49.084938
1032,40.888645
1033,28.671146
1034,13.428851
1035,-3.699494
1036,-22.87499
1037,-45.16502
1038,-72.30526
1039,-106.48459
1040,-148.66191
1041,-196.45337
1042,-245.2808
1043,-289.0131
1044,-320.92432
1045,-336.94785
1046,-338.05933
1047,-327.0966
1048,-307.39862
1049,-282.41132
1050,-255.39417
1051,-229.23956
1052,-206.40158
1053,-188.94003
1054,-148.5597
1055,-79.97798
1056,-35.681374
1057,-16.543621
1058,-10.018721
1059,-12.13805
1060,-20.79333
1061,-34.433018
1062,-51.16955
1063,-68.29767
1064,-82.60259
1065,-92.71525
1066,-100.99926
1067,-111.03679
1068,-126.891624
1069,-152.87202
1070,-190.60709
1071,-235.60005
1072,-279.87476
1073,-313.11227
1074,-324.86905
1075,-311.9253
1076,-282.28778
1077,-246.23927
1078,-212.75508
1079,-188.54034
1080,-176.27664
1081,-174.53831
1082,-181.69551
1083,-196.61107
1084,-218.32776
1085,-245.62338
1086,-276.64023
1087,-309.00098
1088,-339.84232
1089,-366.1641
1090,-386.5072
1091,-402.1873
1092,-415.34515
1093,-428.28925
1094,-443.20816
1095,-460.9558
1096,-480.2306
1097,-499.14722
1098,-515.6951
1099,-527.76886
1100,-533.2353
1101,-530.0309
1102,-516.2931
1103,-490.51782
1104,-486.16394
1105,-537.4356
1106,-574.8137
1107,-600.11584
1108,-615.2446
1109,-622.5312
1110,-624.54865
1111,-623.97876
1112,-623.5322
1113,-625.9239
1114,-633.53516
1115,-646.64185
1116,-662.25446
1117,4.41648
1118,4.0856605
1119,4.148548
1120,4.6232924
1121,-659.29407
1122,-640.04987
1123,-621.82306
1124,-607.9319
1125,-599.9446
1126,-597.0134
1127,-597.87665
1128,-601.5187
1129,-607.73517
1130,-619.0534
1131,-641.9411
1132,3.876923
1133,0.7658781
1134,-3.8050842
1135,-14.745164
1136,-21.44841
1137,-28.227976
1138,-34.37672
1139,-39.239017
1140,-37.608627
1141,-39.910126
1142,-41.60491
1143,-43.13393
1144,-44.917835
1145,-47.205666
1146,-50.007336
1147,-53.330647
1148,-57.20327
1149,-61.65987
1150,-66.74069
1151,-77.490425
1152,-83.95718
1153,-91.191734
1154,-99.705765
1155,-108.73383
1156,-115.253456
1157,-120.20187
1158,-118.86363
1159,-121.52296
1160,-123.46396
1161,-124.97119
1162,-126.32938
1163,-127.82365
1164,-129.70905
1165,-132.06366
1166,-134.7263
1167,-137.5275
1168,-140.31029
1169,-142.93117
1170,-145.31834
1171,-147.4968
1172,-149.49696
1173,-151.34627
1174,-153.08275
1175,-154.80225
1176,-156.67639
1177,-158.87206
1178,-161.54616
1179,-164.82259
1180,-168.64316
1181,-172.70543
1182,-176.69505
1183,-180.30858
1184,-183.28844
1185,-185.63869
1186,-187.7176
1187,-189.90007
1188,-192.54689
1189,-195.96355
1190,-200.12184
1191,-204.54071
1192,-208.72281
1193,-212.19374
1194,-214.53777
1195,-215.67737
1196,-215.99419
1197,-215.88881
1198,-215.74043
1199,-215.92924
1200,-216.83643
1201,-218.84418
1202,-222.3356
1203,-227.69453
1204,-238.14267
1205,-235.49228
1206,-236.4744
1207,-236.10022
1208,-234.543
1209,-231.97668
1210,-228.57587
1211,-224.51549
1212,-219.97089
1213,-215.11763
1214,-210.13153
1215,-205.18985
1216,-200.47154
1217,-196.15546
1218,-192.42021
1219,-189.41313
1220,-187.1015
1221,-185.2085
1222,-183.44705
1223,-181.54156
1224,-179.25018
1225,-176.52931
1226,-173.607
1227,-170.7241
1228,-168.10489
1229,-165.95442
1230,-164.37648
1231,-163.33875
1232,-162.80289
1233,-162.73648
1234,-163.08624
1235,-163.68027
1236,-164.18633
1237,-164.26566
1238,-163.58691
1239,-161.87212
1240,-159.15396
1241,-155.88649
1242,-152.54027
1243,-149.56584
1244,-147.3685
1245,-146.0917
1246,-145.5243
1247,-145.44356
1248,-145.65404
1249,-145.98131
1250,-146.27406
1251,-146.40016
1252,-146.24117
1253,-145.68613
1254,-144.69366
1255,-143.69487
1256,-143.40431
1257,-143.79912
1258,-144.9321
1259,-146.80815
1260,-149.3898
1261,-152.61044
1262,-156.39032
1263,-160.65451
1264,-165.35504
1265,-175.48769
1266,-181.08345
1267,-187.18428
1268,-193.84099
1269,-201.08818
1270,-208.81834
1271,-216.72742
1272,-224.5087
1273,-231.8688
1274,-238.53491
1275,-244.3426
1276,-249.27345
1277,-248.31728
1278,-251.45915
1279,-253.71858
1280,-255.30525
1281,-256.68652
1282,-258.34314
1283,-260.74533
1284,-264.2917
1285,-268.95755
1286,-279.1437
1287,-284.22644
1288,-283.61035
1289,-286.78033
1290,-288.68152
1291,-289.88477
1292,-290.99258
1293,-292.58167
1294,-295.1634
1295,-298.85706
1296,-303.24557
1297,-307.88107
1298,-312.33072
1299,-316.15015
1300,-318.88303
1301,-320.0633
1302,-319.21814
1303,-315.8713
1304,-313.02014
1305,-314.7009
1306,-316.041
1307,-317.66824
1308,-319.5126
1309,-321.50787
1310,-323.59128
1311,-325.70352
1312,-327.7881
1313,-329.7909
1314,-331.65128
1315,-333.2594
1316,-334.43716
1317,-335.00256
1318,-334.77692
1319,-333.62915
1320,-331.70538
1321,-329.53046
1322,-327.65027
1323,-326.59506
1324,-326.81918
1325,-328.3333
1326,-330.5435
1327,-332.82462
1328,-334.57898
1329,-335.27344
1330,-334.7513
1331,-333.36945
1332,-331.51233
1333,-329.54208
1334,-327.77383
1335,-326.24902
1336,-324.63535
1337,-322.5803
1338,-319.7474
1339,-315.8622
1340,-311.01257
1341,-310.78192
1342,-305.77997
1343,-296.59448
1344,-293.74414
1345,-292.34863
1346,-291.98438
1347,-292.20056
1348,-292.5711
1349,-292.6698
1350,-292.0703
1351,-290.34586
1352,-287.069
1353,-281.81134
1354,-280.68835
1355,-271.2535
1356,-267.93228
1357,-265.52585
1358,-263.85855
1359,-262.75473
1360,-262.03882
1361,-261.53522
1362,-261.0682
1363,-260.46216
1364,-259.5594
1365,-258.30814
1366,-256.8006
1367,-255.1356
1368,-253.40536
1369,-251.69342
1370,-250.03296
1371,-248.38884
1372,-246.72278
1373,-244.99954
1374,-243.19542
1375,-241.35414
1376,-239.61104
1377,-238.10555
1378,-236.97281
1379,-236.31766
1380,-236.06825
1381,-235.91315
1382,-235.53024
1383,-234.60852
1384,-232.87592
1385,-230.28665
1386,-227.10289
1387,-223.60052
1388,-220.04134
1389,-216.66422
1390,-213.5752
1391,-210.69998
1392,-207.95625
1393,-205.27011
1394,-202.57898
1395,-199.88573
1396,-197.28226
1397,-194.86432
1398,-192.7254
1399,-190.96242
1400,-189.67229
1401,-188.94955
1402,-188.88771
1403,-189.57965
1404,-189.97443
1405,-188.92102
1406,-188.41154
1407,-188.13786
1408,-188.11357
1409,-188.35225
1410,-188.8675
1411,-189.67296
1412,-190.7824
1413,-192.20961
1414,-193.93953
1415,-195.78857
1416,-197.34482
1417,-198.18706
1418,-197.90488
1419,-196.1552
1420,-192.98772
1421,-188.9854
1422,-184.75388
1423,-180.87384
1424,-177.86975
1425,-175.93849
1426,-174.83313
1427,-174.28891
1428,-174.0623
1429,-173.91722
1430,-173.65991
1431,-173.15439
1432,-172.2667
1433,-170.8602
1434,-168.82338
1435,-166.19081
1436,-163.19514
1437,-160.07695
1438,-157.06732
1439,-154.38148
1440,-152.14154
1441,-150.34384
1442,-148.97975
1443,-148.04674
1444,-147.53462
1445,-147.3895
1446,-147.49828
1447,-147.74545
1448,-148.01852
1449,-148.20483
1450,-148.19182
1451,-147.86685
1452,-147.11732
1453,-145.8306
1454,-144.1654
1455,-142.58672
1456,-141.10786
1457,-139.78813
1458,-138.6918
1459,-137.88316
1460,-137.42647
1461,-137.38605
1462,-137.82613
1463,-138.81097
1464,-140.37604
1465,-142.38919
1466,-144.49155
1467,-146.31554
1468,-147.50455
1469,-147.74844
1470,-147.0073
1471,-145.60706
1472,-143.8879
1473,-142.17249
1474,-140.7608
1475,-139.82098
1476,-139.3425
1477,-139.30795
1478,-139.70857
1479,-140.53944
1480,-141.81818
1481,-143.59294
1482,-145.91309
1483,-148.8264
1484,-152.34677
1485,-156.29086
1486,-160.20842
1487,-163.63907
1488,-166.13536
1489,-167.30675
1490,-167.09425
1491,-165.88818
1492,-164.0966
1493,-162.10634
1494,-160.28679
1495,-158.90517
1496,-158.09042
1497,-157.96602
1498,-158.66191
1499,-160.30815
1500,-163.03458
1501,-166.97101
1502,-172.24707
1503,-183.99222
1504,-189.07555
1505,-183.306
1506,-181.05663
1507,-177.28392
1508,-172.48318
1509,-172.15028
1510,-166.78128
1511,-156.87138
1512,-152.91362
1513,-150.3987
1514,-149.72795
1515,-150.79103
1516,-152.78592
1517,-154.88498
1518,-156.29489
1519,-156.31316
1520,-154.76001
1521,-152.16335
1522,-149.07957
1523,-146.03227
1524,-143.50636
1525,-141.75871
1526,-140.73705
1527,-140.37756
1528,-140.63158
1529,-141.43791
1530,-142.66168
1531,-144.06789
1532,-145.41791
1533,-146.47787
1534,-147.03227
1535,-146.97215
1536,-146.33286
1537,-145.15514
1538,-143.47278
1539,-141.33049
1540,-138.83704
1541,-136.18794
1542,-133.58186
1543,-131.21288
1544,-129.2559
1545,-127.78459
1546,-126.73734
1547,-126.044525
1548,-125.64195
1549,-125.4665
1550,-125.4571
1551,-125.55532
1552,-125.70547
1553,-125.85459
1554,-125.91034
1555,-125.358696
1556,-123.57351
1557,-120.96767
1558,-117.766594
1559,-114.19675
1560,-110.48554
1561,-106.860825
1562,-103.550964
1563,-100.78438
1564,-98.75559
1565,-97.46057
1566,-96.62663
1567,-95.970345
1568,-95.22088
1569,-94.135605
1570,-92.63721
1571,-90.8724
1572,-88.996254
1573,-87.15261
1574,-85.469406
1575,-83.984
1576,-82.61145
1577,-81.261505
1578,-79.84927
1579,-78.296165
1580,-76.56142
1581,-74.65596
1582,-72.59249
1583,-70.38079
1584,-68.04244
1585,-65.66855
1586,-63.444542
1587,-61.55949
1588,-60.197773
1589,-59.509113
1590,-59.44191
1591,-59.670982
1592,-59.8588
1593,-59.68019
1594,-58.850033
1595,-57.31634
1596,-55.343304
1597,-53.208523
1598,-51.17447
1599,-49.503403
1600,-48.457603
1601,-48.29963
1602,-49.29276
1603,-51.70112
1604,-53.807
1605,-53.043236
1606,-51.801247
1607,-50.04289
1608,-48.014484
1609,-45.961964
1610,-44.131012
1611,-42.76727
1612,-42.116653
1613,-42.425602
1614,-43.891014
1615,-46.417015
1616,-49.507236
1617,-52.644142
1618,-55.327866
1619,-57.111187
1620,-57.85197
1621,-57.822075
1622,-57.31183
1623,-56.591938
1624,-55.903732
1625,-55.31954
1626,-54.682224
1627,-53.824562
1628,-52.590008
1629,-50.863697
1630,-48.772144
1631,-46.76917
1632,-45.322964
1633,-44.88691
1634,-45.864872
1635,-48.36722
1636,-52.10265
1637,-56.75905
1638,-67.0412
1639,-72.63708
1640,-78.140396
1641,-78.017006
1642,-81.72794
1643,-83.741425
1644,-83.605835
1645,-81.33074
1646,-77.54928
1647,-72.91792
1648,-68.0617
1649,-63.60414
1650,-60.167976
1651,-58.376286
1652,-58.85436
1653,-62.231304
1654,-63.396236
1655,-57.27415
1656,-54.816963
1657,-53.868004
1658,-54.153297
1659,-55.398235
1660,-57.327377
1661,-59.664665
1662,-62.133614
1663,-64.45768
1664,-66.38118
1665,-67.76951
1666,-68.65229
1667,-69.06638
1668,-69.040985
1669,-68.6221
1670,-67.95386
1671,-67.31338
1672,-66.9833
1673,-67.24008
1674,-68.31471
1675,-70.17288
1676,-72.41957
1677,-74.64385
1678,-76.45145
1679,-77.49099
1680,-77.65964
1681,-77.19137
1682,-76.333916
1683,-75.31891
1684,-74.36388
1685,-73.60602
1686,-73.07357
1687,-72.79031
1688,-72.78514
1689,-73.07639
1690,-73.62099
1691,-74.292534
1692,-74.96106
1693,-75.50054
1694,-75.79818
1695,-75.81852
1696,-75.63086
1697,-75.30888
1698,-74.92122
1699,-74.53653
1700,-74.223366
1701,-74.050385
1702,-74.086105
1703,-74.39921
1704,-77.35287
1705,-88.972176
1706,-87.72059
1707,-90.078255
1708,-91.30471
1709,-91.65851
1710,-91.39774
1711,-90.78028
1712,-90.06375
1713,-89.50565
1714,-89.330864
1715,-89.5737
1716,-90.01062
1717,-90.40768
1718,-90.54326
1719,-90.2298
1720,-89.47793
1721,-88.56664
1722,-87.7854
1723,-87.410965
1724,-87.6722
1725,-88.51974
1726,-89.52697
1727,-90.25204
1728,-90.27102
1729,-89.25617
1730,-87.43747
1731,-85.79988
1732,-85.35662
1733,-87.08323
1734,-91.78841
1735,-104.314995
1736,-113.19357
1737,-121.89984
1738,-128.97438
1739,-128.12671
1740,-129.02788
1741,-127.64825
1742,-125.00825
1743,-122.06709
1744,-119.70157
1745,-118.30518
1746,-117.61704
1747,-117.35184
1748,-117.256134
1749,-117.07684
1750,-116.56112
1751,-115.45633
1752,-113.51002
1753,-110.46988
1754,-107.268425
1755,-105.524765
1756,-104.11975
1757,-103.1191
1758,-102.45619
1759,-102.06431
1760,-101.876564
1761,-101.82597
1762,-101.84535
1763,-101.8673
1764,-101.82255
1765,-101.63114
1766,-101.19884
1767,-100.43069
1768,-99.23229
1769,-97.54952
1770,-95.56296
1771,-93.77098
1772,-92.68401
1773,-92.79733
1774,-94.51466
1775,-97.70621
1776,-101.51743
1777,-105.06194
1778,-107.48641
1779,-108.04086
1780,-106.57577
1781,-103.754395
1782,-100.27208
1783,-96.78596
1784,-93.892586
1785,-91.83364
1786,-90.37016
1787,-89.24523
1788,-88.22567
1789,-87.09966
1790,-85.77703
1791,-84.33212
1792,-82.84607
1793,-81.392456
1794,-80.04171
1795,-78.84606
1796,-77.83295
1797,-77.028694
1798,-76.46088
1799,-76.15695
1800,-76.14434
1801,-76.45034
1802,-77.1021
1803,-78.12669
1804,-72.69661
1805,-64.52985
1806,-60.369198
1807,-73.54186
1808,-86.861885
1809,-108.09543
1810,-124.99031
1811,-140.30496
1812,-146.81445
1813,-152.30186
1814,-144.90947
1815,-139.87881
1816,-125.30568
1817,-114.40356
1818,-95.24639
1819,-85.57525
1820,-81.27928
1821,-75.763405
1822,-77.340515
1823,-79.436714
1824,-80.61204
1825,-80.23115
1826,-78.75144
1827,-76.67479
1828,-74.45064
1829,-72.50644
1830,-71.144135
1831,-70.495766
1832,-70.68668
1833,-71.85048
1834,-74.07619
1835,-77.192924
1836,-80.67638
1837,-83.98671
1838,-86.60075
1839,-88.05548
1840,-88.23534
1841,-87.4954
1842,-86.209404
1843,-84.72823
1844,-83.3769
1845,-82.33049
1846,-81.561066
1847,-81.03274
1848,-80.71912
1849,-80.59371
1850,-80.629684
1851,-80.79984
1852,-81.07676
1853,-81.43293
1854,-81.19155
1855,-79.89557
1856,-79.11723
1857,-78.5521
1858,-78.17323
1859,-77.95294
1860,-77.863495
1861,-77.8776
1862,-77.96867
1863,-78.11095
1864,-78.273544
1865,-78.39166
1866,-78.35405
1867,-78.0483
1868,-77.3649
1869,-76.213356
1870,-74.61087
1871,-72.72041
1872,-70.71094
1873,-68.74474
1874,-66.97494
1875,-65.500656
1876,-64.34775
1877,-63.53917
1878,-63.101276
1879,-63.04398
1880,-63.28107
1881,-63.595787
1882,-63.765522
1883,-63.573727
1884,-62.845306
1885,-61.646713
1886,-60.371796
1887,-59.4281
1888,-59.20781
1889,-60.054913
1890,-62.031822
1891,-64.81742
1892,-68.07272
1893,-71.47589
1894,-74.7248
1895,-77.6338
1896,-80.17554
1897,-82.329285
1898,-84.06695
1899,-85.36018
1900,-86.18069
1901,-86.5
1902,-86.28966
1903,-85.52114
1904,-85.31567
1905,-86.45943
1906,-86.276825
1907,-85.45517
1908,-84.17455
1909,-82.614975
1910,-80.95618
1911,-79.37786
1912,-78.05965
1913,-77.1812
1914,-76.88268
1915,-77.07501
1916,-77.35816
1917,-77.31901
1918,-76.55931
1919,-74.75305
1920,-71.99335
1921,-68.94063
1922,-66.27751
1923,-64.65948
1924,-64.65987
1925,-66.37171
1926,-69.23466
1927,-72.65838
1928,-76.08066
1929,-78.98547
1930,-81.142365
1931,-82.71073
1932,-83.86588
1933,-84.765015
1934,-85.54873
1935,-86.257805
1936,-86.79764
1937,-87.069176
1938,-86.981255
1939,-86.46325
1940,-85.55616
1941,-84.45183
1942,-83.34928
1943,-82.44141
1944,-81.90017
1945,-81.771034
1946,-81.92753
1947,-82.2367
1948,-82.57396
1949,-82.81424
1950,-82.8309
1951,-82.4954
1952,-81.67795
1953,-80.24816
1954,-81.104515
1955,-86.01787
1956,-87.40955
1957,-87.05434
1958,-85.31384
1959,-82.549416
1960,-79.121994
1961,-75.39095
1962,-71.7141
1963,-68.448456
1964,-65.90613
1965,-64.13895
1966,-62.84603
1967,-61.712475
1968,-60.44056
1969,-58.771637
1970,-56.671032
1971,-54.40736
1972,-52.262405
1973,-50.503944
1974,-49.35251
1975,-48.75335
1976,-48.27726
1977,-47.47748
1978,-45.924355
1979,-43.263165
1980,-39.572132
1981,-35.515644
1982,-31.782675
1983,-29.033709
1984,-27.83595
1985,-28.212538
1986,-29.441664
1987,-30.758503
1988,-31.428352
1989,-30.80098
1990,-28.718433
1991,-25.69158
1992,-22.26358
1993,-18.945242
1994,-16.200008
1995,-14.224789
1996,-12.853892
1997,-11.90114
1998,-11.195498
1999,-10.565383
2000,-9.838897
2001,-8.844005
2002,-7.408842
2003,-5.3620334
2004,-3.685808
2005,-3.554118
2006,-3.0728536
2007,-2.4989629
2008,-1.8188187
2009,-1.0187356
2010,-0.085017964
2011,0.99601996
2012,2.238095
2013,3.654888
2014,5.2313876
2015,-629.1352
2016,-601.6731
2017,-592.6907
2018,-611.52246
2019,4.4510126
2020,0.1306845
2021,-10.291566
2022,-16.227594
2023,-22.105816
2024,-27.39757
2025,-26.820612
2026,-30.4297
2027,-33.300823
2028,-35.495
2029,-37.06098
2030,-37.9795
2031,-38.138775
2032,-37.422497
2033,-35.71889
2034,-32.980816
2035,-29.533623
2036,-26.207321
2037,-23.854595
2038,-23.306452
2039,-25.264917
2040,-29.651548
2041,-40.30554
2042,-45.99317
2043,-45.524364
2044,-47.84025
2045,-47.62708
2046,-45.578957
2047,-42.433872
2048,-38.87882
2049,-35.59738
2050,-33.27167
2051,-32.585125
2052,-34.22562
2053,-38.888348
2054,-39.14263
2055,-33.8004
2056,-25.27457
2057,-24.79779
2058,-26.66665
2059,-30.16885
2060,-34.5827
2061,-39.180634
2062,-43.23359
2063,-46.014103
2064,-46.90439
2065,-45.910297
2066,-43.882004
2067,-41.70668
2068,-40.230556
2069,-40.21244
2070,-41.904755
2071,-44.868034
2072,-48.62659
2073,-52.733795
2074,-56.750458
2075,-60.286175
2076,-63.017532
2077,-64.62489
2078,-64.786255
2079,-63.261826
2080,-60.28621
2081,-56.735638
2082,-53.511486
2083,-51.483757
2084,-51.383797
2085,-53.133495
2086,-55.55024
2087,-57.39687
2088,-57.48606
2089,-54.81035
2090,-49.394154
2091,-47.65475
2092,-41.062138
2093,-36.013798
2094,-28.758186
2095,-29.69401
2096,-33.0575
2097,-38.018013
2098,-48.78696
2099,-54.570736
2100,-59.575504
2101,-58.00989
2102,-59.086033
2103,-57.020035
2104,-54.391453
2105,-55.186504
2106,-55.314068
2107,-55.429554
2108,-55.578136
2109,-55.805016
2110,-56.155323
2111,-56.674248
2112,-57.40696
2113,-58.398434
2114,-59.68218
2115,-61.229206
2116,-62.926716
2117,-64.65649
2118,-66.30363
2119,-67.75756
2120,-68.930786
2121,-69.766975
2122,-70.21268
2123,-70.214584
2124,-69.729164
2125,-68.76208
2126,-67.38519
2127,-65.67397
2128,-63.701653
2129,-61.551224
2130,-59.35929
2131,-57.33472
2132,-55.689766
2133,-54.63366
2134,-54.341064
2135,-54.784023
2136,-55.658592
2137,-56.647957
2138,-57.447662
2139,-57.78111
2140,-57.53465
2141,-56.815823
2142,-55.741795
2143,-54.419167
2144,-52.956493
2145,-51.474964
2146,-50.11306
2147,-49.009884
2148,-48.30353
2149,-48.132046
2150,-48.63352
2151,-49.946136
2152,-52.208225
2153,-55.55824
2154,-57.35058
2155,-54.842644
2156,-53.113667
2157,-51.383026
2158,-49.683758
2159,-48.0487
2160,-46.51063
2161,-45.102154
2162,-43.85582
2163,-42.804073
2164,-41.98049
2165,-41.4258
2166,-41.19037
2167,-41.325035
2168,-41.880226
2169,-42.902374
2170,-44.41487
2171,-46.40958
2172,-48.876713
2173,-51.807796
2174,-55.168888
2175,-58.778145
2176,-62.252277
2177,-65.19858
2178,-67.23403
2179,-68.03317
2180,-67.60163
2181,-66.39366
2182,-64.881966
2183,-63.51753
2184,-62.6977
2185,-62.5093
2186,-62.6177
2187,-62.669952
2188,-62.33266
2189,-61.33287
2190,-59.748917
2191,-58.135193
2192,-57.066227
2193,-57.094486
2194,-58.698166
2195,-61.917942
2196,-66.197495
2197,-70.95169
2198,-75.62206
2199,-79.650276
2200,-82.478874
2201,-83.55142
2202,-82.31254
2203,-78.20837
2204,-77.62762
2205,-90.935295
2206,-88.37905
2207,-88.277214
2208,-86.28336
2209,-83.04848
2210,-79.222244
2211,-75.45338
2212,-72.38991
2213,-70.67976
2214,-70.88207
2215,-73.03592
2216,-76.47262
2217,-80.49191
2218,-84.42552
2219,-87.65575
2220,-89.85966
2221,-91.1141
2222,-91.51207
2223,-91.1276
2224,-90.05174
2225,-88.47547
2226,-86.72516
2227,-85.132256
2228,-84.021515
2229,-83.67786
2230,-84.160286
2231,-85.22267
2232,-86.604485
2233,-88.05891
2234,-89.38521
2235,-90.64893
2236,-92.276245
2237,-94.70982
2238,-98.37734
2239,-103.608986
2240,-115.15846
2241,-121.99699
2242,-128.0662
2243,-127.34733
2244,-128.93932
2245,-127.61597
2246,-124.064095
2247,-119.00582
2248,-118.11993
2249,-112.08512
2250,-106.579475
2251,-97.2803
2252,-94.86453
2253,-95.00964
2254,-95.255196
2255,-91.98569
2256,-89.32535
2257,-86.69685
2258,-84.14453
2259,-81.71259
2260,-79.445045
2261,-77.3857
2262,-75.57818
2263,-74.06585
2264,-72.88154
2265,-71.997
2266,-71.30147
2267,-70.680565
2268,-70.02349
2269,-69.22712
2270,-68.23395
2271,-67.048416
2272,-65.67732
2273,-64.12443
2274,-62.399063
2275,-60.544323
2276,-58.648964
2277,-56.80357
2278,-55.09636
2279,-53.609394
2280,-52.389515
2281,-51.435837
2282,-50.74522
2283,-50.31672
2284,-50.15335
2285,-50.282097
2286,-50.762554
2287,-51.65573
2288,-53.021214
2289,-54.891647
2290,-57.142746
2291,-59.436657
2292,-61.425377
2293,-62.770893
2294,-63.175148
2295,-62.571068
2296,-61.204643
2297,-59.33509
2298,-57.206596
2299,-55.063057
2300,-53.148132
2301,-51.70547
2302,-50.9789
2303,-51.212715
2304,-51.566006
2305,-50.81444
2306,-50.416706
2307,-50.15415
2308,-50.027966
2309,-50.039387
2310,-50.189636
2311,-50.47996
2312,-50.911587
2313,-51.48581
2314,-52.195652
2315,-52.98623
2316,-53.73742
2317,-54.32609
2318,-54.63173
2319,-54.55116
2320,-54.08605
2321,-53.380997
2322,-52.58689
2323,-51.848045
2324,-51.289272
2325,-50.92056
2326,-50.595657
2327,-50.16166
2328,-49.47326
2329,-48.41932
2330,-47.08495
2331,-45.821526
2332,-44.992764
2333,-44.950565
2334,-46.000824
2335,-48.17732
2336,-51.14186
2337,-54.53733
2338,-58.022778
2339,-61.278297
2340,-64.10733
2341,-66.48106
2342,-68.37841
2343,-69.7706
2344,-70.631744
2345,-70.95326
2346,-70.75003
2347,-70.03784
2348,-68.83137
2349,-67.14518
2350,-64.99386
2351,-62.391926
2352,-59.35391
2353,-55.894283
2354,-56.84245
2355,-69.572
2356,-66.19207
2357,-65.45622
2358,-63.600662
2359,-61.854256
2360,-61.441933
2361,-63.588596
2362,-74.52359
2363,-85.48251
2364,-107.379585
2365,-129.23956
2366,-152.52473
2367,-173.61255
2368,-189.03496
2369,-190.75351
2370,-183.15808
2371,-178.93582
2372,-165.91411
2373,-151.77658
2374,-138.99503
2375,-128.7789
2376,-120.628944
2377,-113.98022
2378,-108.35094
2379,-103.304504
2380,-93.66153
2381,-89.590485
2382,-86.27298
2383,-83.87406
2384,-82.52504
2385,-82.16067
2386,-82.44911
2387,-83.04748
2388,-83.62526
2389,-83.90226
2390,-83.89208
2391,-84.00662
2392,-84.67366
2393,-86.30217
2394,-89.24253
2395,-93.50283
2396,-98.62644
2397,-109.13738
2398,-114.58155
2399,-119.50513
2400,-118.4546
2401,-120.97667
2402,-121.6182
2403,-119.92594
2404,-118.54259
2405,-108.098656
2406,-102.096214
2407,-93.462296
2408,-91.82435
2409,-91.810455
2410,-93.048515
2411,-95.16587
2412,-97.78938
2413,-100.54554
2414,-103.080376
2415,-105.15417
2416,-106.682076
2417,-107.58533
2418,-107.7777
2419,-107.194565
2420,-105.89644
2421,-104.113235
2422,-102.081345
2423,-100.02896
2424,-98.170586
2425,-96.64124
2426,-95.468445
2427,-94.67564
2428,-94.29134
2429,-94.32982
2430,-94.72227
2431,-95.28741
2432,-95.839355
2433,-96.1977
2434,-96.19997
2435,-95.788185
2436,-95.04549
2437,-94.05932
2438,-92.909004
2439,-91.67425
2440,-90.44093
2441,-89.30377
2442,-88.3582
2443,-87.69993
2444,-87.41611
2445,-87.541374
2446,-88.03868
2447,-88.86866
2448,-89.99591
2449,-91.38536
2450,-93.002266
2451,-94.8122
2452,-96.78099
2453,-98.87459
2454,-102.94575
2455,-114.17547
2456,-111.24999
2457,-111.01708
2458,-109.028366
2459,-105.834785
2460,-101.98688
2461,-98.03483
2462,-94.52849
2463,-92.01743
2464,-90.975
2465,-91.43131
2466,-92.81601
2467,-94.53442
2468,-96.01996
2469,-96.75949
2470,-96.55113
2471,-95.61465
2472,-94.186165
2473,-92.48155
2474,-90.71353
2475,-89.077736
2476,-87.746704
2477,-86.89204
2478,-86.68644
2479,-87.274055
2480,-88.633354
2481,-90.51779
2482,-92.67162
2483,-94.849686
2484,-96.824165
2485,-98.46963
2486,-99.79915
2487,-100.83122
2488,-101.57768
2489,-102.0631
2490,-102.3857
2491,-102.74367
2492,-103.339066
2493,-104.36908
2494,-105.99437
2495,-108.16272
2496,-110.53356
2497,-112.75504
2498,-114.489204
2499,-115.398026
2500,-115.14363
2501,-113.3882
2502,-109.79412
2503,-109.024124
2504,-103.16477
2505,-95.77666
2506,-94.75234
2507,-95.0218
2508,-96.3194
2509,-98.37938
2510,-100.93556
2511,-103.721664
2512,-106.47133
2513,-108.918236
2514,-110.82044
2515,-112.07729
2516,-112.77952
2517,-113.0252
2518,-112.90325
2519,-112.54239
2520,-112.30319
2521,-112.85994
2522,-114.89913
2523,-119.09235
2524,-130.93936
2525,-139.94032
2526,-149.24228
2527,-156.94217
2528,-156.20389
2529,-155.47163
2530,-149.81874
2531,-146.52924
2532,-137.9764
2533,-131.42836
2534,-123.87483
2535,-125.698494
2536,-130.10867
2537,-135.23177
2538,-139.29848
2539,-140.72835
2540,-139.0349
2541,-135.21236
2542,-130.31212
2543,-125.314896
2544,-121.130264
2545,-118.25501
2546,-116.62755
2547,-116.16506
2548,-116.811714
2549,-118.511604
2550,-121.20889
2551,-124.84765
2552,-129.37184
2553,-139.72537
2554,-136.57481
2555,-131.46469
2556,-128.8057
2557,-126.83808
2558,-125.451775
2559,-124.53674
2560,-123.98298
2561,-123.68049
2562,-123.519325
2563,-123.38948
2564,-123.21343
2565,-123.10255
2566,-123.42361
2567,-124.55337
2568,-126.85613
2569,-130.61447
2570,-135.63504
2571,-146.0805
2572,-151.08905
2573,-149.83038
2574,-151.57855
2575,-151.21423
2576,-149.43942
2577,-146.988
2578,-144.55493
2579,-142.76785
2580,-141.86319
2581,-141.54758
2582,-141.50737
2583,-141.45422
2584,-141.14311
2585,-140.57971
2586,-140.1093
2587,-140.09015
2588,-140.86426
2589,-142.70857
2590,-145.5222
2591,-148.6929
2592,-151.58907
2593,-153.60359
2594,-154.20317
2595,-153.28255
2596,-151.31636
2597,-148.80185
2598,-146.20874
2599,-144.00668
2600,-142.66548
2601,-142.65463
2602,-144.44363
2603,-148.50172
2604,-151.53308
2605,-149.38374
2606,-147.77663
2607,-145.95259
2608,-144.03413
2609,-142.14362
2610,-140.40346
2611,-138.93605
2612,-137.86336
2613,-137.30653
2614,-137.36134
2615,-137.98082
2616,-138.9252
2617,-139.94756
2618,-140.81055
2619,-141.29776
2620,-141.31326
2621,-140.92348
2622,-140.19969
2623,-139.20149
2624,-137.99355
2625,-136.6917
2626,-135.48334
2627,-134.55974
2628,-134.11032
2629,-134.28702
2630,-135.01245
2631,-135.8981
2632,-136.54562
2633,-136.57358
2634,-135.65775
2635,-133.7992
2636,-131.43857
2637,-129.03421
2638,-127.02412
2639,-125.797516
2640,-125.45684
2641,-125.71635
2642,-126.275536
2643,-126.85262
2644,-127.18397
2645,-127.11146
2646,-126.62011
2647,-125.70008
2648,-124.33439
2649,-122.505745
2650,-120.19662
2651,-117.38902
2652,-114.06474
2653,-110.2052
2654,-109.507904
2655,-114.8446
2656,-117.859436
2657,-120.04595
2658,-121.44059
2659,-122.07936
2660,-121.997925
2661,-121.2316
2662,-119.81547
2663,-117.7843
2664,-115.184525
2665,-112.13125
2666,-108.83256
2667,-105.49998
2668,-102.34015
2669,-99.54175
2670,-97.18929
2671,-95.22673
2672,-93.592415
2673,-92.23135
2674,-91.08795
2675,-90.10384
2676,-89.216194
2677,-88.36016
2678,-87.46997
2679,-86.48577
2680,-85.383995
2681,-84.19055
2682,-82.934006
2683,-81.641495
2684,-80.34347
2685,-79.08502
2686,-77.9309
2687,-76.94725
2688,-76.1999
2689,-75.73683
2690,-75.50039
2691,-75.2893
2692,-74.896576
2693,-74.12229
2694,-72.79581
2695,-70.91615
2696,-68.712
2697,-66.421295
2698,-64.271
2699,-62.487965
2700,-61.299072
2701,-60.931335
2702,-61.612156
2703,-63.569424
2704,-66.63306
2705,-69.230515
2706,-69.828804
2707,-69.19145
2708,-67.66667
2709,-65.60164
2710,-63.34286
2711,-61.23634
2712,-59.62784
2713,-58.86316
2714,-59.22262
2715,-60.60322
2716,-62.380302
2717,-63.90497
2718,-64.5522
2719,-63.781796
2720,-61.544292
2721,-58.45459
2722,-55.154625
2723,-52.25398
2724,-50.295155
2725,-49.43418
2726,-49.302143
2727,-49.506084
2728,-49.67651
2729,-49.4864
2730,-48.857998
2731,-48.05233
2732,-47.345917
2733,-46.999626
2734,-47.24955
2735,-48.187252
2736,-49.707207
2737,-51.694416
2738,-54.04264
2739,-56.6413
2740,-59.35538
2741,-62.016834
2742,-64.456116
2743,-66.50529
2744,-68.01528
2745,-68.94582
2746,-69.40413
2747,-69.50375
2748,-69.351234
2749,-69.05299
2750,-68.715485
2751,-68.445076
2752,-68.34819
2753,-68.53125
2754,-68.61961
2755,-68.48546
2756,-69.46087
2757,-71.10083
2758,-73.23813
2759,-75.7053
2760,-78.33475
2761,-80.95884
2762,-83.40995
2763,-85.52057
2764,-87.132996
2765,-88.146576
2766,-88.53769
2767,-88.285904
2768,-87.36713
2769,-85.7764
2770,-83.61947
2771,-81.15219
2772,-78.63614
2773,-76.325584
2774,-74.45721
2775,-73.16544
2776,-72.446106
2777,-72.289505
2778,-72.692505
2779,-73.64031
2780,-75.04977
2781,-76.74506
2782,-78.54632
2783,-80.27802
2784,-81.78323
2785,-83.01329
2786,-84.06614
2787,-85.0458
2788,-86.04929
2789,-87.16082
2790,-88.38948
2791,-89.64286
2792,-90.82436
2793,-91.842316
2794,-92.61062
2795,-93.0758
2796,-93.22857
2797,-93.06133
2798,-92.564545
2799,-91.7285
2800,-90.5436
2801,-89.00029
2802,-87.08896
2803,-84.80004
2804,-82.41045
2805,-81.12277
2806,-81.9082
2807,-84.02542
2808,-87.05477
2809,-90.57574
2810,-94.167366
2811,-97.4086
2812,-99.87863
2813,-101.15702
2814,-100.891785
2815,-99.12827
2816,-96.44924
2817,-93.457924
2818,-90.731544
2819,-88.796844
2820,-87.88924
2821,-87.84953
2822,-88.503075
2823,-89.69391
2824,-91.26416
2825,-93.04582
2826,-94.85708
2827,-96.51555
2828,-97.83958
2829,-98.68066
2830,-99.08265
2831,-99.34999
2832,-99.79736
2833,-100.726845
2834,-102.39536
2835,-104.79627
2836,-107.56575
2837,-110.326065
2838,-112.7164
2839,-114.41466
2840,-115.32232
2841,-115.64388
2842,-115.59527
2843,-115.37799
2844,-115.18173
2845,-115.128044
2846,-115.24626
2847,-115.56204
2848,-116.10565
2849,-116.90723
2850,-117.99697
2851,-119.40507
2852,-121.161674
2853,-123.29697
2854,-125.76609
2855,-128.3295
2856,-130.7728
2857,-133.09045
2858,-135.23811
2859,-137.17136
2860,-138.8457
2861,-140.21675
2862,-141.24011
2863,-141.8713
2864,-142.08318
2865,-141.94867
2866,-141.67636
2867,-141.48
2868,-141.56696
2869,-142.1077
2870,-143.05952
2871,-144.09084
2872,-144.859
2873,-145.03517
2874,-144.34317
2875,-142.81248
2876,-140.88655
2877,-139.02477
2878,-137.66675
2879,-137.1933
2880,-137.64363
2881,-138.59476
2882,-139.60588
2883,-140.25848
2884,-140.18495
2885,-139.313
2886,-137.97046
2887,-136.50049
2888,-135.22714
2889,-134.4436
2890,-134.26439
2891,-134.56195
2892,-135.19957
2893,-136.052
2894,-136.9975
2895,-137.93338
2896,-138.78302
2897,-139.4708
2898,-139.91978
2899,-140.05312
2900,-139.79393
2901,-139.06528
2902,-137.79028
2903,-135.892
2904,-135.76309
2905,-139.43002
2906,-141.65302
2907,-143.42133
2908,-144.80649
2909,-145.87996
2910,-146.71323
2911,-147.37782
2912,-147.94524
2913,-148.48694
2914,-149.06331
2915,-149.66962
2916,-150.21321
2917,-150.59802
2918,-150.73216
2919,-150.5443
2920,-150.08224
2921,-149.55519
2922,-149.17853
2923,-149.16
2924,-149.67644
2925,-150.72537
2926,-152.06181
2927,-153.4313
2928,-154.59117
2929,-155.3195
2930,-155.51591
2931,-155.24442
2932,-154.57532
2933,-153.5711
2934,-152.302
2935,-150.88298
2936,-149.48975
2937,-148.3003
2938,-147.48976
2939,-147.21893
2940,-147.5655
2941,-148.49477
2942,-149.96762
2943,-151.95035
2944,-154.39612
2945,-157.18144
2946,-160.07927
2947,-162.85855
2948,-165.29324
2949,-167.15733
2950,-168.22475
2951,-168.26927
2952,-167.06462
2953,-164.38428
2954,-164.61412
2955,-176.24329
2956,-174.12167
2957,-175.38515
2958,-175.34056
2959,-174.29498
2960,-172.55582
2961,-170.43063
2962,-168.22716
2963,-166.25317
2964,-164.78812
2965,-163.9464
2966,-163.61902
2967,-163.68823
2968,-164.04692
2969,-164.58893
2970,-165.2132
2971,-165.82567
2972,-166.33252
2973,-166.63954
2974,-166.66362
2975,-166.38525
2976,-165.87141
2977,-165.19235
2978,-164.41434
2979,-163.59698
2980,-162.76198
2981,-161.8794
2982,-160.91739
2983,-159.84651
2984,-158.64468
2985,-157.33292
2986,-155.99039
2987,-154.69856
2988,-153.53613
2989,-152.5691
2990,-151.78984
2991,-151.09093
2992,-150.36104
2993,-149.4937
2994,-148.40193
2995,-147.11229
2996,-145.80495
2997,-144.66609
2998,-143.87451
2999,-143.60901
3000,-144.04828
3001,-145.37108
3002,-147.7561
3003,-151.3819
3004,-153.4097
3005,-151.55238
3006,-152.33076
3007,-154.15042
3008,-156.63364
3009,-159.4027
3010,-162.08011
3011,-164.2884
3012,-165.65009
3013,-165.78761
3014,-164.39908
3015,-161.6241
3016,-158.20076
3017,-154.89098
3018,-152.42831
3019,-151.45418
3020,-152.07568
3021,-153.6766
3022,-155.61299
3023,-157.27574
3024,-158.11957
3025,-157.9695
3026,-157.15193
3027,-156.01286
3028,-154.87436
3029,-154.02377
3030,-153.54637
3031,-153.25372
3032,-152.94685
3033,-152.43985
3034,-151.57362
3035,-150.34467
3036,-148.9603
3037,-147.63599
3038,-146.5771
3039,-145.96846
3040,-145.87555
3041,-146.20221
3042,-146.84612
3043,-147.71266
3044,-148.71341
3045,-149.79561
3046,-150.95493
3047,-152.18883
3048,-153.49248
3049,-154.86102
3050,-156.28963
3051,-157.77348
3052,-159.30771
3053,-160.8875
3054,-163.12158
3055,-165.9836
3056,-167.26364
3057,-167.60281
3058,-167.18633
3059,-166.19954
3060,-164.82787
3061,-163.2568
3062,-161.67189
3063,-160.25868
3064,-159.19003
3065,-158.56534
3066,-158.38441
3067,-158.64314
3068,-159.34225
3069,-160.4727
3070,-161.96924
3071,-163.6903
3072,-165.49152
3073,-167.23216
3074,-168.78474
3075,-170.09929
3076,-171.23058
3077,-172.2375
3078,-173.174
3079,-174.07872
3080,-174.90211
3081,-175.4749
3082,-175.62311
3083,-175.17838
3084,-174.01761
3085,-172.28021
3086,-170.46187
3087,-169.07239
3088,-168.60464
3089,-169.47234
3090,-171.62968
3091,-174.40892
3092,-177.11829
3093,-179.09587
3094,-179.74937
3095,-178.89064
3096,-176.87955
3097,-174.09804
3098,-170.90231
3099,-167.64865
3100,-164.69351
3101,-162.39319
3102,-161.10397
3103,-161.1819
3104,-162.03513
3105,-162.38206
3106,-162.91609
3107,-163.50407
3108,-164.10425
3109,-164.6748
3110,-165.17403
3111,-165.56012
3112,-165.7913
3113,-165.82584
3114,-165.64124
3115,-165.32736
3116,-165.12624
3117,-165.28583
3118,-166.04683
3119,-167.60037
3120,-169.84996
3121,-172.30966
3122,-174.4785
3123,-175.87415
3124,-176.08891
3125,-175.1495
3126,-173.6714
3127,-172.29376
3128,-171.62794
3129,-172.1932
3130,-173.97484
3131,-176.23491
3132,-178.20734
3133,-179.16074
3134,-178.46016
3135,-176.03271
3136,-172.56766
3137,-168.78528
3138,-165.37009
3139,-162.93466
3140,-161.67345
3141,-161.21472
3142,-161.16455
3143,-161.1562
3144,-160.85916
3145,-160.15312
3146,-159.20253
3147,-158.1829
3148,-157.25621
3149,-156.58438
3150,-156.32935
3151,-156.65298
3152,-157.71724
3153,-159.68388
3154,-161.70166
3155,-162.7286
3156,-164.32425
3157,-166.05493
3158,-167.77257
3159,-169.32903
3160,-170.57623
3161,-171.36607
3162,-171.5504
3163,-170.98103
3164,-169.53949
3165,-167.28056
3166,-164.49396
3167,-161.47879
3168,-158.52298
3169,-155.8982
3170,-153.78105
3171,-152.21936
3172,-151.25601
3173,-150.93993
3174,-151.30125
3175,-152.26057
3176,-153.59015
3177,-155.05663
3178,-156.4337
3179,-157.51639
3180,-158.22304
3181,-158.63913
3182,-158.85655
3183,-158.95921
3184,-159.03233
3185,-159.16878
3186,-159.47168
3187,-160.04457
3188,-160.99045
3189,-162.39058
3190,-164.1996
3191,-166.2009
3192,-168.17131
3193,-169.8957
3194,-171.17966
3195,-171.94762
3196,-172.28539
3197,-172.28514
3198,-172.03128
3199,-171.60834
3200,-171.10078
3201,-170.59312
3202,-170.16983
3203,-169.91547
3204,-167.75092
3205,-162.58685
3206,-160.15895
3207,-159.1183
3208,-159.20093
3209,-160.1432
3210,-161.68166
3211,-163.55287
3212,-165.49362
3213,-167.24063
3214,-168.55263
3215,-169.3162
3216,-169.59088
3217,-169.44298
3218,-168.9306
3219,-168.12415
3220,-167.16553
3221,-166.29344
3222,-165.75046
3223,-165.77454
3224,-166.57031
3225,-168.14943
3226,-170.26228
3227,-172.64911
3228,-175.06267
3229,-177.25572
3230,-178.98027
3231,-179.98738
3232,-180.02798
3233,-178.85289
3234,-176.28221
3235,-172.54018
3236,-168.39905
3237,-164.65356
3238,-162.07234
3239,-161.32672
3240,-162.52422
3241,-165.00937
3242,-168.09723
3243,-171.13971
3244,-173.55235
3245,-175.11899
3246,-176.12192
3247,-176.8631
3248,-177.62073
3249,-178.67307
3250,-180.29837
3251,-182.77475
3252,-186.38023
3253,-191.39255
3254,-203.14384
3255,-210.643
3256,-216.55301
3257,-221.33401
3258,-219.97859
3259,-222.47917
3260,-223.82819
3261,-224.01796
3262,-223.0409
3263,-220.88925
3264,-217.59595
3265,-213.42981
3266,-208.98044
3267,-204.85162
3268,-201.63223
3269,-199.82657
3270,-199.44905
3271,-199.85004
3272,-200.3526
3273,-200.31161
3274,-199.15117
3275,-196.69815
3276,-193.32614
3277,-189.43164
3278,-185.3857
3279,-181.54286
3280,-178.16151
3281,-175.3696
3282,-173.28955
3283,-172.05006
3284,-171.74649
3285,-172.28171
3286,-173.2977
3287,-174.42625
3288,-175.31172
3289,-175.6448
3290,-175.38542
3291,-174.85832
3292,-174.40279
3293,-174.34074
3294,-174.9521
3295,-176.27231
3296,-178.00574
3297,-179.8438
3298,-181.4938
3299,-182.66296
3300,-183.05852
3301,-182.38751
3302,-180.35681
3303,-176.67305
3304,-171.39885
3305,-171.12518
3306,-162.71075
3307,-160.50839
3308,-159.32033
3309,-158.94891
3310,-159.19681
3311,-159.8666
3312,-160.76106
3313,-161.68295
3314,-162.46143
3315,-163.07874
3316,-163.72456
3317,-164.59662
3318,-165.88277
3319,-167.73994
3320,-170.14572
3321,-172.83514
3322,-175.53375
3323,-177.97874
3324,-179.93695
3325,-181.34778
3326,-182.38394
3327,-183.22763
3328,-184.04987
3329,-185.0007
3330,-186.10814
3331,-187.23497
3332,-188.23727
3333,-188.97902
3334,-189.35161
3335,-189.406
3336,-189.40956
3337,-189.63835
3338,-190.35826
3339,-191.78656
3340,-193.85907
3341,-196.13005
3342,-198.1385
3343,-199.44167
3344,-199.65332
3345,-198.71744
3346,-197.02594
3347,-194.98949
3348,-192.9977
3349,-191.44046
3350,-190.70743
3351,-191.18819
3352,-193.27188
3353,-197.34729
3354,-199.36284
3355,-194.77992
3356,-191.20058
3357,-187.55386
3358,-183.971
3359,-180.5833
3360,-177.5219
3361,-174.91806
3362,-172.90286
3363,-171.60736
3364,-171.14813
3365,-171.55722
3366,-172.75232
3367,-174.64671
3368,-177.15907
3369,-180.19998
3370,-183.63196
3371,-187.25284
3372,-190.85785
3373,-194.2454
3374,-197.21877
3375,-199.60915
3376,-201.28578
3377,-202.1193
3378,-201.97842
3379,-200.76282
3380,-198.55223
3381,-195.67104
3382,-192.45396
3383,-189.22443
3384,-186.28601
3385,-183.82722
3386,-181.88011
3387,-180.47041
3388,-179.63115
3389,-179.38261
3390,-179.67067
3391,-180.34029
3392,-181.23254
3393,-182.19327
3394,-183.0838
3395,-183.85526
3396,-184.58037
3397,-185.33667
3398,-186.19601
3399,-187.23018
3400,-188.51096
3401,-190.1101
3402,-192.0994
3403,-194.5506
3404,-195.80472
3405,-194.62212
3406,-194.91714
3407,-195.75558
3408,-196.92732
3409,-198.22221
3410,-199.43024
3411,-200.34142
3412,-200.7457
3413,-200.43295
3414,-199.24051
3415,-197.28207
3416,-195.04633
3417,-193.03781
3418,-191.74336
3419,-191.57231
3420,-192.48389
3421,-193.82742
3422,-194.9279
3423,-195.1392
3424,-193.90732
3425,-191.21432
3426,-187.77002
3427,-184.31458
3428,-181.55414
3429,-180.10808
3430,-180.09229
3431,-180.94054
3432,-182.05945
3433,-182.88844
3434,-182.92693
3435,-182.02289
3436,-180.4967
3437,-178.68793
3438,-176.91373
3439,-175.46461
3440,-174.47556
3441,-173.87068
3442,-173.56577
3443,-173.48663
3444,-173.56522
3445,-173.76917
3446,-174.11446
3447,-174.61891
3448,-175.29814
3449,-176.1677
3450,-177.24315
3451,-178.54004
3452,-180.07394
3453,-181.8604
3454,-182.69868
3455,-181.48004
3456,-180.66939
3457,-179.97722
3458,-179.50528
3459,-179.35526
3460,-179.6289
3461,-180.42786
3462,-181.85368
3463,-184.00804
3464,-186.94382
3465,-190.43167
3466,-193.85991
3467,-196.60194
3468,-198.04915
3469,-197.69234
3470,-195.60219
3471,-192.6365
3472,-189.68646
3473,-187.60638
3474,-187.13817
3475,-188.37051
3476,-190.50734
3477,-192.71736
3478,-194.21173
3479,-194.29506
3480,-192.81554
3481,-190.35861
3482,-187.54044
3483,-184.94263
3484,-183.09563
3485,-182.23206
3486,-182.18082
3487,-182.75438
3488,-183.78462
3489,-185.10017
3490,-186.51082
3491,-187.80084
3492,-188.75346
3493,-189.1531
3494,-188.8113
3495,-187.69711
3496,-185.99342
3497,-183.89192
3498,-181.57417
3499,-179.22182
3500,-177.01659
3501,-175.14008
3502,-173.77394
3503,-173.09973
3504,-174.49579
3505,-178.92032
3506,-183.39143
3507,-188.07303
3508,-192.67888
3509,-196.92291
3510,-200.51894
3511,-203.18077
3512,-204.62206
3513,-204.55605
3514,-202.75526
3515,-199.33858
3516,-194.89545
3517,-190.03566
3518,-185.34729
3519,-181.38159
3520,-178.47534
3521,-176.67436
3522,-176.01247
3523,-176.53735
3524,-178.24388
3525,-180.82008
3526,-183.53888
3527,-185.65695
3528,-186.45078
3529,-185.30646
3530,-182.24907
3531,-178.17116
3532,-174.0011
3533,-170.62674
3534,-168.83131
3535,-168.79085
3536,-169.85945
3537,-171.35895
3538,-172.65082
3539,-173.16765
3540,-172.75513
3541,-171.81845
3542,-170.78499
3543,-170.0556
3544,-169.98923
3545,-170.70088
3546,-171.97534
3547,-173.58446
3548,-175.31584
3549,-176.95714
3550,-178.29613
3551,-179.12044
3552,-179.21773
3553,-178.37546
3554,-175.5796
3555,-171.53198
3556,-170.53392
3557,-171.26001
3558,-173.30191
3559,-176.25182
3560,-179.70218
3561,-183.24579
3562,-186.47546
3563,-188.98419
3564,-190.42174
3565,-190.76877
3566,-190.45448
3567,-189.92648
3568,-189.61122
3569,-189.89035
3570,-190.88454
3571,-192.36082
3572,-194.07204
3573,-195.78783
3574,-197.28856
3575,-198.41693
3576,-199.10011
3577,-199.2686
3578,-198.84895
3579,-197.77554
3580,-196.0292
3581,-193.65349
3582,-190.69466
3583,-187.19601
3584,-183.23735
3585,-179.11034
3586,-175.39403
3587,-172.67917
3588,-171.5426
3589,-172.46352
3590,-175.35602
3591,-179.3697
3592,-183.62474
3593,-187.2783
3594,-189.573
3595,-190.24597
3596,-189.70473
3597,-188.38402
3598,-186.68701
3599,-185.01715
3600,-183.77798
3601,-183.37305
3602,-184.20561
3603,-186.67868
3604,-185.9937
3605,-183.11777
3606,-174.16774
3607,-171.85909
3608,-170.8816
3609,-170.92561
3610,-171.68178
3611,-172.84091
3612,-174.09406
3613,-175.13225
3614,-175.68303
3615,-175.68562
3616,-175.36615
3617,-174.96219
3618,-174.6976
3619,-174.77159
3620,-175.23923
3621,-175.96057
3622,-176.7879
3623,-177.58286
3624,-178.22057
3625,-178.6546
3626,-178.94484
3627,-179.15541
3628,-179.34529
3629,-179.57567
3630,-179.91988
3631,-180.46783
3632,-181.31007
3633,-182.53633
3634,-184.19995
3635,-186.1431
3636,-187.92162
3637,-189.08008
3638,-189.17653
3639,-187.83737
3640,-185.088
3641,-181.49509
3642,-177.64793
3643,-174.11029
3644,-171.39238
3645,-169.69218
3646,-168.78459
3647,-168.42778
3648,-168.40016
3649,-168.48022
3650,-168.44647
3651,-168.07742
3652,-167.15161
3653,-165.44748
3654,-165.14534
3655,-168.17964
3656,-169.60553
3657,-170.47566
3658,-170.9567
3659,-171.21545
3660,-171.41876
3661,-171.73343
3662,-172.32626
3663,-173.36415
3664,-174.9756
3665,-177.06714
3666,-179.24445
3667,-181.1015
3668,-182.2466
3669,-182.37169
3670,-181.65508
3671,-180.93462
3672,-181.07483
3673,-182.90869
3674,-187.12375
3675,-198.56529
3676,-205.9398
3677,-212.91023
3678,-218.19484
3679,-215.66411
3680,-215.07506
3681,-212.38918
3682,-208.62003
3683,-204.72638
3684,-201.57547
3685,-199.49768
3686,-198.09467
3687,-196.9375
3688,-195.63187
3689,-193.8325
3690,-191.4796
3691,-188.90045
3692,-186.4384
3693,-184.41856
3694,-183.13211
3695,-182.6738
3696,-182.87196
3697,-183.54433
3698,-184.52129
3699,-185.63335
3700,-186.71097
3701,-187.58472
3702,-188.08511
3703,-188.04259
3704,-187.0631
3705,-185.3359
3706,-184.22554
3707,-183.44788
3708,-182.98207
3709,-182.80737
3710,-182.90302
3711,-183.2482
3712,-183.82216
3713,-184.60416
3714,-185.55368
3715,-186.5157
3716,-187.1799
3717,-187.22966
3718,-186.35573
3719,-184.32452
3720,-181.34367
3721,-178.21947
3722,-175.78271
3723,-174.83582
3724,-176.05855
3725,-179.42075
3726,-183.93169
3727,-188.56366
3728,-192.33543
3729,-194.37773
3730,-194.47147
3731,-193.27893
3732,-191.49875
3733,-189.78835
3734,-188.7382
3735,-188.54773
3736,-188.88623
3737,-189.40149
3738,-189.76662
3739,-189.703
3740,-189.21284
3741,-188.67908
3742,-188.50017
3743,-189.05641
3744,-190.66737
3745,-193.29944
3746,-196.44083
3747,-199.56079
3748,-202.15149
3749,-203.70496
3750,-203.71297
3751,-201.66664
3752,-197.0563
3753,-194.37122
3754,-189.27592
3755,-187.46289
3756,-187.34431
3757,-186.12534
3758,-184.02971
3759,-181.2813
3760,-178.1042
3761,-174.72264
3762,-171.36084
3763,-168.24306
3764,-165.57927
3765,-163.49689
3766,-162.01134
3767,-161.13358
3768,-160.87991
3769,-161.25917
3770,-162.23656
3771,-163.71822
3772,-165.60794
3773,-167.81253
3774,-170.22638
3775,-172.67287
3776,-174.87894
3777,-176.56784
3778,-177.46736
3779,-177.34982
3780,-176.24684
3781,-174.54172
3782,-172.63196
3783,-170.89847
3784,-169.6999
3785,-169.26544
3786,-169.64908
3787,-170.89772
3788,-173.06662
3789,-176.17258
3790,-180.00923
3791,-184.06815
3792,-187.82935
3793,-190.78728
3794,-192.48973
3795,-192.79515
3796,-191.98299
3797,-190.34988
3798,-188.17287
3799,-185.72906
3800,-183.29575
3801,-181.1502
3802,-179.56976
3803,-178.83159
3804,-179.97624
3805,-182.9915
3806,-184.75537
3807,-185.94434
3808,-186.63828
3809,-186.91704
3810,-186.86046
3811,-186.54851
3812,-186.06108
3813,-185.47818
3814,-184.8856
3815,-184.40352
3816,-184.19852
3817,-184.4389
3818,-185.29097
3819,-186.88245
3820,-189.11835
3821,-191.6021
3822,-193.9251
3823,-195.69315
3824,-196.56194
3825,-196.47693
3826,-195.77676
3827,-194.81638
3828,-193.93214
3829,-193.4299
3830,-193.43703
3831,-193.83893
3832,-194.51118
3833,-195.34079
3834,-196.21034
3835,-196.97603
3836,-197.45856
3837,-197.47705
3838,-196.85231
3839,-195.4528
3840,-193.42505
3841,-191.2927
3842,-189.5951
3843,-188.85376
3844,-189.51259
3845,-191.56552
3846,-194.3971
3847,-197.36774
3848,-199.86708
3849,-201.2848
3850,-201.0102
3851,-198.43175
3852,-192.9369
3853,-188.91191
3854,-181.17482
3855,-175.87428
3856,-174.96062
3857,-174.57231
3858,-174.61102
3859,-174.97844
3860,-175.57631
3861,-176.30643
3862,-177.0705
3863,-177.77037
3864,-178.31697
3865,-178.67468
3866,-178.88025
3867,-178.9733
3868,-178.98993
3869,-178.96436
3870,-178.91888
3871,-178.85995
3872,-178.79326
3873,-178.7253
3874,-178.66225
3875,-178.60811
3876,-178.56407
3877,-178.53122
3878,-178.51071
3879,-178.51071
3880,-178.57939
3881,-178.81943
3882,-179.33559
3883,-180.23003
3884,-181.57872
3885,-183.30515
3886,-185.12646
3887,-186.75151
3888,-187.89914
3889,-188.33131
3890,-188.06198
3891,-187.44649
3892,-186.85417
3893,-186.63814
3894,-187.10724
3895,-188.31284
3896,-189.95743
3897,-191.72958
3898,-193.33449
3899,-194.47737
3900,-194.86337
3901,-194.19748
3902,-192.18448
3903,-188.52881
3904,-186.34265
3905,-188.6336
3906,-188.83585
3907,-188.34857
3908,-187.41354
3909,-186.27252
3910,-185.16753
3911,-184.34047
3912,-184.03326
3913,-184.4878
3914,-185.88629
3915,-188.06468
3916,-190.39021
3917,-192.21146
3918,-192.89929
3919,-191.92432
3920,-189.33815
3921,-185.98102
3922,-182.72626
3923,-180.41005
3924,-179.75253
3925,-180.79915
3926,-182.68207
3927,-184.49745
3928,-185.38525
3929,-184.59169
3930,-181.9809
3931,-178.25539
3932,-174.15222
3933,-170.36906
3934,-167.5369
3935,-165.89806
3936,-165.16864
3937,-165.04396
3938,-165.24454
3939,-165.51701
3940,-165.75943
3941,-166.07486
3942,-166.57425
3943,-167.35884
3944,-168.51411
3945,-170.03374
3946,-171.78712
3947,-173.63893
3948,-175.45966
3949,-177.11992
3950,-178.49028
3951,-179.44127
3952,-179.84343
3953,-179.5672
3954,-178.0051
3955,-175.90196
3956,-176.32993
3957,-178.1306
3958,-180.8479
3959,-184.0263
3960,-187.21045
3961,-189.9452
3962,-191.77542
3963,-192.24573
3964,-190.9945
3965,-188.2075
3966,-184.81342
3967,-181.77202
3968,-180.00818
3969,-180.32027
3970,-182.7734
3971,-186.44043
3972,-190.35541
3973,-193.60028
3974,-195.35744
3975,-195.39134
3976,-194.25574
3977,-192.53688
3978,-190.78416
3979,-189.48936
3980,-188.8085
3981,-188.44206
3982,-188.0721
3983,-187.40231
3984,-186.17911
3985,-184.3976
3986,-182.39023
3987,-180.50317
3988,-179.06662
3989,-178.38037
3990,-178.56737
3991,-179.5109
3992,-181.08485
3993,-183.17456
3994,-185.65479
3995,-188.3391
3996,-190.95819
3997,-193.23947
3998,-194.91426
3999,-195.7138
4000,-195.36917
4001,-193.61115
4002,-190.17026
4003,-184.77666
4004,-181.28027
4005,-183.50447
4006,-183.67908
4007,-183.26987
4008,-182.41583
4009,-181.2559
4010,-179.92921
4011,-178.5748
4012,-177.33182
4013,-176.33931
4014,-175.71178
4015,-175.42096
4016,-175.24495
4017,-174.95427
4018,-174.32861
4019,-173.18652
4020,-171.57231
4021,-169.83655
4022,-168.34186
4023,-167.43642
4024,-167.4241
4025,-168.35258
4026,-169.92238
4027,-171.8205
4028,-173.75056
4029,-175.44334
4030,-176.78677
4031,-177.8815
4032,-178.83658
4033,-179.75096
4034,-180.72404
4035,-181.85806
4036,-183.25905
4037,-185.03316
4038,-187.28633
4039,-190.09961
4040,-193.40962
4041,-196.95737
4042,-200.47609
4043,-203.7084
4044,-206.42065
4045,-208.51692
4046,-210.08795
4047,-211.23232
4048,-212.03967
4049,-212.59982
4050,-213.00252
4051,-213.33755
4052,-213.6948
4053,-214.164
4054,-219.13742
4055,-235.29865
4056,-240.14746
4057,-236.79279
4058,-235.94624
4059,-233.32184
4060,-229.6354
4061,-225.60414
4062,-221.94598
4063,-219.37886
4064,-218.52884
4065,-219.48877
4066,-221.62875
4067,-224.28865
4068,-226.84283
4069,-228.72021
4070,-229.66579
4071,-229.85338
4072,-229.47536
4073,-228.70413
4074,-227.68977
4075,-226.45113
4076,-224.82913
4077,-222.65678
4078,-219.77539
4079,-216.06906
4080,-211.67165
4081,-207.05649
4082,-202.71185
4083,-199.11002
4084,-196.66827
4085,-195.48418
4086,-195.22195
4087,-195.5281
4088,-196.06987
4089,-196.54341
4090,-196.81297
4091,-196.9706
4092,-197.11748
4093,-197.34421
4094,-197.72603
4095,-198.2493
4096,-198.77995
4097,-199.17899
4098,-199.3131
4099,-199.0489
4100,-198.25307
4101,-196.79208
4102,-194.53253
4103,-191.34076
4104,-190.768
4105,-195.47716
4106,-197.06985
4107,-197.30037
4108,-196.41376
4109,-194.6554
4110,-192.27086
4111,-189.50592
4112,-186.60652
4113,-183.81862
4114,-181.37415
4115,-179.42336
4116,-178.00578
4117,-177.15643
4118,-176.91556
4119,-177.30695
4120,-178.2591
4121,-179.57126
4122,-181.03763
4123,-182.45863
4124,-183.64119
4125,-184.42996
4126,-184.72076
4127,-184.41138
4128,-183.39719
4129,-181.61453
4130,-179.2388
4131,-176.76956
4132,-174.71948
4133,-173.58589
4134,-173.7898
4135,-175.30998
4136,-177.52649
4137,-179.796
4138,-181.5039
4139,-182.11324
4140,-181.53725
4141,-180.29971
4142,-178.94922
4143,-178.00536
4144,-177.93114
4145,-178.8604
4146,-180.48094
4147,-182.46295
4148,-184.49791
4149,-186.27747
4150,-187.49323
4151,-187.83669
4152,-186.99924
4153,-184.67195
4154,-181.55415
4155,-179.62508
4156,-179.07784
4157,-179.56323
4158,-180.88623
4159,-182.852
4160,-185.26587
4161,-187.93318
4162,-190.65935
4163,-193.24991
4164,-195.51472
4165,-197.28905
4166,-198.44261
4167,-198.8464
4168,-198.3697
4169,-196.9136
4170,-194.56425
4171,-191.65915
4172,-188.54637
4173,-185.5622
4174,-183.02959
4175,-181.19325
4176,-180.1918
4177,-180.1595
4178,-181.23552
4179,-183.53064
4180,-186.99136
4181,-191.34158
4182,-196.2966
4183,-206.58247
4184,-211.89671
4185,-211.77003
4186,-215.50699
4187,-217.40247
4188,-216.7612
4189,-213.02075
4190,-211.39984
4191,-203.18031
4192,-194.69258
4193,-187.2184
4194,-181.91785
4195,-174.24469
4196,-173.69614
4197,-174.73117
4198,-176.8549
4199,-179.57301
4200,-182.3915
4201,-184.81657
4202,-186.35446
4203,-186.51114
4204,-184.20866
4205,-180.59659
4206,-180.3004
4207,-181.81392
4208,-184.6414
4209,-188.28772
4210,-192.25826
4211,-196.0587
4212,-199.19493
4213,-201.1726
4214,-201.56377
4215,-200.32753
4216,-197.94818
4217,-194.93236
4218,-191.76228
4219,-188.88542
4220,-186.54567
4221,-184.71089
4222,-183.33743
4223,-182.39485
4224,-181.85756
4225,-181.72894
4226,-182.05127
4227,-182.86853
4228,-184.2227
4229,-186.12741
4230,-188.43088
4231,-190.75739
4232,-192.7224
4233,-193.952
4234,-194.12247
4235,-193.20238
4236,-191.55708
4237,-189.56834
4238,-187.59927
4239,-185.9807
4240,-184.85469
4241,-184.1076
4242,-183.61543
4243,-183.26622
4244,-182.9517
4245,-182.5846
4246,-182.1059
4247,-181.45787
4248,-180.58133
4249,-179.41708
4250,-177.90602
4251,-175.98886
4252,-173.60648
4253,-170.69965
4254,-170.8225
4255,-176.66106
4256,-179.9833
4257,-182.367
4258,-183.93355
4259,-184.80424
4260,-185.1005
4261,-184.94385
4262,-184.4558
4263,-183.75793
4264,-182.95287
4265,-182.0327
4266,-180.83987
4267,-179.21075
4268,-176.98874
4269,-174.06772
4270,-170.63553
4271,-167.27835
4272,-164.5985
4273,-163.17905
4274,-163.50443
4275,-165.48628
4276,-168.2614
4277,-170.93666
4278,-172.6564
4279,-172.68738
4280,-171.008
4281,-168.56175
4282,-166.33076
4283,-165.25146
4284,-166.12036
4285,-168.92165
4286,-172.54025
4287,-175.81894
4288,-177.65338
4289,-177.09987
4290,-174.14967
4291,-170.0626
4292,-166.1502
4293,-163.66428
4294,-163.70961
4295,-166.53828
4296,-171.24861
4297,-181.8947
4298,-187.58664
4299,-187.43523
4300,-190.55133
4301,-191.04514
4302,-188.0251
4303,-185.5975
4304,-179.9218
4305,-178.51395
4306,-180.2336
4307,-181.81152
4308,-183.20456
4309,-184.36954
4310,-185.26338
4311,-185.84285
4312,-186.06483
4313,-185.88612
4314,-185.2738
4315,-184.25485
4316,-182.93741
4317,-181.43294
4318,-179.84901
4319,-178.2968
4320,-176.90787
4321,-175.84155
4322,-175.25818
4323,-175.31682
4324,-176.13571
4325,-177.59631
4326,-179.2596
4327,-180.6739
4328,-181.40292
4329,-181.0704
4330,-179.65019
4331,-177.59073
4332,-175.3597
4333,-173.40239
4334,-172.11436
4335,-171.6018
4336,-171.57881
4337,-171.74411
4338,-171.81506
4339,-171.54834
4340,-170.92897
4341,-170.25111
4342,-169.82123
4343,-169.93106
4344,-170.84209
4345,-172.64055
4346,-175.17537
4347,-178.28616
4348,-181.82396
4349,-185.63986
4350,-189.585
4351,-193.51064
4352,-197.2679
4353,-200.70805
4354,-202.69087
4355,-202.38731
4356,-202.12698
4357,-201.57599
4358,-200.7859
4359,-199.8084
4360,-198.69504
4361,-197.49745
4362,-196.26735
4363,-195.05629
4364,-193.90677
4365,-192.8076
4366,-191.67514
4367,-190.42258
4368,-188.96669
4369,-187.25133
4370,-185.37808
4371,-183.66257
4372,-182.42914
4373,-181.99184
4374,-182.60353
4375,-184.16135
4376,-186.08075
4377,-187.75822
4378,-188.61327
4379,-188.15741
4380,-186.43777
4381,-184.22832
4382,-182.33289
4383,-181.52097
4384,-182.45567
4385,-185.1831
4386,-188.91385
4387,-192.82596
4388,-196.13765
4389,-198.14207
4390,-198.56686
4391,-197.72871
4392,-195.9686
4393,-193.59985
4394,-190.9247
4395,-188.17929
4396,-185.5099
4397,-183.05913
4398,-180.97375
4399,-179.4006
4400,-178.48636
4401,-178.37766
4402,-179.22113
4403,-181.16322
4404,-181.84323
4405,-179.44391
4406,-179.53278
4407,-180.7358
4408,-182.71887
4409,-185.1481
4410,-187.68979
4411,-190.01035
4412,-191.77623
4413,-192.6538
4414,-192.37248
4415,-191.02966
4416,-189.22173
4417,-187.56573
4418,-186.65533
4419,-187.01103
4420,-188.72914
4421,-191.33139
4422,-194.31679
4423,-197.21175
4424,-199.6044
4425,-201.44029
4426,-203.14928
4427,-205.18097
4428,-207.96211
4429,-211.82014
4430,-216.50635
4431,-220.99179
4432,-224.21571
4433,-225.1537
4434,-222.94284
4435,-217.66782
4436,-215.70361
4437,-208.4842
4438,-202.38521
4439,-193.62656
4440,-192.52415
4441,-193.16914
4442,-194.60295
4443,-195.92589
4444,-196.32831
4445,-195.52087
4446,-193.91966
4447,-191.96977
4448,-190.08331
4449,-188.6724
4450,-188.14911
4451,-188.92526
4452,-191.41231
4453,-196.02121
4454,-197.08563
4455,-194.8448
4456,-187.23048
4457,-186.47655
4458,-187.12636
4459,-188.72394
4460,-190.81392
4461,-192.94124
4462,-194.65096
4463,-195.48813
4464,-195.07666
4465,-193.49982
4466,-191.46404
4467,-189.70178
4468,-188.91621
4469,-189.69704
4470,-191.97595
4471,-194.79353
4472,-197.155
4473,-198.1081
4474,-196.82837
4475,-193.2368
4476,-188.26695
4477,-187.89537
4478,-178.05167
4479,-174.56963
4480,-172.7253
4481,-172.0393
4482,-172.00206
4483,-172.14043
4484,-172.03015
4485,-171.53093
4486,-170.88719
4487,-170.35844
4488,-170.186
4489,-170.573
4490,-171.50139
4491,-172.6534
4492,-173.69957
4493,-174.32483
4494,-174.2514
4495,-173.41957
4496,-172.0648
4497,-170.43427
4498,-168.76126
4499,-167.2791
4500,-166.22107
4501,-165.82036
4502,-166.31017
4503,-167.92354
4504,-170.64903
4505,-173.47273
4506,-175.19966
4507,-176.18808
4508,-176.51768
4509,-176.26819
4510,-175.5193
4511,-174.35077
4512,-172.84245
4513,-171.07411
4514,-169.13327
4515,-167.15198
4516,-165.32254
4517,-163.83966
4518,-162.89519
4519,-162.642
4520,-163.00705
4521,-163.6114
4522,-164.06425
4523,-163.98935
4524,-163.0728
4525,-161.36258
4526,-159.39706
4527,-157.73405
4528,-156.90793
4529,-157.37099
4530,-159.09961
4531,-161.42595
4532,-163.65736
4533,-165.13225
4534,-165.27802
4535,-164.03944
4536,-162.06255
4537,-160.02109
4538,-158.55553
4539,-158.22823
4540,-159.14752
4541,-160.80736
4542,-162.67783
4543,-164.25864
4544,-165.10483
4545,-165.09245
4546,-164.53244
4547,-163.75287
4548,-163.06108
4549,-162.76437
4550,-163.1701
4551,-164.58551
4552,-167.31767
4553,-171.6734
4554,-174.42488
4555,-172.55602
4556,-173.05264
4557,-174.4171
4558,-176.39424
4559,-178.72916
4560,-181.16699
4561,-183.45293
4562,-185.33224
4563,-186.5501
4564,-186.89212
4565,-186.37946
4566,-185.35243
4567,-184.16452
4568,-183.15408
4569,-182.61784
4570,-182.61024
4571,-182.85738
4572,-183.07216
4573,-182.98329
4574,-182.35768
4575,-181.18605
4576,-179.76222
4577,-178.39229
4578,-177.3679
4579,-176.95242
4580,-177.24413
4581,-178.11774
4582,-179.43915
4583,-181.08487
4584,-182.92989
4585,-184.83977
4586,-186.66736
4587,-188.26501
4588,-189.4857
4589,-190.2025
4590,-190.40579
4591,-190.24507
4592,-189.87614
4593,-189.4475
4594,-189.09258
4595,-188.85828
4596,-188.67375
4597,-188.46362
4598,-188.15788
4599,-187.68666
4600,-186.97998
4601,-185.9679
4602,-184.58046
4603,-182.74768
4604,-180.78815
4605,-179.31006
4606,-178.06915
4607,-177.0586
4608,-176.25453
4609,-175.63315
4610,-175.17064
4611,-174.84319
4612,-174.62695
4613,-174.4982
4614,-174.43768
4615,-174.45343
4616,-174.58992
4617,-174.8932
4618,-175.40761
4619,-176.1615
4620,-177.09143
4621,-178.00932
4622,-178.72218
4623,-179.04295
4624,-178.82144
4625,-178.12206
4626,-177.29994
4627,-176.72198
4628,-176.7412
4629,-177.65002
4630,-179.38892
4631,-181.42178
4632,-183.19376
4633,-184.1728
4634,-183.90245
4635,-182.36624
4636,-180.14452
4637,-177.84203
4638,-176.03532
4639,-175.23973
4640,-175.61401
4641,-176.83409
4642,-178.55681
4643,-180.46227
4644,-182.25826
4645,-183.8139
4646,-185.21669
4647,-186.5628
4648,-187.93802
4649,-189.42816
4650,-191.11896
4651,-193.09622
4652,-195.4457
4653,-198.25311
4654,-199.62329
4655,-197.75223
4656,-196.5303
4657,-195.35034
4658,-194.2468
4659,-193.2542
4660,-192.40703
4661,-191.73973
4662,-191.2868
4663,-191.08269
4664,-191.16592
4665,-191.5986
4666,-192.47476
4667,-193.8897
4668,-195.93713
4669,-198.67703
4670,-201.97336
4671,-205.42445
4672,-208.61806
4673,-211.15454
4674,-212.6865
4675,-213.17036
4676,-212.97517
4677,-212.48735
4678,-212.07423
4679,-212.04181
4680,-212.33952
4681,-212.43304
4682,-211.76768
4683,-209.81122
4684,-206.14874
4685,-201.05019
4686,-200.71605
4687,-191.38737
4688,-189.26106
4689,-190.348
4690,-194.58426
4691,-205.45193
4692,-211.37694
4693,-210.85587
4694,-212.54437
4695,-211.02136
4696,-207.11987
4697,-206.72691
4698,-200.67223
4699,-194.78665
4700,-189.90128
4701,-181.84657
4702,-181.45216
4703,-184.54614
4704,-186.12173
4705,-181.01642
4706,-180.00685
4707,-180.66924
4708,-182.4976
4709,-184.98656
4710,-187.6311
4711,-189.92659
4712,-191.36829
4713,-191.45134
4714,-189.76083
4715,-186.40727
4716,-182.21436
4717,-178.03569
4718,-174.69151
4719,-172.90442
4720,-172.83028
4721,-173.8576
4722,-175.34474
4723,-176.68707
4724,-177.34164
4725,-177.12447
4726,-176.33739
4727,-175.30177
4728,-174.31589
4729,-173.65846
4730,-173.49426
4731,-173.83366
4732,-174.68091
4733,-176.04752
4734,-177.9163
4735,-180.10255
4736,-182.19484
4737,-183.77286
4738,-184.42702
4739,-183.82912
4740,-182.12526
4741,-180.10458
4742,-178.58255
4743,-178.34421
4744,-180.07089
4745,-183.84381
4746,-188.93193
4747,-199.5727
4748,-205.04297
4749,-204.61998
4750,-207.58087
4751,-208.20197
4752,-205.75833
4753,-204.52296
4754,-194.92224
4755,-198.21234
4756,-199.13841
4757,-199.54488
4758,-199.58264
4759,-199.4029
4760,-199.1567
4761,-198.99521
4762,-199.0696
4763,-199.53102
4764,-200.51945
4765,-202.1106
4766,-204.2928
4767,-207.05081
4768,-210.37355
4769,-214.18852
4770,-218.0668
4771,-221.0961
4772,-222.34396
4773,-220.8996
4774,-216.01796
4775,-212.92865
4776,-203.1888
4777,-193.417
4778,-185.1711
4779,-179.83801
4780,-172.81677
4781,-173.16922
4782,-174.90457
4783,-177.09685
4784,-178.88785
4785,-179.80817
4786,-179.91498
4787,-179.2861
4788,-177.97444
4789,-176.05217
4790,-173.70381
4791,-171.26604
4792,-169.08183
4793,-167.48676
4794,-166.77919
4795,-167.04114
4796,-168.06145
4797,-169.61768
4798,-171.50139
4799,-173.5042
4800,-175.41779
4801,-177.03386
4802,-178.14407
4803,-178.5401
4804,-180.48445
4805,-185.68295
4806,-188.5025
4807,-190.10782
4808,-190.64743
4809,-190.26994
4810,-189.12415
4811,-187.35887
4812,-185.12312
4813,-182.56592
4814,-179.85817
4815,-177.2976
4816,-175.35382
4817,-174.50322
4818,-175.2138
4819,-177.85277
4820,-182.20387
4821,-187.26149
4822,-191.98972
4823,-195.39078
4824,-196.58945
4825,-195.4237
4826,-192.69954
4827,-189.26337
4828,-185.91684
4829,-183.38077
4830,-181.90424
4831,-181.09674
4832,-180.54204
4833,-179.85426
4834,-178.70331
4835,-177.08238
4836,-175.42314
4837,-174.17479
4838,-173.7657
4839,-174.55548
4840,-176.5053
4841,-179.03668
4842,-181.55023
4843,-183.4724
4844,-184.29358
4845,-183.87617
4846,-182.58675
4847,-180.81223
4848,-178.91585
4849,-177.26093
4850,-176.21088
4851,-176.12888
4852,-177.37794
4853,-180.32088
4854,-181.14986
4855,-176.39581
4856,-174.47318
4857,-173.59564
4858,-173.4721
4859,-173.81186
4860,-174.32413
4861,-174.71838
4862,-174.7041
4863,-173.99063
4864,-172.34158
4865,-169.83578
4866,-166.97961
4867,-164.29659
4868,-162.28996
4869,-161.39806
4870,-161.68275
4871,-162.69617
4872,-163.97073
4873,-165.06331
4874,-165.58078
4875,-165.42049
4876,-164.87294
4877,-164.24423
4878,-163.82161
4879,-163.87755
4880,-164.59834
4881,-166.0536
4882,-168.30826
4883,-171.43289
4884,-175.4507
4885,-180.11115
4886,-184.79272
4887,-188.85997
4888,-191.69498
4889,-192.76659
4890,-192.0485
4891,-190.19974
4892,-187.90762
4893,-185.82765
4894,-184.5524
4895,-184.30836
4896,-184.8256
4897,-185.81427
4898,-187.00815
4899,-188.14122
4900,-188.94734
4901,-189.16043
4902,-188.51436
4903,-186.74275
4904,-185.53798
4905,-186.85962
4906,-187.4374
4907,-187.87381
4908,-188.226
4909,-188.55113
4910,-188.90637
4911,-189.34889
4912,-189.93585
4913,-190.72441
4914,-191.76122
4915,-193.03159
4916,-194.43791
4917,-195.87924
4918,-197.25858
4919,-198.47864
4920,-199.44116
4921,-200.04628
4922,-200.194
4923,-199.78447
4924,-198.75026
4925,-197.21317
4926,-195.55168
4927,-194.15506
4928,-193.40044
4929,-193.60393
4930,-194.72728
4931,-196.25238
4932,-197.64168
4933,-198.38051
4934,-198.01659
4935,-196.4609
4936,-194.11734
4937,-191.41046
4938,-188.74162
4939,-186.4803
4940,-184.80888
4941,-183.65646
4942,-182.94168
4943,-182.59528
4944,-182.55696
4945,-182.81944
4946,-183.44667
4947,-184.50563
4948,-186.05974
4949,-188.17252
4950,-190.90738
4951,-194.32773
4952,-198.49689
4953,-203.47809
4954,-206.13008
4955,-203.43312
4956,-201.57751
4957,-199.57648
4958,-197.46175
4959,-195.26518
4960,-193.01857
4961,-190.75375
4962,-188.50253
4963,-186.29672
4964,-184.17474
4965,-182.21326
4966,-180.54077
4967,-179.28793
4968,-178.58284
4969,-178.5222
4970,-179.02016
4971,-179.74367
4972,-180.34982
4973,-180.50757
4974,-179.93271
4975,-178.61375
4976,-176.90877
4977,-175.19084
4978,-173.8155
4979,-173.10573
4980,-173.19502
4981,-173.96025
4982,-175.26814
4983,-176.9977
4984,-179.02522
4985,-181.2107
4986,-183.3923
4987,-185.40729
4988,-187.09395
4989,-188.30591
4990,-188.98587
4991,-189.19733
4992,-189.00862
4993,-188.48236
4994,-187.68442
4995,-186.69951
4996,-185.6378
4997,-184.61052
4998,-183.72768
4999,-183.09927
5000,-182.83537
5001,-183.04584
5002,-183.84071
5003,-185.32983
5004,-186.24562
5005,-185.09122
5006,-184.09435
5007,-183.00104
5008,-181.89424
5009,-180.85692
5010,-179.972
5011,-179.3225
5012,-178.99132
5013,-179.06142
5014,-179.59422
5015,-180.52657
5016,-181.62631
5017,-182.6547
5018,-183.381
5019,-183.59813
5020,-183.2364
5021,-182.41234
5022,-181.25
5023,-179.86464
5024,-178.37321
5025,-176.90236
5026,-175.59187
5027,-174.58206
5028,-174.01257
5029,-173.99919
5030,-174.5187
5031,-175.35988
5032,-176.30397
5033,-177.14131
5034,-177.69652
5035,-177.99332
5036,-178.32541
5037,-178.99712
5038,-180.29994
5039,-182.47737
5040,-185.49402
5041,-188.93718
5042,-192.37924
5043,-195.41078
5044,-197.66559
5045,-199.02892
5046,-199.7267
5047,-199.99889
5048,-200.06941
5049,-200.16219
5050,-200.50131
5051,-201.31073
5052,-202.81433
5053,-205.23602
5054,-208.77705
5055,-212.3037
5056,-213.61667
5057,-213.30704
5058,-211.49216
5059,-208.28981
5060,-203.81784
5061,-203.19437
5062,-196.53767
5063,-188.96631
5064,-180.63814
5065,-171.93936
5066,-163.56575
5067,-156.22545
5068,-150.61113
5069,-142.3361
5070,-141.55606
5071,-142.808
5072,-145.6053
5073,-149.49136
5074,-153.99236
5075,-158.53429
5076,-162.40755
5077,-164.8973
5078,-165.29507
5079,-163.034
5080,-158.3737
5081,-157.69516
5082,-152.42467
5083,-143.93497
5084,-143.42119
5085,-146.04982
5086,-150.5957
5087,-155.7808
5088,-160.39464
5089,-163.35188
5090,-164.29161
5091,-163.8334
5092,-162.63507
5093,-161.30798
5094,-160.41228
5095,-160.20932
5096,-160.55594
5097,-161.29308
5098,-162.28107
5099,-163.38036
5100,-164.4513
5101,-165.35428
5102,-165.94972
5103,-166.09805
5104,-165.5907
5105,-164.68439
5106,-164.25679
5107,-164.10419
5108,-164.20103
5109,-164.52193
5110,-165.04134
5111,-165.73387
5112,-166.57404
5113,-167.53636
5114,-168.59991
5115,-169.76959
5116,-171.08554
5117,-172.58922
5118,-174.32039
5119,-176.28925
5120,-178.33353
5121,-180.05772
5122,-181.05705
5123,-180.93771
5124,-179.38553
5125,-176.55008
5126,-173.21004
5127,-170.16983
5128,-168.20412
5129,-167.97694
5130,-169.51035
5131,-171.95778
5132,-174.43893
5133,-176.1154
5134,-176.2482
5135,-174.67627
5136,-172.02185
5137,-168.9389
5138,-166.04446
5139,-163.90524
5140,-162.79567
5141,-162.59401
5142,-163.16298
5143,-164.38425
5144,-166.13608
5145,-168.27661
5146,-170.63684
5147,-173.04668
5148,-175.33737
5149,-177.34026
5150,-178.8865
5151,-179.80745
5152,-179.93416
5153,-179.09773
5154,-176.6494
5155,-173.40985
5156,-172.6793
5157,-173.36028
5158,-175.08267
5159,-177.47676
5160,-180.173
5161,-182.80212
5162,-184.99489
5163,-186.38202
5164,-186.65735
5165,-185.8823
5166,-184.61673
5167,-183.44087
5168,-182.91144
5169,-183.50774
5170,-185.25882
5171,-187.58437
5172,-189.87979
5173,-191.56982
5174,-192.13844
5175,-191.41489
5176,-189.6965
5177,-187.29984
5178,-184.51959
5179,-181.64896
5180,-178.97223
5181,-176.76154
5182,-175.28836
5183,-174.82469
5184,-175.5956
5185,-177.55423
5186,-180.28584
5187,-183.36118
5188,-186.36885
5189,-188.91907
5190,-190.7472
5191,-191.75798
5192,-191.86282
5193,-190.9651
5194,-188.99857
5195,-186.07483
5196,-182.54663
5197,-178.77686
5198,-175.11711
5199,-171.91898
5200,-169.53397
5201,-168.3134
5202,-168.60834
5203,-170.7696
5204,-173.42473
5205,-174.55873
5206,-176.37708
5207,-178.49
5208,-180.85248
5209,-183.41963
5210,-186.14647
5211,-188.98813
5212,-191.89964
5213,-194.83612
5214,-197.73808
5215,-200.46158
5216,-202.748
5217,-204.33412
5218,-204.96199
5219,-204.4164
5220,-202.73155
5221,-200.28027
5222,-197.44995
5223,-194.6121
5224,-192.11836
5225,-190.20393
5226,-188.94589
5227,-188.41476
5228,-188.68852
5229,-189.803
5230,-191.54976
5231,-193.38934
5232,-194.769
5233,-195.15182
5234,-194.07974
5235,-191.55515
5236,-188.20532
5237,-184.68373
5238,-181.61464
5239,-179.55331
5240,-178.65416
5241,-178.52843
5242,-178.76564
5243,-178.98126
5244,-178.82724
5245,-178.16673
5246,-177.1493
5247,-175.93582
5248,-174.6736
5249,-173.51003
5250,-172.59245
5251,-172.06819
5252,-172.08461
5253,-172.78893
5254,-175.63596
5255,-180.79831
5256,-183.70596
5257,-185.44034
5258,-186.1956
5259,-186.16597
5260,-185.54582
5261,-184.52965
5262,-183.3121
5263,-182.08777
5264,-181.03075
5265,-180.19498
5266,-179.47182
5267,-178.74606
5268,-177.91019
5269,-176.876
5270,-175.6674
5271,-174.46024
5272,-173.43642
5273,-172.77058
5274,-172.61816
5275,-173.02287
5276,-173.87692
5277,-175.06668
5278,-176.48573
5279,-178.01811
5280,-179.49257
5281,-180.6628
5282,-181.27953
5283,-181.09694
5284,-179.9153
5285,-177.80264
5286,-175.19029
5287,-172.52441
5288,-170.23398
5289,-168.70813
5290,-168.10486
5291,-168.26897
5292,-169.0329
5293,-170.24406
5294,-171.75143
5295,-173.41197
5296,-175.09367
5297,-176.66501
5298,-177.99385
5299,-178.94817
5300,-179.39575
5301,-179.20453
5302,-178.24219
5303,-176.3765
5304,-174.45317
5305,-174.03743
5306,-174.48923
5307,-175.6931
5308,-177.50693
5309,-179.78857
5310,-182.39606
5311,-185.18735
5312,-188.02052
5313,-190.75366
5314,-193.24808
5315,-195.38406
5316,-197.06749
5317,-198.20518
5318,-198.70279
5319,-198.48703
5320,-197.60748
5321,-196.28065
5322,-194.72997
5323,-193.17102
5324,-191.80112
5325,-190.71098
5326,-189.84666
5327,-189.14838
5328,-188.5631
5329,-188.03564
5330,-187.49797
5331,-186.86453
5332,-186.04903
5333,-184.96606
5334,-183.5545
5335,-181.8946
5336,-180.25826
5337,-178.9252
5338,-178.16592
5339,-178.19987
5340,-178.94908
5341,-179.93307
5342,-180.65541
5343,-180.63889
5344,-179.47423
5345,-177.14798
5346,-174.18335
5347,-171.12541
5348,-168.49387
5349,-166.80844
5350,-166.58852
5351,-168.35316
5352,-172.6209
5353,-184.90933
5354,-191.4127
5355,-187.43146
5356,-189.5891
5357,-191.73235
5358,-193.7785
5359,-195.64491
5360,-197.24883
5361,-198.50754
5362,-199.33832
5363,-199.65833
5364,-199.39825
5365,-198.56651
5366,-197.27722
5367,-195.649
5368,-193.79536
5369,-191.8367
5370,-189.93211
5371,-188.29335
5372,-187.13431
5373,-186.66634
5374,-187.0596
5375,-188.2456
5376,-189.83246
5377,-191.41547
5378,-192.60527
5379,-193.06847
5380,-192.79645
5381,-192.22112
5382,-191.79242
5383,-191.9395
5384,-193.03009
5385,-195.07542
5386,-197.60364
5387,-200.12352
5388,-202.16699
5389,-203.33096
5390,-203.59077
5391,-203.43503
5392,-203.37367
5393,-203.89261
5394,-205.41623
5395,-208.01204
5396,-211.26381
5397,-214.7357
5398,-218.0149
5399,-220.68852
5400,-222.34377
5401,-222.5674
5402,-220.94565
5403,-217.06412
5404,-213.36299
5405,-212.8922
5406,-211.32152
5407,-209.6176
5408,-208.01282
5409,-206.73972
5410,-206.03062
5411,-206.11787
5412,-207.23367
5413,-209.60991
5414,-213.4018
5415,-218.31958
5416,-228.47119
5417,-227.94012
5418,-230.83844
5419,-231.39525
5420,-229.52405
5421,-226.06914
5422,-221.91693
5423,-217.91162
5424,-214.82011
5425,-212.95663
5426,-212.02084
5427,-211.68602
5428,-211.65451
5429,-211.63766
5430,-211.39877
5431,-210.77145
5432,-209.59218
5433,-207.69412
5434,-204.9467
5435,-201.43117
5436,-197.51628
5437,-193.58319
5438,-189.9996
5439,-187.101
5440,-185.0356
5441,-183.6978
5442,-182.97176
5443,-182.75357
5444,-182.93999
5445,-183.4309
5446,-184.13036
5447,-184.94263
5448,-185.77176
5449,-186.52188
5450,-187.09708
5451,-187.40137
5452,-187.33887
5453,-186.81358
5454,-191.93059
5455,-210.83649
5456,-217.00806
5457,-214.36449
5458,-213.69463
5459,-210.78975
5460,-206.44348
5461,-201.45113
5462,-196.60902
5463,-192.71378
5464,-190.46991
5465,-190.04836
5466,-190.89693
5467,-192.43433
5468,-194.11394
5469,-195.42802
5470,-196.09338
5471,-196.13098
5472,-195.57411
5473,-194.44165
5474,-192.76364
5475,-190.63432
5476,-188.23541
5477,-185.75212
5478,-183.36562
5479,-181.24834
5480,-179.52206
5481,-178.23972
5482,-177.45145
5483,-177.2107
5484,-177.55989
5485,-178.47787
5486,-179.85724
5487,-181.58727
5488,-183.56134
5489,-185.66585
5490,-187.7466
5491,-189.59431
5492,-190.99751
5493,-191.74728
5494,-191.66632
5495,-190.76172
5496,-189.29066
5497,-187.5206
5498,-185.70726
5499,-184.10641
5500,-182.97385
5501,-182.56525
5502,-183.1362
5503,-184.94211
5504,-185.8639
5505,-183.63966
5506,-182.51764
5507,-181.70522
5508,-181.1282
5509,-180.71257
5510,-180.38416
5511,-180.06897
5512,-179.69287
5513,-179.18184
5514,-178.48006
5515,-177.63821
5516,-176.85115
5517,-176.31952
5518,-176.23705
5519,-176.76805
5520,-177.90587
5521,-179.41219
5522,-181.03963
5523,-182.55188
5524,-183.72716
5525,-184.42836
5526,-184.63281
5527,-184.3226
5528,-183.47415
5529,-182.08656
5530,-180.28995
5531,-178.3921
5532,-176.7081
5533,-175.54451
5534,-175.15985
5535,-175.53317
5536,-176.26508
5537,-176.94128
5538,-177.16559
5539,-176.586
5540,-175.10791
5541,-172.98546
5542,-170.48688
5543,-167.86388
5544,-165.35925
5545,-163.16434
5546,-161.40047
5547,-160.18613
5548,-159.64319
5549,-159.8934
5550,-161.05853
5551,-163.26028
5552,-166.62024
5553,-171.25986
5554,-182.2049
5555,-187.8241
5556,-185.5122
5557,-186.2583
5558,-185.4214
5559,-183.36093
5560,-180.43684
5561,-177.00941
5562,-173.4392
5563,-170.08679
5564,-167.29233
5565,-165.27696
5566,-164.10057
5567,-163.81668
5568,-164.48643
5569,-166.13557
5570,-168.58426
5571,-171.37433
5572,-174.037
5573,-176.11684
5574,-177.21564
5575,-177.26765
5576,-176.6578
5577,-175.789
5578,-175.04286
5579,-174.75381
5580,-174.98161
5581,-175.41408
5582,-175.72414
5583,-175.60266
5584,-174.7998
5585,-173.41187
5586,-172.00407
5587,-171.16034
5588,-171.44232
5589,-173.32085
5590,-176.74135
5591,-180.93785
5592,-185.11708
5593,-188.52002
5594,-190.46333
5595,-190.70297
5596,-189.59044
5597,-187.50148
5598,-184.78394
5599,-181.78593
5600,-178.85573
5601,-176.34161
5602,-174.59192
5603,-173.95462
5604,-172.62062
5605,-169.0981
5606,-168.032
5607,-168.2474
5608,-169.4453
5609,-171.32687
5610,-173.5935
5611,-175.94676
5612,-178.08818
5613,-179.71942
5614,-180.57584
5615,-180.58917
5616,-179.95744
5617,-178.88934
5618,-177.58092
5619,-176.2264
5620,-175.0087
5621,-174.09558
5622,-173.654
5623,-173.85175
5624,-174.81679
5625,-176.44652
5626,-178.32623
5627,-180.02888
5628,-181.14243
5629,-181.30638
5630,-180.46007
5631,-178.9495
5632,-177.13707
5633,-175.366
5634,-173.95532
5635,-173.08305
5636,-172.7361
5637,-172.89375
5638,-173.54442
5639,-174.67584
5640,-176.2724
5641,-178.3137
5642,-180.77922
5643,-183.64865
5644,-186.88165
5645,-190.32149
5646,-193.65376
5647,-196.55798
5648,-198.72101
5649,-199.82964
5650,-199.57031
5651,-197.62926
5652,-193.69212
5653,-192.44418
5654,-183.10843
5655,-185.51733
5656,-187.1541
5657,-189.10806
5658,-191.28212
5659,-193.5793
5660,-195.90256
5661,-198.15494
5662,-200.23938
5663,-202.05896
5664,-203.51788
5665,-204.52734
5666,-205.00827
5667,-204.88176
5668,-204.06854
5669,-202.52751
5670,-200.4402
5671,-198.29008
5672,-196.57355
5673,-195.7726
5674,-196.3016
5675,-198.18262
5676,-200.90636
5677,-203.94218
5678,-206.78496
5679,-208.96904
5680,-210.25839
5681,-210.72781
5682,-210.4652
5683,-209.5437
5684,-208.04958
5685,-206.14507
5686,-204.09529
5687,-202.16988
5688,-200.63358
5689,-199.70732
5690,-199.35733
5691,-199.2044
5692,-198.85526
5693,-197.9328
5694,-196.11171
5695,-193.3681
5696,-190.08707
5697,-186.67075
5698,-183.50223
5699,-180.96452
5700,-179.44046
5701,-179.31273
5702,-180.96355
5703,-184.77477
5704,-188.26262
5705,-187.9553
5706,-187.62569
5707,-186.852
5708,-185.75378
5709,-184.45041
5710,-183.0614
5711,-181.70627
5712,-180.50452
5713,-179.57567
5714,-179.02007
5715,-178.82721
5716,-178.83618
5717,-178.88005
5718,-178.79916
5719,-178.45505
5720,-177.83304
5721,-177.08624
5722,-176.3744
5723,-175.84943
5724,-175.64305
5725,-175.77087
5726,-176.09094
5727,-176.45502
5728,-176.72249
5729,-176.77979
5730,-176.67102
5731,-176.6539
5732,-176.99467
5733,-177.94939
5734,-179.71832
5735,-182.17839
5736,-184.76859
5737,-186.91074
5738,-188.04755
5739,-187.7148
5740,-185.99078
5741,-183.68976
5742,-181.65634
5743,-180.70041
5744,-181.52756
5745,-184.23795
5746,-188.11227
5747,-192.39923
5748,-196.38704
5749,-199.36412
5750,-200.6187
5751,-199.43808
5752,-195.10829
5753,-191.91362
5754,-185.24199
5755,-181.82472
5756,-182.32765
5757,-183.08952
5758,-183.99947
5759,-184.94667
5760,-185.82039
5761,-186.50972
5762,-186.90396
5763,-186.89223
5764,-186.40546
5765,-185.61763
5766,-185.03201
5767,-185.16544
5768,-186.51874
5769,-189.48204
5770,-193.8027
5771,-198.35834
5772,-201.9926
5773,-203.59042
5774,-202.2088
5775,-197.91014
5776,-197.12358
5777,-191.33781
5778,-181.97829
5779,-180.29164
5780,-181.48758
5781,-184.37212
5782,-187.6963
5783,-190.27908
5784,-191.07375
5785,-189.81297
5786,-187.2863
5787,-184.32687
5788,-181.71841
5789,-180.16129
5790,-179.87068
5791,-180.40424
5792,-181.29343
5793,-182.10112
5794,-182.4301
5795,-182.11433
5796,-181.30115
5797,-180.15044
5798,-178.80719
5799,-177.41656
5800,-176.12363
5801,-175.0735
5802,-174.41129
5803,-174.282
5804,-171.99086
5805,-166.42435
5806,-165.52138
5807,-167.05667
5808,-170.38493
5809,-174.86194
5810,-179.84402
5811,-184.6881
5812,-188.75128
5813,-191.39075
5814,-192.05037
5815,-190.68051
5816,-187.91891
5817,-184.43188
5818,-180.8538
5819,-177.76562
5820,-175.43524
5821,-173.7064
5822,-172.40558
5823,-171.37953
5824,-170.47656
5825,-169.55319
5826,-168.4773
5827,-167.1172
5828,-165.34064
5829,-163.03915
5830,-160.243
5831,-157.17009
5832,-154.04596
5833,-151.08708
5834,-148.50786
5835,-146.51103
5836,-145.28337
5837,-145.01094
5838,-145.88063
5839,-148.02951
5840,-151.30623
5841,-155.16882
5842,-159.06062
5843,-162.4438
5844,-164.82965
5845,-166.0142
5846,-166.17894
5847,-165.5203
5848,-164.2164
5849,-162.44553
5850,-160.38594
5851,-158.21597
5852,-156.11397
5853,-154.25832
5854,-152.9298
5855,-152.31728
5856,-152.15076
5857,-152.41423
5858,-153.06061
5859,-154.04286
5860,-155.31389
5861,-156.8267
5862,-158.53424
5863,-160.38947
5864,-162.33372
5865,-164.2407
5866,-165.8926
5867,-167.06804
5868,-167.54994
5869,-167.15962
5870,-165.94147
5871,-164.24231
5872,-162.42094
5873,-160.82188
5874,-159.75626
5875,-159.34163
5876,-159.43343
5877,-159.87683
5878,-160.52957
5879,-161.26523
5880,-162.0489
5881,-162.96982
5882,-164.12202
5883,-165.5936
5884,-167.45107
5885,-169.6359
5886,-171.9202
5887,-174.06946
5888,-175.85736
5889,-177.08524
5890,-177.71556
5891,-177.92911
5892,-177.91534
5893,-177.8534
5894,-177.9061
5895,-178.14182
5896,-178.5008
5897,-178.9182
5898,-179.33527
5899,-179.69333
5900,-179.93355
5901,-179.99727
5902,-179.8257
5903,-179.36006
5904,-179.43834
5905,-180.30247
5906,-179.34007
5907,-177.50441
5908,-175.18399
5909,-172.76753
5910,-170.64388
5911,-169.20184
5912,-168.8301
5913,-169.91718
5914,-172.76195
5915,-177.14438
5916,-182.14217
5917,-186.80635
5918,-190.22186
5919,-191.58809
5920,-190.77072
5921,-188.53935
5922,-185.70091
5923,-183.02032
5924,-181.18233
5925,-180.40451
5926,-180.2712
5927,-180.34128
5928,-180.20386
5929,-179.4927
5930,-178.10043
5931,-176.27051
5932,-174.26071
5933,-172.31203
5934,-170.66609
5935,-169.56763
5936,-169.26561
5937,-170.00899
5938,-172.04642
5939,-175.54851
5940,-180.23325
5941,-185.20627
5942,-189.5498
5943,-192.3755
5944,-192.90083
5945,-190.96028
5946,-187.226
5947,-182.4052
5948,-182.16629
5949,-177.17825
5950,-168.10995
5951,-165.62999
5952,-165.40633
5953,-168.1062
5954,-172.7549
5955,-176.28998
5956,-178.41791
5957,-179.50583
5958,-179.71475
5959,-179.20581
5960,-178.1401
5961,-176.679
5962,-174.98384
5963,-173.216
5964,-171.52692
5965,-170.00983
5966,-168.6792
5967,-167.54639
5968,-166.62646
5969,-165.93954
5970,-165.53506
5971,-165.50232
5972,-165.93198
5973,-166.91287
5974,-168.51326
5975,-170.68163
5976,-173.20444
5977,-175.86191
5978,-178.44199
5979,-180.74161
5980,-182.60945
5981,-183.96423
5982,-184.72746
5983,-184.81723
5984,-184.17917
5985,-182.91943
5986,-181.36165
5987,-179.8383
5988,-178.67172
5989,-178.14548
5990,-178.31877
5991,-178.94669
5992,-179.77226
5993,-180.55307
5994,-181.06573
5995,-181.19736
5996,-180.9848
5997,-180.47098
5998,-179.69154
5999,-178.68233
6000,-177.47903
6001,-176.11748
6002,-174.63336
6003,-173.06248
6004,-172.8544
6005,-174.74211
6006,-174.91414
6007,-174.28287
6008,-173.03726
6009,-171.3663
6010,-169.45914
6011,-167.50494
6012,-165.6929
6013,-164.21222
6014,-163.2339
6015,-162.82375
6016,-162.90486
6017,-163.39485
6018,-164.21817
6019,-165.29398
6020,-166.5113
6021,-167.71812
6022,-168.7609
6023,-169.48795
6024,-169.76323
6025,-169.54095
6026,-168.89777
6027,-167.91508
6028,-166.66858
6029,-165.24512
6030,-163.79672
6031,-162.56378
6032,-161.79013
6033,-161.71529
6034,-162.54842
6035,-164.32211
6036,-166.82997
6037,-169.85635
6038,-173.19719
6039,-176.64613
6040,-179.98375
6041,-182.97275
6042,-185.37518
6043,-186.95383
6044,-187.50816
6045,-187.05164
6046,-185.88768
6047,-184.33165
6048,-182.68532
6049,-181.25047
6050,-180.32896
6051,-180.22246
6052,-181.2326
6053,-183.6608
6054,-184.75195
6055,-181.55855
6056,-179.5438
6057,-177.77197
6058,-176.21463
6059,-174.8434
6060,-173.62984
6061,-172.54558
6062,-171.56218
6063,-170.65126
6064,-169.80302
6065,-169.11551
6066,-168.83304
6067,-169.20563
6068,-170.47626
6069,-172.83522
6070,-176.16743
6071,-179.94441
6072,-183.6217
6073,-186.67484
6074,-188.65295
6075,-189.53387
6076,-189.87631
6077,-190.26257
6078,-191.24747
6079,-193.30032
6080,-196.39374
6081,-199.8275
6082,-202.87462
6083,-204.84009
6084,-205.11507
6085,-203.59285
6086,-200.84837
6087,-197.48569
6088,-194.07718
6089,-191.14993
6090,-188.96616
6091,-187.42856
6092,-186.42503
6093,-185.8605
6094,-185.63797
6095,-185.64857
6096,-185.76749
6097,-185.86919
6098,-185.82906
6099,-185.52235
6100,-184.8244
6101,-183.6104
6102,-181.75558
6103,-179.13509
6104,-177.51726
6105,-178.71002
6106,-179.2353
6107,-179.73953
6108,-180.27937
6109,-180.9115
6110,-181.69266
6111,-182.67943
6112,-183.92856
6113,-185.49669
6114,-187.4137
6115,-189.554
6116,-191.58138
6117,-193.15115
6118,-193.9287
6119,-193.62749
6120,-192.24178
6121,-190.1468
6122,-187.73354
6123,-185.37526
6124,-183.41379
6125,-182.00801
6126,-181.06906
6127,-180.49792
6128,-180.20741
6129,-180.11781
6130,-180.1924
6131,-180.45291
6132,-180.92336
6133,-181.625
6134,-182.56395
6135,-183.65819
6136,-184.7063
6137,-185.50217
6138,-185.84535
6139,-185.56503
6140,-184.66333
6141,-183.37682
6142,-181.95157
6143,-180.6226
6144,-179.60744
6145,-179.02165
6146,-178.84273
6147,-179.04262
6148,-179.5998
6149,-180.49278
6150,-181.70009
6151,-183.20024
6152,-184.97179
6153,-186.99321
6154,-186.55276
6155,-182.08987
6156,-180.50461
6157,-180.13371
6158,-180.61354
6159,-181.5809
6160,-182.6728
6161,-183.5264
6162,-183.77876
6163,-183.06699
6164,-181.09357
6165,-177.94319
6166,-174.21877
6167,-170.5445
6168,-167.52008
6169,-165.6817
6170,-165.1966
6171,-165.7323
6172,-166.93701
6173,-168.4828
6174,-170.07646
6175,-171.62573
6176,-173.31038
6177,-175.32077
6178,-177.83435
6179,-180.99245
6180,-184.72757
6181,-188.68947
6182,-192.51675
6183,-195.86174
6184,-198.41579
6185,-200.09772
6186,-201.13475
6187,-201.76678
6188,-202.21906
6189,-202.68648
6190,-203.18613
6191,-203.49399
6192,-203.37608
6193,-202.60974
6194,-201.0055
6195,-198.56746
6196,-195.56248
6197,-192.26851
6198,-188.95122
6199,-185.87639
6200,-183.30962
6201,-181.51662
6202,-180.76279
6203,-181.31339
6204,-181.03568
6205,-177.87625
6206,-176.52147
6207,-176.04088
6208,-176.32127
6209,-177.24944
6210,-178.71228
6211,-180.59676
6212,-182.78989
6213,-185.17871
6214,-187.64882
6215,-190.07735
6216,-192.32999
6217,-194.2719
6218,-195.76889
6219,-196.72278
6220,-197.24567
6221,-197.73463
6222,-198.59846
6223,-200.23248
6224,-202.94254
6225,-206.51573
6226,-210.03644
6227,-212.56079
6228,-213.17772
6229,-211.10638
6230,-206.32759
6231,-204.8584
6232,-197.76187
6233,-191.05363
6234,-185.66411
6235,-177.0264
6236,-174.8993
6237,-174.01428
6238,-174.13496
6239,-175.01743
6240,-176.37222
6241,-177.84836
6242,-179.09236
6243,-179.75386
6244,-179.53035
6245,-178.39911
6246,-176.71631
6247,-174.8535
6248,-173.16438
6249,-172.00252
6250,-171.72154
6251,-172.67482
6252,-175.21553
6253,-179.69649
6254,-182.59224
6255,-179.92958
6256,-178.30298
6257,-176.75415
6258,-175.37611
6259,-174.26195
6260,-173.50465
6261,-173.1972
6262,-173.43263
6263,-174.3038
6264,-175.86505
6265,-177.94629
6266,-180.07353
6267,-181.76094
6268,-182.53711
6269,-182.00513
6270,-180.20154
6271,-177.75081
6272,-175.30147
6273,-173.47433
6274,-172.8231
6275,-173.51208
6276,-175.1781
6277,-177.43732
6278,-179.93115
6279,-182.32246
6280,-184.39719
6281,-186.108
6282,-187.41423
6283,-188.26723
6284,-188.62187
6285,-188.4542
6286,-187.76865
6287,-186.57089
6288,-184.86525
6289,-182.67653
6290,-180.1489
6291,-177.58826
6292,-175.30722
6293,-173.6106
6294,-172.76392
6295,-172.80489
6296,-173.46254
6297,-174.4537
6298,-175.51007
6299,-176.36334
6300,-176.74529
6301,-176.38757
6302,-175.0217
6303,-172.37912
6304,-170.69035
6305,-172.49312
6306,-173.56317
6307,-174.57932
6308,-175.53328
6309,-176.41673
6310,-177.22139
6311,-177.93889
6312,-178.56093
6313,-179.07927
6314,-179.49371
6315,-179.85216
6316,-180.26717
6317,-180.854
6318,-181.72476
6319,-182.97289
6320,-184.58333
6321,-186.39397
6322,-188.23685
6323,-189.95107
6324,-191.39218
6325,-192.51167
6326,-193.39098
6327,-194.11679
6328,-194.76964
6329,-195.4136
6330,-196.017
6331,-196.41837
6332,-196.45096
6333,-195.95412
6334,-194.79735
6335,-193.02611
6336,-190.92442
6337,-188.78624
6338,-186.89435
6339,-185.4985
6340,-184.65703
6341,-184.16869
6342,-183.82172
6343,-183.41675
6344,-182.77544
6345,-181.8417
6346,-180.72511
6347,-179.54199
6348,-178.4007
6349,-177.4097
6350,-176.67738
6351,-176.31212
6352,-176.42236
6353,-177.11638
6354,-177.98337
6355,-178.23735
6356,-178.23114
6357,-177.95891
6358,-177.44513
6359,-176.71426
6360,-175.79079
6361,-174.69917
6362,-173.46396
6363,-172.10956
6364,-170.66283
6365,-169.16357
6366,-167.66957
6367,-166.23917
6368,-164.92995
6369,-163.79276
6370,-162.83946
6371,-162.02902
6372,-161.31844
6373,-160.66711
6374,-160.05145
6375,-159.54582
6376,-159.35739
6377,-159.69852
6378,-160.77516
6379,-162.74925
6380,-165.52718
6381,-168.66954
6382,-171.7237
6383,-174.25352
6384,-175.87709
6385,-176.52629
6386,-176.55843
6387,-176.34769
6388,-176.24817
6389,-176.57222
6390,-177.39003
6391,-178.44359
6392,-179.46187
6393,-180.18951
6394,-180.3968
6395,-180.00328
6396,-179.13054
6397,-177.90842
6398,-176.45705
6399,-174.89668
6400,-173.34756
6401,-171.92995
6402,-170.76407
6403,-169.97012
6404,-169.23157
6405,-167.9713
6406,-166.6362
6407,-165.28711
6408,-164.0235
6409,-162.94484
6410,-162.15063
6411,-161.7403
6412,-161.81328
6413,-162.46901
6414,-163.76694
6415,-165.53421
6416,-167.28375
6417,-168.51614
6418,-168.74706
6419,-167.58054
6420,-165.13509
6421,-162.22673
6422,-159.69936
6423,-158.3637
6424,-158.92769
6425,-161.5039
6426,-165.39897
6427,-169.88864
6428,-174.28773
6429,-177.95589
6430,-180.51143
6431,-181.92274
6432,-182.17172
6433,-181.22362
6434,-179.08374
6435,-175.99113
6436,-172.5018
6437,-169.18478
6438,-166.59409
6439,-165.22124
6440,-165.19518
6441,-166.15384
6442,-167.71605
6443,-169.52426
6444,-171.24997
6445,-172.7326
6446,-174.03923
6447,-175.2457
6448,-176.41705
6449,-177.6184
6450,-178.9147
6451,-180.37106
6452,-182.05254
6453,-184.0241
6454,-182.71312
6455,-180.92453
6456,-172.79576
6457,-171.34021
6458,-171.24915
6459,-172.21437
6460,-173.92787
6461,-176.08195
6462,-178.36906
6463,-180.4817
6464,-182.13637
6465,-183.1887
6466,-183.68295
6467,-183.6709
6468,-183.19522
6469,-182.31299
6470,-181.16385
6471,-179.99965
6472,-179.07666
6473,-178.64598
6474,-178.91055
6475,-179.79488
6476,-180.84602
6477,-181.59616
6478,-181.59549
6479,-180.46468
6480,-178.23512
6481,-175.49529
6482,-172.85619
6483,-170.9027
6484,-170.13202
6485,-170.5334
6486,-171.4081
6487,-172.03053
6488,-171.70795
6489,-169.84563
6490,-166.41943
6491,-162.17874
6492,-157.90424
6493,-154.33978
6494,-152.15117
6495,-151.55017
6496,-152.13443
6497,-153.47769
6498,-155.18349
6499,-156.85533
6500,-158.09685
6501,-158.51164
6502,-157.70316
6503,-155.27473
6504,-154.52055
6505,-159.076
6506,-162.4679
6507,-165.64836
6508,-168.52249
6509,-170.99538
6510,-172.97203
6511,-174.3575
6512,-175.05681
6513,-174.97482
6514,-174.05016
6515,-172.41748
6516,-170.47716
6517,-168.6403
6518,-167.30536
6519,-166.83093
6520,-167.34406
6521,-168.658
6522,-170.57397
6523,-172.90808
6524,-175.47182
6525,-178.04924
6526,-180.38718
6527,-182.23102
6528,-183.32788
6529,-183.47215
6530,-182.73341
6531,-181.55461
6532,-180.39381
6533,-179.69145
6534,-179.83206
6535,-180.87556
6536,-182.44214
6537,-184.1345
6538,-185.57645
6539,-186.43672
6540,-186.64507
6541,-186.48514
6542,-186.25471
6543,-186.23505
6544,-186.67863
6545,-187.67189
6546,-189.07597
6547,-190.74303
6548,-192.53592
6549,-194.31752
6550,-195.95079
6551,-197.29861
6552,-198.2239
6553,-198.58945
6554,-194.77187
6555,-190.79225
6556,-182.51497
6557,-182.04279
6558,-183.61415
6559,-186.46936
6560,-189.8499
6561,-192.9979
6562,-195.15579
6563,-195.56572
6564,-193.59938
6565,-189.3849
6566,-189.07822
6567,-183.87901
6568,-174.93907
6569,-173.27365
6570,-174.10727
6571,-176.59412
6572,-179.84647
6573,-183.0285
6574,-185.38843
6575,-186.66074
6576,-187.23866
6577,-187.5417
6578,-187.9583
6579,-188.82358
6580,-190.1627
6581,-191.5808
6582,-192.66605
6583,-193.02667
6584,-192.3282
6585,-190.57124
6586,-188.21053
6587,-185.71971
6588,-183.55112
6589,-182.11002
6590,-181.52797
6591,-181.56587
6592,-181.96957
6593,-182.50275
6594,-182.95122
6595,-183.22961
6596,-183.42719
6597,-183.64006
6598,-183.95616
6599,-184.4634
6600,-185.24957
6601,-186.40265
6602,-188.0104
6603,-190.16069
6604,-192.44456
6605,-193.84671
6606,-194.30492
6607,-194.07387
6608,-193.3205
6609,-192.21172
6610,-190.91466
6611,-189.59636
6612,-188.42401
6613,-187.56471
6614,-187.16028
6615,-187.20592
6616,-187.4979
6617,-187.82448
6618,-187.9835
6619,-187.79514
6620,-187.21037
6621,-186.35732
6622,-185.37126
6623,-184.3792
6624,-183.50316
6625,-182.83704
6626,-182.4363
6627,-182.35492
6628,-182.64871
6629,-183.36185
6630,-184.4717
6631,-185.8648
6632,-187.42427
6633,-189.03738
6634,-190.5875
6635,-191.93422
6636,-192.90517
6637,-193.32669
6638,-193.02646
6639,-191.86714
6640,-189.9147
6641,-187.5109
6642,-185.00903
6643,-182.74944
6644,-181.04965
6645,-180.0951
6646,-179.89214
6647,-180.43987
6648,-181.7458
6649,-183.81755
6650,-186.66267
6651,-190.28868
6652,-194.7031
6653,-204.91336
6654,-200.85292
6655,-198.47978
6656,-189.00949
6657,-185.4444
6658,-182.71481
6659,-180.75107
6660,-179.4836
6661,-178.84285
6662,-178.75937
6663,-179.16379
6664,-179.98154
6665,-181.10843
6666,-182.39995
6667,-183.71013
6668,-184.89478
6669,-185.83493
6670,-186.55798
6671,-187.2894
6672,-188.26271
6673,-189.70197
6674,-191.78186
6675,-194.39027
6676,-197.02678
6677,-199.17538
6678,-200.33849
6679,-200.08838
6680,-198.40497
6681,-195.82143
6682,-192.89427
6683,-190.15422
6684,-188.08522
6685,-186.89839
6686,-186.43481
6687,-186.52065
6688,-186.99951
6689,-187.71379
6690,-188.49803
6691,-189.17584
6692,-189.57056
6693,-189.50594
6694,-188.83424
6695,-187.57365
6696,-185.96747
6697,-184.2681
6698,-182.7175
6699,-181.55746
6700,-181.02983
6701,-181.37633
6702,-182.83853
6703,-185.6579
6704,-196.90259
6705,-206.01971
6706,-210.2751
6707,-206.83913
6708,-206.29324
6709,-204.22028
6710,-201.20409
6711,-197.82948
6712,-194.68161
6713,-192.34573
6714,-191.32663
6715,-191.6615
6716,-192.75427
6717,-193.98344
6718,-194.75766
6719,-194.55087
6720,-193.2155
6721,-191.1174
6722,-188.64378
6723,-186.15768
6724,-184.00146
6725,-182.39635
6726,-181.3993
6727,-181.06065
6728,-181.43842
6729,-182.55711
6730,-184.24644
6731,-186.07225
6732,-187.58994
6733,-188.36755
6734,-188.03847
6735,-186.61674
6736,-184.63286
6737,-182.6384
6738,-181.16077
6739,-180.66048
6740,-181.20984
6741,-182.3554
6742,-183.62274
6743,-184.56267
6744,-184.7745
6745,-184.13991
6746,-182.92305
6747,-181.40364
6748,-179.84329
6749,-178.50375
6750,-177.64665
6751,-177.53357
6752,-178.42607
6753,-180.58545
6754,-182.6313
6755,-182.8013
6756,-183.55206
6757,-184.38313
6758,-185.20435
6759,-185.92552
6760,-186.45644
6761,-186.70695
6762,-186.58685
6763,-186.00592
6764,-184.90175
6765,-183.37395
6766,-181.74193
6767,-180.33388
6768,-179.46773
6769,-179.41533
6770,-180.18199
6771,-181.4118
6772,-182.73451
6773,-183.79723
6774,-184.28046
6775,-184.05876
6776,-183.26985
6777,-182.06195
6778,-180.5709
6779,-178.94083
6780,-177.36377
6781,-176.0966
6782,-175.39876
6783,-175.5266
6784,-176.68579
6785,-178.78816
6786,-181.34784
6787,-183.86334
6788,-185.85239
6789,-186.88815
6790,-186.86693
6791,-186.12283
6792,-185.00775
6793,-183.853
6794,-182.95512
6795,-182.40839
6796,-182.03275
6797,-181.63725
6798,-181.0439
6799,-180.07465
6800,-178.55148
6801,-176.29634
6802,-173.13101
6803,-168.87729
6804,-168.04681
6805,-174.3861
6806,-177.81108
6807,-180.26878
6808,-181.93263
6809,-182.97618
6810,-183.57295
6811,-183.8966
6812,-184.12083
6813,-184.4194
6814,-184.94371
6815,-185.71536
6816,-186.58003
6817,-187.37645
6818,-187.95155
6819,-188.17502
6820,-188.04787
6821,-187.7493
6822,-187.4658
6823,-187.37529
6824,-187.63458
6825,-188.2768
6826,-189.16765
6827,-190.1661
6828,-191.1391
6829,-191.95764
6830,-192.51698
6831,-192.74484
6832,-192.57033
6833,-191.92091
6834,-190.74425
6835,-189.10507
6836,-187.22697
6837,-185.34003
6838,-183.66692
6839,-182.41084
6840,-181.66222
6841,-181.35857
6842,-181.43121
6843,-181.81882
6844,-182.45651
6845,-183.25935
6846,-184.11513
6847,-184.91048
6848,-185.53334
6849,-185.8717
6850,-185.8135
6851,-185.24666
6852,-184.05899
6853,-182.13838
6854,-180.73761
6855,-181.6157
6856,-182.99417
6857,-184.81673
6858,-186.82385
6859,-188.75613
6860,-190.35417
6861,-191.35852
6862,-191.5097
6863,-190.54803
6864,-188.28119
6865,-184.9099
6866,-181.16814
6867,-177.81204
6868,-175.57263
6869,-175.07625
6870,-176.34264
6871,-178.57048
6872,-180.92633
6873,-182.61636
6874,-182.9506
6875,-181.84286
6876,-180.02548
6877,-178.26411
6878,-177.28575
6879,-177.72289
6880,-179.65903
6881,-182.43448
6882,-185.36041
6883,-187.78366
6884,-189.12273
6885,-189.21149
6886,-188.4471
6887,-187.24954
6888,-186.01236
6889,-185.0999
6890,-184.70628
6891,-184.79475
6892,-185.3192
6893,-186.2445
6894,-187.53258
6895,-189.12825
6896,-190.95312
6897,-192.92795
6898,-194.9745
6899,-197.0146
6900,-198.97011
6901,-200.76288
6902,-202.31471
6903,-203.54742
6904,-199.82178
6905,-193.77016
6906,-187.77151
6907,-179.19745
6908,-177.68538
6909,-177.87386
6910,-179.40211
6911,-181.90988
6912,-185.03725
6913,-188.4245
6914,-191.72037
6915,-194.62138
6916,-196.8886
6917,-198.28564
6918,-198.57292
6919,-197.55911
6920,-195.33533
6921,-192.37587
6922,-189.17119
6923,-186.19398
6924,-183.87881
6925,-182.4386
6926,-181.78584
6927,-181.82071
6928,-182.45782
6929,-183.59099
6930,-184.99374
6931,-186.27646
6932,-187.04301
6933,-186.905
6934,-185.52068
6935,-182.82022
6936,-179.103
6937,-174.68353
6938,-169.85918
6939,-164.91153
6940,-160.03067
6941,-155.28236
6942,-150.72736
6943,-146.43233
6944,-142.47327
6945,-138.98004
6946,-136.15578
6947,-134.20631
6948,-133.334
6949,-133.7411
6950,-135.63004
6951,-139.203
6952,-149.66212
6953,-157.2091
6954,-163.51184
6955,-159.8521
6956,-162.16133
6957,-164.4543
6958,-166.71362
6959,-168.92201
6960,-171.06204
6961,-173.11644
6962,-175.06784
6963,-176.8989
6964,-178.585
6965,-180.05975
6966,-181.19983
6967,-181.87965
6968,-181.97641
6969,-181.39413
6970,-180.1941
6971,-178.65056
6972,-177.04645
6973,-175.65457
6974,-174.71254
6975,-174.2531
6976,-174.0315
6977,-173.7919
6978,-173.2918
6979,-172.31813
6980,-170.82964
6981,-169.01764
6982,-167.08289
6983,-165.215
6984,-163.57585
6985,-162.1662
6986,-160.76854
6987,-159.1567
6988,-157.11497
6989,-154.48355
6990,-151.42734
6991,-148.55121
6992,-146.4772
6993,-145.80615
6994,-147.05121
6995,-150.21672
6996,-154.61845
6997,-159.5461
6998,-164.32274
6999,-168.27165
7000,-170.71628
7001,-170.97955
7002,-168.38364
7003,-167.24954
7004,-159.7723
7005,-173.04196
7006,-172.03192
7007,-174.61607
7008,-176.07262
7009,-176.6798
7010,-176.71611
7011,-176.46017
7012,-176.1907
7013,-176.18648
7014,-176.69466
7015,-177.77867
7016,-179.25317
7017,-180.92297
7018,-182.60477
7019,-184.1292
7020,-185.40746
7021,-186.46014
7022,-187.31212
7023,-187.98306
7024,-188.49916
7025,-188.92377
7026,-189.37082
7027,-189.95628
7028,-190.79372
7029,-191.96747
7030,-193.39212
7031,-194.7521
7032,-195.72261
7033,-195.98973
7034,-195.29355
7035,-193.68932
7036,-191.65974
7037,-189.7054
7038,-188.30667
7039,-187.87584
7040,-188.42905
7041,-189.4459
7042,-190.38441
7043,-190.7282
7044,-190.02394
7045,-188.18532
7046,-185.62383
7047,-182.7715
7048,-180.03694
7049,-177.82887
7050,-176.5559
7051,-176.62631
7052,-178.44821
7053,-182.4292
7054,-185.62277
7055,-184.51712
7056,-184.49257
7057,-184.60382
7058,-184.78557
7059,-184.97246
7060,-185.09923
7061,-185.1006
7062,-184.91124
7063,-184.46582
7064,-183.71191
7065,-182.67181
7066,-181.46913
7067,-180.23161
7068,-179.08221
7069,-178.13292
7070,-177.43211
7071,-176.94197
7072,-176.62125
7073,-176.4327
7074,-176.34433
7075,-176.35385
7076,-176.49927
7077,-176.82022
7078,-177.35446
7079,-178.13495
7080,-179.16779
7081,-180.4224
7082,-181.86676
7083,-183.47052
7084,-185.19785
7085,-186.97974
7086,-188.70258
7087,-190.251
7088,-191.5117
7089,-192.37607
7090,-192.76247
7091,-192.62596
7092,-191.923
7093,-190.60832
7094,-188.65839
7095,-186.17581
7096,-183.43439
7097,-180.71494
7098,-178.29037
7099,-176.43336
7100,-175.41666
7101,-175.51274
7102,-176.994
7103,-180.13254
7104,-181.6553
7105,-178.79561
7106,-179.02153
7107,-180.57649
7108,-183.07285
7109,-186.12338
7110,-189.34108
7111,-192.3391
7112,-194.73073
7113,-196.12904
7114,-196.21342
7115,-195.0493
7116,-193.226
7117,-191.35475
7118,-190.02226
7119,-189.7322
7120,-190.50516
7121,-191.70767
7122,-192.67982
7123,-192.79291
7124,-191.50275
7125,-188.75777
7126,-185.17485
7127,-181.39874
7128,-178.04288
7129,-175.65692
7130,-174.42023
7131,-174.01039
7132,-174.08493
7133,-174.32545
7134,-174.45186
7135,-174.40605
7136,-174.4307
7137,-174.78033
7138,-175.69522
7139,-177.35445
7140,-179.58226
7141,-181.72246
7142,-183.09993
7143,-183.06236
7144,-181.04718
7145,-177.01593
7146,-176.64165
7147,-170.62682
7148,-164.64062
7149,-159.35234
7150,-150.4309
7151,-148.54463
7152,-149.36153
7153,-153.54897
7154,-158.0299
7155,-158.63997
7156,-160.64969
7157,-163.04245
7158,-165.66324
7159,-168.35707
7160,-170.96901
7161,-173.3441
7162,-175.32741
7163,-176.76393
7164,-177.53093
7165,-177.69324
7166,-177.5697
7167,-177.48943
7168,-177.76938
7169,-178.683
7170,-180.24998
7171,-182.14673
7172,-184.03598
7173,-185.597
7174,-186.54855
7175,-186.83975
7176,-186.73172
7177,-186.49826
7178,-186.39839
7179,-186.6586
7180,-187.31595
7181,-188.15092
7182,-188.93367
7183,-189.44647
7184,-189.49031
7185,-188.9738
7186,-187.95189
7187,-186.48538
7188,-184.62816
7189,-182.45514
7190,-180.16281
7191,-178.11266
7192,-176.67284
7193,-176.20352
7194,-177.0065
7195,-179.0445
7196,-181.82141
7197,-184.82326
7198,-187.55814
7199,-189.53418
7200,-190.25943
7201,-189.2415
7202,-185.98741
7203,-185.00339
7204,-175.9974
7205,-178.96875
7206,-179.60335
7207,-179.6529
7208,-179.29004
7209,-178.6876
7210,-178.01833
7211,-177.45503
7212,-177.17058
7213,-177.33772
7214,-178.09991
7215,-179.42982
7216,-181.06894
7217,-182.74966
7218,-184.21545
7219,-185.23677
7220,-185.74141
7221,-185.87024
7222,-185.77266
7223,-185.58806
7224,-185.44685
7225,-185.42725
7226,-185.53691
7227,-185.78055
7228,-186.16632
7229,-186.69154
7230,-187.29117
7231,-187.81549
7232,-188.1114
7233,-188.02983
7234,-187.45184
7235,-186.4344
7236,-185.27292
7237,-184.27245
7238,-183.7268
7239,-183.89003
7240,-184.78543
7241,-186.12366
7242,-187.60292
7243,-188.93637
7244,-189.86108
7245,-190.25339
7246,-190.17813
7247,-189.70793
7248,-188.90628
7249,-187.83687
7250,-186.56334
7251,-185.14934
7252,-183.65851
7253,-182.15456
7254,-178.665
7255,-177.19852
7256,-168.27373
7257,-165.7084
7258,-164.34142
7259,-164.0118
7260,-164.55867
7261,-165.82141
7262,-167.63947
7263,-169.85222
7264,-172.29208
7265,-174.74982
7266,-176.95987
7267,-178.65443
7268,-179.56837
7269,-179.48622
7270,-178.48158
7271,-177.02
7272,-175.58292
7273,-174.63324
7274,-174.57356
7275,-175.45624
7276,-176.85942
7277,-178.3424
7278,-179.48743
7279,-179.92154
7280,-179.53362
7281,-178.56697
7282,-177.27928
7283,-175.91135
7284,-174.69095
7285,-173.76947
7286,-173.19466
7287,-173.01027
7288,-173.26486
7289,-173.98877
7290,-175.10591
7291,-176.3963
7292,-177.63428
7293,-178.601
7294,-179.1067
7295,-179.12968
7296,-178.87631
7297,-178.56206
7298,-178.39154
7299,-178.5694
7300,-179.30023
7301,-180.78859
7302,-183.23892
7303,-186.8555
7304,-191.36452
7305,-195.18178
7306,-197.06403
7307,-197.68623
7308,-197.36186
7309,-196.40477
7310,-195.129
7311,-193.84877
7312,-192.8784
7313,-192.53215
7314,-193.0733
7315,-194.46907
7316,-196.2856
7317,-198.07304
7318,-199.40048
7319,-199.88393
7320,-199.4115
7321,-198.24051
7322,-196.64359
7323,-194.87608
7324,-193.17572
7325,-191.67755
7326,-190.37717
7327,-189.26454
7328,-188.3361
7329,-187.5785
7330,-186.92096
7331,-186.21492
7332,-185.3087
7333,-184.05424
7334,-182.34976
7335,-180.36227
7336,-178.62323
7337,-177.6789
7338,-178.05801
7339,-180.18881
7340,-183.91692
7341,-188.29973
7342,-192.36404
7343,-195.17476
7344,-195.89685
7345,-194.27946
7346,-190.86423
7347,-186.2259
7348,-185.90251
7349,-180.4327
7350,-175.35512
7351,-166.2084
7352,-163.53082
7353,-162.86015
7354,-164.05872
7355,-165.59178
7356,-166.52347
7357,-167.17712
7358,-167.62816
7359,-167.95201
7360,-168.22423
7361,-168.52023
7362,-168.91553
7363,-169.4855
7364,-170.29346
7365,-171.33096
7366,-172.49294
7367,-173.67046
7368,-174.75926
7369,-175.66539
7370,-176.35545
7371,-176.87785
7372,-177.2842
7373,-177.62228
7374,-177.92856
7375,-178.17401
7376,-178.24075
7377,-178.00748
7378,-177.35696
7379,-176.20975
7380,-174.70583
7381,-173.28249
7382,-172.38902
7383,-172.46045
7384,-173.86351
7385,-176.56888
7386,-180.01117
7387,-183.60422
7388,-186.78769
7389,-189.06714
7390,-190.3303
7391,-190.983
7392,-191.45189
7393,-192.13927
7394,-193.40007
7395,-195.31447
7396,-197.58995
7397,-199.91917
7398,-202.01237
7399,-203.5799
7400,-204.33194
7401,-203.97853
7402,-202.2295
7403,-198.79422
7404,-196.56569
7405,-198.79698
7406,-200.03845
7407,-201.04637
7408,-201.71709
7409,-201.94687
7410,-201.63202
7411,-200.66876
7412,-198.95322
7413,-196.38147
7414,-192.9001
7415,-188.74939
7416,-184.56827
7417,-181.01244
7418,-178.71863
7419,-178.22675
7420,-179.51642
7421,-181.80875
7422,-184.29518
7423,-186.20366
7424,-186.84056
7425,-185.96742
7426,-183.96275
7427,-181.23026
7428,-178.14464
7429,-175.0631
7430,-172.24011
7431,-169.79079
7432,-167.82452
7433,-166.45737
7434,-165.78595
7435,-165.79402
7436,-166.31279
7437,-167.1674
7438,-168.19041
7439,-169.22958
7440,-170.22115
7441,-171.22115
7442,-172.29039
7443,-173.48386
7444,-174.84525
7445,-176.35245
7446,-177.89417
7447,-179.3556
7448,-180.62624
7449,-181.59549
7450,-182.1528
7451,-182.18759
7452,-181.58923
7453,-180.24702
7454,-176.78128
7455,-171.3788
7456,-169.01701
7457,-168.33058
7458,-168.96434
7459,-170.56366
7460,-172.7741
7461,-175.24144
7462,-177.61174
7463,-179.53096
7464,-180.68958
7465,-181.0367
7466,-180.87181
7467,-180.50847
7468,-180.2436
7469,-180.33955
7470,-180.85658
7471,-181.58147
7472,-182.28998
7473,-182.77101
7474,-182.86346
7475,-182.69727
7476,-182.79663
7477,-183.70169
7478,-185.93353
7479,-189.89456
7480,-200.29842
7481,-205.92711
7482,-205.52658
7483,-207.88702
7484,-206.96883
7485,-202.7284
7486,-201.47644
7487,-194.5834
7488,-188.35785
7489,-178.97429
7490,-176.82594
7491,-176.2476
7492,-176.53172
7493,-177.02156
7494,-177.11882
7495,-176.56279
7496,-175.54996
7497,-174.29507
7498,-172.99118
7499,-171.8313
7500,-171.00851
7501,-170.7158
7502,-171.14616
7503,-172.49251
7504,-170.10841
7505,-165.91418
7506,-156.61981
7507,-154.5892
7508,-154.35074
7509,-155.43369
7510,-157.36769
7511,-159.68282
7512,-161.90918
7513,-163.57707
7514,-164.28543
7515,-164.03217
7516,-163.35593
7517,-162.81651
7518,-162.948
7519,-164.214
7520,-166.66893
7521,-169.81316
7522,-173.12567
7523,-176.11221
7524,-178.31877
7525,-179.52505
7526,-179.8273
7527,-179.33424
7528,-178.13953
7529,-176.36252
7530,-174.27164
7531,-172.33727
7532,-171.03798
7533,-170.84254
7534,-172.13562
7535,-174.81421
7536,-178.11514
7537,-181.24968
7538,-183.46095
7539,-184.0866
7540,-183.01431
7541,-180.8777
7542,-178.34079
7543,-176.03265
7544,-174.51834
7545,-173.9908
7546,-174.13858
7547,-174.63023
7548,-175.15842
7549,-175.41592
7550,-175.09541
7551,-173.88957
7552,-171.4909
7553,-167.59169
7554,-165.01807
7555,-166.6656
7556,-166.7392
7557,-166.36642
7558,-165.67653
7559,-164.79877
7560,-163.8625
7561,-162.99701
7562,-162.33167
7563,-161.99574
7564,-162.09921
7565,-162.6396
7566,-163.46225
7567,-164.4065
7568,-165.31905
7569,-166.0644
7570,-166.61102
7571,-167.06776
7572,-167.54906
7573,-168.16264
7574,-169.0243
7575,-170.2973
7576,-172.20877
7577,-174.98836
7578,-178.86253
7579,-183.96564
7580,-194.89864
7581,-200.54056
7582,-199.74274
7583,-201.39038
7584,-199.54703
7585,-194.32082
7586,-192.24062
7587,-184.89752
7588,-178.81734
7589,-170.35776
7590,-169.90182
7591,-171.51334
7592,-174.20444
7593,-177.05128
7594,-179.208
7595,-180.2791
7596,-180.47888
7597,-180.04572
7598,-179.18909
7599,-178.11855
7600,-177.04372
7601,-176.17432
7602,-175.71991
7603,-175.89017
7604,-176.5442
7605,-177.016
7606,-177.16129
7607,-177.14096
7608,-177.04422
7609,-176.96042
7610,-176.97874
7611,-177.18846
7612,-177.67888
7613,-178.5392
7614,-179.8348
7615,-181.49234
7616,-183.25061
7617,-184.84105
7618,-186.00398
7619,-186.52197
7620,-186.42268
7621,-186.06624
7622,-185.82626
7623,-186.0606
7624,-187.06099
7625,-188.7352
7626,-190.47089
7627,-191.63487
7628,-191.61874
7629,-189.90657
7630,-186.52293
7631,-182.22592
7632,-177.80435
7633,-174.01274
7634,-171.52022
7635,-170.50063
7636,-170.45697
7637,-170.86572
7638,-171.23564
7639,-171.12886
7640,-170.41771
7641,-169.39478
7642,-168.36916
7643,-167.63
7644,-167.4286
7645,-167.79585
7646,-168.46431
7647,-169.15486
7648,-169.60258
7649,-169.54266
7650,-168.71017
7651,-166.84007
7652,-163.66724
7653,-158.9263
7654,-158.03294
7655,-170.34186
7656,-168.43741
7657,-169.93591
7658,-170.2169
7659,-169.66005
7660,-168.64539
7661,-167.55316
7662,-166.76364
7663,-166.65714
7664,-167.55653
7665,-169.45184
7666,-171.88219
7667,-174.36926
7668,-176.45645
7669,-177.73692
7670,-178.09348
7671,-177.8011
7672,-177.15039
7673,-176.41347
7674,-175.84505
7675,-175.59868
7676,-175.69081
7677,-176.13239
7678,-176.94092
7679,-178.11653
7680,-179.5585
7681,-181.02946
7682,-182.28671
7683,-183.09404
7684,-183.24869
7685,-182.74323
7686,-181.83472
7687,-180.79086
7688,-179.86699
7689,-179.29012
7690,-179.12296
7691,-179.20569
7692,-179.3696
7693,-179.45651
7694,-179.329
7695,-178.96994
7696,-178.52509
7697,-178.14677
7698,-177.97957
7699,-178.16805
7700,-178.85669
7701,-180.19006
7702,-182.31248
7703,-185.3684
7704,-187.17534
7705,-185.54732
7706,-184.81316
7707,-184.11266
7708,-183.33067
7709,-182.35208
7710,-181.06183
7711,-179.34476
7712,-177.08572
7713,-174.16954
7714,-170.52391
7715,-166.32608
7716,-162.09164
7717,-158.34982
7718,-155.61357
7719,-154.33044
7720,-154.56923
7721,-155.88591
7722,-157.81682
7723,-159.923
7724,-161.80176
7725,-163.26051
7726,-164.3911
7727,-165.29637
7728,-166.06561
7729,-166.78621
7730,-167.53479
7731,-168.37315
7732,-169.36266
7733,-170.56522
7734,-172.04056
7735,-173.83461
7736,-175.9749
7737,-178.48816
7738,-181.40207
7739,-184.74367
7740,-188.53688
7741,-192.80122
7742,-197.55617
7743,-207.82127
7744,-213.57782
7745,-219.5849
7746,-225.30069
7747,-230.17128
7748,-228.6568
7749,-230.21677
7750,-229.3098
7751,-225.39311
7752,-222.92242
7753,-211.35176
7754,-203.36298
7755,-201.75423
7756,-201.29398
7757,-199.8823
7758,-197.83556
7759,-195.47044
7760,-193.1037
7761,-191.05226
7762,-189.63292
7763,-189.16235
7764,-189.89223
7765,-191.69653
7766,-193.938
7767,-195.95901
7768,-197.12634
7769,-196.89163
7770,-195.2001
7771,-192.6672
7772,-189.93628
7773,-187.61945
7774,-186.26125
7775,-186.01366
7776,-186.49666
7777,-187.30865
7778,-188.07365
7779,-188.44757
7780,-188.2725
7781,-187.6425
7782,-186.66191
7783,-185.42314
7784,-184.00914
7785,-182.44759
7786,-180.69125
7787,-178.68997
7788,-176.39706
7789,-173.79378
7790,-171.02383
7791,-168.45103
7792,-166.44814
7793,-165.37718
7794,-165.5558
7795,-167.04358
7796,-169.55096
7797,-172.77486
7798,-176.42899
7799,-180.22719
7800,-183.88344
7801,-187.11179
7802,-189.62624
7803,-191.14066
7804,-193.80563
7805,-199.24164
7806,-201.90018
7807,-202.98756
7808,-202.69844
7809,-201.22774
7810,-198.77061
7811,-195.5224
7812,-191.6787
7813,-187.43524
7814,-182.9954
7815,-178.60646
7816,-174.57518
7817,-171.21068
7818,-168.81917
7819,-167.64124
7820,-167.53755
7821,-167.85406
7822,-167.91681
7823,-167.07631
7824,-164.79663
7825,-161.20154
7826,-157.30922
7827,-154.17368
7828,-152.80595
7829,-154.0692
7830,-157.96902
7831,-163.35115
7832,-174.01724
7833,-173.82559
7834,-176.76654
7835,-177.5956
7836,-177.10506
7837,-176.1284
7838,-175.45024
7839,-175.75653
7840,-177.15808
7841,-178.98679
7842,-180.54398
7843,-181.1681
7844,-180.2827
7845,-177.806
7846,-174.32744
7847,-170.46387
7848,-166.80063
7849,-163.92296
7850,-162.41599
7851,-162.86447
7852,-165.8526
7853,-176.9637
7854,-181.90936
7855,-175.6682
7856,-176.1976
7857,-177.06761
7858,-178.1636
7859,-179.37091
7860,-180.57494
7861,-181.66101
7862,-182.51457
7863,-183.021
7864,-183.07854
7865,-182.66077
7866,-181.84326
7867,-180.70572
7868,-179.32297
7869,-177.76936
7870,-176.11592
7871,-174.4293
7872,-172.77605
7873,-171.22278
7874,-169.83534
7875,-168.6747
7876,-167.79509
7877,-167.25053
7878,-167.09537
7879,-167.32954
7880,-167.63759
7881,-167.27661
7882,-165.48686
7883,-161.52858
7884,-159.83115
7885,-150.8108
7886,-141.22255
7887,-132.8744
7888,-127.5084
7889,-121.63713
7890,-125.45071
7891,-137.34915
7892,-145.66313
7893,-153.80931
7894,-160.34648
7895,-159.65002
7896,-162.19876
7897,-163.5133
7898,-164.06142
7899,-164.31108
7900,-164.73044
7901,-165.78775
7902,-167.95111
7903,-171.68834
7904,-172.7709
7905,-167.48509
7906,-165.5841
7907,-165.0014
7908,-165.4158
7909,-166.50629
7910,-167.95216
7911,-169.4328
7912,-170.62758
7913,-171.21597
7914,-170.93188
7915,-169.8261
7916,-168.37901
7917,-167.08809
7918,-166.43037
7919,-166.79814
7920,-168.09087
7921,-169.54092
7922,-170.35478
7923,-169.77078
7924,-167.15843
7925,-162.65236
7926,-162.42477
7927,-152.6899
7928,-149.61235
7929,-149.20966
7930,-151.6473
7931,-155.93796
7932,-161.05042
7933,-166.00945
7934,-169.92328
7935,-172.38168
7936,-173.6264
7937,-173.92432
7938,-173.51132
7939,-172.62094
7940,-171.47208
7941,-170.26372
7942,-169.19415
7943,-168.46255
7944,-168.2415
7945,-168.54861
7946,-169.19185
7947,-169.97081
7948,-170.69534
7949,-171.17514
7950,-171.2199
7951,-170.63936
7952,-169.24313
7953,-166.84076
7954,-163.57831
7955,-160.52429
7956,-158.57944
7957,-157.42604
7958,-156.97458
7959,-157.13559
7960,-157.81969
7961,-158.93752
7962,-160.39969
7963,-162.11685
7964,-163.99712
7965,-165.93341
7966,-167.7982
7967,-169.46313
7968,-170.80087
7969,-171.70143
7970,-172.15587
7971,-172.29228
7972,-172.24397
7973,-172.13792
7974,-172.08385
7975,-172.0917
7976,-172.03622
7977,-171.7868
7978,-171.21928
7979,-170.23157
7980,-168.85002
7981,-167.27515
7982,-165.71432
7983,-164.36671
7984,-163.42393
7985,-163.03427
7986,-163.28731
7987,-164.27022
7988,-166.07301
7989,-168.73961
7990,-172.04692
7991,-175.41031
7992,-178.23116
7993,-179.92831
7994,-179.99599
7995,-178.3691
7996,-175.57988
7997,-172.185
7998,-168.71295
7999,-165.6926
8000,-163.65256
8001,-163.1212
8002,-164.62666
8003,-168.69637
8004,-172.32832
8005,-171.60063
8006,-171.67313
8007,-171.73701
8008,-171.79462
8009,-171.84811
8010,-171.89983
8011,-171.95207
8012,-172.00706
8013,-172.0671
8014,-172.13176
8015,-172.18513
8016,-172.1902
8017,-172.10913
8018,-171.90504
8019,-171.55348
8020,-171.10144
8021,-170.69302
8022,-170.47615
8023,-170.59402
8024,-171.17126
8025,-172.22379
8026,-173.62038
8027,-175.22403
8028,-176.90486
8029,-178.5428
8030,-180.07515
8031,-181.51685
8032,-182.88597
8033,-184.19681
8034,-185.44809
8035,-186.54774
8036,-187.28075
8037,-187.4271
8038,-186.77248
8039,-185.15204
8040,-182.68796
8041,-179.89209
8042,-177.2923
8043,-175.39798
8044,-174.65573
8045,-175.1469
8046,-176.4585
8047,-178.15805
8048,-179.83684
8049,-181.08623
8050,-181.49756
8051,-180.66199
8052,-178.17038
8053,-173.6131
8054,-168.4658
8055,-165.95166
8056,-165.34074
8057,-166.14194
8058,-167.94469
8059,-170.33887
8060,-172.91458
8061,-175.26201
8062,-176.97142
8063,-177.63304
8064,-176.91342
8065,-174.92435
8066,-172.38129
8067,-170.02426
8068,-168.56465
8069,-168.6214
8070,-170.27704
8071,-172.8878
8072,-175.78178
8073,-178.32205
8074,-179.93416
8075,-180.40535
8076,-180.01321
8077,-179.0548
8078,-177.8041
8079,-176.52567
8080,-175.42957
8081,-174.65172
8082,-174.32507
8083,-174.58606
8084,-175.53523
8085,-177.06494
8086,-178.78555
8087,-180.29634
8088,-181.21007
8089,-181.19206
8090,-180.21376
8091,-178.66139
8092,-176.93803
8093,-175.42719
8094,-174.47937
8095,-174.25388
8096,-174.65074
8097,-175.55968
8098,-176.88283
8099,-178.52231
8100,-180.3803
8101,-182.35902
8102,-184.36067
8103,-186.28748
8104,-190.48274
8105,-203.13153
8106,-202.63417
8107,-205.35085
8108,-206.42844
8109,-206.01407
8110,-204.25491
8111,-201.2985
8112,-197.29248
8113,-192.38475
8114,-191.74812
8115,-185.69983
8116,-179.75275
8117,-174.42795
8118,-165.23695
8119,-162.63293
8120,-161.73233
8121,-162.19548
8122,-163.66504
8123,-165.8057
8124,-168.28021
8125,-170.73914
8126,-172.81664
8127,-174.14609
8128,-174.36159
8129,-173.17026
8130,-170.70433
8131,-167.67278
8132,-164.8078
8133,-162.81435
8134,-162.31628
8135,-163.46718
8136,-165.7841
8137,-168.7595
8138,-171.91644
8139,-174.81255
8140,-177.20451
8141,-179.1187
8142,-180.59195
8143,-181.64824
8144,-182.31169
8145,-182.607
8146,-182.55971
8147,-182.19539
8148,-181.53958
8149,-180.61786
8150,-179.45572
8151,-178.0788
8152,-176.51262
8153,-174.78276
8154,-174.6409
8155,-177.11797
8156,-177.80476
8157,-177.69363
8158,-176.95761
8159,-175.76982
8160,-174.30351
8161,-172.73192
8162,-171.2284
8163,-169.96626
8164,-169.09492
8165,-168.62526
8166,-168.38039
8167,-168.17607
8168,-167.83699
8169,-167.22906
8170,-166.458
8171,-165.95418
8172,-166.16083
8173,-167.50554
8174,-170.33347
8175,-174.51207
8176,-179.2623
8177,-183.78055
8178,-187.29422
8179,-189.12575
8180,-189.14935
8181,-187.98735
8182,-186.29274
8183,-184.68347
8184,-183.71307
8185,-183.55879
8186,-183.88805
8187,-184.3479
8188,-184.60951
8189,-184.38954
8190,-183.66794
8191,-182.78168
8192,-182.08221
8193,-181.90404
8194,-182.53287
8195,-183.97137
8196,-185.8388
8197,-187.73917
8198,-189.29482
8199,-190.1281
8200,-189.86124
8201,-188.11615
8202,-184.51439
8203,-183.67694
8204,-174.43196
8205,-175.86525
8206,-175.49367
8207,-174.71608
8208,-173.66663
8209,-172.4793
8210,-171.28827
8211,-170.22762
8212,-169.43147
8213,-169.03394
8214,-169.13544
8215,-169.64111
8216,-170.19147
8217,-170.41667
8218,-169.95952
8219,-168.52736
8220,-166.20335
8221,-163.5801
8222,-161.27048
8223,-159.86317
8224,-159.87312
8225,-161.38779
8226,-163.916
8227,-166.94423
8228,-169.98691
8229,-172.60692
8230,-174.64784
8231,-176.33322
8232,-177.90152
8233,-179.57309
8234,-181.53438
8235,-183.77502
8236,-186.01799
8237,-187.97575
8238,-189.37343
8239,-189.96442
8240,-189.6667
8241,-188.62137
8242,-186.97874
8243,-184.87851
8244,-182.46028
8245,-179.8624
8246,-177.22157
8247,-174.67433
8248,-172.35738
8249,-170.4073
8250,-168.96077
8251,-168.15431
8252,-168.12444
8253,-169.00763
8254,-168.38373
8255,-164.32086
8256,-162.43161
8257,-161.5143
8258,-161.3803
8259,-161.84116
8260,-162.70853
8261,-163.79405
8262,-164.9095
8263,-165.86656
8264,-166.48587
8265,-166.63965
8266,-166.26984
8267,-165.32117
8268,-163.735
8269,-161.47966
8270,-158.68034
8271,-155.67479
8272,-152.80917
8273,-150.41946
8274,-148.81323
8275,-148.13303
8276,-148.29817
8277,-149.21928
8278,-150.81773
8279,-153.00635
8280,-155.6482
8281,-158.53899
8282,-161.47185
8283,-164.24324
8284,-166.67206
8285,-168.70813
8286,-170.47829
8287,-172.11629
8288,-173.74742
8289,-175.47607
8290,-177.28514
8291,-178.99287
8292,-180.41106
8293,-181.35927
8294,-181.68617
8295,-181.4093
8296,-180.77505
8297,-180.0392
8298,-179.44656
8299,-179.24199
8300,-179.67033
8301,-180.97635
8302,-183.40459
8303,-187.1995
8304,-187.68341
8305,-185.94383
8306,-177.51898
8307,-175.33534
8308,-174.17067
8309,-173.80298
8310,-174.0105
8311,-174.5715
8312,-175.26451
8313,-175.86789
8314,-176.18755
8315,-176.18849
8316,-176.05122
8317,-175.96492
8318,-176.10847
8319,-176.63278
8320,-177.52635
8321,-178.55765
8322,-179.48643
8323,-180.08296
8324,-180.14413
8325,-179.62138
8326,-178.67578
8327,-177.47682
8328,-176.18407
8329,-174.94568
8330,-173.84329
8331,-172.8686
8332,-172.0095
8333,-171.25838
8334,-170.61366
8335,-170.10991
8336,-169.8306
8337,-169.86105
8338,-170.28423
8339,-171.15858
8340,-172.39946
8341,-173.7287
8342,-174.8604
8343,-175.51811
8344,-175.46362
8345,-174.68242
8346,-173.46292
8347,-172.1058
8348,-170.89723
8349,-170.12355
8350,-170.07086
8351,-171.02531
8352,-173.27284
8353,-177.09909
8354,-187.91138
8355,-194.14186
8356,-192.30269
8357,-193.53517
8358,-193.1924
8359,-191.62778
8360,-189.19525
8361,-186.24918
8362,-183.1441
8363,-180.23473
8364,-177.84233
8365,-176.09413
8366,-174.85413
8367,-173.9758
8368,-173.3252
8369,-172.7919
8370,-172.40253
8371,-172.36913
8372,-172.91107
8373,-174.23889
8374,-176.51024
8375,-179.57623
8376,-182.873
8377,-185.82054
8378,-187.85875
8379,-188.50645
8380,-187.74243
8381,-186.16907
8382,-184.41438
8383,-183.07713
8384,-182.68439
8385,-183.34634
8386,-184.6085
8387,-185.99388
8388,-187.05243
8389,-187.39337
8390,-186.97006
8391,-186.20244
8392,-185.52933
8393,-185.36761
8394,-186.07971
8395,-187.71265
8396,-189.8861
8397,-192.20265
8398,-194.28545
8399,-195.75752
8400,-196.24193
8401,-195.36139
8402,-192.73822
8403,-187.99431
8404,-187.81572
8405,-180.37816
8406,-179.22842
8407,-179.1854
8408,-179.97978
8409,-181.34256
8410,-183.00479
8411,-184.69768
8412,-186.15251
8413,-187.10054
8414,-187.31203
8415,-186.78374
8416,-185.81984
8417,-184.73703
8418,-183.83743
8419,-183.38501
8420,-183.42143
8421,-183.68706
8422,-183.91023
8423,-183.83365
8424,-183.23538
8425,-182.09984
8426,-180.69098
8427,-179.28416
8428,-178.14146
8429,-177.49782
8430,-177.4307
8431,-177.8041
8432,-178.47351
8433,-179.3047
8434,-180.16344
8435,-180.91573
8436,-181.42793
8437,-181.56644
8438,-181.1975
8439,-180.22517
8440,-178.77318
8441,-177.26297
8442,-176.128
8443,-175.78769
8444,-176.60475
8445,-178.61403
8446,-181.40643
8447,-184.5555
8448,-187.65604
8449,-190.30305
8450,-192.09154
8451,-192.61621
8452,-191.47151
8453,-188.25128
8454,-183.71794
8455,-180.10469
8456,-177.62434
8457,-175.9972
8458,-175.09491
8459,-174.7892
8460,-174.95192
8461,-175.45486
8462,-176.17
8463,-176.96925
8464,-177.72432
8465,-178.3051
8466,-178.57925
8467,-178.41426
8468,-177.67773
8469,-176.27104
8470,-174.29207
8471,-172.10526
8472,-170.08586
8473,-168.59631
8474,-167.95377
8475,-168.2116
8476,-169.06609
8477,-170.19962
8478,-171.31154
8479,-172.13937
8480,-172.64062
8481,-173.07126
8482,-173.69882
8483,-174.77678
8484,-176.51701
8485,-178.89053
8486,-181.54211
8487,-184.10376
8488,-186.22307
8489,-187.58765
8490,-188.11737
8491,-188.04707
8492,-187.62431
8493,-187.08179
8494,-186.63126
8495,-186.36272
8496,-186.20091
8497,-186.06396
8498,-185.87775
8499,-185.56828
8500,-185.06142
8501,-184.28313
8502,-183.15929
8503,-181.61581
8504,-179.57986
8505,-177.56758
8506,-176.55115
8507,-176.18214
8508,-176.33937
8509,-176.90172
8510,-177.74812
8511,-178.75755
8512,-179.809
8513,-180.78143
8514,-181.56473
8515,-182.1121
8516,-182.46248
8517,-182.65814
8518,-182.73737
8519,-182.7378
8520,-182.69304
8521,-182.63142
8522,-182.58112
8523,-182.57043
8524,-182.62897
8525,-182.79286
8526,-183.1075
8527,-183.61859
8528,-184.37134
8529,-185.39775
8530,-186.65257
8531,-187.986
8532,-189.244
8533,-190.2776
8534,-190.96869
8535,-191.37868
8536,-191.81247
8537,-192.58484
8538,-193.99901
8539,-196.30046
8540,-199.40018
8541,-202.75586
8542,-205.80714
8543,-208.01521
8544,-208.89871
8545,-208.31157
8546,-206.56265
8547,-203.98009
8548,-200.87091
8549,-197.5424
8550,-194.302
8551,-191.45708
8552,-189.31503
8553,-188.18309
8554,-187.13062
8555,-184.70609
8556,-182.47592
8557,-180.33025
8558,-178.3718
8559,-176.70335
8560,-175.42766
8561,-174.64735
8562,-174.46521
8563,-174.98378
8564,-176.26859
8565,-178.16933
8566,-180.24342
8567,-182.03699
8568,-183.11005
8569,-183.0766
8570,-181.8653
8571,-179.83131
8572,-177.34721
8573,-174.76537
8574,-172.41235
8575,-170.4631
8576,-168.88718
8577,-167.64592
8578,-166.7105
8579,-166.04521
8580,-165.57463
8581,-165.16966
8582,-164.69893
8583,-164.03378
8584,-163.07411
8585,-161.88617
8586,-160.76164
8587,-160.001
8588,-159.89398
8589,-160.68207
8590,-162.32643
8591,-164.40909
8592,-166.49733
8593,-168.17679
8594,-169.07742
8595,-169.08725
8596,-168.44408
8597,-167.39926
8598,-166.1878
8599,-165.04457
8600,-164.20451
8601,-163.90259
8602,-164.37364
8603,-165.8525
8604,-170.33699
8605,-182.81374
8606,-181.6722
8607,-183.58206
8608,-183.89935
8609,-182.98045
8610,-181.18216
8611,-178.86165
8612,-176.3763
8613,-174.08356
8614,-172.30424
8615,-171.14565
8616,-170.42583
8617,-169.95131
8618,-169.54251
8619,-169.0522
8620,-168.52162
8621,-168.24718
8622,-168.53534
8623,-169.6803
8624,-171.91351
8625,-175.1023
8626,-178.621
8627,-181.82498
8628,-184.09329
8629,-184.8835
8630,-184.10982
8631,-182.30617
8632,-180.03159
8633,-177.81612
8634,-176.13496
8635,-175.14401
8636,-174.56627
8637,-174.10753
8638,-173.4942
8639,-172.4997
8640,-171.17038
8641,-169.92241
8642,-169.18675
8643,-169.37659
8644,-170.84486
8645,-173.59444
8646,-177.15457
8647,-181.03615
8648,-184.77293
8649,-187.89886
8650,-189.94772
8651,-190.45312
8652,-188.94812
8653,-184.96504
8654,-180.5215
8655,-179.16711
8656,-178.71404
8657,-179.16377
8658,-180.29616
8659,-181.89119
8660,-183.72894
8661,-185.58957
8662,-187.25323
8663,-188.50018
8664,-189.13794
8665,-189.1332
8666,-188.66838
8667,-187.9347
8668,-187.1132
8669,-186.37274
8670,-185.81116
8671,-185.42995
8672,-185.2268
8673,-185.20386
8674,-185.35608
8675,-185.63614
8676,-185.9395
8677,-186.1593
8678,-186.1915
8679,-185.94478
8680,-185.40298
8681,-184.65161
8682,-183.78024
8683,-182.87372
8684,-182.02136
8685,-181.33908
8686,-180.97874
8687,-181.09366
8688,-181.83533
8689,-183.32231
8690,-185.48233
8691,-187.98427
8692,-190.48694
8693,-192.66153
8694,-194.21294
8695,-195.04225
8696,-195.31665
8697,-195.21404
8698,-194.89983
8699,-194.53947
8700,-194.29848
8701,-194.3423
8702,-194.83644
8703,-195.94632
8704,-198.5771
8705,-202.22725
8706,-203.2107
8707,-202.62381
8708,-200.79002
8709,-198.03334
8710,-194.67805
8711,-191.04881
8712,-187.47032
8713,-184.26741
8714,-181.73134
8715,-179.95892
8716,-178.78333
8717,-178.02718
8718,-177.52562
8719,-177.13062
8720,-176.79158
8721,-176.58983
8722,-176.61198
8723,-176.93839
8724,-177.6345
8725,-178.67976
8726,-179.93695
8727,-181.26428
8728,-182.5255
8729,-183.58028
8730,-184.26407
8731,-184.37967
8732,-183.72847
8733,-182.11336
8734,-179.39566
8735,-175.7777
8736,-171.92424
8737,-168.51898
8738,-166.22354
8739,-165.60825
8740,-166.71368
8741,-168.86357
8742,-171.35391
8743,-173.51521
8744,-174.74467
8745,-174.82585
8746,-174.0657
8747,-172.79202
8748,-171.3077
8749,-169.91583
8750,-168.91948
8751,-168.62167
8752,-169.32538
8753,-171.33334
8754,-172.29337
8755,-169.90746
8756,-169.2889
8757,-169.37184
8758,-169.9918
8759,-170.9843
8760,-172.18501
8761,-173.42953
8762,-174.55362
8763,-175.39291
8764,-175.8057
8765,-175.78172
8766,-175.48883
8767,-175.10191
8768,-174.78754
8769,-174.68983
8770,-174.82341
8771,-175.0273
8772,-175.13364
8773,-174.98285
8774,-174.42899
8775,-173.40506
8776,-171.95119
8777,-170.11166
8778,-167.92581
8779,-165.45464
8780,-162.88553
8781,-160.57707
8782,-158.89462
8783,-158.1953
8784,-158.78226
8785,-160.64597
8786,-163.35359
8787,-166.45612
8788,-169.52493
8789,-172.17531
8790,-174.2765
8791,-176.04184
8792,-177.69821
8793,-179.4559
8794,-181.49942
8795,-183.862
8796,-186.37227
8797,-188.85078
8798,-191.12784
8799,-193.0337
8800,-194.39871
8801,-195.05302
8802,-194.82677
8803,-193.54987
8804,-190.52652
8805,-185.84447
8806,-181.82892
8807,-178.14087
8808,-174.85573
8809,-172.04865
8810,-169.79488
8811,-168.16963
8812,-167.24806
8813,-167.1053
8814,-167.78508
8815,-169.14825
8816,-170.80824
8817,-172.3689
8818,-173.4459
8819,-173.70279
8820,-173.08089
8821,-171.89813
8822,-170.48743
8823,-169.16391
8824,-168.21869
8825,-167.80388
8826,-167.88287
8827,-168.41173
8828,-169.35555
8829,-170.66592
8830,-172.21672
8831,-173.7764
8832,-175.10933
8833,-175.9849
8834,-176.20245
8835,-175.73613
8836,-174.79675
8837,-173.60457
8838,-172.36871
8839,-171.28563
8840,-170.47836
8841,-169.97023
8842,-169.78079
8843,-169.93419
8844,-170.43982
8845,-171.22118
8846,-172.08548
8847,-172.8352
8848,-173.27861
8849,-173.22372
8850,-172.47868
8851,-170.85144
8852,-168.14989
8853,-164.18187
8854,-161.78918
8855,-163.9966
8856,-165.39961
8857,-166.84273
8858,-168.28828
8859,-169.6988
8860,-171.0367
8861,-172.26443
8862,-173.34445
8863,-174.23923
8864,-174.9107
8865,-175.31822
8866,-175.41748
8867,-175.164
8868,-174.5135
8869,-173.44423
8870,-172.06516
8871,-170.66267
8872,-169.53024
8873,-168.9528
8874,-169.16417
8875,-170.10088
8876,-171.29704
8877,-172.2711
8878,-172.56064
8879,-171.7688
8880,-169.8798
8881,-167.3944
8882,-164.83406
8883,-162.6958
8884,-161.41068
8885,-161.02682
8886,-161.07388
8887,-161.06125
8888,-160.52315
8889,-159.0635
8890,-156.6915
8891,-153.9653
8892,-151.46465
8893,-149.74307
8894,-149.2969
8895,-150.29048
8896,-152.4387
8897,-155.43932
8898,-159.0116
8899,-162.87502
8900,-166.74905
8901,-170.35336
8902,-173.40755
8903,-175.63124
8904,-177.62407
8905,-180.14294
8906,-181.71568
8907,-182.6884
8908,-183.14255
8909,-183.15945
8910,-182.82057
8911,-182.2074
8912,-181.40137
8913,-180.48402
8914,-179.53813
8915,-178.65414
8916,-177.93275
8917,-177.475
8918,-177.38155
8919,-177.73857
8920,-178.54941
8921,-179.70485
8922,-181.0912
8923,-182.60017
8924,-184.11954
8925,-185.5135
8926,-186.61473
8927,-187.25446
8928,-187.26543
8929,-186.50925
8930,-185.01572
8931,-183.0428
8932,-180.85779
8933,-178.71724
8934,-176.85733
8935,-175.39558
8936,-174.28877
8937,-173.48718
8938,-172.94876
8939,-172.6297
8940,-172.47597
8941,-172.4197
8942,-172.39238
8943,-172.32626
8944,-172.16318
8945,-171.90071
8946,-171.61212
8947,-171.37366
8948,-171.25787
8949,-171.33746
8950,-171.685
8951,-172.3731
8952,-173.47432
8953,-175.06123
8954,-176.05515
8955,-175.45195
8956,-175.52681
8957,-175.80702
8958,-176.22072
8959,-176.696
8960,-177.161
8961,-177.54395
8962,-177.7729
8963,-177.77605
8964,-177.49669
8965,-176.96669
8966,-176.33769
8967,-175.76619
8968,-175.40295
8969,-175.37679
8970,-175.68884
8971,-176.1673
8972,-176.63356
8973,-176.9172
8974,-176.87111
8975,-176.48325
8976,-175.92462
8977,-175.37364
8978,-174.99998
8979,-174.95824
8980,-175.31587
8981,-176.02214
8982,-177.02156
8983,-178.26436
8984,-179.69939
8985,-181.26765
8986,-182.89952
8987,-184.52489
8988,-186.07425
8989,-187.484
8990,-188.72531
8991,-189.81625
8992,-190.77693
8993,-191.62505
8994,-192.37003
8995,-192.97183
8996,-193.32368
8997,-193.31602
8998,-192.84247
8999,-191.79662
9000,-190.07191
9001,-187.56187
9002,-184.15994
9003,-179.75941
9004,-176.19353
9005,-175.71495
9006,-175.37091
9007,-175.43605
9008,-175.75826
9009,-176.1854
9010,-176.56543
9011,-176.74628
9012,-176.5758
9013,-175.90198
9014,-174.61252
9015,-172.82748
9016,-170.98166
9017,-169.52243
9018,-168.88216
9019,-169.41696
9020,-171.04053
9021,-173.06741
9022,-174.78891
9023,-175.52509
9024,-174.68413
9025,-172.18777
9026,-168.65411
9027,-164.7294
9028,-161.02718
9029,-158.11963
9030,-156.33891
9031,-155.69211
9032,-156.17354
9033,-157.79308
9034,-160.52736
9035,-164.16068
9036,-168.21684
9037,-172.20982
9038,-175.66618
9039,-178.15768
9040,-179.51822
9041,-179.93675
9042,-179.61632
9043,-178.74313
9044,-177.50163
9045,-176.0654
9046,-174.59328
9047,-173.24348
9048,-172.17499
9049,-171.5467
9050,-171.51755
9051,-172.24632
9052,-173.8918
9053,-176.61266
9054,-178.00897
9055,-175.96176
9056,-175.7117
9057,-176.10167
9058,-176.9162
9059,-177.93996
9060,-178.95763
9061,-179.75401
9062,-180.1138
9063,-179.82167
9064,-178.70721
9065,-176.86131
9066,-174.72928
9067,-172.77074
9068,-171.42845
9069,-171.0807
9070,-171.73082
9071,-172.87445
9072,-173.98743
9073,-174.56982
9074,-174.19298
9075,-172.84244
9076,-171.06503
9077,-169.43016
9078,-168.4805
9079,-168.69734
9080,-170.20537
9081,-172.64627
9082,-175.64314
9083,-178.8421
9084,-181.92084
9085,-184.73897
9086,-187.40244
9087,-190.02686
9088,-192.71617
9089,-195.54666
9090,-198.43384
9091,-201.07547
9092,-203.1606
9093,-204.38834
9094,-204.5074
9095,-203.55476
9096,-201.95856
9097,-200.16364
9098,-198.59653
9099,-197.68382
9100,-197.85197
9101,-199.5271
9102,-203.13484
9103,-214.10002
9104,-213.13675
9105,-210.53151
9106,-209.41695
9107,-208.35344
9108,-207.24281
9109,-205.9868
9110,-204.48715
9111,-202.64557
9112,-200.3638
9113,-197.54353
9114,-194.15132
9115,-190.5315
9116,-187.54097
9117,-186.05774
9118,-186.93504
9119,-190.85587
9120,-202.52022
9121,-210.29926
9122,-217.51361
9123,-222.54854
9124,-218.98106
9125,-216.50716
9126,-211.34424
9127,-209.77722
9128,-203.02266
9129,-197.19673
9130,-187.82434
9131,-184.6279
9132,-182.29611
9133,-180.55592
9134,-179.15565
9135,-177.96742
9136,-177.03078
9137,-176.392
9138,-176.0895
9139,-176.14732
9140,-176.50703
9141,-176.99814
9142,-177.44579
9143,-177.68047
9144,-177.56602
9145,-177.16061
9146,-176.78555
9147,-176.7727
9148,-177.44133
9149,-179.11064
9150,-182.0996
9151,-186.72684
9152,-198.3106
9153,-207.1683
9154,-205.76842
9155,-202.32248
9156,-192.80359
9157,-189.3466
9158,-186.8036
9159,-185.02682
9160,-183.86867
9161,-183.18166
9162,-182.8184
9163,-182.63156
9164,-182.48729
9165,-182.33025
9166,-182.21123
9167,-182.18544
9168,-182.30293
9169,-182.60469
9170,-183.07883
9171,-183.64189
9172,-184.20741
9173,-184.69244
9174,-185.02008
9175,-185.1484
9176,-185.08301
9177,-184.83134
9178,-184.39865
9179,-183.79587
9180,-183.0667
9181,-182.29948
9182,-181.58429
9183,-181.00917
9184,-180.64847
9185,-180.4977
9186,-180.44534
9187,-180.3756
9188,-180.17776
9189,-179.75778
9190,-179.11821
9191,-178.39258
9192,-177.71964
9193,-177.232
9194,-177.0488
9195,-177.21147
9196,-177.6562
9197,-178.31493
9198,-179.1246
9199,-180.02226
9200,-180.94487
9201,-181.82942
9202,-182.61293
9203,-183.23239
9204,-183.96925
9205,-184.57072
9206,-183.54195
9207,-181.61072
9208,-179.13577
9209,-176.476
9210,-173.99051
9211,-172.03838
9212,-170.9786
9213,-171.16998
9214,-172.906
9215,-176.10179
9216,-180.16039
9217,-184.46504
9218,-188.4239
9219,-191.50305
9220,-193.50458
9221,-194.6858
9222,-195.32237
9223,-195.66847
9224,-195.95087
9225,-196.23636
9226,-196.3748
9227,-196.20721
9228,-195.58481
9229,-194.39091
9230,-192.69572
9231,-190.82294
9232,-189.10672
9233,-187.86932
9234,-187.38586
9235,-187.65813
9236,-188.31729
9237,-188.97983
9238,-189.27972
9239,-188.89935
9240,-187.80214
9241,-186.33257
9242,-184.85078
9243,-183.69887
9244,-183.1859
9245,-183.42899
9246,-184.28503
9247,-185.60056
9248,-187.23448
9249,-189.04578
9250,-190.89346
9251,-192.63655
9252,-194.13408
9253,-195.24507
9254,-194.10269
9255,-190.26935
9256,-189.26855
9257,-189.56367
9258,-190.71915
9259,-192.29991
9260,-193.87108
9261,-194.99805
9262,-195.24602
9263,-194.18002
9264,-191.45148
9265,-187.21585
9266,-182.31306
9267,-177.61192
9268,-173.94917
9269,-172.0496
9270,-171.98997
9271,-172.96945
9272,-174.15286
9273,-174.74721
9274,-174.05838
9275,-171.96619
9276,-169.12839
9277,-166.2341
9278,-163.93561
9279,-162.80568
9280,-162.95526
9281,-163.87009
9282,-165.0115
9283,-165.87096
9284,-166.00113
9285,-165.3104
9286,-164.18893
9287,-163.04602
9288,-162.26787
9289,-162.20651
9290,-163.01485
9291,-164.5761
9292,-166.76308
9293,-169.46147
9294,-172.54851
9295,-175.8519
9296,-179.13243
9297,-182.14828
9298,-184.66083
9299,-186.43143
9300,-187.22133
9301,-186.79153
9302,-184.90294
9303,-181.31606
9304,-179.18108
9305,-181.6154
9306,-182.23343
9307,-182.34639
9308,-182.15346
9309,-181.85388
9310,-181.64693
9311,-181.73196
9312,-182.30826
9313,-183.57501
9314,-185.68893
9315,-188.56018
9316,-191.76503
9317,-194.86656
9318,-197.44388
9319,-199.11575
9320,-199.73184
9321,-199.4549
9322,-198.46043
9323,-196.90935
9324,-194.95363
9325,-192.69315
9326,-190.1569
9327,-187.3711
9328,-184.36517
9329,-181.19217
9330,-178.04225
9331,-175.29147
9332,-173.32336
9333,-172.51245
9334,-173.16975
9335,-175.2383
9336,-178.16286
9337,-181.36893
9338,-184.30608
9339,-186.47966
9340,-187.71848
9341,-188.28954
9342,-188.47742
9343,-188.54608
9344,-188.73715
9345,-189.1623
9346,-189.7572
9347,-190.45035
9348,-191.17862
9349,-191.87886
9350,-192.48795
9351,-192.94273
9352,-193.18011
9353,-193.13689
9354,-193.27927
9355,-193.65143
9356,-192.58687
9357,-190.73366
9358,-188.36984
9359,-185.77377
9360,-183.22386
9361,-180.99855
9362,-179.37614
9363,-178.63498
9364,-179.0017
9365,-180.4033
9366,-182.3612
9367,-184.3809
9368,-185.9873
9369,-186.75737
9370,-186.57077
9371,-185.71715
9372,-184.5029
9373,-183.21501
9374,-182.12743
9375,-181.43791
9376,-181.24078
9377,-181.62616
9378,-182.68898
9379,-184.49171
9380,-186.90723
9381,-189.55206
9382,-192.03256
9383,-193.96738
9384,-195.01714
9385,-195.08704
9386,-194.41382
9387,-193.24786
9388,-191.82397
9389,-190.36725
9390,-189.04605
9391,-187.95146
9392,-187.17157
9393,-186.79793
9394,-186.89949
9395,-187.41318
9396,-188.09715
9397,-188.70233
9398,-188.98819
9399,-188.71417
9400,-187.63965
9401,-185.52382
9402,-182.12578
9403,-177.20433
9404,-175.69812
9405,-169.6167
9406,-162.00531
9407,-161.51726
9408,-162.57834
9409,-164.61525
9410,-167.05508
9411,-169.32527
9412,-170.85335
9413,-171.06679
9414,-169.50333
9415,-166.34369
9416,-162.6405
9417,-159.48157
9418,-157.91315
9419,-158.83743
9420,-162.32225
9421,-167.30612
9422,-177.6848
9423,-177.40889
9424,-180.53978
9425,-181.78026
9426,-181.70198
9427,-180.91116
9428,-179.97311
9429,-179.40779
9430,-179.47025
9431,-180.0563
9432,-181.04744
9433,-182.34227
9434,-183.83434
9435,-185.38763
9436,-186.82617
9437,-187.9723
9438,-188.6503
9439,-188.7245
9440,-188.29228
9441,-187.76695
9442,-187.57478
9443,-188.12698
9444,-189.76944
9445,-192.46896
9446,-195.67906
9447,-198.8328
9448,-201.38785
9449,-202.80182
9450,-202.5319
9451,-200.03464
9452,-194.76552
9453,-191.17903
9454,-184.91608
9455,-182.65865
9456,-184.4256
9457,-186.53053
9458,-188.74385
9459,-190.83606
9460,-192.57773
9461,-193.73932
9462,-194.09126
9463,-193.40381
9464,-191.50507
9465,-188.56032
9466,-185.19243
9467,-182.04338
9468,-179.7337
9469,-178.80772
9470,-179.3686
9471,-180.92178
9472,-182.9492
9473,-184.9615
9474,-186.51613
9475,-187.44202
9476,-187.93567
9477,-188.20853
9478,-188.45453
9479,-188.84079
9480,-189.37872
9481,-189.86848
9482,-190.10178
9483,-189.88026
9484,-189.02936
9485,-187.51321
9486,-185.48387
9487,-183.10118
9488,-180.51608
9489,-177.88303
9490,-175.37602
9491,-173.1958
9492,-171.54419
9493,-170.62155
9494,-170.59496
9495,-171.438
9496,-172.86221
9497,-174.56882
9498,-176.27174
9499,-177.68494
9500,-178.52231
9501,-178.49774
9502,-177.32487
9503,-174.71725
9504,-172.41864
9505,-172.49286
9506,-171.6642
9507,-170.66386
9508,-169.65475
9509,-168.79976
9510,-168.2618
9511,-168.20378
9512,-168.78854
9513,-170.17888
9514,-172.48534
9515,-175.51501
9516,-178.6644
9517,-181.31409
9518,-182.86426
9519,-182.8022
9520,-181.1223
9521,-178.50696
9522,-175.66672
9523,-173.27972
9524,-171.97937
9525,-172.13759
9526,-173.77248
9527,-176.88795
9528,-181.50471
9529,-192.57426
9530,-199.64749
9531,-206.73311
9532,-212.81937
9533,-211.92041
9534,-213.18704
9535,-211.56967
9536,-208.10521
9537,-203.87814
9538,-199.92342
9539,-197.17065
9540,-195.93372
9541,-195.6913
9542,-195.88766
9543,-196.00687
9544,-195.58096
9545,-194.42076
9546,-192.71468
9547,-190.66692
9548,-188.46373
9549,-186.29156
9550,-184.33672
9551,-182.78561
9552,-181.82455
9553,-181.63976
9554,-182.05646
9555,-182.26978
9556,-181.9644
9557,-181.37865
9558,-180.63458
9559,-179.85435
9560,-179.16002
9561,-178.67377
9562,-178.51772
9563,-178.8139
9564,-179.65247
9565,-180.93732
9566,-182.32037
9567,-183.44371
9568,-183.96124
9569,-183.5726
9570,-182.24327
9571,-180.29918
9572,-178.08092
9573,-175.91206
9574,-174.0847
9575,-172.70683
9576,-171.63733
9577,-170.72505
9578,-169.83078
9579,-168.83723
9580,-167.75497
9581,-166.76755
9582,-166.06544
9583,-165.8308
9584,-166.22752
9585,-167.31401
9586,-169.00557
9587,-171.21185
9588,-173.84953
9589,-176.81451
9590,-179.88228
9591,-182.66544
9592,-184.77017
9593,-185.81038
9594,-185.45583
9595,-183.70236
9596,-180.98822
9597,-177.76985
9598,-174.48302
9599,-171.56352
9600,-169.44722
9601,-168.56969
9602,-169.36629
9603,-172.27194
9604,-174.61655
9605,-173.09926
9606,-172.58466
9607,-172.34818
9608,-172.43437
9609,-172.88785
9610,-173.75311
9611,-175.07474
9612,-176.89723
9613,-179.26515
9614,-182.19423
9615,-185.53377
9616,-188.9073
9617,-191.92967
9618,-194.2265
9619,-195.47319
9620,-195.63574
9621,-195.07423
9622,-194.16487
9623,-193.26555
9624,-192.68994
9625,-192.49464
9626,-192.38766
9627,-192.06287
9628,-191.23051
9629,-189.66
9630,-187.46454
9631,-185.22375
9632,-183.53644
9633,-182.97925
9634,-184.03456
9635,-186.6379
9636,-189.98459
9637,-193.24098
9638,-195.60907
9639,-196.39238
9640,-195.48607
9641,-193.58763
9642,-191.4281
9643,-189.7009
9644,-189.02438
9645,-189.57951
9646,-190.9545
9647,-192.71371
9648,-194.4499
9649,-195.75586
9650,-196.22432
9651,-195.44783
9652,-193.01863
9653,-188.52835
9654,-186.18452
9655,-190.34673
9656,-192.54625
9657,-194.28362
9658,-195.63757
9659,-196.68687
9660,-197.51028
9661,-198.18661
9662,-198.79465
9663,-199.41322
9664,-200.10783
9665,-200.86641
9666,-201.57184
9667,-202.10262
9668,-202.34221
9669,-202.18282
9670,-201.56732
9671,-200.50742
9672,-199.01756
9673,-197.10909
9674,-194.80742
9675,-192.22073
9676,-189.56914
9677,-187.07747
9678,-184.96529
9679,-183.43274
9680,-182.56778
9681,-182.30617
9682,-182.57756
9683,-183.31888
9684,-184.47072
9685,-185.99557
9686,-187.8853
9687,-190.13303
9688,-192.73041
9689,-195.64539
9690,-198.70776
9691,-201.56027
9692,-203.8381
9693,-205.18523
9694,-205.29074
9695,-204.10707
9696,-201.94426
9697,-199.12737
9698,-195.96494
9699,-192.76576
9700,-189.83858
9701,-187.49214
9702,-186.03513
9703,-185.77594
9704,-186.93474
9705,-190.41289
9706,-202.37395
9707,-211.32082
9708,-221.2424
9709,-231.1298
9710,-239.97528
9711,-246.7711
9712,-245.50832
9713,-245.17502
9714,-239.96857
9715,-235.32439
9716,-223.3696
9717,-211.31589
9718,-201.30038
9719,-195.20638
9720,-188.44937
9721,-189.45866
9722,-191.58395
9723,-193.27179
9724,-193.1331
9725,-190.72824
9726,-186.90498
9727,-182.56479
9728,-178.54884
9729,-175.61786
9730,-174.06326
9731,-173.54073
9732,-173.68045
9733,-174.14311
9734,-174.62213
9735,-175.00053
9736,-175.418
9737,-176.02441
9738,-176.95738
9739,-178.32298
9740,-180.04376
9741,-181.7938
9742,-183.23741
9743,-184.05066
9744,-183.95747
9745,-182.95963
9746,-181.43588
9747,-179.7803
9748,-178.36922
9749,-177.57892
9750,-177.78558
9751,-179.36522
9752,-182.69345
9753,-188.14542
9754,-189.46803
9755,-186.57938
9756,-178.8498
9757,-178.14308
9758,-178.91206
9759,-180.61038
9760,-182.69235
9761,-184.61258
9762,-185.82578
9763,-185.78656
9764,-184.045
9765,-180.70764
9766,-176.6365
9767,-172.7248
9768,-169.83012
9769,-168.70995
9770,-169.54037
9771,-171.7107
9772,-174.57962
9773,-177.5437
9774,-180.04895
9775,-181.82625
9776,-182.99263
9777,-183.68024
9778,-184.0029
9779,-184.07246
9780,-183.9889
9781,-183.8362
9782,-183.69768
9783,-183.65742
9784,-183.7801
9785,-184.01779
9786,-184.16982
9787,-184.02942
9788,-183.39706
9789,-182.10661
9790,-180.18675
9791,-177.93018
9792,-175.64032
9793,-173.60818
9794,-172.09213
9795,-171.1614
9796,-170.62897
9797,-170.2976
9798,-169.98238
9799,-169.49832
9800,-168.6605
9801,-167.28398
9802,-165.18373
9803,-162.17467
9804,-158.52211
9805,-155.8483
9806,-155.508
9807,-156.69952
9808,-159.02676
9809,-162.09377
9810,-165.5049
9811,-168.8646
9812,-171.7775
9813,-173.84813
9814,-174.74718
9815,-174.5294
9816,-173.77031
9817,-173.06624
9818,-172.98886
9819,-174.04025
9820,-176.31795
9821,-179.37201
9822,-182.731
9823,-185.94994
9824,-188.6035
9825,-190.38043
9826,-191.12387
9827,-190.68292
9828,-188.89922
9829,-185.68578
9830,-181.37148
9831,-176.84967
9832,-173.03714
9833,-170.8239
9834,-170.96315
9835,-173.41663
9836,-177.07513
9837,-180.78821
9838,-183.45734
9839,-184.12808
9840,-182.68434
9841,-180.14667
9842,-177.58223
9843,-176.00471
9844,-176.31133
9845,-178.72304
9846,-182.54507
9847,-187.04707
9848,-191.54279
9849,-195.34642
9850,-197.77213
9851,-198.13359
9852,-195.74333
9853,-194.91249
9854,-185.817
9855,-189.36032
9856,-190.6328
9857,-191.33926
9858,-191.55472
9859,-191.35428
9860,-190.81299
9861,-190.00598
9862,-189.00839
9863,-187.89539
9864,-186.73532
9865,-185.55678
9866,-184.3344
9867,-183.04077
9868,-181.65092
9869,-180.1486
9870,-178.56819
9871,-177.0125
9872,-175.58716
9873,-174.39456
9874,-173.52362
9875,-172.9854
9876,-172.68535
9877,-172.52487
9878,-172.41026
9879,-172.25972
9880,-172.05972
9881,-171.88959
9882,-171.83226
9883,-171.96616
9884,-172.35957
9885,-173.0209
9886,-173.87752
9887,-174.85373
9888,-175.87762
9889,-176.87842
9890,-177.79178
9891,-178.56223
9892,-179.13448
9893,-179.4529
9894,-179.47427
9895,-179.22766
9896,-178.84001
9897,-178.4422
9898,-178.16048
9899,-178.12103
9900,-178.45013
9901,-179.27391
9902,-180.71858
9903,-182.91019
9904,-185.22516
9905,-185.93213
9906,-184.66425
9907,-182.10136
9908,-178.68835
9909,-174.87042
9910,-171.09317
9911,-167.80212
9912,-165.44276
9913,-164.46039
9914,-165.21281
9915,-167.55165
9916,-170.64323
9917,-173.62769
9918,-175.67816
9919,-176.08745
9920,-174.84386
9921,-172.87862
9922,-171.16092
9923,-170.61537
9924,-172.03592
9925,-175.45818
9926,-179.89166
9927,-184.30638
9928,-187.72197
9929,-189.26245
9930,-188.65875
9931,-186.46466
9932,-183.26761
9933,-179.6167
9934,-176.0311
9935,-172.85387
9936,-170.1891
9937,-168.1312
9938,-166.78589
9939,-166.24107
9940,-166.48134
9941,-167.35152
9942,-168.69089
9943,-170.34552
9944,-172.17119
9945,-174.07947
9946,-176.05783
9947,-178.09656
9948,-180.18246
9949,-182.30223
9950,-184.44263
9951,-186.5904
9952,-188.73233
9953,-190.85509
9954,-190.93393
9955,-187.65404
9956,-185.96977
9957,-184.88364
9958,-184.28807
9959,-184.0755
9960,-184.13846
9961,-184.36945
9962,-184.66107
9963,-184.9059
9964,-185.01031
9965,-184.96089
9966,-184.85295
9967,-184.7862
9968,-184.85516
9969,-185.13684
9970,-185.60643
9971,-186.10104
9972,-186.45222
9973,-186.49821
9974,-186.08795
9975,-185.13376
9976,-183.6338
9977,-181.58965
9978,-178.99883
9979,-175.89297
9980,-172.5015
9981,-169.32227
9982,-166.8639
9983,-165.62207
9984,-166.0067
9985,-167.93048
9986,-170.63301
9987,-173.32805
9988,-175.26187
9989,-175.7808
9990,-174.81401
9991,-173.0802
9992,-171.32985
9993,-170.2762
9994,-170.5454
9995,-172.25826
9996,-174.85146
9997,-177.7351
9998,-180.35211
9999,-182.14552
10000,-182.5583
10001,-181.03285
10002,-177.01094
10003,-174.93347
10004,-169.52675
10005,-166.57663
10006,-167.84311
10007,-169.47807
10008,-171.35089
10009,-173.33105
10010,-175.28806
10011,-177.09135
10012,-178.61041
10013,-179.71478
10014,-180.28722
10015,-180.28845
10016,-179.78458
10017,-178.84605
10018,-177.53822
10019,-175.93672
10020,-174.17682
10021,-172.47438
10022,-171.04855
10023,-170.11467
10024,-169.85414
10025,-170.2521
10026,-171.02765
10027,-171.8895
10028,-172.5591
10029,-172.79312
10030,-172.55283
10031,-172.07654
10032,-171.61365
10033,-171.4004
10034,-171.64267
10035,-172.37083
10036,-173.37715
10037,-174.44469
10038,-175.36784
10039,-175.96269
10040,-176.1716
10041,-176.10797
10042,-175.89197
10043,-175.6356
10044,-175.44266
10045,-175.36842
10046,-175.40273
10047,-175.53264
10048,-175.74855
10049,-176.04063
10050,-176.39923
10051,-176.8146
10052,-177.27704
10053,-177.77681
10054,-176.26326
10055,-171.86879
10056,-170.39323
10057,-170.45601
10058,-171.78185
10059,-174.0958
10060,-177.12318
10061,-180.58939
10062,-184.22008
10063,-187.74089
10064,-190.88472
10065,-193.4257
10066,-195.19386
10067,-196.02138
10068,-195.73761
10069,-194.20805
10070,-191.50945
10071,-188.00508
10072,-184.07039
10073,-180.06746
10074,-176.34204
10075,-173.1442
10076,-170.59433
10077,-168.80746
10078,-167.90483
10079,-167.96823
10080,-168.85092
10081,-170.0967
10082,-171.23747
10083,-171.81984
10084,-171.45761
10085,-170.15462
10086,-168.44347
10087,-166.87785
10088,-165.98639
10089,-166.2236
10090,-167.61436
10091,-169.6016
10092,-171.60574
10093,-173.07518
10094,-173.51813
10095,-172.79059
10096,-171.2198
10097,-169.1519
10098,-166.91068
10099,-164.81993
10100,-163.20361
10101,-162.38551
10102,-162.68932
10103,-164.43857
10104,-165.68637
10105,-164.2782
10106,-164.14963
10107,-164.43486
10108,-164.95961
10109,-165.54959
10110,-166.03056
10111,-166.2283
10112,-165.96855
10113,-165.07698
10114,-163.42862
10115,-161.18535
10116,-158.8977
10117,-157.1316
10118,-156.43443
10119,-157.26282
10120,-159.54791
10121,-162.50954
10122,-165.34021
10123,-167.26692
10124,-167.61852
10125,-166.3173
10126,-164.08983
10127,-161.69452
10128,-159.85173
10129,-159.19888
10130,-159.89114
10131,-161.43074
10132,-163.29463
10133,-164.99124
10134,-166.07951
10135,-166.41203
10136,-166.23888
10137,-165.8258
10138,-165.41957
10139,-165.25128
10140,-165.46074
10141,-166.06407
10142,-167.0725
10143,-168.50319
10144,-170.3627
10145,-172.59619
10146,-175.06546
10147,-177.62918
10148,-180.15004
10149,-182.49063
10150,-184.51366
10151,-186.08173
10152,-187.05745
10153,-187.30338
10154,-187.13817
10155,-187.00131
10156,-186.2407
10157,-185.1207
10158,-183.77104
10159,-182.32172
10160,-180.90263
10161,-179.64362
10162,-178.67464
10163,-178.12556
10164,-178.10039
10165,-178.55287
10166,-179.23318
10167,-179.8835
10168,-180.25569
10169,-180.13815
10170,-179.532
10171,-178.72656
10172,-178.02275
10173,-177.7078
10174,-178.0309
10175,-179.02037
10176,-180.40515
10177,-181.90248
10178,-183.24388
10179,-184.18005
10180,-184.57323
10181,-184.43678
10182,-183.7902
10183,-182.64569
10184,-181.04002
10185,-179.1521
10186,-177.35378
10187,-176.0247
10188,-175.53519
10189,-176.19945
10190,-178.00546
10191,-180.49963
10192,-183.21117
10193,-185.69038
10194,-187.52847
10195,-188.55275
10196,-188.9107
10197,-188.76263
10198,-188.25371
10199,-187.52917
10200,-186.73434
10201,-186.01445
10202,-185.5149
10203,-185.38089
10204,-183.71327
10205,-179.0716
10206,-176.09338
10207,-173.7926
10208,-172.02097
10209,-170.63033
10210,-169.47261
10211,-168.39975
10212,-167.26369
10213,-165.91647
10214,-164.2447
10215,-162.33641
10216,-160.55257
10217,-159.26491
10218,-158.83205
10219,-159.5533
10220,-161.384
10221,-163.81378
10222,-166.31438
10223,-168.37996
10224,-169.56876
10225,-169.81084
10226,-169.54007
10227,-169.21024
10228,-169.25114
10229,-170.04993
10230,-171.74554
10231,-174.14085
10232,-177.02571
10233,-180.20593
10234,-183.48126
10235,-186.6152
10236,-189.32216
10237,-191.31454
10238,-192.30704
10239,-192.0621
10240,-190.62157
10241,-188.4061
10242,-185.85211
10243,-183.37842
10244,-181.3747
10245,-180.06174
10246,-179.43123
10247,-179.46548
10248,-180.15784
10249,-181.50153
10250,-183.4898
10251,-186.11592
10252,-189.37317
10253,-193.25475
10254,-193.11931
10255,-190.93051
10256,-183.01495
10257,-181.94298
10258,-182.34378
10259,-183.84715
10260,-186.08331
10261,-188.68285
10262,-191.27646
10263,-193.49498
10264,-195.00002
10265,-195.63174
10266,-195.47247
10267,-194.6144
10268,-193.13821
10269,-191.15524
10270,-188.95418
10271,-187.06416
10272,-186.02437
10273,-186.36223
10274,-188.49257
10275,-192.17722
10276,-196.29434
10277,-199.68748
10278,-201.24248
10279,-200.01521
10280,-196.05563
10281,-190.76419
10282,-190.5996
10283,-181.95786
10284,-181.0666
10285,-183.17693
10286,-187.2187
10287,-192.06999
10288,-196.67314
10289,-200.08905
10290,-202.06451
10291,-203.27551
10292,-204.43611
10293,-206.21666
10294,-209.19115
10295,-213.37376
10296,-218.0204
10297,-222.35611
10298,-225.64207
10299,-227.13896
10300,-226.10648
10301,-221.80269
10302,-218.48334
10303,-205.40186
10304,-193.99234
10305,-187.34048
10306,-184.6707
10307,-182.64085
10308,-181.23012
10309,-180.41779
10310,-180.18309
10311,-180.5054
10312,-181.36394
10313,-182.73802
10314,-184.57776
10315,-186.66306
10316,-188.54362
10317,-189.7599
10318,-189.8632
10319,-188.48926
10320,-185.76578
10321,-182.48831
10322,-179.4801
10323,-177.53293
10324,-177.32777
10325,-178.90265
10326,-181.42516
10327,-184.02895
10328,-185.88942
10329,-186.288
10330,-185.12155
10331,-183.12152
10332,-181.05365
10333,-179.64424
10334,-179.52863
10335,-180.81294
10336,-182.88663
10337,-185.1108
10338,-186.88107
10339,-187.659
10340,-187.28978
10341,-186.13867
10342,-184.59209
10343,-183.01193
10344,-181.73251
10345,-180.9268
10346,-180.5493
10347,-180.54573
10348,-180.87204
10349,-181.48436
10350,-182.33876
10351,-183.39131
10352,-184.59814
10353,-185.91533
10354,-185.72365
10355,-182.90404
10356,-181.22252
10357,-179.9452
10358,-179.00705
10359,-178.34311
10360,-177.88832
10361,-177.5778
10362,-177.34654
10363,-177.12962
10364,-176.87653
10365,-176.62074
10366,-176.50955
10367,-176.69473
10368,-177.3227
10369,-178.50256
10370,-180.12733
10371,-181.79729
10372,-183.10112
10373,-183.64153
10374,-183.07805
10375,-181.40161
10376,-179.0527
10377,-176.49008
10378,-174.15132
10379,-172.42462
10380,-171.4108
10381,-170.82115
10382,-170.3517
10383,-169.71689
10384,-168.6746
10385,-167.23428
10386,-165.74629
10387,-164.57448
10388,-164.06647
10389,-164.51291
10390,-165.87386
10391,-167.66182
10392,-169.37202
10393,-170.52115
10394,-170.68726
10395,-169.80528
10396,-168.2938
10397,-166.5906
10398,-165.11061
10399,-164.2687
10400,-164.47964
10401,-166.15808
10402,-169.71828
10403,-180.57397
10404,-186.34412
10405,-183.01541
10406,-183.18979
10407,-182.01648
10408,-179.88655
10409,-177.19154
10410,-174.32323
10411,-171.67352
10412,-169.63434
10413,-168.5975
10414,-168.89008
10415,-170.46385
10416,-172.76282
10417,-175.21115
10418,-177.25758
10419,-178.43712
10420,-178.78622
10421,-179.02083
10422,-179.88399
10423,-182.08635
10424,-186.21448
10425,-197.1363
10426,-203.74768
10427,-209.90706
10428,-209.51988
10429,-211.61832
10430,-210.97343
10431,-208.35947
10432,-204.59387
10433,-200.44812
10434,-196.62755
10435,-193.44864
10436,-190.69994
10437,-188.14793
10438,-185.58401
10439,-182.82455
10440,-179.83052
10441,-176.7592
10442,-173.77586
10443,-171.03636
10444,-168.67761
10445,-166.72604
10446,-165.05833
10447,-163.54523
10448,-162.06464
10449,-160.49454
10450,-158.71283
10451,-156.59747
10452,-154.02641
10453,-150.87752
10454,-150.31558
10455,-154.19283
10456,-154.22156
10457,-152.57388
10458,-149.81491
10459,-146.51021
10460,-143.22551
10461,-140.52666
10462,-138.97939
10463,-139.14925
10464,-141.50163
10465,-145.92102
10466,-156.50551
10467,-162.32352
10468,-167.48181
10469,-166.17758
10470,-168.13188
10471,-168.7747
10472,-168.56357
10473,-167.9223
10474,-167.25359
10475,-166.8352
10476,-166.77596
10477,-167.17781
10478,-168.15091
10479,-169.76518
10480,-171.85765
10481,-173.94981
10482,-175.55096
10483,-176.18541
10484,-175.45268
10485,-173.39058
10486,-170.63104
10487,-167.83012
10488,-165.61575
10489,-164.5526
10490,-164.83737
10491,-166.16887
10492,-168.22635
10493,-170.71303
10494,-173.34799
10495,-175.94167
10496,-178.42802
10497,-180.74599
10498,-182.82852
10499,-184.60855
10500,-186.01906
10501,-186.99298
10502,-187.46321
10503,-187.3626
10504,-188.03299
10505,-190.61719
10506,-192.12413
10507,-193.10083
10508,-193.57687
10509,-193.58194
10510,-193.14561
10511,-192.29756
10512,-191.06746
10513,-189.48497
10514,-187.59488
10515,-185.5297
10516,-183.54099
10517,-181.88513
10518,-180.81284
10519,-180.52898
10520,-180.97214
10521,-181.72015
10522,-182.33653
10523,-182.40213
10524,-181.55809
10525,-179.79741
10526,-177.59007
10527,-175.42546
10528,-173.77031
10529,-173.03592
10530,-173.31097
10531,-174.24736
10532,-175.47972
10533,-176.66362
10534,-177.49496
10535,-177.90297
10536,-178.13332
10537,-178.4441
10538,-179.07852
10539,-180.23804
10540,-181.88246
10541,-183.64413
10542,-185.14243
10543,-186.01234
10544,-185.93913
10545,-184.90047
10546,-183.27069
10547,-181.44034
10548,-179.78117
10549,-178.66508
10550,-178.46382
10551,-179.549
10552,-182.29181
10553,-187.06314
10554,-190.05978
10555,-187.19496
10556,-185.8922
10557,-184.96736
10558,-184.44939
10559,-184.36714
10560,-184.74956
10561,-185.62556
10562,-187.02403
10563,-188.97388
10564,-191.47949
10565,-194.40361
10566,-197.41704
10567,-200.18286
10568,-202.37335
10569,-203.69467
10570,-204.05046
10571,-203.61229
10572,-202.56284
10573,-201.07228
10574,-199.30734
10575,-197.41449
10576,-195.5126
10577,-193.71936
10578,-192.1538
10579,-190.93582
10580,-190.19092
10581,-190.05199
10582,-190.65215
10583,-192.12411
10584,-194.55313
10585,-197.74876
10586,-201.14749
10587,-204.17082
10588,-206.25816
10589,-206.91818
10590,-206.06374
10591,-204.15631
10592,-201.6807
10593,-199.0963
10594,-196.81985
10595,-195.01971
10596,-193.52702
10597,-192.15892
10598,-190.74849
10599,-189.12888
10600,-187.13315
10601,-184.59444
10602,-181.34567
10603,-177.21986
10604,-176.60315
10605,-188.20343
10606,-187.27643
10607,-190.4774
10608,-192.79535
10609,-194.21931
10610,-194.73824
10611,-194.34106
10612,-193.01671
10613,-190.7541
10614,-187.57857
10615,-183.72745
10616,-179.72577
10617,-176.11043
10618,-173.40468
10619,-172.06125
10620,-172.12418
10621,-173.08398
10622,-174.40959
10623,-175.5965
10624,-176.19547
10625,-176.07745
10626,-175.5476
10627,-174.92819
10628,-174.52098
10629,-174.59134
10630,-175.19296
10631,-176.09305
10632,-177.0475
10633,-177.82582
10634,-178.22223
10635,-178.1742
10636,-177.81316
10637,-177.2784
10638,-176.69995
10639,-176.20491
10640,-175.90308
10641,-175.8809
10642,-176.2239
10643,-177.01859
10644,-178.3293
10645,-180.09074
10646,-182.06216
10647,-183.99597
10648,-185.65294
10649,-186.79387
10650,-187.1794
10651,-186.57014
10652,-184.72649
10653,-181.40862
10654,-178.84175
10655,-179.60524
10656,-179.65196
10657,-179.66661
10658,-179.67505
10659,-179.7031
10660,-179.77655
10661,-179.92134
10662,-180.1632
10663,-180.528
10664,-181.02951
10665,-181.6114
10666,-182.12247
10667,-182.40764
10668,-182.31638
10669,-181.72054
10670,-180.6223
10671,-179.20059
10672,-177.64143
10673,-176.12247
10674,-174.80421
10675,-173.74672
10676,-172.87422
10677,-172.1055
10678,-171.36578
10679,-170.58423
10680,-169.71248
10681,-168.73274
10682,-167.62831
10683,-166.38115
10684,-164.982
10685,-163.47269
10686,-161.96443
10687,-160.57112
10688,-159.40338
10689,-158.5654
10690,-158.12389
10691,-158.09517
10692,-158.49345
10693,-159.33536
10694,-160.63066
10695,-162.34914
10696,-164.40646
10697,-166.71616
10698,-169.19441
10699,-171.75735
10700,-174.32126
10701,-176.80225
10702,-179.11658
10703,-181.18044
10704,-181.10757
10705,-177.87657
10706,-176.29416
10707,-175.37921
10708,-175.02605
10709,-175.12901
10710,-175.58252
10711,-176.28105
10712,-177.119
10713,-177.99092
10714,-178.80014
10715,-179.50168
10716,-180.12036
10717,-180.6839
10718,-181.21666
10719,-181.74304
10720,-182.28793
10721,-182.87698
10722,-183.53575
10723,-184.28989
10724,-185.16597
10725,-186.19655
10726,-187.4223
10727,-188.88423
10728,-190.62292
10729,-192.64888
10730,-194.79828
10731,-196.67082
10732,-197.85674
10733,-197.95737
10734,-196.64775
10735,-194.03378
10736,-190.80609
10737,-187.67993
10738,-185.34317
10739,-184.40112
10740,-184.97937
10741,-186.55396
10742,-188.57494
10743,-190.52364
10744,-191.92311
10745,-192.5381
10746,-192.46088
10747,-191.79698
10748,-190.63644
10749,-189.06937
10750,-187.18588
10751,-185.07619
10752,-182.83044
10753,-180.53888
10754,-183.61269
10755,-199.69148
10756,-204.25345
10757,-200.68295
10758,-199.61969
10759,-196.70486
10760,-192.58119
10761,-187.89233
10762,-183.28268
10763,-179.39674
10764,-176.82037
10765,-175.79924
10766,-176.11836
10767,-177.54439
10768,-179.86598
10769,-182.86093
10770,-186.2424
10771,-189.6362
10772,-192.66473
10773,-194.95459
10774,-196.1929
10775,-196.41922
10776,-196.151
10777,-195.92545
10778,-196.25735
10779,-197.58955
10780,-199.94684
10781,-202.7878
10782,-205.54825
10783,-207.69092
10784,-208.73048
10785,-208.48392
10786,-207.17838
10787,-205.0583
10788,-202.34894
10789,-199.27634
10790,-196.06956
10791,-192.96178
10792,-190.18639
10793,-187.97641
10794,-186.53958
10795,-185.93622
10796,-186.02682
10797,-186.66405
10798,-187.70985
10799,-189.02649
10800,-190.47607
10801,-191.9208
10802,-193.22296
10803,-194.24475
10804,-191.76161
10805,-189.31543
10806,-180.60904
10807,-178.6933
10808,-178.24193
10809,-178.9293
10810,-180.43025
10811,-182.4197
10812,-184.57294
10813,-186.56526
10814,-188.08904
10815,-188.93556
10816,-189.03008
10817,-188.30318
10818,-186.67894
10819,-184.12392
10820,-180.85094
10821,-177.4072
10822,-174.35358
10823,-172.23512
10824,-171.54002
10825,-172.42735
10826,-174.61044
10827,-177.78525
10828,-181.66914
10829,-185.9752
10830,-190.39066
10831,-194.56775
10832,-198.15729
10833,-200.81178
10834,-202.23299
10835,-202.41011
10836,-201.72229
10837,-200.56506
10838,-199.31575
10839,-198.31155
10840,-197.65506
10841,-197.131
10842,-196.51073
10843,-195.58083
10844,-194.153
10845,-192.18579
10846,-189.83704
10847,-187.27275
10848,-184.6496
10849,-182.12424
10850,-179.85336
10851,-177.9936
10852,-176.70161
10853,-176.1339
10854,-176.23946
10855,-176.54808
10856,-176.78696
10857,-177.05789
10858,-177.38847
10859,-177.80632
10860,-178.339
10861,-179.01424
10862,-179.85959
10863,-180.90265
10864,-182.15851
10865,-183.5696
10866,-184.97972
10867,-186.22887
10868,-187.16164
10869,-187.63414
10870,-187.56923
10871,-186.98021
10872,-185.88402
10873,-184.29337
10874,-182.23944
10875,-179.86092
10876,-177.44225
10877,-175.27383
10878,-173.63916
10879,-172.78282
10880,-172.72415
10881,-173.17719
10882,-173.84398
10883,-174.44121
10884,-174.71402
10885,-174.57304
10886,-174.15302
10887,-173.59761
10888,-173.03978
10889,-172.61362
10890,-172.45952
10891,-172.72643
10892,-173.5635
10893,-175.11952
10894,-177.51402
10895,-180.6966
10896,-184.38707
10897,-188.29633
10898,-192.14635
10899,-195.65915
10900,-198.5567
10901,-200.56102
10902,-201.39377
10903,-200.77649
10904,-201.09387
10905,-204.12682
10906,-203.87666
10907,-201.93292
10908,-198.7429
10909,-194.75468
10910,-190.41684
10911,-186.17816
10912,-182.48758
10913,-179.79382
10914,-178.47179
10915,-178.46886
10916,-179.1533
10917,-179.8705
10918,-179.99362
10919,-178.98697
10920,-176.84422
10921,-174.27693
10922,-172.0258
10923,-170.79752
10924,-171.19714
10925,-173.24062
10926,-176.1465
10927,-179.10234
10928,-181.33421
10929,-182.17705
10930,-181.59874
10931,-180.42519
10932,-179.51709
10933,-179.6946
10934,-181.65297
10935,-185.36368
10936,-189.81828
10937,-193.97038
10938,-196.82063
10939,-197.4927
10940,-195.82664
10941,-192.63478
10942,-188.77037
10943,-185.04166
10944,-182.18626
10945,-180.52982
10946,-179.83923
10947,-179.85889
10948,-180.35983
10949,-181.11311
10950,-181.89001
10951,-182.46178
10952,-182.59964
10953,-182.07477
10954,-181.60716
10955,-182.15201
10956,-182.26027
10957,-182.2043
10958,-182.01584
10959,-181.72662
10960,-181.3684
10961,-180.97282
10962,-180.57172
10963,-180.19678
10964,-179.8855
10965,-179.70909
10966,-179.78438
10967,-180.22997
10968,-181.16228
10969,-182.66833
10970,-184.66507
10971,-186.8386
10972,-188.86607
10973,-190.4356
10974,-191.2894
10975,-191.48424
10976,-191.50348
10977,-191.84795
10978,-192.9982
10979,-195.35754
10980,-198.88135
10981,-202.91837
10982,-206.79326
10983,-209.85965
10984,-211.53719
10985,-211.62946
10986,-210.46117
10987,-208.37912
10988,-205.70586
10989,-202.75221
10990,-199.75845
10991,-196.86917
10992,-194.22484
10993,-191.97049
10994,-190.24501
10995,-189.15247
10996,-188.74953
10997,-189.09093
10998,-190.2335
10999,-192.2342
11000,-195.14981
11001,-199.03705
11002,-203.95265
11003,-214.9532
11004,-209.25775
11005,-201.29129
11006,-194.41116
11007,-189.8972
11008,-182.2876
11009,-181.12196
11010,-180.94073
11011,-181.28491
11012,-181.6959
11013,-181.7152
11014,-180.94682
11015,-179.35822
11016,-177.40959
11017,-175.58101
11018,-174.32928
11019,-174.0457
11020,-174.74171
11021,-175.91417
11022,-177.03973
11023,-177.61967
11024,-177.22322
11025,-175.81476
11026,-173.89421
11027,-171.98308
11028,-170.57756
11029,-170.11134
11030,-170.65508
11031,-171.78792
11032,-173.06976
11033,-174.08403
11034,-174.4641
11035,-174.13277
11036,-173.40549
11037,-172.61317
11038,-172.06812
11039,-172.03835
11040,-172.53404
11041,-173.21634
11042,-173.73253
11043,-173.74666
11044,-172.96489
11045,-171.3384
11046,-169.1508
11047,-166.69882
11048,-164.26357
11049,-162.12613
11050,-160.56754
11051,-159.86884
11052,-160.31082
11053,-162.17429
11054,-164.13385
11055,-164.26932
11056,-164.60316
11057,-164.73883
11058,-164.60133
11059,-164.11565
11060,-163.20671
11061,-161.79942
11062,-159.81877
11063,-157.18959
11064,-153.88535
11065,-150.1617
11066,-146.65663
11067,-144.02298
11068,-142.89516
11069,-143.81532
11070,-146.79059
11071,-151.1041
11072,-156.0115
11073,-160.8035
11074,-164.83136
11075,-167.79604
11076,-169.8718
11077,-171.25114
11078,-172.10397
11079,-172.59605
11080,-172.86906
11081,-173.032
11082,-173.19258
11083,-173.4601
11084,-173.92413
11085,-174.55962
11086,-175.1862
11087,-175.61743
11088,-175.67421
11089,-175.21068
11090,-174.27406
11091,-173.17326
11092,-172.22775
11093,-171.74445
11094,-171.99503
11095,-173.04642
11096,-174.68823
11097,-176.69923
11098,-178.87141
11099,-180.99686
11100,-182.86769
11101,-184.27603
11102,-185.01387
11103,-184.87325
11104,-182.33691
11105,-177.69676
11106,-176.35014
11107,-176.74034
11108,-178.42145
11109,-180.94823
11110,-183.87581
11111,-186.75961
11112,-189.15517
11113,-190.618
11114,-190.76857
11115,-189.60645
11116,-187.64528
11117,-185.41997
11118,-183.44136
11119,-182.17052
11120,-181.77864
11121,-182.04417
11122,-182.72987
11123,-183.61714
11124,-184.49625
11125,-185.20827
11126,-185.66313
11127,-185.77351
11128,-185.44873
11129,-184.6267
11130,-183.41118
11131,-182.13086
11132,-181.12357
11133,-180.7164
11134,-181.18411
11135,-182.49672
11136,-184.21178
11137,-185.87057
11138,-187.03401
11139,-187.3122
11140,-186.6008
11141,-185.18265
11142,-183.35645
11143,-181.40253
11144,-179.58371
11145,-178.05946
11146,-176.84941
11147,-175.96748
11148,-175.43425
11149,-175.27031
11150,-175.49619
11151,-176.13252
11152,-177.19981
11153,-178.71863
11154,-180.3191
11155,-181.21164
11156,-181.42804
11157,-181.17014
11158,-180.58228
11159,-179.80896
11160,-178.99463
11161,-178.2838
11162,-177.82095
11163,-177.75058
11164,-178.19098
11165,-179.10872
11166,-180.26472
11167,-181.41174
11168,-182.3124
11169,-182.75182
11170,-182.64621
11171,-182.0893
11172,-181.18199
11173,-180.01677
11174,-178.69313
11175,-177.35153
11176,-176.18785
11177,-175.4001
11178,-175.18367
11179,-175.69582
11180,-176.87242
11181,-178.34964
11182,-179.75177
11183,-180.71751
11184,-180.93033
11185,-180.33395
11186,-179.22508
11187,-177.91449
11188,-176.69638
11189,-175.84608
11190,-175.52974
11191,-175.76518
11192,-176.56451
11193,-177.94664
11194,-179.91461
11195,-182.37807
11196,-185.12038
11197,-187.91994
11198,-190.56122
11199,-192.82875
11200,-194.50699
11201,-195.38031
11202,-195.23296
11203,-193.849
11204,-188.54651
11205,-183.95146
11206,-178.52919
11207,-170.24289
11208,-168.692
11209,-168.47682
11210,-169.19836
11211,-170.45792
11212,-171.85698
11213,-172.99724
11214,-173.52737
11215,-173.36891
11216,-172.81319
11217,-172.16626
11218,-171.71658
11219,-171.73466
11220,-172.38637
11221,-173.69588
11222,-175.68188
11223,-178.36963
11224,-181.749
11225,-185.60329
11226,-189.43657
11227,-192.74199
11228,-195.02596
11229,-195.86739
11230,-195.26749
11231,-193.80042
11232,-192.06416
11233,-190.63
11234,-189.99883
11235,-190.26175
11236,-190.95468
11237,-191.59106
11238,-191.71078
11239,-190.91096
11240,-189.12169
11241,-186.72467
11242,-184.12036
11243,-181.68793
11244,-179.77536
11245,-178.54929
11246,-177.9304
11247,-177.82964
11248,-178.1695
11249,-178.87265
11250,-179.86168
11251,-181.05928
11252,-182.38805
11253,-183.77068
11254,-182.1182
11255,-180.61967
11256,-172.02802
11257,-169.71024
11258,-168.44824
11259,-168.02426
11260,-168.2208
11261,-168.8203
11262,-169.60545
11263,-170.35892
11264,-170.88237
11265,-171.08728
11266,-171.03418
11267,-170.78935
11268,-170.41203
11269,-169.96506
11270,-169.53192
11271,-169.22418
11272,-169.15445
11273,-169.43407
11274,-170.14804
11275,-171.2284
11276,-172.40009
11277,-173.37993
11278,-173.8947
11279,-173.71436
11280,-172.86009
11281,-171.69376
11282,-170.59079
11283,-169.91042
11284,-169.96947
11285,-170.838
11286,-172.2519
11287,-173.93408
11288,-175.62347
11289,-177.07254
11290,-178.11307
11291,-178.68384
11292,-178.72792
11293,-178.18329
11294,-177.01309
11295,-175.32767
11296,-173.43675
11297,-171.65805
11298,-170.29988
11299,-169.67047
11300,-170.07802
11301,-171.83038
11302,-175.23534
11303,-180.60019
11304,-183.53358
11305,-179.75024
11306,-178.25052
11307,-177.38234
11308,-177.02676
11309,-177.0649
11310,-177.37788
11311,-177.84688
11312,-178.35315
11313,-178.77785
11314,-179.01195
11315,-179.00266
11316,-178.77357
11317,-178.35129
11318,-177.75888
11319,-177.03027
11320,-176.26323
11321,-175.64209
11322,-175.35452
11323,-175.58409
11324,-176.48164
11325,-178.00793
11326,-179.86626
11327,-181.74992
11328,-183.36452
11329,-184.45236
11330,-184.96986
11331,-185.16342
11332,-185.29103
11333,-185.59702
11334,-186.30023
11335,-187.4719
11336,-188.98291
11337,-190.69629
11338,-192.48453
11339,-194.20847
11340,-195.66104
11341,-196.54312
11342,-196.5518
11343,-195.38829
11344,-192.81029
11345,-188.90506
11346,-184.20741
11347,-179.27103
11348,-174.6287
11349,-170.81322
11350,-168.35701
11351,-167.79214
11352,-169.65013
11353,-174.4618
11354,-177.6558
11355,-174.32503
11356,-173.52377
11357,-173.54878
11358,-174.23114
11359,-175.40198
11360,-176.89255
11361,-178.5341
11362,-180.15797
11363,-181.59555
11364,-182.70409
11365,-183.49202
11366,-184.17256
11367,-184.96707
11368,-186.08711
11369,-187.70706
11370,-189.78441
11371,-191.98306
11372,-193.95523
11373,-195.36703
11374,-195.91577
11375,-195.47997
11376,-194.18398
11377,-192.16226
11378,-189.53778
11379,-186.44853
11380,-183.11926
11381,-179.89272
11382,-177.11635
11383,-175.13193
11384,-174.23898
11385,-174.49132
11386,-175.61023
11387,-177.30402
11388,-179.29678
11389,-181.31708
11390,-183.11761
11391,-184.48389
11392,-185.20265
11393,-185.05899
11394,-183.87556
11395,-181.69382
11396,-178.8521
11397,-175.70085
11398,-172.57672
11399,-169.81622
11400,-167.7559
11401,-166.73221
11402,-167.08133
11403,-169.13928
11404,-171.13963
11405,-171.03006
11406,-172.28847
11407,-174.09346
11408,-176.24055
11409,-178.52528
11410,-180.74326
11411,-182.69002
11412,-184.16127
11413,-184.9525
11414,-184.89163
11415,-183.99529
11416,-182.53584
11417,-180.79605
11418,-179.04674
11419,-177.52602
11420,-176.2823
11421,-175.10677
11422,-173.7803
11423,-172.09605
11424,-169.88362
11425,-167.18546
11426,-164.33217
11427,-161.66599
11428,-159.51527
11429,-158.17653
11430,-157.76083
11431,-158.12813
11432,-159.12878
11433,-160.62503
11434,-162.46643
11435,-164.42787
11436,-166.18309
11437,-167.40202
11438,-167.75931
11439,-166.98875
11440,-165.16882
11441,-162.84482
11442,-160.58076
11443,-158.91844
11444,-158.34473
11445,-159.02724
11446,-160.7016
11447,-163.0867
11448,-165.9222
11449,-168.94781
11450,-171.90338
11451,-174.52876
11452,-176.56383
11453,-177.74844
11454,-179.48016
11455,-182.92863
11456,-184.52695
11457,-185.07806
11458,-184.73137
11459,-183.6365
11460,-181.94307
11461,-179.80087
11462,-177.35976
11463,-174.76959
11464,-172.18297
11465,-169.76804
11466,-167.71396
11467,-166.21065
11468,-165.44704
11469,-165.5779
11470,-166.56026
11471,-168.08322
11472,-169.82553
11473,-171.4789
11474,-172.77185
11475,-173.64764
11476,-174.34007
11477,-175.09442
11478,-176.14218
11479,-177.67616
11480,-179.6646
11481,-181.77179
11482,-183.64993
11483,-184.96585
11484,-185.44244
11485,-185.12907
11486,-184.51773
11487,-184.11842
11488,-184.42012
11489,-185.84082
11490,-188.38626
11491,-191.50388
11492,-194.61906
11493,-197.184
11494,-198.70392
11495,-198.9929
11496,-198.28374
11497,-196.8264
11498,-194.8513
11499,-192.58899
11500,-190.27014
11501,-188.12543
11502,-186.38554
11503,-185.28114
11504,-185.94844
11505,-188.30331
11506,-188.69522
11507,-188.09792
11508,-186.75179
11509,-184.89758
11510,-182.77608
11511,-180.62816
11512,-178.69481
11513,-177.21692
11514,-176.40958
11515,-176.33763
11516,-176.86258
11517,-177.8379
11518,-179.12672
11519,-180.60574
11520,-182.23007
11521,-184.06107
11522,-186.16426
11523,-188.60011
11524,-191.38179
11525,-194.24783
11526,-196.56468
11527,-197.68373
11528,-196.97368
11529,-193.9112
11530,-188.60526
11531,-187.02385
11532,-180.17197
11533,-174.01468
11534,-164.42204
11535,-161.71315
11536,-160.46103
11537,-160.2094
11538,-160.53796
11539,-161.05705
11540,-161.55443
11541,-162.05794
11542,-162.60481
11543,-163.22076
11544,-163.92336
11545,-164.68285
11546,-165.4055
11547,-165.99507
11548,-166.35838
11549,-166.40219
11550,-166.03333
11551,-165.15852
11552,-163.6845
11553,-161.51799
11554,-161.34056
11555,-165.27444
11556,-167.2023
11557,-168.41237
11558,-169.09114
11559,-169.4252
11560,-169.60123
11561,-169.80588
11562,-170.22585
11563,-171.04782
11564,-172.42957
11565,-174.36092
11566,-176.6044
11567,-178.91365
11568,-181.0532
11569,-182.80771
11570,-184.07858
11571,-184.92535
11572,-185.41403
11573,-185.60294
11574,-185.56104
11575,-185.41855
11576,-185.38885
11577,-185.68858
11578,-186.53052
11579,-188.08194
11580,-190.24695
11581,-192.57298
11582,-194.59337
11583,-195.85832
11584,-195.97427
11585,-194.87502
11586,-192.9385
11587,-190.5611
11588,-188.11848
11589,-185.95457
11590,-184.22827
11591,-182.8475
11592,-181.71004
11593,-180.72554
11594,-179.80653
11595,-178.88182
11596,-177.90239
11597,-176.82007
11598,-175.58571
11599,-174.15009
11600,-172.46404
11601,-170.47829
11602,-168.14372
11603,-165.41104
11604,-164.78824
11605,-168.2654
11606,-170.1845
11607,-171.62245
11608,-172.66055
11609,-173.38005
11610,-173.8621
11611,-174.18803
11612,-174.43915
11613,-174.69667
11614,-175.03572
11615,-175.4951
11616,-176.06453
11617,-176.7318
11618,-177.48705
11619,-178.31447
11620,-179.16391
11621,-179.93869
11622,-180.54019
11623,-180.87212
11624,-180.85034
11625,-180.46199
11626,-179.79092
11627,-178.92473
11628,-177.94655
11629,-176.94008
11630,-175.99274
11631,-175.19698
11632,-174.6454
11633,-174.43037
11634,-174.62773
11635,-175.21681
11636,-176.04648
11637,-176.96048
11638,-177.80872
11639,-178.45288
11640,-178.82239
11641,-178.93843
11642,-178.82602
11643,-178.50566
11644,-178.00098
11645,-177.35338
11646,-176.6283
11647,-175.89224
11648,-175.2105
11649,-174.64838
11650,-174.27116
11651,-174.1442
11652,-174.33275
11653,-174.9021
11654,-174.28665
11655,-171.41687
11656,-170.17757
11657,-169.68724
11658,-169.78236
11659,-170.29953
11660,-171.07541
11661,-171.94672
11662,-172.75017
11663,-173.3225
11664,-173.52336
11665,-173.34547
11666,-172.96204
11667,-172.55336
11668,-172.2912
11669,-172.31973
11670,-172.62335
11671,-172.96976
11672,-173.11821
11673,-172.83818
11674,-171.93294
11675,-170.40176
11676,-168.5097
11677,-166.53244
11678,-164.73305
11679,-163.3512
11680,-162.49104
11681,-162.07306
11682,-162.01051
11683,-162.2255
11684,-162.6477
11685,-163.25136
11686,-164.0709
11687,-165.14316
11688,-166.50201
11689,-168.16344
11690,-170.0389
11691,-171.89864
11692,-173.50723
11693,-174.63614
11694,-175.08044
11695,-174.77306
11696,-173.83362
11697,-172.38924
11698,-170.55815
11699,-168.45868
11700,-166.20918
11701,-163.92795
11702,-161.7334
11703,-159.74384
11704,-161.5924
11705,-174.02988
11706,-172.38058
11707,-173.83716
11708,-173.77
11709,-172.54984
11710,-170.54768
11711,-168.13493
11712,-165.68312
11713,-163.56387
11714,-162.10892
11715,-161.41873
11716,-161.28043
11717,-161.46889
11718,-161.77397
11719,-162.0008
11720,-162.04247
11721,-161.91124
11722,-161.62404
11723,-161.19217
11724,-160.63
11725,-159.97029
11726,-159.2706
11727,-158.58957
11728,-157.98451
11729,-157.5174
11730,-157.27599
11731,-157.38335
11732,-157.9639
11733,-159.14029
11734,-161.00507
11735,-163.47592
11736,-166.23372
11737,-168.95027
11738,-171.30882
11739,-173.03015
11740,-174.05367
11741,-174.61461
11742,-174.9601
11743,-175.32304
11744,-175.91254
11745,-176.79832
11746,-177.86171
11747,-178.97633
11748,-180.02498
11749,-180.8904
11750,-181.45529
11751,-181.6024
11752,-181.21439
11753,-180.1739
11754,-177.82042
11755,-174.64938
11756,-173.54979
11757,-173.54158
11758,-174.27814
11759,-175.41306
11760,-176.6001
11761,-177.4932
11762,-177.74617
11763,-177.01279
11764,-175.02844
11765,-172.00394
11766,-168.79489
11767,-166.28299
11768,-165.3191
11769,-166.62482
11770,-170.172
11771,-174.91829
11772,-179.78271
11773,-183.73341
11774,-185.86156
11775,-185.97183
11776,-184.83617
11777,-183.26581
11778,-182.0266
11779,-181.79147
11780,-182.69238
11781,-184.12836
11782,-185.4692
11783,-186.11975
11784,-185.5646
11785,-183.75198
11786,-181.25911
11787,-178.68892
11788,-176.61478
11789,-175.55194
11790,-175.67838
11791,-176.71506
11792,-178.36496
11793,-180.35283
11794,-182.41064
11795,-184.31134
11796,-185.88316
11797,-186.95657
11798,-187.3593
11799,-186.919
11800,-185.46332
11801,-182.81964
11802,-178.81523
11803,-178.27736
11804,-169.12445
11805,-169.72362
11806,-170.02138
11807,-170.68465
11808,-171.59705
11809,-172.64206
11810,-173.70335
11811,-174.66444
11812,-175.40901
11813,-175.8206
11814,-175.81291
11815,-175.47453
11816,-175.1312
11817,-175.11807
11818,-175.75894
11819,-177.32422
11820,-179.77385
11821,-182.64749
11822,-185.46844
11823,-187.78018
11824,-189.1752
11825,-189.53198
11826,-189.11633
11827,-188.20985
11828,-187.07579
11829,-185.96487
11830,-185.05334
11831,-184.4165
11832,-184.12569
11833,-184.25693
11834,-184.89014
11835,-186.12833
11836,-188.10547
11837,-190.95686
11838,-194.81606
11839,-199.74725
11840,-210.41145
11841,-215.92406
11842,-215.37903
11843,-217.89587
11844,-217.70773
11845,-214.71307
11846,-209.7153
11847,-208.55807
11848,-202.04411
11849,-195.9768
11850,-191.1595
11851,-183.39484
11852,-183.48436
11853,-187.22813
11854,-190.27798
11855,-186.90567
11856,-184.60683
11857,-182.27492
11858,-179.96384
11859,-177.7275
11860,-175.61977
11861,-173.69463
11862,-172.00592
11863,-170.60759
11864,-169.55257
11865,-168.88911
11866,-168.65869
11867,-168.90262
11868,-169.6624
11869,-170.95331
11870,-172.63774
11871,-174.37102
11872,-175.80048
11873,-176.58325
11874,-176.42908
11875,-175.3533
11876,-173.78554
11877,-172.17215
11878,-170.93988
11879,-170.46596
11880,-170.84016
11881,-171.76294
11882,-172.91939
11883,-174.01334
11884,-174.78575
11885,-175.19327
11886,-175.48477
11887,-175.92078
11888,-176.74777
11889,-178.1785
11890,-180.22913
11891,-182.64964
11892,-185.17961
11893,-187.5713
11894,-189.59587
11895,-191.13365
11896,-192.21303
11897,-192.86835
11898,-193.12686
11899,-193.01593
11900,-192.5628
11901,-191.79485
11902,-190.73941
11903,-189.42381
11904,-183.75745
11905,-177.31407
11906,-172.27112
11907,-165.52818
11908,-166.34718
11909,-168.99219
11910,-172.72844
11911,-176.82202
11912,-180.5395
11913,-183.14757
11914,-184.01349
11915,-183.08923
11916,-181.12006
11917,-178.88345
11918,-177.11981
11919,-176.4866
11920,-177.15953
11921,-178.6614
11922,-180.48946
11923,-182.1721
11924,-183.29144
11925,-183.7415
11926,-183.83855
11927,-183.91599
11928,-184.28705
11929,-185.22108
11930,-186.73149
11931,-188.48523
11932,-190.13539
11933,-191.3516
11934,-191.84636
11935,-191.58194
11936,-190.85915
11937,-189.9926
11938,-189.28107
11939,-188.98529
11940,-189.14542
11941,-189.50258
11942,-189.7857
11943,-189.73804
11944,-189.13683
11945,-187.95758
11946,-186.4447
11947,-184.85355
11948,-183.42676
11949,-182.40709
11950,-182.0371
11951,-182.55934
11952,-184.21623
11953,-187.24992
11954,-191.93443
11955,-202.11292
11956,-200.36513
11957,-202.44687
11958,-203.5732
11959,-203.9594
11960,-203.82094
11961,-203.37337
11962,-202.83237
11963,-202.41373
11964,-202.30856
11965,-202.56491
11966,-203.03682
11967,-203.57031
11968,-204.02054
11969,-204.2435
11970,-204.09973
11971,-203.45589
11972,-202.17896
11973,-200.13542
11974,-197.2418
11975,-193.70541
11976,-190.12825
11977,-187.12904
11978,-185.30771
11979,-185.18033
11980,-186.77727
11981,-189.4712
11982,-192.60893
11983,-195.56885
11984,-197.78394
11985,-199.00255
11986,-199.40057
11987,-199.17119
11988,-198.48756
11989,-197.51894
11990,-196.41145
11991,-195.27986
11992,-194.23761
11993,-193.3996
11994,-192.86816
11995,-192.67233
11996,-192.74155
11997,-193.00137
11998,-193.38202
11999,-193.81366
12000,-194.2266
12001,-194.55103
12002,-194.71721
12003,-194.6553
12004,-193.05066
12005,-189.6441
12006,-188.50171
12007,-188.5516
12008,-189.52373
12009,-191.14813
12010,-193.1552
12011,-195.27539
12012,-197.23926
12013,-198.77739
12014,-199.64177
12015,-199.70944
12016,-199.02693
12017,-197.64769
12018,-195.61719
12019,-193.00958
12020,-190.06543
12021,-187.25095
12022,-185.04181
12023,-183.90286
12024,-184.23196
12025,-186.03905
12026,-188.80899
12027,-192.0058
12028,-195.11893
12029,-197.66487
12030,-199.31705
12031,-199.96127
12032,-199.49188
12033,-197.79297
12034,-194.79538
12035,-190.70236
12036,-186.0871
12037,-181.53847
12038,-177.62799
12039,-174.86368
12040,-173.38464
12041,-172.83044
12042,-172.82077
12043,-172.99924
12044,-173.04134
12045,-172.8064
12046,-172.40294
12047,-171.94936
12048,-171.55211
12049,-171.31775
12050,-171.35275
12051,-171.76366
12052,-172.65689
12053,-174.13892
12054,-173.34256
12055,-168.48141
12056,-166.92903
12057,-166.951
12058,-168.19461
12059,-170.30756
12060,-172.9378
12061,-175.73346
12062,-178.3428
12063,-180.41414
12064,-181.67719
12065,-182.33527
12066,-183.23343
12067,-185.24236
12068,-189.20189
12069,-200.77863
12070,-209.63815
12071,-219.093
12072,-227.40465
12073,-232.8997
12074,-229.12953
12075,-225.9616
12076,-225.05557
12077,-218.15347
12078,-211.91766
12079,-202.84659
12080,-201.4787
12081,-202.05067
12082,-203.74495
12083,-205.80638
12084,-207.52489
12085,-208.44861
12086,-208.47537
12087,-207.51743
12088,-205.4704
12089,-202.28134
12090,-198.19695
12091,-193.87073
12092,-189.97372
12093,-187.15773
12094,-185.99368
12095,-186.5832
12096,-188.3927
12097,-190.86327
12098,-193.46657
12099,-195.67451
12100,-196.95908
12101,-196.79196
12102,-194.64426
12103,-189.98636
12104,-186.37267
12105,-187.44289
12106,-185.63382
12107,-182.6623
12108,-178.89743
12109,-174.70872
12110,-170.46577
12111,-166.53835
12112,-163.29608
12113,-161.10847
12114,-160.28743
12115,-160.81201
12116,-162.21014
12117,-163.99263
12118,-165.69183
12119,-166.8913
12120,-167.47104
12121,-167.71268
12122,-167.91347
12123,-168.35156
12124,-169.26909
12125,-170.6983
12126,-172.38739
12127,-174.07341
12128,-175.5071
12129,-176.47241
12130,-176.94678
12131,-177.16968
12132,-177.39102
12133,-177.84833
12134,-178.75769
12135,-180.2112
12136,-182.13298
12137,-184.44041
12138,-187.05902
12139,-189.92259
12140,-193.01346
12141,-196.37958
12142,-200.07155
12143,-204.13686
12144,-208.5956
12145,-213.30916
12146,-217.92389
12147,-222.07751
12148,-225.41772
12149,-227.59215
12150,-228.248
12151,-227.03198
12152,-223.59007
12153,-222.56764
12154,-212.7879
12155,-212.97235
12156,-210.14716
12157,-206.11797
12158,-201.2782
12159,-201.02165
12160,-195.74243
12161,-185.83472
12162,-181.69254
12163,-178.7097
12164,-177.22229
12165,-177.2321
12166,-178.28831
12167,-179.92238
12168,-181.68747
12169,-183.17035
12170,-184.1515
12171,-184.67378
12172,-184.79051
12173,-184.54256
12174,-183.98251
12175,-183.23155
12176,-182.5036
12177,-182.01633
12178,-181.98302
12179,-182.56534
12180,-183.62515
12181,-184.61832
12182,-184.98451
12183,-184.18259
12184,-181.77052
12185,-177.88405
12186,-173.44293
12187,-169.3994
12188,-166.66844
12189,-166.03925
12190,-167.5718
12191,-170.33934
12192,-173.37703
12193,-175.76768
12194,-176.69135
12195,-175.89223
12196,-173.87903
12197,-171.19104
12198,-168.33163
12199,-165.80426
12200,-164.1124
12201,-163.75937
12202,-165.24811
12203,-169.08113
12204,-172.89282
12205,-173.50972
12206,-175.02844
12207,-176.71938
12208,-178.51183
12209,-180.33507
12210,-182.11847
12211,-183.79126
12212,-185.28279
12213,-186.52237
12214,-187.4473
12215,-188.0417
12216,-188.35298
12217,-188.43112
12218,-188.32318
12219,-188.09024
12220,-187.87518
12221,-187.93198
12222,-188.51888
12223,-189.88899
12224,-192.2305
12225,-195.35597
12226,-198.56908
12227,-201.15338
12228,-202.41646
12229,-201.7851
12230,-199.38126
12231,-196.27083
12232,-193.56007
12233,-192.31093
12234,-193.42072
12235,-196.83163
12236,-201.1934
12237,-205.10481
12238,-207.22661
12239,-206.40842
12240,-202.60202
12241,-197.25684
12242,-196.88776
12243,-187.94043
12244,-186.6975
12245,-188.49533
12246,-192.38931
12247,-197.38423
12248,-207.54697
12249,-206.94524
12250,-209.64677
12251,-209.71854
12252,-206.22543
12253,-203.2297
12254,-195.58707
12255,-189.9707
12256,-188.3898
12257,-187.08438
12258,-186.06541
12259,-185.34412
12260,-184.93152
12261,-184.83871
12262,-185.07686
12263,-185.65698
12264,-186.60347
12265,-188.01788
12266,-190.10631
12267,-193.07898
12268,-197.14099
12269,-207.41396
12270,-213.5356
12271,-219.48872
12272,-219.2303
12273,-221.748
12274,-221.17834
12275,-217.53021
12276,-216.99966
12277,-210.8364
12278,-205.23643
12279,-196.27676
12280,-194.34018
12281,-193.86784
12282,-194.2622
12283,-194.97064
12284,-195.48882
12285,-195.59138
12286,-195.43088
12287,-195.17516
12288,-194.97443
12289,-194.96799
12290,-195.23242
12291,-195.75938
12292,-196.53694
12293,-197.55719
12294,-198.80235
12295,-200.19669
12296,-201.58597
12297,-202.81293
12298,-203.72379
12299,-204.1649
12300,-203.98253
12301,-203.02277
12302,-201.13173
12303,-198.15535
12304,-194.53871
12305,-191.46747
12306,-189.05359
12307,-187.13692
12308,-185.6394
12309,-184.4832
12310,-183.59044
12311,-182.88324
12312,-182.28378
12313,-181.71425
12314,-181.10388
12315,-180.42297
12316,-179.69746
12317,-178.95549
12318,-178.22261
12319,-177.53026
12320,-176.94438
12321,-176.57759
12322,-176.54446
12323,-176.95723
12324,-177.89824
12325,-179.27582
12326,-180.76259
12327,-182.02202
12328,-182.7287
12329,-182.61623
12330,-181.76123
12331,-180.70541
12332,-180.00932
12333,-180.21144
12334,-181.76224
12335,-184.60187
12336,-187.97968
12337,-191.1179
12338,-193.27197
12339,-193.7944
12340,-192.603
12341,-190.38263
12342,-187.84998
12343,-185.68593
12344,-184.50221
12345,-184.50781
12346,-185.36604
12347,-186.71826
12348,-188.23196
12349,-189.57474
12350,-190.41418
12351,-190.41785
12352,-189.2531
12353,-186.58702
12354,-185.03615
12355,-187.15474
12356,-187.264
12357,-186.5699
12358,-185.27571
12359,-183.58488
12360,-181.70097
12361,-179.82759
12362,-178.16832
12363,-176.92679
12364,-176.27403
12365,-176.192
12366,-176.40654
12367,-176.63332
12368,-176.60023
12369,-176.06107
12370,-174.91956
12371,-173.28294
12372,-171.26648
12373,-168.97585
12374,-166.52803
12375,-164.10565
12376,-161.98022
12377,-160.42676
12378,-159.71597
12379,-160.08
12380,-161.52719
12381,-163.76305
12382,-166.48137
12383,-169.3906
12384,-172.20113
12385,-174.63457
12386,-176.42763
12387,-177.31747
12388,-177.0404
12389,-175.3958
12390,-172.55026
12391,-169.16875
12392,-165.93633
12393,-163.51454
12394,-162.49397
12395,-163.05339
12396,-164.81416
12397,-167.376
12398,-170.36543
12399,-173.40921
12400,-176.1342
12401,-178.1672
12402,-179.13507
12403,-178.66423
12404,-178.78134
12405,-181.8019
12406,-183.62714
12407,-185.02817
12408,-186.08383
12409,-186.87299
12410,-187.47449
12411,-187.96716
12412,-188.42995
12413,-188.94168
12414,-189.57619
12415,-190.37726
12416,-191.34833
12417,-192.4911
12418,-193.80923
12419,-195.29486
12420,-196.87323
12421,-198.37895
12422,-199.64293
12423,-200.50037
12424,-200.80643
12425,-200.53215
12426,-199.80608
12427,-198.76323
12428,-197.53127
12429,-196.23398
12430,-194.9727
12431,-193.81819
12432,-192.84001
12433,-192.10902
12434,-191.68155
12435,-191.52864
12436,-191.5057
12437,-191.46362
12438,-191.2586
12439,-190.76625
12440,-189.97429
12441,-189.0226
12442,-188.0572
12443,-187.217
12444,-186.6288
12445,-186.34923
12446,-186.33975
12447,-186.5581
12448,-186.96643
12449,-187.52689
12450,-188.20174
12451,-188.95312
12452,-189.74327
12453,-190.53436
12454,-189.86362
12455,-186.7677
12456,-184.73615
12457,-183.07466
12458,-181.71304
12459,-180.58101
12460,-179.60838
12461,-178.72493
12462,-177.86049
12463,-176.94485
12464,-175.92563
12465,-174.8539
12466,-173.92078
12467,-173.32307
12468,-173.2509
12469,-173.8555
12470,-175.06294
12471,-176.49426
12472,-177.75847
12473,-178.47925
12474,-178.35966
12475,-177.56506
12476,-176.8872
12477,-177.14305
12478,-179.11948
12479,-183.46173
12480,-194.99498
12481,-202.43547
12482,-209.45735
12483,-214.78864
12484,-212.30179
12485,-211.71053
12486,-208.87103
12487,-204.68861
12488,-200.01639
12489,-195.66354
12490,-192.17769
12491,-189.75107
12492,-188.56071
12493,-188.80023
12494,-190.61435
12495,-193.86385
12496,-198.02533
12497,-202.56046
12498,-206.94945
12499,-210.67276
12500,-213.21071
12501,-214.04324
12502,-212.64948
12503,-208.50757
12504,-206.38954
12505,-211.04242
12506,-212.43869
12507,-212.60754
12508,-211.84258
12509,-210.43758
12510,-208.68675
12511,-206.88441
12512,-205.32495
12513,-204.30275
12514,-204.08122
12515,-204.74423
12516,-206.13214
12517,-208.07527
12518,-210.41556
12519,-212.98344
12520,-215.5426
12521,-217.76598
12522,-219.32272
12523,-219.88614
12524,-219.18219
12525,-217.24437
12526,-214.52399
12527,-211.49072
12528,-208.59502
12529,-206.2517
12530,-204.6684
12531,-203.77132
12532,-203.47491
12533,-203.70683
12534,-204.37495
12535,-205.27243
12536,-206.03654
12537,-206.29831
12538,-205.69585
12539,-203.9273
12540,-201.04034
12541,-197.55724
12542,-194.02054
12543,-190.95067
12544,-188.82161
12545,-187.83734
12546,-187.83594
12547,-188.64055
12548,-190.0918
12549,-192.0304
12550,-194.29715
12551,-196.7329
12552,-199.17859
12553,-201.4751
12554,-202.6227
12555,-201.81035
12556,-200.8814
12557,-199.65079
12558,-198.21875
12559,-196.6855
12560,-195.15135
12561,-193.71658
12562,-192.48145
12563,-191.5462
12564,-191.0033
12565,-190.89998
12566,-191.22209
12567,-191.95308
12568,-193.0792
12569,-194.569
12570,-196.28743
12571,-197.95935
12572,-199.30388
12573,-200.04681
12574,-199.96983
12575,-199.18037
12576,-198.22787
12577,-197.68002
12578,-198.0839
12579,-199.95383
12580,-203.61638
12581,-214.14362
12582,-221.59697
12583,-231.04951
12584,-242.43816
12585,-254.91139
12586,-266.5514
12587,-275.39786
12588,-279.53766
12589,-272.33685
12590,-268.82272
12591,-256.29797
12592,-242.1867
12593,-228.81871
12594,-218.31229
12595,-211.54094
12596,-202.68678
12597,-200.85808
12598,-200.24388
12599,-200.03491
12600,-199.42271
12601,-197.59901
12602,-193.75504
12603,-192.08096
12604,-182.43182
12605,-185.32225
12606,-186.02129
12607,-186.228
12608,-186.02629
12609,-185.5001
12610,-184.73337
12611,-183.81006
12612,-182.81418
12613,-181.82974
12614,-180.94478
12615,-180.27066
12616,-179.95041
12617,-180.12827
12618,-180.94699
12619,-182.50867
12620,-184.67928
12621,-187.00531
12622,-189.02063
12623,-190.2743
12624,-190.37584
12625,-189.2867
12626,-187.44557
12627,-185.31093
12628,-183.31877
12629,-181.86095
12630,-181.07185
12631,-180.73697
12632,-180.62778
12633,-180.53235
12634,-180.26839
12635,-179.82536
12636,-179.42548
12637,-179.30031
12638,-179.67035
12639,-180.72191
12640,-182.44337
12641,-184.5549
12642,-186.766
12643,-188.79915
12644,-190.40463
12645,-191.49484
12646,-192.20169
12647,-192.6661
12648,-193.01854
12649,-193.38943
12650,-193.90933
12651,-194.70871
12652,-195.91803
12653,-197.66776
12654,-197.27756
12655,-192.2428
12656,-188.20662
12657,-184.3736
12658,-180.86649
12659,-177.80803
12660,-175.32085
12661,-173.52757
12662,-172.55075
12663,-172.51286
12664,-173.49765
12665,-175.36362
12666,-177.66444
12667,-179.942
12668,-181.75279
12669,-182.70374
12670,-182.69492
12671,-182.02383
12672,-181.00381
12673,-179.92958
12674,-179.07027
12675,-178.54646
12676,-178.27722
12677,-178.17366
12678,-178.15634
12679,-178.15541
12680,-178.1555
12681,-178.21548
12682,-178.39711
12683,-178.75856
12684,-179.36339
12685,-180.306
12686,-181.72256
12687,-183.75089
12688,-186.52673
12689,-190.13127
12690,-194.32877
12691,-198.45451
12692,-201.82693
12693,-203.78477
12694,-203.75566
12695,-201.68666
12696,-198.23033
12697,-194.06943
12698,-189.85411
12699,-186.23495
12700,-183.86226
12701,-183.38588
12702,-185.45493
12703,-190.71729
12704,-201.40224
12705,-197.63486
12706,-197.4414
12707,-195.90334
12708,-193.39485
12709,-190.29054
12710,-186.96532
12711,-183.79422
12712,-181.15234
12713,-179.4147
12714,-178.89912
12715,-179.5928
12716,-181.03499
12717,-182.74734
12718,-184.27293
12719,-185.20715
12720,-185.44849
12721,-185.30614
12722,-185.10599
12723,-185.15428
12724,-185.7218
12725,-186.87161
12726,-188.38577
12727,-190.03502
12728,-191.60355
12729,-192.88351
12730,-193.71327
12731,-193.99382
12732,-193.62866
12733,-192.51825
12734,-190.59596
12735,-187.98672
12736,-185.07547
12737,-182.25783
12738,-179.91728
12739,-178.39415
12740,-177.77849
12741,-177.82129
12742,-178.26004
12743,-178.84842
12744,-179.3578
12745,-179.66202
12746,-179.77362
12747,-179.71059
12748,-179.4845
12749,-179.10675
12750,-178.5888
12751,-177.94214
12752,-177.17827
12753,-176.30858
12754,-177.25519
12755,-180.83682
12756,-181.6812
12757,-181.20091
12758,-179.75867
12759,-177.7176
12760,-175.441
12761,-173.29236
12762,-171.63515
12763,-170.83286
12764,-171.19055
12765,-172.67526
12766,-174.79611
12767,-177.04453
12768,-178.93385
12769,-180.02911
12770,-180.19579
12771,-179.70609
12772,-178.8486
12773,-177.89261
12774,-177.09294
12775,-176.61964
12776,-176.52803
12777,-176.86868
12778,-177.69777
12779,-179.05608
12780,-180.89589
12781,-183.04956
12782,-185.34462
12783,-187.61449
12784,-189.69505
12785,-191.437
12786,-192.71097
12787,-193.38841
12788,-193.33972
12789,-192.47237
12790,-190.90979
12791,-189.06837
12792,-187.37663
12793,-186.24934
12794,-186.05777
12795,-186.92097
12796,-188.61646
12797,-190.908
12798,-193.57571
12799,-196.39987
12800,-199.16077
12801,-201.63876
12802,-203.6141
12803,-204.86717
12804,-207.22058
12805,-211.8192
12806,-213.6407
12807,-213.89465
12808,-212.84671
12809,-210.76303
12810,-207.91003
12811,-204.55447
12812,-200.96329
12813,-197.40349
12814,-194.12686
12815,-191.29617
12816,-188.95346
12817,-187.13564
12818,-185.88535
12819,-185.23837
12820,-185.19064
12821,-185.68408
12822,-186.65846
12823,-188.05617
12824,-189.79868
12825,-191.68579
12826,-193.35252
12827,-194.42729
12828,-194.5462
12829,-193.40746
12830,-191.07097
12831,-188.08784
12832,-185.02954
12833,-182.44472
12834,-180.82848
12835,-180.36551
12836,-180.81999
12837,-181.93916
12838,-183.49051
12839,-185.24387
12840,-186.98283
12841,-188.5095
12842,-189.62674
12843,-190.13647
12844,-189.86894
12845,-188.81982
12846,-187.20891
12847,-185.26537
12848,-183.20769
12849,-181.25447
12850,-179.62433
12851,-178.53584
12852,-178.20749
12853,-178.85764
12854,-181.296
12855,-184.73412
12856,-185.46135
12857,-184.63997
12858,-182.6313
12859,-179.79715
12860,-176.4997
12861,-173.10132
12862,-169.96445
12863,-167.45149
12864,-165.88374
12865,-165.3438
12866,-165.59093
12867,-166.37193
12868,-167.44905
12869,-168.59622
12870,-169.65498
12871,-170.55847
12872,-171.24342
12873,-171.64209
12874,-171.70341
12875,-171.47293
12876,-171.12697
12877,-170.84708
12878,-170.80864
12879,-171.17355
12880,-172.02592
12881,-173.34442
12882,-175.10362
12883,-177.28305
12884,-179.84592
12885,-182.66025
12886,-185.46529
12887,-187.99518
12888,-189.99025
12889,-191.23434
12890,-191.76471
12891,-191.96216
12892,-192.22154
12893,-192.9214
12894,-194.38896
12895,-196.65285
12896,-199.33725
12897,-202.05006
12898,-204.41849
12899,-206.0697
12900,-206.63069
12901,-205.72824
12902,-202.98853
12903,-198.03728
12904,-193.69699
12905,-193.10252
12906,-190.82391
12907,-188.17284
12908,-185.49689
12909,-183.14386
12910,-181.46136
12911,-180.79695
12912,-181.49797
12913,-183.9114
12914,-188.27965
12915,-199.2389
12916,-205.60579
12917,-211.16542
12918,-209.7424
12919,-210.31795
12920,-207.78943
12921,-203.299
12922,-203.04344
12923,-193.16254
12924,-189.69563
12925,-188.09372
12926,-188.01025
12927,-189.0661
12928,-190.9202
12929,-193.22267
12930,-195.57135
12931,-197.49283
12932,-198.5108
12933,-198.15211
12934,-196.03131
12935,-192.27533
12936,-187.70695
12937,-183.17853
12938,-179.50993
12939,-177.41867
12940,-177.02826
12941,-177.65778
12942,-178.5944
12943,-179.16408
12944,-178.76901
12945,-177.25456
12946,-175.0668
12947,-172.67604
12948,-170.52417
12949,-169.05305
12950,-168.70447
12951,-169.91995
12952,-173.14066
12953,-183.80711
12954,-189.33247
12955,-186.11119
12956,-188.13945
12957,-189.80547
12958,-191.10439
12959,-192.03133
12960,-192.58144
12961,-192.74986
12962,-192.53178
12963,-191.92226
12964,-190.92511
12965,-189.59476
12966,-188.05402
12967,-186.4286
12968,-184.84105
12969,-183.41013
12970,-182.2334
12971,-181.37953
12972,-180.91606
12973,-180.91187
12974,-181.41809
12975,-182.38332
12976,-183.61703
12977,-184.92326
12978,-186.11261
12979,-187.01323
12980,-187.55444
12981,-187.80296
12982,-187.83095
12983,-187.7041
12984,-187.48247
12985,-187.19296
12986,-186.81766
12987,-186.33684
12988,-185.73291
12989,-184.99153
12990,-184.11705
12991,-183.13934
12992,-182.08932
12993,-180.99666
12994,-179.88966
12995,-178.78847
12996,-177.70222
12997,-176.6396
12998,-175.6098
12999,-174.62207
13000,-173.68558
13001,-172.80956
13002,-172.00323
13003,-171.27579
13004,-168.7887
13005,-164.54915
13006,-165.01938
13007,-168.0816
13008,-172.99081
13009,-184.003
13010,-190.37505
13011,-196.36453
13012,-201.22934
13013,-199.22714
13014,-199.75731
13015,-198.04659
13016,-195.44527
13017,-193.3516
13018,-193.11118
13019,-195.85551
13020,-201.47554
13021,-213.18408
13022,-219.12885
13023,-217.53827
13024,-216.87242
13025,-211.9453
13026,-209.41365
13027,-201.01764
13028,-193.41443
13029,-188.10805
13030,-180.70915
13031,-180.61794
13032,-182.1856
13033,-184.82161
13034,-187.95805
13035,-191.15425
13036,-194.1417
13037,-196.65874
13038,-198.43542
13039,-199.23819
13040,-199.04462
13041,-198.11893
13042,-196.73735
13043,-195.16263
13044,-193.64287
13045,-192.33992
13046,-191.29887
13047,-190.55988
13048,-190.16866
13049,-190.1709
13050,-190.61226
13051,-191.53847
13052,-192.9951
13053,-195.02782
13054,-196.56154
13055,-196.06552
13056,-194.87695
13057,-193.0058
13058,-190.61418
13059,-187.86426
13060,-184.91837
13061,-181.93881
13062,-179.08795
13063,-176.52808
13064,-174.39323
13065,-172.65286
13066,-171.05356
13067,-169.33298
13068,-167.23944
13069,-164.57248
13070,-161.42958
13071,-158.31181
13072,-155.73643
13073,-154.20119
13074,-154.14279
13075,-155.64375
13076,-158.30728
13077,-161.71819
13078,-165.48436
13079,-169.24031
13080,-172.7737
13081,-176.07962
13082,-179.16118
13083,-182.01158
13084,-184.612
13085,-186.87415
13086,-188.61537
13087,-189.64932
13088,-189.79395
13089,-188.91933
13090,-187.19872
13091,-185.21667
13092,-183.57477
13093,-182.85509
13094,-183.56714
13095,-185.79951
13096,-189.07094
13097,-192.87755
13098,-196.74312
13099,-200.19145
13100,-202.7465
13101,-203.93193
13102,-203.2709
13103,-200.28592
13104,-196.68718
13105,-195.6363
13106,-195.36281
13107,-195.86136
13108,-196.95709
13109,-198.47519
13110,-200.24103
13111,-202.07994
13112,-203.8174
13113,-205.27881
13114,-206.3181
13115,-206.9551
13116,-207.43459
13117,-208.0107
13118,-208.92703
13119,-210.37546
13120,-212.24718
13121,-214.02602
13122,-215.1789
13123,-215.19168
13124,-213.63586
13125,-210.58243
13126,-206.78099
13127,-203.01088
13128,-200.02
13129,-198.46123
13130,-198.43608
13131,-199.29851
13132,-200.37212
13133,-201.01611
13134,-200.68886
13135,-199.42467
13136,-198.03947
13137,-197.38187
13138,-198.26338
13139,-201.35442
13140,-206.50813
13141,-217.47165
13142,-222.94865
13143,-221.69583
13144,-222.61018
13145,-220.40755
13146,-215.91704
13147,-215.01715
13148,-208.53612
13149,-202.30313
13150,-197.14755
13151,-188.89816
13152,-188.38264
13153,-191.42714
13154,-193.51419
13155,-188.87146
13156,-185.60956
13157,-182.53775
13158,-179.73135
13159,-177.26572
13160,-175.21617
13161,-173.65808
13162,-172.66669
13163,-172.31725
13164,-172.67137
13165,-173.71153
13166,-175.31299
13167,-177.34683
13168,-179.68929
13169,-182.20909
13170,-184.73155
13171,-187.02287
13172,-188.847
13173,-189.9706
13174,-190.19153
13175,-189.4896
13176,-188.09131
13177,-186.23328
13178,-184.14061
13179,-182.0428
13180,-180.1949
13181,-178.88649
13182,-178.40857
13183,-179.05019
13184,-181.0335
13185,-184.19205
13186,-187.83356
13187,-191.24527
13188,-193.73965
13189,-194.70976
13190,-194.01701
13191,-192.15855
13192,-189.65773
13193,-187.00826
13194,-184.66522
13195,-182.85757
13196,-181.50766
13197,-180.52536
13198,-179.83505
13199,-179.36113
13200,-179.02814
13201,-178.76048
13202,-178.48264
13203,-178.11911
13204,-179.5623
13205,-183.5852
13206,-184.64029
13207,-184.20708
13208,-182.67471
13209,-180.43277
13210,-177.8712
13211,-175.38007
13212,-173.3496
13213,-172.1698
13214,-172.1699
13215,-173.32594
13216,-175.13573
13217,-177.0784
13218,-178.65611
13219,-179.43692
13220,-179.37132
13221,-178.92816
13222,-178.59708
13223,-178.84315
13224,-180.05363
13225,-182.16368
13226,-184.49649
13227,-186.35104
13228,-187.05562
13229,-186.03346
13230,-183.26251
13231,-179.473
13232,-175.42645
13233,-171.84908
13234,-169.40334
13235,-168.38089
13236,-168.57121
13237,-169.74388
13238,-171.69257
13239,-174.19801
13240,-176.96573
13241,-179.59903
13242,-181.69731
13243,-182.86479
13244,-182.76363
13245,-181.3939
13246,-179.21397
13247,-176.70079
13248,-174.30988
13249,-172.49673
13250,-171.71684
13251,-172.42535
13252,-175.07707
13253,-180.1263
13254,-183.54723
13255,-180.9742
13256,-180.28398
13257,-180.04672
13258,-180.15337
13259,-180.49483
13260,-180.96211
13261,-181.44618
13262,-181.83803
13263,-182.0287
13264,-181.91862
13265,-181.46346
13266,-180.6936
13267,-179.64244
13268,-178.33986
13269,-176.83995
13270,-175.3381
13271,-174.22095
13272,-173.88284
13273,-174.70882
13274,-177.00285
13275,-180.59865
13276,-184.69368
13277,-188.46072
13278,-191.1033
13279,-191.91226
13280,-190.68762
13281,-187.92038
13282,-184.12987
13283,-179.80347
13284,-175.41655
13285,-171.3734
13286,-167.98154
13287,-165.54446
13288,-164.37009
13289,-164.69943
13290,-166.3863
13291,-168.76025
13292,-171.13072
13293,-172.83238
13294,-173.27397
13295,-172.29453
13296,-170.3165
13297,-167.78543
13298,-165.11948
13299,-162.73688
13300,-161.05574
13301,-160.4942
13302,-161.47005
13303,-164.40092
13304,-167.6851
13305,-168.94566
13306,-170.71252
13307,-172.48804
13308,-174.17801
13309,-175.68823
13310,-176.92455
13311,-177.79271
13312,-178.19849
13313,-178.0476
13314,-177.27437
13315,-175.97911
13316,-174.48732
13317,-173.1336
13318,-172.24178
13319,-172.08792
13320,-172.67073
13321,-173.6131
13322,-174.52315
13323,-175.027
13324,-174.81277
13325,-173.92868
13326,-172.91113
13327,-172.3161
13328,-172.67618
13329,-174.43333
13330,-177.50285
13331,-181.0875
13332,-184.36235
13333,-186.53676
13334,-186.92491
13335,-185.45111
13336,-182.8675
13337,-179.96019
13338,-177.4767
13339,-176.0891
13340,-176.03146
13341,-176.9444
13342,-178.44492
13343,-180.17851
13344,-181.81854
13345,-183.19946
13346,-184.37402
13347,-185.40361
13348,-186.33928
13349,-187.23206
13350,-188.13295
13351,-189.09306
13352,-190.16335
13353,-191.3949
13354,-191.70076
13355,-190.328
13356,-189.96826
13357,-190.0107
13358,-190.33984
13359,-190.84035
13360,-191.39685
13361,-191.89398
13362,-192.2164
13363,-192.24876
13364,-191.88986
13365,-191.12106
13366,-190.03548
13367,-188.73099
13368,-187.29999
13369,-185.82765
13370,-184.35587
13371,-182.86797
13372,-181.34492
13373,-179.77051
13374,-178.1351
13375,-176.46819
13376,-174.85187
13377,-173.37048
13378,-172.10585
13379,-171.13615
13380,-170.51884
13381,-170.28336
13382,-170.45796
13383,-171.07225
13384,-172.14879
13385,-173.66927
13386,-175.56006
13387,-177.74533
13388,-180.15196
13389,-182.70676
13390,-185.33643
13391,-187.96739
13392,-190.52603
13393,-192.93878
13394,-195.12505
13395,-196.96284
13396,-198.27448
13397,-198.87976
13398,-198.60117
13399,-197.26103
13400,-194.68147
13401,-190.68448
13402,-190.09189
13403,-182.72537
13404,-174.89534
13405,-187.34422
13406,-186.93591
13407,-190.86818
13408,-194.12282
13409,-196.6816
13410,-198.52628
13411,-199.63853
13412,-200.00005
13413,-199.59254
13414,-198.41783
13415,-196.5957
13416,-194.4057
13417,-192.13414
13418,-190.0599
13419,-188.42996
13420,-187.30597
13421,-186.49837
13422,-185.80734
13423,-185.04507
13424,-184.04984
13425,-182.81194
13426,-181.52765
13427,-180.40163
13428,-179.6287
13429,-179.38075
13430,-179.69666
13431,-180.43471
13432,-181.4462
13433,-182.59097
13434,-183.74373
13435,-184.86559
13436,-186.03455
13437,-187.33331
13438,-188.83905
13439,-190.6082
13440,-192.57695
13441,-194.51866
13442,-196.20007
13443,-197.39569
13444,-197.90236
13445,-197.64688
13446,-196.73239
13447,-195.26942
13448,-193.36008
13449,-191.1066
13450,-188.61128
13451,-185.97638
13452,-183.30424
13453,-180.69714
13454,-178.11357
13455,-175.75719
13456,-174.36682
13457,-173.70067
13458,-173.68022
13459,-174.227
13460,-175.26266
13461,-176.70876
13462,-178.48694
13463,-180.51892
13464,-182.71863
13465,-184.95517
13466,-187.03697
13467,-188.77002
13468,-189.96309
13469,-190.45815
13470,-190.28925
13471,-189.75131
13472,-189.14989
13473,-188.77823
13474,-188.90343
13475,-189.6408
13476,-190.89972
13477,-192.58131
13478,-194.5965
13479,-196.82872
13480,-199.00153
13481,-200.62186
13482,-201.18777
13483,-200.20724
13484,-197.28963
13485,-192.63666
13486,-192.25497
13487,-187.18567
13488,-178.43213
13489,-176.86285
13490,-177.56538
13491,-179.56972
13492,-181.86461
13493,-183.4897
13494,-183.5913
13495,-181.93434
13496,-179.12262
13497,-175.79414
13498,-172.54759
13499,-169.98163
13500,-168.69485
13501,-169.28545
13502,-172.35106
13503,-183.48836
13504,-189.51747
13505,-186.23964
13506,-189.04626
13507,-191.85783
13508,-194.4819
13509,-196.72617
13510,-198.3982
13511,-199.30545
13512,-199.25539
13513,-198.0552
13514,-195.56447
13515,-191.9479
13516,-187.78465
13517,-183.67139
13518,-180.18541
13519,-177.83539
13520,-176.7322
13521,-176.44756
13522,-176.53181
13523,-176.56113
13524,-176.16695
13525,-175.30193
13526,-174.3539
13527,-173.72812
13528,-173.8091
13529,-174.91113
13530,-176.94156
13531,-179.2565
13532,-181.19054
13533,-182.10463
13534,-181.45732
13535,-179.27573
13536,-176.35802
13537,-173.534
13538,-171.59703
13539,-171.24358
13540,-172.60748
13541,-175.06084
13542,-177.94617
13543,-180.64258
13544,-182.58188
13545,-183.50053
13546,-183.5479
13547,-182.8897
13548,-181.6721
13549,-180.04138
13550,-178.1439
13551,-176.12602
13552,-174.13412
13553,-172.31465
13554,-169.04169
13555,-163.76482
13556,-161.63327
13557,-161.2171
13558,-162.11467
13559,-163.92482
13560,-166.24664
13561,-168.67949
13562,-170.82277
13563,-172.27597
13564,-172.70097
13565,-172.12294
13566,-171.05928
13567,-170.04709
13568,-169.60017
13569,-170.15926
13570,-171.7414
13571,-173.78986
13572,-175.7256
13573,-176.99702
13574,-177.1326
13575,-176.12581
13576,-174.60075
13577,-173.20694
13578,-172.56387
13579,-173.20714
13580,-175.18404
13581,-177.88103
13582,-180.65886
13583,-182.90997
13584,-184.09486
13585,-184.06908
13586,-183.22353
13587,-181.97081
13588,-180.69821
13589,-179.75377
13590,-179.25592
13591,-179.01228
13592,-178.81795
13593,-178.4828
13594,-177.84305
13595,-176.88762
13596,-175.81245
13597,-174.82178
13598,-174.10997
13599,-173.87141
13600,-174.30045
13601,-175.59126
13602,-177.93808
13603,-181.53479
13604,-185.27869
13605,-187.38255
13606,-189.14748
13607,-190.49994
13608,-191.52145
13609,-192.29376
13610,-192.89845
13611,-193.41724
13612,-193.93181
13613,-194.52379
13614,-195.2549
13615,-196.07013
13616,-196.75645
13617,-197.09439
13618,-196.87193
13619,-195.9109
13620,-194.23038
13621,-192.117
13622,-189.86855
13623,-187.77028
13624,-186.07053
13625,-184.8029
13626,-183.70988
13627,-182.52225
13628,-180.9845
13629,-178.88756
13630,-176.29247
13631,-173.62622
13632,-171.33066
13633,-169.83026
13634,-169.49217
13635,-170.35165
13636,-171.9944
13637,-173.98862
13638,-175.92422
13639,-177.43562
13640,-178.41629
13641,-179.11032
13642,-179.7758
13643,-180.65407
13644,-181.96114
13645,-183.76543
13646,-185.93546
13647,-188.33177
13648,-190.82455
13649,-193.28395
13650,-195.58015
13651,-197.58334
13652,-199.16364
13653,-200.19116
13654,-196.20859
13655,-190.34921
13656,-185.03154
13657,-177.3716
13658,-176.82207
13659,-177.83725
13660,-179.87233
13661,-182.3831
13662,-184.82584
13663,-186.65681
13664,-187.40625
13665,-187.03339
13666,-186.07935
13667,-185.10895
13668,-184.65955
13669,-185.20776
13670,-186.87698
13671,-189.3122
13672,-192.13931
13673,-195.00725
13674,-197.57654
13675,-199.57562
13676,-200.82458
13677,-201.14717
13678,-200.3625
13679,-198.3303
13680,-195.14645
13681,-191.22745
13682,-187.00357
13683,-182.89012
13684,-179.27892
13685,-176.42505
13686,-174.39813
13687,-173.26025
13688,-173.08223
13689,-173.90382
13690,-175.5845
13691,-177.73952
13692,-179.97482
13693,-181.90794
13694,-183.20184
13695,-183.7831
13696,-183.93533
13697,-183.95659
13698,-184.12791
13699,-184.73044
13700,-186.04521
13701,-188.35316
13702,-191.93503
13703,-197.07118
13704,-199.70676
13705,-195.72166
13706,-193.21257
13707,-190.96689
13708,-189.0872
13709,-187.67612
13710,-186.83621
13711,-186.66994
13712,-187.27982
13713,-188.76819
13714,-191.21132
13715,-194.53392
13716,-198.4554
13717,-202.68712
13718,-206.9504
13719,-210.95659
13720,-214.35922
13721,-216.73318
13722,-217.64992
13723,-216.68393
13724,-213.49696
13725,-208.26144
13726,-206.84457
13727,-200.14467
13728,-194.02823
13729,-189.27716
13730,-181.18147
13731,-179.36455
13732,-178.42259
13733,-177.98381
13734,-177.71585
13735,-177.51465
13736,-177.58514
13737,-178.14468
13738,-179.39575
13739,-181.49405
13740,-184.32312
13741,-187.3981
13742,-190.21977
13743,-192.30643
13744,-193.22792
13745,-192.85373
13746,-191.45964
13747,-189.33829
13748,-186.76314
13749,-184.00793
13750,-181.34642
13751,-179.05243
13752,-177.39964
13753,-176.66176
13754,-177.36931
13755,-179.15057
13756,-180.08649
13757,-180.635
13758,-180.86852
13759,-180.85948
13760,-180.68031
13761,-180.40341
13762,-180.10123
13763,-179.84625
13764,-179.70772
13765,-179.73685
13766,-179.96002
13767,-180.40271
13768,-181.09155
13769,-182.03465
13770,-183.13254
13771,-184.1399
13772,-184.8057
13773,-184.8857
13774,-184.19167
13775,-182.86072
13776,-181.4712
13777,-180.61937
13778,-180.88052
13779,-182.72742
13780,-186.03827
13781,-189.88666
13782,-193.3148
13783,-195.40347
13784,-195.3558
13785,-193.08841
13786,-189.48645
13787,-185.47572
13788,-181.9371
13789,-179.6626
13790,-178.92662
13791,-179.3024
13792,-180.33522
13793,-181.60385
13794,-182.71567
13795,-183.44287
13796,-183.7809
13797,-183.73409
13798,-183.29617
13799,-182.46088
13800,-181.22186
13801,-179.5729
13802,-177.5077
13803,-175.01996
13804,-173.5574
13805,-174.16713
13806,-173.50722
13807,-172.38289
13808,-170.97685
13809,-169.47177
13810,-168.05055
13811,-166.89592
13812,-166.19066
13813,-166.11755
13814,-166.82414
13815,-168.25441
13816,-170.0764
13817,-171.94751
13818,-173.53842
13819,-174.55447
13820,-174.90324
13821,-174.76617
13822,-174.33545
13823,-173.79033
13824,-173.29892
13825,-172.96394
13826,-172.7998
13827,-172.81732
13828,-173.03157
13829,-173.4502
13830,-174.03761
13831,-174.69983
13832,-175.34042
13833,-175.86589
13834,-176.2012
13835,-176.37898
13836,-176.57765
13837,-176.9815
13838,-177.76788
13839,-179.0832
13840,-180.89482
13841,-182.92734
13842,-184.89592
13843,-186.52725
13844,-187.57353
13845,-187.93547
13846,-187.71474
13847,-187.02129
13848,-185.95547
13849,-184.61775
13850,-183.10854
13851,-181.52837
13852,-179.97769
13853,-178.55699
13854,-176.33026
13855,-172.82004
13856,-170.79541
13857,-169.64548
13858,-169.2764
13859,-169.59454
13860,-170.50627
13861,-171.91797
13862,-173.73613
13863,-175.86719
13864,-178.20174
13865,-180.53777
13866,-182.54793
13867,-183.89995
13868,-184.26729
13869,-183.39015
13870,-181.39648
13871,-178.94049
13872,-176.6979
13873,-175.31958
13874,-175.3623
13875,-176.83646
13876,-179.0129
13877,-181.13345
13878,-182.47552
13879,-182.40646
13880,-180.81705
13881,-178.30789
13882,-175.50844
13883,-173.01477
13884,-171.36774
13885,-170.78693
13886,-171.05656
13887,-171.94368
13888,-173.23616
13889,-174.721
13890,-176.18025
13891,-177.38889
13892,-178.12166
13893,-178.15363
13894,-177.29498
13895,-175.56104
13896,-173.24506
13897,-170.6517
13898,-168.07237
13899,-165.79855
13900,-164.1217
13901,-163.33318
13902,-163.72415
13903,-165.58574
13904,-164.95184
13905,-163.45
13906,-155.1247
13907,-153.21283
13908,-152.54404
13909,-152.94817
13910,-154.25534
13911,-156.29565
13912,-158.89925
13913,-161.89641
13914,-165.10266
13915,-168.24815
13916,-170.94731
13917,-172.8101
13918,-173.45183
13919,-172.56897
13920,-170.33052
13921,-167.54639
13922,-165.05225
13923,-163.65353
13924,-164.04272
13925,-166.25764
13926,-169.45009
13927,-172.73781
13928,-175.28131
13929,-176.34506
13930,-175.79744
13931,-174.3253
13932,-172.64827
13933,-171.44736
13934,-171.32419
13935,-172.41847
13936,-174.24457
13937,-176.29234
13938,-178.0817
13939,-179.18265
13940,-179.45663
13941,-179.15987
13942,-178.56429
13943,-177.92313
13944,-177.48024
13945,-177.42441
13946,-177.86983
13947,-178.9277
13948,-180.71277
13949,-183.33954
13950,-186.92262
13951,-191.57643
13952,-202.41522
13953,-209.55309
13954,-207.50266
13955,-201.65573
13956,-198.93195
13957,-197.03932
13958,-195.75497
13959,-194.85616
13960,-194.12036
13961,-193.32506
13962,-192.24774
13963,-190.666
13964,-188.40327
13965,-185.55101
13966,-182.564
13967,-179.91202
13968,-178.04765
13969,-177.35269
13970,-177.7985
13971,-178.8004
13972,-179.75189
13973,-180.07304
13974,-179.26878
13975,-177.33719
13976,-174.94522
13977,-172.78688
13978,-171.52448
13979,-171.73329
13980,-173.48323
13981,-176.16013
13982,-179.12325
13983,-181.76477
13984,-183.54425
13985,-184.31203
13986,-184.44803
13987,-184.3533
13988,-184.40395
13989,-184.91925
13990,-185.88808
13991,-186.85158
13992,-187.33301
13993,-186.87677
13994,-185.08995
13995,-181.94429
13996,-177.90657
13997,-173.46402
13998,-169.08066
13999,-165.22057
14000,-162.34761
14001,-160.92549
14002,-161.4175
14003,-164.28654
14004,-166.99161
14005,-166.04916
14006,-165.60202
14007,-165.10693
14008,-164.64201
14009,-164.28545
14010,-164.11536
14011,-164.20995
14012,-164.64726
14013,-165.50552
14014,-166.85005
14015,-168.6724
14016,-170.86404
14017,-173.31268
14018,-175.91068
14019,-178.54686
14020,-181.08856
14021,-183.37416
14022,-185.24088
14023,-186.52728
14024,-187.09846
14025,-186.97377
14026,-186.38191
14027,-185.56003
14028,-184.73541
14029,-184.10918
14030,-183.72948
14031,-183.43738
14032,-183.06554
14033,-182.4565
14034,-181.46837
14035,-180.04974
14036,-178.27191
14037,-176.2112
14038,-173.93805
14039,-171.53004
14040,-169.10614
14041,-166.84128
14042,-164.91266
14043,-163.4948
14044,-162.74043
14045,-162.67627
14046,-163.15831
14047,-164.03587
14048,-165.16649
14049,-166.40773
14050,-167.61723
14051,-168.65253
14052,-169.37129
14053,-169.63103
14054,-171.03647
14055,-174.70692
14056,-176.54779
14057,-177.5648
14058,-177.99055
14059,-178.05762
14060,-177.99876
14061,-178.04678
14062,-178.43451
14063,-179.39465
14064,-181.12456
14065,-183.61546
14066,-186.57986
14067,-189.71922
14068,-192.74843
14069,-195.40337
14070,-197.54227
14071,-199.18901
14072,-200.3741
14073,-201.12018
14074,-201.45807
14075,-201.46547
14076,-201.28383
14077,-201.0572
14078,-200.92671
14079,-201.01236
14080,-201.31122
14081,-201.65387
14082,-201.86397
14083,-201.77306
14084,-201.22618
14085,-200.14691
14086,-198.56546
14087,-196.5165
14088,-194.02965
14089,-191.14757
14090,-187.98853
14091,-184.77347
14092,-181.72758
14093,-179.07112
14094,-177.00052
14095,-175.57297
14096,-174.65729
14097,-174.11484
14098,-173.81586
14099,-173.63075
14100,-173.42981
14101,-173.08347
14102,-172.46207
14103,-171.43596
14104,-171.45955
14105,-173.41705
14106,-173.39346
14107,-172.44556
14108,-170.86777
14109,-168.9546
14110,-167.00081
14111,-165.3011
14112,-164.15016
14113,-163.84271
14114,-164.62413
14115,-166.45438
14116,-168.90704
14117,-171.5407
14118,-173.93259
14119,-175.70242
14120,-176.716
14121,-177.1727
14122,-177.28502
14123,-177.2496
14124,-177.24194
14125,-177.31366
14126,-177.34875
14127,-177.22447
14128,-176.82614
14129,-176.07097
14130,-175.06248
14131,-174.15642
14132,-173.71864
14133,-174.10298
14134,-175.60008
14135,-178.135
14136,-181.1374
14137,-184.01782
14138,-186.21053
14139,-187.22447
14140,-187.00316
14141,-186.07933
14142,-185.0096
14143,-184.32289
14144,-184.48727
14145,-185.61642
14146,-187.34412
14147,-189.28503
14148,-191.07666
14149,-192.35667
14150,-192.76253
14151,-191.93166
14152,-189.50099
14153,-185.10713
14154,-180.76926
14155,-179.60245
14156,-178.91232
14157,-178.90532
14158,-179.43866
14159,-180.36967
14160,-181.55571
14161,-182.8542
14162,-184.12256
14163,-185.21817
14164,-186.02094
14165,-186.54045
14166,-186.96254
14167,-187.48001
14168,-188.2774
14169,-189.5061
14170,-191.12535
14171,-192.83415
14172,-194.3209
14173,-195.28656
14174,-195.45728
14175,-194.70712
14176,-193.11063
14177,-190.75049
14178,-187.70013
14179,-184.05324
14180,-180.0217
14181,-175.9777
14182,-172.3
14183,-169.35971
14184,-167.48024
14185,-166.70895
14186,-166.71924
14187,-167.16982
14188,-167.73747
14189,-168.13547
14190,-168.28935
14191,-168.412
14192,-168.72766
14193,-169.44681
14194,-170.75166
14195,-172.66063
14196,-174.97015
14197,-177.46808
14198,-179.95287
14199,-182.22304
14200,-184.07712
14201,-185.31354
14202,-185.73067
14203,-185.1268
14204,-185.94415
14205,-189.95346
14206,-191.06381
14207,-190.72485
14208,-189.25153
14209,-186.95912
14210,-184.16325
14211,-181.1798
14212,-178.32469
14213,-175.91383
14214,-174.23921
14215,-173.4535
14216,-173.52084
14217,-174.39781
14218,-176.04996
14219,-178.41273
14220,-181.24619
14221,-184.07307
14222,-186.4068
14223,-187.7721
14224,-187.76694
14225,-186.4161
14226,-184.32327
14227,-182.11595
14228,-180.3945
14229,-179.68922
14230,-180.12358
14231,-181.26959
14232,-182.67758
14233,-183.92416
14234,-184.62645
14235,-184.63647
14236,-184.12462
14237,-183.27402
14238,-182.25278
14239,-181.23007
14240,-180.38115
14241,-179.88922
14242,-179.93785
14243,-180.7102
14244,-182.35619
14245,-184.83319
14246,-187.8379
14247,-191.05682
14248,-194.18898
14249,-196.93343
14250,-198.9892
14251,-200.05519
14252,-199.83012
14253,-198.01234
14254,-198.8328
14255,-210.38348
14256,-207.25266
14257,-206.86159
14258,-204.70975
14259,-201.29771
14260,-197.12683
14261,-192.6991
14262,-188.51675
14263,-185.08202
14264,-182.83926
14265,-181.89746
14266,-181.9112
14267,-182.51678
14268,-183.37239
14269,-184.15479
14270,-184.64847
14271,-184.78357
14272,-184.49612
14273,-183.71521
14274,-182.38817
14275,-180.5687
14276,-178.45474
14277,-176.25008
14278,-174.15172
14279,-172.34477
14280,-170.94543
14281,-169.97647
14282,-169.45694
14283,-169.41032
14284,-169.84409
14285,-170.67287
14286,-171.68562
14287,-172.66629
14288,-173.40492
14289,-173.72014
14290,-173.59677
14291,-173.24495
14292,-172.88373
14293,-172.72148
14294,-172.94228
14295,-173.58902
14296,-174.51358
14297,-175.5602
14298,-176.58234
14299,-177.43335
14300,-177.9667
14301,-178.03577
14302,-177.49391
14303,-176.19443
14304,-174.39847
14305,-172.8364
14306,-171.51962
14307,-170.4234
14308,-169.55144
14309,-168.90733
14310,-168.49483
14311,-168.3175
14312,-168.3791
14313,-168.68323
14314,-169.2352
14315,-170.05002
14316,-171.15564
14317,-172.58054
14318,-174.35255
14319,-176.47565
14320,-178.81479
14321,-181.04663
14322,-182.84053
14323,-183.87477
14324,-183.9052
14325,-183.13924
14326,-182.39679
14327,-182.52242
14328,-184.33148
14329,-188.5113
14330,-200.00797
14331,-207.76535
14332,-215.68901
14333,-222.7334
14334,-227.94604
14335,-225.91283
14336,-226.94962
14337,-226.40305
14338,-224.58594
14339,-221.81456
14340,-218.42262
14341,-214.76709
14342,-211.2062
14343,-208.09715
14344,-205.7547
14345,-204.24727
14346,-203.30902
14347,-202.66032
14348,-202.03722
14349,-201.17578
14350,-199.81223
14351,-197.68256
14352,-194.52272
14353,-190.06842
14354,-186.29353
14355,-186.36952
14356,-187.98721
14357,-190.90346
14358,-194.67043
14359,-198.84077
14360,-202.96756
14361,-206.60387
14362,-209.3029
14363,-210.61752
14364,-210.21915
14365,-208.47112
14366,-206.67627
14367,-206.17787
14368,-208.27457
14369,-214.00189
14370,-227.87639
14371,-237.36168
14372,-244.84198
14373,-242.79851
14374,-239.07285
14375,-233.6361
14376,-219.37106
14377,-204.30692
14378,-191.34648
14379,-183.08157
14380,-175.30162
14381,-176.35896
14382,-179.50998
14383,-183.13055
14384,-185.73997
14385,-186.67963
14386,-186.40352
14387,-185.4101
14388,-184.14526
14389,-183.0128
14390,-182.16995
14391,-181.43979
14392,-180.63187
14393,-179.57172
14394,-178.10983
14395,-176.2429
14396,-174.16554
14397,-172.08041
14398,-170.18076
14399,-168.65976
14400,-167.71063
14401,-167.52652
14402,-168.30043
14403,-170.22531
14404,-173.41809
14405,-177.05334
14406,-179.72906
14407,-181.89052
14408,-183.66252
14409,-185.17003
14410,-186.53789
14411,-187.89104
14412,-189.35449
14413,-191.05313
14414,-193.08374
14415,-195.37932
14416,-197.65097
14417,-199.60097
14418,-200.94205
14419,-201.41975
14420,-200.97087
14421,-199.79164
14422,-198.08917
14423,-196.0584
14424,-193.88956
14425,-191.7448
14426,-189.7483
14427,-188.02261
14428,-186.69206
14429,-185.87152
14430,-185.62149
14431,-185.92847
14432,-186.776
14433,-188.15118
14434,-190.02724
14435,-192.29701
14436,-194.74431
14437,-197.14876
14438,-199.29507
14439,-200.97836
14440,-202.05376
14441,-202.4579
14442,-202.13069
14443,-201.00809
14444,-199.04723
14445,-196.3282
14446,-193.0981
14447,-189.61115
14448,-186.11372
14449,-182.85225
14450,-180.07314
14451,-178.02267
14452,-176.9471
14453,-177.09242
14454,-178.92473
14455,-181.49826
14456,-182.1078
14457,-181.6348
14458,-180.35918
14459,-178.5611
14460,-176.52087
14461,-174.51886
14462,-172.83557
14463,-171.75142
14464,-171.51094
14465,-172.15103
14466,-173.42715
14467,-175.0838
14468,-176.87894
14469,-178.58609
14470,-180.0685
14471,-181.31113
14472,-182.3037
14473,-183.03015
14474,-183.47766
14475,-183.65266
14476,-183.58742
14477,-183.31523
14478,-182.86832
14479,-182.27307
14480,-181.52313
14481,-180.56743
14482,-179.35323
14483,-177.8298
14484,-175.97487
14485,-173.93117
14486,-172.0652
14487,-170.75243
14488,-170.35754
14489,-171.18645
14490,-173.20389
14491,-175.91287
14492,-178.79837
14493,-181.36774
14494,-183.17227
14495,-184.01897
14496,-184.06119
14497,-183.46606
14498,-182.38438
14499,-180.967
14500,-179.3648
14501,-177.72874
14502,-176.20978
14503,-174.95888
14504,-173.8915
14505,-173.01418
14506,-172.9576
14507,-173.42674
14508,-174.27802
14509,-175.36781
14510,-176.55261
14511,-177.68884
14512,-178.63306
14513,-179.24167
14514,-179.39806
14515,-179.14215
14516,-178.72583
14517,-178.40956
14518,-178.44377
14519,-179.04056
14520,-180.1899
14521,-181.58067
14522,-182.88995
14523,-183.80916
14524,-184.055
14525,-183.4916
14526,-182.18277
14527,-180.20041
14528,-177.60695
14529,-174.48566
14530,-171.04091
14531,-167.64107
14532,-164.66115
14533,-162.46828
14534,-161.38567
14535,-161.48198
14536,-162.48123
14537,-164.09421
14538,-166.04808
14539,-168.07611
14540,-169.94536
14541,-171.46867
14542,-172.46072
14543,-172.73386
14544,-172.12642
14545,-170.6271
14546,-168.4288
14547,-165.7326
14548,-162.72987
14549,-159.61209
14550,-156.57074
14551,-153.79727
14552,-151.48315
14553,-149.81973
14554,-152.94077
14555,-167.65715
14556,-172.78163
14557,-170.87949
14558,-172.3939
14559,-172.7682
14560,-172.44608
14561,-171.87152
14562,-171.48868
14563,-171.74176
14564,-173.00377
14565,-175.23434
14566,-177.83336
14567,-180.17897
14568,-181.67607
14569,-181.80399
14570,-180.47496
14571,-178.18837
14572,-175.46738
14573,-172.80763
14574,-170.66072
14575,-169.22191
14576,-168.33899
14577,-167.84604
14578,-167.59366
14579,-167.45377
14580,-167.42151
14581,-167.65909
14582,-168.33531
14583,-169.61084
14584,-171.60904
14585,-174.23593
14586,-177.1035
14587,-179.81241
14588,-181.97725
14589,-183.25955
14590,-183.59283
14591,-183.27946
14592,-182.63658
14593,-181.96393
14594,-181.53674
14595,-181.48714
14596,-181.75323
14597,-182.26535
14598,-182.96309
14599,-183.78603
14600,-184.67377
14601,-185.56589
14602,-186.40202
14603,-187.12175
14604,-186.78035
14605,-184.78291
14606,-183.36363
14607,-182.1346
14608,-181.09761
14609,-180.25461
14610,-179.6075
14611,-179.15814
14612,-178.90845
14613,-178.86034
14614,-179.0161
14615,-179.38055
14616,-179.96193
14617,-180.76859
14618,-181.80873
14619,-183.0697
14620,-184.41788
14621,-185.55571
14622,-186.1791
14623,-185.99173
14624,-184.75964
14625,-182.61316
14626,-180.17636
14627,-178.09355
14628,-176.98578
14629,-177.39218
14630,-179.37828
14631,-182.3681
14632,-185.76056
14633,-188.98555
14634,-191.51068
14635,-193.02257
14636,-193.504
14637,-192.94966
14638,-191.3402
14639,-188.68384
14640,-185.15013
14641,-181.12729
14642,-177.01285
14643,-173.19394
14644,-170.02592
14645,-167.67932
14646,-166.07408
14647,-165.1203
14648,-164.73993
14649,-164.85507
14650,-165.38779
14651,-166.26018
14652,-167.39438
14653,-168.71252
14654,-171.33418
14655,-175.23267
14656,-176.27892
14657,-175.85335
14658,-174.45204
14659,-172.57155
14660,-170.70876
14661,-169.36073
14662,-169.02435
14663,-170.19638
14664,-173.26822
14665,-178.02116
14666,-188.41107
14667,-188.36249
14668,-191.83981
14669,-192.95186
14670,-191.64859
14671,-189.02142
14672,-186.20929
14673,-184.29811
14674,-184.23628
14675,-186.17339
14676,-189.1771
14677,-192.27254
14678,-194.53674
14679,-195.15836
14680,-193.97441
14681,-191.70154
14682,-189.09294
14683,-186.86076
14684,-185.65765
14685,-185.7896
14686,-187.09291
14687,-189.38495
14688,-192.50542
14689,-196.27182
14690,-200.37164
14691,-204.31633
14692,-207.61037
14693,-209.76651
14694,-210.35922
14695,-209.32352
14696,-207.08398
14697,-204.08623
14698,-200.75328
14699,-197.5084
14700,-194.77496
14701,-192.97626
14702,-192.53523
14703,-193.87445
14704,-192.85715
14705,-191.26758
14706,-184.23367
14707,-184.3333
14708,-186.01782
14709,-188.73961
14710,-191.95178
14711,-195.10782
14712,-197.66138
14713,-199.06613
14714,-198.85432
14715,-197.0171
14716,-194.16849
14717,-190.94878
14718,-187.96936
14719,-185.79848
14720,-184.75294
14721,-184.80887
14722,-185.92834
14723,-188.08965
14724,-191.23146
14725,-195.06241
14726,-198.9795
14727,-202.36755
14728,-204.62622
14729,-205.2388
14730,-204.17673
14731,-202.07419
14732,-199.5934
14733,-197.36594
14734,-195.95743
14735,-195.54913
14736,-195.80118
14737,-196.3523
14738,-196.86603
14739,-197.03345
14740,-196.70517
14741,-195.94821
14742,-194.83852
14743,-193.44171
14744,-191.82373
14745,-190.05142
14746,-188.1931
14747,-186.31706
14748,-184.49156
14749,-182.78485
14750,-181.26518
14751,-180.00082
14752,-179.05997
14753,-178.51083
14754,-180.19118
14755,-184.60852
14756,-186.25848
14757,-186.54224
14758,-185.78403
14759,-184.30858
14760,-182.44077
14761,-180.50569
14762,-178.82849
14763,-177.7344
14764,-177.49625
14765,-178.08333
14766,-179.054
14767,-179.95026
14768,-180.33377
14769,-179.83063
14770,-178.44144
14771,-176.67464
14772,-175.05916
14773,-174.09987
14774,-174.234
14775,-175.50626
14776,-177.42976
14777,-179.49689
14778,-181.22536
14779,-182.18549
14780,-182.25229
14781,-181.71373
14782,-180.87433
14783,-180.01917
14784,-179.41864
14785,-179.25757
14786,-179.6051
14787,-180.5256
14788,-182.0889
14789,-184.32951
14790,-187.07639
14791,-189.88034
14792,-192.28111
14793,-193.83173
14794,-194.13934
14795,-193.12624
14796,-191.14238
14797,-188.5555
14798,-185.71332
14799,-182.96367
14800,-180.6545
14801,-179.13359
14802,-178.74867
14803,-179.84714
14804,-183.98306
14805,-195.22864
14806,-192.31004
14807,-192.15677
14808,-190.363
14809,-187.5241
14810,-184.2361
14811,-181.09563
14812,-178.69934
14813,-177.64375
14814,-178.42993
14815,-181.0064
14816,-184.57388
14817,-188.304
14818,-191.40451
14819,-193.18385
14820,-193.53462
14821,-193.14145
14822,-192.72156
14823,-192.95483
14824,-194.41551
14825,-197.06395
14826,-200.02899
14827,-202.4062
14828,-203.33061
14829,-202.05365
14830,-198.5069
14831,-193.54576
14832,-193.06532
14833,-187.91814
14834,-178.88936
14835,-176.37209
14836,-175.22794
14837,-175.29703
14838,-176.44487
14839,-178.50769
14840,-181.15176
14841,-183.81308
14842,-185.91862
14843,-186.90631
14844,-186.29022
14845,-184.02853
14846,-180.68182
14847,-176.83554
14848,-173.04703
14849,-169.87378
14850,-167.87297
14851,-167.6016
14852,-169.61603
14853,-174.47208
14854,-177.97577
14855,-174.79948
14856,-172.08109
14857,-168.99142
14858,-165.77031
14859,-162.65768
14860,-159.89345
14861,-157.7175
14862,-156.36952
14863,-156.08925
14864,-157.05898
14865,-159.12813
14866,-161.69551
14867,-164.14268
14868,-165.87297
14869,-166.37286
14870,-165.61244
14871,-164.21718
14872,-162.83846
14873,-162.09651
14874,-162.52588
14875,-164.16287
14876,-166.36957
14877,-168.48189
14878,-169.86821
14879,-169.98912
14880,-168.84128
14881,-167.14793
14882,-165.6613
14883,-165.09901
14884,-166.0759
14885,-168.60948
14886,-171.90901
14887,-175.1526
14888,-177.5573
14889,-178.43443
14890,-177.64339
14891,-175.78656
14892,-173.49622
14893,-171.36975
14894,-169.94775
14895,-169.44058
14896,-169.61119
14897,-170.20474
14898,-170.98796
14899,-171.72754
14900,-172.19022
14901,-172.14275
14902,-171.35175
14903,-169.58382
14904,-167.84276
14905,-167.51944
14906,-166.91855
14907,-166.38591
14908,-165.98882
14909,-165.7945
14910,-165.87022
14911,-166.28325
14912,-167.10078
14913,-168.39005
14914,-170.19055
14915,-172.38066
14916,-174.62068
14917,-176.56247
14918,-177.86818
14919,-178.25237
14920,-177.7333
14921,-176.74126
14922,-175.72299
14923,-175.10585
14924,-175.25946
14925,-176.2184
14926,-177.56326
14927,-178.85689
14928,-179.68379
14929,-179.68936
14930,-178.87355
14931,-177.71667
14932,-176.71852
14933,-176.35599
14934,-177.03151
14935,-178.71442
14936,-180.7879
14937,-182.61206
14938,-183.57512
14939,-183.14557
14940,-181.25955
14941,-178.48764
14942,-175.42627
14943,-172.64212
14944,-170.6479
14945,-169.6428
14946,-169.40108
14947,-169.68027
14948,-170.25812
14949,-170.91258
14950,-171.42157
14951,-171.56303
14952,-171.11485
14953,-169.8549
14954,-171.82272
14955,-184.54683
14956,-182.51303
14957,-183.24693
14958,-182.28804
14959,-180.17657
14960,-177.45357
14961,-174.6604
14962,-172.33871
14963,-171.03001
14964,-171.19653
14965,-172.8409
14966,-175.34334
14967,-178.05998
14968,-180.37694
14969,-181.74692
14970,-182.0091
14971,-181.52654
14972,-180.68326
14973,-179.8385
14974,-179.31323
14975,-179.20512
14976,-179.30922
14977,-179.40854
14978,-179.30046
14979,-178.81973
14980,-178.0182
14981,-177.24197
14982,-176.84892
14983,-177.18292
14984,-178.5246
14985,-180.78783
14986,-183.38965
14987,-185.72786
14988,-187.22388
14989,-187.38292
14990,-186.1978
14991,-184.32266
14992,-182.43878
14993,-181.19632
14994,-181.17308
14995,-182.52623
14996,-184.8434
14997,-187.68967
14998,-190.65746
14999,-193.33936
15000,-195.32794
15001,-196.21571
15002,-195.59488
15003,-193.05707
15004,-190.06606
15005,-189.08987
15006,-188.2179
15007,-187.63026
15008,-187.26077
15009,-187.04321
15010,-186.91139
15011,-186.79912
15012,-186.64021
15013,-186.36848
15014,-185.92633
15015,-185.30594
15016,-184.56711
15017,-183.77226
15018,-182.98074
15019,-182.2426
15020,-181.55443
15021,-180.84021
15022,-180.02112
15023,-179.02165
15024,-177.7913
15025,-176.42416
15026,-175.21056
15027,-174.44861
15028,-174.42711
15029,-175.38023
15030,-177.22566
15031,-179.45235
15032,-181.53261
15033,-182.95924
15034,-183.2931
15035,-182.4913
15036,-181.04791
15037,-179.4789
15038,-178.27484
15039,-177.86674
15040,-178.33931
15041,-179.30794
15042,-180.36948
15043,-181.1432
15044,-181.28584
15045,-180.67155
15046,-179.46942
15047,-177.86026
15048,-176.01097
15049,-174.08855
15050,-172.25996
15051,-170.69217
15052,-169.55214
15053,-169.00679
15054,-168.25504
15055,-166.914
15056,-167.51265
15057,-169.2448
15058,-171.82635
15059,-174.97346
15060,-178.40236
15061,-181.82939
15062,-184.97102
15063,-187.54367
15064,-189.29095
15065,-190.11476
15066,-190.13147
15067,-189.466
15068,-188.23329
15069,-186.56158
15070,-184.65623
15071,-182.8272
15072,-181.38878
15073,-180.65019
15074,-180.86923
15075,-182.0052
15076,-183.61305
15077,-185.23192
15078,-186.42007
15079,-186.79033
15080,-186.27167
15081,-185.22176
15082,-184.01569
15083,-183.00832
15084,-182.51915
15085,-182.66194
15086,-183.2717
15087,-184.17223
15088,-185.20059
15089,-186.2112
15090,-187.15886
15091,-188.13438
15092,-189.23402
15093,-190.54758
15094,-192.14145
15095,-193.94635
15096,-195.7091
15097,-197.16911
15098,-198.07442
15099,-198.17314
15100,-197.21301
15101,-194.94174
15102,-191.10672
15103,-190.45506
15104,-185.22554
15105,-178.60442
15106,-177.46379
15107,-177.00687
15108,-177.02588
15109,-177.31314
15110,-177.661
15111,-177.8619
15112,-177.70822
15113,-176.99237
15114,-175.5426
15115,-173.39647
15116,-170.87494
15117,-168.3106
15118,-166.02243
15119,-164.30151
15120,-163.2763
15121,-162.85498
15122,-162.93703
15123,-163.43254
15124,-164.25308
15125,-165.31839
15126,-166.55956
15127,-167.908
15128,-169.29477
15129,-170.6539
15130,-171.93822
15131,-173.12561
15132,-174.19498
15133,-175.12398
15134,-175.88867
15135,-176.4552
15136,-176.77632
15137,-176.80438
15138,-176.49228
15139,-175.80446
15140,-174.7728
15141,-173.5203
15142,-172.17374
15143,-170.85545
15144,-169.68217
15145,-168.7372
15146,-168.05856
15147,-167.68262
15148,-167.64783
15149,-167.9926
15150,-168.75539
15151,-169.97462
15152,-171.68869
15153,-173.936
15154,-177.8401
15155,-188.31882
15156,-186.31111
15157,-187.88338
15158,-188.286
15159,-187.7696
15160,-186.58505
15161,-184.98335
15162,-183.21568
15163,-181.53331
15164,-180.17384
15165,-179.29568
15166,-178.94987
15167,-179.18298
15168,-180.04681
15169,-181.5662
15170,-183.6099
15171,-185.83546
15172,-187.89206
15173,-189.43895
15174,-190.16576
15175,-189.93895
15176,-188.86479
15177,-187.05922
15178,-184.62694
15179,-181.68243
15180,-178.39706
15181,-175.01921
15182,-171.80052
15183,-168.9888
15184,-166.79654
15185,-165.23076
15186,-164.01999
15187,-162.88193
15188,-161.5475
15189,-159.7973
15190,-157.70024
15191,-155.71582
15192,-154.31888
15193,-153.96548
15194,-155.04893
15195,-157.59856
15196,-161.15099
15197,-165.22409
15198,-169.35945
15199,-173.09894
15200,-175.98445
15201,-177.55775
15202,-177.3603
15203,-174.93297
15204,-171.0395
15205,-167.98056
15206,-165.95525
15207,-164.67992
15208,-164.02362
15209,-163.85542
15210,-164.04448
15211,-164.45998
15212,-164.97115
15213,-165.44722
15214,-165.77985
15215,-165.99112
15216,-166.27966
15217,-166.85109
15218,-167.90245
15219,-169.58989
15220,-171.83122
15221,-174.2218
15222,-176.34438
15223,-177.7972
15224,-178.23929
15225,-177.68382
15226,-176.62396
15227,-175.57205
15228,-175.0178
15229,-175.39096
15230,-176.77235
15231,-178.77058
15232,-180.97562
15233,-183.00009
15234,-184.48383
15235,-185.22356
15236,-185.2289
15237,-184.51797
15238,-183.09868
15239,-181.00339
15240,-178.4059
15241,-175.67188
15242,-173.17485
15243,-171.27925
15244,-170.31386
15245,-170.401
15246,-171.38344
15247,-173.09285
15248,-175.37439
15249,-178.07326
15250,-181.03468
15251,-184.10403
15252,-187.1266
15253,-189.94778
15254,-191.24013
15255,-190.13402
15256,-189.5259
15257,-188.88605
15258,-188.1916
15259,-187.4197
15260,-186.5474
15261,-185.55185
15262,-184.41014
15263,-183.09938
15264,-181.60889
15265,-179.99878
15266,-178.42522
15267,-177.04825
15268,-176.0233
15269,-175.47679
15270,-175.36606
15271,-175.41954
15272,-175.35661
15273,-174.90755
15274,-173.84941
15275,-172.23148
15276,-170.472
15277,-169.00397
15278,-168.24278
15279,-168.54903
15280,-169.9646
15281,-172.10027
15282,-174.54993
15283,-176.92828
15284,-178.90218
15285,-180.44133
15286,-181.92561
15287,-183.75119
15288,-186.29459
15289,-189.85173
15290,-194.25037
15291,-198.68463
15292,-202.32376
15293,-204.36708
15294,-204.11398
15295,-201.4491
15296,-197.05225
15297,-196.63739
15298,-190.88202
15299,-185.46414
15300,-176.06165
15301,-173.35194
15302,-173.01184
15303,-175.71721
15304,-179.2761
15305,-179.85806
15306,-180.25142
15307,-180.28252
15308,-180.11464
15309,-179.91125
15310,-179.83572
15311,-180.05154
15312,-180.72206
15313,-182.01064
15314,-184.03345
15315,-186.63277
15316,-189.27997
15317,-191.43181
15318,-192.56265
15319,-192.22778
15320,-190.45462
15321,-187.91086
15322,-185.29086
15323,-183.25916
15324,-182.41817
15325,-183.01056
15326,-184.79164
15327,-187.49713
15328,-190.88623
15329,-194.69772
15330,-198.55212
15331,-201.90935
15332,-204.22295
15333,-204.95366
15334,-203.65256
15335,-200.39812
15336,-195.98564
15337,-191.24135
15338,-186.95847
15339,-183.8472
15340,-182.13567
15341,-181.39825
15342,-181.18306
15343,-181.06943
15344,-180.67441
15345,-179.83376
15346,-178.67961
15347,-177.35588
15348,-175.99255
15349,-174.7195
15350,-173.6667
15351,-172.96408
15352,-172.74153
15353,-173.12888
15354,-171.3271
15355,-165.56903
15356,-163.08676
15357,-162.21419
15358,-162.63364
15359,-164.02774
15360,-166.0794
15361,-168.47177
15362,-170.88799
15363,-173.01137
15364,-174.55473
15365,-175.40283
15366,-175.67323
15367,-175.49269
15368,-174.97687
15369,-174.25821
15370,-173.56644
15371,-173.26299
15372,-173.71451
15373,-175.28125
15374,-178.24889
15375,-182.4704
15376,-187.21368
15377,-191.72394
15378,-195.2746
15379,-197.22565
15380,-197.44046
15381,-196.46509
15382,-194.87387
15383,-193.20926
15384,-191.96085
15385,-191.30933
15386,-191.01624
15387,-190.82607
15388,-190.50317
15389,-189.83615
15390,-188.75438
15391,-187.37811
15392,-185.83536
15393,-184.2452
15394,-182.72084
15395,-181.34213
15396,-180.14334
15397,-179.157
15398,-178.41774
15399,-177.96022
15400,-177.81905
15401,-178.02882
15402,-178.6242
15403,-179.63979
15404,-178.98528
15405,-175.70438
15406,-175.61935
15407,-177.14105
15408,-179.82536
15409,-183.22856
15410,-186.90736
15411,-190.41873
15412,-193.31964
15413,-195.16711
15414,-195.58055
15415,-194.54364
15416,-192.53453
15417,-190.05191
15418,-187.57143
15419,-185.5332
15420,-184.16945
15421,-183.43057
15422,-183.25546
15423,-183.59642
15424,-184.39702
15425,-185.54996
15426,-186.87894
15427,-188.20502
15428,-189.35246
15429,-190.1603
15430,-190.5529
15431,-190.57039
15432,-190.25761
15433,-189.65393
15434,-188.806
15435,-187.80331
15436,-186.79337
15437,-185.92595
15438,-185.34816
15439,-185.18698
15440,-185.45268
15441,-185.9974
15442,-186.66693
15443,-187.31458
15444,-187.8068
15445,-188.08624
15446,-188.19884
15447,-188.19469
15448,-188.11897
15449,-188.01688
15450,-187.93361
15451,-187.91438
15452,-188.00438
15453,-188.24881
15454,-187.87132
15455,-186.39607
15456,-185.86705
15457,-185.78618
15458,-186.0412
15459,-186.51993
15460,-187.11023
15461,-187.6999
15462,-188.17685
15463,-188.42894
15464,-188.35732
15465,-187.94075
15466,-187.26305
15467,-186.41235
15468,-185.47185
15469,-184.51772
15470,-183.58592
15471,-182.65773
15472,-181.71227
15473,-180.73117
15474,-179.6922
15475,-178.5501
15476,-177.22853
15477,-175.64987
15478,-173.73798
15479,-171.44885
15480,-168.92555
15481,-166.56458
15482,-164.77254
15483,-163.94385
15484,-164.40321
15485,-166.07054
15486,-168.31796
15487,-170.49648
15488,-171.98334
15489,-172.23167
15490,-171.13507
15491,-169.18408
15492,-166.89319
15493,-164.7486
15494,-163.19466
15495,-162.43251
15496,-162.33362
15497,-162.75655
15498,-163.57568
15499,-164.6654
15500,-165.9001
15501,-167.15417
15502,-168.30217
15503,-169.21844
15504,-166.61992
15505,-164.22821
15506,-156.25449
15507,-155.4733
15508,-156.42632
15509,-158.65585
15510,-161.70453
15511,-165.11539
15512,-168.4315
15513,-171.19618
15514,-173.0132
15515,-173.83798
15516,-174.10228
15517,-174.25671
15518,-174.72934
15519,-175.8903
15520,-177.77374
15521,-179.95857
15522,-182.00589
15523,-183.4985
15524,-184.06395
15525,-183.5897
15526,-182.3156
15527,-180.49579
15528,-178.36775
15529,-176.16373
15530,-174.08441
15531,-172.28786
15532,-170.93036
15533,-170.17026
15534,-170.14052
15535,-170.8276
15536,-172.01964
15537,-173.4968
15538,-175.04892
15539,-176.47571
15540,-177.63432
15541,-178.45973
15542,-178.88991
15543,-178.85916
15544,-178.31897
15545,-177.32146
15546,-176.05487
15547,-174.71304
15548,-173.48328
15549,-172.5529
15550,-172.10924
15551,-172.33955
15552,-173.43102
15553,-175.57076
15554,-175.48705
15555,-170.78694
15556,-169.42226
15557,-169.57857
15558,-170.90633
15559,-173.05649
15560,-175.68013
15561,-178.4286
15562,-180.95331
15563,-182.90575
15564,-183.97496
15565,-184.06859
15566,-183.39064
15567,-182.15715
15568,-180.5701
15569,-178.83363
15570,-177.16408
15571,-175.79433
15572,-174.9577
15573,-174.88687
15574,-175.77037
15575,-177.5416
15576,-179.78839
15577,-182.08516
15578,-184.02283
15579,-185.23418
15580,-185.59503
15581,-185.31064
15582,-184.59953
15583,-183.66464
15584,-182.70033
15585,-181.85109
15586,-181.19345
15587,-180.80124
15588,-180.75157
15589,-181.09987
15590,-181.77597
15591,-182.5396
15592,-183.14378
15593,-183.34958
15594,-182.94756
15595,-181.90015
15596,-180.40268
15597,-178.66
15598,-176.86584
15599,-175.21408
15600,-173.89845
15601,-173.11278
15602,-173.05075
15603,-173.90607
15604,-173.90746
15605,-171.58315
15606,-171.14099
15607,-171.6178
15608,-172.8206
15609,-174.55656
15610,-176.63304
15611,-178.85732
15612,-181.03683
15613,-182.97896
15614,-184.5086
15615,-185.55197
15616,-186.17268
15617,-186.43988
15618,-186.41609
15619,-186.16203
15620,-185.72694
15621,-185.14479
15622,-184.44879
15623,-183.67294
15624,-182.8514
15625,-182.01859
15626,-181.20956
15627,-180.45941
15628,-179.80313
15629,-179.27321
15630,-178.88698
15631,-178.64128
15632,-178.5322
15633,-178.55682
15634,-178.70605
15635,-178.93541
15636,-179.15227
15637,-179.26225
15638,-179.17314
15639,-178.8102
15640,-178.20026
15641,-177.5078
15642,-176.90279
15643,-176.54861
15644,-176.59142
15645,-177.07686
15646,-177.9144
15647,-179.00821
15648,-180.26881
15649,-181.60693
15650,-182.93315
15651,-184.15813
15652,-185.19252
15653,-185.94691
15654,-187.69237
15655,-191.0822
15656,-192.5511
15657,-193.09181
15658,-192.99448
15659,-192.54938
15660,-192.04706
15661,-191.77805
15662,-192.03294
15663,-193.10214
15664,-195.24243
15665,-198.51518
15666,-202.71727
15667,-207.635
15668,-218.06738
15669,-223.79518
15670,-229.49289
15671,-234.69069
15672,-233.91283
15673,-236.69002
15674,-237.60515
15675,-236.54701
15676,-233.8206
15677,-229.74962
15678,-224.63907
15679,-223.81702
15680,-217.74329
15681,-212.05672
15682,-202.4039
15683,-199.42267
15684,-198.6453
15685,-199.99432
15686,-202.56664
15687,-205.42613
15688,-207.67639
15689,-208.51978
15690,-207.73102
15691,-205.86182
15692,-203.49677
15693,-201.1843
15694,-199.4157
15695,-198.3483
15696,-197.68658
15697,-197.11613
15698,-196.34415
15699,-195.07767
15700,-193.02374
15701,-189.88922
15702,-185.3808
15703,-184.20493
15704,-175.61375
15705,-178.77054
15706,-179.957
15707,-180.69987
15708,-181.0536
15709,-181.07265
15710,-180.81145
15711,-180.32452
15712,-179.66632
15713,-178.8914
15714,-178.06345
15715,-177.29976
15716,-176.79025
15717,-176.7277
15718,-177.30139
15719,-178.65791
15720,-180.69586
15721,-182.97809
15722,-185.05434
15723,-186.49036
15724,-186.90024
15725,-186.17928
15726,-184.60428
15727,-182.46753
15728,-180.04341
15729,-177.59677
15730,-175.33705
15731,-173.39803
15732,-171.91057
15733,-171.00906
15734,-170.79793
15735,-171.20782
15736,-171.93413
15737,-172.66298
15738,-173.09183
15739,-172.95627
15740,-172.21393
15741,-171.12338
15742,-169.95508
15743,-168.96523
15744,-168.38588
15745,-168.30829
15746,-168.63333
15747,-169.25427
15748,-170.0735
15749,-170.99344
15750,-171.91652
15751,-172.74524
15752,-173.38199
15753,-173.72919
15754,-174.53812
15755,-176.40538
15756,-177.46207
15757,-178.14284
15758,-178.53702
15759,-178.7338
15760,-178.82251
15761,-178.89241
15762,-179.03282
15763,-179.333
15764,-179.87106
15765,-180.65993
15766,-181.62433
15767,-182.6854
15768,-183.76855
15769,-184.80429
15770,-185.75267
15771,-186.61392
15772,-187.38982
15773,-188.08026
15774,-188.6788
15775,-189.14235
15776,-189.37788
15777,-189.29053
15778,-188.78764
15779,-187.80681
15780,-186.46121
15781,-185.10214
15782,-184.09068
15783,-183.77658
15784,-184.45198
15785,-186.07512
15786,-188.15189
15787,-190.17027
15788,-191.63992
15789,-192.13925
15790,-191.64687
15791,-190.68405
15792,-189.79443
15793,-189.49608
15794,-190.24367
15795,-192.12448
15796,-194.72806
15797,-197.62398
15798,-200.40561
15799,-202.66649
15800,-204.00006
15801,-203.99948
15802,-202.2575
15803,-198.3663
15804,-193.93513
15805,-191.75414
15806,-189.95892
15807,-188.69542
15808,-187.88652
15809,-187.45532
15810,-187.32475
15811,-187.41797
15812,-187.65797
15813,-187.96785
15814,-188.27403
15815,-188.52173
15816,-188.68188
15817,-188.7265
15818,-188.6263
15819,-188.35822
15820,-187.93549
15821,-187.42029
15822,-186.87692
15823,-186.36722
15824,-185.93977
15825,-185.5657
15826,-185.111
15827,-184.43741
15828,-183.4117
15829,-181.93951
15830,-180.15253
15831,-178.48909
15832,-177.39989
15833,-177.32097
15834,-178.61046
15835,-181.1748
15836,-184.30885
15837,-187.28372
15838,-189.39983
15839,-190.03677
15840,-189.03497
15841,-186.85973
15842,-184.00212
15843,-180.92392
15844,-178.05896
15845,-175.677
15846,-173.82529
15847,-172.54205
15848,-171.87611
15849,-171.87624
15850,-172.59117
15851,-174.06966
15852,-176.36043
15853,-179.5121
15854,-183.31004
15855,-186.36081
15856,-187.1969
15857,-186.60527
15858,-184.96107
15859,-182.63998
15860,-180.018
15861,-177.47122
15862,-175.3759
15863,-174.10812
15864,-173.98729
15865,-175.00404
15866,-176.70375
15867,-178.6144
15868,-180.28535
15869,-181.30675
15870,-181.50537
15871,-181.02866
15872,-180.03687
15873,-178.67511
15874,-177.08665
15875,-175.40416
15876,-173.74577
15877,-172.22913
15878,-170.97243
15879,-170.08316
15880,-169.6059
15881,-169.49995
15882,-169.7214
15883,-170.2303
15884,-170.97179
15885,-171.80399
15886,-172.46721
15887,-172.69713
15888,-172.23497
15889,-170.87015
15890,-168.67255
15891,-166.09213
15892,-163.59421
15893,-161.62589
15894,-160.58646
15895,-160.59662
15896,-161.40004
15897,-162.72574
15898,-164.32085
15899,-165.93257
15900,-167.30815
15901,-168.19478
15902,-168.3397
15903,-167.48996
15904,-167.527
15905,-170.24626
15906,-171.46407
15907,-172.083
15908,-172.25882
15909,-172.14725
15910,-171.90414
15911,-171.68538
15912,-171.64677
15913,-171.94421
15914,-172.70717
15915,-173.91205
15916,-175.32779
15917,-176.71529
15918,-177.84529
15919,-178.51682
15920,-178.693
15921,-178.55937
15922,-178.31029
15923,-178.12964
15924,-178.18169
15925,-178.51721
15926,-179.0332
15927,-179.62035
15928,-180.17683
15929,-180.61308
15930,-180.91103
15931,-181.14937
15932,-181.4108
15933,-181.77328
15934,-182.3022
15935,-182.98907
15936,-183.72542
15937,-184.39877
15938,-184.90154
15939,-185.13402
15940,-185.044
15941,-184.64326
15942,-183.94609
15943,-182.96382
15944,-181.71829
15945,-180.2923
15946,-178.85147
15947,-177.56471
15948,-176.59705
15949,-176.11342
15950,-176.27873
15951,-177.25792
15952,-179.21567
15953,-182.31668
15954,-186.12416
15955,-189.06342
15956,-190.37865
15957,-190.56721
15958,-189.87143
15959,-188.53372
15960,-186.79678
15961,-184.9034
15962,-183.09636
15963,-181.61862
15964,-180.67566
15965,-180.25615
15966,-180.05495
15967,-179.75504
15968,-179.05354
15969,-177.69818
15970,-175.73131
15971,-173.59477
15972,-171.74648
15973,-170.62535
15974,-170.61179
15975,-171.74596
15976,-173.60768
15977,-175.75871
15978,-177.78302
15979,-179.30394
15980,-180.1735
15981,-180.55339
15982,-180.6177
15983,-180.52577
15984,-180.43225
15985,-180.46454
15986,-180.71298
15987,-181.26646
15988,-182.21559
15989,-183.63391
15990,-185.49599
15991,-187.64243
15992,-189.90842
15993,-192.13568
15994,-194.18459
15995,-196.0247
15996,-197.77354
15997,-199.55444
15998,-201.48384
15999,-203.67813
16000,-206.25371
16001,-209.32692
16002,-213.01402
16003,-217.43124
16004,-216.49258
16005,-211.7532
16006,-204.19298
16007,-204.91487
16008,-208.01782
16009,-212.60379
16010,-217.77654
16011,-222.64113
16012,-226.30295
16013,-227.86699
16014,-226.58737
16015,-222.59213
16016,-222.19878
16017,-216.77922
16018,-207.6512
16019,-205.96866
16020,-206.93398
16021,-209.46051
16022,-212.4089
16023,-214.70177
16024,-215.36687
16025,-214.04184
16026,-211.19218
16027,-207.3189
16028,-202.88486
16029,-198.33794
16030,-194.03685
16031,-190.21884
16032,-187.11597
16033,-184.96588
16034,-183.96378
16035,-184.05869
16036,-184.86642
16037,-185.98952
16038,-187.0465
16039,-187.68942
16040,-187.76453
16041,-187.38132
16042,-186.65994
16043,-185.70805
16044,-184.62794
16045,-183.49069
16046,-182.32489
16047,-181.15744
16048,-180.01726
16049,-178.93326
16050,-177.93437
16051,-177.0495
16052,-176.30751
16053,-175.73734
16054,-175.84111
16055,-176.86502
16056,-177.49144
16057,-177.96631
16058,-178.29845
16059,-178.49667
16060,-178.5698
16061,-178.52667
16062,-178.37611
16063,-178.12692
16064,-177.79716
16065,-177.45851
16066,-177.25517
16067,-177.33435
16068,-177.83968
16069,-178.8931
16070,-180.48988
16071,-182.45396
16072,-184.60248
16073,-186.76083
16074,-188.76073
16075,-190.47034
16076,-191.80733
16077,-192.69136
16078,-193.03967
16079,-192.7775
16080,-191.87653
16081,-190.37148
16082,-188.29964
16083,-185.69534
16084,-182.61652
16085,-179.25732
16086,-175.99718
16087,-173.2229
16088,-171.31245
16089,-170.59128
16090,-171.08011
16091,-172.3872
16092,-174.10458
16093,-175.84422
16094,-177.25656
16095,-178.21503
16096,-178.89513
16097,-179.4844
16098,-180.15594
16099,-181.08293
16100,-182.43846
16101,-184.39561
16102,-187.12738
16103,-190.80664
16104,-194.82773
16105,-197.20316
16106,-197.17374
16107,-195.57423
16108,-192.90932
16109,-189.68427
16110,-186.40494
16111,-183.5772
16112,-181.70705
16113,-181.29999
16114,-182.75833
16115,-185.8854
16116,-189.67427
16117,-193.08643
16118,-195.12234
16119,-194.92242
16120,-192.44293
16121,-188.74757
16122,-184.94669
16123,-182.09904
16124,-181.13237
16125,-182.21329
16126,-184.47775
16127,-187.02109
16128,-188.98814
16129,-189.61299
16130,-188.64702
16131,-186.54324
16132,-183.78336
16133,-180.8161
16134,-178.06622
16135,-175.81682
16136,-174.1591
16137,-173.17651
16138,-172.96144
16139,-173.581
16140,-174.95471
16141,-176.80228
16142,-178.83572
16143,-180.7766
16144,-182.36987
16145,-183.49687
16146,-184.22324
16147,-184.62206
16148,-184.75763
16149,-184.69424
16150,-184.49628
16151,-184.22798
16152,-183.9538
16153,-183.73802
16154,-181.72522
16155,-177.22162
16156,-175.73796
16157,-175.72736
16158,-176.74014
16159,-178.32706
16160,-180.03922
16161,-181.42787
16162,-182.04427
16163,-181.43953
16164,-179.24966
16165,-175.60585
16166,-171.3112
16167,-167.19643
16168,-164.06042
16169,-162.60918
16170,-163.00948
16171,-164.69849
16172,-167.08498
16173,-169.613
16174,-171.77449
16175,-173.33842
16176,-174.4489
16177,-175.26472
16178,-175.92677
16179,-176.56537
16180,-177.24876
16181,-177.96121
16182,-178.68367
16183,-179.40108
16184,-180.09468
16185,-180.72412
16186,-181.21985
16187,-181.51114
16188,-181.52867
16189,-181.21994
16190,-180.63062
16191,-179.93927
16192,-179.32985
16193,-178.97997
16194,-179.04716
16195,-179.57208
16196,-180.4371
16197,-181.51828
16198,-182.69923
16199,-183.86359
16200,-184.89502
16201,-185.67717
16202,-186.09363
16203,-186.02803
16204,-183.77351
16205,-178.7995
16206,-176.03404
16207,-174.35059
16208,-173.55696
16209,-173.46124
16210,-173.8717
16211,-174.59663
16212,-175.44437
16213,-176.22339
16214,-176.77196
16215,-177.10182
16216,-177.45975
16217,-178.10182
16218,-179.27293
16219,-181.16736
16220,-183.68552
16221,-186.32996
16222,-188.58757
16223,-189.96419
16224,-190.03543
16225,-188.7833
16226,-186.74104
16227,-184.46468
16228,-182.48444
16229,-181.28247
16230,-181.06155
16231,-181.64603
16232,-182.84496
16233,-184.48553
16234,-186.39142
16235,-188.36584
16236,-190.18425
16237,-191.62086
16238,-192.45125
16239,-192.48444
16240,-191.72395
16241,-190.43748
16242,-188.90344
16243,-187.38794
16244,-186.13554
16245,-185.26584
16246,-184.72878
16247,-184.46744
16248,-184.43297
16249,-184.57654
16250,-184.84932
16251,-185.20244
16252,-185.58708
16253,-185.95445
16254,-184.38399
16255,-180.3936
16256,-179.811
16257,-180.93614
16258,-183.24799
16259,-186.22621
16260,-189.35085
16261,-192.10223
16262,-193.96078
16263,-194.40659
16264,-193.01634
16265,-189.93019
16266,-186.05327
16267,-182.323
16268,-179.64095
16269,-178.78917
16270,-179.85585
16271,-181.98993
16272,-184.3034
16273,-185.95345
16274,-186.19884
16275,-184.88835
16276,-182.67087
16277,-180.22797
16278,-178.20358
16279,-177.17244
16280,-177.30614
16281,-178.23036
16282,-179.54915
16283,-180.89262
16284,-181.9279
16285,-182.5362
16286,-182.88873
16287,-183.16844
16288,-183.54436
16289,-184.16057
16290,-185.01588
16291,-185.91212
16292,-186.64326
16293,-187.01266
16294,-186.84581
16295,-186.09753
16296,-184.89804
16297,-183.38454
16298,-181.68607
16299,-179.9316
16300,-178.25023
16301,-176.77098
16302,-175.62285
16303,-174.93488
16304,-173.89412
16305,-172.39754
16306,-173.37256
16307,-175.7507
16308,-179.10275
16309,-182.99985
16310,-187.01346
16311,-190.71523
16312,-193.67686
16313,-195.46996
16314,-195.7331
16315,-194.49602
16316,-192.31926
16317,-189.78558
16318,-187.453
16319,-185.82613
16320,-185.09798
16321,-185.03928
16322,-185.40372
16323,-185.96513
16324,-186.50623
16325,-186.8615
16326,-186.93538
16327,-186.63507
16328,-185.8645
16329,-184.55206
16330,-182.76855
16331,-180.77802
16332,-178.85236
16333,-177.2543
16334,-176.22546
16335,-175.88449
16336,-176.18344
16337,-177.0677
16338,-178.49066
16339,-180.38434
16340,-182.55669
16341,-184.64763
16342,-186.29048
16343,-187.12653
16344,-186.85023
16345,-185.46631
16346,-183.40009
16347,-181.09422
16348,-178.97153
16349,-177.45493
16350,-176.96721
16351,-177.93091
16352,-180.76817
16353,-185.9006
16354,-188.96634
16355,-185.30786
16356,-183.44505
16357,-181.90163
16358,-180.61667
16359,-179.52927
16360,-178.57849
16361,-177.7034
16362,-176.84317
16363,-175.93689
16364,-174.94684
16365,-173.97023
16366,-173.28703
16367,-173.18445
16368,-173.94092
16369,-175.78226
16370,-178.62914
16371,-181.98917
16372,-185.35388
16373,-188.23474
16374,-190.19171
16375,-191.06653
16376,-191.08301
16377,-190.48032
16378,-189.47968
16379,-188.29007
16380,-187.04915
16381,-185.79736
16382,-184.5714
16383,-183.41245
16384,-182.36221
16385,-181.46587
16386,-180.77286
16387,-180.33287
16388,-180.19542
16389,-180.40427
16390,-180.97014
16391,-181.85907
16392,-183.03531
16393,-184.46521
16394,-186.11711
16395,-187.97101
16396,-190.0225
16397,-192.2679
16398,-194.70267
16399,-197.3224
16400,-200.1226
16401,-203.09877
16402,-206.24646
16403,-209.56119
16404,-209.53093
16405,-203.81189
16406,-200.91287
16407,-199.07008
16408,-198.04663
16409,-197.60587
16410,-197.51128
16411,-197.5266
16412,-197.4155
16413,-196.94174
16414,-195.90092
16415,-194.27432
16416,-192.29486
16417,-190.20598
16418,-188.23933
16419,-186.60915
16420,-185.42874
16421,-184.67464
16422,-184.31772
16423,-184.3355
16424,-184.69872
16425,-185.33981
16426,-186.1391
16427,-186.97491
16428,-187.72795
16429,-188.29225
16430,-188.63907
16431,-188.84428
16432,-188.98799
16433,-189.14532
16434,-189.38098
16435,-189.69879
16436,-190.02011
16437,-190.26294
16438,-190.34926
16439,-190.20282
16440,-189.75858
16441,-188.96634
16442,-187.77661
16443,-186.13913
16444,-184.02448
16445,-181.52487
16446,-178.89731
16447,-176.4055
16448,-174.30536
16449,-172.85277
16450,-172.3035
16451,-172.91321
16452,-174.93732
16453,-178.63107
16454,-177.59334
16455,-172.41176
16456,-163.87128
16457,-163.37392
16458,-165.23521
16459,-168.77237
16460,-173.30345
16461,-178.1471
16462,-182.62253
16463,-186.04915
16464,-187.83177
16465,-187.87297
16466,-186.74988
16467,-185.06725
16468,-183.39824
16469,-182.25925
16470,-181.83539
16471,-181.8628
16472,-182.05946
16473,-182.1649
16474,-181.96005
16475,-181.46701
16476,-181.03459
16477,-181.02475
16478,-181.78397
16479,-183.58784
16480,-186.30167
16481,-189.23502
16482,-191.67566
16483,-192.93774
16484,-192.42976
16485,-190.10924
16486,-186.67923
16487,-182.87392
16488,-179.39275
16489,-176.8586
16490,-175.4487
16491,-174.73639
16492,-174.27092
16493,-173.63046
16494,-172.44025
16495,-170.59958
16496,-168.379
16497,-166.06386
16498,-163.92183
16499,-162.22064
16500,-161.22795
16501,-161.2113
16502,-162.43814
16503,-165.17575
16504,-169.39182
16505,-173.32196
16506,-174.72357
16507,-174.63434
16508,-173.50378
16509,-171.78178
16510,-169.91866
16511,-168.36478
16512,-167.57062
16513,-167.98643
16514,-169.98557
16515,-173.49596
16516,-177.84248
16517,-182.32703
16518,-186.28061
16519,-189.10637
16520,-190.62599
16521,-191.22807
16522,-191.32423
16523,-191.29924
16524,-191.49982
16525,-192.05035
16526,-192.77377
16527,-193.48073
16528,-193.9963
16529,-194.16104
16530,-193.90665
16531,-193.28807
16532,-192.36537
16533,-191.19275
16534,-189.82632
16535,-188.33322
16536,-186.79556
16537,-185.29597
16538,-183.91643
16539,-182.72527
16540,-181.71144
16541,-180.75636
16542,-179.73706
16543,-178.53577
16544,-177.05293
16545,-175.29564
16546,-173.4155
16547,-171.56987
16548,-169.90924
16549,-168.58412
16550,-167.74498
16551,-167.54224
16552,-168.12622
16553,-169.64734
16554,-170.43633
16555,-168.61125
16556,-167.25967
16557,-165.95113
16558,-164.74408
16559,-163.69699
16560,-162.86832
16561,-162.31654
16562,-162.10011
16563,-162.27745
16564,-162.89989
16565,-163.97708
16566,-165.46248
16567,-167.30731
16568,-169.4655
16569,-171.87051
16570,-174.33646
16571,-176.51604
16572,-178.0556
16573,-178.60916
16574,-177.90002
16575,-176.05554
16576,-173.75096
16577,-171.68372
16578,-170.52531
16579,-170.8503
16580,-172.67038
16581,-175.23538
16582,-177.76553
16583,-179.51772
16584,-179.84332
16585,-178.64343
16586,-176.56436
16587,-174.28253
16588,-172.4393
16589,-171.60031
16590,-171.89095
16591,-172.84052
16592,-173.95485
16593,-174.76826
16594,-174.8628
16595,-174.09628
16596,-172.7008
16597,-170.92319
16598,-168.99268
16599,-167.13843
16600,-165.58972
16601,-164.57571
16602,-164.32562
16603,-165.06844
16604,-167.30414
16605,-170.44719
16606,-172.23044
16607,-173.29146
16608,-173.78781
16609,-173.8772
16610,-173.7173
16611,-173.46593
16612,-173.28079
16613,-173.31976
16614,-173.7064
16615,-174.36598
16616,-174.9548
16617,-175.11867
16618,-174.51611
16619,-172.86215
16620,-170.20084
16621,-167.02226
16622,-163.83449
16623,-161.12445
16624,-159.33177
16625,-158.6207
16626,-158.78313
16627,-159.59628
16628,-160.85533
16629,-162.36412
16630,-163.97624
16631,-165.61284
16632,-167.19762
16633,-168.65108
16634,-169.90544
16635,-170.96094
16636,-171.90985
16637,-172.84811
16638,-173.86725
16639,-175.04869
16640,-176.4149
16641,-177.90855
16642,-179.46921
16643,-181.04024
16644,-182.56853
16645,-184.02171
16646,-185.39548
16647,-186.68657
16648,-187.89044
16649,-189.00258
16650,-190.01837
16651,-190.93332
16652,-191.74281
16653,-192.44235
16654,-190.42747
16655,-189.48412
16656,-181.78131
16657,-180.56009
16658,-180.42796
16659,-180.99303
16660,-181.86372
16661,-182.64867
16662,-182.95651
16663,-182.39583
16664,-180.63396
16665,-177.68042
16666,-174.00883
16667,-170.11197
16668,-166.46057
16669,-163.48972
16670,-161.42654
16671,-160.21664
16672,-159.79442
16673,-160.10779
16674,-161.09172
16675,-162.60571
16676,-164.4071
16677,-166.24928
16678,-167.89062
16679,-169.11292
16680,-169.83435
16681,-170.1577
16682,-170.1931
16683,-170.04181
16684,-169.80551
16685,-169.58849
16686,-169.49825
16687,-169.64255
16688,-170.12889
16689,-171.049
16690,-172.40274
16691,-174.06564
16692,-175.90842
16693,-177.80766
16694,-179.64943
16695,-181.37453
16696,-182.99786
16697,-184.5374
16698,-186.00742
16699,-187.42226
16700,-188.79631
16701,-190.14389
16702,-191.47932
16703,-192.81702
16704,-192.76689
16705,-190.91402
16706,-191.47066
16707,-193.19208
16708,-195.68567
16709,-198.55919
16710,-201.42058
16711,-203.87799
16712,-205.5395
16713,-206.01303
16714,-204.97964
16715,-202.5478
16716,-199.40634
16717,-196.26906
16718,-193.8227
16719,-192.67374
16720,-192.96297
16721,-194.19995
16722,-195.86864
16723,-197.48334
16724,-198.61034
16725,-199.11824
16726,-199.28532
16727,-199.40668
16728,-199.75815
16729,-200.56609
16730,-201.76984
16731,-202.91937
16732,-203.5488
16733,-203.21054
16734,-201.52414
16735,-198.50105
16736,-194.685
16737,-190.64238
16738,-186.91476
16739,-183.98831
16740,-182.02634
16741,-180.75476
16742,-179.8818
16743,-179.13649
16744,-178.27377
16745,-177.19864
16746,-176.01959
16747,-174.85313
16748,-173.80617
16749,-172.98563
16750,-172.49837
16751,-172.45128
16752,-172.95111
16753,-174.10477
16754,-173.92021
16755,-171.22902
16756,-171.32579
16757,-172.85251
16758,-175.4685
16759,-178.83333
16760,-182.60678
16761,-186.44884
16762,-190.01968
16763,-192.97942
16764,-195.01933
16765,-196.01193
16766,-196.07541
16767,-195.33786
16768,-193.91592
16769,-191.9343
16770,-189.56456
16771,-187.0417
16772,-184.60352
16773,-182.48463
16774,-180.88187
16775,-179.77191
16776,-178.83322
16777,-177.7322
16778,-176.14946
16779,-173.82236
16780,-170.81836
16781,-167.65234
16782,-164.85732
16783,-162.94492
16784,-162.36452
16785,-163.20514
16786,-165.06775
16787,-167.53445
16788,-170.21083
16789,-172.73595
16790,-174.94226
16791,-176.92407
16792,-178.78596
16793,-180.61996
16794,-182.5027
16795,-184.42087
16796,-186.23935
16797,-187.81822
16798,-189.02333
16799,-189.72049
16800,-189.7754
16801,-189.05388
16802,-187.42143
16803,-184.74364
16804,-182.25223
16805,-181.4709
16806,-180.32404
16807,-179.14148
16808,-177.9255
16809,-176.67859
16810,-175.40292
16811,-174.10098
16812,-172.77504
16813,-171.42743
16814,-170.07274
16815,-168.79648
16816,-167.7803
16817,-167.20972
16818,-167.26558
16819,-168.11356
16820,-169.83177
16821,-172.37967
16822,-175.712
16823,-179.78932
16824,-184.53767
16825,-194.68387
16826,-199.68478
16827,-198.98695
16828,-202.04964
16829,-203.40688
16830,-203.02887
16831,-201.47797
16832,-199.34145
16833,-197.17918
16834,-195.49236
16835,-194.43968
16836,-193.71521
16837,-192.9939
16838,-191.97264
16839,-190.39856
16840,-188.31038
16841,-186.14226
16842,-184.3448
16843,-183.34972
16844,-183.5314
16845,-184.93141
16846,-187.14069
16847,-189.73228
16848,-192.3009
16849,-194.44138
16850,-195.74843
16851,-195.81673
16852,-194.24046
16853,-190.61334
16854,-187.40643
16855,-187.50829
16856,-186.18509
16857,-184.42097
16858,-182.39209
16859,-180.27466
16860,-178.24503
16861,-176.47942
16862,-175.15405
16863,-174.44514
16864,-174.49043
16865,-175.20421
16866,-176.19824
16867,-177.07242
16868,-177.44106
16869,-176.9766
16870,-175.68875
16871,-174.04474
16872,-172.5302
16873,-171.609
16874,-171.69261
16875,-172.88806
16876,-174.89023
16877,-177.37779
16878,-180.04922
16879,-182.61702
16880,-184.87378
16881,-186.7208
16882,-188.06367
16883,-188.8028
16884,-188.87025
16885,-188.38304
16886,-187.7087
16887,-187.22505
16888,-187.29811
16889,-188.24266
16890,-190.07643
16891,-192.41495
16892,-194.85756
16893,-197.02293
16894,-198.56424
16895,-199.3353
16896,-199.4617
16897,-199.08037
16898,-198.31529
16899,-197.29059
16900,-196.13037
16901,-194.9588
16902,-193.90007
16903,-193.07832
16904,-192.87398
16905,-193.02502
16906,-192.0334
16907,-190.38603
16908,-188.2466
16909,-185.77885
16910,-183.14656
16911,-180.51363
16912,-178.04387
16913,-175.90115
16914,-174.2257
16915,-173.02097
16916,-172.10487
16917,-171.28806
16918,-170.38992
16919,-169.26819
16920,-168.0023
16921,-166.97249
16922,-166.57076
16923,-167.17476
16924,-169.09018
16925,-172.20546
16926,-175.84439
16927,-179.30898
16928,-181.92848
16929,-183.11649
16930,-182.77669
16931,-181.47751
16932,-179.81418
16933,-178.35077
16934,-177.58923
16935,-177.67015
16936,-178.24446
16937,-178.94365
16938,-179.4226
16939,-179.38474
16940,-178.81569
16941,-178.08348
16942,-177.57152
16943,-177.64502
16944,-178.61783
16945,-180.50558
16946,-182.92006
16947,-185.4572
16948,-187.73228
16949,-189.36061
16950,-189.95743
16951,-189.13768
16952,-186.51585
16953,-181.70605
16954,-179.26585
16955,-183.61874
16956,-185.22116
16957,-185.87761
16958,-185.75177
16959,-185.00746
16960,-183.80858
16961,-182.31912
16962,-180.70314
16963,-179.12468
16964,-177.7353
16965,-176.61366
16966,-175.73953
16967,-175.08876
16968,-174.64185
16969,-174.38177
16970,-174.30562
16971,-174.42957
16972,-174.77048
16973,-175.34442
16974,-176.14928
16975,-177.07779
16976,-177.88017
16977,-178.30112
16978,-178.09189
16979,-177.05482
16980,-175.28871
16981,-173.29434
16982,-171.58862
16983,-170.66953
16984,-170.96114
16985,-172.45988
16986,-174.58301
16987,-176.72519
16988,-178.30896
16989,-178.82788
16990,-178.18817
16991,-176.85565
16992,-175.31851
16993,-174.03864
16994,-173.43753
16995,-173.70285
16996,-174.70503
16997,-176.30212
16998,-178.36723
16999,-180.77356
17000,-183.3943
17001,-186.10274
17002,-188.77213
17003,-191.27583
17004,-194.2484
17005,-197.56812
17006,-198.51627
17007,-197.99782
17008,-196.33563
17009,-193.853
17010,-190.8735
17011,-187.721
17012,-184.7194
17013,-182.19275
17014,-180.42369
17015,-179.45558
17016,-179.00754
17017,-178.78554
17018,-178.51125
17019,-177.94305
17020,-177.05354
17021,-176.1053
17022,-175.37273
17023,-175.11621
17024,-175.55185
17025,-176.63762
17026,-177.98204
17027,-179.17989
17028,-179.84265
17029,-179.64171
17030,-178.59695
17031,-177.20074
17032,-175.96445
17033,-175.3771
17034,-175.85956
17035,-177.43672
17036,-179.59735
17037,-181.80922
17038,-183.56586
17039,-184.42429
17040,-184.311
17041,-183.65314
17042,-182.89816
17043,-182.46977
17044,-182.74167
17045,-183.79599
17046,-185.32011
17047,-186.98564
17048,-188.4831
17049,-189.50296
17050,-189.7357
17051,-188.87161
17052,-186.60071
17053,-182.61278
17054,-179.28165
17055,-179.53293
17056,-179.23038
17057,-179.0648
17058,-179.06412
17059,-179.25635
17060,-179.66933
17061,-180.33107
17062,-181.26949
17063,-182.51248
17064,-184.06972
17065,-185.8446
17066,-187.59674
17067,-189.07994
17068,-190.05486
17069,-190.31258
17070,-189.82114
17071,-188.78857
17072,-187.4328
17073,-185.96036
17074,-184.58125
17075,-183.52498
17076,-183.04759
17077,-183.40599
17078,-184.85576
17079,-187.5734
17080,-191.2768
17081,-195.06314
17082,-198.00526
17083,-199.2054
17084,-197.90965
17085,-194.20447
17086,-189.31789
17087,-184.52684
17088,-181.05515
17089,-179.9781
17090,-181.5097
17091,-184.69781
17092,-188.54478
17093,-192.10922
17094,-194.53194
17095,-195.42844
17096,-195.05742
17097,-193.70357
17098,-191.62152
17099,-189.06593
17100,-186.29181
17101,-183.55408
17102,-181.10777
17103,-179.20789
17104,-176.85762
17105,-173.36853
17106,-171.67053
17107,-170.96239
17108,-171.01392
17109,-171.59525
17110,-172.47653
17111,-173.428
17112,-174.21994
17113,-174.62267
17114,-174.4538
17115,-173.80649
17116,-173.14703
17117,-172.95674
17118,-173.699
17119,-175.75854
17120,-179.06349
17121,-182.92398
17122,-186.62628
17123,-189.48631
17124,-190.90714
17125,-190.79826
17126,-189.75595
17127,-188.40468
17128,-187.33665
17129,-187.0762
17130,-187.75194
17131,-188.95633
17132,-190.26021
17133,-191.26013
17134,-191.60086
17135,-191.20749
17136,-190.3855
17137,-189.45573
17138,-188.7213
17139,-188.45085
17140,-188.71309
17141,-189.306
17142,-190.0165
17143,-190.64441
17144,-191.01231
17145,-191.07437
17146,-190.96329
17147,-190.81902
17148,-190.77307
17149,-190.95694
17150,-191.50212
17151,-192.54013
17152,-194.20235
17153,-196.62009
17154,-198.3289
17155,-197.42404
17156,-196.18059
17157,-194.3928
17158,-192.17693
17159,-189.64932
17160,-186.92628
17161,-184.12424
17162,-181.35954
17163,-178.74864
17164,-176.39842
17165,-174.36098
17166,-172.61397
17167,-171.13216
17168,-169.89377
17169,-168.88261
17170,-168.1149
17171,-167.65076
17172,-167.55194
17173,-167.87816
17174,-168.66927
17175,-169.84975
17176,-171.18787
17177,-172.44576
17178,-173.39307
17179,-173.8301
17180,-173.7349
17181,-173.32658
17182,-172.8339
17183,-172.47408
17184,-172.44048
17185,-172.78795
17186,-173.38347
17187,-174.08661
17188,-174.76599
17189,-175.30144
17190,-175.6383
17191,-175.81068
17192,-175.85612
17193,-175.80804
17194,-175.69913
17195,-175.55786
17196,-175.40723
17197,-175.26988
17198,-175.16888
17199,-175.12718
17200,-175.16774
17201,-175.31358
17202,-175.58765
17203,-176.01291
17204,-175.16655
17205,-172.28125
17206,-171.16566
17207,-170.9449
17208,-171.45836
17209,-172.54561
17210,-174.04631
17211,-175.8001
17212,-177.64673
17213,-179.42593
17214,-180.98438
17215,-182.20851
17216,-183.03888
17217,-183.418
17218,-183.28593
17219,-182.59998
17220,-181.41817
17221,-179.93512
17222,-178.35098
17223,-176.85948
17224,-175.64117
17225,-174.80034
17226,-174.33777
17227,-174.25021
17228,-174.53926
17229,-175.19238
17230,-176.115
17231,-177.10138
17232,-177.94128
17233,-178.42992
17234,-178.3922
17235,-177.82643
17236,-176.96584
17237,-176.05309
17238,-175.31967
17239,-174.97165
17240,-175.06677
17241,-175.46199
17242,-176.0063
17243,-176.55832
17244,-176.9821
17245,-177.17343
17246,-177.07112
17247,-176.61562
17248,-175.74533
17249,-174.39871
17250,-172.51413
17251,-170.02992
17252,-166.88449
17253,-163.01613
17254,-160.83421
17255,-150.2588
17256,-145.25288
17257,-138.4555
17258,-139.3008
17259,-142.22423
17260,-146.66168
17261,-157.0492
17262,-162.82306
17263,-168.41989
17264,-173.32227
17265,-172.27803
17266,-175.3939
17267,-177.79044
17268,-179.57092
17269,-180.83179
17270,-181.62863
17271,-181.962
17272,-181.83025
17273,-181.23428
17274,-180.19786
17275,-178.87727
17276,-177.60838
17277,-176.7343
17278,-176.58955
17279,-177.46252
17280,-179.37328
17281,-181.97894
17282,-184.92233
17283,-187.86374
17284,-190.49518
17285,-192.69281
17286,-194.582
17287,-196.29813
17288,-197.96477
17289,-199.71661
17290,-201.75266
17291,-204.35907
17292,-207.82558
17293,-212.43744
17294,-223.40863
17295,-230.5398
17296,-238.07236
17297,-245.22533
17298,-251.24452
17299,-250.37518
17300,-251.86147
17301,-249.94551
17302,-248.86679
17303,-237.86151
17304,-225.31331
17305,-217.30461
17306,-210.51384
17307,-205.13873
17308,-196.02626
17309,-193.02368
17310,-190.97849
17311,-189.73845
17312,-189.15143
17313,-189.06546
17314,-189.32181
17315,-189.72215
17316,-190.01454
17317,-189.94475
17318,-189.26117
17319,-187.747
17320,-185.38872
17321,-182.44861
17322,-179.20026
17323,-175.90431
17324,-172.8086
17325,-170.08641
17326,-167.80977
17327,-166.04668
17328,-164.86987
17329,-164.33759
17330,-164.42339
17331,-164.98634
17332,-165.88104
17333,-166.96754
17334,-168.1148
17335,-169.24268
17336,-170.34013
17337,-171.39891
17338,-172.40736
17339,-173.36473
17340,-174.33359
17341,-175.46222
17342,-176.9022
17343,-178.80112
17344,-181.2714
17345,-184.22206
17346,-187.28674
17347,-190.08821
17348,-192.26234
17349,-193.445
17350,-193.27179
17351,-191.37787
17352,-187.398
17353,-185.96635
17354,-179.77528
17355,-173.32692
17356,-173.80446
17357,-175.89491
17358,-179.05815
17359,-182.75464
17360,-186.4452
17361,-189.59091
17362,-191.65282
17363,-192.09169
17364,-190.47156
17365,-186.9603
17366,-182.54543
17367,-178.24905
17368,-175.055
17369,-173.82062
17370,-174.67093
17371,-176.73918
17372,-179.11984
17373,-180.95523
17374,-181.49098
17375,-180.57211
17376,-178.85631
17377,-177.03416
17378,-175.7578
17379,-175.59882
17380,-176.66039
17381,-178.4111
17382,-180.2947
17383,-181.78525
17384,-182.41795
17385,-182.08226
17386,-181.14804
17387,-180.00452
17388,-179.01819
17389,-178.51889
17390,-178.62314
17391,-179.15826
17392,-179.94017
17393,-180.79845
17394,-181.57587
17395,-182.19124
17396,-182.66623
17397,-183.02667
17398,-183.29353
17399,-183.48776
17400,-183.63026
17401,-183.742
17402,-183.84393
17403,-183.95695
17404,-184.26405
17405,-184.71863
17406,-184.64645
17407,-184.25986
17408,-183.62862
17409,-182.82251
17410,-181.91142
17411,-180.9651
17412,-180.0534
17413,-179.24615
17414,-178.59505
17415,-178.04594
17416,-177.40155
17417,-176.4588
17418,-175.02151
17419,-172.94475
17420,-170.3826
17421,-167.89442
17422,-166.05588
17423,-165.42307
17424,-166.46709
17425,-169.16565
17426,-172.8288
17427,-176.7409
17428,-180.21861
17429,-182.6398
17430,-183.73654
17431,-183.72093
17432,-182.8241
17433,-181.25458
17434,-179.21913
17435,-176.91399
17436,-174.52089
17437,-172.22101
17438,-170.19626
17439,-168.60753
17440,-167.49397
17441,-166.72972
17442,-166.18243
17443,-165.72765
17444,-165.25475
17445,-164.73344
17446,-164.24222
17447,-163.86382
17448,-163.67583
17449,-163.75581
17450,-164.1813
17451,-165.02985
17452,-166.37894
17453,-168.3061
17454,-169.8715
17455,-170.3067
17456,-171.78476
17457,-173.74527
17458,-176.03758
17459,-178.51115
17460,-181.01549
17461,-183.40007
17462,-185.5144
17463,-187.20805
17464,-188.34132
17465,-188.83763
17466,-188.70604
17467,-187.95894
17468,-186.60475
17469,-184.67354
17470,-182.32104
17471,-179.87383
17472,-177.66527
17473,-176.0207
17474,-175.22475
17475,-175.32533
17476,-176.05011
17477,-177.11398
17478,-178.24724
17479,-179.1966
17480,-179.80382
17481,-180.03954
17482,-179.87938
17483,-179.2929
17484,-178.26924
17485,-176.9115
17486,-175.47728
17487,-174.23035
17488,-173.42717
17489,-173.29666
17490,-173.90779
17491,-175.11295
17492,-176.75607
17493,-178.69133
17494,-180.78094
17495,-182.93256
17496,-185.11568
17497,-187.30211
17498,-189.46088
17499,-191.56093
17500,-193.5712
17501,-195.46063
17502,-197.19818
17503,-198.75284
17504,-197.8251
17505,-192.59004
17506,-188.19194
17507,-184.07137
17508,-180.4883
17509,-177.70264
17510,-175.9742
17511,-175.5625
17512,-176.72691
17513,-179.7266
17514,-184.72304
17515,-196.3128
17516,-203.32835
17517,-209.57332
17518,-208.88818
17519,-210.26088
17520,-208.54091
17521,-204.74817
17522,-199.95338
17523,-195.17393
17524,-191.33414
17525,-188.81271
17526,-187.24812
17527,-186.24847
17528,-185.45699
17529,-184.5593
17530,-183.48679
17531,-182.50381
17532,-181.88821
17533,-181.90201
17534,-182.75974
17535,-184.40047
17536,-186.39037
17537,-188.28085
17538,-189.64113
17539,-190.09998
17540,-189.63315
17541,-188.68668
17542,-187.72578
17543,-187.19366
17544,-187.47536
17545,-188.61903
17546,-190.21632
17547,-191.8405
17548,-193.08672
17549,-193.55002
17550,-192.82536
17551,-190.50722
17552,-186.18979
17553,-184.46658
17554,-176.2125
17555,-182.22395
17556,-185.52284
17557,-188.16733
17558,-190.20174
17559,-191.67055
17560,-192.61818
17561,-193.08905
17562,-193.12767
17563,-192.77849
17564,-192.09413
17565,-191.17453
17566,-190.18369
17567,-189.28825
17568,-188.65184
17569,-188.40614
17570,-188.49681
17571,-188.61768
17572,-188.45232
17573,-187.69632
17574,-186.09227
17575,-183.65732
17576,-180.78065
17577,-177.86696
17578,-175.3032
17579,-173.43475
17580,-172.36453
17581,-171.86717
17582,-171.7043
17583,-171.65329
17584,-171.51398
17585,-171.21739
17586,-170.87212
17587,-170.59369
17588,-170.48923
17589,-170.64343
17590,-171.01068
17591,-171.36882
17592,-171.48883
17593,-171.15004
17594,-170.16183
17595,-168.50862
17596,-166.41191
17597,-164.1027
17598,-161.80077
17599,-159.72581
17600,-158.0976
17601,-157.13573
17602,-157.05988
17603,-158.08955
17604,-161.93234
17605,-173.56876
17606,-172.38548
17607,-174.82092
17608,-176.19293
17609,-176.8195
17610,-177.01883
17611,-177.10924
17612,-177.4092
17613,-178.2371
17614,-179.85912
17615,-182.2378
17616,-184.92459
17617,-187.45488
17618,-189.38365
17619,-190.31924
17620,-190.18071
17621,-189.30812
17622,-188.0589
17623,-186.77058
17624,-185.75635
17625,-185.18723
17626,-185.04144
17627,-185.28947
17628,-185.91089
17629,-186.8654
17630,-187.99702
17631,-188.99315
17632,-189.53477
17633,-189.31042
17634,-188.06903
17635,-185.91226
17636,-183.42026
17637,-181.19283
17638,-179.80716
17639,-179.76373
17640,-181.11726
17641,-183.31905
17642,-185.79657
17643,-188.00636
17644,-189.45372
17645,-189.92674
17646,-189.59683
17647,-188.65085
17648,-187.25763
17649,-185.58604
17650,-183.80504
17651,-182.0836
17652,-180.59071
17653,-179.49535
17654,-177.81223
17655,-174.9232
17656,-173.66144
17657,-173.32533
17658,-173.75304
17659,-174.78278
17660,-176.25285
17661,-178.0017
17662,-179.86769
17663,-181.68935
17664,-183.30704
17665,-184.57217
17666,-185.35114
17667,-185.51085
17668,-184.91739
17669,-183.46701
17670,-181.2313
17671,-178.51953
17672,-175.65085
17673,-172.93317
17674,-170.65907
17675,-169.03241
17676,-168.13652
17677,-168.05008
17678,-168.8573
17679,-170.60794
17680,-173.1512
17681,-176.06473
17682,-178.9158
17683,-181.28471
17684,-182.81267
17685,-183.49483
17686,-183.80594
17687,-184.24008
17688,-185.26862
17689,-187.29173
17690,-190.29701
17691,-193.713
17692,-196.94621
17693,-199.42987
17694,-200.65396
17695,-200.43874
17696,-199.05244
17697,-196.78197
17698,-193.89325
17699,-190.65245
17700,-187.32599
17701,-184.18018
17702,-181.48135
17703,-179.49586
17704,-176.92459
17705,-173.06383
17706,-171.87352
17707,-172.13219
17708,-173.42288
17709,-175.32898
17710,-177.43425
17711,-179.32251
17712,-180.57771
17713,-180.78368
17714,-179.59915
17715,-177.12004
17716,-174.03511
17717,-171.05727
17718,-168.87149
17719,-168.08171
17720,-168.82208
17721,-170.59042
17722,-172.85983
17723,-175.13397
17724,-176.96008
17725,-178.13695
17726,-178.80438
17727,-179.1155
17728,-179.2073
17729,-179.19547
17730,-179.07106
17731,-178.65666
17732,-177.76794
17733,-176.22864
17734,-173.91315
17735,-170.9906
17736,-168.02989
17737,-165.616
17738,-164.31477
17739,-164.60997
17740,-166.50905
17741,-169.37502
17742,-172.54605
17743,-175.39137
17744,-177.34354
17745,-178.20117
17746,-178.25928
17747,-177.83238
17748,-177.21158
17749,-176.68806
17750,-176.55305
17751,-177.0977
17752,-178.61305
17753,-181.39005
17754,-184.11006
17755,-185.07614
17756,-186.70085
17757,-188.46744
17758,-190.26799
17759,-191.99452
17760,-193.53918
17761,-194.79399
17762,-195.65103
17763,-196.0023
17764,-195.77292
17765,-195.08066
17766,-194.3046
17767,-193.83453
17768,-194.04799
17769,-195.26154
17770,-197.4381
17771,-200.0616
17772,-202.59676
17773,-204.53113
17774,-205.4046
17775,-205.06151
17776,-203.75928
17777,-201.77272
17778,-199.35727
17779,-196.76314
17780,-194.20876
17781,-191.86931
17782,-189.91826
17783,-188.53096
17784,-187.85442
17785,-187.8705
17786,-188.33751
17787,-189.00473
17788,-189.63219
17789,-189.99463
17790,-189.95267
17791,-189.48329
17792,-188.56808
17793,-187.18323
17794,-185.3176
17795,-183.03413
17796,-180.49644
17797,-177.8722
17798,-175.32436
17799,-173.01584
17800,-171.10953
17801,-169.76834
17802,-169.15506
17803,-169.43245
17804,-170.85509
17805,-172.84102
17806,-173.84961
17807,-174.33531
17808,-174.41693
17809,-174.21347
17810,-173.84392
17811,-173.42722
17812,-173.08241
17813,-172.92853
17814,-173.06752
17815,-173.50221
17816,-174.10136
17817,-174.72835
17818,-175.25299
17819,-175.58797
17820,-175.8951
17821,-176.67392
17822,-178.43715
17823,-181.6813
17824,-186.79349
17825,-198.52823
17826,-205.78433
17827,-212.42807
17828,-217.36705
17829,-214.63998
17830,-214.05078
17831,-211.44263
17832,-207.70364
17833,-203.67471
17834,-200.12396
17835,-197.39293
17836,-195.24377
17837,-193.4143
17838,-191.66977
17839,-189.80402
17840,-187.77759
17841,-185.7768
17842,-183.99718
17843,-182.62361
17844,-181.8157
17845,-181.58598
17846,-181.74785
17847,-182.10677
17848,-182.4777
17849,-182.67564
17850,-182.51558
17851,-181.81244
17852,-180.38109
17853,-178.03638
17854,-175.52455
17855,-174.51393
17856,-174.70294
17857,-175.66064
17858,-177.04253
17859,-178.50415
17860,-179.70122
17861,-180.28946
17862,-179.92442
17863,-178.2615
17864,-175.04494
17865,-170.53647
17866,-165.70004
17867,-161.52834
17868,-158.98035
17869,-158.8875
17870,-161.34155
17871,-165.43375
17872,-170.21709
17873,-174.79324
17874,-178.34773
17875,-180.55112
17876,-181.73058
17877,-182.23914
17878,-182.39864
17879,-182.51622
17880,-182.81203
17881,-183.38832
17882,-184.34268
17883,-185.77829
17884,-187.76521
17885,-190.18175
17886,-192.64642
17887,-194.76744
17888,-196.16537
17889,-196.51193
17890,-195.77734
17891,-194.33665
17892,-192.5817
17893,-190.88538
17894,-189.58987
17895,-188.8583
17896,-188.61087
17897,-188.7579
17898,-189.22133
17899,-189.92302
17900,-190.78484
17901,-191.72874
17902,-192.6767
17903,-193.55063
17904,-193.97716
17905,-193.51476
17906,-192.61182
17907,-191.41982
17908,-190.11537
17909,-188.87527
17910,-187.8763
17911,-187.29518
17912,-187.3086
17913,-188.09317
17914,-189.77806
17915,-192.21692
17916,-194.89034
17917,-197.26404
17918,-198.82156
17919,-199.11205
17920,-198.06651
17921,-196.13441
17922,-193.78676
17923,-191.4705
17924,-189.58963
17925,-188.29836
17926,-187.41199
17927,-186.73207
17928,-186.07619
17929,-185.28261
17930,-184.30945
17931,-183.2774
17932,-182.31377
17933,-181.53806
17934,-181.05669
17935,-180.89983
17936,-180.99431
17937,-181.26274
17938,-181.63281
17939,-182.03131
17940,-182.38092
17941,-182.59862
17942,-182.60104
17943,-182.30522
17944,-181.64061
17945,-180.60982
17946,-179.31432
17947,-177.85968
17948,-176.34677
17949,-174.87642
17950,-173.54955
17951,-172.46693
17952,-171.7295
17953,-171.438
17954,-170.84775
17955,-169.02782
17956,-167.29889
17957,-165.55878
17958,-163.89532
17959,-162.39636
17960,-161.1497
17961,-160.24318
17962,-159.76459
17963,-159.80165
17964,-160.41624
17965,-161.51926
17966,-162.81734
17967,-164.00926
17968,-164.80363
17969,-164.9522
17970,-164.45844
17971,-163.66649
17972,-162.9341
17973,-162.60258
17974,-162.97409
17975,-164.1224
17976,-165.81223
17977,-167.79623
17978,-169.84206
17979,-171.72389
17980,-173.25502
17981,-174.30135
17982,-174.7308
17983,-174.40875
17984,-173.23453
17985,-171.30518
17986,-168.98566
17987,-166.65181
17988,-164.66675
17989,-163.36217
17990,-162.88768
17991,-163.14613
17992,-164.03069
17993,-165.44641
17994,-167.28998
17995,-169.40997
17996,-171.58963
17997,-173.60968
17998,-175.25401
17999,-176.30646
18000,-176.55078
18001,-175.77065
18002,-173.74956
18003,-170.27092
18004,-167.90482
18005,-169.31743
18006,-169.44786
18007,-169.26866
18008,-168.88783
18009,-168.41338
18010,-167.95323
18011,-167.61546
18012,-167.50806
18013,-167.73898
18014,-168.40027
18015,-169.49086
18016,-170.88377
18017,-172.44716
18018,-174.05515
18019,-175.58855
18020,-176.96692
18021,-178.16205
18022,-179.14795
18023,-179.896
18024,-180.37042
18025,-180.49306
18026,-180.12856
18027,-179.13924
18028,-177.39008
18029,-174.79344
18030,-171.53754
18031,-168.18463
18032,-165.31206
18033,-163.47932
18034,-163.166
18035,-164.38779
18036,-166.53279
18037,-168.96494
18038,-171.07832
18039,-172.33844
18040,-172.62474
18041,-172.37747
18042,-172.0591
18043,-172.10544
18044,-172.90096
18045,-174.53151
18046,-176.67857
18047,-179.00792
18048,-181.20457
18049,-182.95369
18050,-183.94026
18051,-183.84929
18052,-182.3654
18053,-179.17308
18054,-173.92317
18055,-173.12477
18056,-164.89267
18057,-163.2008
18058,-162.72964
18059,-163.16
18060,-164.17299
18061,-165.44989
18062,-166.67206
18063,-167.52089
18064,-167.7231
18065,-167.26901
18066,-166.50583
18067,-165.79498
18068,-165.48088
18069,-165.8657
18070,-167.0064
18071,-168.6278
18072,-170.44202
18073,-172.17693
18074,-173.5809
18075,-174.52148
18076,-175.02739
18077,-175.1336
18078,-174.86758
18079,-174.26938
18080,-173.4535
18081,-172.63495
18082,-172.03285
18083,-171.86145
18084,-172.29785
18085,-173.30347
18086,-174.54736
18087,-175.68721
18088,-176.3947
18089,-176.38452
18090,-175.62202
18091,-174.41219
18092,-173.07358
18093,-171.9087
18094,-171.18872
18095,-171.00269
18096,-171.19296
18097,-171.59209
18098,-172.04453
18099,-172.39464
18100,-172.48688
18101,-172.1656
18102,-171.2752
18103,-169.66002
18104,-168.52498
18105,-169.0978
18106,-168.86552
18107,-168.40506
18108,-167.84317
18109,-167.30663
18110,-166.9222
18111,-166.81667
18112,-167.11676
18113,-167.94926
18114,-169.40779
18115,-171.39415
18116,-173.55026
18117,-175.508
18118,-176.91167
18119,-177.45796
18120,-177.1487
18121,-176.3991
18122,-175.64095
18123,-175.2865
18124,-175.69472
18125,-176.91579
18126,-178.5813
18127,-180.3065
18128,-181.72658
18129,-182.51375
18130,-182.5551
18131,-182.02888
18132,-181.12508
18133,-180.01985
18134,-178.88275
18135,-177.8441
18136,-176.9811
18137,-176.36896
18138,-176.08524
18139,-176.19102
18140,-176.65147
18141,-177.30168
18142,-177.97166
18143,-178.49754
18144,-178.73073
18145,-178.6107
18146,-178.19638
18147,-177.55148
18148,-176.73401
18149,-175.80202
18150,-174.81358
18151,-173.82672
18152,-172.89949
18153,-172.08992
18154,-172.33034
18155,-174.21751
18156,-175.56732
18157,-176.77614
18158,-177.85509
18159,-178.81528
18160,-179.66785
18161,-180.42389
18162,-181.09456
18163,-181.691
18164,-182.22191
18165,-182.68256
18166,-183.04974
18167,-183.2994
18168,-183.40852
18169,-183.3672
18170,-183.24213
18171,-183.20378
18172,-183.42694
18173,-184.08131
18174,-185.2971
18175,-186.97426
18176,-188.70125
18177,-190.054
18178,-190.6233
18179,-190.06123
18180,-188.37694
18181,-186.06406
18182,-183.63622
18183,-181.58426
18184,-180.33861
18185,-179.97803
18186,-180.10484
18187,-180.30241
18188,-180.17679
18189,-179.3872
18190,-177.90213
18191,-176.10907
18192,-174.41241
18193,-173.1967
18194,-172.80074
18195,-173.29765
18196,-174.40067
18197,-175.80896
18198,-177.23888
18199,-178.40681
18200,-179.02928
18201,-178.82253
18202,-177.5028
18203,-174.78613
18204,-174.47664
18205,-179.49619
18206,-180.69933
18207,-180.19484
18208,-178.40512
18209,-175.75299
18210,-172.66179
18211,-169.55502
18212,-166.85623
18213,-164.98898
18214,-164.32101
18215,-164.89651
18216,-166.32166
18217,-168.18571
18218,-170.09888
18219,-171.69247
18220,-172.71893
18221,-173.0948
18222,-172.743
18223,-171.57858
18224,-169.55507
18225,-166.8497
18226,-163.94295
18227,-161.32747
18228,-159.48141
18229,-158.8259
18230,-159.45045
18231,-160.9961
18232,-163.08635
18233,-165.36649
18234,-167.51912
18235,-169.4436
18236,-171.33284
18237,-173.39105
18238,-175.80853
18239,-178.7344
18240,-182.07866
18241,-185.42778
18242,-188.35565
18243,-190.45149
18244,-191.35408
18245,-190.99103
18246,-189.68152
18247,-187.76077
18248,-185.54582
18249,-183.35364
18250,-181.50148
18251,-180.30635
18252,-180.08528
18253,-181.15504
18254,-181.96104
18255,-180.68306
18256,-180.44443
18257,-180.61722
18258,-181.10638
18259,-181.81693
18260,-182.65385
18261,-183.52217
18262,-184.32698
18263,-184.97322
18264,-185.3674
18265,-185.42412
18266,-185.06905
18267,-184.2283
18268,-182.82745
18269,-180.82584
18270,-178.37917
18271,-175.90952
18272,-173.84978
18273,-172.62018
18274,-172.57825
18275,-173.71786
18276,-175.54083
18277,-177.52962
18278,-179.19032
18279,-180.08768
18280,-180.12617
18281,-179.67085
18282,-179.10526
18283,-178.79108
18284,-179.04796
18285,-179.95117
18286,-181.24493
18287,-182.66022
18288,-183.94392
18289,-184.86046
18290,-185.27643
18291,-185.19656
18292,-184.63136
18293,-183.58456
18294,-182.06946
18295,-180.15427
18296,-177.98157
18297,-175.69704
18298,-173.44289
18299,-171.36127
18300,-169.59431
18301,-168.2842
18302,-167.57297
18303,-167.60263
18304,-165.623
18305,-160.11943
18306,-158.56488
18307,-159.03575
18308,-161.0511
18309,-164.13052
18310,-167.79396
18311,-171.56169
18312,-174.95412
18313,-177.49173
18314,-178.77376
18315,-178.85759
18316,-178.42162
18317,-178.16919
18318,-178.77422
18319,-180.80673
18320,-184.23326
18321,-188.20374
18322,-191.83607
18323,-194.2875
18324,-194.82271
18325,-193.33258
18326,-190.55786
18327,-187.27478
18328,-184.22002
18329,-182.05084
18330,-180.96132
18331,-180.51773
18332,-180.26128
18333,-179.76297
18334,-178.63943
18335,-176.77174
18336,-174.39963
18337,-171.77722
18338,-169.14163
18339,-166.72067
18340,-164.6875
18341,-163.14107
18342,-162.1775
18343,-161.89636
18344,-162.38205
18345,-163.63101
18346,-165.52055
18347,-167.9235
18348,-170.7182
18349,-173.7832
18350,-176.99707
18351,-180.23839
18352,-183.38567
18353,-186.3176
18354,-187.58891
18355,-186.1025
18356,-184.88611
18357,-183.48964
18358,-181.96832
18359,-180.37741
18360,-178.77213
18361,-177.2077
18362,-175.73936
18363,-174.42236
18364,-173.29057
18365,-172.25365
18366,-171.05309
18367,-169.42358
18368,-167.10786
18369,-163.91374
18370,-160.02739
18371,-156.14803
18372,-152.99521
18373,-151.26387
18374,-151.54599
18375,-153.83725
18376,-157.32639
18377,-161.17131
18378,-164.56906
18379,-166.79582
18380,-167.58618
18381,-167.29562
18382,-166.30391
18383,-164.96129
18384,-163.60504
18385,-162.49608
18386,-161.79181
18387,-161.6455
18388,-162.21533
18389,-163.62387
18390,-165.78688
18391,-168.3401
18392,-170.90863
18393,-173.13094
18394,-174.67725
18395,-175.4022
18396,-175.41025
18397,-174.81567
18398,-173.72092
18399,-172.22844
18400,-170.44073
18401,-168.46042
18402,-166.38995
18403,-164.33194
18404,-167.4549
18405,-182.65082
18406,-180.13577
18407,-178.90039
18408,-175.00642
18409,-174.51837
18410,-168.50279
18411,-163.02719
18412,-154.1589
18413,-152.96446
18414,-155.32864
18415,-161.08542
18416,-173.64725
18417,-181.37369
18418,-187.69418
18419,-186.222
18420,-186.6337
18421,-185.0472
18422,-182.63892
18423,-180.5182
18424,-179.67038
18425,-180.3562
18426,-181.85487
18427,-183.40665
18428,-184.29883
18429,-183.90971
18430,-182.14706
18431,-179.63666
18432,-177.03362
18433,-174.95918
18434,-173.95638
18435,-174.11378
18436,-174.90433
18437,-175.77667
18438,-176.209
18439,-175.71405
18440,-174.0052
18441,-171.06787
18442,-166.89825
18443,-166.47964
18444,-159.84663
18445,-152.33131
18446,-144.66891
18447,-137.61037
18448,-131.88678
18449,-123.22858
18450,-122.36586
18451,-125.0292
18452,-136.94942
18453,-148.85623
18454,-160.21815
18455,-158.32584
18456,-161.29239
18457,-163.15457
18458,-164.12082
18459,-164.3997
18460,-164.19981
18461,-163.72987
18462,-163.19862
18463,-162.81482
18464,-162.76395
18465,-163.09598
18466,-163.67746
18467,-164.36769
18468,-165.03484
18469,-165.5678
18470,-165.9761
18471,-166.43274
18472,-167.11699
18473,-168.20038
18474,-169.82529
18475,-171.96484
18476,-174.36308
18477,-176.75513
18478,-178.88704
18479,-180.52028
18480,-181.50565
18481,-181.81482
18482,-181.42422
18483,-180.30455
18484,-178.44815
18485,-175.97302
18486,-173.16786
18487,-170.32828
18488,-167.74176
18489,-165.66624
18490,-164.18759
18491,-163.15857
18492,-162.42282
18493,-161.8351
18494,-161.26474
18495,-160.66559
18496,-160.1059
18497,-159.6585
18498,-159.39058
18499,-159.36946
18500,-159.6624
18501,-160.33665
18502,-161.45947
18503,-163.09805
18504,-164.98921
18505,-166.76176
18506,-168.8198
18507,-170.95116
18508,-173.03339
18509,-174.94395
18510,-176.5604
18511,-177.76018
18512,-178.4208
18513,-178.41968
18514,-177.66977
18515,-176.29083
18516,-174.68317
18517,-173.25829
18518,-172.41438
18519,-172.49493
18520,-173.52483
18521,-175.09798
18522,-176.7913
18523,-178.20244
18524,-178.97269
18525,-178.99696
18526,-178.51407
18527,-177.77643
18528,-177.02025
18529,-176.45592
18530,-176.14406
18531,-175.94226
18532,-175.7
18533,-175.27643
18534,-174.54535
18535,-173.4654
18536,-172.11024
18537,-170.55826
18538,-168.88225
18539,-167.16202
18540,-165.51805
18541,-164.12575
18542,-163.16272
18543,-162.80388
18544,-163.19902
18545,-164.35185
18546,-166.06842
18547,-168.14713
18548,-170.39584
18549,-172.6225
18550,-174.63509
18551,-176.24153
18552,-177.24977
18553,-177.46767
18554,-177.91344
18555,-179.84337
18556,-181.33205
18557,-182.6675
18558,-183.83159
18559,-184.8062
18560,-185.57315
18561,-186.1143
18562,-186.41147
18563,-186.44656
18564,-186.20485
18565,-185.69191
18566,-184.94073
18567,-183.98546
18568,-182.85892
18569,-181.60342
18570,-180.31645
18571,-179.17014
18572,-178.33977
18573,-177.9969
18574,-178.28168
18575,-179.1515
18576,-180.316
18577,-181.47514
18578,-182.34074
18579,-182.65775
18580,-182.36417
18581,-181.65968
18582,-180.7544
18583,-179.8462
18584,-179.11143
18585,-178.60225
18586,-178.20215
18587,-177.78795
18588,-177.24443
18589,-176.47534
18590,-175.49402
18591,-174.46243
18592,-173.54852
18593,-172.91316
18594,-172.69763
18595,-172.92969
18596,-173.48326
18597,-174.22626
18598,-175.03386
18599,-175.78136
18600,-176.34396
18601,-176.59692
18602,-176.41545
18603,-175.67476
18604,-172.84003
18605,-167.85297
18606,-165.79721
18607,-165.35022
18608,-166.20123
18609,-168.03967
18610,-170.5553
18611,-173.43803
18612,-176.37794
18613,-179.06516
18614,-181.21965
18615,-182.73463
18616,-183.73816
18617,-184.36739
18618,-184.74857
18619,-185.00337
18620,-185.2276
18621,-185.48195
18622,-185.82562
18623,-186.31955
18624,-186.99945
18625,-187.75491
18626,-188.2772
18627,-188.24976
18628,-187.36519
18629,-185.3763
18630,-182.3863
18631,-178.97385
18632,-175.73712
18633,-173.25188
18634,-172.02182
18635,-172.13222
18636,-173.10182
18637,-174.4272
18638,-175.63211
18639,-176.29597
18640,-176.32152
18641,-176.04935
18642,-175.83755
18643,-176.0233
18644,-176.90302
18645,-178.53546
18646,-180.65788
18647,-182.99477
18648,-185.28615
18649,-187.27196
18650,-188.69212
18651,-189.28662
18652,-188.79518
18653,-186.95726
18654,-183.92029
18655,-181.05896
18656,-179.61232
18657,-179.06418
18658,-179.2223
18659,-179.89473
18660,-180.88954
18661,-182.01483
18662,-183.07886
18663,-183.88982
18664,-184.28473
18665,-184.26826
18666,-184.0723
18667,-183.93785
18668,-184.09514
18669,-184.73207
18670,-185.79
18671,-186.87656
18672,-187.58604
18673,-187.52858
18674,-186.37215
18675,-184.12213
18676,-181.2416
18677,-178.21236
18678,-175.49487
18679,-173.50145
18680,-172.36569
18681,-171.84337
18682,-171.67522
18683,-171.62007
18684,-171.45856
18685,-171.09761
18686,-170.61522
18687,-170.0962
18688,-169.61714
18689,-169.24464
18690,-168.98714
18691,-168.77402
18692,-168.53166
18693,-168.19022
18694,-167.69002
18695,-167.03065
18696,-166.29216
18697,-165.55775
18698,-164.90678
18699,-164.41855
18700,-164.17245
18701,-164.24782
18702,-164.72392
18703,-165.68013
18704,-169.10417
18705,-180.49052
18706,-178.79274
18707,-180.5181
18708,-180.99161
18709,-180.53859
18710,-179.48462
18711,-178.15546
18712,-176.87703
18713,-175.97531
18714,-175.729
18715,-176.14186
18716,-176.84547
18717,-177.45671
18718,-177.61015
18719,-176.99371
18720,-175.60571
18721,-173.86494
18722,-172.20714
18723,-171.04807
18724,-170.74248
18725,-171.2906
18726,-172.21251
18727,-173.0094
18728,-173.20554
18729,-172.39192
18730,-170.54857
18731,-168.18251
18732,-165.82202
18733,-163.97028
18734,-163.07631
18735,-163.27461
18736,-164.27364
18737,-165.76527
18738,-167.46188
18739,-169.09161
18740,-170.47418
18741,-171.55304
18742,-172.27657
18743,-172.58723
18744,-172.44373
18745,-171.90001
18746,-171.13881
18747,-170.34796
18748,-169.70929
18749,-169.40453
18750,-169.61539
18751,-170.52359
18752,-172.31076
18753,-175.15836
18754,-180.45781
18755,-192.44904
18756,-190.36348
18757,-191.05954
18758,-190.15279
18759,-188.2598
18760,-185.9979
18761,-183.98491
18762,-182.83875
18763,-183.17705
18764,-185.49815
18765,-189.60866
18766,-194.37944
18767,-198.64505
18768,-201.285
18769,-201.33623
18770,-198.75354
18771,-194.73839
18772,-190.54565
18773,-187.37245
18774,-186.26523
18775,-187.3948
18776,-189.7461
18777,-192.25706
18778,-193.92253
18779,-193.85902
18780,-191.88918
18781,-188.79404
18782,-185.39441
18783,-182.4665
18784,-180.69777
18785,-180.25987
18786,-180.6256
18787,-181.23994
18788,-181.58118
18789,-181.19138
18790,-179.98203
18791,-178.3657
18792,-176.7751
18793,-175.61926
18794,-175.27124
18795,-175.89525
18796,-177.37251
18797,-179.57315
18798,-182.38074
18799,-185.67894
18800,-189.35146
18801,-193.28201
18802,-197.35448
18803,-201.4526
18804,-202.53816
18805,-198.2931
18806,-195.35866
18807,-192.60532
18808,-190.03734
18809,-187.65897
18810,-185.47435
18811,-183.48773
18812,-181.70335
18813,-180.12543
18814,-178.75897
18815,-177.61378
18816,-176.70613
18817,-176.05244
18818,-175.66888
18819,-175.5608
18820,-175.66994
18821,-175.8522
18822,-175.96
18823,-175.84999
18824,-175.39522
18825,-174.5651
18826,-173.45947
18827,-172.18338
18828,-170.83571
18829,-169.51256
18830,-168.29436
18831,-167.24005
18832,-166.40778
18833,-165.8567
18834,-165.63423
18835,-165.7196
18836,-165.99968
18837,-166.35768
18838,-166.68132
18839,-166.87463
18840,-166.93689
18841,-166.9962
18842,-167.18587
18843,-167.6329
18844,-168.45099
18845,-169.67636
18846,-171.24005
18847,-173.06915
18848,-175.09569
18849,-177.25174
18850,-179.46935
18851,-181.68062
18852,-183.81761
18853,-185.81244
18854,-184.57526
18855,-178.76863
18856,-176.91766
18857,-176.89119
18858,-178.19626
18859,-180.34079
18860,-182.83304
18861,-185.18156
18862,-186.89507
18863,-187.4821
18864,-186.53105
18865,-184.09547
18866,-180.86023
18867,-177.53629
18868,-174.80496
18869,-173.27184
18870,-173.10191
18871,-173.86371
18872,-175.10213
18873,-176.39078
18874,-177.35605
18875,-177.93053
18876,-178.46164
18877,-179.31325
18878,-180.82947
18879,-183.28711
18880,-186.57245
18881,-190.04312
18882,-193.03595
18883,-194.91304
18884,-195.12917
18885,-193.67947
18886,-191.29253
18887,-188.72751
18888,-186.70935
18889,-185.87338
18890,-186.33379
18891,-187.49876
18892,-188.74812
18893,-189.49556
18894,-189.22018
18895,-187.78168
18896,-185.55574
18897,-182.93936
18898,-180.30522
18899,-178.02608
18900,-176.47461
18901,-176.02344
18902,-177.04489
18903,-179.91093
18904,-183.12091
18905,-184.0627
18906,-184.46913
18907,-184.3302
18908,-183.81975
18909,-183.11154
18910,-182.37946
18911,-181.79733
18912,-181.53908
18913,-181.77852
18914,-182.66025
18915,-184.15875
18916,-186.01826
18917,-187.9739
18918,-189.77176
18919,-191.16982
18920,-191.99463
18921,-192.16574
18922,-191.60635
18923,-190.23529
18924,-188.01498
18925,-185.16203
18926,-182.23787
18927,-179.81818
18928,-178.46223
18929,-178.6462
18930,-180.36446
18931,-182.9592
18932,-185.74704
18933,-188.07603
18934,-189.3622
18935,-189.41617
18936,-188.58337
18937,-187.23106
18938,-185.70131
18939,-184.30112
18940,-183.13327
18941,-182.02354
18942,-180.78651
18943,-179.2499
18944,-177.27235
18945,-174.89316
18946,-172.39601
18947,-170.07466
18948,-168.21107
18949,-167.0873
18950,-166.98514
18951,-168.18631
18952,-170.97235
18953,-175.62444
18954,-178.59319
18955,-176.34572
18956,-176.07095
18957,-176.33113
18958,-176.9333
18959,-177.68454
18960,-178.39204
18961,-178.86298
18962,-178.90448
18963,-178.32368
18964,-176.9692
18965,-174.93112
18966,-172.62703
18967,-170.48775
18968,-168.9285
18969,-168.3122
18970,-168.69814
18971,-169.73427
18972,-171.05252
18973,-172.30457
18974,-173.17795
18975,-173.56851
18976,-173.65427
18977,-173.62431
18978,-173.65437
18979,-173.90251
18980,-174.42412
18981,-175.13562
18982,-175.94785
18983,-176.77829
18984,-177.54448
18985,-178.16362
18986,-178.55276
18987,-178.62886
18988,-178.30891
18989,-177.53064
18990,-176.35258
18991,-174.99713
18992,-173.6932
18993,-172.66196
18994,-172.10367
18995,-172.0972
18996,-172.557
18997,-173.39108
18998,-174.51517
18999,-175.84517
19000,-177.2969
19001,-178.78629
19002,-180.22911
19003,-181.54134
19004,-180.86363
19005,-177.05626
19006,-174.65242
19007,-172.84695
19008,-171.63213
19009,-171.00034
19010,-170.94392
19011,-171.45523
19012,-172.52664
19013,-174.15048
19014,-176.30148
19015,-178.85193
19016,-181.53517
19017,-184.0793
19018,-186.21896
19019,-187.71408
19020,-188.47124
19021,-188.5957
19022,-188.20085
19023,-187.39064
19024,-186.26898
19025,-184.93912
19026,-183.50354
19027,-182.06471
19028,-180.72516
19029,-179.58061
19030,-178.6876
19031,-178.04953
19032,-177.66762
19033,-177.54562
19034,-177.6854
19035,-178.07759
19036,-178.69765
19037,-179.52046
19038,-180.5216
19039,-181.66179
19040,-182.81543
19041,-183.73976
19042,-184.18752
19043,-183.91678
19044,-182.72562
19045,-180.64421
19046,-178.01767
19047,-175.20404
19048,-172.54651
19049,-170.38817
19050,-169.07216
19051,-168.94138
19052,-170.33861
19053,-173.6062
19054,-177.85153
19055,-180.27342
19056,-180.10483
19057,-178.22432
19058,-175.14444
19059,-171.37843
19060,-167.44002
19061,-163.84302
19062,-161.10124
19063,-159.72827
19064,-160.15378
19065,-162.32156
19066,-165.51784
19067,-169.00363
19068,-172.07181
19069,-174.08395
19070,-174.80023
19071,-174.52043
19072,-173.56573
19073,-172.23172
19074,-170.80055
19075,-169.47496
19076,-168.35043
19077,-167.51808
19078,-167.07407
19079,-167.09557
19080,-167.54842
19081,-168.24806
19082,-169.00403
19083,-169.63306
19084,-169.97578
19085,-170.01202
19086,-169.91
19087,-169.8453
19088,-169.98463
19089,-170.48
19090,-171.39838
19091,-172.69156
19092,-174.3068
19093,-176.19682
19094,-178.31392
19095,-180.60725
19096,-183.02194
19097,-185.50296
19098,-187.99538
19099,-190.44437
19100,-192.79512
19101,-194.99274
19102,-196.9824
19103,-198.70921
19104,-197.66748
19105,-192.65295
19106,-190.41216
19107,-189.39984
19108,-189.33229
19109,-189.92607
19110,-190.89801
19111,-191.9651
19112,-192.84439
19113,-193.25288
19114,-192.94356
19115,-191.87808
19116,-190.3014
19117,-188.4702
19118,-186.6277
19119,-185.00597
19120,-183.77141
19121,-183.00122
19122,-182.76915
19123,-183.15298
19124,-184.2073
19125,-185.85179
19126,-187.82323
19127,-189.85129
19128,-191.67432
19129,-193.04128
19130,-193.76247
19131,-193.73143
19132,-192.845
19133,-190.99593
19134,-188.12907
19135,-184.49225
19136,-180.7446
19137,-177.56213
19138,-175.60152
19139,-175.42316
19140,-177.0307
19141,-179.67413
19142,-182.57407
19143,-184.98746
19144,-186.25304
19145,-186.18356
19146,-185.23454
19147,-183.88744
19148,-182.59352
19149,-181.80417
19150,-181.9706
19151,-183.54393
19152,-186.97475
19153,-197.71306
19154,-205.61676
19155,-212.89156
19156,-211.29967
19157,-212.17404
19158,-211.02687
19159,-208.37152
19160,-204.72235
19161,-200.59447
19162,-196.50351
19163,-192.96512
19164,-190.43867
19165,-189.05635
19166,-188.50679
19167,-188.4607
19168,-188.60979
19169,-188.66728
19170,-188.46997
19171,-188.02213
19172,-187.33482
19173,-186.41113
19174,-185.26999
19175,-184.0217
19176,-182.9007
19177,-182.14636
19178,-181.9922
19179,-182.63908
19180,-184.0987
19181,-186.12654
19182,-188.46794
19183,-190.88052
19184,-193.13638
19185,-195.09149
19186,-196.7155
19187,-197.98264
19188,-198.86168
19189,-199.32997
19190,-199.41478
19191,-199.21097
19192,-198.8162
19193,-198.32498
19194,-197.823
19195,-197.3448
19196,-196.85542
19197,-196.31702
19198,-195.6951
19199,-194.95508
19200,-194.06247
19201,-192.98268
19202,-191.68121
19203,-190.12349
19204,-186.77277
19205,-186.2929
19206,-178.491
19207,-177.10141
19208,-176.80617
19209,-177.28761
19210,-178.22838
19211,-179.31122
19212,-180.21909
19213,-180.63486
19214,-180.2891
19215,-179.18967
19216,-177.72035
19217,-176.28009
19218,-175.25003
19219,-174.95349
19220,-175.37769
19221,-176.05464
19222,-176.49844
19223,-176.24486
19224,-174.91606
19225,-172.637
19226,-170.21439
19227,-168.48236
19228,-168.24245
19229,-170.17342
19230,-174.24223
19231,-179.4529
19232,-189.77257
19233,-189.21521
19234,-191.89217
19235,-192.47961
19236,-191.41928
19237,-189.18411
19238,-186.21115
19239,-182.9258
19240,-179.68274
19241,-176.74055
19242,-174.35384
19243,-172.78166
19244,-172.24315
19245,-172.72581
19246,-173.90349
19247,-175.43776
19248,-177.00519
19249,-178.28258
19250,-178.9466
19251,-178.67384
19252,-177.1408
19253,-174.02359
19254,-171.04335
19255,-170.46808
19256,-169.35516
19257,-168.281
19258,-167.33908
19259,-166.62302
19260,-166.22626
19261,-166.24232
19262,-166.7647
19263,-167.88687
19264,-169.664
19265,-171.92918
19266,-174.21478
19267,-176.04155
19268,-176.94447
19269,-176.53214
19270,-174.8412
19271,-172.48878
19272,-170.11555
19273,-168.33469
19274,-167.68784
19275,-168.30116
19276,-169.73824
19277,-171.54062
19278,-173.27687
19279,-174.553
19280,-175.19127
19281,-175.3071
19282,-175.02747
19283,-174.46542
19284,-173.73347
19285,-172.94118
19286,-172.19398
19287,-171.5971
19288,-171.25601
19289,-171.26245
19290,-171.6289
19291,-172.26022
19292,-173.05705
19293,-173.92526
19294,-174.78352
19295,-175.6256
19296,-176.5468
19297,-177.6465
19298,-179.01921
19299,-180.75937
19300,-182.96147
19301,-185.71991
19302,-189.12906
19303,-193.28322
19304,-195.16905
19305,-192.71692
19306,-193.25368
19307,-194.95996
19308,-197.3925
19309,-200.10857
19310,-202.66557
19311,-204.62111
19312,-205.53262
19313,-204.95721
19314,-202.53549
19315,-198.3958
19316,-193.32932
19317,-193.15588
19318,-183.66463
19319,-180.55582
19320,-179.01381
19321,-178.5242
19322,-178.5445
19323,-178.56572
19324,-178.13428
19325,-177.11705
19326,-175.81514
19327,-174.54718
19328,-173.61111
19329,-173.26883
19330,-173.57306
19331,-174.2928
19332,-175.18604
19333,-176.02425
19334,-176.60461
19335,-176.87355
19336,-176.97961
19337,-177.07948
19338,-177.32007
19339,-177.83282
19340,-178.65851
19341,-179.71515
19342,-180.91591
19343,-182.17978
19344,-183.42645
19345,-184.57945
19346,-185.5674
19347,-186.31923
19348,-186.76358
19349,-186.82903
19350,-186.44417
19351,-185.5376
19352,-184.03781
19353,-181.87335
19354,-181.05974
19355,-183.14015
19356,-183.4487
19357,-183.0614
19358,-182.19737
19359,-181.0759
19360,-179.91634
19361,-178.93808
19362,-178.36046
19363,-178.4029
19364,-179.25159
19365,-180.90118
19366,-183.08661
19367,-185.53264
19368,-187.97646
19369,-190.17256
19370,-191.97578
19371,-193.37668
19372,-194.37125
19373,-194.9491
19374,-195.10602
19375,-194.87376
19376,-194.33307
19377,-193.5667
19378,-192.65503
19379,-191.67569
19380,-190.68956
19381,-189.7349
19382,-188.84901
19383,-188.07033
19384,-187.42796
19385,-186.89705
19386,-186.37962
19387,-185.77477
19388,-184.985
19389,-183.9308
19390,-182.63692
19391,-181.2695
19392,-180.00044
19393,-178.99496
19394,-178.40059
19395,-178.26262
19396,-178.48769
19397,-178.97694
19398,-179.63823
19399,-180.37926
19400,-181.10786
19401,-181.73181
19402,-182.15894
19403,-182.297
19404,-182.81519
19405,-184.241
19406,-184.89557
19407,-185.18732
19408,-185.21126
19409,-185.0625
19410,-184.83606
19411,-184.62703
19412,-184.5305
19413,-184.64154
19414,-185.03284
19415,-185.64667
19416,-186.24887
19417,-186.59808
19418,-186.4614
19419,-185.64514
19420,-184.18457
19421,-182.42516
19422,-180.72502
19423,-179.42773
19424,-178.82922
19425,-178.94965
19426,-179.4352
19427,-179.91739
19428,-180.04546
19429,-179.52234
19430,-178.3626
19431,-177.0033
19432,-175.89856
19433,-175.48242
19434,-176.12204
19435,-177.79642
19436,-179.95894
19437,-182.04245
19438,-183.5049
19439,-183.86325
19440,-182.9769
19441,-181.16978
19442,-178.78462
19443,-176.14235
19444,-173.54681
19445,-171.20242
19446,-169.1787
19447,-167.53963
19448,-166.35576
19449,-165.69746
19450,-165.63518
19451,-166.23933
19452,-167.58025
19453,-169.7283
19454,-172.4158
19455,-174.30093
19456,-174.24924
19457,-172.9624
19458,-170.7976
19459,-168.11235
19460,-165.26436
19461,-162.61137
19462,-160.5112
19463,-159.32153
19464,-159.33913
19465,-160.507
19466,-162.2895
19467,-164.13263
19468,-165.5053
19469,-165.9479
19470,-165.41568
19471,-164.42598
19472,-163.51828
19473,-163.20528
19474,-163.9232
19475,-165.6638
19476,-167.817
19477,-169.74953
19478,-170.85693
19479,-170.61691
19480,-168.9852
19481,-166.56525
19482,-163.98657
19483,-161.84796
19484,-160.68796
19485,-160.6952
19486,-161.58443
19487,-163.05199
19488,-164.81691
19489,-166.61249
19490,-168.25372
19491,-169.66641
19492,-170.78056
19493,-171.521
19494,-171.82578
19495,-171.7105
19496,-171.29579
19497,-170.70644
19498,-170.06223
19499,-169.48299
19500,-169.08849
19501,-168.9986
19502,-169.33304
19503,-170.21161
19504,-171.28746
19505,-172.1725
19506,-173.65762
19507,-175.4103
19508,-177.2682
19509,-179.0691
19510,-180.65074
19511,-181.85088
19512,-182.5072
19513,-182.4574
19514,-181.5832
19515,-180.02348
19516,-178.2655
19517,-176.81076
19518,-176.14413
19519,-176.6931
19520,-178.5517
19521,-181.36264
19522,-184.75095
19523,-188.3633
19524,-191.84938
19525,-194.87512
19526,-197.12834
19527,-198.29758
19528,-198.0701
19529,-196.20393
19530,-192.87068
19531,-188.80347
19532,-184.7593
19533,-181.46893
19534,-179.57329
19535,-179.19135
19536,-179.73524
19537,-180.58893
19538,-181.17035
19539,-180.96642
19540,-179.8645
19541,-178.2948
19542,-176.70937
19543,-175.53467
19544,-175.15244
19545,-175.6852
19546,-176.90437
19547,-178.56747
19548,-180.4488
19549,-182.32275
19550,-183.96382
19551,-185.1464
19552,-185.64485
19553,-185.23349
19554,-185.81398
19555,-189.07603
19556,-190.62303
19557,-191.3606
19558,-191.41414
19559,-190.90906
19560,-189.97093
19561,-188.72534
19562,-187.2979
19563,-185.81427
19564,-184.39539
19565,-183.13435
19566,-182.08662
19567,-181.3061
19568,-180.8485
19569,-180.74826
19570,-180.91653
19571,-181.0973
19572,-181.02786
19573,-180.45352
19574,-179.169
19575,-177.2574
19576,-175.19238
19577,-173.46355
19578,-172.54189
19579,-172.82777
19580,-174.31241
19581,-176.43263
19582,-178.6038
19583,-180.26782
19584,-180.93808
19585,-180.54347
19586,-179.57587
19587,-178.54985
19588,-177.95343
19589,-178.2137
19590,-179.40402
19591,-181.11865
19592,-182.93289
19593,-184.44504
19594,-185.29137
19595,-185.3292
19596,-184.71529
19597,-183.6185
19598,-182.19356
19599,-180.5952
19600,-178.97824
19601,-177.49753
19602,-176.3078
19603,-175.5639
19604,-176.3379
19605,-178.52348
19606,-178.55713
19607,-177.62868
19608,-176.16484
19609,-174.59254
19610,-173.33897
19611,-172.83118
19612,-173.4962
19613,-175.76071
19614,-179.96602
19615,-190.95914
19616,-197.91869
19617,-204.9979
19618,-211.38268
19619,-216.31467
19620,-214.35779
19621,-215.51263
19622,-214.79738
19623,-212.20958
19624,-207.80573
19625,-206.98563
19626,-200.61572
19627,-194.5832
19628,-189.75357
19629,-181.88802
19630,-181.14508
19631,-181.86713
19632,-183.364
19633,-184.98497
19634,-186.13864
19635,-186.57722
19636,-186.51808
19637,-186.19737
19638,-185.82924
19639,-185.60522
19640,-185.58568
19641,-185.65294
19642,-185.68225
19643,-185.55725
19644,-185.17207
19645,-184.48157
19646,-183.52309
19647,-182.33722
19648,-180.96071
19649,-179.43024
19650,-177.78261
19651,-176.0545
19652,-174.28265
19653,-172.50383
19654,-170.9084
19655,-169.98929
19656,-169.9729
19657,-170.61824
19658,-171.77937
19659,-173.31029
19660,-175.0651
19661,-176.8979
19662,-178.66292
19663,-180.21423
19664,-181.41385
19665,-182.16891
19666,-182.44798
19667,-182.22197
19668,-181.4589
19669,-180.14224
19670,-178.34537
19671,-176.26366
19672,-174.09735
19673,-172.04097
19674,-170.28069
19675,-168.95369
19676,-168.13107
19677,-167.88116
19678,-168.27553
19679,-169.3522
19680,-170.95528
19681,-172.66588
19682,-174.055
19683,-174.7062
19684,-174.27293
19685,-172.81538
19686,-170.9451
19687,-169.29591
19688,-168.47537
19689,-169.00902
19690,-170.94626
19691,-173.69191
19692,-176.62581
19693,-179.15889
19694,-180.76088
19695,-181.24358
19696,-180.88216
19697,-179.97023
19698,-178.77957
19699,-177.58206
19700,-176.64957
19701,-176.25397
19702,-176.66711
19703,-178.16068
19704,-182.88791
19705,-195.89082
19706,-195.16441
19707,-197.39581
19708,-197.90038
19709,-196.99391
19710,-194.99261
19711,-192.21315
19712,-188.97249
19713,-185.58775
19714,-182.36311
19715,-179.52637
19716,-177.20177
19717,-175.5093
19718,-174.57378
19719,-174.48062
19720,-175.08646
19721,-175.9379
19722,-176.56946
19723,-176.53047
19724,-175.45738
19725,-173.49394
19726,-171.47156
19727,-170.24928
19728,-170.65326
19729,-173.37024
19730,-178.27892
19731,-189.16487
19732,-194.77223
19733,-193.8981
19734,-195.4807
19735,-194.27942
19736,-191.16815
19737,-187.06715
19738,-182.84532
19739,-179.3002
19740,-176.81111
19741,-175.19054
19742,-174.22792
19743,-173.7397
19744,-173.55379
19745,-173.56334
19746,-173.7501
19747,-174.09943
19748,-174.59229
19749,-175.20978
19750,-175.93297
19751,-176.74289
19752,-177.62068
19753,-178.54736
19754,-181.40819
19755,-186.8449
19756,-189.22404
19757,-190.00398
19758,-189.53954
19759,-188.18582
19760,-186.2985
19761,-184.23332
19762,-182.34633
19763,-180.99342
19764,-180.4866
19765,-180.88234
19766,-181.89104
19767,-183.20938
19768,-184.5506
19769,-185.64597
19770,-186.33147
19771,-186.58487
19772,-186.38959
19773,-185.72235
19774,-184.59058
19775,-183.18063
19776,-181.92131
19777,-181.25139
19778,-181.59785
19779,-183.3108
19780,-186.29346
19781,-189.84428
19782,-193.23813
19783,-195.77885
19784,-196.84723
19785,-196.27177
19786,-194.48842
19787,-191.95824
19788,-189.11397
19789,-186.36626
19790,-183.99554
19791,-182.10585
19792,-180.79376
19793,-180.16423
19794,-180.29636
19795,-181.1191
19796,-182.35818
19797,-183.73119
19798,-184.96547
19799,-185.78847
19800,-185.92749
19801,-185.10977
19802,-183.06238
19803,-179.51212
19804,-176.1007
19805,-175.0951
19806,-173.9113
19807,-172.89876
19808,-172.02132
19809,-171.24284
19810,-170.52719
19811,-169.83815
19812,-169.13965
19813,-168.39545
19814,-167.57657
19815,-166.69487
19816,-165.81784
19817,-165.0152
19818,-164.35399
19819,-163.90378
19820,-163.74892
19821,-163.99384
19822,-164.74373
19823,-166.10272
19824,-168.14249
19825,-170.74562
19826,-173.53873
19827,-176.13869
19828,-178.17459
19829,-179.31363
19830,-179.4449
19831,-178.7581
19832,-177.45502
19833,-175.72324
19834,-173.7602
19835,-171.8205
19836,-170.2362
19837,-169.34247
19838,-169.47054
19839,-170.88962
19840,-173.50912
19841,-176.75122
19842,-180.01932
19843,-182.74025
19844,-184.40369
19845,-184.86386
19846,-184.46912
19847,-183.58768
19848,-182.5645
19849,-181.74466
19850,-181.47324
19851,-182.09525
19852,-183.95546
19853,-187.39844
19854,-190.33583
19855,-190.22229
19856,-190.85625
19857,-191.42604
19858,-191.76582
19859,-191.70973
19860,-191.09187
19861,-189.74626
19862,-187.50684
19863,-184.20747
19864,-179.75766
19865,-179.5076
19866,-174.40535
19867,-165.4235
19868,-163.50569
19869,-164.4516
19870,-168.22792
19871,-178.67448
19872,-184.58849
19873,-189.82207
19874,-188.33751
19875,-189.73366
19876,-189.47165
19877,-188.04718
19878,-185.91562
19879,-183.52939
19880,-181.3227
19881,-179.70444
19882,-179.08246
19883,-179.86548
19884,-182.38118
19885,-186.48749
19886,-191.40675
19887,-196.33682
19888,-200.50623
19889,-203.23639
19890,-204.38748
19891,-204.55045
19892,-204.34657
19893,-204.36307
19894,-205.12036
19895,-206.74994
19896,-208.85602
19897,-211.02116
19898,-212.85287
19899,-213.95866
19900,-213.94589
19901,-212.42151
19902,-208.99202
19903,-208.2632
19904,-199.28189
19905,-201.13396
19906,-200.55293
19907,-199.25662
19908,-197.52803
19909,-195.65033
19910,-193.90678
19911,-192.5807
19912,-191.95528
19913,-192.31363
19914,-193.87209
19915,-196.46014
19916,-199.38324
19917,-201.926
19918,-203.398
19919,-203.19778
19920,-201.24263
19921,-198.15414
19922,-194.5838
19923,-191.15051
19924,-188.42299
19925,-186.67738
19926,-185.7931
19927,-185.63339
19928,-186.08018
19929,-187.01187
19930,-188.28485
19931,-189.7259
19932,-191.16066
19933,-192.41609
19934,-193.32622
19935,-193.76521
19936,-193.66193
19937,-192.94725
19938,-191.54958
19939,-189.43468
19940,-186.78662
19941,-184.08537
19942,-181.8232
19943,-180.47827
19944,-180.46266
19945,-181.80522
19946,-184.01591
19947,-186.58426
19948,-189.02472
19949,-190.85191
19950,-191.58034
19951,-190.72418
19952,-187.79703
19953,-182.31186
19954,-179.8729
19955,-185.58678
19956,-187.15416
19957,-187.11923
19958,-185.85197
19959,-183.72293
19960,-181.10294
19961,-178.36311
19962,-175.87465
19963,-174.00877
19964,-173.0998
19965,-173.26778
19966,-174.34294
19967,-176.14397
19968,-178.50342
19969,-181.24306
19970,-184.12076
19971,-186.8081
19972,-188.97314
19973,-190.28813
19974,-190.48227
19975,-189.61694
19976,-188.20421
19977,-186.77472
19978,-185.83786
19979,-185.83066
19980,-186.7693
19981,-188.09975
19982,-189.24525
19983,-189.65627
19984,-188.86339
19985,-186.86455
19986,-184.29146
19987,-181.80194
19988,-180.02402
19989,-179.49368
19990,-180.21255
19991,-181.45856
19992,-182.48105
19993,-182.56386
19994,-181.08426
19995,-177.96263
19996,-173.85626
19997,-169.45273
19998,-165.40494
19999,-162.3657
20000,-160.98761
20001,-161.92264
20002,-165.82211
20003,-178.3363
20004,-183.53267
20005,-174.54495
20006,-172.23578
20007,-169.92682
20008,-167.68242
20009,-165.5669
20010,-163.64452
20011,-161.9796
20012,-160.63638
20013,-159.67917
20014,-159.16924
20015,-159.15044
20016,-159.64317
20017,-160.66684
20018,-162.24199
20019,-164.36879
20020,-166.92877
20021,-169.64293
20022,-172.22609
20023,-174.40088
20024,-175.91043
20025,-176.61813
20026,-176.54994
20027,-175.73825
20028,-174.2078
20029,-172.01125
20030,-169.36433
20031,-166.70374
20032,-164.47491
20033,-163.11284
20034,-162.98192
20035,-164.03749
20036,-165.68098
20037,-167.29259
20038,-168.27895
20039,-168.1275
20040,-166.79465
20041,-164.87239
20042,-162.97798
20043,-161.69852
20044,-161.56448
20045,-162.778
20046,-165.09647
20047,-168.26009
20048,-172.0304
20049,-176.169
20050,-180.43774
20051,-184.59842
20052,-188.41298
20053,-191.64331
20054,-195.68695
20055,-206.29459
20056,-204.24191
20057,-205.60352
20058,-205.63948
20059,-204.61032
20060,-202.77687
20061,-200.40022
20062,-197.74164
20063,-195.06253
20064,-192.60056
20065,-190.45511
20066,-188.53793
20067,-186.7531
20068,-185.01349
20069,-183.257
20070,-181.56674
20071,-180.2227
20072,-179.5127
20073,-179.71523
20074,-181.04988
20075,-183.39484
20076,-186.16624
20077,-188.7621
20078,-190.60251
20079,-191.1765
20080,-190.3737
20081,-188.62738
20082,-186.39296
20083,-184.10051
20084,-182.14027
20085,-180.66956
20086,-179.53024
20087,-178.55145
20088,-177.57724
20089,-176.47261
20090,-175.22388
20091,-173.98181
20092,-172.90369
20093,-172.13898
20094,-171.82262
20095,-172.00476
20096,-172.62091
20097,-173.60199
20098,-174.88446
20099,-176.40475
20100,-178.0993
20101,-179.9046
20102,-181.75714
20103,-183.59341
20104,-187.4349
20105,-198.89352
20106,-196.70972
20107,-197.55916
20108,-196.87877
20109,-195.10608
20110,-192.67921
20111,-190.0368
20112,-187.61758
20113,-185.86034
20114,-185.1498
20115,-185.55658
20116,-186.72604
20117,-188.2866
20118,-189.88692
20119,-191.20192
20120,-192.05835
20121,-192.48859
20122,-192.53328
20123,-192.22337
20124,-191.61029
20125,-190.86461
20126,-190.31831
20127,-190.31007
20128,-191.17073
20129,-193.15804
20130,-196.10512
20131,-199.2702
20132,-201.8887
20133,-203.22331
20134,-202.63116
20135,-200.02106
20136,-196.05089
20137,-191.41048
20138,-186.7551
20139,-182.67299
20140,-179.36087
20141,-176.48457
20142,-173.68832
20143,-170.64163
20144,-167.06654
20145,-162.99062
20146,-158.85558
20147,-155.11961
20148,-152.22113
20149,-150.59828
20150,-150.68906
20151,-152.93123
20152,-157.76215
20153,-170.61842
20154,-176.90894
20155,-171.39105
20156,-172.39146
20157,-173.48886
20158,-174.62552
20159,-175.74353
20160,-176.7851
20161,-177.6924
20162,-178.40761
20163,-178.87285
20164,-179.0445
20165,-178.96114
20166,-178.77284
20167,-178.63423
20168,-178.6946
20169,-179.07936
20170,-179.77539
20171,-180.58182
20172,-181.29036
20173,-181.70161
20174,-181.6399
20175,-181.06715
20176,-180.13193
20177,-178.99033
20178,-177.7896
20179,-176.67357
20180,-175.76624
20181,-175.1648
20182,-174.96527
20183,-175.26495
20184,-176.13452
20185,-177.49013
20186,-179.03856
20187,-180.47853
20188,-181.51862
20189,-181.90161
20190,-181.56915
20191,-180.73225
20192,-179.61284
20193,-178.42004
20194,-177.33878
20195,-176.41232
20196,-175.4921
20197,-174.42195
20198,-173.05469
20199,-171.2433
20200,-168.84053
20201,-165.6993
20202,-161.67232
20203,-156.61235
20204,-151.86668
20205,-149.56053
20206,-148.20802
20207,-147.86719
20208,-148.42638
20209,-149.774
20210,-151.79848
20211,-154.38838
20212,-157.4321
20213,-160.8182
20214,-164.43507
20215,-168.17006
20216,-171.90921
20217,-175.5385
20218,-178.94398
20219,-182.012
20220,-184.63028
20221,-186.68855
20222,-188.07643
20223,-188.68347
20224,-188.42314
20225,-187.34804
20226,-185.69962
20227,-183.72714
20228,-181.67097
20229,-179.7604
20230,-178.15953
20231,-176.94418
20232,-176.18658
20233,-175.96315
20234,-176.33092
20235,-177.23445
20236,-178.46603
20237,-179.81184
20238,-181.06554
20239,-182.04047
20240,-182.66542
20241,-183.02554
20242,-183.21216
20243,-183.3092
20244,-183.39432
20245,-183.50832
20246,-183.6423
20247,-183.78528
20248,-183.92865
20249,-184.06384
20250,-184.18227
20251,-184.27533
20252,-184.33441
20253,-184.35098
20254,-184.05183
20255,-183.46849
20256,-183.57175
20257,-183.98444
20258,-184.54707
20259,-185.10017
20260,-185.48424
20261,-185.53976
20262,-185.10727
20263,-184.02718
20264,-182.18294
20265,-179.70847
20266,-177.07738
20267,-174.77715
20268,-173.27902
20269,-172.98285
20270,-173.87299
20271,-175.37154
20272,-176.87854
20273,-177.82109
20274,-177.71146
20275,-176.55733
20276,-175.03804
20277,-173.85999
20278,-173.69757
20279,-175.12021
20280,-178.08743
20281,-181.73337
20282,-185.1603
20283,-187.51003
20284,-188.03499
20285,-186.63065
20286,-184.06483
20287,-181.14125
20288,-178.6229
20289,-177.18726
20290,-177.0144
20291,-177.6107
20292,-178.4557
20293,-179.06122
20294,-178.98593
20295,-178.06082
20296,-176.48581
20297,-174.4755
20298,-172.22716
20299,-169.93806
20300,-167.80547
20301,-166.02672
20302,-164.79901
20303,-164.31955
20304,-165.28127
20305,-167.8302
20306,-170.14948
20307,-172.49092
20308,-174.78978
20309,-176.98126
20310,-179.00066
20311,-180.7832
20312,-182.26414
20313,-183.37868
20314,-184.07115
20315,-184.33868
20316,-184.25002
20317,-183.87677
20318,-183.28725
20319,-182.54034
20320,-181.64084
20321,-180.52017
20322,-179.10669
20323,-177.33226
20324,-175.15837
20325,-172.7183
20326,-170.3784
20327,-168.51437
20328,-167.4907
20329,-167.6206
20330,-168.91959
20331,-171.00008
20332,-173.45892
20333,-175.91237
20334,-177.99704
20335,-179.46751
20336,-180.23805
20337,-180.2292
20338,-179.35376
20339,-177.55734
20340,-174.97585
20341,-172.00342
20342,-169.04466
20343,-166.49207
20344,-164.70036
20345,-163.80606
20346,-163.6499
20347,-164.061
20348,-164.88266
20349,-165.95825
20350,-167.1312
20351,-168.24487
20352,-169.1427
20353,-169.66815
20354,-170.96252
20355,-174.04366
20356,-176.20699
20357,-177.94344
20358,-179.2741
20359,-180.22011
20360,-180.80257
20361,-181.0426
20362,-180.9614
20363,-180.58005
20364,-179.92302
20365,-179.03412
20366,-177.98343
20367,-176.84206
20368,-175.67982
20369,-174.5848
20370,-173.7505
20371,-173.51353
20372,-174.21603
20373,-176.19316
20374,-179.7029
20375,-184.55557
20376,-194.95602
20377,-200.08589
20378,-199.15602
20379,-201.45848
20380,-201.75775
20381,-200.4594
20382,-197.99538
20383,-194.76804
20384,-191.16669
20385,-187.50273
20386,-183.98158
20387,-180.80423
20388,-178.17667
20389,-176.2726
20390,-175.07889
20391,-174.32909
20392,-173.74664
20393,-173.06721
20394,-172.05421
20395,-170.63245
20396,-168.94547
20397,-167.1455
20398,-165.37439
20399,-163.774
20400,-162.48615
20401,-161.65263
20402,-161.4153
20403,-161.91583
20404,-159.83276
20405,-158.44525
20406,-151.89902
20407,-152.83615
20408,-155.67084
20409,-159.818
20410,-164.69287
20411,-169.71126
20412,-174.28906
20413,-177.84251
20414,-179.86433
20415,-180.29272
20416,-179.6697
20417,-178.56155
20418,-177.50624
20419,-176.97803
20420,-177.0811
20421,-177.4177
20422,-177.57037
20423,-177.14536
20424,-175.8152
20425,-173.63733
20426,-171.19109
20427,-169.07686
20428,-167.87016
20429,-168.06543
20430,-169.68622
20431,-172.11871
20432,-174.7244
20433,-176.89548
20434,-178.09431
20435,-178.19081
20436,-177.60712
20437,-176.78735
20438,-176.14966
20439,-176.06412
20440,-176.62207
20441,-177.53712
20442,-178.5079
20443,-179.25111
20444,-179.5146
20445,-179.2278
20446,-178.56586
20447,-177.7139
20448,-176.84529
20449,-176.13354
20450,-175.75201
20451,-175.8741
20452,-176.67325
20453,-178.32265
20454,-178.99477
20455,-176.74261
20456,-175.15956
20457,-173.6869
20458,-172.3526
20459,-171.18446
20460,-170.21037
20461,-169.45816
20462,-168.9557
20463,-168.73088
20464,-168.81036
20465,-169.2143
20466,-169.95398
20467,-171.04022
20468,-172.48444
20469,-174.27467
20470,-176.26454
20471,-178.12535
20472,-179.52118
20473,-180.1249
20474,-179.69559
20475,-178.495
20476,-177.46628
20477,-177.57999
20478,-179.77397
20479,-184.80214
20480,-197.35455
20481,-205.68288
20482,-212.9848
20483,-217.52757
20484,-212.81645
20485,-208.74878
20486,-207.11601
20487,-199.79428
20488,-193.5743
20489,-185.04898
20490,-184.6601
20491,-186.2901
20492,-188.75923
20493,-190.963
20494,-191.89734
20495,-191.13763
20496,-189.04486
20497,-186.01202
20498,-182.39534
20499,-178.55127
20500,-174.8364
20501,-171.60733
20502,-169.22055
20503,-168.0323
20504,-168.6654
20505,-170.6005
20506,-171.52719
20507,-172.01698
20508,-172.1705
20509,-172.0883
20510,-171.87103
20511,-171.61926
20512,-171.43365
20513,-171.41484
20514,-171.65428
20515,-172.19011
20516,-172.98825
20517,-174.0118
20518,-175.2273
20519,-176.59056
20520,-177.99556
20521,-179.2523
20522,-180.16747
20523,-180.55168
20524,-180.24988
20525,-179.30615
20526,-178.03467
20527,-176.76056
20528,-175.79617
20529,-175.42125
20530,-175.72667
20531,-176.54726
20532,-177.70776
20533,-179.04515
20534,-180.40295
20535,-181.66273
20536,-182.75754
20537,-183.62245
20538,-184.1901
20539,-184.40508
20540,-184.28186
20541,-183.92946
20542,-183.4608
20543,-182.98431
20544,-182.60077
20545,-182.367
20546,-182.28
20547,-182.33444
20548,-182.52782
20549,-182.85759
20550,-183.3212
20551,-183.91618
20552,-184.64001
20553,-185.49011
20554,-188.6201
20555,-199.84726
20556,-197.90866
20557,-199.35152
20558,-199.51494
20559,-198.73857
20560,-197.36237
20561,-195.7266
20562,-194.1717
20563,-193.03815
20564,-192.62964
20565,-193.03622
20566,-194.05855
20567,-195.48543
20568,-197.11952
20569,-198.76886
20570,-200.2728
20571,-201.51288
20572,-202.37242
20573,-202.73271
20574,-202.48943
20575,-201.62276
20576,-200.2273
20577,-198.40251
20578,-196.24242
20579,-193.84978
20580,-191.37689
20581,-189.04364
20582,-187.07254
20583,-185.68301
20584,-185.05838
20585,-185.1729
20586,-185.7177
20587,-186.37247
20588,-186.83057
20589,-186.81746
20590,-186.24606
20591,-185.28343
20592,-184.10674
20593,-182.88126
20594,-181.76202
20595,-180.84459
20596,-180.14366
20597,-179.67085
20598,-179.4415
20599,-179.47096
20600,-179.77466
20601,-180.3679
20602,-181.26607
20603,-182.48448
20604,-182.77614
20605,-181.45332
20606,-181.75536
20607,-182.75897
20608,-184.18011
20609,-185.73483
20610,-187.13934
20611,-188.10977
20612,-188.3623
20613,-187.61292
20614,-185.64711
20615,-182.65543
20616,-179.37796
20617,-176.57753
20618,-174.99078
20619,-175.24828
20620,-177.36488
20621,-180.52214
20622,-183.86925
20623,-186.59557
20624,-187.98216
20625,-187.84183
20626,-186.70831
20627,-185.14464
20628,-183.6801
20629,-182.77855
20630,-182.52303
20631,-182.48064
20632,-182.19772
20633,-181.24518
20634,-179.25128
20635,-176.17877
20636,-172.4439
20637,-168.4814
20638,-164.70464
20639,-161.49367
20640,-159.03519
20641,-157.25412
20642,-156.06493
20643,-155.39468
20644,-155.17502
20645,-155.36412
20646,-155.9561
20647,-156.9464
20648,-158.3288
20649,-160.09703
20650,-162.24484
20651,-164.76604
20652,-167.65428
20653,-170.9034
20654,-172.08728
20655,-169.43875
20656,-168.57552
20657,-168.39435
20658,-168.79173
20659,-169.66422
20660,-170.9084
20661,-172.42087
20662,-174.0983
20663,-175.83739
20664,-177.53613
20665,-179.10098
20666,-180.44943
20667,-181.49942
20668,-182.16837
20669,-182.39131
20670,-182.20601
20671,-181.78935
20672,-181.32385
20673,-180.9854
20674,-180.92139
20675,-181.11275
20676,-181.31529
20677,-181.2757
20678,-180.75139
20679,-179.54907
20680,-177.76222
20681,-175.873
20682,-174.37936
20683,-173.76068
20684,-174.4188
20685,-176.30525
20686,-178.76208
20687,-181.1075
20688,-182.689
20689,-182.93643
20690,-181.75856
20691,-179.71342
20692,-177.38554
20693,-175.32887
20694,-174.04608
20695,-173.74112
20696,-174.21336
20697,-175.24614
20698,-176.64212
20699,-178.20407
20700,-179.73477
20701,-181.03702
20702,-181.91368
20703,-182.1675
20704,-181.0718
20705,-178.99779
20706,-178.72331
20707,-179.49506
20708,-181.12943
20709,-183.4431
20710,-186.25276
20711,-189.37527
20712,-192.62755
20713,-195.82646
20714,-198.78323
20715,-201.27484
20716,-203.03217
20717,-203.78397
20718,-203.26105
20719,-201.26706
20720,-198.03104
20721,-194.35954
20722,-191.08394
20723,-189.0084
20724,-188.82278
20725,-190.55371
20726,-193.3302
20727,-196.24553
20728,-198.43625
20729,-199.15057
20730,-198.28574
20731,-196.61954
20732,-194.96649
20733,-194.09993
20734,-194.68805
20735,-196.78856
20736,-199.63191
20737,-202.41568
20738,-204.37677
20739,-204.84889
20740,-203.72845
20741,-201.67583
20742,-199.38359
20743,-197.50876
20744,-196.6362
20745,-196.9305
20746,-197.9866
20747,-199.37616
20748,-200.69801
20749,-201.55104
20750,-201.53409
20751,-200.24576
20752,-197.28432
20753,-192.2474
20754,-187.98378
20755,-188.0963
20756,-187.67928
20757,-187.44614
20758,-187.34953
20759,-187.342
20760,-187.37613
20761,-187.40454
20762,-187.37979
20763,-187.25455
20764,-186.98834
20765,-186.5815
20766,-186.08958
20767,-185.5703
20768,-185.07878
20769,-184.66792
20770,-184.37714
20771,-184.22778
20772,-184.24045
20773,-184.43661
20774,-184.81787
20775,-185.27048
20776,-185.5244
20777,-185.30324
20778,-184.33803
20779,-182.41031
20780,-179.596
20781,-176.37038
20782,-173.22504
20783,-170.63275
20784,-169.02403
20785,-168.58446
20786,-169.16785
20787,-170.61494
20788,-172.78238
20789,-175.51357
20790,-178.57452
20791,-181.6264
20792,-184.32643
20793,-186.3368
20794,-187.35983
20795,-187.33142
20796,-186.5044
20797,-185.14435
20798,-183.50201
20799,-181.82828
20800,-180.374
20801,-179.39008
20802,-179.12733
20803,-179.83646
20804,-181.40485
20805,-182.8156
20806,-183.3016
20807,-183.20279
20808,-182.64922
20809,-181.77109
20810,-180.69862
20811,-179.5621
20812,-178.49184
20813,-177.61804
20814,-177.06279
20815,-176.90012
20816,-177.13893
20817,-177.78568
20818,-178.84982
20819,-180.32715
20820,-182.13396
20821,-184.07874
20822,-185.96587
20823,-187.60481
20824,-188.81943
20825,-189.51732
20826,-189.71973
20827,-189.45236
20828,-188.73558
20829,-187.60252
20830,-186.16068
20831,-184.6183
20832,-183.18777
20833,-182.0767
20834,-181.45856
20835,-181.30827
20836,-181.33174
20837,-181.22418
20838,-180.69357
20839,-179.49034
20840,-177.61142
20841,-175.38826
20842,-173.16574
20843,-171.27296
20844,-170.01465
20845,-169.55415
20846,-169.86314
20847,-170.90582
20848,-172.6555
20849,-175.0854
20850,-178.16891
20851,-181.87927
20852,-186.1898
20853,-191.07378
20854,-194.38664
20855,-194.18065
20856,-194.68478
20857,-195.12398
20858,-195.44331
20859,-195.58784
20860,-195.50266
20861,-195.13274
20862,-194.42322
20863,-193.31908
20864,-191.78214
20865,-189.87213
20866,-187.78154
20867,-185.70833
20868,-183.84421
20869,-182.37552
20870,-181.45735
20871,-181.20255
20872,-181.72215
20873,-183.12923
20874,-185.49132
20875,-188.61252
20876,-191.94025
20877,-194.90785
20878,-196.9657
20879,-197.62976
20880,-196.79805
20881,-194.88675
20882,-192.33374
20883,-189.55272
20884,-186.92848
20885,-184.67676
20886,-182.78383
20887,-181.22658
20888,-179.99277
20889,-179.06438
20890,-178.38983
20891,-177.87196
20892,-177.41188
20893,-176.91284
20894,-176.29344
20895,-175.56166
20896,-174.84642
20897,-174.28156
20898,-173.99504
20899,-174.11488
20900,-174.7691
20901,-176.0856
20902,-178.19229
20903,-181.21693
20904,-184.65851
20905,-186.86807
20906,-187.15118
20907,-186.1484
20908,-184.2253
20909,-181.74783
20910,-179.0822
20911,-176.5948
20912,-174.65195
20913,-173.6199
20914,-173.80943
20915,-175.20924
20916,-177.37228
20917,-179.83443
20918,-182.15253
20919,-183.9182
20920,-184.9245
20921,-185.23735
20922,-184.93356
20923,-184.07698
20924,-182.74417
20925,-181.08559
20926,-179.35172
20927,-177.79723
20928,-176.67201
20929,-176.2
20930,-176.45503
20931,-177.30745
20932,-178.61958
20933,-180.26344
20934,-182.11942
20935,-184.11627
20936,-186.24817
20937,-188.51192
20938,-190.90125
20939,-193.39064
20940,-195.8432
20941,-197.97116
20942,-199.48056
20943,-200.08455
20944,-199.53793
20945,-197.83899
20946,-195.31638
20947,-192.31253
20948,-189.15472
20949,-186.17023
20950,-183.68628
20951,-182.03009
20952,-181.52867
20953,-182.50879
20954,-184.0059
20955,-184.29787
20956,-184.61066
20957,-184.8468
20958,-185.05977
20959,-185.30309
20960,-185.63022
20961,-186.09465
20962,-186.7499
20963,-187.64943
20964,-188.823
20965,-190.16273
20966,-191.37408
20967,-192.15512
20968,-192.21265
20969,-191.30719
20970,-189.51233
20971,-187.32631
20972,-185.26498
20973,-183.82411
20974,-183.42383
20975,-184.04422
20976,-185.0695
20977,-185.86014
20978,-185.80505
20979,-184.37694
20980,-181.53653
20981,-177.90665
20982,-174.1374
20983,-170.84776
20984,-168.59596
20985,-167.58797
20986,-167.55241
20987,-168.19914
20988,-169.26086
20989,-170.48076
20990,-171.66176
20991,-172.68802
20992,-173.44667
20993,-173.82112
20994,-173.71196
20995,-173.12064
20996,-172.185
20997,-171.0484
20998,-169.84775
20999,-168.7199
21000,-167.80173
21001,-167.23016
21002,-167.14195
21003,-167.67401
21004,-169.94202
21005,-174.00447
21006,-176.28807
21007,-177.66017
21008,-178.28737
21009,-178.3364
21010,-177.97408
21011,-177.36725
21012,-176.68288
21013,-176.08786
21014,-175.72926
21015,-175.6382
21016,-175.68893
21017,-175.74934
21018,-175.6949
21019,-175.42284
21020,-174.95702
21021,-174.49274
21022,-174.23232
21023,-174.36972
21024,-175.07018
21025,-176.33136
21026,-177.92398
21027,-179.60988
21028,-181.16176
21029,-182.37099
21030,-183.13707
21031,-183.50616
21032,-183.53033
21033,-183.25458
21034,-182.72539
21035,-181.99727
21036,-181.13564
21037,-180.20642
21038,-179.2749
21039,-178.40404
21040,-177.64206
21041,-177.01755
21042,-176.55824
21043,-176.2928
21044,-176.24057
21045,-176.3665
21046,-176.56195
21047,-176.7153
21048,-176.71852
21049,-176.46347
21050,-175.8421
21051,-174.74623
21052,-173.06776
21053,-170.6985
21054,-170.29305
21055,-174.14104
21056,-176.4231
21057,-178.16376
21058,-179.38718
21059,-180.11751
21060,-180.3789
21061,-180.1955
21062,-179.59146
21063,-178.59099
21064,-177.22885
21065,-175.60123
21066,-173.88768
21067,-172.27112
21068,-170.93048
21069,-170.0397
21070,-169.7435
21071,-170.14717
21072,-171.35435
21073,-173.47057
21074,-176.5637
21075,-180.48401
21076,-184.78699
21077,-189.01683
21078,-192.73198
21079,-195.53255
21080,-197.26144
21081,-198.0904
21082,-198.2045
21083,-197.7734
21084,-196.96573
21085,-195.94426
21086,-194.86359
21087,-193.87798
21088,-193.14209
21089,-192.78415
21090,-192.77815
21091,-192.88933
21092,-192.87434
21093,-192.49983
21094,-191.56342
21095,-190.04369
21096,-188.16437
21097,-186.15944
21098,-184.25125
21099,-182.66219
21100,-181.61458
21101,-181.33066
21102,-182.03264
21103,-183.94246
21104,-187.51828
21105,-192.03383
21106,-195.05861
21107,-197.13145
21108,-198.30232
21109,-198.62125
21110,-198.13823
21111,-196.90337
21112,-194.96675
21113,-192.37851
21114,-189.20645
21115,-185.62045
21116,-181.92899
21117,-178.44632
21118,-175.48016
21119,-173.3102
21120,-172.05399
21121,-171.60954
21122,-171.86609
21123,-172.7234
21124,-174.06834
21125,-175.71278
21126,-177.36699
21127,-178.73718
21128,-179.53453
21129,-179.51784
21130,-178.7238
21131,-177.56561
21132,-176.47171
21133,-175.8527
21134,-176.06714
21135,-177.17184
21136,-178.81471
21137,-180.62756
21138,-182.26181
21139,-183.41933
21140,-184.095
21141,-184.68077
21142,-185.58443
21143,-187.19498
21144,-189.83913
21145,-193.48277
21146,-197.60335
21147,-201.65886
21148,-205.13087
21149,-207.50082
21150,-208.24982
21151,-206.85823
21152,-202.80557
21153,-200.57016
21154,-194.25116
21155,-211.21419
21156,-215.54005
21157,-211.75264
21158,-210.60855
21159,-207.8664
21160,-204.28654
21161,-200.63046
21162,-197.6601
21163,-196.1372
21164,-196.72238
21165,-199.49092
21166,-203.72562
21167,-208.67787
21168,-213.63728
21169,-217.92674
21170,-221.05943
21171,-222.80615
21172,-222.94806
21173,-221.25377
21174,-217.56989
21175,-212.19882
21176,-211.06302
21177,-205.11292
21178,-200.27037
21179,-192.34798
21180,-191.52472
21181,-192.12141
21182,-193.42418
21183,-194.76033
21184,-195.51909
21185,-195.44772
21186,-194.77856
21187,-193.76384
21188,-192.63297
21189,-191.59497
21190,-190.74028
21191,-189.99855
21192,-189.29276
21193,-188.55354
21194,-187.71715
21195,-186.75215
21196,-185.67116
21197,-184.48846
21198,-183.21634
21199,-181.86708
21200,-180.45291
21201,-178.98611
21202,-177.47899
21203,-175.94373
21204,-175.1778
21205,-175.74115
21206,-175.7785
21207,-175.66907
21208,-175.4586
21209,-175.19286
21210,-174.91766
21211,-174.67876
21212,-174.52194
21213,-174.493
21214,-174.63585
21215,-174.98355
21216,-175.55446
21217,-176.36638
21218,-177.43782
21219,-178.78024
21220,-180.36465
21221,-182.10721
21222,-183.92186
21223,-185.72519
21224,-187.43126
21225,-188.93936
21226,-190.12866
21227,-190.8776
21228,-191.06548
21229,-190.60098
21230,-189.56433
21231,-188.26804
21232,-187.0342
21233,-186.17401
21234,-185.9538
21235,-186.37943
21236,-187.10388
21237,-187.76604
21238,-188.02151
21239,-187.57312
21240,-186.39767
21241,-184.8436
21242,-183.27458
21243,-182.03673
21244,-181.43825
21245,-181.56738
21246,-182.21422
21247,-183.15697
21248,-184.18805
21249,-185.09991
21250,-185.68507
21251,-185.73598
21252,-185.045
21253,-183.40439
21254,-180.89484
21255,-178.5917
21256,-177.57817
21257,-177.41895
21258,-177.9556
21259,-179.02974
21260,-180.48311
21261,-182.1575
21262,-183.89479
21263,-185.53677
21264,-186.93236
21265,-187.97122
21266,-188.59827
21267,-188.76064
21268,-188.40277
21269,-187.49031
21270,-186.11201
21271,-184.52382
21272,-182.98836
21273,-181.76044
21274,-181.05426
21275,-180.84827
21276,-180.8013
21277,-180.55948
21278,-179.78412
21279,-178.19405
21280,-175.8429
21281,-173.23834
21282,-170.90643
21283,-169.3516
21284,-169.01492
21285,-169.97
21286,-171.79286
21287,-174.04007
21288,-176.29224
21289,-178.16434
21290,-179.47142
21291,-180.29918
21292,-180.74397
21293,-180.8894
21294,-180.81053
21295,-180.53297
21296,-180.0155
21297,-179.21411
21298,-178.08806
21299,-176.59647
21300,-174.6986
21301,-172.35359
21302,-169.52063
21303,-166.15886
21304,-164.97704
21305,-168.22163
21306,-169.98643
21307,-171.39006
21308,-172.51836
21309,-173.45706
21310,-174.29204
21311,-175.10915
21312,-175.99416
21313,-177.03297
21314,-178.30385
21315,-179.84169
21316,-181.62238
21317,-183.6194
21318,-185.80914
21319,-188.14076
21320,-190.40521
21321,-192.17911
21322,-193.03043
21323,-192.53714
21324,-190.35704
21325,-186.61389
21326,-182.06439
21327,-177.49171
21328,-173.64955
21329,-171.20932
21330,-170.36548
21331,-170.6666
21332,-171.63579
21333,-172.82721
21334,-173.833
21335,-174.4647
21336,-174.83127
21337,-175.05327
21338,-175.23715
21339,-175.49365
21340,-175.9583
21341,-176.80023
21342,-178.18991
21343,-180.29607
21344,-183.2451
21345,-186.91718
21346,-190.85947
21347,-194.60593
21348,-197.70667
21349,-199.71162
21350,-200.1704
21351,-198.63206
21352,-194.645
21353,-192.75671
21354,-187.01796
21355,-182.45616
21356,-182.19342
21357,-182.17892
21358,-182.30333
21359,-182.45744
21360,-182.53201
21361,-182.4178
21362,-182.00555
21363,-181.18602
21364,-179.88504
21365,-178.2329
21366,-176.6369
21367,-175.51555
21368,-175.27415
21369,-176.24567
21370,-178.34381
21371,-180.91461
21372,-183.28197
21373,-184.79698
21374,-184.89763
21375,-183.52744
21376,-181.31564
21377,-178.91953
21378,-176.96407
21379,-176.00386
21380,-176.1843
21381,-177.0962
21382,-178.30852
21383,-179.41669
21384,-180.06241
21385,-180.1552
21386,-179.96758
21387,-179.78667
21388,-179.88226
21389,-180.49402
21390,-181.68611
21391,-183.28525
21392,-185.10852
21393,-186.9845
21394,-188.74733
21395,-190.26347
21396,-191.4433
21397,-192.19884
21398,-192.44006
21399,-192.0769
21400,-191.01923
21401,-189.17688
21402,-186.4596
21403,-182.7771
21404,-179.23781
21405,-177.52773
21406,-176.37383
21407,-175.79828
21408,-175.67938
21409,-175.89536
21410,-176.32458
21411,-176.84541
21412,-177.33627
21413,-177.67554
21414,-177.75874
21415,-177.5814
21416,-177.27423
21417,-176.9735
21418,-176.80893
21419,-176.87814
21420,-177.09152
21421,-177.10599
21422,-176.56836
21423,-175.13747
21424,-172.53432
21425,-168.84198
21426,-164.63487
21427,-160.50711
21428,-157.02962
21429,-154.71858
21430,-153.77315
21431,-153.96317
21432,-155.04193
21433,-156.78328
21434,-158.96504
21435,-161.3867
21436,-163.87743
21437,-166.26744
21438,-168.3857
21439,-170.06729
21440,-171.18411
21441,-171.65761
21442,-171.41112
21443,-170.36562
21444,-168.47592
21445,-165.89401
21446,-163.03912
21447,-160.34128
21448,-158.21762
21449,-157.08531
21450,-157.36131
21451,-159.46236
21452,-163.80475
21453,-175.80423
21454,-182.57712
21455,-179.69775
21456,-180.8143
21457,-180.7537
21458,-179.79016
21459,-178.19823
21460,-176.25258
21461,-174.22803
21462,-172.39946
21463,-171.04172
21464,-170.39896
21465,-170.53702
21466,-171.28036
21467,-172.44394
21468,-173.85425
21469,-175.34808
21470,-176.82152
21471,-178.251
21472,-179.6161
21473,-180.8926
21474,-182.05951
21475,-183.1148
21476,-184.08215
21477,-184.98625
21478,-185.85059
21479,-186.69287
21480,-187.49777
21481,-188.20493
21482,-188.75226
21483,-189.07973
21484,-189.13422
21485,-188.90253
21486,-188.42561
21487,-187.74657
21488,-186.90602
21489,-185.94875
21490,-184.9441
21491,-183.99463
21492,-183.20427
21493,-182.67531
21494,-182.49338
21495,-182.64697
21496,-182.99312
21497,-183.38345
21498,-183.676
21499,-183.7287
21500,-183.3995
21501,-182.54639
21502,-181.02718
21503,-178.6997
21504,-175.62473
21505,-172.52577
21506,-170.13098
21507,-168.23463
21508,-166.80096
21509,-165.79433
21510,-165.17897
21511,-164.91927
21512,-164.97958
21513,-165.32423
21514,-165.9199
21515,-166.74693
21516,-167.80406
21517,-169.09071
21518,-170.60553
21519,-172.33177
21520,-174.1642
21521,-175.87746
21522,-177.24155
21523,-178.03218
21524,-178.06302
21525,-177.36873
21526,-176.28357
21527,-175.15388
21528,-174.3118
21529,-174.05122
21530,-174.4438
21531,-175.26024
21532,-176.25925
21533,-177.21402
21534,-177.91652
21535,-178.26775
21536,-178.3165
21537,-178.11748
21538,-177.71832
21539,-177.17125
21540,-176.55492
21541,-175.98389
21542,-175.57413
21543,-175.43987
21544,-175.67857
21545,-176.28967
21546,-177.14006
21547,-178.0913
21548,-179.01135
21549,-179.76819
21550,-180.22977
21551,-180.26396
21552,-179.7387
21553,-178.52184
21554,-176.60619
21555,-174.6809
21556,-173.64807
21557,-173.1615
21558,-173.09656
21559,-173.32867
21560,-173.73326
21561,-174.18585
21562,-174.56189
21563,-174.7369
21564,-174.60843
21565,-174.20238
21566,-173.71848
21567,-173.36336
21568,-173.33542
21569,-173.8032
21570,-174.76181
21571,-175.97153
21572,-177.18333
21573,-178.15952
21574,-178.68538
21575,-178.68016
21576,-178.24464
21577,-177.48692
21578,-176.50636
21579,-175.40936
21580,-174.34235
21581,-173.50615
21582,-173.10374
21583,-173.33546
21584,-174.35771
21585,-176.07222
21586,-178.03568
21587,-179.79126
21588,-180.89873
21589,-180.97829
21590,-180.00195
21591,-178.4189
21592,-176.69757
21593,-175.28387
21594,-174.57225
21595,-174.65753
21596,-175.22874
21597,-175.959
21598,-176.54063
21599,-176.66615
21600,-176.02791
21601,-174.31818
21602,-171.22902
21603,-166.45235
21604,-165.0338
21605,-171.44708
21606,-174.67207
21607,-176.85918
21608,-178.22682
21609,-178.99367
21610,-179.37834
21611,-179.59961
21612,-179.87633
21613,-180.42728
21614,-181.44395
21615,-182.95862
21616,-184.7881
21617,-186.74057
21618,-188.63458
21619,-190.29611
21620,-191.59456
21621,-192.45811
21622,-192.81723
21623,-192.59966
21624,-191.76794
21625,-190.4875
21626,-189.199
21627,-188.3544
21628,-188.39258
21629,-189.67725
21630,-192.13605
21631,-195.1061
21632,-197.90114
21633,-199.86314
21634,-200.41827
21635,-199.48268
21636,-197.63748
21637,-195.49165
21638,-193.62315
21639,-192.54181
21640,-192.36032
21641,-192.65334
21642,-192.97363
21643,-192.89943
21644,-192.06119
21645,-190.39223
21646,-188.23665
21647,-185.95554
21648,-183.8907
21649,-182.38387
21650,-181.77673
21651,-182.41075
21652,-184.62709
21653,-188.76665
21654,-190.54762
21655,-185.9789
21656,-184.22453
21657,-183.43155
21658,-183.34839
21659,-183.72374
21660,-184.30632
21661,-184.84499
21662,-185.08864
21663,-184.78616
21664,-183.73549
21665,-182.02036
21666,-180.11198
21667,-178.49739
21668,-177.64522
21669,-177.95068
21670,-179.38295
21671,-181.3343
21672,-183.17436
21673,-184.30037
21674,-184.18376
21675,-182.72789
21676,-180.4217
21677,-177.77803
21678,-175.28221
21679,-173.3778
21680,-172.26537
21681,-171.81624
21682,-171.88858
21683,-172.35637
21684,-173.09918
21685,-174.02946
21686,-175.10416
21687,-176.28188
21688,-177.51924
21689,-178.76329
21690,-179.90616
21691,-180.76538
21692,-181.15562
21693,-180.89494
21694,-179.83273
21695,-178.00061
21696,-175.67719
21697,-173.15121
21698,-170.69972
21699,-168.59972
21700,-167.12827
21701,-166.56226
21702,-167.17845
21703,-169.25351
21704,-172.27708
21705,-174.5216
21706,-175.49464
21707,-175.64436
21708,-175.2077
21709,-174.4218
21710,-173.52382
21711,-172.75096
21712,-172.34045
21713,-172.52957
21714,-173.50607
21715,-175.17111
21716,-177.03766
21717,-178.60345
21718,-179.38481
21719,-178.964
21720,-177.30695
21721,-174.9001
21722,-172.25081
21723,-169.84204
21724,-168.11794
21725,-167.29738
21726,-167.29393
21727,-168.00916
21728,-169.35916
21729,-171.23932
21730,-173.42398
21731,-175.52382
21732,-177.14311
21733,-177.89392
21734,-177.45505
21735,-175.89406
21736,-173.80577
21737,-171.80632
21738,-170.48685
21739,-170.35767
21740,-171.45967
21741,-173.19795
21742,-174.95293
21743,-176.13544
21744,-176.2234
21745,-175.08443
21746,-173.11423
21747,-170.72986
21748,-168.32323
21749,-166.28651
21750,-165.01173
21751,-164.89081
21752,-166.31546
21753,-169.67702
21754,-171.58896
21755,-168.4441
21756,-167.02654
21757,-166.14157
21758,-165.7322
21759,-165.74132
21760,-166.11194
21761,-166.78706
21762,-167.70966
21763,-168.82275
21764,-170.06186
21765,-171.31906
21766,-172.42743
21767,-173.21774
21768,-173.52367
21769,-173.21617
21770,-172.38399
21771,-171.41093
21772,-170.6926
21773,-170.61047
21774,-171.48634
21775,-173.29523
21776,-175.54271
21777,-177.71602
21778,-179.32494
21779,-179.93571
21780,-179.44278
21781,-178.18538
21782,-176.52066
21783,-174.78482
21784,-173.285
21785,-172.159
21786,-171.31529
21787,-170.65314
21788,-170.08275
21789,-169.52704
21790,-168.98248
21791,-168.54524
21792,-168.31546
21793,-168.38843
21794,-168.8431
21795,-169.66287
21796,-170.70178
21797,-171.80888
21798,-172.83937
21799,-173.64848
21800,-174.09138
21801,-174.02325
21802,-173.29926
21803,-171.77443
21804,-170.87494
21805,-171.69066
21806,-170.74959
21807,-169.03304
21808,-166.84758
21809,-164.49991
21810,-162.29681
21811,-160.54506
21812,-159.55135
21813,-159.62231
21814,-161.00568
21815,-163.60779
21816,-166.87277
21817,-170.2272
21818,-173.11987
21819,-175.06636
21820,-175.96976
21821,-176.25792
21822,-176.37964
21823,-176.75873
21824,-177.76747
21825,-179.47841
21826,-181.55789
21827,-183.65643
21828,-185.44388
21829,-186.63013
21830,-187.15782
21831,-187.28511
21832,-187.28284
21833,-187.40701
21834,-187.87897
21835,-188.71925
21836,-189.67607
21837,-190.48674
21838,-190.9015
21839,-190.70406
21840,-189.87292
21841,-188.65088
21842,-187.2916
21843,-186.03618
21844,-185.09933
21845,-184.54173
21846,-184.21541
21847,-183.96379
21848,-183.64046
21849,-183.09879
21850,-182.19229
21851,-180.77438
21852,-178.69841
21853,-175.81773
21854,-175.00874
21855,-178.98055
21856,-181.74155
21857,-184.25505
21858,-186.48334
21859,-188.38869
21860,-189.93338
21861,-191.07968
21862,-191.78984
21863,-192.02606
21864,-191.75609
21865,-190.97943
21866,-189.73892
21867,-188.07918
21868,-186.04276
21869,-183.67838
21870,-181.07083
21871,-178.35362
21872,-175.6622
21873,-173.12984
21874,-170.893
21875,-169.10783
21876,-167.95683
21877,-167.62358
21878,-168.29022
21879,-170.08748
21880,-172.84706
21881,-175.99603
21882,-178.94588
21883,-181.12758
21884,-182.0316
21885,-181.4951
21886,-179.82497
21887,-177.34715
21888,-174.36542
21889,-171.17912
21890,-168.06065
21891,-165.24585
21892,-162.96896
21893,-161.46594
21894,-160.94063
21895,-161.41063
21896,-162.64136
21897,-164.3885
21898,-166.41988
21899,-168.50337
21900,-170.40692
21901,-171.89847
21902,-172.74586
21903,-172.71701
21904,-173.18721
21905,-175.84692
21906,-178.124
21907,-180.3227
21908,-182.35349
21909,-184.12682
21910,-185.55319
21911,-186.54308
21912,-187.00679
21913,-186.85478
21914,-186.02252
21915,-184.59183
21916,-182.84302
21917,-181.06447
21918,-179.53517
21919,-178.5104
21920,-178.10701
21921,-178.25426
21922,-178.87402
21923,-179.897
21924,-181.2474
21925,-182.81075
21926,-184.42029
21927,-185.90715
21928,-187.10507
21929,-187.85555
21930,-188.04626
21931,-187.62718
21932,-186.5508
21933,-184.76662
21934,-182.25923
21935,-179.21715
21936,-176.10564
21937,-173.40129
21938,-171.5674
21939,-170.99483
21940,-171.65352
21941,-172.94354
21942,-174.24277
21943,-174.95636
21944,-174.55847
21945,-172.92352
21946,-170.46881
21947,-167.63326
21948,-164.83032
21949,-162.4734
21950,-160.97581
21951,-160.7508
21952,-162.21124
21953,-165.76987
21954,-168.2092
21955,-165.81172
21956,-164.6206
21957,-163.66502
21958,-162.95511
21959,-162.50113
21960,-162.31325
21961,-162.40173
21962,-162.77676
21963,-163.44858
21964,-164.42932
21965,-165.7426
21966,-167.4275
21967,-169.5237
21968,-172.07011
21969,-175.0744
21970,-178.36292
21971,-181.51653
21972,-184.10645
21973,-185.71567
21974,-185.98224
21975,-184.86546
21976,-182.7603
21977,-180.07964
21978,-177.21594
21979,-174.54335
21980,-172.3284
21981,-170.6919
21982,-169.74867
21983,-169.62048
21984,-170.38309
21985,-171.84541
21986,-173.45511
21987,-174.64574
21988,-174.86809
21989,-173.64952
21990,-170.96353
21991,-167.38852
21992,-163.52739
21993,-159.95442
21994,-157.19214
21995,-155.46179
21996,-154.57661
21997,-154.33397
21998,-154.55078
21999,-155.04404
22000,-155.63075
22001,-156.128
22002,-156.35284
22003,-156.12227
22004,-157.2905
22005,-161.41231
22006,-164.1086
22007,-166.23595
22008,-167.87442
22009,-169.1042
22010,-170.00542
22011,-170.65828
22012,-171.14291
22013,-171.53958
22014,-171.92204
22015,-172.32695
22016,-172.74062
22017,-173.14737
22018,-173.5339
22019,-173.88206
22020,-174.14537
22021,-174.23886
22022,-174.07605
22023,-173.57234
22024,-172.68207
22025,-171.58624
22026,-170.7731
22027,-170.74297
22028,-171.98149
22029,-174.87262
22030,-179.21114
22031,-183.99455
22032,-188.18991
22033,-190.80255
22034,-190.97337
22035,-188.6339
22036,-184.78883
22037,-180.48784
22038,-176.73068
22039,-174.39072
22040,-173.60516
22041,-173.51416
22042,-173.21844
22043,-171.86638
22044,-168.71516
22045,-163.65533
22046,-162.43666
22047,-155.84366
22048,-149.62022
22049,-144.50992
22050,-136.25577
22051,-135.6003
22052,-138.28587
22053,-150.05455
22054,-158.89038
22055,-165.30272
22056,-170.38966
22057,-169.28102
22058,-172.11006
22059,-174.01
22060,-175.11401
22061,-175.55542
22062,-175.4675
22063,-174.98364
22064,-174.2339
22065,-173.3287
22066,-172.35187
22067,-171.38622
22068,-170.51575
22069,-169.82518
22070,-169.4029
22071,-169.34221
22072,-169.73659
22073,-170.67937
22074,-172.2354
22075,-174.30504
22076,-176.5659
22077,-178.68689
22078,-180.34758
22079,-181.25763
22080,-181.30206
22081,-180.6033
22082,-179.29332
22083,-177.4929
22084,-175.33234
22085,-172.99698
22086,-170.74695
22087,-168.8453
22088,-167.55148
22089,-167.07434
22090,-167.3286
22091,-167.83087
22092,-168.08208
22093,-167.60231
22094,-165.98569
22095,-163.25743
22096,-160.02715
22097,-156.92772
22098,-154.56429
22099,-153.5417
22100,-154.46461
22101,-157.93724
22102,-169.56302
22103,-179.9439
22104,-188.79817
22105,-184.14272
22106,-184.21992
22107,-183.14812
22108,-181.24036
22109,-178.81001
22110,-176.1706
22111,-173.6358
22112,-171.5193
22113,-170.13469
22114,-169.74403
22115,-170.3105
22116,-171.39249
22117,-172.53252
22118,-173.29262
22119,-173.29071
22120,-172.46962
22121,-171.21255
22122,-169.92032
22123,-168.97272
22124,-168.71169
22125,-169.25842
22126,-170.43529
22127,-172.05293
22128,-173.93634
22129,-175.90466
22130,-177.74324
22131,-179.19147
22132,-179.98683
22133,-179.86906
22134,-178.63216
22135,-176.3873
22136,-173.67572
22137,-171.05612
22138,-169.06691
22139,-168.17422
22140,-168.42511
22141,-169.29904
22142,-170.25331
22143,-170.77243
22144,-170.39786
22145,-169.00195
22146,-166.90544
22147,-164.44693
22148,-161.94379
22149,-159.71335
22150,-158.07301
22151,-157.34003
22152,-157.83154
22153,-159.86455
22154,-159.74425
22155,-154.3647
22156,-152.28613
22157,-151.71628
22158,-152.39813
22159,-154.07494
22160,-156.4901
22161,-159.38708
22162,-162.50948
22163,-165.60086
22164,-168.42224
22165,-170.83463
22166,-172.83461
22167,-174.42407
22168,-175.59839
22169,-176.35742
22170,-176.72731
22171,-176.76976
22172,-176.54787
22173,-176.1231
22174,-175.55437
22175,-174.88599
22176,-174.14247
22177,-173.34761
22178,-172.52596
22179,-171.70721
22180,-170.94984
22181,-170.35136
22182,-170.01086
22183,-170.0256
22184,-170.4734
22185,-171.3199
22186,-172.3786
22187,-173.45708
22188,-174.37025
22189,-174.96901
22190,-175.31412
22191,-175.75041
22192,-176.63411
22193,-178.30771
22194,-181.05742
22195,-184.84215
22196,-189.17812
22197,-193.56424
22198,-197.52075
22199,-200.56796
22200,-202.22594
22201,-202.01422
22202,-199.45169
22203,-194.05623
22204,-189.4693
22205,-190.1369
22206,-189.63582
22207,-189.09286
22208,-188.59473
22209,-188.2282
22210,-188.07997
22211,-188.23672
22212,-188.78523
22213,-189.81212
22214,-191.39868
22215,-193.59528
22216,-196.4102
22217,-199.85016
22218,-203.92369
22219,-208.57849
22220,-213.40816
22221,-217.5268
22222,-220.02873
22223,-220.03018
22224,-216.81914
22225,-215.69199
22226,-208.31764
22227,-201.42758
22228,-196.69014
22229,-190.57877
22230,-193.44232
22231,-199.10805
22232,-211.34334
22233,-218.99016
22234,-225.95459
22235,-231.50616
22236,-230.40575
22237,-232.43376
22238,-232.34698
22239,-229.97617
22240,-225.58577
22241,-225.03044
22242,-219.1923
22243,-213.9269
22244,-205.0053
22245,-202.70702
22246,-201.64478
22247,-201.40326
22248,-201.59885
22249,-201.84824
22250,-201.7682
22251,-200.97557
22252,-199.08696
22253,-195.71866
22254,-192.62851
22255,-191.74765
22256,-189.29568
22257,-186.18094
22258,-182.63287
22259,-178.88107
22260,-175.15515
22261,-171.6847
22262,-168.69928
22263,-166.42844
22264,-165.07
22265,-164.63872
22266,-164.90103
22267,-165.61389
22268,-166.5461
22269,-167.48262
22270,-168.30203
22271,-169.0097
22272,-169.61597
22273,-170.12508
22274,-170.54892
22275,-170.9438
22276,-171.4262
22277,-172.11485
22278,-173.12569
22279,-174.5568
22280,-176.40253
22281,-178.5168
22282,-180.74818
22283,-182.95177
22284,-184.98264
22285,-186.69482
22286,-187.94116
22287,-188.57434
22288,-188.44702
22289,-187.4544
22290,-185.73943
22291,-183.78104
22292,-182.0719
22293,-181.08893
22294,-181.24788
22295,-182.61012
22296,-184.75697
22297,-187.25096
22298,-189.67754
22299,-191.62224
22300,-192.67062
22301,-192.40797
22302,-190.41924
22303,-186.28879
22304,-184.08041
22305,-187.60776
22306,-188.03156
22307,-187.27226
22308,-185.67664
22309,-183.5918
22310,-181.36505
22311,-179.34387
22312,-177.87572
22313,-177.3079
22314,-177.91835
22315,-179.58176
22316,-181.62718
22317,-183.3622
22318,-184.12048
22319,-183.33115
22320,-180.97842
22321,-177.79988
22322,-174.56392
22323,-172.00352
22324,-170.76599
22325,-171.00104
22326,-172.18439
22327,-173.7654
22328,-175.22583
22329,-176.10028
22330,-176.2298
22331,-175.87065
22332,-175.29561
22333,-174.75768
22334,-174.49405
22335,-174.64917
22336,-175.24203
22337,-176.28662
22338,-177.80286
22339,-179.79549
22340,-182.18118
22341,-184.75737
22342,-187.31676
22343,-189.6578
22344,-191.59169
22345,-193.00357
22346,-193.87909
22347,-194.2077
22348,-193.97426
22349,-193.1635
22350,-191.76024
22351,-189.7492
22352,-187.11516
22353,-183.8429
22354,-183.65436
22355,-188.96391
22356,-190.6562
22357,-190.83202
22358,-189.9002
22359,-188.27022
22360,-186.35176
22361,-184.55482
22362,-183.28947
22363,-182.96567
22364,-183.921
22365,-186.07407
22366,-188.77582
22367,-191.35495
22368,-193.16734
22369,-193.64369
22370,-192.64993
22371,-190.6423
22372,-188.10165
22373,-185.48108
22374,-183.19719
22375,-181.45354
22376,-180.16467
22377,-179.23334
22378,-178.57611
22379,-178.11977
22380,-177.85068
22381,-177.83595
22382,-178.14578
22383,-178.84662
22384,-179.98515
22385,-181.49364
22386,-183.1492
22387,-184.72292
22388,-185.99318
22389,-186.76073
22390,-186.95592
22391,-186.6847
22392,-186.06013
22393,-185.18707
22394,-184.17462
22395,-183.15752
22396,-182.30496
22397,-181.7876
22398,-181.77432
22399,-182.43408
22400,-183.9357
22401,-186.4478
22402,-190.13904
22403,-195.17772
22404,-196.93839
22405,-191.4162
22406,-188.62572
22407,-186.66525
22408,-185.3674
22409,-184.56502
22410,-184.09096
22411,-183.7782
22412,-183.45972
22413,-182.96855
22414,-182.16313
22415,-181.0499
22416,-179.83571
22417,-178.7356
22418,-177.95502
22419,-177.66783
22420,-177.86397
22421,-178.28435
22422,-178.65994
22423,-178.73369
22424,-178.29001
22425,-177.35553
22426,-176.28476
22427,-175.44542
22428,-175.18971
22429,-175.82205
22430,-177.37045
22431,-179.48827
22432,-181.8143
22433,-184.00523
22434,-185.76442
22435,-187.0661
22436,-188.25143
22437,-189.67632
22438,-191.67915
22439,-194.53333
22440,-198.1339
22441,-201.8639
22442,-205.08609
22443,-207.18735
22444,-207.62932
22445,-206.30928
22446,-203.71613
22447,-200.36395
22448,-196.73949
22449,-193.32982
22450,-190.62206
22451,-189.1031
22452,-189.25952
22453,-191.57724
22454,-193.53357
22455,-191.54562
22456,-189.59686
22457,-187.27235
22458,-184.7249
22459,-182.10745
22460,-179.5729
22461,-177.27422
22462,-175.36429
22463,-173.99594
22464,-173.2938
22465,-173.21819
22466,-173.50706
22467,-173.88972
22468,-174.10594
22469,-173.9306
22470,-173.34152
22471,-172.59175
22472,-171.9452
22473,-171.65279
22474,-171.92162
22475,-172.70491
22476,-173.61186
22477,-174.23825
22478,-174.1962
22479,-173.1656
22480,-171.22107
22481,-168.97197
22482,-167.0492
22483,-166.05823
22484,-166.52089
22485,-168.47433
22486,-171.2993
22487,-174.35127
22488,-177.01735
22489,-178.74776
22490,-179.35893
22491,-179.16345
22492,-178.49365
22493,-177.65845
22494,-176.9436
22495,-176.50052
22496,-176.29826
22497,-176.29857
22498,-176.47191
22499,-176.78879
22500,-177.21959
22501,-177.73485
22502,-178.305
22503,-178.90053
22504,-178.21147
22505,-176.54964
22506,-178.89502
22507,-183.38347
22508,-194.26025
22509,-200.77174
22510,-207.1652
22511,-212.68842
22512,-211.58914
22513,-213.11433
22514,-211.65579
22515,-207.45462
22516,-206.90703
22517,-201.46071
22518,-192.51042
22519,-191.27605
22520,-192.96405
22521,-196.40887
22522,-200.39058
22523,-203.75554
22524,-205.46497
22525,-205.14503
22526,-203.32368
22527,-200.56665
22528,-197.3978
22529,-194.29138
22530,-191.43102
22531,-188.60559
22532,-185.58778
22533,-182.16873
22534,-178.19492
22535,-173.8337
22536,-169.688
22537,-166.3783
22538,-164.5042
22539,-164.56555
22540,-166.48477
22541,-169.4028
22542,-172.43053
22543,-174.71663
22544,-175.50336
22545,-174.57608
22546,-172.4564
22547,-169.69545
22548,-166.80957
22549,-164.31537
22550,-162.72935
22551,-162.56786
22552,-164.34683
22553,-168.58185
22554,-172.22823
22555,-171.45795
22556,-171.71411
22557,-172.09433
22558,-172.57036
22559,-173.11409
22560,-173.69736
22561,-174.292
22562,-174.86987
22563,-175.40279
22564,-175.86198
22565,-176.21489
22566,-176.42386
22567,-176.45096
22568,-176.25859
22569,-175.82655
22570,-175.23581
22571,-174.70451
22572,-174.45634
22573,-174.70833
22574,-175.64232
22575,-177.2354
22576,-179.18741
22577,-181.18735
22578,-182.93752
22579,-184.16402
22580,-184.7314
22581,-184.69188
22582,-184.10515
22583,-183.02208
22584,-181.49608
22585,-179.59581
22586,-177.41075
22587,-175.03102
22588,-172.54596
22589,-170.05244
22590,-167.69165
22591,-165.66486
22592,-164.17558
22593,-163.42455
22594,-163.57996
22595,-164.62166
22596,-166.27454
22597,-168.25365
22598,-170.28621
22599,-172.09966
22600,-173.42128
22601,-173.97842
22602,-173.49825
22603,-171.70776
22604,-172.10239
22605,-177.85751
22606,-181.31216
22607,-183.89142
22608,-185.69322
22609,-186.81564
22610,-187.35669
22611,-187.41452
22612,-187.08722
22613,-186.473
22614,-185.66429
22615,-184.71982
22616,-183.65253
22617,-182.47363
22618,-181.19647
22619,-179.84001
22620,-178.4565
22621,-177.14299
22622,-175.99834
22623,-175.11938
22624,-174.58902
22625,-174.41035
22626,-174.47824
22627,-174.6832
22628,-174.92096
22629,-175.09444
22630,-175.1483
22631,-175.08397
22632,-174.905
22633,-174.61227
22634,-174.21454
22635,-173.76599
22636,-173.38242
22637,-173.18208
22638,-173.28027
22639,-173.78285
22640,-174.7405
22641,-176.12926
22642,-177.92223
22643,-180.09615
22644,-182.61455
22645,-185.36511
22646,-188.13257
22647,-190.69772
22648,-192.84613
22649,-194.36342
22650,-195.0351
22651,-194.64653
22652,-192.98283
22653,-189.82903
22654,-184.43896
22655,-183.67633
22656,-177.82315
22657,-179.90572
22658,-184.16891
22659,-194.85918
22660,-201.22423
22661,-207.51251
22662,-212.9731
22663,-211.85507
22664,-213.4924
22665,-212.71652
22666,-210.03427
22667,-205.9816
22668,-201.06361
22669,-200.77232
22670,-195.5198
22671,-185.60931
22672,-181.3394
22673,-178.01358
22674,-175.89148
22675,-174.97845
22676,-174.93564
22677,-175.41057
22678,-176.06726
22679,-176.58943
22680,-176.77414
22681,-176.57196
22682,-175.93951
22683,-174.82613
22684,-173.21317
22685,-171.26802
22686,-169.41049
22687,-168.07034
22688,-167.66537
22689,-168.54099
22690,-170.62363
22691,-173.27226
22692,-175.82407
22693,-177.64343
22694,-178.16612
22695,-177.24306
22696,-175.288
22697,-172.73729
22698,-170.00084
22699,-167.4886
22700,-165.61057
22701,-164.77664
22702,-165.39651
22703,-167.8795
22704,-168.4114
22705,-163.11546
22706,-159.88727
22707,-157.30052
22708,-155.26953
22709,-153.70862
22710,-152.53221
22711,-151.65472
22712,-150.99059
22713,-150.45424
22714,-149.97269
22715,-149.54558
22716,-149.27087
22717,-149.25049
22718,-149.58145
22719,-150.35756
22720,-151.65292
22721,-153.5152
22722,-155.99103
22723,-159.1282
22724,-162.9438
22725,-167.27617
22726,-171.72188
22727,-175.86829
22728,-179.31436
22729,-181.70537
22730,-182.9549
22731,-183.34023
22732,-183.15327
22733,-182.6687
22734,-182.14043
22735,-181.70088
22736,-181.31772
22737,-180.95198
22738,-180.57253
22739,-180.15376
22740,-179.70161
22741,-179.26514
22742,-178.89494
22743,-178.63977
22744,-178.54076
22745,-178.59595
22746,-178.74481
22747,-178.92451
22748,-179.07506
22749,-179.13632
22750,-179.04831
22751,-178.75089
22752,-178.18407
22753,-177.28769
22754,-178.63805
22755,-183.75522
22756,-185.95808
22757,-186.83783
22758,-186.72601
22759,-185.95467
22760,-184.85599
22761,-183.76234
22762,-183.00621
22763,-182.92
22764,-183.77916
22765,-185.5287
22766,-187.66595
22767,-189.67062
22768,-191.04373
22769,-191.36214
22770,-190.64378
22771,-189.50482
22772,-188.58597
22773,-188.49966
22774,-189.76248
22775,-192.33395
22776,-195.41946
22777,-198.19443
22778,-199.87032
22779,-199.76454
22780,-197.8119
22781,-194.78528
22782,-191.49301
22783,-188.70439
22784,-187.1006
22785,-186.84935
22786,-187.42307
22787,-188.26598
22788,-188.85567
22789,-188.73665
22790,-187.84216
22791,-186.6324
22792,-185.58916
22793,-185.16933
22794,-185.76768
22795,-187.41884
22796,-189.66951
22797,-192.04712
22798,-194.10236
22799,-195.38596
22800,-195.44849
22801,-193.84013
22802,-190.1105
22803,-188.80853
22804,-181.1719
22805,-187.6536
22806,-189.37173
22807,-189.21292
22808,-187.59833
22809,-184.9498
22810,-181.68964
22811,-178.24059
22812,-175.02548
22813,-172.46712
22814,-170.93826
22815,-170.52097
22816,-170.9038
22817,-171.75975
22818,-172.78079
22819,-173.68816
22820,-174.37314
22821,-174.95726
22822,-175.57109
22823,-176.33429
22824,-177.34283
22825,-178.55527
22826,-179.74423
22827,-180.67477
22828,-181.12097
22829,-180.90054
22830,-180.08566
22831,-179.09334
22832,-178.35458
22833,-178.284
22834,-179.23792
22835,-181.23491
22836,-183.83606
22837,-186.58447
22838,-189.04518
22839,-190.82133
22840,-191.73674
22841,-191.91443
22842,-191.48943
22843,-190.5827
22844,-189.31361
22845,-187.79167
22846,-186.11314
22847,-184.37381
22848,-182.67004
22849,-181.0982
22850,-179.75467
22851,-178.73587
22852,-178.13806
22853,-178.05763
22854,-178.47388
22855,-178.87486
22856,-178.68915
22857,-178.18144
22858,-177.46527
22859,-176.6541
22860,-175.86153
22861,-175.20111
22862,-174.78638
22863,-174.73083
22864,-175.12926
22865,-175.96718
22866,-177.08232
22867,-178.30653
22868,-179.47879
22869,-180.44359
22870,-181.07785
22871,-181.30234
22872,-181.03947
22873,-180.20964
22874,-178.76077
22875,-176.80136
22876,-174.6576
22877,-172.66449
22878,-171.14667
22879,-170.39133
22880,-170.46796
22881,-171.15121
22882,-172.20413
22883,-173.404
22884,-174.53891
22885,-175.46022
22886,-176.1048
22887,-176.41292
22888,-176.32072
22889,-175.77545
22890,-174.78862
22891,-173.45897
22892,-171.88867
22893,-170.17578
22894,-168.42049
22895,-166.73485
22896,-165.24707
22897,-164.08604
22898,-163.37979
22899,-163.25641
22900,-163.84387
22901,-165.27013
22902,-167.66302
22903,-171.15042
22904,-173.32573
22905,-171.50734
22906,-170.02269
22907,-168.38191
22908,-166.75735
22909,-165.32147
22910,-164.24664
22911,-163.70518
22912,-163.86948
22913,-164.91173
22914,-166.96138
22915,-169.89928
22916,-173.26993
22917,-176.60483
22918,-179.45181
22919,-181.4085
22920,-182.36215
22921,-182.59276
22922,-182.39584
22923,-182.04837
22924,-181.80089
22925,-181.7494
22926,-181.7805
22927,-181.77242
22928,-181.61328
22929,-181.2042
22930,-180.52122
22931,-179.64203
22932,-178.6485
22933,-177.61758
22934,-176.63304
22935,-175.81801
22936,-175.34889
22937,-175.40425
22938,-176.16
22939,-177.74269
22940,-179.99199
22941,-182.35912
22942,-184.28018
22943,-185.20976
22944,-184.6754
22945,-182.6305
22946,-179.6058
22947,-176.15591
22948,-172.80827
22949,-170.09044
22950,-168.52985
22951,-168.65358
22952,-170.98825
22953,-176.05983
22954,-177.35318
22955,-174.74974
22956,-168.76447
22957,-170.70639
22958,-174.75668
22959,-185.09799
22960,-190.91402
22961,-196.38928
22962,-195.7087
22963,-198.05688
22964,-197.74432
22965,-194.81761
22966,-190.32329
22967,-185.3507
22968,-180.94315
22969,-178.03722
22970,-176.94862
22971,-177.15184
22972,-178.08769
22973,-179.23755
22974,-180.12163
22975,-180.48561
22976,-180.38043
22977,-179.86906
22978,-179.00003
22979,-177.83183
22980,-176.48114
22981,-175.14323
22982,-174.0166
22983,-173.296
22984,-173.15337
22985,-173.62822
22986,-174.58086
22987,-175.86449
22988,-177.3409
22989,-178.88173
22990,-180.41582
22991,-181.94936
22992,-183.49158
22993,-185.04803
22994,-186.61664
22995,-188.15028
22996,-189.5411
22997,-190.67886
22998,-191.45607
22999,-191.7653
23000,-191.49904
23001,-190.5498
23002,-188.8099
23003,-186.17177
23004,-181.98
23005,-176.81207
23006,-173.77293
23007,-172.0228
23008,-171.36275
23009,-171.5943
23010,-172.51897
23011,-173.93857
23012,-175.65486
23013,-177.46977
23014,-179.2003
23015,-180.75174
23016,-182.14871
23017,-183.42055
23018,-184.5909
23019,-185.66994
23020,-186.58958
23021,-187.17557
23022,-187.24936
23023,-186.63744
23024,-185.19624
23025,-182.95683
23026,-180.18721
23027,-177.1651
23028,-174.15707
23029,-171.42917
23030,-169.24403
23031,-167.8596
23032,-167.53358
23033,-168.52373
23034,-171.02913
23035,-174.90903
23036,-179.56279
23037,-184.37218
23038,-188.74132
23039,-192.1261
23040,-194.28273
23041,-195.3742
23042,-195.57976
23043,-195.05948
23044,-193.97455
23045,-192.49205
23046,-190.78699
23047,-189.03467
23048,-187.41019
23049,-186.0885
23050,-185.24464
23051,-185.05353
23052,-185.69002
23053,-187.32884
23054,-186.75368
23055,-181.41994
23056,-178.84122
23057,-177.49226
23058,-177.1841
23059,-177.72803
23060,-178.9355
23061,-180.61804
23062,-182.58733
23063,-184.65506
23064,-186.6319
23065,-188.32198
23066,-189.52069
23067,-190.02304
23068,-189.62428
23069,-188.16833
23070,-185.7822
23071,-182.9771
23072,-180.28023
23073,-178.20055
23074,-177.17712
23075,-177.24261
23076,-177.87909
23077,-178.54692
23078,-178.7328
23079,-178.00354
23080,-176.39107
23081,-174.55826
23082,-173.19336
23083,-172.95464
23084,-174.39925
23085,-177.49884
23086,-181.43242
23087,-185.3483
23088,-188.43307
23089,-189.97266
23090,-189.83006
23091,-188.65092
23092,-187.11284
23093,-185.85674
23094,-185.45557
23095,-186.0859
23096,-187.38745
23097,-188.97824
23098,-190.50203
23099,-191.60265
23100,-191.92384
23101,-191.10924
23102,-188.8021
23103,-184.64539
23104,-182.32674
23105,-173.45995
23106,-164.63942
23107,-163.76428
23108,-165.16614
23109,-168.17812
23110,-172.13425
23111,-176.36914
23112,-180.21786
23113,-183.01561
23114,-184.18262
23115,-183.63446
23116,-181.9583
23117,-179.76862
23118,-177.64847
23119,-176.12396
23120,-175.38936
23121,-175.1892
23122,-175.25008
23123,-175.32007
23124,-175.17122
23125,-174.7142
23126,-174.0478
23127,-173.27817
23128,-172.5026
23129,-171.8191
23130,-171.33028
23131,-171.14487
23132,-171.37186
23133,-172.11986
23134,-173.4609
23135,-175.25455
23136,-177.07237
23137,-178.47485
23138,-179.03607
23139,-178.39449
23140,-176.56337
23141,-174.06413
23142,-171.43889
23143,-169.20573
23144,-167.8377
23145,-167.5462
23146,-168.18819
23147,-169.60658
23148,-171.66144
23149,-174.21275
23150,-177.12056
23151,-180.24504
23152,-183.44635
23153,-186.58469
23154,-189.25931
23155,-190.79689
23156,-191.1658
23157,-190.58728
23158,-189.21507
23159,-187.20291
23160,-184.70477
23161,-181.87468
23162,-178.86668
23163,-175.83492
23164,-172.93419
23165,-170.32338
23166,-168.16695
23167,-166.6295
23168,-165.87526
23169,-166.03258
23170,-167.02101
23171,-168.47751
23172,-170.02805
23173,-171.31221
23174,-172.0166
23175,-172.10086
23176,-171.89476
23177,-171.74254
23178,-171.97096
23179,-172.85434
23180,-174.36258
23181,-176.05322
23182,-177.46773
23183,-178.16724
23184,-177.78531
23185,-176.3772
23186,-174.56973
23187,-173.01283
23188,-172.32933
23189,-173.05927
23190,-175.26242
23191,-178.34851
23192,-181.70192
23193,-184.73834
23194,-186.92445
23195,-188.02194
23196,-188.1923
23197,-187.61308
23198,-186.44292
23199,-184.84055
23200,-182.96475
23201,-180.97443
23202,-179.02847
23203,-177.28577
23204,-177.48767
23205,-180.30814
23206,-181.08078
23207,-180.93784
23208,-180.11723
23209,-178.857
23210,-177.39532
23211,-175.97044
23212,-174.82065
23213,-174.1842
23214,-174.26343
23215,-175.05229
23216,-176.26248
23217,-177.59459
23218,-178.76273
23219,-179.50922
23220,-179.7395
23221,-179.58043
23222,-179.16762
23223,-178.62619
23224,-178.08838
23225,-177.72774
23226,-177.77368
23227,-178.45782
23228,-180.00903
23229,-182.60909
23230,-186.16678
23231,-190.22134
23232,-194.2976
23233,-197.93825
23234,-200.70943
23235,-202.31436
23236,-202.64185
23237,-201.58797
23238,-199.03996
23239,-194.94826
23240,-194.63193
23241,-188.91061
23242,-183.62547
23243,-174.59401
23244,-172.53406
23245,-172.58737
23246,-174.11568
23247,-176.45024
23248,-178.95996
23249,-181.01408
23250,-181.98189
23251,-181.23235
23252,-178.13373
23253,-177.05347
23254,-167.9134
23255,-171.20058
23256,-172.31764
23257,-172.91228
23258,-173.04205
23259,-172.7646
23260,-172.1375
23261,-171.21837
23262,-170.06488
23263,-168.73465
23264,-167.2835
23265,-165.75618
23266,-164.18268
23267,-162.59236
23268,-161.0153
23269,-159.48784
23270,-158.08318
23271,-156.92424
23272,-156.13593
23273,-155.84071
23274,-156.14592
23275,-157.07098
23276,-158.51619
23277,-160.37735
23278,-162.55588
23279,-164.9435
23280,-167.37476
23281,-169.60707
23282,-171.39476
23283,-172.4959
23284,-172.71112
23285,-172.0892
23286,-171.01529
23287,-169.88792
23288,-169.0897
23289,-168.9617
23290,-169.60384
23291,-170.78929
23292,-172.27855
23293,-173.84769
23294,-175.29085
23295,-176.50694
23296,-177.53676
23297,-178.42671
23298,-179.21643
23299,-179.94554
23300,-180.65367
23301,-181.38054
23302,-182.16568
23303,-183.04881
23304,-186.09741
23305,-197.01994
23306,-194.74698
23307,-195.71512
23308,-195.19884
23309,-193.47307
23310,-190.81305
23311,-187.49437
23312,-183.79282
23313,-179.9843
23314,-176.33546
23315,-173.05832
23316,-170.29099
23317,-168.16838
23318,-166.82907
23319,-166.37592
23320,-166.70578
23321,-167.43637
23322,-168.17464
23323,-168.54071
23324,-168.21266
23325,-167.20372
23326,-165.98152
23327,-165.03163
23328,-164.81802
23329,-165.73209
23330,-167.74373
23331,-170.25247
23332,-172.63582
23333,-174.29863
23334,-174.71385
23335,-173.75058
23336,-171.8147
23337,-169.33354
23338,-166.7092
23339,-164.3077
23340,-162.28476
23341,-160.51147
23342,-158.84755
23343,-157.16641
23344,-155.3672
23345,-153.49898
23346,-151.81392
23347,-150.57196
23348,-150.02347
23349,-150.41858
23350,-152.00746
23351,-155.04012
23352,-159.76639
23353,-171.43567
23354,-171.06139
23355,-169.85086
23356,-171.0186
23357,-172.87794
23358,-175.18266
23359,-177.68666
23360,-180.14395
23361,-182.30855
23362,-183.93452
23363,-184.77573
23364,-184.64313
23365,-183.67928
23366,-182.47655
23367,-181.64565
23368,-181.77588
23369,-183.36627
23370,-186.39194
23371,-190.11884
23372,-193.7851
23373,-196.66287
23374,-198.09924
23375,-197.87556
23376,-196.36258
23377,-193.95546
23378,-191.0218
23379,-187.9268
23380,-185.01994
23381,-182.62909
23382,-181.08116
23383,-180.7039
23384,-181.75674
23385,-184.10272
23386,-187.0684
23387,-189.95947
23388,-192.10733
23389,-192.92744
23390,-192.32451
23391,-190.8665
23392,-189.14879
23393,-187.73566
23394,-187.12825
23395,-187.45995
23396,-188.36606
23397,-189.46175
23398,-190.38596
23399,-190.77773
23400,-190.2759
23401,-188.51923
23402,-185.14606
23403,-179.79443
23404,-176.75078
23405,-180.16495
23406,-181.05351
23407,-181.1453
23408,-180.6182
23409,-179.65024
23410,-178.41954
23411,-177.10428
23412,-175.8826
23413,-174.9328
23414,-174.4048
23415,-174.28506
23416,-174.33829
23417,-174.32047
23418,-173.99812
23419,-173.17534
23420,-171.87448
23421,-170.41388
23422,-169.12363
23423,-168.31973
23424,-168.27556
23425,-169.01668
23426,-170.23315
23427,-171.60194
23428,-172.81609
23429,-173.6038
23430,-173.89738
23431,-173.90558
23432,-173.84813
23433,-173.93163
23434,-174.33307
23435,-175.05768
23436,-175.87798
23437,-176.55731
23438,-176.8701
23439,-176.62239
23440,-175.80437
23441,-174.65565
23442,-173.4259
23443,-172.35292
23444,-171.6509
23445,-171.39682
23446,-171.48164
23447,-171.78905
23448,-172.21153
23449,-172.64166
23450,-172.97195
23451,-173.09503
23452,-172.9034
23453,-172.28955
23454,-171.99806
23455,-173.29274
23456,-175.36194
23457,-177.96355
23458,-180.81738
23459,-183.64333
23460,-186.1613
23461,-188.09131
23462,-189.15315
23463,-189.06659
23464,-187.6031
23465,-184.83658
23466,-181.25134
23467,-177.34868
23468,-173.6108
23469,-170.49216
23470,-168.2861
23471,-167.06752
23472,-166.90253
23473,-167.86763
23474,-169.99245
23475,-173.0344
23476,-176.38243
23477,-179.41145
23478,-181.51407
23479,-182.17154
23480,-181.38145
23481,-179.8415
23482,-178.2778
23483,-177.38342
23484,-177.74513
23485,-179.33144
23486,-181.27379
23487,-182.6707
23488,-182.66068
23489,-180.51309
23490,-176.261
23491,-175.97385
23492,-170.76405
23493,-161.6951
23494,-159.7175
23495,-160.12665
23496,-162.33131
23497,-165.70602
23498,-169.6682
23499,-173.6355
23500,-177.026
23501,-179.25764
23502,-179.74823
23503,-177.91476
23504,-173.17987
23505,-172.79387
23506,-166.2872
23507,-167.00826
23508,-169.36465
23509,-172.7649
23510,-176.61797
23511,-180.33331
23512,-183.32056
23513,-184.98923
23514,-184.84087
23515,-182.91316
23516,-179.97147
23517,-176.81117
23518,-174.19345
23519,-172.79544
23520,-172.8047
23521,-173.7458
23522,-175.11719
23523,-176.44919
23524,-177.32323
23525,-177.61761
23526,-177.61276
23527,-177.60509
23528,-177.87189
23529,-178.64833
23530,-179.9247
23531,-181.3596
23532,-182.59851
23533,-183.30275
23534,-183.17987
23535,-182.20677
23536,-180.7254
23537,-179.09256
23538,-177.64783
23539,-176.70053
23540,-176.38411
23541,-176.59367
23542,-177.21487
23543,-178.14471
23544,-179.28096
23545,-180.52594
23546,-181.78795
23547,-182.97554
23548,-183.99698
23549,-184.76057
23550,-185.17459
23551,-185.14723
23552,-184.58669
23553,-183.40117
23554,-182.82133
23555,-184.04027
23556,-184.48938
23557,-184.59329
23558,-184.34683
23559,-183.7449
23560,-182.7823
23561,-181.45392
23562,-179.75456
23563,-177.67912
23564,-175.25551
23565,-172.70363
23566,-170.50392
23567,-169.14711
23568,-169.11143
23569,-170.78714
23570,-174.0547
23571,-178.10481
23572,-182.10168
23573,-185.24284
23574,-186.8256
23575,-186.72653
23576,-185.60782
23577,-184.16354
23578,-183.05096
23579,-182.86722
23580,-183.85936
23581,-185.80023
23582,-188.4437
23583,-191.56627
23584,-194.94666
23585,-198.37592
23586,-201.66158
23587,-204.61192
23588,-207.03436
23589,-208.75319
23590,-209.69073
23591,-209.90251
23592,-209.44946
23593,-208.38637
23594,-206.76881
23595,-204.65706
23596,-202.11752
23597,-199.21698
23598,-196.022
23599,-192.59909
23600,-189.01482
23601,-185.33575
23602,-181.62842
23603,-177.95946
23604,-177.90398
23605,-183.08276
23606,-183.82155
23607,-182.78047
23608,-180.71272
23609,-178.37242
23610,-176.51433
23611,-175.8931
23612,-177.26299
23613,-181.37753
23614,-193.80162
23615,-204.01227
23616,-215.01689
23617,-224.76917
23618,-231.29451
23619,-227.86835
23620,-224.23102
23621,-222.11806
23622,-213.35718
23623,-204.68837
23624,-197.70157
23625,-193.1018
23626,-185.39345
23627,-184.03043
23628,-183.52419
23629,-183.41467
23630,-183.40544
23631,-183.42119
23632,-183.39565
23633,-183.2519
23634,-182.92204
23635,-182.38948
23636,-181.70738
23637,-180.93178
23638,-180.11533
23639,-179.3089
23640,-178.55244
23641,-177.87132
23642,-177.2902
23643,-176.83455
23644,-176.52272
23645,-176.33191
23646,-176.18375
23647,-175.99754
23648,-175.69539
23649,-175.1992
23650,-174.43103
23651,-173.31288
23652,-171.76666
23653,-169.7144
23654,-167.71669
23655,-166.5326
23656,-165.32173
23657,-164.29227
23658,-163.5096
23659,-163.03928
23660,-162.94676
23661,-163.29753
23662,-164.15704
23663,-165.59068
23664,-167.64116
23665,-170.21867
23666,-173.05434
23667,-175.87231
23668,-178.40536
23669,-180.40784
23670,-181.75931
23671,-182.509
23672,-182.7128
23673,-182.41861
23674,-181.6848
23675,-180.63103
23676,-179.46
23677,-178.37779
23678,-177.58643
23679,-177.25919
23680,-177.40117
23681,-177.79002
23682,-178.19426
23683,-178.39333
23684,-178.1915
23685,-177.53754
23686,-176.57626
23687,-175.46022
23688,-174.33267
23689,-173.33209
23690,-172.56874
23691,-172.11464
23692,-172.04034
23693,-172.41814
23694,-173.3038
23695,-174.65697
23696,-176.30719
23697,-178.07887
23698,-179.8027
23699,-181.30934
23700,-182.42944
23701,-182.99368
23702,-182.83261
23703,-181.77667
23704,-180.83351
23705,-181.38057
23706,-181.8018
23707,-182.31242
23708,-182.88579
23709,-183.49535
23710,-184.11455
23711,-184.7168
23712,-185.27554
23713,-185.76416
23714,-186.14967
23715,-186.3616
23716,-186.27876
23717,-185.77785
23718,-184.73799
23719,-183.08679
23720,-181.03421
23721,-179.17305
23722,-178.11165
23723,-178.44003
23724,-180.6424
23725,-184.59041
23726,-189.32672
23727,-193.8621
23728,-197.24725
23729,-198.64157
23730,-197.83704
23731,-195.48396
23732,-192.26846
23733,-188.8369
23734,-185.77203
23735,-183.28447
23736,-181.07996
23737,-178.84363
23738,-176.28458
23739,-173.16603
23740,-169.56558
23741,-165.98714
23742,-162.95172
23743,-160.95996
23744,-160.44336
23745,-161.43265
23746,-163.41614
23747,-165.8612
23748,-168.26141
23749,-170.1105
23750,-170.90208
23751,-170.12961
23752,-167.28609
23753,-161.86394
23754,-157.08669
23755,-157.39027
23756,-157.70663
23757,-158.61101
23758,-159.94083
23759,-161.53345
23760,-163.22643
23761,-164.85718
23762,-166.26328
23763,-167.28223
23764,-167.78587
23765,-167.84608
23766,-167.80553
23767,-168.0176
23768,-168.8227
23769,-170.51346
23770,-173.10544
23771,-176.23883
23772,-179.53929
23773,-182.65057
23774,-185.2332
23775,-187.04544
23776,-187.97758
23777,-187.92522
23778,-186.77745
23779,-184.47636
23780,-181.2725
23781,-177.83496
23782,-174.85
23783,-172.98409
23784,-172.8
23785,-174.25957
23786,-176.51097
23787,-178.67084
23788,-179.89482
23789,-179.44771
23790,-177.22876
23791,-173.99768
23792,-170.54926
23793,-167.63774
23794,-165.94365
23795,-165.71892
23796,-166.63503
23797,-168.34074
23798,-170.51274
23799,-172.82779
23800,-174.96277
23801,-176.59467
23802,-177.40024
23803,-177.0563
23804,-174.16534
23805,-169.5184
23806,-168.66168
23807,-169.88388
23808,-172.65329
23809,-176.43886
23810,-180.71
23811,-184.93654
23812,-188.58856
23813,-191.13606
23814,-192.12886
23815,-191.58185
23816,-190.14075
23817,-188.4774
23818,-187.2341
23819,-186.97675
23820,-187.82652
23821,-189.3022
23822,-190.89836
23823,-192.13838
23824,-192.5979
23825,-192.15623
23826,-191.10442
23827,-189.75035
23828,-188.3826
23829,-187.2618
23830,-186.48557
23831,-185.93088
23832,-185.46564
23833,-184.96819
23834,-184.3348
23835,-183.56517
23836,-182.79916
23837,-182.18236
23838,-181.85373
23839,-181.93204
23840,-182.4193
23841,-183.15921
23842,-183.98917
23843,-184.75414
23844,-185.3115
23845,-185.59097
23846,-185.6203
23847,-185.43112
23848,-185.05042
23849,-184.50522
23850,-183.82256
23851,-183.0294
23852,-182.15282
23853,-181.21982
23854,-180.9304
23855,-182.39677
23856,-184.98497
23857,-188.31073
23858,-192.00105
23859,-195.68318
23860,-198.9844
23861,-201.53206
23862,-202.95335
23863,-202.8751
23864,-201.00217
23865,-197.49518
23866,-193.13387
23867,-188.72458
23868,-185.04498
23869,-182.78719
23870,-182.14691
23871,-182.64742
23872,-183.78508
23873,-185.08849
23874,-186.12463
23875,-186.68196
23876,-186.84917
23877,-186.72688
23878,-186.40154
23879,-185.9547
23880,-185.4392
23881,-184.86885
23882,-184.25594
23883,-183.61464
23884,-182.97528
23885,-182.46222
23886,-182.32733
23887,-182.82756
23888,-184.21373
23889,-186.67886
23890,-190.0804
23891,-193.82188
23892,-197.28891
23893,-199.88887
23894,-201.10855
23895,-200.89772
23896,-199.83382
23897,-198.52068
23898,-197.53278
23899,-197.44469
23900,-198.83067
23901,-202.26437
23902,-213.31859
23903,-222.5645
23904,-230.60863
23905,-226.57657
23906,-227.36594
23907,-227.21487
23908,-226.35692
23909,-225.02577
23910,-223.45541
23911,-221.87978
23912,-220.533
23913,-219.6491
23914,-219.39966
23915,-219.59363
23916,-219.54773
23917,-218.55777
23918,-215.94217
23919,-211.14714
23920,-209.36554
23921,-201.80623
23922,-194.72331
23923,-189.32355
23924,-181.64597
23925,-181.75964
23926,-183.42093
23927,-185.33447
23928,-186.26839
23929,-185.1565
23930,-181.89499
23931,-177.68602
23932,-173.7857
23933,-171.38876
23934,-171.53552
23935,-174.37265
23936,-178.83731
23937,-183.82019
23938,-188.27061
23939,-191.23804
23940,-192.35106
23941,-192.02275
23942,-190.69798
23943,-188.78477
23944,-186.67133
23945,-184.6287
23946,-182.76894
23947,-181.19763
23948,-180.02782
23949,-179.37253
23950,-179.34483
23951,-180.05757
23952,-181.62372
23953,-184.15607
23954,-184.28886
23955,-179.29353
23956,-176.76157
23957,-175.21234
23958,-174.49997
23959,-174.47884
23960,-175.00336
23961,-175.92805
23962,-177.10748
23963,-178.39627
23964,-179.65327
23965,-180.76202
23966,-181.6395
23967,-182.20383
23968,-182.37173
23969,-182.0923
23970,-181.5037
23971,-181.00017
23972,-180.98639
23973,-181.85472
23974,-183.9302
23975,-187.1474
23976,-190.91225
23977,-194.60986
23978,-197.65096
23979,-199.51007
23980,-200.03377
23981,-199.57301
23982,-198.49968
23983,-197.16196
23984,-195.87358
23985,-194.74646
23986,-193.61879
23987,-192.31743
23988,-190.68216
23989,-188.584
23990,-186.07545
23991,-183.45523
23992,-181.03217
23993,-179.10342
23994,-177.93663
23995,-177.62767
23996,-178.03995
23997,-179.02757
23998,-180.45578
23999,-182.18987
24000,-184.09518
24001,-186.03708
24002,-187.88098
24003,-189.49222
24004,-187.7402
24005,-186.18001
24006,-178.19528
24007,-176.88051
24008,-176.89983
24009,-177.91785
24010,-179.59955
24011,-181.61014
24012,-183.61493
24013,-185.27934
24014,-186.30415
24015,-186.59515
24016,-186.33612
24017,-185.72217
24018,-184.93513
24019,-184.14195
24020,-183.4217
24021,-182.73457
24022,-182.03595
24023,-181.28682
24024,-180.46854
24025,-179.68039
24026,-179.18172
24027,-179.23814
24028,-180.10768
24029,-181.98206
24030,-184.66866
24031,-187.45424
24032,-189.60527
24033,-190.41289
24034,-189.27744
24035,-186.23627
24036,-182.19145
24037,-178.08118
24038,-174.8032
24039,-173.15608
24040,-173.36247
24041,-174.86528
24042,-177.07669
24043,-179.4465
24044,-181.46727
24045,-182.87901
24046,-183.75667
24047,-184.18849
24048,-184.24684
24049,-184.00409
24050,-183.5326
24051,-182.90475
24052,-182.19304
24053,-181.46982
24054,-179.86996
24055,-177.11449
24056,-175.95723
24057,-175.64343
24058,-175.96588
24059,-176.71758
24060,-177.69142
24061,-178.6806
24062,-179.47816
24063,-179.87726
24064,-179.70174
24065,-178.95464
24066,-177.88187
24067,-176.73903
24068,-175.77025
24069,-175.20308
24070,-175.16827
24071,-175.66551
24072,-176.68929
24073,-178.24033
24074,-180.29129
24075,-182.65228
24076,-184.91298
24077,-186.65445
24078,-187.46814
24079,-187.009
24080,-185.30199
24081,-182.87387
24082,-180.2721
24083,-178.02054
24084,-176.5793
24085,-176.03705
24086,-175.97945
24087,-175.97221
24088,-175.60504
24089,-174.52434
24090,-172.70604
24091,-170.5728
24092,-168.56512
24093,-167.1024
24094,-166.5572
24095,-167.03117
24096,-168.25879
24097,-169.96028
24098,-171.87354
24099,-173.7364
24100,-175.28688
24101,-176.26288
24102,-176.40225
24103,-175.44276
24104,-173.91287
24105,-173.25368
24106,-173.4366
24107,-174.21451
24108,-175.426
24109,-176.9097
24110,-178.50429
24111,-180.0485
24112,-181.381
24113,-182.34053
24114,-182.786
24115,-182.69362
24116,-182.19868
24117,-181.44293
24118,-180.5606
24119,-179.68393
24120,-178.93405
24121,-178.41695
24122,-178.23795
24123,-178.50305
24124,-179.28894
24125,-180.50104
24126,-181.81317
24127,-182.89003
24128,-183.4073
24129,-183.07976
24130,-181.85028
24131,-179.97058
24132,-177.70512
24133,-175.30363
24134,-173.00014
24135,-170.936
24136,-169.12721
24137,-167.58473
24138,-166.3255
24139,-165.36671
24140,-164.72787
24141,-164.43127
24142,-164.49936
24143,-164.95435
24144,-165.80972
24145,-167.02754
24146,-168.50029
24147,-170.11775
24148,-171.77309
24149,-173.35942
24150,-174.76996
24151,-175.89775
24152,-176.63603
24153,-176.87782
24154,-174.58244
24155,-169.34016
24156,-167.45877
24157,-167.2963
24158,-168.45554
24159,-170.53981
24160,-173.1528
24161,-175.89835
24162,-178.38042
24163,-180.20305
24164,-181.02362
24165,-180.8102
24166,-179.95177
24167,-178.85439
24168,-177.90414
24169,-177.44304
24170,-177.55591
24171,-177.97928
24172,-178.43584
24173,-178.66487
24174,-178.43747
24175,-177.70967
24176,-176.68823
24177,-175.58986
24178,-174.6194
24179,-173.95335
24180,-173.60292
24181,-173.35564
24182,-172.99007
24183,-172.29546
24184,-171.10468
24185,-169.50381
24186,-167.92223
24187,-166.80295
24188,-166.5726
24189,-167.58932
24190,-169.81409
24191,-172.67023
24192,-175.56027
24193,-177.91272
24194,-179.22464
24195,-179.39218
24196,-178.85226
24197,-178.06334
24198,-177.45839
24199,-177.47046
24200,-178.53241
24201,-181.07693
24202,-185.5362
24203,-197.3418
24204,-196.69083
24205,-193.60698
24206,-192.67102
24207,-192.23805
24208,-192.25769
24209,-192.67946
24210,-193.4531
24211,-194.52815
24212,-195.85434
24213,-197.38129
24214,-199.0475
24215,-200.72644
24216,-202.20331
24217,-203.2597
24218,-203.68144
24219,-203.27403
24220,-201.95897
24221,-199.81494
24222,-196.92725
24223,-193.3739
24224,-189.25647
24225,-184.81377
24226,-180.47075
24227,-176.66006
24228,-173.80544
24229,-172.27882
24230,-172.15282
24231,-173.09439
24232,-174.75475
24233,-176.80447
24234,-178.92259
24235,-180.83565
24236,-182.33453
24237,-183.21259
24238,-183.26009
24239,-182.31023
24240,-180.44673
24241,-178.09297
24242,-175.6863
24243,-173.6479
24244,-172.35474
24245,-171.92555
24246,-172.12964
24247,-172.72238
24248,-173.47595
24249,-174.16261
24250,-174.5546
24251,-174.42412
24252,-173.54332
24253,-171.68431
24254,-172.36789
24255,-178.20506
24256,-180.64236
24257,-181.62953
24258,-181.53845
24259,-180.74141
24260,-179.61089
24261,-178.51965
24262,-177.84042
24263,-177.94603
24264,-179.14171
24265,-181.3417
24266,-183.93068
24267,-186.27248
24268,-187.75638
24269,-187.85211
24270,-186.49852
24271,-184.2706
24272,-181.76941
24273,-179.56628
24274,-178.17941
24275,-177.8185
24276,-178.27505
24277,-179.3239
24278,-180.75987
24279,-182.39429
24280,-184.13399
24281,-186.01498
24282,-188.07858
24283,-190.35977
24284,-192.86526
24285,-195.4364
24286,-197.6908
24287,-199.23703
24288,-199.69412
24289,-198.74144
24290,-196.41028
24291,-193.20982
24292,-189.6695
24293,-186.29648
24294,-183.55208
24295,-181.63022
24296,-180.36252
24297,-179.56578
24298,-179.0742
24299,-178.72192
24300,-178.3432
24301,-177.77225
24302,-176.84332
24303,-175.39062
24304,-174.58308
24305,-175.41196
24306,-175.0739
24307,-174.30174
24308,-173.29808
24309,-172.26569
24310,-171.40727
24311,-170.92557
24312,-171.0233
24313,-171.9031
24314,-173.7167
24315,-176.32037
24316,-179.17027
24317,-181.70717
24318,-183.39093
24319,-183.7653
24320,-182.86226
24321,-181.37596
24322,-180.02744
24323,-179.5065
24324,-180.40808
24325,-182.77629
24326,-185.90948
24327,-189.07675
24328,-191.58307
24329,-192.81085
24330,-192.59319
24331,-191.3741
24332,-189.62276
24333,-187.77966
24334,-186.25577
24335,-185.2898
24336,-184.88667
24337,-185.04178
24338,-185.7616
24339,-187.03265
24340,-188.7257
24341,-190.55455
24342,-192.2268
24343,-193.45753
24344,-193.99701
24345,-193.80006
24346,-193.09924
24347,-192.13844
24348,-191.1484
24349,-190.3601
24350,-190.00436
24351,-190.31198
24352,-191.51369
24353,-193.84
24354,-191.9024
24355,-188.32031
24356,-183.53229
24357,-188.12015
24358,-200.73297
24359,-210.0243
24360,-219.6509
24361,-228.2717
24362,-234.54637
24363,-232.13284
24364,-229.90662
24365,-228.02884
24366,-218.41417
24367,-208.06133
24368,-198.89171
24369,-192.62231
24370,-184.78029
24371,-184.28107
24372,-184.9748
24373,-185.78958
24374,-185.7642
24375,-184.5759
24376,-182.76706
24377,-180.9153
24378,-179.55728
24379,-179.15393
24380,-179.7255
24381,-180.69551
24382,-181.46387
24383,-181.45888
24384,-180.19373
24385,-177.67519
24386,-174.57944
24387,-171.61003
24388,-169.43883
24389,-168.65298
24390,-169.34813
24391,-170.95439
24392,-172.87595
24393,-174.549
24394,-175.46465
24395,-175.43275
24396,-174.69505
24397,-173.51033
24398,-172.11696
24399,-170.7534
24400,-169.65804
24401,-169.06941
24402,-169.22581
24403,-170.36554
24404,-172.6761
24405,-175.35878
24406,-176.91396
24407,-177.80823
24408,-178.17023
24409,-178.12866
24410,-177.81223
24411,-177.34972
24412,-176.86987
24413,-176.50151
24414,-176.36758
24415,-176.55713
24416,-177.11308
24417,-178.07657
24418,-179.49098
24419,-181.40956
24420,-183.94354
24421,-187.28264
24422,-191.6196
24423,-202.14313
24424,-208.96564
24425,-216.75664
24426,-224.5868
24427,-231.50357
24428,-236.58275
24429,-234.01912
24430,-233.70345
24431,-231.47278
24432,-228.2068
24433,-224.74269
24434,-221.84128
24435,-219.81561
24436,-218.37007
24437,-217.18266
24438,-215.95975
24439,-214.43925
24440,-212.54137
24441,-210.43387
24442,-208.2951
24443,-206.29189
24444,-204.58423
24445,-203.29282
24446,-202.48505
24447,-202.2259
24448,-202.58296
24449,-203.62373
24450,-205.41565
24451,-208.02614
24452,-211.5225
24453,-215.97203
24454,-219.15143
24455,-218.86853
24456,-219.40204
24457,-219.90334
24458,-220.25343
24459,-220.3333
24460,-220.02388
24461,-219.20605
24462,-217.76071
24463,-215.56859
24464,-212.54498
24465,-208.80644
24466,-204.74274
24467,-200.75565
24468,-197.23412
24469,-194.51811
24470,-192.66228
24471,-191.3346
24472,-190.18715
24473,-188.89046
24474,-187.16003
24475,-184.9731
24476,-182.66182
24477,-180.5728
24478,-179.03584
24479,-178.33989
24480,-178.53596
24481,-179.35321
24482,-180.5079
24483,-181.73178
24484,-182.7755
24485,-183.49916
24486,-183.91121
24487,-184.026
24488,-183.85088
24489,-183.39647
24490,-182.69281
24491,-181.79633
24492,-180.76443
24493,-179.65341
24494,-178.52103
24495,-177.43452
24496,-176.47383
24497,-175.71936
24498,-175.25095
24499,-175.14839
24500,-175.49146
24501,-176.35995
24502,-177.83359
24503,-179.99202
24504,-180.97794
24505,-179.30353
24506,-179.20517
24507,-179.77556
24508,-180.86972
24509,-182.34268
24510,-184.04953
24511,-185.84547
24512,-187.58563
24513,-189.12518
24514,-190.33914
24515,-191.21774
24516,-191.90729
24517,-192.56047
24518,-193.3226
24519,-194.3134
24520,-195.50412
24521,-196.66473
24522,-197.55702
24523,-197.95232
24524,-197.64922
24525,-196.60536
24526,-194.99408
24527,-192.99773
24528,-190.78856
24529,-188.53671
24530,-186.40025
24531,-184.52083
24532,-183.03934
24533,-182.09744
24534,-181.80022
24535,-182.04027
24536,-182.42245
24537,-182.54013
24538,-182.00037
24539,-180.46147
24540,-177.8803
24541,-174.61852
24542,-171.05435
24543,-167.54689
24544,-164.43169
24545,-161.90675
24546,-159.98392
24547,-158.66763
24548,-157.97115
24549,-157.90787
24550,-158.49101
24551,-159.73396
24552,-161.65
24553,-164.2524
24554,-165.53896
24555,-164.27574
24556,-165.4432
24557,-167.73479
24558,-170.80362
24559,-174.30307
24560,-177.88667
24561,-181.20805
24562,-183.92091
24563,-185.67883
24564,-186.19211
24565,-185.50107
24566,-184.09369
24567,-182.47629
24568,-181.13414
24569,-180.49155
24570,-180.61746
24571,-181.09972
24572,-181.50682
24573,-181.43033
24574,-180.51923
24575,-178.75653
24576,-176.57826
24577,-174.43883
24578,-172.77124
24579,-171.94598
24580,-171.97125
24581,-172.36427
24582,-172.62302
24583,-172.26886
24584,-170.89864
24585,-168.54749
24586,-165.84479
24587,-163.44374
24588,-161.96939
24589,-161.96208
24590,-163.47234
24591,-165.88737
24592,-168.56876
24593,-170.91016
24594,-172.36803
24595,-172.76353
24596,-172.41199
24597,-171.64816
24598,-170.78336
24599,-170.12906
24600,-169.99667
24601,-170.69753
24602,-172.5429
24603,-175.84378
24604,-180.37573
24605,-184.40512
24606,-186.48471
24607,-187.29547
24608,-187.11972
24609,-186.23987
24610,-184.93861
24611,-183.4989
24612,-182.20357
24613,-181.33566
24614,-181.1357
24615,-181.59839
24616,-182.3852
24617,-183.14427
24618,-183.53975
24619,-183.28236
24620,-182.35431
24621,-181.10548
24622,-179.90085
24623,-179.08784
24624,-178.96577
24625,-179.55388
24626,-180.4921
24627,-181.40535
24628,-181.93668
24629,-181.78214
24630,-180.94644
24631,-179.85275
24632,-178.94106
24633,-178.63142
24634,-179.28447
24635,-180.91417
24636,-183.06543
24637,-185.2647
24638,-187.06084
24639,-188.05255
24640,-188.12733
24641,-187.56447
24642,-186.659
24643,-185.68756
24644,-184.90865
24645,-184.47452
24646,-184.3936
24647,-184.66844
24648,-185.30836
24649,-186.32286
24650,-187.7212
24651,-189.51283
24652,-191.70708
24653,-194.3133
24654,-196.71748
24655,-197.66399
24656,-197.25093
24657,-195.82126
24658,-193.63026
24659,-190.93353
24660,-187.98676
24661,-185.04578
24662,-182.36644
24663,-180.20454
24664,-178.78456
24665,-178.1493
24666,-178.09534
24667,-178.40938
24668,-178.89003
24669,-179.35269
24670,-179.71074
24671,-180.0102
24672,-180.3023
24673,-180.63211
24674,-181.02748
24675,-181.41754
24676,-181.5973
24677,-181.3564
24678,-180.49088
24679,-178.84514
24680,-176.54529
24681,-174.09969
24682,-172.032
24683,-170.84784
24684,-170.98088
24685,-172.44778
24686,-174.70074
24687,-177.16998
24688,-179.31291
24689,-180.64183
24690,-180.98788
24691,-180.6141
24692,-179.80092
24693,-178.80823
24694,-177.87486
24695,-177.11632
24696,-176.48112
24697,-175.91109
24698,-175.35599
24699,-174.76556
24700,-174.08955
24701,-173.27776
24702,-172.2799
24703,-171.04575
24704,-170.78111
24705,-172.67334
24706,-174.3145
24707,-176.03427
24708,-177.77376
24709,-179.47394
24710,-181.07596
24711,-182.52077
24712,-183.74951
24713,-184.70316
24714,-185.33163
24715,-185.6362
24716,-185.68779
24717,-185.56018
24718,-185.3238
24719,-185.04773
24720,-184.79282
24721,-184.60869
24722,-184.54462
24723,-184.65034
24724,-184.97133
24725,-185.52803
24726,-186.30695
24727,-187.29329
24728,-188.47385
24729,-189.81787
24730,-191.19228
24731,-192.32553
24732,-192.94049
24733,-192.76645
24734,-191.58487
24735,-189.48048
24736,-186.94987
24737,-184.50667
24738,-182.64505
24739,-181.7988
24740,-182.05017
24741,-183.00546
24742,-184.25192
24743,-185.39969
24744,-186.09311
24745,-186.1753
24746,-185.75871
24747,-184.9667
24748,-183.90988
24749,-182.69878
24750,-181.44409
24751,-180.25644
24752,-179.24643
24753,-178.5248
24754,-177.66577
24755,-176.37242
24756,-175.90651
24757,-175.96107
24758,-176.46802
24759,-177.35927
24760,-178.56679
24761,-180.02254
24762,-181.65852
24763,-183.4068
24764,-185.19073
24765,-186.88374
24766,-188.29153
24767,-189.21703
24768,-189.46634
24769,-188.8902
24770,-187.59912
24771,-186.05594
24772,-184.73798
24773,-184.10593
24774,-184.54674
24775,-186.01933
24776,-187.90302
24777,-189.55411
24778,-190.35658
24779,-189.78226
24780,-187.8147
24781,-185.13173
24782,-182.43985
24783,-180.413
24784,-179.64612
24785,-180.276
24786,-181.81859
24787,-183.76538
24788,-185.63756
24789,-186.99838
24790,-187.6547
24791,-187.74347
24792,-187.41484
24793,-186.80344
24794,-186.03629
24795,-185.19658
24796,-184.3081
24797,-183.39215
24798,-182.47285
24799,-181.57437
24800,-180.72083
24801,-179.93636
24802,-179.24512
24803,-178.67123
24804,-178.57118
24805,-179.16753
24806,-179.62729
24807,-180.12434
24808,-180.68147
24809,-181.32141
24810,-182.06693
24811,-182.94081
24812,-183.9658
24813,-185.16464
24814,-186.54584
24815,-188.035
24816,-189.44543
24817,-190.58594
24818,-191.27068
24819,-191.34003
24820,-190.78711
24821,-189.81218
24822,-188.62405
24823,-187.42175
24824,-186.38818
24825,-185.61215
24826,-185.055
24827,-184.6729
24828,-184.42802
24829,-184.28606
24830,-184.23209
24831,-184.27788
24832,-184.43625
24833,-184.71867
24834,-185.1264
24835,-185.60037
24836,-185.99998
24837,-186.18143
24838,-186.00464
24839,-185.35454
24840,-184.26074
24841,-182.94914
24842,-181.65366
24843,-180.59885
24844,-179.98094
24845,-179.83116
24846,-179.95714
24847,-180.1575
24848,-180.24167
24849,-180.01903
24850,-179.29889
24851,-177.8905
24852,-175.60313
24853,-172.2459
24854,-169.48738
24855,-169.444
24856,-169.34216
24857,-169.51369
24858,-169.87457
24859,-170.34087
24860,-170.82866
24861,-171.25401
24862,-171.533
24863,-171.58168
24864,-171.34128
24865,-170.89914
24866,-170.5407
24867,-170.55928
24868,-171.2386
24869,-172.80603
24870,-175.16127
24871,-177.76038
24872,-180.04224
24873,-181.46687
24874,-181.57202
24875,-180.34683
24876,-178.39294
24877,-176.33682
24878,-174.77614
24879,-174.24109
24880,-174.86993
24881,-176.27013
24882,-178.02827
24883,-179.75632
24884,-181.11249
24885,-182.02272
24886,-182.77563
24887,-183.67436
24888,-185.00478
24889,-186.99683
24890,-189.55563
24891,-192.14636
24892,-194.21678
24893,-195.23546
24894,-194.7406
24895,-192.67642
24896,-189.53827
24897,-185.84456
24898,-182.088
24899,-178.76149
24900,-176.35788
24901,-175.36964
24902,-176.289
24903,-179.60748
24904,-183.47955
24905,-184.45955
24906,-184.37103
24907,-183.36694
24908,-181.74191
24909,-179.79065
24910,-177.80807
24911,-176.08919
24912,-174.92892
24913,-174.6221
24914,-175.4119
24915,-177.2414
24916,-179.64748
24917,-182.1512
24918,-184.29308
24919,-185.6553
24920,-186.06139
24921,-185.66197
24922,-184.62093
24923,-183.08661
24924,-181.21918
24925,-179.24702
24926,-177.49088
24927,-176.27524
24928,-175.92017
24929,-176.68457
24930,-178.47327
24931,-180.71156
24932,-182.806
24933,-184.18617
24934,-184.35182
24935,-183.21161
24936,-181.22864
24937,-178.88847
24938,-176.65068
24939,-174.9369
24940,-173.9478
24941,-173.58452
24942,-173.73625
24943,-174.30653
24944,-175.20016
24945,-176.32957
24946,-177.61737
24947,-178.98662
24948,-180.3599
24949,-181.65974
24950,-182.80876
24951,-183.72955
24952,-184.3446
24953,-184.5765
24954,-186.50943
24955,-191.3513
24956,-193.6034
24957,-194.61879
24958,-194.70596
24959,-194.17375
24960,-193.33119
24961,-192.48746
24962,-191.95183
24963,-192.03352
24964,-192.98254
24965,-194.70532
24966,-196.64272
24967,-198.2169
24968,-198.87213
24969,-198.12874
24970,-195.9506
24971,-192.90353
24972,-189.57869
24973,-186.53915
24974,-184.29784
24975,-183.07556
24976,-182.69727
24977,-182.97186
24978,-183.72713
24979,-184.79031
24980,-185.98537
24981,-187.1316
24982,-188.04813
24983,-188.55429
24984,-188.50745
24985,-187.98615
24986,-187.36876
24987,-187.04587
24988,-187.39386
24989,-188.72498
24990,-190.97922
24991,-193.59253
24992,-195.9808
24993,-197.584
24994,-197.90378
24995,-196.80127
24996,-194.62532
24997,-191.74515
24998,-188.50714
24999,-185.25797
25000,-182.3443
25001,-180.1128
25002,-178.90993
25003,-179.08199
25004,-179.22145
25005,-177.4405
25006,-176.3119
25007,-175.42635
25008,-174.78171
25009,-174.376
25010,-174.20714
25011,-174.2731
25012,-174.57182
25013,-175.10127
25014,-175.85025
25015,-176.75473
25016,-177.67897
25017,-178.48434
25018,-179.0357
25019,-179.20193
25020,-178.8752
25021,-177.97945
25022,-176.43977
25023,-174.17986
25024,-171.15733
25025,-167.5285
25026,-163.71881
25027,-160.16447
25028,-157.2889
25029,-155.47522
25030,-154.87329
25031,-155.3171
25032,-156.62837
25033,-158.64404
25034,-161.18945
25035,-164.02182
25036,-166.80641
25037,-169.20502
25038,-170.88371
25039,-171.55934
25040,-171.24367
25041,-170.34808
25042,-169.29994
25043,-168.50755
25044,-168.33733
25045,-168.9109
25046,-170.01874
25047,-171.43825
25048,-172.96278
25049,-174.38564
25050,-175.50021
25051,-176.09981
25052,-175.97772
25053,-174.92715
25054,-173.45816
25055,-172.8301
25056,-172.88942
25057,-173.42459
25058,-174.27885
25059,-175.2954
25060,-176.3175
25061,-177.18849
25062,-177.75166
25063,-177.85023
25064,-177.3607
25065,-176.3525
25066,-175.1566
25067,-174.11456
25068,-173.5556
25069,-173.76515
25070,-174.77597
25071,-176.27812
25072,-177.9483
25073,-179.4796
25074,-180.60661
25075,-181.30461
25076,-181.8751
25077,-182.63261
25078,-183.87614
25079,-185.85266
25080,-188.50693
25081,-191.37444
25082,-193.97455
25083,-195.84613
25084,-196.59395
25085,-196.20694
25086,-195.19502
25087,-194.08963
25088,-193.39789
25089,-193.55432
25090,-194.57214
25091,-195.89331
25092,-196.9368
25093,-197.14864
25094,-196.04138
25095,-193.51486
25096,-189.9946
25097,-185.92824
25098,-181.73889
25099,-177.84976
25100,-174.68407
25101,-172.66475
25102,-172.21454
25103,-173.75572
25104,-173.95877
25105,-170.0325
25106,-169.91634
25107,-171.58784
25108,-174.51587
25109,-178.17006
25110,-182.02031
25111,-185.53691
25112,-188.19019
25113,-189.45032
25114,-188.87718
25115,-186.55461
25116,-183.27747
25117,-179.8702
25118,-177.12401
25119,-175.754
25120,-176.0324
25121,-177.63184
25122,-180.20122
25123,-183.41818
25124,-186.94984
25125,-190.40071
25126,-193.29047
25127,-195.13539
25128,-195.45538
25129,-193.86296
25130,-190.5106
25131,-186.2843
25132,-182.10107
25133,-178.84364
25134,-177.28758
25135,-177.58604
25136,-179.04947
25137,-180.95508
25138,-182.62062
25139,-183.4455
25140,-183.30229
25141,-182.70497
25142,-182.19339
25143,-182.27696
25144,-183.40292
25145,-185.6572
25146,-188.63626
25147,-191.9173
25148,-195.10098
25149,-197.78812
25150,-199.57935
25151,-200.07524
25152,-198.87582
25153,-195.58069
25154,-192.66415
25155,-193.0703
25156,-192.15263
25157,-190.83022
25158,-189.24196
25159,-187.52682
25160,-185.82384
25161,-184.27203
25162,-183.01039
25163,-182.17792
25164,-181.87958
25165,-182.02309
25166,-182.24873
25167,-182.18622
25168,-181.47786
25169,-179.83363
25170,-177.35736
25171,-174.68668
25172,-172.48105
25173,-171.37444
25174,-171.9083
25175,-174.08705
25176,-177.18835
25177,-180.46172
25178,-183.19168
25179,-184.74171
25180,-184.93335
25181,-184.20903
25182,-183.0361
25183,-181.85284
25184,-181.03674
25185,-180.61198
25186,-180.12375
25187,-179.0981
25188,-177.08371
25189,-173.71353
25190,-169.11168
25191,-164.0685
25192,-159.40137
25193,-155.896
25194,-154.25238
25195,-154.67473
25196,-156.6963
25197,-159.82457
25198,-163.59932
25199,-167.56065
25200,-171.24886
25201,-174.20427
25202,-175.9672
25203,-176.07764
25204,-174.92516
25205,-174.13167
25206,-174.03763
25207,-174.36533
25208,-174.98889
25209,-175.78238
25210,-176.61995
25211,-177.37575
25212,-177.92393
25213,-178.13866
25214,-177.92017
25215,-177.32082
25216,-176.59903
25217,-176.0215
25218,-175.84511
25219,-176.29256
25220,-177.38774
25221,-178.88545
25222,-180.52988
25223,-182.07805
25224,-183.31535
25225,-184.19147
25226,-184.87859
25227,-185.5579
25228,-186.40009
25229,-187.53885
25230,-188.8939
25231,-190.09479
25232,-190.75945
25233,-190.5195
25234,-189.0652
25235,-186.42851
25236,-183.10526
25237,-179.61044
25238,-176.43738
25239,-174.02974
25240,-172.54306
25241,-171.74239
25242,-171.37723
25243,-171.21576
25244,-171.04471
25245,-170.75786
25246,-170.39426
25247,-169.99863
25248,-169.60881
25249,-169.26254
25250,-168.99773
25251,-168.85216
25252,-168.86359
25253,-169.06989
25254,-172.56
25255,-185.71907
25256,-185.02571
25257,-187.52927
25258,-188.64877
25259,-188.80374
25260,-188.41399
25261,-187.8997
25262,-187.68118
25263,-188.17882
25264,-189.7406
25265,-192.29465
25266,-195.2005
25267,-197.79515
25268,-199.44263
25269,-199.58344
25270,-198.10281
25271,-195.4898
25272,-192.25893
25273,-188.89644
25274,-185.8529
25275,-183.36931
25276,-181.4024
25277,-179.89731
25278,-178.81258
25279,-178.10312
25280,-177.70187
25281,-177.51233
25282,-177.43665
25283,-177.37857
25284,-177.25835
25285,-177.0927
25286,-177.02902
25287,-177.21986
25288,-177.81168
25289,-178.92328
25290,-180.51396
25291,-182.32689
25292,-184.0967
25293,-185.56837
25294,-186.50989
25295,-186.82321
25296,-186.59192
25297,-185.90685
25298,-184.85028
25299,-183.50449
25300,-181.95184
25301,-180.27467
25302,-178.55536
25303,-176.87624
25304,-173.71562
25305,-168.56027
25306,-166.12749
25307,-165.18188
25308,-165.41475
25309,-166.51764
25310,-168.18237
25311,-170.10092
25312,-171.96536
25313,-173.4678
25314,-174.34018
25315,-174.54585
25316,-174.36168
25317,-174.07706
25318,-173.96643
25319,-174.2702
25320,-175.03087
25321,-176.0227
25322,-177.00948
25323,-177.76768
25324,-178.10106
25325,-177.97124
25326,-177.5539
25327,-177.03326
25328,-176.5834
25329,-176.36038
25330,-176.41563
25331,-176.65875
25332,-176.99373
25333,-177.33125
25334,-177.57318
25335,-177.56993
25336,-177.10197
25337,-175.94704
25338,-173.88603
25339,-170.76096
25340,-166.76912
25341,-162.58975
25342,-158.92154
25343,-156.44003
25344,-155.74432
25345,-156.99007
25346,-159.73296
25347,-163.50562
25348,-167.86963
25349,-172.38689
25350,-176.61943
25351,-180.1294
25352,-182.47891
25353,-183.22978
25354,-181.23624
25355,-176.99243
25356,-174.4806
25357,-172.82193
25358,-171.91444
25359,-171.65643
25360,-171.94615
25361,-172.68192
25362,-173.7621
25363,-175.0851
25364,-176.55151
25365,-178.07477
25366,-179.58563
25367,-181.01556
25368,-182.29515
25369,-183.35385
25370,-184.1142
25371,-184.48936
25372,-184.3921
25373,-183.73561
25374,-182.46463
25375,-180.70718
25376,-178.84012
25377,-177.25029
25378,-176.31279
25379,-176.35144
25380,-177.39317
25381,-179.06253
25382,-180.9683
25383,-182.73857
25384,-184.02672
25385,-184.63278
25386,-184.55556
25387,-183.80168
25388,-182.36842
25389,-180.27574
25390,-177.67561
25391,-174.89902
25392,-172.2844
25393,-170.16154
25394,-168.81972
25395,-168.3125
25396,-168.37439
25397,-168.72733
25398,-169.10854
25399,-169.25525
25400,-168.9048
25401,-167.79436
25402,-165.66106
25403,-162.2419
25404,-161.2885
25405,-166.21379
25406,-168.88562
25407,-170.84909
25408,-172.23404
25409,-173.17043
25410,-173.7883
25411,-174.21759
25412,-174.58836
25413,-175.0307
25414,-175.67162
25415,-176.62056
25416,-177.96307
25417,-179.78384
25418,-182.16858
25419,-185.1818
25420,-188.76492
25421,-192.69284
25422,-196.73392
25423,-200.66443
25424,-204.25137
25425,-207.20714
25426,-209.16989
25427,-209.77458
25428,-208.65923
25429,-205.5424
25430,-200.61351
25431,-199.7024
25432,-193.66692
25433,-188.33531
25434,-179.45181
25435,-177.27266
25436,-176.39285
25437,-176.38092
25438,-176.83714
25439,-177.39134
25440,-177.84415
25441,-178.22734
25442,-178.5819
25443,-178.93776
25444,-179.32043
25445,-179.7293
25446,-180.12837
25447,-180.48022
25448,-180.7492
25449,-180.89957
25450,-180.8956
25451,-180.70163
25452,-180.28186
25453,-179.60063
25454,-179.73967
25455,-181.36441
25456,-181.7135
25457,-181.51057
25458,-180.94814
25459,-180.21869
25460,-179.5148
25461,-179.02913
25462,-178.95421
25463,-179.48262
25464,-180.7753
25465,-182.80962
25466,-185.3146
25467,-188.00943
25468,-190.62523
25469,-192.90445
25470,-194.65514
25471,-195.77422
25472,-196.16214
25473,-195.71507
25474,-194.35756
25475,-192.1795
25476,-189.49536
25477,-186.62892
25478,-183.89348
25479,-181.57332
25480,-179.78333
25481,-178.4089
25482,-177.32623
25483,-176.42241
25484,-175.59383
25485,-174.79056
25486,-174.03564
25487,-173.355
25488,-172.77098
25489,-172.30815
25490,-172.00294
25491,-171.90816
25492,-172.07715
25493,-172.56253
25494,-173.40123
25495,-174.53915
25496,-175.7989
25497,-176.99829
25498,-177.96101
25499,-178.51074
25500,-178.47107
25501,-177.66559
25502,-175.91776
25503,-173.05093
25504,-170.0834
25505,-168.4441
25506,-166.59157
25507,-164.84099
25508,-163.25967
25509,-161.9149
25510,-160.87396
25511,-160.20407
25512,-159.97252
25513,-160.2465
25514,-161.07321
25515,-162.38303
25516,-163.94833
25517,-165.53552
25518,-166.91847
25519,-167.9052
25520,-168.50203
25521,-168.98396
25522,-169.63644
25523,-170.73212
25524,-172.50307
25525,-174.9455
25526,-177.73639
25527,-180.5402
25528,-183.03683
25529,-184.93828
25530,-186.14365
25531,-186.80536
25532,-187.08612
25533,-187.13647
25534,-187.1058
25535,-187.13573
25536,-187.35728
25537,-187.90112
25538,-188.89842
25539,-190.43974
25540,-192.38087
25541,-194.2593
25542,-195.59972
25543,-195.94188
25544,-194.89093
25545,-192.4332
25546,-189.0727
25547,-185.33507
25548,-181.72179
25549,-178.73451
25550,-176.87465
25551,-176.64328
25552,-178.54103
25553,-183.06783
25554,-186.93243
25555,-186.06238
25556,-186.30049
25557,-186.6182
25558,-186.93509
25559,-187.17082
25560,-187.24496
25561,-187.07712
25562,-186.58682
25563,-185.69371
25564,-184.34387
25565,-182.63785
25566,-180.88559
25567,-179.40567
25568,-178.50658
25569,-178.44978
25570,-179.22311
25571,-180.44397
25572,-181.71509
25573,-182.6569
25574,-182.93918
25575,-182.51764
25576,-181.73586
25577,-180.95305
25578,-180.51006
25579,-180.70512
25580,-181.58867
25581,-182.8755
25582,-184.26707
25583,-185.48097
25584,-186.25491
25585,-186.44444
25586,-186.06462
25587,-185.13695
25588,-183.67531
25589,-181.7056
25590,-179.323
25591,-176.71664
25592,-174.07967
25593,-171.6006
25594,-169.4522
25595,-167.71466
25596,-166.34296
25597,-165.28712
25598,-164.5031
25599,-163.94696
25600,-163.57462
25601,-163.3421
25602,-163.2055
25603,-163.12076
25604,-165.42494
25605,-176.20453
25606,-173.8943
25607,-175.03992
25608,-174.93668
25609,-173.88014
25610,-172.16603
25611,-170.09035
25612,-167.94922
25613,-166.0388
25614,-164.62006
25615,-163.74959
25616,-163.20718
25617,-162.7617
25618,-162.19534
25619,-161.32533
25620,-160.17297
25621,-159.03589
25622,-158.22258
25623,-158.02821
25624,-158.70445
25625,-160.24962
25626,-162.31918
25627,-164.5554
25628,-166.6171
25629,-168.19331
25630,-169.14864
25631,-169.5856
25632,-169.616
25633,-169.3403
25634,-168.86087
25635,-168.2913
25636,-167.76024
25637,-167.39693
25638,-167.32988
25639,-167.66786
25640,-168.40485
25641,-169.37926
25642,-170.42351
25643,-171.37743
25644,-172.10034
25645,-172.56493
25646,-172.89732
25647,-173.22974
25648,-173.68716
25649,-174.39442
25650,-175.47644
25651,-177.05809
25652,-179.26418
25653,-182.2195
25654,-185.41176
25655,-187.31699
25656,-187.52103
25657,-186.66768
25658,-185.17145
25659,-183.4472
25660,-181.91
25661,-180.97496
25662,-181.05705
25663,-182.57095
25664,-185.8346
25665,-190.60507
25666,-200.88054
25667,-200.62985
25668,-203.85846
25669,-204.6981
25670,-203.01846
25671,-199.691
25672,-195.62997
25673,-191.7036
25674,-188.70839
25675,-187.02197
25676,-186.45364
25677,-186.78947
25678,-187.8426
25679,-189.41393
25680,-191.23248
25681,-192.93008
25682,-194.13458
25683,-194.47842
25684,-193.66626
25685,-191.82375
25686,-189.64758
25687,-187.85829
25688,-187.14944
25689,-188.11644
25690,-190.78555
25691,-194.41252
25692,-198.22272
25693,-201.47858
25694,-203.52086
25695,-204.14511
25696,-203.7635
25697,-202.81375
25698,-201.70493
25699,-200.84618
25700,-200.64673
25701,-201.51558
25702,-203.86151
25703,-208.09279
25704,-211.67372
25705,-210.5414
25706,-207.80699
25707,-203.66669
25708,-198.62466
25709,-198.18594
25710,-192.85579
25711,-183.13951
25712,-179.54224
25713,-177.56868
25714,-177.6301
25715,-179.59694
25716,-182.60785
25717,-185.77306
25718,-188.23822
25719,-189.25214
25720,-188.66292
25721,-187.13138
25722,-185.35152
25723,-183.97925
25724,-183.59099
25725,-184.30093
25726,-185.5971
25727,-186.94249
25728,-187.83003
25729,-187.80847
25730,-186.75113
25731,-184.97147
25732,-182.80089
25733,-180.55006
25734,-178.4993
25735,-176.75139
25736,-175.16873
25737,-173.6041
25738,-171.92157
25739,-170.01532
25740,-167.95348
25741,-166.0402
25742,-164.58894
25743,-163.9019
25744,-164.2394
25745,-165.61943
25746,-167.73164
25747,-170.25305
25748,-172.87646
25749,-175.29477
25750,-177.20084
25751,-178.28758
25752,-178.24767
25753,-176.77364
25754,-178.55313
25755,-191.82925
25756,-189.85948
25757,-190.53697
25758,-189.53857
25759,-187.54237
25760,-185.22745
25761,-183.27318
25762,-182.35919
25763,-183.16467
25764,-186.23096
25765,-191.30125
25766,-202.03905
25767,-207.06635
25768,-205.057
25769,-204.87175
25770,-201.46219
25771,-196.26265
25772,-195.77191
25773,-186.42068
25774,-184.47607
25775,-185.25404
25776,-187.78278
25777,-191.03941
25778,-194.0632
25779,-195.98335
25780,-196.44852
25781,-195.8114
25782,-194.45348
25783,-192.7232
25784,-190.95695
25785,-189.4199
25786,-188.28044
25787,-187.70297
25788,-187.85643
25789,-188.87308
25790,-190.67255
25791,-192.88649
25792,-195.13516
25793,-197.05252
25794,-198.31091
25795,-198.80557
25796,-198.73393
25797,-198.30579
25798,-197.71681
25799,-197.1627
25800,-196.8392
25801,-196.94202
25802,-197.66676
25803,-199.20906
25804,-204.07822
25805,-217.50212
25806,-216.42314
25807,-218.00623
25808,-217.80986
25809,-216.3937
25810,-214.3183
25811,-212.14497
25812,-210.43529
25813,-209.75076
25814,-210.5496
25815,-212.6914
25816,-215.22418
25817,-217.16278
25818,-217.5603
25819,-215.59346
25820,-211.16162
25821,-210.14677
25822,-203.4747
25823,-197.02617
25824,-191.61589
25825,-182.67229
25826,-180.0998
25827,-178.78122
25828,-178.62419
25829,-179.50977
25830,-181.16325
25831,-183.09929
25832,-184.82422
25833,-185.85452
25834,-185.78107
25835,-184.62726
25836,-183.00311
25837,-181.54272
25838,-180.8524
25839,-181.45833
25840,-183.4212
25841,-186.17155
25842,-189.11513
25843,-191.68787
25844,-193.38019
25845,-193.99834
25846,-193.77655
25847,-192.96652
25848,-191.7998
25849,-190.50804
25850,-189.323
25851,-188.47635
25852,-188.19986
25853,-188.72511
25854,-188.63979
25855,-186.038
25856,-183.2886
25857,-180.29195
25858,-177.26549
25859,-174.42677
25860,-171.99327
25861,-170.18243
25862,-169.21164
25863,-169.29813
25864,-170.60538
25865,-172.98466
25866,-175.8649
25867,-178.6586
25868,-180.79866
25869,-181.79425
25870,-181.59831
25871,-180.76509
25872,-179.87325
25873,-179.47287
25874,-180.05136
25875,-181.73056
25876,-184.13759
25877,-186.87987
25878,-189.58875
25879,-191.9158
25880,-193.63126
25881,-194.66573
25882,-194.95609
25883,-194.43178
25884,-193.04875
25885,-190.91913
25886,-188.36647
25887,-185.72324
25888,-183.31195
25889,-181.42586
25890,-180.1876
25891,-179.48883
25892,-179.21179
25893,-179.24982
25894,-179.49875
25895,-179.86916
25896,-180.29153
25897,-180.69714
25898,-181.01627
25899,-181.17924
25900,-181.11644
25901,-180.7581
25902,-180.03453
25903,-178.87602
25904,-179.1133
25905,-181.90305
25906,-182.56697
25907,-182.21605
25908,-181.08339
25909,-179.40218
25910,-177.40584
25911,-175.3278
25912,-173.40157
25913,-171.86067
25914,-170.90294
25915,-170.5192
25916,-170.41988
25917,-170.30437
25918,-169.88539
25919,-168.91939
25920,-167.41652
25921,-165.73079
25922,-164.22984
25923,-163.26492
25924,-163.14508
25925,-163.93402
25926,-165.36337
25927,-167.15184
25928,-169.03416
25929,-170.76807
25930,-172.24518
25931,-173.53831
25932,-174.72743
25933,-175.8838
25934,-177.08145
25935,-178.41006
25936,-179.98074
25937,-181.90532
25938,-184.29462
25939,-187.22656
25940,-190.58783
25941,-194.00636
25942,-197.0998
25943,-199.49811
25944,-200.87073
25945,-201.11655
25946,-200.44589
25947,-199.08202
25948,-197.23354
25949,-195.10927
25950,-192.91809
25951,-190.86893
25952,-189.17072
25953,-188.0323
25954,-187.27632
25955,-186.35565
25956,-185.46898
25957,-184.69502
25958,-184.11186
25959,-183.79742
25960,-183.82976
25961,-184.2868
25962,-185.24652
25963,-186.7868
25964,-188.95525
25965,-191.6231
25966,-194.4228
25967,-196.97751
25968,-198.92157
25969,-199.92274
25970,-199.84267
25971,-198.80618
25972,-196.94897
25973,-194.39433
25974,-191.29784
25975,-188.00171
25976,-185.10133
25977,-183.20251
25978,-182.89879
25979,-184.65996
25980,-188.23941
25981,-192.42102
25982,-195.95105
25983,-197.62213
25984,-196.40283
25985,-192.28806
25986,-191.66727
25987,-185.98965
25988,-176.63974
25989,-174.83513
25990,-175.82518
25991,-178.54877
25992,-181.89366
25993,-184.81099
25994,-186.35042
25995,-186.13167
25996,-184.54701
25997,-182.01985
25998,-178.9374
25999,-175.68701
26000,-172.65627
26001,-170.23271
26002,-168.80374
26003,-168.75656
26004,-170.24303
26005,-172.4643
26006,-174.35124
26007,-176.10292
26008,-177.69626
26009,-179.10822
26010,-180.31573
26011,-181.29573
26012,-182.02515
26013,-182.48091
26014,-182.64513
26015,-182.53027
26016,-182.18976
26017,-181.67868
26018,-181.05017
26019,-180.35553
26020,-179.63486
26021,-178.91313
26022,-178.21472
26023,-177.56474
26024,-176.98259
26025,-176.45435
26026,-175.92108
26027,-175.32199
26028,-174.59854
26029,-173.70671
26030,-172.68777
26031,-171.69835
26032,-170.89973
26033,-170.44762
26034,-170.47133
26035,-170.94644
26036,-171.64037
26037,-172.31229
26038,-172.73143
26039,-172.69601
26040,-172.17291
26041,-171.35759
26042,-170.4546
26043,-169.6577
26044,-169.14307
26045,-168.98592
26046,-169.12418
26047,-169.49052
26048,-170.02412
26049,-170.66411
26050,-171.34972
26051,-172.02014
26052,-172.61452
26053,-173.07207
26054,-173.27963
26055,-173.28732
26056,-173.44156
26057,-173.64473
26058,-173.87108
26059,-174.09488
26060,-174.29033
26061,-174.43169
26062,-174.49318
26063,-174.44908
26064,-174.28342
26065,-174.03714
26066,-173.82841
26067,-173.77834
26068,-174.00444
26069,-174.6049
26070,-175.56569
26071,-176.72089
26072,-177.89856
26073,-178.93404
26074,-179.67528
26075,-180.04391
26076,-180.06125
26077,-179.75249
26078,-179.13823
26079,-178.2611
26080,-177.29239
26081,-176.57771
26082,-176.4696
26083,-177.31221
26084,-179.37288
26085,-182.47276
26086,-185.8294
26087,-188.63676
26088,-190.11765
26089,-189.61235
26090,-187.14653
26091,-183.67584
26092,-180.19469
26093,-177.654
26094,-176.89876
26095,-178.15883
26096,-180.8313
26097,-184.28047
26098,-187.91089
26099,-191.1274
26100,-193.33492
26101,-193.93808
26102,-192.3409
26103,-187.94633
26104,-186.50282
26105,-198.7653
26106,-197.71642
26107,-200.52571
26108,-202.32277
26109,-203.23721
26110,-203.39885
26111,-202.93745
26112,-201.98303
26113,-200.66559
26114,-199.10938
26115,-197.40508
26116,-195.59761
26117,-193.73006
26118,-191.84764
26119,-190.00043
26120,-188.26698
26121,-186.76422
26122,-185.61073
26123,-184.92319
26124,-184.78815
26125,-185.11699
26126,-185.58398
26127,-185.8537
26128,-185.60217
26129,-184.54381
26130,-182.61703
26131,-180.06409
26132,-177.1396
26133,-174.08391
26134,-171.13225
26135,-168.48999
26136,-166.32205
26137,-164.7916
26138,-164.06377
26139,-164.27632
26140,-165.40884
26141,-167.22665
26142,-169.48672
26143,-171.95647
26144,-174.41377
26145,-176.69748
26146,-178.72893
26147,-180.43274
26148,-181.72954
26149,-182.53993
26150,-182.78448
26151,-182.38376
26152,-181.25827
26153,-179.32846
26154,-178.79866
26155,-181.55927
26156,-182.82712
26157,-183.57657
26158,-183.93652
26159,-184.03607
26160,-184.00429
26161,-183.97028
26162,-184.06316
26163,-184.41203
26164,-185.12387
26165,-186.177
26166,-187.37543
26167,-188.51628
26168,-189.40485
26169,-189.86781
26170,-189.85583
26171,-189.48758
26172,-188.88857
26173,-188.17632
26174,-187.46173
26175,-186.8163
26176,-186.25839
26177,-185.80408
26178,-185.47209
26179,-185.27217
26180,-185.16234
26181,-185.03046
26182,-184.76166
26183,-184.2443
26184,-183.39345
26185,-182.27945
26186,-181.18303
26187,-180.39346
26188,-180.18994
26189,-180.81862
26190,-182.33382
26191,-184.52986
26192,-187.19087
26193,-190.11339
26194,-193.09259
26195,-195.91483
26196,-198.35454
26197,-200.18573
26198,-201.1828
26199,-201.12
26200,-199.77142
26201,-196.91093
26202,-192.31201
26203,-190.748
26204,-185.82043
26205,-181.47556
26206,-181.12419
26207,-180.8478
26208,-180.65526
26209,-180.55542
26210,-180.5572
26211,-180.66946
26212,-180.90111
26213,-181.26097
26214,-181.74823
26215,-182.30534
26216,-182.79805
26217,-183.08911
26218,-183.04475
26219,-182.56058
26220,-181.70235
26221,-180.76637
26222,-180.05838
26223,-179.87306
26224,-180.45695
26225,-181.77646
26226,-183.41862
26227,-184.95558
26228,-185.97751
26229,-186.1225
26230,-185.30736
26231,-183.82661
26232,-181.99023
26233,-180.0904
26234,-178.39696
26235,-177.04987
26236,-176.01288
26237,-175.24277
26238,-174.70462
26239,-174.3694
26240,-174.24234
26241,-174.375
26242,-174.82079
26243,-175.63086
26244,-176.8393
26245,-178.38066
26246,-180.0548
26247,-181.65634
26248,-182.98624
26249,-183.84549
26250,-184.03506
26251,-183.35582
26252,-181.60841
26253,-178.59346
26254,-179.55577
26255,-192.81407
26256,-190.01408
26257,-189.42654
26258,-186.7957
26259,-182.86739
26260,-178.38876
26261,-174.1076
26262,-170.77191
26263,-169.12926
26264,-169.81349
26265,-172.80064
26266,-177.17654
26267,-181.993
26268,-186.34497
26269,-189.42262
26270,-190.96649
26271,-191.46289
26272,-191.42813
26273,-191.34355
26274,-191.64462
26275,-192.50012
26276,-193.71698
26277,-195.08759
26278,-196.4214
26279,-197.53725
26280,-198.3075
26281,-198.67714
26282,-198.59416
26283,-198.00308
26284,-196.8553
26285,-195.14244
26286,-192.91066
26287,-190.2084
26288,-187.08154
26289,-183.59892
26290,-179.96312
26291,-176.55779
26292,-173.77403
26293,-171.99417
26294,-171.54929
26295,-172.47356
26296,-174.3991
26297,-176.94241
26298,-179.73927
26299,-182.42574
26300,-184.63785
26301,-186.01164
26302,-186.18298
26303,-184.78737
26304,-182.16124
26305,-180.16504
26306,-179.92075
26307,-180.76057
26308,-182.36652
26309,-184.4207
26310,-186.60544
26311,-188.60324
26312,-190.09659
26313,-190.76784
26314,-190.35081
26315,-188.87929
26316,-186.79356
26317,-184.55086
26318,-182.58931
26319,-181.29684
26320,-180.76927
26321,-180.70665
26322,-180.79323
26323,-180.7321
26324,-180.25914
26325,-179.30022
26326,-178.03893
26327,-176.66917
26328,-175.37271
26329,-174.32039
26330,-173.62012
26331,-173.29434
26332,-173.36215
26333,-173.84665
26334,-174.75374
26335,-175.98866
26336,-177.32068
26337,-178.51363
26338,-179.33783
26339,-179.59373
26340,-179.25662
26341,-178.53857
26342,-177.66142
26343,-176.83562
26344,-176.25023
26345,-175.97012
26346,-175.89151
26347,-175.904
26348,-175.90524
26349,-175.79282
26350,-175.46437
26351,-174.8175
26352,-173.74982
26353,-172.15887
26354,-173.19783
26355,-178.80919
26356,-180.88731
26357,-181.34547
26358,-180.57346
26359,-178.96149
26360,-176.90015
26361,-174.7802
26362,-172.99258
26363,-171.92818
26364,-171.92595
26365,-173.02393
26366,-174.85262
26367,-177.02655
26368,-179.17987
26369,-180.9697
26370,-182.18585
26371,-182.79817
26372,-182.7835
26373,-182.11009
26374,-180.78224
26375,-179.01363
26376,-177.30174
26377,-176.15561
26378,-176.07072
26379,-177.45706
26380,-180.22935
26381,-183.6319
26382,-186.88283
26383,-189.23267
26384,-190.01791
26385,-189.07625
26386,-186.92479
26387,-184.10866
26388,-181.14122
26389,-178.49953
26390,-176.4483
26391,-174.96436
26392,-174.01283
26393,-173.57268
26394,-173.61223
26395,-174.03929
26396,-174.67934
26397,-175.35468
26398,-175.89159
26399,-176.11621
26400,-175.85483
26401,-174.93358
26402,-173.17856
26403,-170.41579
26404,-168.67198
26405,-169.8495
26406,-169.61446
26407,-168.88564
26408,-167.81363
26409,-166.54895
26410,-165.24222
26411,-164.04402
26412,-163.105
26413,-162.57573
26414,-162.58284
26415,-163.11372
26416,-163.96725
26417,-164.93506
26418,-165.81775
26419,-166.4475
26420,-166.8399
26421,-167.25897
26422,-167.9784
26423,-169.26006
26424,-171.31317
26425,-174.04192
26426,-176.93715
26427,-179.47388
26428,-181.14673
26429,-181.51585
26430,-180.52217
26431,-178.6229
26432,-176.29634
26433,-173.99641
26434,-172.15106
26435,-171.03629
26436,-170.7223
26437,-171.27098
26438,-172.75398
26439,-175.1913
26440,-178.30272
26441,-181.40182
26442,-183.78633
26443,-184.77336
26444,-183.7747
26445,-180.75464
26446,-176.4274
26447,-171.53822
26448,-166.79742
26449,-162.91528
26450,-160.60182
26451,-160.56654
26452,-163.51822
26453,-175.16452
26454,-182.75128
26455,-181.41751
26456,-184.22565
26457,-186.02943
26458,-187.02386
26459,-187.40416
26460,-187.36562
26461,-187.10356
26462,-186.81346
26463,-186.69077
26464,-186.91049
26465,-187.52869
26466,-188.4402
26467,-189.53337
26468,-190.70427
26469,-191.8512
26470,-192.88573
26471,-193.73737
26472,-194.33629
26473,-194.61183
26474,-194.50676
26475,-194.04164
26476,-193.3427
26477,-192.54054
26478,-191.76076
26479,-191.1093
26480,-190.57774
26481,-190.00284
26482,-189.21483
26483,-188.05144
26484,-186.37808
26485,-184.22185
26486,-181.82918
26487,-179.45537
26488,-177.34546
26489,-175.7204
26490,-174.66173
26491,-174.06189
26492,-173.80594
26493,-173.78787
26494,-173.91083
26495,-174.13121
26496,-174.47743
26497,-174.98077
26498,-175.66911
26499,-176.57025
26500,-177.712
26501,-179.12225
26502,-180.82877
26503,-182.8594
26504,-182.94643
26505,-179.7586
26506,-179.11946
26507,-179.59999
26508,-180.87389
26509,-182.61514
26510,-184.49796
26511,-186.19661
26512,-187.38536
26513,-187.73846
26514,-186.98772
26515,-185.20065
26516,-182.89998
26517,-180.62714
26518,-178.90218
26519,-178.17441
26520,-178.48193
26521,-179.30617
26522,-180.10646
26523,-180.36874
26524,-179.65184
26525,-177.93819
26526,-175.78465
26527,-173.77132
26528,-172.45108
26529,-172.30305
26530,-173.3776
26531,-175.1448
26532,-177.05197
26533,-178.5743
26534,-179.24222
26535,-178.90695
26536,-177.85432
26537,-176.38765
26538,-174.7897
26539,-173.32797
26540,-172.18077
26541,-171.40558
26542,-171.05507
26543,-171.18764
26544,-171.8487
26545,-173.00862
26546,-174.53604
26547,-176.29562
26548,-178.15689
26549,-179.98936
26550,-181.66267
26551,-183.04637
26552,-184.01
26553,-184.42308
26554,-182.6805
26555,-178.60272
26556,-177.28067
26557,-177.34666
26558,-178.44849
26559,-180.2343
26560,-182.35248
26561,-184.4516
26562,-186.18031
26563,-187.18723
26564,-187.17213
26565,-186.13248
26566,-184.46968
26567,-182.6016
26568,-180.9271
26569,-179.79619
26570,-179.27382
26571,-179.03893
26572,-178.75504
26573,-178.104
26574,-176.81873
26575,-174.92825
26576,-172.8633
26577,-171.07079
26578,-169.97849
26579,-169.95676
26580,-171.04272
26581,-172.82227
26582,-174.86372
26583,-176.75708
26584,-178.13068
26585,-178.8356
26586,-179.02454
26587,-178.86217
26588,-178.49884
26589,-178.08038
26590,-177.7258
26591,-177.51807
26592,-177.5386
26593,-177.8705
26594,-178.58131
26595,-179.64784
26596,-180.92406
26597,-182.25902
26598,-183.50763
26599,-184.52493
26600,-185.16579
26601,-185.28514
26602,-184.7379
26603,-183.37874
26604,-183.99072
26605,-188.49873
26606,-190.04631
26607,-190.4121
26608,-190.06789
26609,-189.48587
26610,-189.13855
26611,-189.49835
26612,-191.0377
26613,-194.22853
26614,-199.41046
26615,-211.1566
26616,-218.00354
26617,-223.44753
26618,-221.03374
26619,-219.5159
26620,-213.87184
26621,-210.7466
26622,-201.8617
26623,-193.86395
26624,-188.2309
26625,-180.45369
26626,-179.68723
26627,-180.03256
26628,-180.6551
26629,-180.80104
26630,-180.18234
26631,-179.14198
26632,-178.0483
26633,-177.23967
26634,-177.01363
26635,-177.43045
26636,-178.22879
26637,-179.1347
26638,-179.88947
26639,-180.26984
26640,-180.25795
26641,-180.11444
26642,-180.111
26643,-180.50618
26644,-181.5243
26645,-183.19157
26646,-185.26561
26647,-187.49345
26648,-189.63503
26649,-191.45021
26650,-192.69887
26651,-193.14084
26652,-192.53574
26653,-190.64308
26654,-189.51721
26655,-191.42317
26656,-192.36443
26657,-193.0145
26658,-193.38895
26659,-193.50345
26660,-193.37358
26661,-193.01503
26662,-192.44345
26663,-191.67442
26664,-190.73784
26665,-189.74586
26666,-188.9225
26667,-188.49626
26668,-188.69028
26669,-189.68037
26670,-191.36758
26671,-193.28046
26672,-194.93285
26673,-195.85622
26674,-195.65483
26675,-194.35698
26676,-192.56593
26677,-190.90904
26678,-189.98656
26679,-190.29921
26680,-191.76984
26681,-193.53851
26682,-194.71396
26683,-194.44203
26684,-192.0047
26685,-187.47816
26686,-187.01738
26687,-181.82281
26688,-173.0445
26689,-171.68712
26690,-172.91393
26691,-175.74944
26692,-179.17387
26693,-182.22267
26694,-184.02618
26695,-184.26416
26696,-183.36082
26697,-181.77036
26698,-179.91185
26699,-178.20462
26700,-177.06795
26701,-176.9211
26702,-178.18312
26703,-181.27263
26704,-180.44078
26705,-176.30664
26706,-167.772
26707,-166.7401
26708,-167.65085
26709,-169.94524
26710,-173.06508
26711,-176.45255
26712,-179.55011
26713,-181.80038
26714,-182.72102
26715,-182.26665
26716,-180.98438
26717,-179.44522
26718,-178.19246
26719,-177.71492
26720,-178.18529
26721,-179.34799
26722,-180.93036
26723,-182.6802
26724,-184.35333
26725,-185.75066
26726,-186.73453
26727,-187.16963
26728,-186.91772
26729,-185.87604
26730,-184.14876
26731,-182.12051
26732,-180.18748
26733,-178.73265
26734,-178.09282
26735,-178.33719
26736,-179.17244
26737,-180.29086
26738,-181.40207
26739,-182.24147
26740,-182.69382
26741,-182.84615
26742,-182.79362
26743,-182.62181
26744,-182.40738
26745,-182.17503
26746,-181.87915
26747,-181.47136
26748,-180.90651
26749,-180.13951
26750,-179.1253
26751,-177.8187
26752,-176.17464
26753,-174.14792
26754,-174.4695
26755,-178.99567
26756,-181.06186
26757,-182.0583
26758,-182.16588
26759,-181.56555
26760,-180.43843
26761,-178.96568
26762,-177.32861
26763,-175.70851
26764,-174.26805
26765,-173.06125
26766,-171.99507
26767,-170.97058
26768,-169.89583
26769,-168.70552
26770,-167.48912
26771,-166.54573
26772,-166.18272
26773,-166.69743
26774,-168.32942
26775,-170.98335
26776,-174.11073
26777,-177.14545
26778,-179.5433
26779,-180.83157
26780,-180.95361
26781,-180.41646
26782,-179.74986
26783,-179.45691
26784,-179.97087
26785,-181.31848
26786,-182.9761
26787,-184.3983
26788,-185.06583
26789,-184.52728
26790,-182.726
26791,-180.14069
26792,-177.27185
26793,-174.59496
26794,-172.54721
26795,-171.34352
26796,-170.89778
26797,-171.11172
26798,-171.90157
26799,-173.1835
26800,-174.87384
26801,-176.8888
26802,-179.14465
26803,-181.55783
26804,-183.26802
26805,-183.17169
26806,-182.30539
26807,-180.79724
26808,-178.8731
26809,-176.75897
26810,-174.6809
26811,-172.86494
26812,-171.53719
26813,-170.92357
26814,-171.20589
26815,-172.3096
26816,-173.81291
26817,-175.28062
26818,-176.29407
26819,-176.48955
26820,-175.82307
26821,-174.6838
26822,-173.4782
26823,-172.59225
26824,-172.37358
26825,-172.94699
26826,-174.13545
26827,-175.75006
26828,-177.61632
26829,-179.5631
26830,-181.4383
26831,-183.11566
26832,-184.46999
26833,-185.37466
26834,-185.73335
26835,-185.62492
26836,-185.36584
26837,-185.28217
26838,-185.68877
26839,-186.84377
26840,-188.67587
26841,-190.66777
26842,-192.28433
26843,-193.01164
26844,-192.39813
26845,-190.3556
26846,-187.28902
26847,-183.62381
26848,-179.76239
26849,-176.10733
26850,-173.06122
26851,-171.02638
26852,-170.40508
26853,-171.59908
26854,-174.47545
26855,-176.66533
26856,-175.59354
26857,-172.58359
26858,-168.2501
26859,-163.20874
26860,-163.07558
26861,-153.4668
26862,-149.99844
26863,-148.28607
26864,-148.83743
26865,-151.53445
26866,-155.41255
26867,-159.47495
26868,-162.766
26869,-164.43828
26870,-164.27269
26871,-162.90106
26872,-160.98868
26873,-159.16045
26874,-157.98312
26875,-157.68376
26876,-158.02948
26877,-158.76953
26878,-159.67522
26879,-160.52997
26880,-161.18741
26881,-161.59613
26882,-161.70847
26883,-161.4722
26884,-160.85258
26885,-159.9166
26886,-158.86908
26887,-157.92027
26888,-157.27376
26889,-157.10928
26890,-157.46771
26891,-158.20178
26892,-159.15701
26893,-160.18796
26894,-161.15521
26895,-161.95456
26896,-162.5296
26897,-162.82571
26898,-162.78593
26899,-162.35344
26900,-161.47124
26901,-160.08238
26902,-158.12996
26903,-155.55704
26904,-153.22014
26905,-152.56192
26906,-152.8395
26907,-153.88736
26908,-155.50371
26909,-157.48688
26910,-159.63525
26911,-161.74718
26912,-163.62108
26913,-165.05539
26914,-165.88014
26915,-166.10916
26916,-166.00519
26917,-165.84084
26918,-165.87688
26919,-166.34906
26920,-167.34856
26921,-168.77042
26922,-170.50212
26923,-172.44046
26924,-174.48288
26925,-176.52998
26926,-178.48686
26927,-180.25868
26928,-181.75044
26929,-182.88007
26930,-183.6405
26931,-184.12642
26932,-184.43665
26933,-184.66512
26934,-184.89491
26935,-185.14601
26936,-185.35283
26937,-185.44627
26938,-185.36137
26939,-185.04036
26940,-184.4673
26941,-183.68323
26942,-182.73132
26943,-181.65218
26944,-180.49173
26945,-179.3273
26946,-178.27863
26947,-177.46721
26948,-177.01244
26949,-177.03374
26950,-177.65048
26951,-178.98204
26952,-181.1476
26953,-184.26642
26954,-183.38997
26955,-180.07224
26956,-171.29558
26957,-169.42273
26958,-169.00475
26959,-169.59346
26960,-170.7412
26961,-172.0005
26962,-172.9241
26963,-173.06474
26964,-172.04321
26965,-169.87715
26966,-167.12209
26967,-164.3551
26968,-162.12778
26969,-160.92604
26970,-160.854
26971,-161.499
26972,-162.4283
26973,-163.2339
26974,-163.57303
26975,-163.48094
26976,-163.50494
26977,-164.21252
26978,-166.14642
26979,-169.74515
26980,-174.84209
26981,-185.45221
26982,-190.55931
26983,-189.1868
26984,-190.48853
26985,-189.37848
26986,-186.80194
26987,-183.74696
26988,-181.15364
26989,-179.86684
26990,-180.17673
26991,-181.62187
26992,-183.71097
26993,-185.98878
26994,-188.02675
26995,-189.55032
26996,-190.49355
26997,-190.7987
26998,-190.39824
26999,-189.22441
27000,-187.20953
27001,-184.28592
27002,-180.38568
27003,-175.44113
27004,-172.5578
27005,-174.56769
27006,-175.10396
27007,-175.34886
27008,-175.39043
27009,-175.31668
27010,-175.21564
27011,-175.17538
27012,-175.28392
27013,-175.62926
27014,-176.28357
27015,-177.22647
27016,-178.31233
27017,-179.39056
27018,-180.31654
27019,-180.95738
27020,-181.24776
27021,-181.21416
27022,-180.88675
27023,-180.29126
27024,-179.46246
27025,-178.4874
27026,-177.52383
27027,-176.73247
27028,-176.27061
27029,-176.26526
27030,-176.66762
27031,-177.19073
27032,-177.53822
27033,-177.42502
27034,-176.612
27035,-175.12674
27036,-173.3585
27037,-171.7111
27038,-170.57115
27039,-170.267
27040,-170.78813
27041,-171.66528
27042,-172.41116
27043,-172.56053
27044,-171.70795
27045,-169.79659
27046,-167.24208
27047,-164.4789
27048,-161.91925
27049,-159.97525
27050,-159.05899
27051,-159.58223
27052,-161.95667
27053,-166.59348
27054,-169.85835
27055,-168.04285
27056,-168.62497
27057,-170.06084
27058,-172.11201
27059,-174.54031
27060,-177.10751
27061,-179.57552
27062,-181.70628
27063,-183.26173
27064,-184.04362
27065,-184.0858
27066,-183.7367
27067,-183.35742
27068,-183.29424
27069,-183.84207
27070,-184.997
27071,-186.3504
27072,-187.47754
27073,-187.97293
27074,-187.49016
27075,-186.02661
27076,-184.04607
27077,-182.03137
27078,-180.4434
27079,-179.69212
27080,-179.89157
27081,-180.75473
27082,-181.97882
27083,-183.28006
27084,-184.40144
27085,-185.24078
27086,-185.90543
27087,-186.51122
27088,-187.16397
27089,-187.95027
27090,-188.84506
27091,-189.67165
27092,-190.2474
27093,-190.39673
27094,-189.9689
27095,-188.95741
27096,-187.55136
27097,-185.94788
27098,-184.33493
27099,-182.9004
27100,-181.83228
27101,-181.31842
27102,-181.54668
27103,-182.70477
27104,-184.78612
27105,-186.90936
27106,-188.02118
27107,-188.5374
27108,-188.61089
27109,-188.39444
27110,-188.04108
27111,-187.70369
27112,-187.53534
27113,-187.68895
27114,-188.28133
27115,-189.21887
27116,-190.1231
27117,-190.60399
27118,-190.28499
27119,-188.86778
27120,-186.50925
27121,-183.98392
27122,-182.09186
27123,-181.60379
27124,-183.1545
27125,-186.59111
27126,-190.69472
27127,-194.20505
27128,-195.91292
27129,-194.7708
27130,-190.67525
27131,-189.80505
27132,-183.39383
27133,-177.61589
27134,-168.54066
27135,-166.62698
27136,-166.5069
27137,-167.77979
27138,-170.08481
27139,-173.0617
27140,-176.35242
27141,-179.60167
27142,-182.45439
27143,-184.55539
27144,-185.58894
27145,-185.46904
27146,-184.42137
27147,-182.68413
27148,-180.48093
27149,-178.03552
27150,-175.5717
27151,-173.3133
27152,-171.48412
27153,-170.30788
27154,-171.20853
27155,-173.95251
27156,-173.66806
27157,-171.91696
27158,-169.22603
27159,-166.12247
27160,-163.13396
27161,-160.78806
27162,-159.61235
27163,-160.13403
27164,-162.76343
27165,-167.23305
27166,-172.35838
27167,-176.9203
27168,-179.7441
27169,-179.80315
27170,-176.9342
27171,-172.14539
27172,-171.49303
27173,-165.97899
27174,-156.51971
27175,-153.5336
27176,-151.76459
27177,-150.93016
27178,-150.78024
27179,-151.07886
27180,-151.67134
27181,-152.51297
27182,-153.56334
27183,-154.77669
27184,-156.11116
27185,-157.54677
27186,-159.09335
27187,-160.76189
27188,-162.56197
27189,-164.49178
27190,-166.48415
27191,-168.38321
27192,-170.02956
27193,-171.2681
27194,-171.9659
27195,-172.11876
27196,-171.897
27197,-171.47786
27198,-171.03024
27199,-170.72314
27200,-170.72556
27201,-171.20636
27202,-172.3345
27203,-174.2788
27204,-176.62872
27205,-178.40193
27206,-179.74107
27207,-180.68513
27208,-181.25743
27209,-181.48128
27210,-181.37994
27211,-180.97684
27212,-180.29523
27213,-179.3585
27214,-178.19724
27215,-176.8841
27216,-175.54875
27217,-174.32329
27218,-173.33694
27219,-172.70311
27220,-172.44289
27221,-172.45218
27222,-172.62198
27223,-172.84924
27224,-173.03932
27225,-173.1457
27226,-173.18729
27227,-173.18552
27228,-173.15877
27229,-173.11133
27230,-172.96558
27231,-172.53296
27232,-171.62062
27233,-170.04077
27234,-167.65648
27235,-164.62581
27236,-161.5068
27237,-158.87343
27238,-157.28061
27239,-157.21202
27240,-158.73917
27241,-161.37553
27242,-164.61319
27243,-167.97108
27244,-171.00273
27245,-173.46149
27246,-175.37093
27247,-176.76518
27248,-177.66547
27249,-178.09302
27250,-178.06903
27251,-177.61472
27252,-176.75134
27253,-175.50012
27254,-175.51846
27255,-177.69412
27256,-177.7309
27257,-176.71828
27258,-174.92104
27259,-172.60422
27260,-170.03299
27261,-167.47256
27262,-165.1882
27263,-163.44518
27264,-162.47548
27265,-162.31873
27266,-162.75377
27267,-163.54936
27268,-164.48676
27269,-165.36655
27270,-166.10147
27271,-166.75607
27272,-167.40079
27273,-168.0989
27274,-168.89851
27275,-169.75992
27276,-170.52455
27277,-171.02917
27278,-171.11618
27279,-170.66638
27280,-169.78343
27281,-168.87329
27282,-168.35384
27283,-168.62856
27284,-170.033
27285,-172.50908
27286,-175.46553
27287,-178.29059
27288,-180.39806
27289,-181.26936
27290,-180.77979
27291,-179.33813
27292,-177.37488
27293,-175.29524
27294,-173.47008
27295,-172.06871
27296,-170.98764
27297,-170.11243
27298,-169.34169
27299,-168.57399
27300,-167.70793
27301,-166.64214
27302,-165.27519
27303,-163.50572
27304,-164.70386
27305,-176.1202
27306,-174.38469
27307,-176.35413
27308,-177.33963
27309,-177.6526
27310,-177.60454
27311,-177.50713
27312,-177.67215
27313,-178.41133
27314,-179.9712
27315,-182.22008
27316,-184.51375
27317,-186.18808
27318,-186.60304
27319,-185.24254
27320,-182.31186
27321,-178.99535
27322,-176.51772
27323,-176.0573
27324,-178.59218
27325,-183.94186
27326,-195.3587
27327,-201.03563
27328,-199.2413
27329,-198.47685
27330,-193.6006
27331,-191.31578
27332,-183.40598
27333,-176.57027
27334,-167.31105
27335,-165.9875
27336,-166.41138
27337,-167.33401
27338,-167.58148
27339,-166.13339
27340,-162.86049
27341,-158.84135
27342,-155.20284
27343,-153.01428
27344,-153.2189
27345,-156.0295
27346,-160.67018
27347,-171.3274
27348,-177.23558
27349,-182.62971
27350,-181.74503
27351,-183.81656
27352,-183.07835
27353,-178.76306
27354,-178.18997
27355,-171.22314
27356,-171.14185
27357,-172.58134
27358,-175.13371
27359,-178.39143
27360,-181.94731
27361,-185.3943
27362,-188.32552
27363,-190.33395
27364,-191.05437
27365,-190.36424
27366,-188.47061
27367,-185.594
27368,-181.93953
27369,-177.72794
27370,-173.26974
27371,-168.99721
27372,-165.34749
27373,-162.75175
27374,-161.57182
27375,-161.76717
27376,-162.75273
27377,-163.92233
27378,-164.69614
27379,-164.56517
27380,-163.43271
27381,-161.76045
27382,-160.03221
27383,-158.70511
27384,-158.18
27385,-158.53018
27386,-159.38559
27387,-160.35893
27388,-161.08429
27389,-161.237
27390,-160.7326
27391,-159.81204
27392,-158.72888
27393,-157.72127
27394,-157.00246
27395,-156.64119
27396,-156.51054
27397,-156.47594
27398,-156.41223
27399,-156.1942
27400,-155.69673
27401,-154.7946
27402,-153.36263
27403,-151.27559
27404,-151.58253
27405,-156.92166
27406,-160.60387
27407,-163.7499
27408,-166.33826
27409,-168.34743
27410,-169.75589
27411,-170.54205
27412,-170.68437
27413,-170.16122
27414,-168.9633
27415,-167.15256
27416,-164.88766
27417,-162.3311
27418,-159.64081
27419,-156.9892
27420,-154.63235
27421,-152.93993
27422,-152.28581
27423,-153.03844
27424,-155.49513
27425,-159.54193
27426,-164.50798
27427,-174.7014
27428,-174.4574
27429,-178.16966
27430,-180.57025
27431,-181.84946
27432,-182.21542
27433,-181.85463
27434,-180.95622
27435,-179.72435
27436,-178.38332
27437,-177.15842
27438,-176.2739
27439,-175.92873
27440,-176.17494
27441,-176.86555
27442,-177.84563
27443,-178.96977
27444,-180.10109
27445,-181.15143
27446,-182.09874
27447,-182.92375
27448,-183.60391
27449,-184.11665
27450,-184.43956
27451,-184.54999
27452,-184.4255
27453,-184.04352
27454,-183.50221
27455,-183.3191
27456,-183.9196
27457,-184.91006
27458,-186.05042
27459,-187.10068
27460,-187.82094
27461,-187.97112
27462,-187.31122
27463,-185.60097
27464,-182.67192
27465,-178.77356
27466,-174.72249
27467,-171.35863
27468,-169.4949
27469,-169.81413
27470,-172.2456
27471,-175.6991
27472,-179.04504
27473,-181.20319
27474,-181.23752
27475,-179.05133
27476,-175.6863
27477,-172.23059
27478,-169.71902
27479,-169.04852
27480,-170.31561
27481,-172.53323
27482,-174.67236
27483,-175.75594
27484,-174.9446
27485,-172.1991
27486,-168.56537
27487,-165.13335
27488,-162.94171
27489,-162.89398
27490,-165.11032
27491,-168.65077
27492,-172.53456
27493,-175.83237
27494,-177.70923
27495,-177.87807
27496,-176.79388
27497,-174.94122
27498,-172.7697
27499,-170.72917
27500,-169.26949
27501,-168.84041
27502,-169.89146
27503,-172.87193
27504,-173.69215
27505,-168.75777
27506,-167.46896
27507,-167.7728
27508,-169.3091
27509,-171.71797
27510,-174.6399
27511,-177.71545
27512,-180.58543
27513,-182.89062
27514,-184.3304
27515,-184.94485
27516,-185.236
27517,-185.72433
27518,-186.90858
27519,-189.19995
27520,-192.50192
27521,-196.03047
27522,-198.9745
27523,-200.55551
27524,-200.11061
27525,-197.65138
27526,-194.10503
27527,-190.43782
27528,-187.57343
27529,-186.32722
27530,-186.88495
27531,-188.57967
27532,-190.71033
27533,-192.61679
27534,-193.69751
27535,-193.69014
27536,-192.79213
27537,-191.21973
27538,-189.1674
27539,-186.83243
27540,-184.42656
27541,-182.18143
27542,-180.32935
27543,-179.10172
27544,-178.69435
27545,-179.09647
27546,-180.01761
27547,-181.15623
27548,-182.22417
27549,-182.93335
27550,-182.99559
27551,-182.12267
27552,-180.02612
27553,-176.41731
27554,-173.49036
27555,-173.71545
27556,-172.89095
27557,-171.87955
27558,-170.82431
27559,-169.86821
27560,-169.15431
27561,-168.82556
27562,-169.02495
27563,-169.89542
27564,-171.54718
27565,-173.9005
27566,-176.61835
27567,-179.35393
27568,-181.77263
27569,-183.58025
27570,-184.71643
27571,-185.438
27572,-186.01437
27573,-186.70001
27574,-187.72316
27575,-189.15987
27576,-190.87994
27577,-192.74492
27578,-194.62617
27579,-196.40968
27580,-198.06683
27581,-199.68445
27582,-201.35416
27583,-203.16203
27584,-205.17444
27585,-207.34288
27586,-209.46315
27587,-211.32472
27588,-212.7244
27589,-213.46606
27590,-213.39581
27591,-212.41687
27592,-210.43466
27593,-207.35191
27594,-203.1104
27595,-197.87932
27596,-197.13695
27597,-191.37495
27598,-186.07066
27599,-176.70113
27600,-173.7431
27601,-172.67293
27602,-173.9664
27603,-178.09868
27604,-183.10666
27605,-185.58661
27606,-187.73198
27607,-189.34125
27608,-190.47769
27609,-191.20456
27610,-191.58514
27611,-191.68272
27612,-191.56061
27613,-191.28212
27614,-190.91187
27615,-190.52158
27616,-190.19267
27617,-190.00708
27618,-190.04616
27619,-190.36134
27620,-190.82991
27621,-191.09308
27622,-190.78262
27623,-189.54121
27624,-187.07352
27625,-183.44472
27626,-179.20949
27627,-174.94281
27628,-171.19661
27629,-168.47333
27630,-166.98787
27631,-166.56589
27632,-167.01761
27633,-168.17192
27634,-169.85265
27635,-171.85355
27636,-173.92775
27637,-175.82677
27638,-177.30415
27639,-178.1479
27640,-178.34697
27641,-178.1625
27642,-177.86662
27643,-177.71838
27644,-177.94681
27645,-178.60538
27646,-179.50981
27647,-180.46648
27648,-181.293
27649,-181.80702
27650,-181.82622
27651,-181.16817
27652,-179.65031
27653,-177.09012
27654,-176.7733
27655,-181.52014
27656,-184.02151
27657,-185.6788
27658,-186.61475
27659,-186.95204
27660,-186.81349
27661,-186.32204
27662,-185.6006
27663,-184.7721
27664,-183.94495
27665,-183.14258
27666,-182.27332
27667,-181.24083
27668,-179.95425
27669,-178.37177
27670,-176.73679
27671,-175.67915
27672,-175.84421
27673,-177.85858
27674,-182.22868
27675,-193.76556
27676,-201.34021
27677,-208.78795
27678,-214.99017
27679,-213.9362
27680,-215.24277
27681,-214.37787
27682,-211.84515
27683,-208.10916
27684,-203.6257
27685,-198.79536
27686,-193.94363
27687,-189.39272
27688,-185.46837
27689,-182.4605
27690,-180.45197
27691,-179.24489
27692,-178.63
27693,-178.41162
27694,-178.40828
27695,-178.52127
27696,-178.76398
27697,-179.15422
27698,-179.70453
27699,-180.42741
27700,-181.33534
27701,-182.44087
27702,-183.75652
27703,-185.29468
27704,-187.50682
27705,-190.07649
27706,-190.89993
27707,-190.65094
27708,-189.55081
27709,-187.82095
27710,-185.6831
27711,-183.35892
27712,-181.0702
27713,-179.03883
27714,-177.47032
27715,-176.47562
27716,-176.03746
27717,-176.13359
27718,-176.74762
27719,-177.84674
27720,-179.30122
27721,-180.85033
27722,-182.22816
27723,-183.17513
27724,-183.46571
27725,-183.0734
27726,-182.2413
27727,-181.22346
27728,-180.26111
27729,-179.57166
27730,-179.23337
27731,-179.13608
27732,-179.16197
27733,-179.20233
27734,-179.15979
27735,-179.00345
27736,-178.79236
27737,-178.58914
27738,-178.45216
27739,-178.42683
27740,-178.4826
27741,-178.48651
27742,-178.30132
27743,-177.79477
27744,-176.85736
27745,-175.5125
27746,-173.96364
27747,-172.42143
27748,-171.088
27749,-170.16544
27750,-169.85582
27751,-170.36116
27752,-171.88339
27753,-174.62422
27754,-176.22307
27755,-174.88913
27756,-176.32893
27757,-179.01729
27758,-182.52094
27759,-186.40688
27760,-190.2424
27761,-193.59499
27762,-196.0321
27763,-197.12091
27764,-196.50703
27765,-194.29387
27766,-191.20619
27767,-187.99506
27768,-185.38257
27769,-183.99164
27770,-183.8683
27771,-184.27719
27772,-184.45164
27773,-183.66232
27774,-181.2964
27775,-177.41956
27776,-173.01826
27777,-169.11687
27778,-166.696
27779,-166.6007
27780,-168.89041
27781,-172.56161
27782,-176.56992
27783,-179.92245
27784,-181.72714
27785,-181.67633
27786,-180.25427
27787,-177.9771
27788,-175.32365
27789,-172.7447
27790,-170.52608
27791,-168.73001
27792,-167.40977
27793,-166.6292
27794,-166.44066
27795,-166.82938
27796,-167.68988
27797,-168.913
27798,-170.39413
27799,-172.02853
27800,-173.71155
27801,-175.33855
27802,-176.80487
27803,-178.00584
27804,-178.85638
27805,-179.46855
27806,-180.09915
27807,-180.6884
27808,-181.22954
27809,-181.71576
27810,-182.14023
27811,-182.49617
27812,-182.77675
27813,-182.9752
27814,-183.07738
27815,-183.02635
27816,-182.70743
27817,-182.00345
27818,-180.80013
27819,-179.01562
27820,-176.75803
27821,-174.39265
27822,-172.29526
27823,-170.82936
27824,-170.31549
27825,-170.82506
27826,-172.09177
27827,-173.83623
27828,-175.79527
27829,-177.71677
27830,-179.41269
27831,-180.78174
27832,-181.72606
27833,-182.14355
27834,-181.96286
27835,-181.29102
27836,-180.47687
27837,-179.8791
27838,-179.8449
27839,-180.66516
27840,-182.30441
27841,-184.28488
27842,-186.11148
27843,-187.31018
27844,-187.45862
27845,-186.43529
27846,-184.5266
27847,-182.03563
27848,-179.24628
27849,-176.4425
27850,-173.90843
27851,-171.92804
27852,-170.78528
27853,-170.76395
27854,-173.52893
27855,-184.46928
27856,-183.89192
27857,-187.6546
27858,-190.75822
27859,-193.20358
27860,-194.99155
27861,-196.12299
27862,-196.59863
27863,-196.41936
27864,-195.60248
27865,-194.26126
27866,-192.63936
27867,-190.98569
27868,-189.54317
27869,-188.51437
27870,-187.86725
27871,-187.25189
27872,-186.30545
27873,-184.68016
27874,-182.10226
27875,-178.7291
27876,-175.30275
27877,-172.58926
27878,-171.32675
27879,-172.13722
27880,-174.97052
27881,-178.8667
27882,-182.8309
27883,-185.91217
27884,-187.27386
27885,-186.74286
27886,-185.0459
27887,-182.9463
27888,-181.16536
27889,-180.3433
27890,-180.6485
27891,-181.60994
27892,-182.73119
27893,-183.54645
27894,-183.63586
27895,-182.84718
27896,-181.39087
27897,-179.49193
27898,-177.35832
27899,-175.19806
27900,-173.2191
27901,-171.62955
27902,-170.63727
27903,-170.45023
27904,-168.75954
27905,-151.79544
27906,-144.59341
27907,-137.30995
27908,-138.91446
27909,-143.38043
27910,-154.68239
27911,-161.7953
27912,-168.695
27913,-174.35814
27914,-172.88011
27915,-174.04474
27916,-173.56818
27917,-172.2035
27918,-170.65985
27919,-169.58392
27920,-169.25691
27921,-169.4648
27922,-169.97406
27923,-170.57469
27924,-171.07236
27925,-171.36203
27926,-171.46004
27927,-171.38748
27928,-171.15962
27929,-170.79736
27930,-170.35414
27931,-169.9274
27932,-169.61642
27933,-169.51833
27934,-169.71443
27935,-170.19446
27936,-170.82394
27937,-171.46355
27938,-171.97989
27939,-172.25766
27940,-172.28665
27941,-172.19914
27942,-172.13292
27943,-172.21915
27944,-172.57469
27945,-173.23434
27946,-174.12148
27947,-175.15514
27948,-176.25961
27949,-177.3593
27950,-178.37856
27951,-179.24168
27952,-179.87305
27953,-180.19698
27954,-180.29813
27955,-180.42447
27956,-180.51125
27957,-180.50186
27958,-180.34782
27959,-180.0007
27960,-179.41203
27961,-178.53336
27962,-177.31618
27963,-175.71204
27964,-173.70341
27965,-171.45319
27966,-169.36862
27967,-167.86674
27968,-167.35287
27969,-168.16585
27970,-170.25908
27971,-173.06418
27972,-175.99268
27973,-178.4812
27974,-180.02846
27975,-180.49333
27976,-180.2229
27977,-179.58368
27978,-178.91916
27979,-178.52582
27980,-178.42679
27981,-178.27461
27982,-177.70708
27983,-176.37956
27984,-174.02385
27985,-170.81673
27986,-167.53833
27987,-164.99316
27988,-163.95685
27989,-165.08827
27990,-168.37024
27991,-172.87065
27992,-177.62247
27993,-181.70308
27994,-184.28275
27995,-185.07027
27996,-184.50395
27997,-183.0514
27998,-181.14595
27999,-179.22119
28000,-177.71083
28001,-177.04852
28002,-177.66777
28003,-180.00172
28004,-182.66182
28005,-183.2953
28006,-183.77902
28007,-183.87038
28008,-183.58401
28009,-182.93452
28010,-181.93654
28011,-180.6046
28012,-178.95338
28013,-176.99751
28014,-174.7803
28015,-172.51248
28016,-170.63132
28017,-169.58313
28018,-169.80334
28019,-171.64339
28020,-174.9681
28021,-178.984
28022,-182.87212
28023,-185.84549
28024,-187.2
28025,-186.71414
28026,-184.82071
28027,-181.97913
28028,-178.61827
28029,-175.14531
28030,-171.84042
28031,-168.81119
28032,-166.15816
28033,-163.99016
28034,-162.40837
28035,-161.47066
28036,-161.17584
28037,-161.52054
28038,-162.50417
28039,-164.10474
28040,-166.17574
28041,-168.40233
28042,-170.46306
28043,-172.0447
28044,-172.87086
28045,-172.88042
28046,-172.30363
28047,-171.38245
28048,-170.34486
28049,-169.41902
28050,-168.83304
28051,-168.81503
28052,-169.59296
28053,-171.39478
28054,-173.84613
28055,-175.82484
28056,-177.22891
28057,-178.13835
28058,-178.56871
28059,-178.53555
28060,-178.05444
28061,-177.14091
28062,-175.81056
28063,-174.07896
28064,-171.98111
28065,-169.66467
28066,-167.4302
28067,-165.58426
28068,-164.42612
28069,-164.2344
28070,-165.16797
28071,-167.22356
28072,-170.39154
28073,-174.66997
28074,-185.00038
28075,-190.99626
28076,-196.82735
28077,-201.64645
28078,-199.6274
28079,-200.06413
28080,-197.95195
28081,-194.23878
28082,-189.91331
28083,-185.92033
28084,-183.1107
28085,-181.7874
28086,-181.5106
28087,-181.81061
28088,-182.25323
28089,-182.43889
28090,-182.16766
28091,-181.51056
28092,-180.54933
28093,-179.3529
28094,-177.98593
28095,-176.48819
28096,-174.86566
28097,-173.12292
28098,-171.26625
28099,-169.30185
28100,-167.23598
28101,-165.07484
28102,-162.82469
28103,-160.49176
28104,-160.21507
28105,-163.65414
28106,-166.01135
28107,-168.13806
28108,-170.05168
28109,-171.76959
28110,-173.3093
28111,-174.6881
28112,-175.9235
28113,-177.03284
28114,-178.02675
28115,-178.87587
28116,-179.49702
28117,-179.80475
28118,-179.71617
28119,-179.18523
28120,-178.37964
28121,-177.75702
28122,-177.78653
28123,-178.92345
28124,-181.52931
28125,-185.42204
28126,-189.6837
28127,-193.36797
28128,-195.56357
28129,-195.48859
28130,-193.11441
28131,-189.43552
28132,-185.48947
28133,-182.26633
28134,-180.65285
28135,-180.93477
28136,-182.58371
28137,-185.03897
28138,-187.77899
28139,-190.30818
28140,-192.28062
28141,-193.55275
28142,-193.98906
28143,-193.4444
28144,-191.806
28145,-189.15074
28146,-185.81274
28147,-182.13687
28148,-178.45605
28149,-175.10318
28150,-172.41113
28151,-170.71265
28152,-170.34027
28153,-171.62627
28154,-172.36424
28155,-170.21576
28156,-169.74995
28157,-169.97484
28158,-170.70264
28159,-171.7456
28160,-172.9161
28161,-174.02652
28162,-174.88924
28163,-175.31657
28164,-175.1433
28165,-174.33354
28166,-173.02716
28167,-171.3711
28168,-169.50388
28169,-167.5738
28170,-165.78581
28171,-164.42143
28172,-163.76518
28173,-164.09781
28174,-165.64183
28175,-168.28122
28176,-171.44206
28177,-174.53284
28178,-176.98404
28179,-178.28758
28180,-178.29207
28181,-177.3295
28182,-175.75119
28183,-173.88559
28184,-172.04544
28185,-170.45078
28186,-169.19583
28187,-168.36995
28188,-168.06836
28189,-168.36902
28190,-169.24908
28191,-170.54959
28192,-172.10611
28193,-173.76085
28194,-175.36711
28195,-176.84293
28196,-178.19397
28197,-179.42935
28198,-180.55396
28199,-181.57278
28200,-182.4907
28201,-183.31264
28202,-184.04356
28203,-184.6884
28204,-185.10938
28205,-185.30756
28206,-185.76814
28207,-186.30241
28208,-186.83015
28209,-187.27104
28210,-187.54478
28211,-187.57108
28212,-187.2696
28213,-186.56006
28214,-185.38135
28215,-183.78444
28216,-181.97235
28217,-180.1542
28218,-178.53194
28219,-177.30585
28220,-176.66634
28221,-176.79034
28222,-177.85431
28223,-180.03505
28224,-183.43835
28225,-187.75755
28226,-192.12764
28227,-195.66212
28228,-197.50089
28229,-196.91734
28230,-193.96442
28231,-189.75363
28232,-185.44156
28233,-182.13573
28234,-180.8033
28235,-181.59727
28236,-183.56786
28237,-185.72182
28238,-187.11893
28239,-186.94354
28240,-185.10405
28241,-182.49077
28242,-180.03429
28243,-178.61908
28244,-179.02968
28245,-181.4716
28246,-185.36632
28247,-190.1046
28248,-195.11505
28249,-199.82678
28250,-203.66895
28251,-206.07066
28252,-206.46034
28253,-204.26552
28254,-199.3089
28255,-199.14748
28256,-192.43695
28257,-192.7024
28258,-194.36555
28259,-196.84917
28260,-199.57666
28261,-201.97182
28262,-203.4585
28263,-203.46033
28264,-201.49298
28265,-197.61061
28266,-192.599
28267,-192.27536
28268,-182.42316
28269,-178.75468
28270,-176.56908
28271,-175.60522
28272,-175.57965
28273,-176.23557
28274,-177.31842
28275,-178.5855
28276,-179.80994
28277,-180.76549
28278,-181.2252
28279,-180.99348
28280,-180.05713
28281,-178.65045
28282,-177.01761
28283,-175.39122
28284,-174.0034
28285,-173.08357
28286,-172.85748
28287,-173.55066
28288,-175.38869
28289,-178.53482
28290,-182.79099
28291,-187.47026
28292,-191.86687
28293,-195.29863
28294,-197.15485
28295,-197.24144
28296,-195.92908
28297,-193.61188
28298,-190.65758
28299,-187.43422
28300,-184.31007
28301,-181.65343
28302,-179.83243
28303,-179.2151
28304,-177.37738
28305,-172.53845
28306,-171.08186
28307,-171.40335
28308,-173.10667
28309,-175.79613
28310,-179.07631
28311,-182.55212
28312,-185.82863
28313,-188.51097
28314,-190.2351
28315,-190.81624
28316,-190.31274
28317,-188.79272
28318,-186.31284
28319,-182.97523
28320,-179.14711
28321,-175.55475
28322,-172.93924
28323,-172.0243
28324,-173.40565
28325,-176.93839
28326,-181.47542
28327,-185.83133
28328,-188.86916
28329,-189.60475
28330,-187.94226
28331,-184.99129
28332,-181.91145
28333,-179.80606
28334,-179.63205
28335,-181.49603
28336,-184.35329
28337,-187.114
28338,-188.74368
28339,-188.34546
28340,-185.82315
28341,-182.1671
28342,-178.41273
28343,-175.54471
28344,-174.43755
28345,-175.32718
28346,-177.5848
28347,-180.5475
28348,-183.59425
28349,-186.1042
28350,-187.45651
28351,-187.03
28352,-184.20277
28353,-183.35187
28354,-177.69728
28355,-172.00168
28356,-171.52264
28357,-171.78223
28358,-172.63516
28359,-173.93633
28360,-175.54053
28361,-177.3027
28362,-179.07787
28363,-180.72092
28364,-182.0981
28365,-183.14124
28366,-183.8709
28367,-184.3112
28368,-184.48203
28369,-184.39835
28370,-184.04672
28371,-183.37491
28372,-182.32924
28373,-180.85776
28374,-178.92667
28375,-176.6071
28376,-174.11256
28377,-171.66237
28378,-169.46902
28379,-167.72359
28380,-166.49242
28381,-165.67284
28382,-165.15556
28383,-164.83939
28384,-164.63269
28385,-164.49965
28386,-164.47987
28387,-164.61598
28388,-164.94698
28389,-165.50417
28390,-166.27455
28391,-167.18489
28392,-168.15967
28393,-169.12617
28394,-170.02045
28395,-170.82855
28396,-171.60457
28397,-172.40527
28398,-173.2841
28399,-174.29459
28400,-175.49019
28401,-176.92438
28402,-178.65067
28403,-180.72247
28404,-181.32802
28405,-179.0676
28406,-178.11151
28407,-177.57472
28408,-177.3229
28409,-177.22174
28410,-177.13684
28411,-176.93398
28412,-176.47885
28413,-175.63712
28414,-174.30382
28415,-172.54494
28416,-170.65802
28417,-168.94986
28418,-167.71632
28419,-167.22043
28420,-167.53519
28421,-168.47604
28422,-169.84845
28423,-171.47021
28424,-173.16765
28425,-174.81662
28426,-176.35991
28427,-177.74301
28428,-178.90822
28429,-179.79608
28430,-180.33757
28431,-180.4507
28432,-180.05284
28433,-179.06197
28434,-177.4292
28435,-175.29823
28436,-173.07372
28437,-171.17099
28438,-169.99292
28439,-169.88483
28440,-170.859
28441,-172.47643
28442,-174.28056
28443,-175.8365
28444,-176.75195
28445,-176.88162
28446,-176.41498
28447,-175.55481
28448,-174.48805
28449,-173.40164
28450,-172.48257
28451,-171.91785
28452,-171.8944
28453,-172.5991
28454,-172.62273
28455,-170.17317
28456,-167.69675
28457,-165.04947
28458,-162.4287
28459,-160.0318
28460,-158.05608
28461,-156.69887
28462,-156.15738
28463,-156.62878
28464,-158.26108
28465,-160.91685
28466,-164.07237
28467,-167.18929
28468,-169.74771
28469,-171.29216
28470,-171.74031
28471,-171.51549
28472,-171.06097
28473,-170.79619
28474,-171.09618
28475,-172.07906
28476,-173.51462
28477,-175.15904
28478,-176.78511
28479,-178.18156
28480,-179.22945
28481,-179.93466
28482,-180.30821
28483,-180.35503
28484,-180.08743
28485,-179.56029
28486,-178.88623
28487,-178.18025
28488,-177.55455
28489,-177.11745
28490,-176.95462
28491,-177.12097
28492,-177.67024
28493,-178.65753
28494,-180.11755
28495,-181.96603
28496,-183.95769
28497,-185.84087
28498,-187.3717
28499,-188.30617
28500,-188.40019
28501,-187.40964
28502,-185.09006
28503,-181.19682
28504,-177.0929
28505,-175.18988
28506,-174.19269
28507,-174.01585
28508,-174.46863
28509,-175.36032
28510,-176.50037
28511,-177.69826
28512,-178.76352
28513,-179.50563
28514,-179.76189
28515,-179.53087
28516,-179.02972
28517,-178.48451
28518,-178.11086
28519,-178.07916
28520,-178.29742
28521,-178.31798
28522,-177.6789
28523,-175.93513
28524,-172.72595
28525,-168.18184
28526,-163.09975
28527,-158.3037
28528,-154.58604
28529,-152.64575
28530,-152.64113
28531,-153.99867
28532,-156.11685
28533,-158.42937
28534,-160.415
28535,-161.81296
28536,-162.71516
28537,-163.22708
28538,-163.43736
28539,-163.43477
28540,-163.30862
28541,-163.14888
28542,-163.04565
28543,-163.08891
28544,-163.36234
28545,-163.9126
28546,-164.73627
28547,-165.82802
28548,-167.18483
28549,-168.80374
28550,-170.6818
28551,-172.81602
28552,-175.20343
28553,-177.84103
28554,-178.81776
28555,-176.64484
28556,-175.59274
28557,-174.87146
28558,-174.43642
28559,-174.24303
28560,-174.2467
28561,-174.40294
28562,-174.66714
28563,-174.99477
28564,-175.34682
28565,-175.71654
28566,-176.14072
28567,-176.65794
28568,-177.30476
28569,-178.10239
28570,-178.98358
28571,-179.76122
28572,-180.24338
28573,-180.24379
28574,-179.60321
28575,-178.31895
28576,-176.60072
28577,-174.66682
28578,-172.72556
28579,-170.975
28580,-169.55415
28581,-168.52177
28582,-167.93353
28583,-167.8488
28584,-168.29845
28585,-169.14702
28586,-170.03412
28587,-170.5905
28588,-170.45773
28589,-169.32767
28590,-167.18597
28591,-164.41615
28592,-161.41766
28593,-158.57117
28594,-156.23053
28595,-154.59444
28596,-153.65125
28597,-153.38107
28598,-153.77414
28599,-154.82065
28600,-156.51083
28601,-158.8349
28602,-161.78304
28603,-165.34544
28604,-167.46254
28605,-166.57516
28606,-167.29291
28607,-168.58824
28608,-170.27443
28609,-172.16484
28610,-174.0728
28611,-175.81178
28612,-177.19518
28613,-178.03639
28614,-178.18938
28615,-177.74437
28616,-177.1118
28617,-176.71486
28618,-176.96161
28619,-178.19337
28620,-180.36403
28621,-182.90291
28622,-185.21878
28623,-186.74551
28624,-187.01944
28625,-186.17262
28626,-185.14522
28627,-184.91035
28628,-186.40274
28629,-190.39264
28630,-201.69853
28631,-208.8515
28632,-215.33342
28633,-214.68816
28634,-215.63931
28635,-212.95966
28636,-207.84856
28637,-206.5684
28638,-200.31715
28639,-195.18846
28640,-186.66371
28641,-184.39377
28642,-182.99503
28643,-182.12349
28644,-181.45964
28645,-180.82518
28646,-180.23308
28647,-179.70398
28648,-179.24945
28649,-178.88103
28650,-178.61029
28651,-178.44878
28652,-178.40804
28653,-178.49968
28654,-177.90596
28655,-176.05376
28656,-174.90857
28657,-174.0769
28658,-173.51746
28659,-173.1888
28660,-173.04962
28661,-173.05861
28662,-173.17441
28663,-173.35571
28664,-173.56456
28665,-173.78232
28666,-174.01677
28667,-174.27658
28668,-174.5693
28669,-174.89143
28670,-175.1756
28671,-175.2679
28672,-175.01099
28673,-174.25166
28674,-172.87553
28675,-170.99416
28676,-169.02553
28677,-167.39983
28678,-166.5326
28679,-166.78564
28680,-168.20857
28681,-170.42827
28682,-173.05528
28683,-175.72055
28684,-178.07875
28685,-179.92267
28686,-181.23196
28687,-181.99368
28688,-182.18588
28689,-181.79907
28690,-180.8957
28691,-179.63606
28692,-178.18428
28693,-176.69992
28694,-175.33961
28695,-174.24281
28696,-173.52562
28697,-173.30319
28698,-173.69179
28699,-174.80754
28700,-176.76663
28701,-179.6851
28702,-183.6789
28703,-188.86383
28704,-192.40363
28705,-190.88783
28706,-188.93495
28707,-186.2445
28708,-183.16248
28709,-180.03503
28710,-177.20847
28711,-175.02892
28712,-173.84248
28713,-173.99504
28714,-175.76353
28715,-179.0255
28716,-183.1181
28717,-187.35764
28718,-191.08655
28719,-193.71222
28720,-195.01854
28721,-195.29967
28722,-194.87054
28723,-194.02206
28724,-193.0262
28725,-192.04436
28726,-191.08759
28727,-190.1608
28728,-189.27606
28729,-188.45343
28730,-187.76001
28731,-187.32631
28732,-187.28552
28733,-187.76775
28734,-188.86967
28735,-190.49364
28736,-192.27893
28737,-193.85422
28738,-194.8608
28739,-194.98314
28740,-194.1577
28741,-192.66275
28742,-190.79068
28743,-188.81776
28744,-186.99979
28745,-185.47235
28746,-184.20813
28747,-183.17319
28748,-182.34125
28749,-181.6861
28750,-181.18149
28751,-180.80124
28752,-180.51906
28753,-180.30879
28754,-180.23314
28755,-179.9829
28756,-178.78395
28757,-177.03195
28758,-174.92223
28759,-172.6502
28760,-170.41132
28761,-168.40108
28762,-166.81493
28763,-165.84822
28764,-165.66246
28765,-166.22241
28766,-167.22638
28767,-168.36237
28768,-169.33105
28769,-169.87721
28770,-170.0008
28771,-170.04765
28772,-170.37727
28773,-171.33258
28774,-173.20714
28775,-176.00772
28776,-179.35287
28777,-182.8461
28778,-186.1095
28779,-188.79065
28780,-190.68423
28781,-191.7843
28782,-192.0928
28783,-191.60222
28784,-190.35103
28785,-188.64507
28786,-187.15291
28787,-186.55794
28788,-187.52626
28789,-190.6033
28790,-195.63658
28791,-206.52939
28792,-212.14845
28793,-211.40607
28794,-213.33063
28795,-212.62706
28796,-209.91862
28797,-205.86803
28798,-201.09593
28799,-196.22372
28800,-191.87314
28801,-188.6657
28802,-187.22253
28803,-188.164
28804,-193.13976
28805,-205.80743
28806,-204.42342
28807,-205.91446
28808,-205.79236
28809,-204.5698
28810,-202.76025
28811,-200.87769
28812,-199.4362
28813,-198.95003
28814,-199.84845
28815,-202.06943
28816,-204.88506
28817,-207.54073
28818,-209.31342
28819,-209.56927
28820,-208.1922
28821,-205.76942
28822,-202.91829
28823,-200.22345
28824,-198.21547
28825,-197.10852
28826,-196.6879
28827,-196.72113
28828,-196.99606
28829,-197.3087
28830,-197.50195
28831,-197.48238
28832,-197.15898
28833,-196.43788
28834,-195.26018
28835,-193.77129
28836,-192.39351
28837,-191.56062
28838,-191.69327
28839,-193.13818
28840,-195.81401
28841,-199.0598
28842,-202.19144
28843,-204.55261
28844,-205.55132
28845,-204.9695
28846,-203.09679
28847,-200.24408
28848,-196.69868
28849,-192.7482
28850,-188.6803
28851,-184.78282
28852,-181.34358
28853,-178.65019
28854,-176.4551
28855,-174.31554
28856,-172.9937
28857,-172.23387
28858,-171.9306
28859,-171.97845
28860,-172.27208
28861,-172.70612
28862,-173.17528
28863,-173.57425
28864,-173.81554
28865,-173.91556
28866,-174.03143
28867,-174.3258
28868,-174.95456
28869,-176.04747
28870,-177.58168
28871,-179.3279
28872,-181.04863
28873,-182.51637
28874,-183.52565
28875,-183.99944
28876,-184.03484
28877,-183.73592
28878,-183.19855
28879,-182.51712
28880,-181.77791
28881,-181.05605
28882,-180.42621
28883,-179.96353
28884,-179.73679
28885,-179.77722
28886,-180.06511
28887,-180.57878
28888,-181.29895
28889,-182.2005
28890,-183.22418
28891,-184.26466
28892,-185.21463
28893,-185.96906
28894,-186.43985
28895,-186.63757
28896,-186.70645
28897,-186.79608
28898,-187.04976
28899,-187.6108
28900,-188.62244
28901,-190.22787
28902,-192.57025
28903,-195.79263
28904,-197.98485
28905,-196.74551
28906,-195.13893
28907,-192.92555
28908,-190.29753
28909,-187.44707
28910,-184.56644
28911,-181.84802
28912,-179.4841
28913,-177.66689
28914,-176.5625
28915,-176.1851
28916,-176.34314
28917,-176.83687
28918,-177.47649
28919,-178.09592
28920,-178.66704
28921,-179.34868
28922,-180.30708
28923,-181.69958
28924,-183.64925
28925,-186.08032
28926,-188.64775
28927,-190.99596
28928,-192.78204
28929,-193.69493
28930,-193.6079
28931,-192.64442
28932,-190.93826
28933,-188.61131
28934,-185.80093
28935,-182.73366
28936,-179.75685
28937,-177.22292
28938,-175.47833
28939,-174.8142
28940,-175.19977
28941,-176.16846
28942,-177.23662
28943,-177.9415
28944,-177.87064
28945,-176.90405
28946,-175.31801
28947,-173.40483
28948,-171.4379
28949,-169.69078
28950,-168.43701
28951,-167.95
28952,-168.5031
28953,-170.36952
28954,-172.92516
28955,-174.77817
28956,-176.3938
28957,-177.85333
28958,-179.25099
28959,-180.6809
28960,-182.23718
28961,-184.01402
28962,-186.10555
28963,-188.60585
28964,-191.57405
28965,-194.8659
28966,-198.0618
28967,-200.73123
28968,-202.45665
28969,-202.86731
28970,-201.86517
28971,-199.72264
28972,-196.72757
28973,-193.15071
28974,-189.26128
28975,-185.3187
28976,-181.56905
28977,-178.25775
28978,-175.6308
28979,-173.90431
28980,-173.12103
28981,-173.08902
28982,-173.60706
28983,-174.48518
28984,-175.54504
28985,-176.67558
28986,-177.85675
28987,-179.07216
28988,-180.30101
28989,-181.51933
28990,-182.684
28991,-183.72623
28992,-184.57605
28993,-185.16487
28994,-185.43024
28995,-185.34593
28996,-184.93498
28997,-184.22227
28998,-183.23044
28999,-181.98212
29000,-180.4999
29001,-178.80646
29002,-176.92441
29003,-174.87639
29004,-173.54144
29005,-173.97598
29006,-174.86775
29007,-176.22687
29008,-177.89665
29009,-179.72049
29010,-181.5418
29011,-183.20396
29012,-184.55046
29013,-185.42468
29014,-185.69067
29015,-185.33272
29016,-184.49828
29017,-183.34132
29018,-182.00821
29019,-180.64355
29020,-179.382
29021,-178.3446
29022,-177.65181
29023,-177.4248
29024,-177.76027
29025,-178.61354
29026,-179.74829
29027,-180.92072
29028,-181.89612
29029,-182.44554
29030,-182.3734
29031,-181.52933
29032,-179.76468
29033,-176.92848
29034,-172.92596
29035,-167.98907
29036,-167.79295
29037,-158.03073
29038,-154.37428
29039,-152.42159
29040,-152.34186
29041,-153.72452
29042,-156.13664
29043,-159.17326
29044,-162.45085
29045,-165.70921
29046,-168.8551
29047,-171.8017
29048,-174.45424
29049,-176.71791
29050,-178.49791
29051,-179.69933
29052,-180.22737
29053,-179.987
29054,-180.0677
29055,-181.49258
29056,-181.94568
29057,-181.96445
29058,-181.66791
29059,-181.17516
29060,-180.60532
29061,-180.0775
29062,-179.71086
29063,-179.62459
29064,-179.91977
29065,-180.59357
29066,-181.50186
29067,-182.495
29068,-183.43004
29069,-184.17395
29070,-184.65053
29071,-184.86087
29072,-184.80916
29073,-184.49582
29074,-183.93275
29075,-183.1976
29076,-182.45743
29077,-181.88281
29078,-181.64014
29079,-181.87273
29080,-182.59009
29081,-183.6204
29082,-184.78471
29083,-185.91267
29084,-186.84639
29085,-187.5004
29086,-187.88725
29087,-188.0236
29088,-187.92131
29089,-187.59225
29090,-187.0482
29091,-186.30086
29092,-185.36182
29093,-184.24274
29094,-182.96544
29095,-181.61131
29096,-180.34224
29097,-179.32343
29098,-178.71617
29099,-178.6818
29100,-179.38152
29101,-180.97652
29102,-183.62782
29103,-187.49635
29104,-188.82425
29105,-184.44296
29106,-182.6758
29107,-181.86089
29108,-181.80077
29109,-182.29828
29110,-183.1562
29111,-184.17752
29112,-185.1653
29113,-185.92245
29114,-186.2805
29115,-186.23602
29116,-186.00955
29117,-185.8307
29118,-185.91837
29119,-186.46313
29120,-187.49004
29121,-188.79999
29122,-190.18501
29123,-191.44771
29124,-192.40717
29125,-192.97794
29126,-193.20401
29127,-193.1346
29128,-192.81282
29129,-192.27957
29130,-191.56287
29131,-190.67337
29132,-189.62096
29133,-188.41638
29134,-187.07442
29135,-185.63338
29136,-184.1635
29137,-182.73637
29138,-181.42195
29139,-180.28685
29140,-179.37752
29141,-178.71315
29142,-178.31186
29143,-178.19304
29144,-178.36588
29145,-178.7805
29146,-179.30692
29147,-179.81198
29148,-180.16635
29149,-180.24063
29150,-179.9055
29151,-179.03154
29152,-177.48935
29153,-175.14935
29154,-174.21478
29155,-176.74629
29156,-178.12639
29157,-179.21822
29158,-180.09
29159,-180.80989
29160,-181.44614
29161,-182.06688
29162,-182.7404
29163,-183.53485
29164,-184.50023
29165,-185.58075
29166,-186.5771
29167,-187.28435
29168,-187.50433
29169,-187.06543
29170,-185.9512
29171,-184.35553
29172,-182.4808
29173,-180.51959
29174,-178.6517
29175,-176.98322
29176,-175.52
29177,-174.26399
29178,-173.22182
29179,-172.39359
29180,-171.74146
29181,-171.17607
29182,-170.60612
29183,-169.94266
29184,-169.11124
29185,-168.12106
29186,-167.09494
29187,-166.16011
29188,-165.43834
29189,-165.04625
29190,-165.06984
29191,-165.55385
29192,-166.54129
29193,-168.07726
29194,-170.18001
29195,-172.71288
29196,-175.32913
29197,-177.674
29198,-179.40266
29199,-180.17036
29200,-179.632
29201,-177.44229
29202,-173.25546
29203,-171.7255
29204,-162.92892
29205,-167.00316
29206,-168.85788
29207,-170.25835
29208,-171.27225
29209,-171.96715
29210,-172.41077
29211,-172.67072
29212,-172.81473
29213,-172.91046
29214,-173.03018
29215,-173.27267
29216,-173.77269
29217,-174.6664
29218,-176.08815
29219,-178.1437
29220,-180.7724
29221,-183.6882
29222,-186.59636
29223,-189.21281
29224,-191.27951
29225,-192.68875
29226,-193.53673
29227,-193.9278
29228,-193.9568
29229,-193.72095
29230,-193.33168
29231,-192.9197
29232,-192.6165
29233,-192.55266
29234,-192.83566
29235,-193.43883
29236,-194.15361
29237,-194.7641
29238,-195.06299
29239,-194.87956
29240,-194.25606
29241,-193.52321
29242,-193.02385
29243,-193.08704
29244,-193.99774
29245,-195.78535
29246,-198.13281
29247,-200.70912
29248,-203.19977
29249,-205.29042
29250,-206.66663
29251,-207.01373
29252,-206.01697
29253,-203.36111
29254,-204.38843
29255,-218.43117
29256,-223.13168
29257,-220.93849
29258,-222.12094
29259,-221.94872
29260,-220.692
29261,-218.62125
29262,-216.00732
29263,-213.12128
29264,-210.22151
29265,-207.49228
29266,-205.01692
29267,-202.87451
29268,-201.14883
29269,-199.90648
29270,-199.11435
29271,-198.60422
29272,-198.20229
29273,-197.74115
29274,-197.07454
29275,-196.1789
29276,-195.19707
29277,-194.27875
29278,-193.56581
29279,-193.17259
29280,-193.0534
29281,-192.94571
29282,-192.57812
29283,-191.68945
29284,-190.0601
29285,-187.71231
29286,-184.99649
29287,-182.27657
29288,-179.90102
29289,-178.1772
29290,-177.17354
29291,-176.63481
29292,-176.2928
29293,-175.89482
29294,-175.21867
29295,-174.21977
29296,-173.09409
29297,-172.0472
29298,-171.27321
29299,-170.96626
29300,-171.32037
29301,-172.52957
29302,-174.78773
29303,-178.28862
29304,-180.95676
29305,-180.217
29306,-179.5274
29307,-178.52434
29308,-177.35443
29309,-176.16441
29310,-175.10107
29311,-174.31111
29312,-173.9413
29313,-174.13829
29314,-175.0185
29315,-176.52274
29316,-178.3539
29317,-180.20561
29318,-181.78287
29319,-182.82172
29320,-183.23856
29321,-183.19406
29322,-182.85886
29323,-182.39188
29324,-181.9517
29325,-181.69435
29326,-181.77231
29327,-182.33784
29328,-183.54341
29329,-185.50494
29330,-188.12628
29331,-191.02422
29332,-193.80424
29333,-196.08553
29334,-197.5499
29335,-198.24304
29336,-198.70425
29337,-199.49301
29338,-201.14555
29339,-204.10562
29340,-208.27988
29341,-212.84818
29342,-216.96115
29343,-219.80391
29344,-220.65018
29345,-219.29034
29346,-216.217
29347,-211.95335
29348,-206.99057
29349,-206.82037
29350,-196.93475
29351,-192.8256
29352,-189.98465
29353,-188.90306
29354,-188.90155
29355,-188.72086
29356,-189.6751
29357,-191.3061
29358,-193.40225
29359,-195.75206
29360,-198.14406
29361,-200.36685
29362,-202.20909
29363,-203.45935
29364,-203.93147
29365,-203.58675
29366,-202.58636
29367,-201.09995
29368,-199.2878
29369,-197.30875
29370,-195.31276
29371,-193.43768
29372,-191.821
29373,-190.6006
29374,-189.89825
29375,-189.74191
29376,-190.03238
29377,-190.6652
29378,-191.54216
29379,-192.56886
29380,-193.67395
29381,-194.8173
29382,-195.95993
29383,-197.0615
29384,-198.07256
29385,-198.89137
29386,-199.34515
29387,-199.25816
29388,-198.45805
29389,-196.81552
29390,-194.45299
29391,-191.83432
29392,-189.43773
29393,-187.72531
29394,-187.10391
29395,-187.65964
29396,-189.0443
29397,-190.89214
29398,-192.85835
29399,-194.5982
29400,-195.76694
29401,-196.01973
29402,-195.01155
29403,-192.39702
29404,-189.36029
29405,-187.70518
29406,-185.57164
29407,-183.38638
29408,-181.27122
29409,-179.34793
29410,-177.73834
29411,-176.56416
29412,-175.94716
29413,-176.00903
29414,-176.83989
29415,-178.34714
29416,-180.19061
29417,-182.02037
29418,-183.49843
29419,-184.32544
29420,-184.4272
29421,-184.03462
29422,-183.39093
29423,-182.72495
29424,-182.24004
29425,-181.99161
29426,-181.8346
29427,-181.61586
29428,-181.19179
29429,-180.436
29430,-179.32205
29431,-177.95898
29432,-176.4614
29433,-174.93736
29434,-173.49896
29435,-172.2811
29436,-171.44968
29437,-171.17178
29438,-171.61296
29439,-172.89981
29440,-174.93254
29441,-177.30505
29442,-179.59927
29443,-181.41183
29444,-182.384
29445,-182.41673
29446,-181.76288
29447,-180.68939
29448,-179.44666
29449,-178.28513
29450,-177.45528
29451,-177.2075
29452,-177.79222
29453,-179.45961
29454,-180.72423
29455,-179.57823
29456,-178.48613
29457,-177.24
29458,-175.98128
29459,-174.85127
29460,-173.99141
29461,-173.54301
29462,-173.64742
29463,-174.44583
29464,-176.0289
29465,-178.19264
29466,-180.33453
29467,-181.83632
29468,-182.09886
29469,-180.6237
29470,-177.50081
29471,-173.6183
29472,-169.89705
29473,-167.22037
29474,-166.35811
29475,-167.42249
29476,-169.63544
29477,-172.18436
29478,-174.29977
29479,-175.29347
29480,-174.94989
29481,-173.69377
29482,-171.97543
29483,-170.21486
29484,-168.80087
29485,-167.9407
29486,-167.59543
29487,-167.71643
29488,-168.26677
29489,-169.20346
29490,-170.44833
29491,-171.87537
29492,-173.35674
29493,-174.76686
29494,-175.99287
29495,-176.99515
29496,-177.83336
29497,-178.5712
29498,-179.2675
29499,-179.98123
29500,-180.77132
29501,-181.6966
29502,-182.81601
29503,-184.18846
29504,-186.81288
29505,-190.63809
29506,-192.17026
29507,-192.38838
29508,-191.56052
29509,-189.95505
29510,-187.84059
29511,-185.48596
29512,-183.15999
29513,-181.13159
29514,-179.64133
29515,-178.76466
29516,-178.3535
29517,-178.25078
29518,-178.31013
29519,-178.39735
29520,-178.44885
29521,-178.49672
29522,-178.57683
29523,-178.72057
29524,-178.9584
29525,-179.3162
29526,-179.81331
29527,-180.46889
29528,-181.30235
29529,-182.31345
29530,-183.38708
29531,-184.25285
29532,-184.63406
29533,-184.26138
29534,-182.91383
29535,-180.65236
29536,-177.92009
29537,-175.17583
29538,-172.86035
29539,-171.36179
29540,-170.76225
29541,-170.72942
29542,-170.91461
29543,-170.98903
29544,-170.66348
29545,-169.87892
29546,-168.88805
29547,-167.95592
29548,-167.33284
29549,-167.26895
29550,-168.01443
29551,-169.81935
29552,-172.93356
29553,-177.60667
29554,-188.1731
29555,-187.4177
29556,-189.50005
29557,-190.05304
29558,-189.39618
29559,-187.84935
29560,-185.73279
29561,-183.36696
29562,-181.07248
29563,-179.1699
29564,-177.9354
29565,-177.38681
29566,-177.19186
29567,-177.00447
29568,-176.49516
29569,-175.38608
29570,-173.69873
29571,-171.8606
29572,-170.31548
29573,-169.48773
29574,-169.75497
29575,-171.22267
29576,-173.62804
29577,-176.69388
29578,-180.16075
29579,-183.76227
29580,-187.19151
29581,-190.08635
29582,-192.08255
29583,-192.81815
29584,-192.0065
29585,-189.7993
29586,-186.94342
29587,-184.21056
29588,-182.34462
29589,-182.0033
29590,-183.34523
29591,-185.85277
29592,-188.98164
29593,-192.22002
29594,-195.09474
29595,-197.3554
29596,-199.05333
29597,-200.25204
29598,-201.00084
29599,-201.34889
29600,-201.34543
29601,-201.0398
29602,-200.48126
29603,-199.7191
29604,-201.36055
29605,-206.49292
29606,-207.85146
29607,-207.29147
29608,-205.2659
29609,-202.22836
29610,-198.63321
29611,-194.93515
29612,-191.58916
29613,-189.04999
29614,-187.71632
29615,-187.66066
29616,-188.51389
29617,-189.8891
29618,-191.4206
29619,-192.76949
29620,-193.75179
29621,-194.39348
29622,-194.729
29623,-194.78296
29624,-194.57423
29625,-194.08923
29626,-193.27039
29627,-192.05814
29628,-190.39513
29629,-188.25595
29630,-185.80162
29631,-183.44576
29632,-181.6125
29633,-180.71378
29634,-181.09322
29635,-182.69785
29636,-184.93773
29637,-187.20183
29638,-188.9048
29639,-189.52916
29640,-188.95105
29641,-187.58041
29642,-185.84915
29643,-184.16402
29644,-182.89026
29645,-182.15129
29646,-181.74287
29647,-181.44745
29648,-181.06317
29649,-180.38812
29650,-179.22041
29651,-177.35803
29652,-174.599
29653,-170.74115
29654,-166.70363
29655,-164.66483
29656,-164.57268
29657,-165.92886
29658,-168.3878
29659,-171.60431
29660,-175.23326
29661,-178.92986
29662,-182.34929
29663,-185.14687
29664,-187.01083
29665,-187.821
29666,-187.71704
29667,-186.84897
29668,-185.35464
29669,-183.38992
29670,-181.21515
29671,-179.23236
29672,-177.84915
29673,-177.46654
29674,-178.41255
29675,-180.59329
29676,-183.34348
29677,-185.97554
29678,-187.82928
29679,-188.32413
29680,-187.34183
29681,-185.3915
29682,-183.00787
29683,-180.69632
29684,-178.90794
29685,-177.7775
29686,-177.01093
29687,-176.29723
29688,-175.34558
29689,-173.90114
29690,-171.91708
29691,-169.62881
29692,-167.28285
29693,-165.11249
29694,-163.33446
29695,-162.06999
29696,-161.3109
29697,-161.0439
29698,-161.2619
29699,-161.9578
29700,-163.12444
29701,-164.75476
29702,-166.8417
29703,-169.3781
29704,-170.8118
29705,-169.83377
29706,-169.73456
29707,-169.9546
29708,-170.49547
29709,-171.35861
29710,-172.5455
29711,-174.05771
29712,-175.89671
29713,-178.06401
29714,-180.54616
29715,-183.24333
29716,-185.93855
29717,-188.41017
29718,-190.44218
29719,-191.84004
29720,-192.5339
29721,-192.62325
29722,-192.21423
29723,-191.40518
29724,-190.28325
29725,-188.8707
29726,-187.10178
29727,-184.90718
29728,-182.22163
29729,-179.03375
29730,-175.64485
29731,-172.7803
29732,-171.1826
29733,-171.57361
29734,-174.54422
29735,-179.92719
29736,-191.5301
29737,-198.12178
29738,-203.52112
29739,-201.66736
29740,-202.19861
29741,-200.70058
29742,-197.7983
29743,-194.07294
29744,-190.07602
29745,-186.18242
29746,-182.5271
29747,-179.23499
29748,-176.44225
29749,-174.2851
29750,-172.89964
29751,-172.42194
29752,-172.98793
29753,-174.73352
29754,-176.1075
29755,-175.55992
29756,-176.2244
29757,-177.3832
29758,-178.87807
29759,-180.55087
29760,-182.2435
29761,-183.79785
29762,-185.0558
29763,-185.85928
29764,-186.07864
29765,-185.7503
29766,-185.1356
29767,-184.50505
29768,-184.11858
29769,-184.19861
29770,-184.75037
29771,-185.48454
29772,-186.10002
29773,-186.30977
29774,-185.86421
29775,-184.73224
29776,-183.1788
29777,-181.48096
29778,-179.90172
29779,-178.70749
29780,-178.1836
29781,-178.64111
29782,-180.39209
29783,-183.7469
29784,-188.9248
29785,-200.61656
29786,-207.79837
29787,-214.4193
29788,-219.46286
29789,-217.02711
29790,-216.87808
29791,-214.68886
29792,-211.17172
29793,-206.99763
29794,-202.80083
29795,-198.99756
29796,-195.7077
29797,-193.03847
29798,-191.11101
29799,-190.04623
29800,-189.96512
29801,-190.98853
29802,-193.2371
29803,-196.83154
29804,-198.4783
29805,-195.05714
29806,-193.24942
29807,-191.90392
29808,-190.99075
29809,-190.48007
29810,-190.34206
29811,-190.54683
29812,-191.06462
29813,-191.86562
29814,-192.91362
29815,-194.13528
29816,-195.40698
29817,-196.60298
29818,-197.59999
29819,-198.2745
29820,-198.50182
29821,-198.15558
29822,-197.10931
29823,-195.23659
29824,-192.45084
29825,-188.8979
29826,-185.03905
29827,-181.34875
29828,-178.28662
29829,-176.25964
29830,-175.3693
29831,-175.30327
29832,-175.73297
29833,-176.34944
29834,-176.86325
29835,-177.09683
29836,-177.02422
29837,-176.62543
29838,-175.87335
29839,-174.74948
29840,-173.28584
29841,-171.58304
29842,-169.74435
29843,-167.86986
29844,-166.06172
29845,-164.43457
29846,-163.11986
29847,-162.24965
29848,-161.95514
29849,-162.3676
29850,-163.61815
29851,-165.83792
29852,-169.1579
29853,-173.70897
29854,-178.5799
29855,-181.8639
29856,-183.83128
29857,-184.72566
29858,-184.72675
29859,-184.01447
29860,-182.76877
29861,-181.16985
29862,-179.39781
29863,-177.63292
29864,-176.0481
29865,-174.77403
29866,-173.88394
29867,-173.44867
29868,-173.54193
29869,-174.22035
29870,-175.44218
29871,-177.03242
29872,-178.8109
29873,-180.6037
29874,-182.23582
29875,-183.52495
29876,-184.27899
29877,-184.30534
29878,-183.41185
29879,-181.45732
29880,-178.5981
29881,-175.39415
29882,-172.42189
29883,-170.23865
29884,-169.34088
29885,-169.87181
29886,-171.49641
29887,-173.861
29888,-176.63489
29889,-179.49413
29890,-182.15308
29891,-184.37784
29892,-185.93652
29893,-186.59474
29894,-186.15755
29895,-184.66092
29896,-182.45378
29897,-179.89795
29898,-177.34053
29899,-175.12872
29900,-173.60973
29901,-173.13051
29902,-174.03787
29903,-176.67839
29904,-180.38437
29905,-182.54364
29906,-181.91806
29907,-179.462
29908,-175.68506
29909,-171.0974
29910,-166.20981
29911,-161.5332
29912,-157.57848
29913,-154.85626
29914,-153.80968
29915,-154.49059
29916,-156.42155
29917,-159.1048
29918,-162.06804
29919,-164.86952
29920,-167.2428
29921,-169.15892
29922,-170.59813
29923,-171.52927
29924,-171.93797
29925,-171.90749
29926,-171.65327
29927,-171.39601
29928,-171.35019
29929,-171.70268
29930,-172.47997
29931,-173.4914
29932,-174.53784
29933,-175.4304
29934,-176.00368
29935,-176.2277
29936,-176.25629
29937,-176.2504
29938,-176.36241
29939,-176.73033
29940,-177.4093
29941,-178.34209
29942,-179.46701
29943,-180.72769
29944,-182.06317
29945,-183.38498
29946,-184.56763
29947,-185.48412
29948,-186.00917
29949,-186.01749
29950,-185.38379
29951,-183.9826
29952,-181.68854
29953,-178.37605
29954,-177.02855
29955,-180.42256
29956,-182.36697
29957,-183.9179
29958,-185.08556
29959,-185.88028
29960,-186.31233
29961,-186.39206
29962,-186.12967
29963,-185.53555
29964,-184.626
29965,-183.45274
29966,-182.11531
29967,-180.71527
29968,-179.35184
29969,-178.12137
29970,-177.10316
29971,-176.35358
29972,-175.92798
29973,-175.88281
29974,-176.25258
29975,-176.94449
29976,-177.69304
29977,-178.226
29978,-178.27937
29979,-177.63397
29980,-176.33159
29981,-174.76788
29982,-173.35268
29983,-172.47902
29984,-172.48756
29985,-173.41454
29986,-174.88406
29987,-176.50403
29988,-177.90216
29989,-178.73831
29990,-178.85963
29991,-178.36688
29992,-177.37083
29993,-175.97032
29994,-174.2651
29995,-172.36024
29996,-170.36804
29997,-168.40117
29998,-166.5718
29999,-164.99223
30000,-163.77472
30001,-163.03143
30002,-162.8746
30003,-163.4164
30004,-164.16539
30005,-164.31963
30006,-164.5063
30007,-164.66635
30008,-164.8219
30009,-164.9952
30010,-165.20845
30011,-165.48386
30012,-165.84361
30013,-166.30995
30014,-166.894
30015,-167.5428
30016,-168.11656
30017,-168.47195
30018,-168.46997
30019,-167.9983
30020,-167.10127
30021,-166.03506
30022,-165.06424
30023,-164.44334
30024,-164.3981
30025,-164.98775
30026,-166.04573
30027,-167.39677
30028,-168.8764
30029,-170.32272
30030,-171.5885
30031,-172.54663
30032,-173.0706
30033,-173.03297
30034,-172.34021
30035,-171.09557
30036,-169.66913
30037,-168.44173
30038,-167.7814
30039,-168.01398
30040,-169.22018
30041,-171.14879
30042,-173.53564
30043,-176.1325
30044,-178.70596
30045,-181.1077
30046,-183.30482
30047,-185.26906
30048,-186.96652
30049,-188.36331
30050,-189.42566
30051,-190.1196
30052,-190.4113
30053,-190.26685
30054,-191.13928
30055,-193.9142
30056,-194.87343
30057,-194.90395
30058,-194.19513
30059,-192.93633
30060,-191.31712
30061,-189.52718
30062,-187.7562
30063,-186.1939
30064,-185.00989
30065,-184.25694
30066,-183.82936
30067,-183.61519
30068,-183.5099
30069,-183.415
30070,-183.26617
30071,-183.04582
30072,-182.73824
30073,-182.32533
30074,-181.80035
30075,-181.22151
30076,-180.73514
30077,-180.49103
30078,-180.63492
30079,-181.2838
30080,-182.38837
30081,-183.67421
30082,-184.85779
30083,-185.66647
30084,-185.88434
30085,-185.62593
30086,-185.45367
30087,-185.94809
30088,-187.66835
30089,-191.0711
30090,-196.01915
30091,-206.57166
30092,-211.7565
30093,-210.64026
30094,-212.39362
30095,-211.79477
30096,-209.44664
30097,-205.98746
30098,-202.01761
30099,-198.13806
30100,-194.94998
30101,-193.0543
30102,-193.05144
30103,-195.54106
30104,-195.76915
30105,-193.87679
30106,-184.86461
30107,-181.89354
30108,-179.81999
30109,-178.50056
30110,-177.79199
30111,-177.55113
30112,-177.63489
30113,-177.90016
30114,-178.20496
30115,-178.41289
30116,-178.39523
30117,-178.02359
30118,-177.16911
30119,-175.74231
30120,-173.88243
30121,-172.03885
30122,-170.67332
30123,-170.2329
30124,-171.0926
30125,-173.21051
30126,-175.98021
30127,-178.77335
30128,-180.98877
30129,-182.09248
30130,-181.94064
30131,-180.91832
30132,-179.43195
30133,-177.86295
30134,-176.57141
30135,-175.79262
30136,-175.5927
30137,-176.03091
30138,-177.17462
30139,-179.0582
30140,-181.5246
30141,-184.15779
30142,-186.5316
30143,-188.2322
30144,-188.8956
30145,-188.44803
30146,-187.20912
30147,-185.51465
30148,-183.68184
30149,-182.02812
30150,-180.87083
30151,-180.52727
30152,-181.31462
30153,-183.54974
30154,-185.30078
30155,-184.30782
30156,-184.29533
30157,-184.59515
30158,-185.15616
30159,-185.92725
30160,-186.85732
30161,-187.89537
30162,-188.99026
30163,-190.091
30164,-191.18747
30165,-192.50787
30166,-194.6033
30167,-198.03764
30168,-203.35898
30169,-215.95535
30170,-225.28995
30171,-234.57555
30172,-241.97658
30173,-240.71605
30174,-239.26662
30175,-237.57408
30176,-227.59476
30177,-216.38283
30178,-205.90503
30179,-197.94499
30180,-193.21384
30181,-185.9682
30182,-185.40439
30183,-185.7886
30184,-186.4449
30185,-187.0283
30186,-187.64172
30187,-188.40605
30188,-189.421
30189,-190.75597
30190,-192.30441
30191,-193.72153
30192,-194.65291
30193,-194.75536
30194,-193.73792
30195,-191.61452
30196,-188.8128
30197,-185.77753
30198,-182.93417
30199,-180.70827
30200,-179.52518
30201,-179.80997
30202,-181.9873
30203,-186.48141
30204,-198.78258
30205,-206.4309
30206,-204.47614
30207,-204.7244
30208,-202.82321
30209,-199.42188
30210,-195.17076
30211,-190.72133
30212,-186.72523
30213,-183.83421
30214,-182.60771
30215,-183.07129
30216,-184.5273
30217,-186.24962
30218,-187.5467
30219,-187.81058
30220,-186.91699
30221,-185.39796
30222,-183.81213
30223,-182.68732
30224,-182.49916
30225,-183.41972
30226,-185.21013
30227,-187.61505
30228,-190.39882
30229,-193.31511
30230,-196.05472
30231,-198.22342
30232,-199.42336
30233,-199.2605
30234,-197.41435
30235,-193.99376
30236,-189.69072
30237,-185.22202
30238,-181.2774
30239,-178.47842
30240,-177.05046
30241,-176.6822
30242,-177.04088
30243,-177.8194
30244,-178.7336
30245,-179.63141
30246,-180.53964
30247,-181.49226
30248,-182.5147
30249,-183.63242
30250,-184.87083
30251,-186.25536
30252,-187.81148
30253,-189.56456
30254,-195.0055
30255,-209.97383
30256,-208.6119
30257,-208.85884
30258,-206.4942
30259,-202.29985
30260,-197.05957
30261,-196.55853
30262,-191.58247
30263,-182.91696
30264,-181.24046
30265,-181.61098
30266,-183.24672
30267,-185.33269
30268,-187.0944
30269,-187.84718
30270,-187.42662
30271,-186.37372
30272,-185.25813
30273,-184.61626
30274,-184.91743
30275,-186.24113
30276,-188.13861
30277,-190.14015
30278,-191.8013
30279,-192.71576
30280,-192.69902
30281,-191.8672
30282,-190.34871
30283,-188.25778
30284,-185.74211
30285,-183.1437
30286,-181.06813
30287,-180.13153
30288,-180.93724
30289,-183.9813
30290,-189.13887
30291,-200.44539
30292,-206.90414
30293,-212.55937
30294,-211.53966
30295,-213.46266
30296,-213.60919
30297,-212.28746
30298,-209.77492
30299,-206.34935
30300,-202.28899
30301,-197.87225
30302,-193.3777
30303,-189.08398
30304,-186.30087
30305,-185.64366
30306,-184.16022
30307,-182.52193
30308,-180.8513
30309,-179.27092
30310,-177.90334
30311,-176.8711
30312,-176.29675
30313,-176.30273
30314,-176.98804
30315,-178.31502
30316,-180.06107
30317,-181.9963
30318,-183.89977
30319,-185.56166
30320,-186.8371
30321,-187.66908
30322,-188.0041
30323,-187.78453
30324,-186.97575
30325,-185.6782
30326,-184.17523
30327,-182.75766
30328,-181.70763
30329,-181.27872
30330,-181.55797
30331,-182.40694
30332,-183.6782
30333,-185.23512
30334,-186.9386
30335,-188.63554
30336,-190.15369
30337,-191.31996
30338,-191.9622
30339,-191.93216
30340,-191.22078
30341,-190.00793
30342,-188.48117
30343,-186.81921
30344,-185.1923
30345,-183.72166
30346,-182.46165
30347,-181.464
30348,-180.7836
30349,-180.47533
30350,-180.59398
30351,-181.1944
30352,-182.33142
30353,-184.05978
30354,-184.4423
30355,-181.86253
30356,-180.5833
30357,-179.77962
30358,-179.37262
30359,-179.28337
30360,-179.433
30361,-179.74265
30362,-180.13345
30363,-180.52658
30364,-180.86732
30365,-181.24097
30366,-181.9226
30367,-183.19489
30368,-185.33131
30369,-188.54323
30370,-192.6817
30371,-197.10995
30372,-201.17216
30373,-204.23578
30374,-205.75137
30375,-205.65323
30376,-204.53232
30377,-203.00717
30378,-201.66594
30379,-201.02034
30380,-201.13693
30381,-201.4787
30382,-201.48378
30383,-200.61879
30384,-198.43317
30385,-194.95964
30386,-190.88687
30387,-186.9314
30388,-183.77893
30389,-182.02908
30390,-181.78133
30391,-182.45778
30392,-183.45357
30393,-184.19635
30394,-184.16992
30395,-183.1838
30396,-181.48914
30397,-179.35492
30398,-177.02928
30399,-174.76053
30400,-172.79683
30401,-171.38643
30402,-170.77747
30403,-171.21794
30404,-170.59486
30405,-167.13748
30406,-165.87923
30407,-165.66197
30408,-166.25029
30409,-167.40892
30410,-168.90273
30411,-170.4966
30412,-171.95557
30413,-173.04453
30414,-173.55676
30415,-173.44968
30416,-172.90305
30417,-172.10564
30418,-171.2356
30419,-170.46783
30420,-169.95903
30421,-169.84073
30422,-170.2435
30423,-171.29909
30424,-173.0996
30425,-175.50696
30426,-178.07164
30427,-180.33199
30428,-181.84116
30429,-182.23227
30430,-181.60275
30431,-180.67982
30432,-180.21617
30433,-180.9346
30434,-183.43527
30435,-187.60753
30436,-192.37877
30437,-196.63899
30438,-199.32434
30439,-199.50954
30440,-197.07687
30441,-193.00531
30442,-188.32057
30443,-183.99765
30444,-180.91887
30445,-179.42508
30446,-179.12357
30447,-179.59207
30448,-180.44348
30449,-181.29086
30450,-181.74739
30451,-181.42618
30452,-179.94017
30453,-176.90215
30454,-174.9246
30455,-176.83287
30456,-177.2682
30457,-177.20879
30458,-176.72719
30459,-175.89607
30460,-174.78816
30461,-173.47607
30462,-172.03258
30463,-170.53041
30464,-169.03482
30465,-167.56812
30466,-166.09409
30467,-164.57434
30468,-162.97318
30469,-161.26826
30470,-159.51479
30471,-157.87312
30472,-156.5076
30473,-155.57758
30474,-155.20807
30475,-155.32433
30476,-155.58124
30477,-155.62323
30478,-155.10768
30479,-153.75569
30480,-151.6591
30481,-149.41193
30482,-147.62773
30483,-146.89606
30484,-147.70354
30485,-149.93968
30486,-152.6858
30487,-154.99243
30488,-155.949
30489,-154.77286
30490,-151.42604
30491,-146.87975
30492,-142.14496
30493,-138.1847
30494,-135.8742
30495,-135.5801
30496,-136.98082
30497,-139.72859
30498,-143.50862
30499,-148.00621
30500,-152.9066
30501,-157.89532
30502,-162.65796
30503,-166.88025
30504,-170.43825
30505,-173.76698
30506,-177.27257
30507,-180.65489
30508,-183.74371
30509,-186.36877
30510,-188.35985
30511,-189.54659
30512,-189.75858
30513,-188.82515
30514,-186.6263
30515,-183.33673
30516,-179.53105
30517,-175.80049
30518,-172.71759
30519,-170.80257
30520,-170.27353
30521,-170.93903
30522,-172.59157
30523,-175.04318
30524,-178.08345
30525,-181.3706
30526,-184.38493
30527,-186.59984
30528,-187.49701
30529,-186.64851
30530,-184.1538
30531,-180.8277
30532,-177.5148
30533,-175.02621
30534,-174.07613
30535,-174.81679
30536,-176.63953
30537,-178.90576
30538,-181.01357
30539,-182.41992
30540,-182.92276
30541,-182.78221
30542,-182.27687
30543,-181.6634
30544,-181.17921
30545,-180.94804
30546,-180.94017
30547,-181.11957
30548,-181.45753
30549,-181.92542
30550,-182.49455
30551,-183.13625
30552,-183.82185
30553,-184.52267
30554,-185.91101
30555,-188.18486
30556,-189.23428
30557,-189.62663
30558,-189.5114
30559,-189.03809
30560,-188.35631
30561,-187.61569
30562,-186.96593
30563,-186.55669
30564,-186.50797
30565,-186.7674
30566,-187.04918
30567,-187.05801
30568,-186.5097
30569,-185.17699
30570,-183.16396
30571,-181.02406
30572,-179.32916
30573,-178.6298
30574,-179.40912
30575,-181.76027
30576,-185.2484
30577,-189.41788
30578,-193.83864
30579,-198.09451
30580,-201.84894
30581,-204.87317
30582,-206.94249
30583,-207.82707
30584,-207.33618
30585,-205.50812
30586,-202.69228
30587,-199.25145
30588,-195.53407
30589,-191.87054
30590,-188.48517
30591,-185.45836
30592,-182.8644
30593,-180.78436
30594,-179.28821
30595,-178.3807
30596,-177.97859
30597,-177.99503
30598,-178.3474
30599,-178.95312
30600,-179.72968
30601,-180.59447
30602,-181.46501
30603,-182.25879
30604,-184.59433
30605,-189.11597
30606,-190.979
30607,-191.38817
30608,-190.61179
30609,-188.9185
30610,-186.57729
30611,-183.85727
30612,-181.02776
30613,-178.35806
30614,-176.08879
30615,-174.29309
30616,-172.81735
30617,-171.49881
30618,-170.18561
30619,-168.74329
30620,-167.13857
30621,-165.47548
30622,-163.86345
30623,-162.40529
30624,-161.20203
30625,-160.34406
30626,-159.90718
30627,-159.96675
30628,-160.5987
30629,-161.8465
30630,-163.56497
30631,-165.35342
30632,-166.8013
30633,-167.5103
30634,-167.15364
30635,-165.8206
30636,-164.16434
30637,-162.86044
30638,-162.55757
30639,-163.80177
30640,-166.54318
30641,-169.92558
30642,-173.06174
30643,-175.1034
30644,-175.3014
30645,-173.48474
30646,-170.26598
30647,-166.28929
30648,-162.16212
30649,-158.49202
30650,-155.88652
30651,-154.95282
30652,-156.29765
30653,-160.52736
30654,-163.63971
30655,-161.30083
30656,-161.66864
30657,-163.07103
30658,-165.25075
30659,-167.95084
30660,-170.91426
30661,-173.8842
30662,-176.60382
30663,-178.81635
30664,-180.29422
30665,-180.97958
30666,-181.0449
30667,-180.67169
30668,-180.03072
30669,-179.2858
30670,-178.56084
30671,-177.92549
30672,-177.44733
30673,-177.19635
30674,-177.2295
30675,-177.52696
30676,-177.9651
30677,-178.4162
30678,-178.75737
30679,-178.89684
30680,-178.92268
30681,-179.16699
30682,-179.97151
30683,-181.66632
30684,-184.51955
30685,-188.44067
30686,-192.85356
30687,-197.16316
30688,-200.79776
30689,-203.26314
30690,-204.51576
30691,-205.1231
30692,-205.67805
30693,-206.74483
30694,-208.80865
30695,-211.89539
30696,-215.40839
30697,-218.72572
30698,-221.25476
30699,-222.40286
30700,-221.57661
30701,-218.18167
30702,-216.62227
30703,-206.30116
30704,-195.76205
30705,-190.60712
30706,-181.44366
30707,-178.5926
30708,-176.82611
30709,-175.91672
30710,-175.63724
30711,-175.76059
30712,-176.05986
30713,-176.30809
30714,-176.30106
30715,-175.96606
30716,-175.40866
30717,-174.74147
30718,-174.0686
30719,-173.49792
30720,-173.1586
30721,-173.20871
30722,-173.8074
30723,-175.11246
30724,-177.2413
30725,-180.07735
30726,-183.18721
30727,-186.12515
30728,-188.46062
30729,-189.80695
30730,-190.03255
30731,-189.35175
30732,-187.99292
30733,-186.16809
30734,-184.0805
30735,-181.88054
30736,-179.64726
30737,-177.4567
30738,-175.38834
30739,-173.52353
30740,-171.95422
30741,-170.78694
30742,-170.12877
30743,-170.086
30744,-170.74187
30745,-172.04515
30746,-173.76277
30747,-175.65453
30748,-177.48895
30749,-179.03462
30750,-180.06012
30751,-180.33388
30752,-179.62436
30753,-177.69972
30754,-176.17403
30755,-177.02916
30756,-177.42073
30757,-177.91447
30758,-178.6017
30759,-179.57393
30760,-180.92244
30761,-182.73866
30762,-185.11386
30763,-188.13939
30764,-191.8552
30765,-196.00388
30766,-199.92511
30767,-202.94266
30768,-204.39928
30769,-203.73012
30770,-200.91145
30771,-196.65459
30772,-191.70248
30773,-186.7643
30774,-182.49359
30775,-179.21973
30776,-176.83215
30777,-175.20229
30778,-174.2225
30779,-173.77382
30780,-173.67091
30781,-173.63858
30782,-173.39804
30783,-172.67484
30784,-171.2402
30785,-169.13136
30786,-166.74603
30787,-164.49632
30788,-162.77724
30789,-161.93597
30790,-162.04202
30791,-162.78897
30792,-163.85588
30793,-164.93971
30794,-165.76454
30795,-166.21097
30796,-166.37149
30797,-166.34698
30798,-166.2282
30799,-166.10588
30800,-166.07072
30801,-166.21355
30802,-166.62508
30803,-167.396
30804,-170.84564
30805,-182.79372
30806,-181.5969
30807,-183.85577
30808,-184.89127
30809,-185.02458
30810,-184.5772
30811,-183.87077
30812,-183.22714
30813,-182.96822
30814,-183.38208
30815,-184.56093
30816,-186.33148
30817,-188.50987
30818,-190.9249
30819,-193.40382
30820,-195.76436
30821,-197.81119
30822,-199.34846
30823,-200.18097
30824,-200.1523
30825,-199.33319
30826,-198.10223
30827,-196.85095
30828,-195.95647
30829,-195.74355
30830,-196.233
30831,-197.03357
30832,-197.73721
30833,-197.95544
30834,-197.35999
30835,-195.97281
30836,-194.29106
30837,-192.83171
30838,-192.08928
30839,-192.48021
30840,-193.96756
30841,-195.9001
30842,-197.60197
30843,-198.4266
30844,-197.80283
30845,-195.59906
30846,-192.28026
30847,-188.33647
30848,-184.23
30849,-180.42323
30850,-177.37865
30851,-175.55836
30852,-175.42433
30853,-177.43782
30854,-180.11049
30855,-180.9617
30856,-182.0428
30857,-182.99951
30858,-183.77802
30859,-184.32466
30860,-184.58565
30861,-184.50723
30862,-184.03563
30863,-183.11708
30864,-181.72697
30865,-180.01068
30866,-178.34396
30867,-177.1119
30868,-176.68852
30869,-177.38327
30870,-179.1301
30871,-181.3546
30872,-183.46255
30873,-184.88406
30874,-185.12447
30875,-184.12698
30876,-182.42859
30877,-180.59035
30878,-179.14548
30879,-178.56638
30880,-178.97209
30881,-180.003
30882,-181.28049
30883,-182.44884
30884,-183.1901
30885,-183.40492
30886,-183.2905
30887,-183.05595
30888,-182.89633
30889,-182.99109
30890,-183.42967
30891,-184.17928
30892,-185.20229
30893,-186.46683
30894,-187.92926
30895,-189.4773
30896,-190.9057
30897,-192.00554
30898,-192.57219
30899,-192.40105
30900,-191.28731
30901,-189.02606
30902,-185.41226
30903,-180.24062
30904,-177.67749
30905,-181.78188
30906,-184.1709
30907,-186.29063
30908,-188.17781
30909,-189.86917
30910,-191.40147
30911,-192.8115
30912,-194.13599
30913,-195.41167
30914,-196.66466
30915,-197.85841
30916,-198.87187
30917,-199.58047
30918,-199.86362
30919,-199.6236
30920,-198.89601
30921,-197.89725
30922,-196.85115
30923,-195.97316
30924,-195.4625
30925,-195.42413
30926,-195.8353
30927,-196.668
30928,-197.9003
30929,-199.48567
30930,-201.23521
30931,-202.76685
30932,-203.69061
30933,-203.62553
30934,-202.25293
30935,-199.61702
30936,-196.255
30937,-192.72505
30938,-189.56238
30939,-187.2455
30940,-185.92328
30941,-185.29762
30942,-185.05237
30943,-184.8926
30944,-184.55457
30945,-183.95517
30946,-183.25603
30947,-182.62865
30948,-182.23291
30949,-182.22868
30950,-182.77583
30951,-184.0341
30952,-186.16325
30953,-189.32283
30954,-189.59967
30955,-184.17276
30956,-182.48349
30957,-182.40752
30958,-183.5489
30959,-185.51239
30960,-187.90298
30961,-190.32594
30962,-192.38669
30963,-193.69061
30964,-193.91345
30965,-193.14105
30966,-192.0152
30967,-191.20078
30968,-191.33643
30969,-192.94836
30970,-195.91048
30971,-199.21347
30972,-201.8129
30973,-202.70634
30974,-201.0396
30975,-196.82515
30976,-196.25278
30977,-190.56337
30978,-180.94315
30979,-178.4377
30980,-178.2763
30981,-179.58278
30982,-181.43735
30983,-182.97342
30984,-183.42299
30985,-182.58887
30986,-181.04762
30987,-179.40717
30988,-178.23882
30989,-178.07625
30990,-179.23357
30991,-181.7276
30992,-185.56328
30993,-190.75949
30994,-202.29688
30995,-209.93382
30996,-218.12817
30997,-226.32655
30998,-233.99013
30999,-240.58029
31000,-245.55803
31001,-243.38365
31002,-243.5163
31003,-240.41344
31004,-235.07693
31005,-230.25269
31006,-225.90277
31007,-221.87251
31008,-218.10919
31009,-214.56015
31010,-211.1727
31011,-207.8942
31012,-204.67197
31013,-201.45341
31014,-198.19722
31015,-194.92769
31016,-191.7584
31017,-188.80663
31018,-186.18532
31019,-183.9937
31020,-182.25029
31021,-180.8644
31022,-179.74088
31023,-178.78986
31024,-177.95041
31025,-177.33005
31026,-177.26447
31027,-178.09842
31028,-180.16562
31029,-183.71426
31030,-188.49655
31031,-193.5937
31032,-198.0611
31033,-200.98616
31034,-201.57613
31035,-199.7368
31036,-196.32274
31037,-192.22885
31038,-188.30629
31039,-185.31975
31040,-183.52934
31041,-182.51076
31042,-181.81203
31043,-181.01382
31044,-179.74588
31045,-177.92307
31046,-175.84663
31047,-173.8335
31048,-172.18211
31049,-171.19101
31050,-171.15858
31051,-172.38306
31052,-175.16238
31053,-179.79431
31054,-190.07968
31055,-188.73013
31056,-191.73203
31057,-194.05818
31058,-195.76523
31059,-196.9098
31060,-197.54865
31061,-197.73837
31062,-197.53578
31063,-196.99757
31064,-196.18341
31065,-195.16954
31066,-194.05473
31067,-192.93874
31068,-191.9202
31069,-191.09245
31070,-190.51773
31071,-190.21632
31072,-190.20656
31073,-190.50896
31074,-191.11934
31075,-191.89041
31076,-192.48108
31077,-192.54231
31078,-191.73419
31079,-189.78163
31080,-186.78682
31081,-183.3641
31082,-180.14917
31083,-177.7535
31084,-176.70877
31085,-177.08371
31086,-178.32002
31087,-179.8348
31088,-181.07515
31089,-181.54982
31090,-181.12483
31091,-180.15077
31092,-178.9975
31093,-178.01212
31094,-177.5051
31095,-177.57431
31096,-178.02948
31097,-178.66888
31098,-179.30458
31099,-179.7486
31100,-179.813
31101,-179.3098
31102,-178.05092
31103,-175.84824
31104,-173.29541
31105,-171.71086
31106,-170.80229
31107,-170.42604
31108,-170.46146
31109,-170.78793
31110,-171.28485
31111,-171.8317
31112,-172.30788
31113,-172.59285
31114,-172.5812
31115,-172.25568
31116,-171.7183
31117,-171.07584
31118,-170.42941
31119,-169.87543
31120,-169.48262
31121,-169.28249
31122,-169.30493
31123,-169.58171
31124,-170.1372
31125,-170.95293
31126,-171.95241
31127,-173.05688
31128,-174.19037
31129,-175.27907
31130,-176.26183
31131,-177.09444
31132,-177.73349
31133,-178.13464
31134,-178.28065
31135,-178.31125
31136,-178.57896
31137,-179.4448
31138,-181.25948
31139,-184.29553
31140,-188.37146
31141,-192.69125
31142,-196.4351
31143,-198.81247
31144,-199.13109
31145,-197.27228
31146,-193.8958
31147,-189.69453
31148,-185.3252
31149,-181.44496
31150,-178.71085
31151,-177.77946
31152,-179.30678
31153,-183.94759
31154,-195.55548
31155,-201.15591
31156,-206.11414
31157,-205.38297
31158,-208.88939
31159,-211.56032
31160,-213.3226
31161,-214.10295
31162,-213.82803
31163,-212.42442
31164,-209.85927
31165,-206.3364
31166,-202.38092
31167,-198.532
31168,-195.3139
31169,-193.18672
31170,-192.23817
31171,-192.05127
31172,-192.18857
31173,-192.23659
31174,-191.83922
31175,-190.97295
31176,-190.06525
31177,-189.5621
31178,-189.88805
31179,-191.39363
31180,-194.00017
31181,-197.04756
31182,-199.85274
31183,-201.7603
31184,-202.18877
31185,-200.98708
31186,-198.58853
31187,-195.45087
31188,-192.00475
31189,-188.65372
31190,-185.64201
31191,-182.99777
31192,-180.74025
31193,-178.89885
31194,-177.50104
31195,-176.56319
31196,-176.08643
31197,-176.07137
31198,-176.51926
31199,-177.43147
31200,-178.80923
31201,-180.65384
31202,-182.96664
31203,-185.74884
31204,-188.16794
31205,-189.06207
31206,-189.40356
31207,-189.14326
31208,-188.35152
31209,-187.09877
31210,-185.45549
31211,-183.49216
31212,-181.27931
31213,-178.88744
31214,-176.39508
31215,-173.9268
31216,-171.66983
31217,-169.81377
31218,-168.5453
31219,-168.01738
31220,-168.18758
31221,-168.7489
31222,-169.38394
31223,-169.78812
31224,-169.70586
31225,-169.16756
31226,-168.59087
31227,-168.40866
31228,-169.03539
31229,-170.81491
31230,-173.68166
31231,-177.01576
31232,-180.17604
31233,-182.54784
31234,-183.58496
31235,-183.1387
31236,-181.59952
31237,-179.37964
31238,-176.86592
31239,-174.41759
31240,-172.23146
31241,-170.2843
31242,-168.54404
31243,-166.98907
31244,-165.6068
31245,-164.43703
31246,-163.59048
31247,-163.1807
31248,-163.31775
31249,-164.11174
31250,-165.67265
31251,-168.11052
31252,-171.5352
31253,-176.05655
31254,-177.81891
31255,-173.61026
31256,-171.91464
31257,-171.0645
31258,-170.88425
31259,-171.19835
31260,-171.83147
31261,-172.60822
31262,-173.35329
31263,-173.8914
31264,-174.07852
31265,-173.95216
31266,-173.79597
31267,-173.90341
31268,-174.5561
31269,-175.99678
31270,-178.24194
31271,-181.00185
31272,-183.97482
31273,-186.87386
31274,-189.42769
31275,-191.45615
31276,-192.9025
31277,-193.7149
31278,-193.83557
31279,-193.233
31280,-192.02809
31281,-190.54858
31282,-189.13078
31283,-188.10129
31284,-187.77934
31285,-188.4419
31286,-190.30829
31287,-193.59549
31288,-198.52272
31289,-210.21455
31290,-218.24698
31291,-226.45415
31292,-233.64162
31293,-238.6502
31294,-235.45601
31295,-233.828
31296,-229.61407
31297,-228.71118
31298,-221.96846
31299,-215.23633
31300,-209.36566
31301,-200.20699
31302,-198.60965
31303,-200.42145
31304,-202.55135
31305,-200.49265
31306,-199.41975
31307,-198.44992
31308,-197.50572
31309,-196.50966
31310,-195.38435
31311,-194.05234
31312,-192.43616
31313,-190.45834
31314,-188.06638
31315,-185.35289
31316,-182.60735
31317,-180.12738
31318,-178.20125
31319,-177.08694
31320,-176.8675
31321,-177.3885
31322,-178.48634
31323,-180.00865
31324,-181.79904
31325,-183.67761
31326,-185.43251
31327,-186.8506
31328,-187.72025
31329,-187.87529
31330,-187.4142
31331,-186.79437
31332,-186.4878
31333,-186.94943
31334,-188.55087
31335,-191.17961
31336,-194.06758
31337,-196.42085
31338,-197.47655
31339,-196.57117
31340,-193.62074
31341,-189.32805
31342,-184.42928
31343,-179.6241
31344,-175.55286
31345,-172.5101
31346,-170.3214
31347,-168.7935
31348,-167.75548
31349,-167.03656
31350,-166.46597
31351,-165.87305
31352,-165.08705
31353,-163.9373
31354,-160.60487
31355,-159.52779
31356,-150.88083
31357,-148.57314
31358,-147.48204
31359,-147.48512
31360,-148.46005
31361,-150.28455
31362,-152.83636
31363,-155.99333
31364,-159.62871
31365,-163.58965
31366,-167.68782
31367,-171.73361
31368,-175.53918
31369,-178.9348
31370,-181.85583
31371,-184.38028
31372,-186.59152
31373,-188.56633
31374,-190.36421
31375,-191.94531
31376,-193.13472
31377,-193.75223
31378,-193.6238
31379,-192.60806
31380,-190.75359
31381,-188.36661
31382,-185.76399
31383,-183.25067
31384,-181.10492
31385,-179.4508
31386,-178.2031
31387,-177.26814
31388,-176.56227
31389,-176.00247
31390,-175.50984
31391,-175.01102
31392,-174.43274
31393,-173.70155
31394,-172.75288
31395,-171.57362
31396,-170.2205
31397,-168.75294
31398,-167.22719
31399,-165.69936
31400,-164.22562
31401,-162.86217
31402,-161.66513
31403,-160.69069
31404,-158.01082
31405,-152.75552
31406,-150.40149
31407,-149.53795
31408,-149.82022
31409,-150.90395
31410,-152.44496
31411,-154.09908
31412,-155.52235
31413,-156.37067
31414,-156.35616
31415,-155.51701
31416,-154.33311
31417,-153.30171
31418,-152.89886
31419,-153.53845
31420,-155.2727
31421,-157.66443
31422,-160.25769
31423,-162.6201
31424,-164.36757
31425,-165.39667
31426,-165.98383
31427,-166.42027
31428,-166.97922
31429,-167.90086
31430,-169.23396
31431,-170.76804
31432,-172.2824
31433,-173.56883
31434,-174.42908
31435,-174.72267
31436,-174.38737
31437,-173.36415
31438,-171.59013
31439,-169.044
31440,-165.94626
31441,-162.84506
31442,-160.30176
31443,-158.86191
31444,-159.00084
31445,-160.78662
31446,-163.73624
31447,-167.34538
31448,-171.13646
31449,-174.63208
31450,-177.35489
31451,-178.82747
31452,-178.57181
31453,-176.109
31454,-173.03209
31455,-171.42899
31456,-168.2305
31457,-164.37767
31458,-160.2355
31459,-156.16937
31460,-152.54486
31461,-149.72765
31462,-148.0834
31463,-147.97801
31464,-149.70439
31465,-153.1326
31466,-157.56012
31467,-162.26292
31468,-166.54478
31469,-169.77332
31470,-171.68466
31471,-172.51402
31472,-172.51602
31473,-171.9216
31474,-170.96664
31475,-169.91544
31476,-169.0706
31477,-168.73628
31478,-169.21463
31479,-170.74626
31480,-173.21394
31481,-176.01617
31482,-178.53276
31483,-180.16664
31484,-180.4092
31485,-179.26704
31486,-177.44527
31487,-175.67725
31488,-174.66335
31489,-175.01741
31490,-176.85042
31491,-179.59283
31492,-182.64838
31493,-185.45354
31494,-187.50195
31495,-188.61864
31496,-189.07767
31497,-189.17113
31498,-189.16989
31499,-189.3449
31500,-189.96703
31501,-191.30714
31502,-193.63594
31503,-197.22383
31504,-198.39891
31505,-194.22131
31506,-193.30444
31507,-193.68979
31508,-194.98595
31509,-196.80203
31510,-198.74739
31511,-200.43153
31512,-201.46399
31513,-201.4541
31514,-200.07607
31515,-197.38203
31516,-193.93752
31517,-190.32977
31518,-187.12218
31519,-184.82738
31520,-183.6636
31521,-183.44974
31522,-183.98859
31523,-185.102
31524,-186.60153
31525,-188.23836
31526,-189.68192
31527,-190.59833
31528,-190.65762
31529,-189.58604
31530,-187.4383
31531,-184.7146
31532,-181.9336
31533,-179.5931
31534,-178.13412
31535,-177.6685
31536,-177.86176
31537,-178.3618
31538,-178.83778
31539,-178.98761
31540,-178.67497
31541,-177.98856
31542,-177.02602
31543,-175.87427
31544,-174.62209
31545,-173.36868
31546,-172.22746
31547,-171.31227
31548,-170.7364
31549,-170.61307
31550,-171.05548
31551,-172.17674
31552,-174.08997
31553,-176.90825
31554,-177.977
31555,-175.15073
31556,-174.44531
31557,-174.56703
31558,-175.30513
31559,-176.44896
31560,-177.78795
31561,-179.11162
31562,-180.20953
31563,-180.87114
31564,-180.9347
31565,-180.52126
31566,-180.13544
31567,-180.29729
31568,-181.50845
31569,-184.19225
31570,-188.31686
31571,-193.23492
31572,-198.2751
31573,-202.79572
31574,-206.21272
31575,-208.2759
31576,-209.18752
31577,-209.16847
31578,-208.4185
31579,-207.12492
31580,-205.40192
31581,-203.26454
31582,-200.7236
31583,-197.79462
31584,-194.51016
31585,-191.00154
31586,-187.53435
31587,-184.37967
31588,-181.80223
31589,-180.03235
31590,-179.10054
31591,-178.76663
31592,-178.77979
31593,-178.902
31594,-178.91374
31595,-178.70268
31596,-178.30173
31597,-177.7496
31598,-177.07799
31599,-176.31863
31600,-175.50334
31601,-174.66405
31602,-173.8327
31603,-173.0414
31604,-170.64449
31605,-166.27023
31606,-165.16968
31607,-165.84502
31608,-167.85977
31609,-170.77814
31610,-174.16454
31611,-177.58376
31612,-180.60071
31613,-182.78032
31614,-183.74825
31615,-183.48352
31616,-182.44414
31617,-181.10762
31618,-179.92891
31619,-179.33096
31620,-179.55002
31621,-180.56953
31622,-182.3627
31623,-184.91483
31624,-188.16139
31625,-191.74922
31626,-194.934
31627,-196.95601
31628,-197.07364
31629,-194.68253
31630,-189.9806
31631,-189.25595
31632,-183.84334
31633,-175.02658
31634,-173.92575
31635,-175.71294
31636,-179.27748
31637,-183.45898
31638,-187.15926
31639,-189.38867
31640,-189.78506
31641,-188.83646
31642,-187.06369
31643,-184.94385
31644,-182.91307
31645,-181.18852
31646,-179.69272
31647,-178.33698
31648,-177.04799
31649,-175.75432
31650,-174.38641
31651,-172.8767
31652,-171.15938
31653,-169.17032
31654,-167.35098
31655,-166.62424
31656,-166.80452
31657,-167.62798
31658,-168.88162
31659,-170.35309
31660,-171.83057
31661,-173.10239
31662,-173.95726
31663,-174.18379
31664,-173.59277
31665,-172.12366
31666,-169.89038
31667,-167.01367
31668,-163.6059
31669,-159.8012
31670,-155.86159
31671,-152.2222
31672,-149.3247
31673,-147.60204
31674,-147.41853
31675,-148.74188
31676,-151.0028
31677,-153.61156
31678,-156.00378
31679,-157.67126
31680,-158.43153
31681,-158.54347
31682,-158.2828
31683,-157.90402
31684,-157.62372
31685,-157.43974
31686,-157.05339
31687,-156.15437
31688,-154.44633
31689,-151.68213
31690,-147.90182
31691,-143.5347
31692,-139.0252
31693,-134.799
31694,-131.24593
31695,-128.5486
31696,-126.60935
31697,-125.319664
31698,-124.58452
31699,-124.30884
31700,-124.39745
31701,-124.75517
31702,-125.286766
31703,-125.89699
31704,-125.92944
31705,-125.136475
31706,-125.17564
31707,-125.56056
31708,-126.13957
31709,-126.76114
31710,-127.27363
31711,-127.52541
31712,-127.36486
31713,-126.64036
31714,-125.2413
31715,-123.29568
31716,-121.2544
31717,-119.580635
31718,-118.72212
31719,-119.060974
31720,-120.598526
31721,-122.82038
31722,-125.192314
31723,-127.20484
31724,-128.40242
31725,-128.64291
31726,-128.20807
31727,-127.396
31728,-126.484436
31729,-125.720345
31730,-125.17222
31731,-124.66692
31732,-124.02208
31733,-123.06689
31734,-121.66941
31735,-119.92305
31736,-118.22629
31737,-116.98923
31738,-116.60737
31739,-117.42614
31740,-119.49992
31741,-122.48884
31742,-126.03788
31743,-129.8108
31744,-133.49132
31745,-136.87775
31746,-139.92381
31747,-142.58919
31748,-144.82602
31749,-146.5866
31750,-147.82304
31751,-148.48758
31752,-148.53246
31753,-147.9098
31754,-145.49495
31755,-141.0521
31756,-138.09346
31757,-135.79416
31758,-134.00897
31759,-132.59279
31760,-131.40062
31761,-130.28748
31762,-129.1083
31763,-127.71813
31764,-125.98649
31765,-123.866844
31766,-121.42637
31767,-118.73662
31768,-115.86371
31769,-112.89954
31770,-110.08598
31771,-107.8679
31772,-106.69785
31773,-107.01889
31774,-109.19098
31775,-113.09019
31776,-117.936584
31777,-122.924385
31778,-127.279305
31779,-130.31451
31780,-131.84888
31781,-132.38559
31782,-132.4538
31783,-132.54985
31784,-133.12
31785,-134.31895
31786,-135.90703
31787,-137.62941
31788,-139.25021
31789,-140.55534
31790,-141.45708
31791,-142.03868
31792,-142.38995
31793,-142.59245
31794,-142.72466
31795,-142.84642
31796,-142.9924
31797,-143.19641
31798,-143.4934
31799,-143.91832
31800,-144.50615
31801,-145.2919
31802,-146.31046
31803,-147.59686
31804,-149.58522
31805,-152.297
31806,-154.2808
31807,-155.84422
31808,-157.01772
31809,-157.83176
31810,-158.31682
31811,-158.50333
31812,-158.42183
31813,-158.10277
31814,-157.58972
31815,-157.00256
31816,-156.56432
31817,-156.50203
31818,-157.03784
31819,-158.354
31820,-160.4017
31821,-162.81926
31822,-165.23296
31823,-167.28412
31824,-168.64673
31825,-169.18437
31826,-169.0174
31827,-168.27628
31828,-167.07921
31829,-165.53651
31830,-163.71245
31831,-161.60867
31832,-159.22455
31833,-156.56224
31834,-153.63843
31835,-150.55327
31836,-147.52007
31837,-144.75648
31838,-142.47482
31839,-140.86345
31840,-139.97214
31841,-139.66307
31842,-139.79121
31843,-140.22064
31844,-140.82016
31845,-141.4868
31846,-142.15573
31847,-142.76357
31848,-143.245
31849,-143.53482
31850,-143.56783
31851,-143.27872
31852,-142.6023
31853,-141.47327
31854,-142.57152
31855,-147.53062
31856,-149.47276
31857,-149.99318
31858,-149.39441
31859,-147.97916
31860,-146.05016
31861,-143.9103
31862,-141.86252
31863,-140.20973
31864,-139.22597
31865,-139.01743
31866,-139.46332
31867,-140.43407
31868,-141.81102
31869,-143.47833
31870,-145.33673
31871,-147.30904
31872,-149.31903
31873,-151.28943
31874,-153.14644
31875,-154.83708
31876,-156.33615
31877,-157.6197
31878,-158.66232
31879,-159.44006
31880,-159.93689
31881,-160.1477
31882,-160.06776
31883,-159.6919
31884,-159.02074
31885,-158.08965
31886,-156.98071
31887,-155.77794
31888,-154.56302
31889,-153.41174
31890,-152.36525
31891,-151.41783
31892,-150.56184
31893,-149.79196
31894,-149.10583
31895,-148.51796
31896,-148.0659
31897,-147.78804
31898,-147.72174
31899,-147.90427
31900,-148.37294
31901,-149.16507
31902,-150.31792
31903,-151.86885
31904,-154.63364
31905,-158.67273
31906,-161.27531
31907,-163.16202
31908,-164.50912
31909,-165.49295
31910,-166.28975
31911,-167.07591
31912,-168.02783
31913,-169.32185
31914,-171.10054
31915,-173.31021
31916,-175.6315
31917,-177.73473
31918,-179.30281
31919,-180.05759
31920,-179.94664
31921,-179.22354
31922,-178.15427
31923,-176.99023
31924,-175.9641
31925,-175.19855
31926,-174.6675
31927,-174.3388
31928,-174.1875
31929,-174.19044
31930,-174.33527
31931,-174.6243
31932,-175.06041
31933,-175.64581
31934,-176.37218
31935,-177.1703
31936,-177.8884
31937,-178.37148
31938,-178.46835
31939,-178.05103
31940,-177.12576
31941,-175.88095
31942,-174.51219
31943,-173.20656
31944,-172.1413
31945,-171.43672
31946,-171.1361
31947,-171.27946
31948,-171.91072
31949,-173.07358
31950,-174.81177
31951,-177.16908
31952,-180.18924
31953,-183.91583
31954,-187.79459
31955,-190.43506
31956,-191.52913
31957,-191.42007
31958,-190.2975
31959,-188.35117
31960,-185.77109
31961,-182.7474
31962,-179.47029
31963,-176.13007
31964,-172.90143
31965,-169.86865
31966,-166.99338
31967,-164.23228
31968,-161.5479
31969,-158.92448
31970,-156.47284
31971,-154.47499
31972,-153.21965
31973,-152.98723
31974,-153.99886
31975,-156.13084
31976,-158.79318
31977,-161.37798
31978,-163.29979
31979,-164.03699
31980,-163.43814
31981,-161.85358
31982,-159.65329
31983,-157.18353
31984,-154.77473
31985,-152.66527
31986,-150.96857
31987,-149.79323
31988,-149.25368
31989,-149.43875
31990,-150.28848
31991,-151.54173
31992,-152.92941
31993,-154.19211
31994,-155.0967
31995,-155.56252
31996,-155.7154
31997,-155.68938
31998,-155.60873
31999,-155.59792
32000,-155.78163
32001,-156.28459
32002,-157.23166
32003,-158.74774
32004,-158.98468
32005,-156.7143
32006,-156.68642
32007,-157.78604
32008,-159.78833
32009,-162.46873
32010,-165.60265
32011,-168.96573
32012,-172.33353
32013,-175.4818
32014,-178.20712
32015,-180.42801
32016,-182.22768
32017,-183.69603
32018,-184.91492
32019,-185.96007
32020,-186.87094
32021,-187.63788
32022,-188.24924
32023,-188.6957
32024,-188.9617
32025,-188.9959
32026,-188.69843
32027,-187.96738
32028,-186.70311
32029,-184.86922
32030,-182.7974
32031,-181.31859
32032,-181.2838
32033,-183.51987
32034,-188.69113
32035,-201.52397
32036,-210.47668
32037,-218.95996
32038,-225.44653
32039,-223.6151
32040,-223.34496
32041,-221.1466
32042,-218.60274
32043,-217.22177
32044,-218.35013
32045,-222.39006
32046,-233.46475
32047,-240.64465
32048,-248.06187
32049,-254.84946
32050,-260.14066
32051,-258.06784
32052,-257.76154
32053,-253.34946
32054,-246.56396
32055,-233.98343
32056,-218.09924
32057,-210.77328
32058,-206.31387
32059,-199.03267
32060,-198.24359
32061,-198.26222
32062,-198.40494
32063,-197.98862
32064,-196.41287
32065,-193.55869
32066,-189.96002
32067,-186.1784
32068,-182.7446
32069,-180.1393
32070,-178.55148
32071,-177.7746
32072,-177.5863
32073,-177.7831
32074,-178.1699
32075,-178.6
32076,-178.99216
32077,-179.26778
32078,-179.34514
32079,-179.15176
32080,-178.66936
32081,-177.95297
32082,-177.0605
32083,-176.04645
32084,-174.96167
32085,-173.83588
32086,-172.67015
32087,-171.46446
32088,-170.2201
32089,-168.94328
32090,-167.66884
32091,-166.47026
32092,-165.42255
32093,-164.59894
32094,-164.07538
32095,-163.94403
32096,-164.31915
32097,-165.31566
32098,-167.04755
32099,-169.62868
32100,-173.17279
32101,-177.7936
32102,-188.60464
32103,-195.71927
32104,-193.93147
32105,-188.75313
32106,-186.33153
32107,-184.64236
32108,-183.5757
32109,-183.02179
32110,-182.87088
32111,-183.01328
32112,-183.33937
32113,-183.73946
32114,-184.09772
32115,-184.2615
32116,-184.02858
32117,-183.19463
32118,-181.55757
32119,-178.96014
32120,-175.50536
32121,-171.64943
32122,-167.86307
32123,-164.60023
32124,-162.27213
32125,-161.04233
32126,-160.73906
32127,-161.17732
32128,-162.18834
32129,-163.6017
32130,-165.23788
32131,-166.90486
32132,-168.41016
32133,-169.56192
32134,-170.20169
32135,-170.36565
32136,-170.35358
32137,-170.47565
32138,-171.02946
32139,-172.26271
32140,-174.13309
32141,-176.20563
32142,-178.02997
32143,-179.17459
32144,-179.25638
32145,-178.17413
32146,-176.20894
32147,-173.65721
32148,-170.79741
32149,-167.9081
32150,-165.26787
32151,-163.15524
32152,-161.84871
32153,-161.62665
32154,-162.75467
32155,-164.50055
32156,-165.28809
32157,-165.56961
32158,-165.45238
32159,-165.04364
32160,-164.45068
32161,-163.78084
32162,-163.14142
32163,-162.63971
32164,-162.3763
32165,-162.4125
32166,-162.75642
32167,-163.41411
32168,-164.39417
32169,-165.68596
32170,-167.16719
32171,-168.56425
32172,-169.59778
32173,-169.99554
32174,-169.53984
32175,-168.33055
32176,-166.8977
32177,-165.78854
32178,-165.52977
32179,-166.5649
32180,-168.855
32181,-171.70787
32182,-174.4062
32183,-176.26407
32184,-176.68599
32185,-175.60255
32186,-173.65762
32187,-171.52376
32188,-169.83983
32189,-169.17122
32190,-169.65561
32191,-170.85147
32192,-172.2947
32193,-173.54886
32194,-174.2217
32195,-174.17699
32196,-173.62541
32197,-172.79138
32198,-171.88284
32199,-171.1078
32200,-170.67426
32201,-170.7901
32202,-171.66331
32203,-173.5017
32204,-176.81644
32205,-180.8672
32206,-183.05847
32207,-184.22858
32208,-184.64444
32209,-184.57323
32210,-184.28217
32211,-184.03865
32212,-184.11008
32213,-184.76378
32214,-186.22949
32215,-188.51869
32216,-191.34702
32217,-194.41847
32218,-197.45131
32219,-200.17114
32220,-202.347
32221,-203.80655
32222,-204.37979
32223,-203.8937
32224,-202.23512
32225,-199.63873
32226,-196.812
32227,-194.48232
32228,-193.35489
32229,-194.01741
32230,-196.37639
32231,-199.41603
32232,-202.08386
32233,-203.37146
32234,-202.41188
32235,-199.1636
32236,-194.70593
32237,-190.16649
32238,-186.62074
32239,-185.02075
32240,-185.60158
32241,-187.62737
32242,-190.32346
32243,-192.96208
32244,-194.87578
32245,-195.74568
32246,-195.72516
32247,-194.98685
32248,-193.68106
32249,-191.95824
32250,-189.9689
32251,-187.86353
32252,-185.7928
32253,-183.90723
32254,-181.60133
32255,-178.75804
32256,-177.65756
32257,-177.60335
32258,-178.36938
32259,-179.72978
32260,-181.45879
32261,-183.33073
32262,-185.12003
32263,-186.60112
32264,-187.57413
32265,-187.9888
32266,-187.9975
32267,-187.76022
32268,-187.42603
32269,-187.12636
32270,-186.89693
32271,-186.64484
32272,-186.27213
32273,-185.68748
32274,-184.8083
32275,-183.59988
32276,-182.09222
32277,-180.31856
32278,-178.30962
32279,-176.10315
32280,-173.77495
32281,-171.45218
32282,-169.26424
32283,-167.33847
32284,-165.78662
32285,-164.62912
32286,-163.76263
32287,-163.07909
32288,-162.47638
32289,-161.86537
32290,-161.23286
32291,-160.6682
32292,-160.26472
32293,-160.11078
32294,-160.279
32295,-160.7505
32296,-161.3827
32297,-162.02812
32298,-162.54506
32299,-162.79175
32300,-162.62636
32301,-161.90689
32302,-160.49126
32303,-158.2372
32304,-157.74304
32305,-160.90874
32306,-161.45277
32307,-160.86272
32308,-159.45432
32309,-157.54349
32310,-155.4462
32311,-153.47838
32312,-151.95596
32313,-151.19473
32314,-151.45566
32315,-152.68169
32316,-154.38548
32317,-156.06311
32318,-157.23126
32319,-157.46974
32320,-156.72516
32321,-155.44095
32322,-154.07986
32323,-153.08109
32324,-152.8278
32325,-153.37909
32326,-154.35503
32327,-155.3587
32328,-156.01433
32329,-155.99582
32330,-155.26595
32331,-154.17885
32332,-153.10382
32333,-152.39157
32334,-152.3535
32335,-153.07312
32336,-154.32553
32337,-155.87386
32338,-157.49608
32339,-158.98787
32340,-160.24736
32341,-161.31165
32342,-162.22305
32343,-163.0173
32344,-163.72546
32345,-164.35095
32346,-164.85999
32347,-165.21725
32348,-165.38934
32349,-165.34274
32350,-165.04395
32351,-164.45952
32352,-163.55595
32353,-162.29977
32354,-160.63045
32355,-158.94841
32356,-158.08199
32357,-157.74905
32358,-157.85814
32359,-158.31776
32360,-159.03654
32361,-159.92307
32362,-160.88599
32363,-161.83394
32364,-162.67445
32365,-163.30879
32366,-163.62961
32367,-163.52924
32368,-162.90039
32369,-161.65991
32370,-159.86488
32371,-157.76253
32372,-155.60757
32373,-153.64568
32374,-152.10648
32375,-151.12686
32376,-150.71791
32377,-150.8859
32378,-151.6431
32379,-152.99016
32380,-154.86063
32381,-157.09694
32382,-159.53804
32383,-162.02736
32384,-164.40845
32385,-166.52547
32386,-168.22357
32387,-169.34784
32388,-169.7433
32389,-169.2829
32390,-168.00185
32391,-166.15535
32392,-164.00748
32393,-161.81178
32394,-159.80437
32395,-158.11908
32396,-156.75134
32397,-155.69109
32398,-154.93498
32399,-154.47958
32400,-154.32153
32401,-154.45741
32402,-154.88388
32403,-155.59752
32404,-152.88739
32405,-149.99792
32406,-142.10982
32407,-141.75189
32408,-143.40291
32409,-146.54231
32410,-150.64981
32411,-155.20525
32412,-159.6888
32413,-163.58073
32414,-166.40887
32415,-167.97638
32416,-168.45926
32417,-168.04803
32418,-166.91547
32419,-165.24336
32420,-163.26582
32421,-161.28766
32422,-159.61649
32423,-158.55652
32424,-158.36864
32425,-159.06187
32426,-160.30441
32427,-161.7513
32428,-163.0739
32429,-163.97897
32430,-164.37817
32431,-164.46077
32432,-164.4269
32433,-164.46346
32434,-164.73239
32435,-165.25111
32436,-165.84099
32437,-166.31583
32438,-166.49873
32439,-166.24811
32440,-165.62715
32441,-164.97679
32442,-164.64876
32443,-164.9816
32444,-166.26543
32445,-168.50993
32446,-171.34502
32447,-174.38588
32448,-177.26599
32449,-179.61896
32450,-181.07823
32451,-181.27719
32452,-179.84883
32453,-176.42578
32454,-173.9891
32455,-175.815
32456,-176.07858
32457,-175.88107
32458,-175.33896
32459,-174.5684
32460,-173.68405
32461,-172.79683
32462,-172.01385
32463,-171.44005
32464,-171.1665
32465,-171.20628
32466,-171.46736
32467,-171.85527
32468,-172.28253
32469,-172.66061
32470,-172.8847
32471,-172.8276
32472,-172.36246
32473,-171.3648
32474,-169.74016
32475,-167.5639
32476,-165.14119
32477,-162.78671
32478,-160.80466
32479,-159.46417
32480,-158.83127
32481,-158.6969
32482,-158.84134
32483,-159.05807
32484,-159.1454
32485,-158.92941
32486,-158.27367
32487,-157.04323
32488,-155.10117
32489,-152.34424
32490,-148.8659
32491,-145.0261
32492,-141.1949
32493,-137.72954
32494,-134.95862
32495,-133.04657
32496,-131.93564
32497,-131.55928
32498,-131.86145
32499,-132.78596
32500,-134.27623
32501,-136.27563
32502,-138.72716
32503,-141.57368
32504,-141.64911
32505,-136.73555
32506,-134.18633
32507,-132.49599
32508,-131.48706
32509,-130.98203
32510,-130.8031
32511,-130.77263
32512,-130.71259
32513,-130.44504
32514,-129.8101
32515,-128.75412
32516,-127.36717
32517,-125.74482
32518,-123.975555
32519,-122.14089
32520,-120.281876
32521,-118.38481
32522,-116.433784
32523,-114.41554
32524,-112.34362
32525,-110.38757
32526,-108.928154
32527,-108.35423
32528,-109.04458
32529,-111.30038
32530,-114.97116
32531,-119.29419
32532,-123.48294
32533,-126.78027
32534,-128.52835
32535,-128.64458
32536,-127.824974
32537,-126.795105
32538,-126.2433
32539,-126.77791
32540,-128.54303
32541,-131.0541
32542,-133.80257
32543,-136.31009
32544,-138.13503
32545,-139.04874
32546,-139.11081
32547,-138.39175
32548,-136.94838
32549,-134.83745
32550,-132.11551
32551,-128.83754
32552,-125.05479
32553,-120.81455
32554,-118.66406
32555,-120.918686
32556,-122.529106
32557,-124.237465
32558,-125.9556
32559,-127.5973
32560,-129.07822
32561,-130.31587
32562,-131.22948
32563,-131.73958
32564,-131.78575
32565,-131.41167
32566,-130.80124
32567,-130.14444
32568,-129.6251
32569,-129.39644
32570,-129.43166
32571,-129.45988
32572,-129.20114
32573,-128.38718
32574,-126.78727
32575,-124.38909
32576,-121.4759
32577,-118.34209
32578,-115.26765
32579,-112.53093
32580,-110.4025
32581,-109.14243
32582,-109.01024
32583,-110.26582
32584,-113.08438
32585,-117.1493
32586,-121.47768
32587,-125.06069
32588,-126.92139
32589,-126.206726
32590,-122.78299
32591,-117.49056
32592,-116.206894
32593,-109.76233
32594,-103.92628
32595,-99.118416
32596,-90.28614
32597,-87.35884
32598,-85.28859
32599,-84.02742
32600,-83.52734
32601,-83.7402
32602,-84.61776
32603,-86.11158
32604,-86.80737
32605,-85.57452
32606,-85.37391
32607,-85.55277
32608,-85.99131
32609,-86.56956
32610,-87.167465
32611,-87.66496
32612,-87.941895
32613,-87.87812
32614,-87.38236
32615,-86.53129
32616,-85.6287
32617,-84.987526
32618,-84.909805
32619,-85.64607
32620,-87.146774
32621,-88.95535
32622,-90.598625
32623,-91.62256
32624,-91.62576
32625,-90.5115
32626,-88.595375
32627,-86.2092
32628,-83.66487
32629,-81.26562
32630,-79.26513
32631,-77.85037
32632,-77.20572
32633,-77.518974
32634,-78.92226
32635,-81.22219
32636,-83.7834
32637,-85.9517
32638,-87.093864
32639,-86.67327
32640,-84.71217
32641,-81.989044
32642,-79.31162
32643,-77.45101
32644,-77.08711
32645,-78.36949
32646,-80.72807
32647,-83.562164
32648,-86.30449
32649,-88.38748
32650,-89.24407
32651,-88.30767
32652,-85.01282
32653,-83.795715
32654,-77.22092
32655,-70.081474
32656,-70.13653
32657,-72.04881
32658,-75.3516
32659,-79.5763
32660,-84.253
32661,-88.9114
32662,-93.081245
32663,-96.2929
32664,-98.146614
32665,-98.64703
32666,-98.34576
32667,-97.815704
32668,-97.60328
32669,-98.19022
32670,-99.68265
32671,-101.677574
32672,-103.751945
32673,-105.506935
32674,-106.59489
32675,-106.96526
32676,-106.96992
32677,-106.97611
32678,-107.331894
32679,-108.33316
32680,-109.97312
32681,-111.83464
32682,-113.48481
32683,-114.510345
32684,-114.5562
32685,-113.60532
32686,-112.098366
32687,-110.493385
32688,-109.226425
32689,-108.697
32690,-109.09245
32691,-110.3128
32692,-112.24694
32693,-114.79758
32694,-117.858
32695,-121.2676
32696,-124.792625
32697,-128.19658
32698,-131.24663
32699,-133.70984
32700,-135.35342
32701,-135.94455
32702,-135.2503
32703,-133.03778
32704,-132.0536
32705,-135.06789
32706,-136.50377
32707,-137.3598
32708,-137.68665
32709,-137.53491
32710,-136.95523
32711,-135.9982
32712,-134.71445
32713,-133.15468
32714,-131.37141
32715,-129.42839
32716,-127.4018
32717,-125.362465
32718,-123.37682
32719,-121.52158
32720,-119.93772
32721,-118.85409
32722,-118.50578
32723,-119.12694
32724,-120.88834
32725,-123.577095
32726,-126.45956
32727,-128.78429
32728,-129.82712
32729,-128.9864
32730,-126.36445
32731,-123.01579
32732,-120.03218
32733,-118.460106
32734,-119.1907
32735,-122.20983
32736,-126.277374
32737,-130.10585
32738,-132.46667
32739,-132.27219
32740,-129.2534
32741,-124.249535
32742,-123.14223
32743,-116.75949
32744,-110.8665
32745,-105.86737
32746,-96.67841
32747,-93.1971
32748,-90.34381
32749,-88.038635
32750,-86.20128
32751,-84.75094
32752,-83.60639
32753,-82.686066
32754,-79.3377
32755,-77.72011
32756,-70.564926
32757,-70.75786
32758,-72.72018
32759,-75.8706
32760,-79.62549
32761,-83.39982
32762,-86.608116
32763,-88.66511
32764,-89.07417
32765,-87.85111
32766,-85.70522
32767,-83.37252
32768,-81.55513
32769,-80.85463
32770,-81.289246
32771,-82.086296
32772,-82.440384
32773,-81.58347
32774,-78.861404
32775,-74.279175
32776,-73.73307
32777,-68.15294
32778,-58.424294
32779,-55.343277
32780,-54.194202
32781,-54.5673
32782,-56.022274
32783,-58.149605
32784,-60.546383
32785,-62.85554
32786,-64.783
32787,-66.03779
32788,-66.32644
32789,-65.41565
32790,-63.419666
32791,-60.923244
32792,-58.530212
32793,-56.821674
32794,-56.314392
32795,-57.149925
32796,-58.959427
32797,-61.350475
32798,-63.95337
32799,-66.39804
32800,-68.31446
32801,-69.33293
32802,-69.08437
32803,-67.200516
32804,-63.557648
32805,-59.37345
32806,-56.39953
32807,-54.23345
32808,-52.845222
32809,-52.204964
32810,-52.282875
32811,-53.04912
32812,-54.47388
32813,-56.5272
32814,-59.165794
32815,-62.26908
32816,-65.61118
32817,-68.96109
32818,-72.09255
32819,-74.794785
32820,-76.946205
32821,-78.54619
32822,-79.59946
32823,-80.105064
32824,-80.0813
32825,-79.657814
32826,-79.11509
32827,-78.739716
32828,-78.81119
32829,-79.56594
32830,-80.9889
32831,-82.72374
32832,-84.399864
32833,-85.662796
32834,-86.19858
32835,-85.927376
32836,-85.08682
32837,-83.92709
32838,-82.68322
32839,-81.581474
32840,-80.797775
32841,-80.43999
32842,-80.61326
32843,-81.42608
32844,-82.961266
32845,-85.15201
32846,-87.7283
32847,-90.41171
32848,-92.93341
32849,-95.02447
32850,-96.416214
32851,-96.8401
32852,-96.027695
32853,-93.71086
32854,-92.83994
32855,-96.08565
32856,-96.96227
32857,-96.94615
32858,-96.339966
32859,-95.44617
32860,-94.567
32861,-94.00462
32862,-94.06135
32863,-95.03941
32864,-97.19567
32865,-100.52124
32866,-104.64677
32867,-109.188416
32868,-113.77942
32869,-118.056335
32870,-121.67469
32871,-124.31532
32872,-125.66022
32873,-125.390114
32874,-123.27697
32875,-119.62282
32876,-115.44737
32877,-111.79754
32878,-109.6849
32879,-109.979774
32880,-112.7365
32881,-116.90479
32882,-121.39089
32883,-125.15388
32884,-127.25525
32885,-127.34764
32886,-125.883446
32887,-123.345924
32888,-120.18041
32889,-116.813446
32890,-113.56136
32891,-110.59105
32892,-108.06394
32893,-106.14904
32894,-104.98862
32895,-104.56929
32896,-104.666466
32897,-105.04755
32898,-105.4901
32899,-105.771736
32900,-105.67009
32901,-104.96288
32902,-103.42788
32903,-100.84296
32904,-98.03914
32905,-97.02898
32906,-97.74484
32907,-99.72259
32908,-102.63679
32909,-106.16165
32910,-109.97103
32911,-113.7387
32912,-117.138466
32913,-119.844124
32914,-121.56974
32915,-122.26238
32916,-122.184814
32917,-121.611725
32918,-120.80255
32919,-119.99491
32920,-119.30039
32921,-118.65974
32922,-118.00724
32923,-117.28525
32924,-116.449646
32925,-115.5349
32926,-114.68206
32927,-114.03619
32928,-113.737236
32929,-113.934006
32930,-114.82724
32931,-116.688034
32932,-119.79017
32933,-124.40404
32934,-135.70314
32935,-143.29892
32936,-151.04224
32937,-157.75552
32938,-157.29845
32939,-158.67004
32940,-156.67973
32941,-152.23541
32942,-151.28862
32943,-144.73962
32944,-138.43222
32945,-132.87932
32946,-123.145325
32947,-119.27676
32948,-116.34097
32949,-114.40509
32950,-113.53624
32951,-113.801926
32952,-115.270004
32953,-118.00871
32954,-120.10485
32955,-119.537796
32956,-119.79736
32957,-120.260086
32958,-120.88617
32959,-121.63607
32960,-122.4704
32961,-123.34997
32962,-124.235664
32963,-125.08848
32964,-125.860504
32965,-126.45152
32966,-126.690544
32967,-126.40388
32968,-125.421196
32969,-123.61202
32970,-121.07718
32971,-118.23077
32972,-115.498695
32973,-113.29166
32974,-111.97526
32975,-111.652664
32976,-112.07203
32977,-112.96773
32978,-114.09111
32979,-115.19928
32980,-116.08309
32981,-116.57925
32982,-116.52516
32983,-115.753685
32984,-114.14493
32985,-111.86553
32986,-109.47142
32987,-107.53369
32988,-106.60548
32989,-107.15438
32990,-109.14506
32991,-111.86045
32992,-114.55777
32993,-116.52773
32994,-117.13613
32995,-116.18015
32996,-114.04044
32997,-111.120476
32998,-107.79601
32999,-104.44302
33000,-101.4375
33001,-99.155594
33002,-97.97352
33003,-98.26773
33004,-100.18863
33005,-102.72667
33006,-104.43601
33007,-105.67014
33008,-106.46764
33009,-106.86683
33010,-106.90603
33011,-106.62326
33012,-106.05649
33013,-105.24345
33014,-104.22023
33015,-103.01363
33016,-101.638145
33017,-100.107544
33018,-98.436066
33019,-96.647705
33020,-94.82331
33021,-93.12102
33022,-91.70182
33023,-90.722885
33024,-90.318245
33025,-90.487946
33026,-91.05039
33027,-91.81672
33028,-92.60646
33029,-93.24312
33030,-93.57364
33031,-93.476654
33032,-92.832085
33033,-91.51836
33034,-89.44702
33035,-86.72269
33036,-83.71092
33037,-80.78736
33038,-78.31485
33039,-76.617905
33040,-75.79841
33041,-75.65651
33042,-75.979996
33043,-76.57077
33044,-77.24492
33045,-77.902596
33046,-78.55786
33047,-79.22947
33048,-79.93082
33049,-80.67525
33050,-81.4761
33051,-82.34681
33052,-83.30066
33053,-84.35106
33054,-85.40408
33055,-86.12132
33056,-86.301994
33057,-86.1037
33058,-85.61322
33059,-84.9166
33060,-84.09937
33061,-83.24708
33062,-82.445274
33063,-81.77985
33064,-81.34575
33065,-81.28894
33066,-81.82455
33067,-83.17088
33068,-85.54357
33069,-89.09624
33070,-93.61974
33071,-98.41234
33072,-102.75229
33073,-105.941696
33074,-107.367065
33075,-106.90148
33076,-105.07611
33077,-102.44738
33078,-99.53992
33079,-96.835434
33080,-94.56744
33081,-92.633606
33082,-90.91871
33083,-89.32349
33084,-87.76833
33085,-86.28761
33086,-85.07002
33087,-84.310295
33088,-84.19592
33089,-84.882614
33090,-86.341034
33091,-88.29076
33092,-90.44095
33093,-92.51252
33094,-94.248146
33095,-95.51641
33096,-96.35687
33097,-96.81579
33098,-96.931244
33099,-96.741264
33100,-96.28387
33101,-95.59694
33102,-94.71844
33103,-93.68624
33104,-96.26299
33105,-109.636665
33106,-114.21724
33107,-112.10227
33108,-113.617935
33109,-114.089485
33110,-113.84174
33111,-113.19942
33112,-112.48707
33113,-112.02923
33114,-112.109436
33115,-112.77311
33116,-113.74319
33117,-114.7303
33118,-115.460335
33119,-115.68856
33120,-115.33989
33121,-114.56906
33122,-113.53966
33123,-112.404175
33124,-111.30745
33125,-110.3494
33126,-109.56949
33127,-109.00475
33128,-108.6952
33129,-108.67855
33130,-108.9794
33131,-109.60471
33132,-110.56044
33133,-111.85219
33134,-113.47658
33135,-115.39307
33136,-117.51304
33137,-119.74573
33138,-122.00316
33139,-124.19556
33140,-126.217705
33141,-127.94314
33142,-129.24603
33143,-130.003
33144,-130.11508
33145,-129.61809
33146,-128.73001
33147,-127.67656
33148,-126.67542
33149,-125.94482
33150,-125.70341
33151,-126.17018
33152,-127.564415
33153,-130.10541
33154,-131.22015
33155,-128.43951
33156,-127.16039
33157,-126.23549
33158,-125.47541
33159,-124.690704
33160,-123.69176
33161,-122.28879
33162,-120.2918
33163,-117.51072
33164,-113.80523
33165,-109.32544
33166,-104.614296
33167,-100.22929
33168,-96.708534
33169,-94.51527
33170,-93.679794
33171,-93.64612
33172,-93.835045
33173,-93.69482
33174,-92.74562
33175,-90.9265
33176,-88.74369
33177,-86.72532
33178,-85.37205
33179,-85.11208
33180,-85.9522
33181,-87.32779
33182,-88.65078
33183,-89.35987
33184,-88.969696
33185,-87.435844
33186,-85.310936
33187,-83.17079
33188,-81.56247
33189,-80.98151
33190,-81.625465
33191,-83.28764
33192,-85.74443
33193,-88.79092
33194,-92.2151
33195,-95.76524
33196,-99.13594
33197,-102.01987
33198,-104.11257
33199,-105.10979
33200,-104.70754
33201,-102.60215
33202,-98.490295
33203,-97.06959
33204,-88.87832
33205,-94.171646
33206,-96.55776
33207,-98.18682
33208,-99.25003
33209,-99.93663
33210,-100.43155
33211,-100.91546
33212,-101.566734
33213,-102.56324
33214,-104.04274
33215,-105.906525
33216,-107.735405
33217,-109.099785
33218,-109.58766
33219,-108.84494
33220,-106.84402
33221,-103.99813
33222,-100.73878
33223,-97.47716
33224,-94.59525
33225,-92.30088
33226,-90.56592
33227,-89.35349
33228,-88.6384
33229,-88.38548
33230,-88.50054
33231,-88.809265
33232,-89.13405
33233,-89.30099
33234,-89.15216
33235,-88.62414
33236,-87.78126
33237,-86.6927
33238,-85.42128
33239,-84.020874
33240,-82.495316
33241,-80.78078
33242,-78.81042
33243,-76.52036
33244,-73.86575
33245,-70.91328
33246,-67.88077
33247,-64.9918
33248,-62.462387
33249,-60.508293
33250,-59.345295
33251,-59.189262
33252,-60.25649
33253,-62.763737
33254,-63.527172
33255,-59.82229
33256,-58.809685
33257,-59.00216
33258,-60.173035
33259,-62.09486
33260,-64.539406
33261,-67.27789
33262,-70.08119
33263,-72.72007
33264,-74.981964
33265,-76.75173
33266,-78.04614
33267,-78.88754
33268,-79.29199
33269,-79.270325
33270,-78.80327
33271,-77.83081
33272,-76.29134
33273,-74.125175
33274,-71.29199
33275,-67.86327
33276,-64.05966
33277,-60.10252
33278,-56.202824
33279,-52.57207
33280,-49.430286
33281,-47.010086
33282,-45.547287
33283,-45.28026
33284,-46.39868
33285,-48.794636
33286,-51.95268
33287,-55.33783
33288,-58.43466
33289,-60.765556
33290,-62.063725
33291,-62.347683
33292,-61.649998
33293,-59.99097
33294,-57.408367
33295,-54.03755
33296,-50.145725
33297,-46.00542
33298,-41.882473
33299,-38.041847
33300,-34.747356
33301,-32.26196
33302,-30.84857
33303,-30.771069
33304,-30.971111
33305,-29.200926
33306,-26.048044
33307,-21.911386
33308,-17.140978
33309,-12.084741
33310,-12.088287
33311,-2.4950821
33312,1.3529227
33313,4.1134605
33314,-659.9495
33315,-652.822
33316,4.8243494
33317,3.842029
33318,3.1657817
33319,3.2839315
33320,4.3081217
33321,-651.1322
33322,-614.6248
33323,-585.7467
33324,-572.4127
33325,-575.50433
33326,-585.8432
33327,-591.96954
33328,-582.31635
33329,-547.45087
33330,-488.07925
33331,-417.7477
33332,-350.43723
33333,-296.8057
33334,-263.82462
33335,-252.51112
33336,-257.62762
33337,-273.62173
33338,-295.15524
33339,-316.66373
33340,-333.67102
33341,-344.03693
33342,-346.26794
33343,-339.09366
33344,-321.84985
33345,-295.749
33346,-264.30875
33347,-231.21779
33348,-199.62755
33349,-172.07085
33350,-150.5154
33351,-136.55089
33352,-131.71329
33353,-137.94174
33354,-157.79617
33355,-190.66266
33356,-230.53406
33357,-275.25055
33358,-321.74545
33359,-366.0732
33360,-403.54276
33361,-429.01825
33362,-437.3932
33363,-424.23325
33364,-387.40598
33365,-331.5822
33366,-268.88202
33367,-210.59589
33368,-164.67348
33369,-135.65617
33370,-123.85839
33371,-126.08266
33372,-139.76247
33373,-163.17392
33374,-194.56876
33375,-230.9283
33376,-266.94708
33377,-295.72705
33378,-309.56366
33379,-301.83603
33380,-272.11557
33381,-228.23563
33382,-179.27217
33383,-132.73344
33384,-93.61316
33385,-63.226658
33386,-39.824688
33387,-21.555984
33388,-7.003544
33389,4.9069824
33390,14.947256
33391,23.634153
33392,31.315474
33393,38.188004
33394,44.25527
33395,49.229073
33396,52.7078
33397,54.578625
33398,55.066875
33399,54.66337
33400,53.99969
33401,53.669044
33402,53.992344
33403,54.729473
33404,54.64491
33405,49.76984
33406,43.04573
33407,37.744003
33408,34.991814
33409,34.715385
33410,36.21499
33411,38.587757
33412,40.998756
33413,42.80097
33414,43.57494
33415,43.318287
33416,42.566635
33417,42.01191
33418,42.395344
33419,44.280228
33420,47.485462
33421,50.986187
33422,53.710144
33423,54.907238
33424,54.29183
33425,52.086784
33426,48.968178
33427,45.930355
33428,44.071716
33429,44.242897
33430,46.463158
33431,49.75852
33432,52.89284
33433,54.81024
33434,54.87187
33435,53.01441
33436,49.8476
33437,46.55754
33438,44.58566
33439,45.044853
33440,47.76705
33441,51.20235
33442,53.82808
33443,54.90397
33444,54.63731
33445,53.79118
33446,52.932697
33447,52.273354
33448,51.81052
33449,51.428436
33450,50.953335
33451,50.16095
33452,48.736282
33453,46.185814
33454,42.338444
33455,38.412197
33456,35.487442
33457,33.545765
33458,32.398163
33459,31.750122
33460,31.25709
33461,30.55213
33462,29.245153
33463,26.894253
33464,22.986406
33465,17.074778
33466,8.945896
33467,-1.547032
33468,-14.500981
33469,-30.014296
33470,-48.720394
33471,-72.41583
33472,-103.74177
33473,-146.2573
33474,-204.14772
33475,-278.65887
33476,-363.2263
33477,-445.5603
33478,-509.3953
33479,-538.3184
33480,-527.366
33481,-489.45612
33482,-441.44495
33483,-398.41132
33484,-371.89105
33485,-365.43887
33486,-373.01706
33487,-387.0148
33488,-399.6657
33489,-403.3457
33490,-393.69223
33491,-371.6624
33492,-339.68008
33493,-300.38217
33494,-256.6196
33495,-212.03195
33496,-170.9432
33497,-136.76003
33498,-111.7734
33499,-97.62684
33500,-96.08622
33501,-110.115
33502,-145.25438
33503,-211.30426
33504,-269.93716
33505,-256.59802
33506,-253.43942
33507,-257.20065
33508,-265.67453
33509,-276.67456
33510,-287.90778
33511,-296.92874
33512,-301.18045
33513,-298.11655
33514,-285.88666
33515,-265.87094
33516,-243.64958
33517,-225.0235
33518,-215.08577
33519,-218.21152
33520,-236.06323
33521,-265.97226
33522,-304.06015
33523,-345.61612
33524,-385.22986
33525,-419.2876
33526,-448.14215
33527,-473.37442
33528,-496.85446
33529,-520.3111
33530,-543.44324
33531,-562.6105
33532,-573.2481
33533,-570.7875
33534,-551.748
33535,-517.592
33536,-476.28
33537,-436.34354
33538,-405.17
33539,-388.33624
33540,-385.7064
33541,-389.22397
33542,-389.19342
33543,-376.01257
33544,-342.0068
33545,-287.3729
33546,-221.95488
33547,-156.20175
33548,-97.951866
33549,-51.864803
33550,-19.56997
33551,-0.5479184
33552,6.254514
33553,0.08036746
33554,-12.51388
33555,-15.846259
33556,-19.36716
33557,-22.44525
33558,-24.550734
33559,-25.140211
33560,-23.697165
33561,-19.787258
33562,-13.131336
33563,-3.69389
33564,8.081796
33565,20.699692
33566,31.925793
33567,40.331146
33568,45.538506
33569,47.874905
33570,47.918526
33571,46.056232
33572,42.20505
33573,36.15234
33574,27.919533
33575,18.048542
33576,7.7768855
33577,-1.059603
33578,-6.289531
33579,-6.1072736
33580,-0.8874389
33581,6.256894
33582,12.17639
33583,14.402514
33584,10.726751
33585,-0.75460225
33586,-21.055325
33587,-50.923065
33588,-90.34779
33589,-138.01413
33590,-191.56192
33591,-248.23854
33592,-304.6116
33593,-356.57538
33594,-399.91617
33595,-432.31006
33596,-454.83084
33597,-469.82477
33598,-480.04904
33599,-488.48956
33600,-498.25912
33601,-512.58954
33602,-534.9113
33603,-569.0252
33604,-648.78613
33605,-5.798345
33606,-3.0765073
33607,-3.1906915
33608,-1.6411692
33609,1.084041
33610,4.5041924
33611,-605.9012
33612,-529.39594
33613,-470.83105
33614,-436.70944
33615,-428.48993
33616,-441.75168
33617,-471.8121
33618,-514.3822
33619,-564.95953
33620,-619.10516
33621,4.2757597
33622,2.314864
33623,0.8102095
33624,-0.097565226
33625,-0.3633457
33626,-0.07272719
33627,0.6790693
33628,1.8019359
33629,3.204114
33630,4.78389
33631,-637.8705
33632,-600.6404
33633,-567.5339
33634,-540.7481
33635,-522.567
33636,-515.62305
33637,-522.84906
33638,-547.74585
33639,-593.6207
33640,-657.5373
33641,2.0788443
33642,0.2415726
33643,0.11169466
33644,2.3647482
33645,-633.72205
33646,-502.39005
33647,-361.1541
33648,-235.77129
33649,-138.41573
33650,-72.82718
33651,-31.765484
33652,-21.775097
33653,-40.254387
33654,-57.14291
33655,-24.615084
33656,-6.2900033
33657,3.6145046
33658,8.186853
33659,9.432372
33660,8.839225
33661,7.7463775
33662,7.5161285
33663,9.508038
33664,14.673737
33665,22.42397
33666,30.548437
33667,37.21058
33668,41.44563
33669,42.9169
33670,41.694157
33671,38.126377
33672,32.52073
33673,25.470657
33674,18.048048
33675,11.32468
33676,5.7441936
33677,1.4978354
33678,-1.3169622
33679,-2.68862
33680,-2.699018
33681,-1.5220597
33682,0.626615
33683,3.5162077
33684,6.908846
33685,10.545438
33686,14.145614
33687,17.459015
33688,20.27574
33689,22.437187
33690,23.91094
33691,24.817944
33692,25.292353
33693,25.455479
33694,25.4391
33695,25.457672
33696,25.850815
33697,26.979223
33698,29.15921
33699,32.59559
33700,37.293495
33701,42.948074
33702,48.813316
33703,53.550888
33704,55.00239
33705,54.945576
33706,55.022842
33707,54.798717
33708,53.960415
33709,52.354168
33710,50.06931
33711,47.459404
33712,45.101025
33713,43.68737
33714,43.796783
33715,45.414032
33716,47.800743
33717,50.17575
33718,52.03107
33719,53.196617
33720,53.792007
33721,54.035286
33722,54.055374
33723,53.902027
33724,53.576878
33725,52.994263
33726,51.875313
33727,49.677925
33728,45.430893
33729,37.588753
33730,24.625694
33731,6.6021094
33732,-14.4058075
33733,-34.414936
33734,-48.456326
33735,-53.56909
33736,-51.016525
33737,-43.60397
33738,-34.264256
33739,-25.5153
33740,-18.888716
33741,-14.883804
33742,-13.855079
33743,-16.308525
33744,-22.892075
33745,-33.781315
33746,-47.969246
33747,-63.77712
33748,-78.94726
33749,-90.69247
33750,-95.95847
33751,-91.89533
33752,-76.53742
33753,-49.688347
33754,-38.36443
33755,-72.671
33756,-112.617386
33757,-157.61932
33758,-206.11069
33759,-255.99792
33760,-304.7398
33761,-349.452
33762,-387.04385
33763,-414.39154
33764,-428.85852
33765,-430.0864
33766,-420.98187
33767,-405.26968
33768,-386.61697
33769,-368.30548
33770,-352.3935
33771,-339.38303
33772,-329.4744
33773,-322.8865
33774,-319.87463
33775,-320.80072
33776,-326.18372
33777,-336.64978
33778,-352.94522
33779,-375.67087
33780,-403.71555
33781,-432.9965
33782,3.7790956
33783,-11.7857685
33784,3.5023496
33785,4.5638313
33786,-435.99506
33787,-408.73285
33788,-384.642
33789,-368.9809
33790,-365.01047
33791,-373.68454
33792,-395.99475
33793,-433.62796
33794,1.6266233
33795,-2.340369
33796,-6.891406
33797,-11.776828
33798,-16.722887
33799,-21.405684
33800,-25.439127
33801,-28.377512
33802,-28.86464
33803,-26.724714
33804,-26.0
33805,-26.0
33806,-26.0
33807,-23.273346
33808,-16.714844
33809,-12.942848
33810,-9.635622
33811,-6.8009577
33812,-4.6189156
33813,-3.38357
33814,-3.3984628
33815,-4.5754743
33816,-6.2796154
33817,-7.9166656
33818,-8.873181
33819,-8.62863
33820,-7.30529
33821,-5.7087564
33822,-4.3643646
33823,-3.6570597
33824,-3.904715
33825,-5.0071516
33826,-6.3220253
33827,-7.295135
33828,-7.410979
33829,-6.283459
33830,-19.127537
33831,-1.7336148
33832,0.40001604
33833,1.8951945
33834,2.400641
33835,1.831121
33836,0.45883882
33837,-1.5000172
33838,-3.8372407
33839,-6.3267694
33840,-8.780408
33841,-11.074827
33842,-13.070036
33843,-14.61536
33844,-15.589778
33845,-16.029999
33846,-16.153198
33847,-16.117483
33848,-16.043633
33849,-16.042728
33850,-16.22089
33851,-16.684685
33852,-17.546783
33853,-18.93254
33854,-16.553799
33855,-9.8426895
33856,-10.315404
33857,-11.431317
33858,-13.198255
33859,-15.401596
33860,-17.701633
33861,-19.674988
33862,-20.849764
33863,-20.763742
33864,-19.142178
33865,-16.340452
33866,-13.192731
33867,-10.077543
33868,-7.1595407
33869,-4.5675106
33870,-2.3696785
33871,-0.5888253
33872,0.67159325
33873,1.2786752
33874,1.1276705
33875,0.3235844
33876,-0.7509799
33877,-1.7277648
33878,-2.2453816
33879,-17.00031
33880,-1.012249
33881,-14.66283
33882,1.7677855
33883,3.0603495
33884,4.024672
33885,4.601454
33886,4.887623
33887,4.9490657
33888,4.8390307
33889,-10.379782
33890,4.3902373
33891,4.2885365
33892,4.4489727
33893,4.99767
33894,-431.7855
33895,-406.55643
33896,-376.272
33897,-344.62024
33898,-314.8262
33899,-289.64084
33900,-271.43283
33901,-262.39685
33902,-264.87775
33903,-281.80618
33904,-309.3792
33905,-334.76297
33906,-358.47665
33907,-381.1124
33908,-403.35098
33909,-425.95297
33910,4.2430453
33911,2.9061348
33912,1.4240478
33913,-0.25198096
33914,-2.1468084
33915,-4.131648
33916,-5.8694835
33917,-7.0374513
33918,-7.342889
33919,-6.6014
33920,-5.0654473
33921,-3.4123619
33922,-2.1111126
33923,-1.5461634
33924,-2.0521064
33925,-3.551365
33926,-5.404316
33927,-7.0243583
33928,-7.841828
33929,-7.396189
33930,-20.81706
33931,-3.841445
33932,-1.9486444
33933,-0.48224
33934,0.26598474
33935,0.26999804
33936,-0.16975078
33937,-0.82474214
33938,-1.4851713
33939,-1.9560592
33940,-2.1996915
33941,-2.375629
33942,-2.6052547
33943,-2.986714
33944,-3.6047757
33945,-4.4677305
33946,-20.488867
33947,-6.5986075
33948,-7.7365503
33949,-8.842399
33950,-9.856307
33951,-10.718368
33952,-11.368824
33953,-11.749073
33954,-12.230799
33955,-13.55662
33956,-15.451796
33957,-17.668358
33958,-20.095238
33959,-22.60537
33960,-25.054901
33961,-27.282831
33962,-28.173054
33963,-26.805756
33964,-26.0
33965,-41.0
33966,-26.0
33967,-26.0
33968,-26.0
33969,-26.0
33970,-26.0
33971,-26.0
33972,-25.59319
33973,-24.613552
33974,-24.409958
33975,-24.874916
33976,-25.47001
33977,-26.090223
33978,-26.470448
33979,-41.28283
33980,-26.0
33981,-26.0
33982,-26.0
33983,-26.0
33984,-41.0
33985,-26.0
33986,-26.0
33987,-26.0
33988,-26.0
33989,-26.0
33990,-26.0
33991,-26.0
33992,-26.0
33993,-26.0
33994,-26.0
33995,-26.0
33996,-26.0
33997,-26.0
33998,-26.0
33999,-26.0
34000,-26.0
34001,-26.0
34002,-26.0
34003,-26.0
34004,-26.0
34005,-26.0
34006,-26.0
34007,-26.0
34008,-26.0
34009,-41.0
34010,-26.0
34011,-26.0
34012,-26.0
34013,-26.0
34014,-26.0
34015,-26.0
34016,-26.0
34017,-26.0
34018,-26.0
34019,-26.0
34020,-26.0
34021,-26.0
34022,-26.0
34023,-26.0
34024,-26.0
34025,-26.0
34026,-26.0
34027,-26.0
34028,-26.0
34029,-26.0
34030,-26.0
34031,-26.0
34032,-26.0
34033,-26.0
34034,-26.0
34035,-26.0
34036,-26.0
34037,-26.0
34038,-26.0
34039,-26.0
34040,-26.0
34041,-26.0
34042,-26.0
34043,-26.0
34044,-26.0
34045,-26.0
34046,-25.530674
34047,-23.243563
34048,-19.908154
34049,-17.780123
34050,-15.586644
34051,-13.338512
34052,-11.049731
34053,-8.738512
34054,-7.1205745
34055,-6.9462366
34056,-7.1539764
34057,-7.7671885
34058,-8.656552
34059,-9.66436
34060,-10.614532
34061,-11.320896
34062,-11.596558
34063,-11.265603
34064,-10.228899
34065,-8.701521
34066,-22.192146
34067,-6.034698
34068,-5.505364
34069,-5.8329463
34070,-6.8611517
34071,-7.9363084
34072,-8.49655
34073,-8.032898
34074,-6.201069
34075,-3.3149652
34076,-0.25947934
34077,2.4449344
34078,4.3970075
34079,5.208257
34080,4.805543
34081,3.5614004
34082,1.806973
34083,-0.12253362
34084,-1.8721185
34085,-3.161412
34086,-3.8323436
34087,-3.7311676
34088,-2.7197807
34089,-0.75489604
34090,1.8516984
34091,4.4595466
34092,-434.57022
34093,-402.66953
34094,-394.09024
34095,-410.4497
34096,-444.94714
34097,1.8735764
34098,-0.17835198
34099,-1.2885684
34100,-0.88961196
34101,-13.527465
34102,6.0822353
34103,-343.98972
34104,-195.2236
34105,-74.26102
34106,-20.562971
34107,4.3706937
34108,5.281601
34109,-8.430502
34110,-37.324844
34111,-82.677864
34112,-148.45259
34113,-219.50748
34114,-286.62924
34115,-350.5772
34116,-401.75314
34117,-437.76337
34118,3.9472306
34119,4.15849
34120,5.011089
34121,-430.1275
34122,-408.13547
34123,-388.97528
34124,-377.20105
34125,-374.4886
34126,-378.6388
34127,-386.77283
34128,-396.0089
34129,-403.6569
34130,-408.7201
34131,-412.84842
34132,-418.2763
34133,-427.28418
34134,-441.70706
34135,3.8417377
34136,-11.881395
34137,3.1119015
34138,4.19789
34139,-429.28043
34140,-369.21844
34141,-298.97076
34142,-230.18279
34143,-171.2921
34144,-127.04267
34145,-97.647446
34146,-79.91395
34147,-71.08166
34148,-69.34405
34149,-73.54501
34150,-82.924805
34151,-96.90319
34152,-114.902664
34153,-136.21243
34154,-171.64429
34155,-230.38538
34156,-276.6327
34157,-309.9555
34158,-331.2843
34159,-342.72794
34160,-347.07928
34161,-347.45697
34162,-347.0824
34163,-349.18637
34164,-356.8147
34165,-371.78995
34166,-394.053
34167,-423.21567
34168,3.5279462
34169,1.3387561
34170,-0.9228567
34171,-2.9718893
34172,-4.52262
34173,-5.3048043
34174,-5.112272
34175,-3.9934359
34176,-2.262854
34177,-0.14214393
34178,2.2129366
34179,4.671527
34180,-425.4264
34181,-377.4326
34182,-334.68124
34183,-298.7654
34184,-270.70496
34185,-249.85551
34186,-233.51909
34187,-218.89484
34188,-203.47491
34189,-185.2623
34190,-163.91504
34191,-141.13802
34192,-118.78555
34193,-98.35685
34194,-80.97527
34195,-67.32388
34196,-57.714123
34197,-52.417805
34198,-51.842823
34199,-56.674053
34200,-68.0349
34201,-87.674995
34202,-118.18225
34203,-163.22032
34204,-230.63396
34205,-306.1702
34206,-332.79266
34207,-313.45538
34208,-259.07648
34209,-184.64252
34210,-110.64009
34211,-40.3967
34212,11.753051
34213,41.50765
34214,49.835682
34215,42.14411
34216,31.22801
34217,15.412096
34218,7.048674
34219,10.481002
34220,24.078827
34221,40.523766
34222,52.317863
34223,49.948425
34224,48.062866
34225,34.451923
34226,17.028383
34227,-2.1521742
34228,-21.682436
34229,-40.711746
34230,-59.09999
34231,-77.58667
34232,-97.46467
34233,-120.45475
34234,-148.66885
34235,-184.25595
34236,-229.05469
34237,-285.10095
34238,-354.81888
34239,-440.60654
34240,-2.000909
34241,-7.4408183
34242,-12.325054
34243,-16.050753
34244,-18.065723
34245,-18.356619
34246,-17.603304
34247,-16.340982
34248,-14.932514
34249,-13.652308
34250,-12.72633
34251,-12.374111
34252,-27.841707
34253,-14.429003
34254,-17.064688
34255,-19.428375
34256,-20.474821
34257,-21.078064
34258,-21.317755
34259,-21.270803
34260,-21.008642
34261,-20.595741
34262,-20.089529
34263,-19.541296
34264,-18.994781
34265,-18.475067
34266,-17.990856
34267,-17.561113
34268,-17.208675
34269,-16.95575
34270,-16.818584
34271,-16.807465
34272,-16.937532
34273,-17.22628
34274,-17.689213
34275,-18.326178
34276,-19.119474
34277,-20.059748
34278,-21.140682
34279,-22.322985
34280,-23.38013
34281,-23.87169
34282,-23.458792
34283,-21.901031
34284,-34.16551
34285,-15.807964
34286,-12.712818
34287,-10.209344
34288,-8.509391
34289,-7.848121
34290,-8.159315
34291,-8.984816
34292,-10.011439
34293,-10.933087
34294,-11.451189
34295,-11.509084
34296,-11.343713
34297,-11.098494
34298,-10.868187
34299,-10.742882
34300,-10.8114805
34301,-11.165085
34302,-11.9003525
34303,-13.123367
34304,-13.8355665
34305,-13.479216
34306,-14.69998
34307,-16.073027
34308,-17.39823
34309,-18.454277
34310,-19.012472
34311,-18.856146
34312,-17.804968
34313,-15.737236
34314,-27.69164
34315,-9.20937
34316,-6.1441936
34317,-3.9235337
34318,-2.9554906
34319,-3.6851313
34320,-6.0140114
34321,-9.008925
34322,-11.750779
34323,-13.260251
34324,-12.723144
34325,-10.444795
34326,-7.8295236
34327,-5.6793227
34328,-4.49919
34329,-4.733652
34330,-6.3705974
34331,-8.773279
34332,-11.414319
34333,-13.752107
34334,-15.249392
34335,-15.766568
34336,-15.686281
34337,-15.268012
34338,-14.68194
34339,-14.091501
34340,-13.733178
34341,-13.931351
34342,-14.9832535
34343,-17.22483
34344,-21.012499
34345,-26.351393
34346,-30.090416
34347,-28.00903
34348,-26.0
34349,-26.0
34350,-26.0
34351,-26.0
34352,-26.0
34353,-26.0
34354,-26.0
34355,-26.0
34356,-26.0
34357,-26.0
34358,-41.0
34359,-26.0
34360,-26.0
34361,-26.0
34362,-26.0
34363,-26.0
34364,-26.0
34365,-26.0
34366,-26.0
34367,-26.0
34368,-26.0
34369,-26.0
34370,-26.0
34371,-26.0
34372,-26.0
34373,-26.0
34374,-26.0
34375,-41.0
34376,-26.0
34377,-26.0
34378,-26.0
34379,-26.0
34380,-26.0
34381,-26.0
34382,-26.0
34383,-26.0
34384,-26.0
34385,-26.0
34386,-26.0
34387,-26.0
34388,-26.0
34389,-26.0
34390,-26.0
34391,-26.0
34392,-26.0
34393,-26.0
34394,-26.0
34395,-26.0
34396,-26.0
34397,-26.0
34398,-26.0
34399,-26.0
34400,-26.0
34401,-26.0
34402,-23.952261
34403,-16.911547
34404,-11.917931
34405,-3.9047184
34406,-1.9637833
34407,4.626983
34408,5.1205034
34409,4.407046
34410,2.625113
34411,0.031794477
34412,-3.0443308
34413,-6.220008
34414,-9.097053
34415,-11.434239
34416,-13.234565
34417,-14.481469
34418,-15.143326
34419,-15.224611
34420,-14.875287
34421,-14.390187
34422,-13.982276
34423,-13.823184
34424,-14.038457
34425,-14.522136
34426,-14.909687
34427,-14.940798
34428,-14.402894
34429,-13.172751
34430,-11.511715
34431,-10.024918
34432,-9.081528
34433,-23.990076
34434,-10.03045
34435,-12.08198
34436,-14.4776325
34437,-16.632631
34438,-17.963295
34439,-17.98751
34440,-16.90313
34441,-15.60949
34442,-14.640651
34443,-14.344569
34444,-15.004024
34445,-16.569546
34446,-18.597055
34447,-20.792206
34448,-22.883068
34449,-24.556797
34450,-25.480587
34451,-25.34122
34452,-23.904074
34453,-21.070656
34454,-21.428732
34455,-41.726948
34456,-25.18306
34457,-22.821262
34458,-20.107899
34459,-17.332605
34460,-14.650136
34461,-12.153034
34462,-9.93033
34463,-8.098857
34464,-6.792449
34465,-6.0710254
34466,-5.9052453
34467,-6.3235126
34468,-7.370084
34469,-9.066814
34470,-11.305906
34471,-13.804563
34472,-16.283705
34473,-18.452946
34474,-20.03486
34475,-20.945904
34476,-21.35195
34477,-21.358076
34478,-21.033724
34479,-20.454287
34480,-19.746677
34481,-19.084274
34482,-18.590546
34483,-33.371788
34484,-18.501272
34485,-18.85762
34486,-19.11251
34487,-19.049257
34488,-18.495218
34489,-17.34381
34490,-15.771996
34491,-14.20048
34492,-12.851684
34493,-11.880736
34494,-11.423342
34495,-11.469357
34496,-11.847419
34497,-27.466503
34498,-13.255431
34499,-14.134587
34500,-15.019654
34501,-15.823373
34502,-16.456491
34503,-16.829779
34504,-15.537619
34505,-12.74504
34506,-12.655822
34507,-12.779905
34508,-12.995801
34509,-13.1474695
34510,-13.061851
34511,-12.563267
34512,-11.487128
34513,-9.691861
34514,-7.130366
34515,-4.108132
34516,-1.2145177
34517,1.1903243
34518,2.7768846
34519,3.2086322
34520,2.4262903
34521,0.76765615
34522,-1.4649544
34523,-3.9612668
34524,-6.3798027
34525,-8.404913
34526,-9.782561
34527,-10.264936
34528,-9.637594
34529,-7.8237844
34530,-5.19513
34531,-2.4881516
34532,-0.15345687
34533,1.4452127
34534,1.9674047
34535,1.4195637
34536,0.28336945
34537,-1.0142064
34538,-2.0501494
34539,-2.457371
34540,-2.3067002
34541,-2.1937628
34542,-2.5984771
34543,-18.950808
34544,-21.651848
34545,-10.7033615
34546,-15.496345
34547,-20.409306
34548,-24.741585
34549,-27.64791
34550,-28.237827
34551,-25.85843
34552,-20.470747
34553,-12.709805
34554,-14.797341
34555,-36.571095
34556,-30.770908
34557,-26.0
34558,-26.0
34559,-25.584501
34560,-22.830545
34561,-18.435694
34562,-16.668278
34563,-15.868147
34564,-16.252823
34565,-17.720716
34566,-19.752676
34567,-22.024696
34568,-24.20775
34569,-25.909689
34570,-26.773645
34571,-41.54839
34572,-25.034845
34573,-22.15774
34574,-18.11447
34575,-13.746552
34576,-10.094481
34577,-7.4498296
34578,-6.109179
34579,-6.521171
34580,-8.733856
34581,-12.140286
34582,-16.230768
34583,-20.413536
34584,-24.003016
34585,-26.66049
34586,-28.43237
34587,-28.063139
34588,-26.0
34589,-26.0
34590,-26.0
34591,-26.0
34592,-26.0
34593,-26.0
34594,-26.0
34595,-26.0
34596,-26.0
34597,-26.0
34598,-26.0
34599,-26.0
34600,-26.0
34601,-26.0
34602,-26.0
34603,-26.0
34604,-18.210058
34605,-10.342889
34606,-6.2477536
34607,-7.0059366
34608,-8.608581
34609,-11.104888
34610,-14.14102
34611,-17.145428
34612,-19.401081
34613,-20.127993
34614,-18.768263
34615,-15.70866
34616,-27.122753
34617,-23.563185
34618,-5.2496176
34619,-2.3364053
34620,0.11973953
34621,2.140675
34622,3.6378706
34623,4.4907584
34624,4.6038375
34625,4.0426393
34626,3.0858843
34627,2.009916
34628,1.0933824
34629,0.58201265
34630,0.48015025
34631,0.49328533
34632,0.37711132
34633,-15.079126
34634,-1.046011
34635,-2.443853
34636,-3.8625863
34637,-4.9232254
34638,-5.276557
34639,-4.659443
34640,-3.1901104
34641,-1.3770467
34642,0.42959887
34643,1.9626341
34644,2.980263
34645,3.359532
34646,3.1194408
34647,2.2366002
34648,0.66721547
34649,-1.6381427
34650,-4.7398076
34651,-8.717538
34652,-13.68541
34653,-19.82049
34654,-20.724224
34655,-12.856634
34656,-13.446465
34657,-14.477972
34658,-15.823587
34659,-17.231804
34660,-18.379997
34661,-18.911861
34662,-18.481419
34663,-16.808424
34664,-13.84005
34665,-10.185713
34666,-6.852209
34667,-4.2875924
34668,-2.8628695
34669,-2.9922445
34670,-4.625099
34671,-7.012369
34672,-9.465554
34673,-11.25473
34674,-11.692067
34675,-10.663403
34676,-8.731456
34677,-6.258744
34678,-3.4514487
34679,-0.46339098
34680,2.561905
34681,5.4677844
34682,-409.29535
34683,-362.76743
34684,-329.97546
34685,-312.0345
34686,-308.9098
34687,-321.05954
34688,-349.9172
34689,-397.43094
34690,2.7098372
34691,-1.2951509
34692,-19.871305
34693,-7.33526
34694,-8.103636
34695,-7.1964817
34696,-5.3190975
34697,-17.979374
34698,-0.5049047
34699,1.8399277
34700,3.8043501
34701,5.118755
34702,-442.7043
34703,4.529146
34704,-436.46082
34705,-360.54443
34706,-334.3705
34707,-341.56415
34708,-373.57034
34709,-423.1605
34710,1.8643478
34711,-0.954587
34712,-2.7340221
34713,-2.8621118
34714,-0.9827423
34715,2.387682
34716,5.994365
34717,-393.62198
34718,-351.0294
34719,-341.4987
34720,-367.0042
34721,-415.75235
34722,-12.517662
34723,0.6926195
34724,1.0820228
34725,3.5077193
34726,-436.096
34727,-378.93863
34728,-334.9888
34729,-315.7961
34730,-323.6979
34731,-349.3923
34732,-380.92804
34733,-404.8203
34734,-407.82217
34735,-386.3873
34736,-351.55243
34737,-316.30273
34738,-291.6772
34739,-286.39313
34740,-303.52945
34741,-338.30896
34742,-384.04587
34743,-432.7007
34744,2.5745847
34745,1.41138
34746,0.9308348
34747,0.9723456
34748,1.4143637
34749,2.1460617
34750,3.0662715
34751,4.0811
34752,5.1010547
34753,-432.87402
34754,-429.45242
34755,3.845507
34756,2.1664798
34757,-14.599235
34758,-1.3442626
34759,-2.9583998
34760,-4.3305187
34761,-5.351173
34762,-5.9159827
34763,-5.9298124
34764,-5.335002
34765,-4.2211924
34766,-2.8279722
34767,-1.3294548
34768,0.135319
34769,1.4347444
34770,2.4497354
34771,3.0713367
34772,3.1768463
34773,2.6305244
34774,1.3259926
34775,-0.6052877
34776,-2.6976993
34777,-4.4838076
34778,-5.5060344
34779,-5.412266
34780,-4.382936
34781,-3.1662652
34782,-2.3043528
34783,-2.2388773
34784,-3.346453
34785,-5.508917
34786,-7.9153643
34787,-9.792664
34788,-25.39253
34789,-9.171862
34790,-6.503673
34791,-3.5811505
34792,-1.0917875
34793,0.48380807
34794,0.69061536
34795,-0.54742956
34796,-2.767752
34797,-5.5769215
34798,-8.568529
34799,-11.271415
34800,-13.171386
34801,-13.75821
34802,-12.6085
34803,-9.47886
34804,-9.67002
34805,-16.574772
34806,-32.81354
34807,-17.92368
34808,-17.186394
34809,-15.8608
34810,-14.1603985
34811,-12.248133
34812,-10.2468195
34813,-8.255994
34814,-6.3785596
34815,-4.777938
34816,-3.6862185
34817,-3.3303103
34818,-3.9635913
34819,-5.7993984
34820,-8.589422
34821,-11.4088745
34822,-13.322135
34823,-13.424971
34824,-11.160601
34825,-7.247657
34826,-3.3383024
34827,-0.22531709
34828,1.5441432
34829,1.3875105
34830,-0.6830793
34831,-3.7014635
34832,-6.696301
34833,-23.617912
34834,-8.533999
34835,-6.5266957
34836,-3.7684143
34837,-0.9905847
34838,1.3592227
34839,2.9278793
34840,3.700586
34841,4.0671787
34842,4.319352
34843,4.7240663
34844,-440.574
34845,-419.5113
34846,-393.71985
34847,-366.56705
34848,-341.0595
34849,-319.8486
34850,-305.31207
34851,-299.73477
34852,-305.5872
34853,-325.90463
34854,-357.09918
34855,-379.37448
34856,-379.58066
34857,-362.87302
34858,-334.91528
34859,-301.3693
34860,-267.3538
34861,-237.18336
34862,-214.38286
34863,-201.977
34864,-202.64473
34865,-217.38423
34866,-244.41821
34867,-281.4047
34868,-325.57376
34869,-373.4677
34870,-421.63953
34871,2.8804047
34872,0.98565036
34873,-0.39089733
34874,-1.1575698
34875,-1.3037183
34876,-0.9145651
34877,-0.06175555
34878,1.1971997
34879,2.793877
34880,4.572255
34881,-435.1527
34882,-405.0349
34883,-384.0898
34884,-375.6593
34885,-379.69656
34886,-391.18463
34887,-404.00653
34888,-411.78348
34889,-408.6335
34890,-392.82095
34891,-368.6565
34892,-341.4479
34893,-315.96515
34894,-296.01004
34895,-282.75494
34896,-274.08966
34897,-267.4361
34898,-260.36267
34899,-250.54588
34900,-235.8357
34901,-214.40929
34902,-185.01514
34903,-147.30371
34904,-133.33575
34905,-172.88463
34906,-199.55061
34907,-214.02834
34908,-217.52078
34909,-212.09167
34910,-200.23741
34911,-184.56912
34912,-167.59615
34913,-151.5899
34914,-138.45747
34915,-129.44081
34916,-125.079926
34917,-125.87925
34918,-132.54283
34919,-145.8493
34920,-165.51021
34921,-189.07016
34922,-213.02914
34923,-233.17487
34924,-245.29042
34925,-248.21158
34926,-245.71222
34927,-242.66577
34928,-243.86192
34929,-253.6956
34930,-274.11957
34931,-303.0813
34932,-337.35083
34933,-373.08853
34934,-405.9892
34935,-432.7976
34936,4.1856666
34937,3.7289174
34938,3.652446
34939,3.9314754
34940,4.49581
34941,5.2220545
34942,-431.51846
34943,-417.08252
34944,-404.86545
34945,-396.14587
34946,-391.3108
34947,-390.60995
34948,-394.35355
34949,-402.9237
34950,-416.79028
34951,-436.5286
34952,3.5352457
34953,1.7122089
34954,-0.91266525
34955,-3.9445298
34956,-5.0754175
34957,-5.239406
34958,-4.609017
34959,-3.3435264
34960,-1.5804234
34961,0.56623596
34962,3.0019724
34963,-9.3547325
34964,-401.75754
34965,-347.7114
34966,-297.9546
34967,-254.6166
34968,-219.2376
34969,-192.42705
34970,-171.80743
34971,-151.35133
34972,-125.33096
34973,-89.87871
34974,-45.32454
34975,-5.5040326
34976,26.971725
34977,48.229713
34978,53.074955
34979,52.485027
34980,43.9075
34981,12.6982975
34982,-35.574284
34983,-96.57099
34984,-143.33461
34985,-168.31372
34986,-169.53836
34987,-158.57428
34988,-147.68764
34989,-147.23416
34990,-161.867
34991,-188.47675
34992,-221.81938
34993,-255.26007
34994,-281.17566
34995,-294.94876
34996,-298.0972
34997,-293.95285
34998,-286.0522
34999,-277.8854
35000,-272.7975
35001,-274.05753
35002,-285.09985
35003,-309.93536
35004,-323.10248
35005,-296.04224
35006,-285.12088
35007,-285.21912
35008,-293.0676
35009,-305.58948
35010,-319.6135
35011,-331.74106
35012,-338.36856
35013,-335.86447
35014,-321.42014
35015,-295.91602
35016,-264.97403
35017,-234.50533
35018,-209.44939
35019,-193.40604
35020,-186.60654
35021,-185.02219
35022,-183.97626
35023,-178.89307
35024,-165.97607
35025,-145.14606
35026,-121.064445
35027,-98.54501
35028,-81.29605
35029,-71.7736
35030,-69.80805
35031,-71.948044
35032,-74.15157
35033,-72.30457
35034,-62.991962
35035,-46.37613
35036,-26.977863
35037,-9.176157
35038,4.16446
35039,11.644844
35040,13.436699
35041,10.928013
35042,5.32244
35043,-2.2152646
35044,-10.277089
35045,-17.548006
35046,-23.26233
35047,-26.806948
35048,-27.626003
35049,-25.28477
35050,-19.54187
35051,-10.430181
35052,1.6525263
35053,15.844096
35054,12.623249
35055,-39.067894
35056,-78.29474
35057,-112.66148
35058,-134.01944
35059,-142.28503
35060,-139.33704
35061,-128.11351
35062,-111.91197
35063,-93.888336
35064,-76.630226
35065,-61.499527
35066,-48.551796
35067,-37.605896
35068,-28.497087
35069,-21.071983
35070,-15.16946
35071,-10.61529
35072,-7.259741
35073,-4.984376
35074,-3.6363986
35075,-2.7168503
35076,-1.2020876
35077,1.9838266
35078,7.7288504
35079,16.37006
35080,26.89077
35081,37.085365
35082,45.228542
35083,50.58912
35084,53.40715
35085,54.576622
35086,54.9431
35087,54.895786
35088,54.467297
35089,53.388615
35090,51.2234
35091,47.80335
35092,43.42286
35093,38.852486
35094,35.157894
35095,33.026634
35096,32.216335
35097,32.120598
35098,32.062828
35099,31.351456
35100,29.235281
35101,24.756327
35102,16.499647
35103,2.2413254
35104,1.2577908
35105,27.3801
35106,36.707874
35107,37.583767
35108,32.180355
35109,19.896358
35110,-0.5912039
35111,-29.808619
35112,-66.498535
35113,-107.15939
35114,-146.35593
35115,-178.71393
35116,-201.05893
35117,-211.45071
35118,-208.83244
35119,-193.57112
35120,-169.60727
35121,-144.69144
35122,-125.9948
35123,-119.43497
35124,-130.2931
35125,-160.56099
35126,-205.04091
35127,-254.344
35128,-295.22498
35129,-313.1814
35130,-303.2561
35131,-276.30978
35132,-246.20433
35133,-224.94165
35134,-222.03989
35135,-241.88657
35136,-282.09683
35137,-338.97354
35138,-407.7527
35139,-482.01907
35140,-555.7841
35141,-625.88257
35142,3.5042114
35143,1.3559166
35144,-0.28866866
35145,-1.4735031
35146,-2.350624
35147,-3.07949
35148,-3.814962
35149,-4.711658
35150,-5.924286
35151,-7.6078377
35152,-9.917691
35153,-13.009744
35154,-14.451643
35155,-12.116568
35156,-11.42065
35157,-11.329564
35158,-11.681338
35159,-12.313268
35160,-13.0622225
35161,-13.764793
35162,-14.257524
35163,-14.377126
35164,-13.983954
35165,-13.075172
35166,-11.834935
35167,-10.45829
35168,-9.132029
35169,-8.032429
35170,-7.2751384
35171,-6.8928823
35172,-6.9132977
35173,-7.367685
35174,-8.2843275
35175,-9.6735325
35176,-11.520811
35177,-13.809828
35178,-16.525217
35179,-19.635878
35180,-23.01998
35181,-26.430803
35182,-29.613777
35183,-32.32003
35184,-34.325665
35185,-35.54946
35186,-36.10447
35187,-36.11378
35188,-35.691517
35189,-34.955055
35190,-34.042274
35191,-33.119106
35192,-32.352818
35193,-31.909355
35194,-31.937235
35195,-32.482185
35196,-33.44967
35197,-34.737564
35198,-36.249798
35199,-37.890106
35200,-39.562183
35201,-41.169666
35202,-42.61622
35203,-43.805584
35204,-46.38937
35205,-51.18628
35206,-53.495018
35207,-54.504528
35208,-54.528713
35209,-53.879894
35210,-52.86941
35211,-51.807964
35212,-51.006035
35213,-50.774063
35214,-51.38136
35215,-52.85619
35216,-54.898346
35217,-57.191757
35218,-59.434975
35219,-61.358032
35220,-62.874454
35221,-64.147156
35222,-65.35012
35223,-66.64571
35224,-68.17047
35225,-69.91096
35226,-71.6501
35227,-73.162025
35228,-74.23032
35229,-74.66033
35230,-74.38238
35231,-73.49625
35232,-72.10869
35233,-70.318436
35234,-68.237526
35235,-66.056
35236,-64.06965
35237,-62.578518
35238,-61.877872
35239,-62.220406
35240,-63.609425
35241,-65.70874
35242,-68.16674
35243,-70.64712
35244,-72.8368
35245,-74.55901
35246,-75.821785
35247,-76.64112
35248,-77.0244
35249,-76.978874
35250,-76.51179
35251,-75.63048
35252,-74.34217
35253,-72.65415
35254,-71.42292
35255,-71.88001
35256,-73.04972
35257,-74.78883
35258,-76.87197
35259,-79.07345
35260,-81.16756
35261,-82.92858
35262,-84.130844
35263,-84.54895
35264,-84.02216
35265,-82.765236
35266,-81.50139
35267,-80.97383
35268,-81.90183
35269,-84.89617
35270,-89.93176
35271,-101.11884
35272,-107.5306
35273,-113.281166
35274,-112.556854
35275,-114.95909
35276,-115.65014
35277,-114.81376
35278,-112.60658
35279,-109.21515
35280,-104.99988
35281,-100.55638
35282,-96.48894
35283,-93.3902
35284,-91.768036
35285,-91.638405
35286,-92.350586
35287,-93.22722
35288,-93.622406
35289,-92.9834
35290,-91.29946
35291,-89.2935
35292,-87.7169
35293,-87.2859
35294,-88.62589
35295,-91.83213
35296,-96.28022
35297,-101.31574
35298,-106.31799
35299,-110.66652
35300,-113.74125
35301,-114.92271
35302,-113.59162
35303,-109.12913
35304,-104.82664
35305,-105.36854
35306,-105.63287
35307,-106.204025
35308,-106.92477
35309,-107.637825
35310,-108.18597
35311,-108.41193
35312,-108.15848
35313,-107.26842
35314,-105.634285
35315,-103.43735
35316,-101.24974
35317,-99.65848
35318,-99.231865
35319,-100.45651
35320,-103.34283
35321,-107.25551
35322,-111.53346
35323,-115.546165
35324,-118.71954
35325,-120.80629
35326,-122.00138
35327,-122.51659
35328,-122.5425
35329,-122.28196
35330,-122.009445
35331,-122.09637
35332,-122.9179
35333,-124.84451
35334,-128.17767
35335,-132.81723
35336,-143.11923
35337,-148.41922
35338,-148.07858
35339,-151.5131
35340,-153.4625
35341,-154.1068
35342,-153.63963
35343,-152.23256
35344,-150.05722
35345,-147.28157
35346,-144.06808
35347,-140.58223
35348,-136.99312
35349,-133.47293
35350,-130.1965
35351,-127.34107
35352,-125.08587
35353,-123.611855
35354,-122.271385
35355,-120.688805
35356,-120.82555
35357,-121.81798
35358,-123.25235
35359,-124.715096
35360,-125.792786
35361,-126.071976
35362,-125.139114
35363,-122.58046
35364,-118.089386
35365,-116.98323
35366,-110.4234
35367,-104.602264
35368,-95.67012
35369,-94.602875
35370,-96.368225
35371,-99.56662
35372,-102.742455
35373,-104.50395
35374,-103.62298
35375,-99.82268
35376,-99.1131
35377,-92.55288
35378,-86.13707
35379,-80.77005
35380,-71.84067
35381,-69.04184
35382,-67.039276
35383,-65.53123
35384,-64.23278
35385,-62.959343
35386,-61.662704
35387,-60.300198
35388,-58.82262
35389,-57.19382
35390,-55.454666
35391,-53.750473
35392,-52.23095
35393,-51.04079
35394,-50.305527
35395,-50.039104
35396,-50.10384
35397,-50.35485
35398,-50.654114
35399,-50.86342
35400,-50.844513
35401,-50.459213
35402,-49.56936
35403,-48.03704
35404,-46.49406
35405,-45.81616
35406,-44.948776
35407,-44.067646
35408,-43.18634
35409,-42.318188
35410,-41.476467
35411,-40.674572
35412,-39.925983
35413,-39.24442
35414,-38.646557
35415,-38.165413
35416,-37.856197
35417,-37.775402
35418,-37.978718
35419,-38.501472
35420,-39.25903
35421,-40.003204
35422,-40.477512
35423,-40.433002
35424,-39.665474
35425,-38.228874
35426,-36.526947
35427,-34.977757
35428,-33.981033
35429,-33.887226
35430,-34.764576
35431,-36.29623
35432,-38.145348
35433,-39.992397
35434,-41.561497
35435,-42.82777
35436,-44.107964
35437,-45.73677
35438,-48.034447
35439,-51.25838
35440,-55.294235
35441,-59.519745
35442,-63.287807
35443,-65.975395
35444,-67.03781
35445,-66.378075
35446,-64.5051
35447,-61.952763
35448,-59.225494
35449,-56.82689
35450,-55.260223
35451,-55.02933
35452,-56.6395
35453,-60.598186
35454,-65.46151
35455,-67.69505
35456,-67.612465
35457,-65.8362
35458,-62.816116
35459,-59.000435
35460,-54.83605
35461,-50.76875
35462,-47.24344
35463,-44.70474
35464,-43.538235
35465,-43.783726
35466,-45.009365
35467,-46.759483
35468,-48.59834
35469,-50.1179
35470,-51.07565
35471,-51.454716
35472,-51.248917
35473,-50.441734
35474,-49.04259
35475,-47.21176
35476,-45.314144
35477,-43.723587
35478,-42.804382
35479,-42.87356
35480,-43.971184
35481,-45.759052
35482,-47.87973
35483,-49.992054
35484,-51.78059
35485,-53.080902
35486,-53.934265
35487,-54.391563
35488,-54.49424
35489,-54.29714
35490,-53.933586
35491,-53.643528
35492,-53.67168
35493,-54.2579
35494,-55.617447
35495,-57.8207
35496,-60.740715
35497,-64.24115
35498,-68.19444
35499,-72.472946
35500,-76.94886
35501,-81.49447
35502,-85.98219
35503,-90.284546
35504,-90.2442
35505,-87.685776
35506,-81.81382
35507,-76.21501
35508,-71.0311
35509,-61.403652
35510,-57.474197
35511,-54.384445
35512,-52.27634
35513,-51.292416
35514,-51.54815
35515,-52.998653
35516,-55.379986
35517,-58.41724
35518,-61.844822
35519,-65.4088
35520,-68.92562
35521,-72.307724
35522,-75.4719
35523,-78.33061
35524,-80.80503
35525,-82.8667
35526,-84.55528
35527,-85.91328
35528,-86.97995
35529,-87.79094
35530,-88.36083
35531,-88.67593
35532,-88.72125
35533,-88.48328
35534,-87.95916
35535,-87.20771
35536,-86.37161
35537,-85.59674
35538,-85.02504
35539,-84.771095
35540,-84.79059
35541,-84.8238
35542,-84.60226
35543,-83.86786
35544,-82.40507
35545,-80.2452
35546,-77.753876
35547,-75.30987
35548,-73.2758
35549,-72.01433
35550,-71.888466
35551,-73.2618
35552,-76.49899
35553,-81.96539
35554,-86.02263
35555,-84.79916
35556,-85.430725
35557,-86.530495
35558,-87.92609
35559,-89.44499
35560,-90.91466
35561,-92.16256
35562,-93.01616
35563,-93.303024
35564,-92.90851
35565,-92.05395
35566,-91.415245
35567,-91.68625
35568,-93.53939
35569,-97.52813
35570,-108.51048
35571,-115.40048
35572,-122.07364
35573,-127.45123
35574,-125.58553
35575,-126.283195
35576,-125.37111
35577,-123.71501
35578,-122.13146
35579,-121.33983
35580,-121.49444
35581,-121.98479
35582,-122.17099
35583,-121.450066
35584,-119.305565
35585,-115.72518
35586,-111.378555
35587,-106.96089
35588,-103.13342
35589,-100.48634
35590,-99.20373
35591,-98.92044
35592,-99.25029
35593,-99.83352
35594,-100.33876
35595,-100.59838
35596,-100.66647
35597,-100.606186
35598,-100.470474
35599,-100.31258
35600,-100.18602
35601,-100.144646
35602,-100.242455
35603,-100.53352
35604,-100.66207
35605,-100.531006
35606,-101.33046
35607,-102.6377
35608,-104.28683
35609,-106.11182
35610,-107.94659
35611,-109.62515
35612,-110.98139
35613,-111.84926
35614,-112.08758
35615,-111.699936
35616,-110.88594
35617,-109.85259
35618,-108.7974
35619,-107.9091
35620,-107.325386
35621,-107.115105
35622,-107.34433
35623,-108.082375
35624,-109.378334
35625,-111.163574
35626,-113.21007
35627,-115.28348
35628,-117.15713
35629,-118.63
35630,-119.65044
35631,-120.36906
35632,-120.944176
35633,-121.524345
35634,-122.225975
35635,-122.9787
35636,-123.459496
35637,-123.33557
35638,-122.28634
35639,-120.05766
35640,-116.78217
35641,-113.115875
35642,-109.734695
35643,-107.28911
35644,-106.35267
35645,-107.05226
35646,-108.90971
35647,-111.42342
35648,-114.12043
35649,-116.52762
35650,-118.17202
35651,-118.58069
35652,-117.28087
35653,-113.799866
35654,-109.890564
35655,-108.44985
35656,-107.18244
35657,-106.46406
35658,-106.3408
35659,-106.85877
35660,-108.064186
35661,-110.003136
35662,-112.7218
35663,-116.26627
35664,-120.637505
35665,-125.57391
35666,-130.45872
35667,-134.66168
35668,-137.56985
35669,-138.65085
35670,-137.83974
35671,-135.70447
35672,-132.8374
35673,-129.80061
35674,-127.1134
35675,-125.046684
35676,-123.534996
35677,-122.49999
35678,-121.879524
35679,-121.60619
35680,-121.58189
35681,-121.66676
35682,-121.719574
35683,-121.60092
35684,-121.19461
35685,-120.51851
35686,-119.77224
35687,-119.162285
35688,-118.88646
35689,-119.117256
35690,-119.88066
35691,-121.00402
35692,-122.30703
35693,-123.61897
35694,-124.78498
35695,-125.7425
35696,-126.55379
35697,-127.285904
35698,-128.00002
35699,-128.75711
35700,-129.61838
35701,-130.64482
35702,-131.89758
35703,-133.43776
35704,-133.88097
35705,-131.80835
35706,-129.92793
35707,-127.983574
35708,-126.13359
35709,-124.53647
35710,-123.35058
35711,-122.73431
35712,-122.846085
35713,-123.844345
35714,-125.85003
35715,-128.76631
35716,-132.20154
35717,-135.75267
35718,-139.03104
35719,-141.68393
35720,-143.56781
35721,-144.82222
35722,-145.59741
35723,-146.03012
35724,-146.24367
35725,-146.28351
35726,-146.08961
35727,-145.59792
35728,-144.74939
35729,-143.51042
35730,-141.99527
35731,-140.5182
35732,-139.4013
35733,-138.95697
35734,-139.46063
35735,-140.97281
35736,-143.26302
35737,-146.08958
35738,-149.22313
35739,-152.44574
35740,-155.6215
35741,-158.72865
35742,-161.74945
35743,-164.6612
35744,-167.43045
35745,-169.9558
35746,-172.04303
35747,-173.49605
35748,-174.12482
35749,-173.74063
35750,-172.15552
35751,-169.18132
35752,-164.62958
35753,-163.31194
35754,-154.30896
35755,-156.37006
35756,-155.97516
35757,-154.80917
35758,-153.06842
35759,-150.95003
35760,-148.65164
35761,-146.37141
35762,-144.30788
35763,-142.65974
35764,-141.60728
35765,-141.2235
35766,-141.43596
35767,-142.16655
35768,-143.34402
35769,-144.86249
35770,-146.41525
35771,-147.42407
35772,-147.29997
35773,-145.46652
35774,-141.44847
35775,-140.36082
35776,-133.11855
35777,-125.66753
35778,-118.91456
35779,-113.67946
35780,-105.282745
35781,-103.37043
35782,-102.56295
35783,-102.512886
35784,-102.88369
35785,-103.4037
35786,-103.88944
35787,-104.160576
35788,-104.03249
35789,-103.337006
35790,-102.00299
35791,-100.09052
35792,-97.6647
35793,-94.78419
35794,-91.524826
35795,-88.063255
35796,-84.71243
35797,-81.79031
35798,-79.608215
35799,-78.47757
35800,-78.71016
35801,-80.61836
35802,-84.515236
35803,-95.7142
35804,-93.522675
35805,-87.55507
35806,-84.61963
35807,-82.61575
35808,-81.453804
35809,-81.04423
35810,-81.297356
35811,-82.123505
35812,-83.43284
35813,-85.13543
35814,-87.12853
35815,-89.23503
35816,-91.17693
35817,-92.672264
35818,-93.44394
35819,-93.25463
35820,-92.09757
35821,-90.27792
35822,-88.113045
35823,-85.90501
35824,-83.93036
35825,-82.31993
35826,-81.00815
35827,-79.92061
35828,-78.99203
35829,-78.163704
35830,-77.41411
35831,-76.77201
35832,-76.26915
35833,-75.93586
35834,-75.812614
35835,-75.99489
35836,-76.65233
35837,-77.95819
35838,-80.08302
35839,-83.153015
35840,-87.03335
35841,-91.23468
35842,-95.25298
35843,-98.60131
35844,-100.83992
35845,-101.8004
35846,-101.68167
35847,-100.69692
35848,-99.04158
35849,-96.910965
35850,-94.50023
35851,-92.00442
35852,-89.61841
35853,-87.53693
35854,-85.97877
35855,-84.780365
35856,-83.3594
35857,-81.9506
35858,-80.65262
35859,-79.56397
35860,-78.78306
35861,-78.4083
35862,-78.53797
35863,-79.270386
35864,-80.67528
35865,-82.65633
35866,-84.892044
35867,-87.0513
35868,-88.81357
35869,-89.899254
35870,-90.26664
35871,-90.19617
35872,-89.980995
35873,-89.89881
35874,-90.19748
35875,-90.95262
35876,-92.0064
35877,-93.1915
35878,-94.35172
35879,-95.34049
35880,-96.067566
35881,-96.51902
35882,-96.68406
35883,-96.548035
35884,-96.09896
35885,-95.33966
35886,-94.29296
35887,-92.982506
35888,-91.43094
35889,-89.668915
35890,-87.77402
35891,-85.88706
35892,-84.15145
35893,-82.70733
35894,-81.681145
35895,-81.122925
35896,-80.97965
35897,-81.19313
35898,-81.709694
35899,-82.47597
35900,-83.43934
35901,-84.54815
35902,-85.75177
35903,-87.0006
35904,-88.86313
35905,-91.470634
35906,-92.90531
35907,-93.65669
35908,-93.83841
35909,-93.564514
35910,-92.949326
35911,-92.10747
35912,-91.15369
35913,-90.20298
35914,-89.36881
35915,-88.75603
35916,-88.45747
35917,-88.56564
35918,-89.17356
35919,-90.33454
35920,-91.87076
35921,-93.29128
35922,-94.09241
35923,-93.78546
35924,-91.97002
35925,-88.757965
35926,-84.95411
35927,-81.389496
35928,-78.861275
35929,-78.06156
35930,-79.07333
35931,-81.15261
35932,-83.52029
35933,-85.435455
35934,-86.24478
35935,-85.80563
35936,-84.66702
35937,-83.405266
35938,-82.563354
35939,-82.62541
35940,-83.734474
35941,-85.5708
35942,-87.79558
35943,-90.09167
35944,-92.17361
35945,-93.94201
35946,-95.54932
35947,-97.15803
35948,-98.9186
35949,-100.981476
35950,-103.49691
35951,-106.615295
35952,-110.4869
35953,-115.26191
35954,-118.62488
35955,-117.98593
35956,-117.5145
35957,-116.60039
35958,-115.29953
35959,-113.66785
35960,-111.76123
35961,-109.63563
35962,-107.34692
35963,-104.95094
35964,-102.50402
35965,-100.06514
35966,-97.69678
35967,-95.46158
35968,-93.42202
35969,-91.64016
35970,-90.17607
35971,-89.08687
35972,-88.42976
35973,-88.26194
35974,-88.628
35975,-89.49795
35976,-90.7409
35977,-92.221886
35978,-93.810684
35979,-95.374626
35980,-96.76712
35981,-97.82261
35982,-98.37487
35983,-98.25865
35984,-97.34992
35985,-95.7638
35986,-93.939255
35987,-92.32763
35988,-91.36483
35989,-91.42703
35990,-92.54344
35991,-94.27266
35992,-96.15445
35993,-97.750755
35994,-98.67181
35995,-98.80817
35996,-98.43007
35997,-97.822624
35998,-97.25261
35999,-96.98684
36000,-97.29217
36001,-98.43553
36002,-100.684006
36003,-104.30487
36004,-107.440155
36005,-107.75507
36006,-108.49778
36007,-109.231125
36008,-110.01982
36009,-110.928604
36010,-112.02221
36011,-113.36542
36012,-115.022934
36013,-117.05957
36014,-119.506386
36015,-122.198814
36016,-124.70738
36017,-126.59246
36018,-127.42721
36019,-126.863205
36020,-125.00807
36021,-122.58651
36022,-120.34685
36023,-119.00767
36024,-119.1969
36025,-121.015114
36026,-123.84915
36027,-127.05832
36028,-130.03618
36029,-132.24861
36030,-133.5819
36031,-134.49104
36032,-135.45287
36033,-136.91682
36034,-139.26353
36035,-142.47403
36036,-145.9883
36037,-149.22583
36038,-151.63222
36039,-152.71925
36040,-152.38358
36041,-151.04312
36042,-149.13603
36043,-147.0756
36044,-145.23645
36045,-143.76772
36046,-142.51321
36047,-141.30498
36048,-139.98967
36049,-138.414
36050,-136.42462
36051,-133.86829
36052,-130.59164
36053,-126.441444
36054,-123.85267
36055,-125.13238
36056,-125.210304
36057,-125.039345
36058,-124.69556
36059,-124.25512
36060,-123.79419
36061,-123.388824
36062,-123.11526
36063,-123.04954
36064,-123.24895
36065,-123.66091
36066,-124.08411
36067,-124.311584
36068,-124.143486
36069,-123.41876
36070,-122.20127
36071,-120.85959
36072,-119.77383
36073,-119.309494
36074,-119.78129
36075,-121.20852
36076,-123.21042
36077,-125.391014
36078,-127.37335
36079,-128.82779
36080,-129.6989
36081,-130.3024
36082,-130.96823
36083,-132.00851
36084,-133.67664
36085,-135.8854
36086,-138.0864
36087,-139.71355
36088,-140.2231
36089,-139.15979
36090,-136.58421
36091,-133.25523
36092,-129.95874
36093,-127.44706
36094,-126.392395
36095,-127.00187
36096,-128.8532
36097,-131.49997
36098,-134.52608
36099,-137.51534
36100,-140.05168
36101,-141.71913
36102,-142.10155
36103,-140.78282
36104,-139.1209
36105,-139.1596
36106,-138.6527
36107,-138.04453
36108,-137.41757
36109,-136.85432
36110,-136.43727
36111,-136.24893
36112,-136.37178
36113,-136.88828
36114,-137.86652
36115,-139.29074
36116,-141.03185
36117,-142.95638
36118,-144.93628
36119,-146.84608
36120,-148.57481
36121,-150.03111
36122,-151.12444
36123,-151.76318
36124,-151.87845
36125,-151.53261
36126,-150.96602
36127,-150.42593
36128,-150.15103
36129,-150.34929
36130,-151.0498
36131,-152.0395
36132,-153.09601
36133,-154.00868
36134,-154.58469
36135,-154.73576
36136,-154.51512
36137,-153.98145
36138,-153.1866
36139,-152.1827
36140,-151.02301
36141,-149.76231
36142,-148.45541
36143,-147.15707
36144,-145.9229
36145,-144.8127
36146,-143.89206
36147,-143.22572
36148,-142.87733
36149,-142.91
36150,-143.3867
36151,-144.3706
36152,-145.92511
36153,-148.11412
36154,-148.74168
36155,-146.16428
36156,-145.51035
36157,-145.63371
36158,-146.32996
36159,-147.39508
36160,-148.62527
36161,-149.817
36162,-150.76694
36163,-151.27182
36164,-151.17697
36165,-150.60966
36166,-150.07892
36167,-150.1086
36168,-151.20418
36169,-153.77232
36170,-157.64603
36171,-161.88193
36172,-165.50725
36173,-167.58658
36174,-167.31549
36175,-164.6527
36176,-160.59158
36177,-156.16728
36178,-152.3659
36179,-150.06346
36180,-149.4961
36181,-150.03383
36182,-151.01334
36183,-151.81293
36184,-151.8758
36185,-151.02211
36186,-149.58266
36187,-147.90791
36188,-146.32384
36189,-145.12323
36190,-144.40544
36191,-144.00807
36192,-143.7587
36193,-143.49727
36194,-143.08281
36195,-142.48434
36196,-141.81999
36197,-141.2137
36198,-140.78206
36199,-140.64175
36200,-140.9094
36201,-141.70157
36202,-143.13484
36203,-145.32571
36204,-146.69466
36205,-145.57162
36206,-145.01491
36207,-144.58243
36208,-144.32684
36209,-144.30077
36210,-144.55681
36211,-145.1476
36212,-146.12572
36213,-147.54378
36214,-149.42961
36215,-151.66708
36216,-153.94539
36217,-155.94621
36218,-157.36073
36219,-157.92589
36220,-157.64604
36221,-156.88754
36222,-156.03096
36223,-155.43947
36224,-155.44066
36225,-156.15431
36226,-157.41914
36227,-159.063
36228,-160.92714
36229,-162.84398
36230,-164.5941
36231,-165.88774
36232,-166.43248
36233,-165.93906
36234,-164.18239
36235,-161.3106
36236,-157.97766
36237,-154.8578
36238,-152.60117
36239,-151.81023
36240,-152.81169
36241,-155.55884
36242,-159.99052
36243,-171.06335
36244,-178.67961
36245,-187.42752
36246,-196.4705
36247,-204.95682
36248,-212.05554
36249,-216.93549
36250,-213.76422
36251,-211.70702
36252,-209.9261
36253,-197.5805
36254,-187.04639
36255,-183.0376
36256,-183.89827
36257,-185.92906
36258,-188.73332
36259,-191.91475
36260,-195.07736
36261,-197.8252
36262,-199.76239
36263,-200.49278
36264,-199.68633
36265,-197.39825
36266,-194.20723
36267,-190.71404
36268,-187.49521
36269,-185.05748
36270,-183.50117
36271,-182.37596
36272,-181.2092
36273,-179.55444
36274,-177.0272
36275,-173.60324
36276,-169.7469
36277,-165.9423
36278,-162.65051
36279,-160.28159
36280,-158.95018
36281,-158.37093
36282,-158.2429
36283,-158.28438
36284,-158.24164
36285,-158.02339
36286,-157.75839
36287,-157.58386
36288,-157.62657
36289,-157.98969
36290,-158.63937
36291,-159.35622
36292,-159.91365
36293,-160.094
36294,-159.70451
36295,-158.69795
36296,-157.22388
36297,-155.43959
36298,-153.49307
36299,-151.53224
36300,-149.7051
36301,-148.15955
36302,-147.04361
36303,-146.5051
36304,-145.57683
36305,-143.40704
36306,-142.32547
36307,-141.84846
36308,-141.9104
36309,-142.4457
36310,-143.38869
36311,-144.67386
36312,-146.23561
36313,-148.00833
36314,-149.92223
36315,-151.88255
36316,-153.76102
36317,-155.428
36318,-156.75551
36319,-157.63768
36320,-158.09749
36321,-158.33224
36322,-158.54614
36323,-158.93497
36324,-159.66919
36325,-160.7721
36326,-162.06767
36327,-163.37224
36328,-164.51155
36329,-165.34003
36330,-165.87802
36331,-166.3707
36332,-167.07204
36333,-168.22522
36334,-170.02151
36335,-172.35033
36336,-174.69243
36337,-176.51273
36338,-177.29555
36339,-176.60199
36340,-174.44008
36341,-171.42378
36342,-168.19182
36343,-165.35426
36344,-163.45314
36345,-162.63524
36346,-162.51176
36347,-162.67311
36348,-162.73532
36349,-162.31447
36350,-161.02655
36351,-158.48752
36352,-154.31305
36353,-153.11877
36354,-143.32771
36355,-144.88728
36356,-148.07085
36357,-152.89595
36358,-163.81487
36359,-170.28017
36360,-176.74487
36361,-182.66234
36362,-187.48615
36363,-185.66945
36364,-186.74992
36365,-185.76476
36366,-183.43015
36367,-180.48845
36368,-177.64972
36369,-175.5566
36370,-174.45522
36371,-174.05428
36372,-174.04298
36373,-174.13814
36374,-174.08263
36375,-173.76112
36376,-173.24956
36377,-172.63268
36378,-171.98727
36379,-171.39635
36380,-170.9754
36381,-170.88344
36382,-171.28152
36383,-172.32895
36384,-174.12209
36385,-176.39096
36386,-178.3697
36387,-179.27286
36388,-178.33833
36389,-174.92213
36390,-174.07156
36391,-166.77246
36392,-159.04945
36393,-151.88278
36394,-146.1625
36395,-137.25854
36396,-134.83708
36397,-133.5372
36398,-133.03159
36399,-132.99287
36400,-133.09346
36401,-133.00543
36402,-132.40071
36403,-130.95096
36404,-129.24301
36405,-128.5022
36406,-127.95719
36407,-127.57552
36408,-127.25067
36409,-126.875946
36410,-126.34446
36411,-125.54926
36412,-124.38316
36413,-122.73886
36414,-120.52264
36415,-117.71962
36416,-114.42198
36417,-110.72579
36418,-106.72197
36419,-102.5333
36420,-98.46829
36421,-95.08663
36422,-92.95754
36423,-92.63838
36424,-94.57203
36425,-98.53183
36426,-103.38211
36427,-107.9497
36428,-111.10484
36429,-111.85796
36430,-110.02991
36431,-106.5381
36432,-102.341515
36433,-98.3461
36434,-95.378265
36435,-93.80617
36436,-93.37788
36437,-93.81769
36438,-94.87931
36439,-96.320496
36440,-97.92394
36441,-99.5061
36442,-100.88479
36443,-101.87617
36444,-102.32243
36445,-102.21585
36446,-101.752045
36447,-101.13453
36448,-100.55713
36449,-100.213554
36450,-100.29763
36451,-101.00324
36452,-102.5243
36453,-105.054825
36454,-106.78838
36455,-105.915405
36456,-106.20907
36457,-106.937225
36458,-108.02087
36459,-109.38109
36460,-110.93895
36461,-112.61549
36462,-114.33185
36463,-116.00903
36464,-117.56885
36465,-118.93684
36466,-120.04362
36467,-120.820045
36468,-121.19676
36469,-121.11502
36470,-120.577515
36471,-119.67029
36472,-118.48251
36473,-117.09948
36474,-115.61113
36475,-114.135345
36476,-112.827774
36477,-111.84537
36478,-111.34335
36479,-111.45135
36480,-112.149536
36481,-113.215775
36482,-114.42018
36483,-115.542534
36484,-116.37504
36485,-116.782005
36486,-116.725334
36487,-116.170685
36488,-115.079094
36489,-113.43622
36490,-111.370735
36491,-109.20498
36492,-107.268684
36493,-105.88223
36494,-105.3275
36495,-105.662415
36496,-106.64173
36497,-108.00834
36498,-109.51959
36499,-110.93287
36500,-112.0055
36501,-112.49486
36502,-112.15836
36503,-110.75354
36504,-107.22666
36505,-102.594536
36506,-101.73876
36507,-103.04418
36508,-105.97125
36509,-109.979706
36510,-114.528595
36511,-119.07686
36512,-123.08344
36513,-126.00773
36514,-127.38741
36515,-127.21469
36516,-126.096954
36517,-124.66501
36518,-123.52019
36519,-123.21009
36520,-123.970474
36521,-125.614784
36522,-127.94041
36523,-130.76492
36524,-133.8944
36525,-137.06802
36526,-139.93442
36527,-142.13889
36528,-143.33102
36529,-143.23055
36530,-141.96494
36531,-140.2139
36532,-138.67845
36533,-138.03322
36534,-138.85565
36535,-141.15953
36536,-144.1955
36537,-147.18512
36538,-149.38678
36539,-150.15338
36540,-149.38644
36541,-147.73073
36542,-145.85976
36543,-144.4116
36544,-143.95619
36545,-144.66718
36546,-146.18166
36547,-148.11623
36548,-150.11336
36549,-151.81541
36550,-152.86493
36551,-152.90431
36552,-151.57584
36553,-148.52162
36554,-146.76665
36555,-149.72818
36556,-151.63536
36557,-153.3727
36558,-154.8896
36559,-156.13536
36560,-157.05937
36561,-157.61092
36562,-157.73932
36563,-157.3939
36564,-156.54181
36565,-155.25368
36566,-153.74065
36567,-152.21918
36568,-150.8992
36569,-149.97072
36570,-149.50896
36571,-149.43355
36572,-149.6581
36573,-150.10368
36574,-150.69159
36575,-151.3437
36576,-151.98293
36577,-152.5321
36578,-152.91417
36579,-153.06255
36580,-152.97214
36581,-152.72113
36582,-152.39084
36583,-152.05826
36584,-151.79495
36585,-151.64566
36586,-151.61952
36587,-151.7241
36588,-151.9689
36589,-152.36469
36590,-152.92867
36591,-153.68639
36592,-154.66415
36593,-155.88837
36594,-157.37637
36595,-159.09146
36596,-160.92346
36597,-162.75967
36598,-164.49106
36599,-166.00883
36600,-167.20425
36601,-167.96873
36602,-168.19366
36603,-167.77048
36604,-164.37044
36605,-162.27264
36606,-153.33682
36607,-151.02454
36608,-150.0985
36609,-150.32167
36610,-151.4573
36611,-153.26863
36612,-155.5189
36613,-157.97148
36614,-160.39137
36615,-162.55397
36616,-164.24864
36617,-165.26509
36618,-165.3923
36619,-164.46613
36620,-162.59535
36621,-160.25877
36622,-157.94992
36623,-156.14465
36624,-155.2584
36625,-155.35645
36626,-156.02975
36627,-156.85097
36628,-157.41554
36629,-157.37233
36630,-156.6811
36631,-155.72278
36632,-154.89462
36633,-154.57378
36634,-155.07782
36635,-156.3783
36636,-157.97867
36637,-159.3642
36638,-160.04266
36639,-159.5932
36640,-158.00993
36641,-155.84932
36642,-153.68997
36643,-152.08365
36644,-151.52509
36645,-152.17746
36646,-153.75519
36647,-155.95546
36648,-158.49692
36649,-161.0984
36650,-163.47876
36651,-165.35684
36652,-166.45148
36653,-166.4814
36654,-167.06792
36655,-169.68816
36656,-170.46577
36657,-170.26224
36658,-169.23608
36659,-167.54593
36660,-165.35054
36661,-162.80872
36662,-160.07925
36663,-157.3211
36664,-154.70053
36665,-152.42708
36666,-150.76868
36667,-149.99557
36668,-150.37506
36669,-152.11546
36670,-155.08243
36671,-158.6779
36672,-162.28629
36673,-165.31433
36674,-167.24179
36675,-167.97163
36676,-167.9801
36677,-167.76608
36678,-167.80112
36679,-168.49081
36680,-169.85658
36681,-171.39983
36682,-172.60165
36683,-172.96796
36684,-172.08165
36685,-169.97388
36686,-167.28334
36687,-164.67314
36688,-162.77766
36689,-162.14803
36690,-162.85248
36691,-164.3054
36692,-165.89594
36693,-167.04459
36694,-167.23071
36695,-166.27509
36696,-164.46106
36697,-162.09021
36698,-159.4423
36699,-156.7971
36700,-154.43436
36701,-152.63388
36702,-151.67532
36703,-151.83835
36704,-152.71846
36705,-153.41919
36706,-154.45206
36707,-155.68045
36708,-157.04399
36709,-158.48242
36710,-159.93541
36711,-161.34264
36712,-162.64381
36713,-163.77861
36714,-164.69008
36715,-165.34082
36716,-165.71979
36717,-165.81697
36718,-165.62119
36719,-165.14085
36720,-164.49922
36721,-163.97502
36722,-163.85298
36723,-164.41049
36724,-165.87372
36725,-168.1721
36726,-170.83331
36727,-173.36949
36728,-175.31216
36729,-176.24432
36730,-176.04861
36731,-175.01387
36732,-173.4451
36733,-171.62811
36734,-169.833
36735,-168.23784
36736,-166.89606
36737,-165.85603
36738,-165.17216
36739,-164.88644
36740,-164.96896
36741,-165.29254
36742,-165.72624
36743,-166.14368
36744,-166.43472
36745,-166.5833
36746,-166.70056
36747,-166.90276
36748,-167.29999
36749,-168.00237
36750,-169.12001
36751,-170.763
36752,-173.04134
36753,-176.06503
36754,-177.51042
36755,-175.25769
36756,-174.19423
36757,-173.36737
36758,-172.67447
36759,-172.01283
36760,-171.27985
36761,-170.37292
36762,-169.18935
36763,-167.62654
36764,-165.61163
36765,-163.24512
36766,-160.86237
36767,-158.80809
36768,-157.41573
36769,-156.97745
36770,-157.54584
36771,-158.84927
36772,-160.60347
36773,-162.53983
36774,-164.39871
36775,-165.97202
36776,-167.12144
36777,-167.71138
36778,-167.6028
36779,-166.68858
36780,-165.04688
36781,-163.00705
36782,-160.90843
36783,-159.07845
36784,-157.82234
36785,-157.31679
36786,-157.56435
36787,-158.56068
36788,-160.30984
36789,-162.79095
36790,-165.83827
36791,-169.09013
36792,-172.1774
36793,-174.74031
36794,-176.4591
36795,-177.2465
36796,-177.33008
36797,-176.94984
36798,-176.33104
36799,-175.69885
36800,-175.27858
36801,-175.29546
36802,-175.97473
36803,-177.54147
36804,-176.97289
36805,-171.79857
36806,-169.07507
36807,-167.3431
36808,-166.40404
36809,-166.05946
36810,-166.11108
36811,-166.36061
36812,-166.60986
36813,-166.6607
36814,-166.3568
36815,-165.7849
36816,-165.36128
36817,-165.5151
36818,-166.65974
36819,-169.12761
36820,-172.7813
36821,-176.84761
36822,-180.52904
36823,-183.05861
36824,-183.76564
36825,-182.53983
36826,-180.03107
36827,-176.92007
36828,-173.85196
36829,-171.41534
36830,-169.86969
36831,-169.02837
36832,-168.6871
36833,-168.66302
36834,-168.77945
36835,-168.89574
36836,-168.91974
36837,-168.76135
36838,-168.32822
36839,-167.5425
36840,-166.4111
36841,-165.0558
36842,-163.60289
36843,-162.1732
36844,-160.87677
36845,-159.76018
36846,-158.78435
36847,-157.90654
36848,-157.08669
36849,-156.28134
36850,-155.44374
36851,-154.5251
36852,-153.47641
36853,-152.24913
36854,-150.94102
36855,-149.8555
36856,-149.07187
36857,-148.57486
36858,-148.37534
36859,-148.48561
36860,-148.91928
36861,-149.6909
36862,-150.8161
36863,-152.31107
36864,-154.17337
36865,-156.28888
36866,-158.392
36867,-160.21153
36868,-161.4838
36869,-161.9773
36870,-161.64789
36871,-160.70518
36872,-159.36862
36873,-157.84549
36874,-156.32596
36875,-154.90193
36876,-153.53198
36877,-152.16936
36878,-150.77336
36879,-149.31775
36880,-147.86086
36881,-146.57573
36882,-145.63963
36883,-145.22404
36884,-145.4648
36885,-146.29163
36886,-147.35544
36887,-148.29614
36888,-148.767
36889,-148.45822
36890,-147.27667
36891,-145.4227
36892,-143.10774
36893,-140.5292
36894,-137.87115
36895,-135.24147
36896,-132.64485
36897,-130.08194
36898,-127.558174
36899,-125.07891
36900,-122.6494
36901,-120.27482
36902,-117.96025
36903,-115.7107
36904,-111.715805
36905,-110.44892
36906,-102.44501
36907,-101.26092
36908,-101.54906
36909,-102.96181
36910,-105.15113
36911,-107.76872
36912,-110.46608
36913,-112.894646
36914,-114.73963
36915,-115.8822
36916,-116.46875
36917,-116.655846
36918,-116.58731
36919,-116.40266
36920,-116.21679
36921,-116.111176
36922,-116.165955
36923,-116.46296
36924,-117.08158
36925,-118.087265
36926,-119.52653
36927,-121.4452
36928,-123.89001
36929,-126.871994
36930,-130.19525
36931,-133.3835
36932,-135.94984
36933,-137.42099
36934,-137.3962
36935,-135.89665
36936,-133.515
36937,-130.86581
36938,-128.53633
36939,-127.05403
36940,-126.59917
36941,-126.88205
36942,-127.59511
36943,-128.4533
36944,-129.19286
36945,-129.67354
36946,-129.92221
36947,-129.97226
36948,-129.84892
36949,-129.57751
36950,-129.18341
36951,-128.69194
36952,-128.12842
36953,-127.51829
36954,-127.89098
36955,-130.16171
36956,-132.22878
36957,-134.28348
36958,-136.19124
36959,-137.8175
36960,-139.02766
36961,-139.68721
36962,-139.6616
36963,-138.81625
36964,-137.05974
36965,-134.55153
36966,-131.79071
36967,-129.28946
36968,-127.54363
36969,-126.973175
36970,-127.557365
36971,-128.67897
36972,-129.69795
36973,-130.00298
36974,-129.0655
36975,-126.83869
36976,-123.92771
36977,-120.96262
36978,-118.54222
36979,-117.210785
36980,-117.19707
36981,-118.302475
36982,-120.312195
36983,-123.031746
36984,-126.254395
36985,-129.7021
36986,-133.00038
36987,-135.77113
36988,-137.64099
36989,-138.2964
36990,-137.77159
36991,-136.57173
36992,-135.21999
36993,-134.21709
36994,-134.00986
36995,-134.7326
36996,-136.09633
36997,-137.79591
36998,-139.54655
36999,-141.0635
37000,-142.06203
37001,-142.25735
37002,-141.36469
37003,-139.09912
37004,-138.08975
37005,-141.33234
37006,-143.91116
37007,-146.54108
37008,-149.14967
37009,-151.66475
37010,-154.01399
37011,-156.1251
37012,-157.92587
37013,-159.34398
37014,-160.32709
37015,-160.93884
37016,-161.4
37017,-161.93736
37018,-162.77036
37019,-164.0779
37020,-165.80469
37021,-167.57802
37022,-169.01294
37023,-169.73964
37024,-169.43527
37025,-168.0504
37026,-165.90608
37027,-163.33826
37028,-160.66519
37029,-158.19263
37030,-156.15253
37031,-154.67691
37032,-153.89383
37033,-153.93617
37034,-154.90172
37035,-156.68512
37036,-158.90613
37037,-161.1739
37038,-163.11087
37039,-164.37724
37040,-164.85269
37041,-164.71408
37042,-164.14995
37043,-163.33458
37044,-162.42923
37045,-161.51845
37046,-160.58313
37047,-159.59995
37048,-158.55067
37049,-157.41696
37050,-156.18056
37051,-154.82314
37052,-153.32643
37053,-151.67213
37054,-149.46808
37055,-147.72203
37056,-149.38046
37057,-153.04562
37058,-158.06087
37059,-168.76993
37060,-174.51701
37061,-179.64677
37062,-178.50395
37063,-180.43314
37064,-179.89706
37065,-177.04924
37066,-172.98059
37067,-168.8208
37068,-165.65565
37069,-164.43396
37070,-165.30919
37071,-167.35823
37072,-169.61646
37073,-171.17096
37074,-171.22426
37075,-169.6486
37076,-167.22414
37077,-164.76717
37078,-163.05106
37079,-162.75851
37080,-164.0452
37081,-166.35352
37082,-169.09822
37083,-171.72849
37084,-173.73972
37085,-174.89539
37086,-175.322
37087,-175.16031
37088,-174.53381
37089,-173.55684
37090,-172.29033
37091,-170.72282
37092,-168.83994
37093,-166.63081
37094,-164.10008
37095,-161.34262
37096,-158.5756
37097,-156.02112
37098,-153.89525
37099,-152.4142
37100,-151.79395
37101,-152.25056
37102,-153.99992
37103,-157.25778
37104,-159.49677
37105,-157.83852
37106,-156.85196
37107,-155.83333
37108,-154.81335
37109,-153.82271
37110,-152.8921
37111,-152.05222
37112,-151.33379
37113,-150.76746
37114,-150.39417
37115,-150.31422
37116,-150.70851
37117,-151.76085
37118,-153.65126
37119,-156.50732
37120,-160.15274
37121,-163.99971
37122,-167.44496
37123,-169.9049
37124,-170.86882
37125,-170.24919
37126,-168.53235
37127,-166.22743
37128,-163.81648
37129,-161.7484
37130,-160.27838
37131,-159.39908
37132,-159.09286
37133,-159.35466
37134,-160.16165
37135,-161.38838
37136,-162.77023
37137,-164.03734
37138,-164.92642
37139,-165.21175
37140,-164.88557
37141,-164.2356
37142,-163.56116
37143,-163.14745
37144,-163.24591
37145,-163.91135
37146,-164.93242
37147,-166.08739
37148,-167.16733
37149,-167.96327
37150,-168.26627
37151,-167.86728
37152,-166.55724
37153,-164.12695
37154,-161.15053
37155,-159.36566
37156,-159.22313
37157,-160.31328
37158,-162.425
37159,-165.34735
37160,-168.86942
37161,-172.78049
37162,-176.86978
37163,-180.92674
37164,-184.73433
37165,-188.03798
37166,-190.53206
37167,-191.90897
37168,-191.86308
37169,-190.16731
37170,-187.05185
37171,-183.36777
37172,-179.99216
37173,-177.77292
37174,-177.42747
37175,-178.91641
37176,-181.17589
37177,-183.10193
37178,-183.63972
37179,-181.8917
37180,-177.87587
37181,-172.85321
37182,-168.13606
37183,-164.97829
37184,-164.47379
37185,-166.7907
37186,-170.8444
37187,-175.50221
37188,-179.69237
37189,-182.44928
37190,-183.42236
37191,-183.09398
37192,-181.97969
37193,-180.55586
37194,-179.26204
37195,-178.32222
37196,-177.66821
37197,-177.22006
37198,-176.91177
37199,-176.67726
37200,-176.45058
37201,-176.16562
37202,-175.7564
37203,-175.1569
37204,-173.05807
37205,-168.63327
37206,-165.0543
37207,-161.87813
37208,-159.19691
37209,-157.10284
37210,-155.6881
37211,-155.04478
37212,-155.26498
37213,-156.44078
37214,-158.6155
37215,-161.54913
37216,-164.61826
37217,-167.18494
37218,-168.62953
37219,-168.4308
37220,-166.64005
37221,-164.08466
37222,-161.62314
37223,-160.07722
37224,-160.16534
37225,-162.00662
37226,-164.90683
37227,-168.135
37228,-170.99359
37229,-172.85474
37230,-173.51212
37231,-173.33228
37232,-172.70647
37233,-172.00156
37234,-171.54344
37235,-171.40613
37236,-171.32106
37237,-171.00833
37238,-170.20674
37239,-168.69078
37240,-166.43452
37241,-163.68156
37242,-160.68716
37243,-157.69467
37244,-154.92645
37245,-152.48013
37246,-150.28395
37247,-148.25972
37248,-146.33734
37249,-144.44664
37250,-142.51729
37251,-140.4787
37252,-138.26006
37253,-135.79016
37254,-133.61217
37255,-132.43352
37256,-131.36566
37257,-130.5203
37258,-129.87468
37259,-129.40565
37260,-129.08974
37261,-128.90298
37262,-128.82104
37263,-128.81923
37264,-128.85391
37265,-128.77368
37266,-128.28128
37267,-127.07349
37268,-124.85385
37269,-121.39363
37270,-116.858925
37271,-111.950294
37272,-107.38832
37273,-103.86726
37274,-101.99575
37275,-101.88735
37276,-102.985176
37277,-104.70607
37278,-106.498436
37279,-107.86598
37280,-108.63545
37281,-109.07119
37282,-109.45431
37283,-110.044876
37284,-111.07623
37285,-112.62702
37286,-114.566376
37287,-116.75514
37288,-119.06435
37289,-121.35115
37290,-123.393486
37291,-124.86176
37292,-125.42239
37293,-124.746864
37294,-122.56949
37295,-118.989494
37296,-114.60011
37297,-110.01347
37298,-105.81758
37299,-102.60029
37300,-100.9493
37301,-101.45283
37302,-104.69981
37303,-116.28012
37304,-121.56472
37305,-114.6015
37306,-113.06445
37307,-110.98163
37308,-108.54252
37309,-105.936584
37310,-103.353264
37311,-100.981926
37312,-99.01201
37313,-97.6329
37314,-96.99881
37315,-97.05833
37316,-97.48161
37317,-97.9279
37318,-98.069695
37319,-97.62605
37320,-96.586876
37321,-95.30855
37322,-94.16181
37323,-93.4998
37324,-93.64318
37325,-94.72381
37326,-96.61763
37327,-99.19039
37328,-102.31985
37329,-105.8753
37330,-109.676216
37331,-113.47467
37332,-117.02034
37333,-120.06607
37334,-122.37597
37335,-123.778305
37336,-124.18803
37337,-123.523575
37338,-121.69908
37339,-118.66909
37340,-114.62177
37341,-110.061775
37342,-105.50571
37343,-101.454636
37344,-98.36928
37345,-96.477036
37346,-95.689545
37347,-95.906425
37348,-97.042496
37349,-99.01244
37350,-101.730896
37351,-105.11237
37352,-109.07129
37353,-113.522064
37354,-124.01741
37355,-129.92596
37356,-128.02266
37357,-129.38496
37358,-129.37791
37359,-128.36626
37360,-126.71472
37361,-124.788055
37362,-122.951004
37363,-121.568375
37364,-120.95196
37365,-121.10624
37366,-121.61955
37367,-122.06435
37368,-122.03301
37369,-121.17064
37370,-119.42835
37371,-117.17169
37372,-114.78198
37373,-112.62055
37374,-111.01952
37375,-110.14094
37376,-109.916695
37377,-110.26988
37378,-111.13465
37379,-112.44143
37380,-114.09911
37381,-115.987434
37382,-117.985016
37383,-119.97166
37384,-121.8334
37385,-123.494736
37386,-124.93293
37387,-126.12625
37388,-127.05009
37389,-127.68593
37390,-128.04922
37391,-128.20134
37392,-128.20644
37393,-128.1274
37394,-128.02655
37395,-127.95804
37396,-127.96469
37397,-128.08948
37398,-128.3764
37399,-128.87009
37400,-129.61534
37401,-130.65738
37402,-132.04155
37403,-133.81342
37404,-136.36102
37405,-139.02155
37406,-139.41534
37407,-138.39888
37408,-136.2853
37409,-133.38788
37410,-130.01979
37411,-126.4943
37412,-123.12437
37413,-120.22284
37414,-118.061874
37415,-116.677795
37416,-115.78788
37417,-115.097115
37418,-114.32562
37419,-113.22528
37420,-111.732735
37421,-110.03491
37422,-108.32817
37423,-106.796776
37424,-105.61525
37425,-104.90291
37426,-104.70406
37427,-105.06019
37428,-106.016174
37429,-107.58264
37430,-109.57101
37431,-111.52312
37432,-112.97013
37433,-113.456215
37434,-112.60736
37435,-110.52497
37436,-107.95389
37437,-105.66343
37438,-104.39174
37439,-104.77124
37440,-106.81919
37441,-109.71925
37442,-112.62238
37443,-114.719185
37444,-115.29437
37445,-114.179146
37446,-111.944145
37447,-109.18831
37448,-106.474785
37449,-104.36671
37450,-103.427
37451,-104.2189
37452,-107.30612
37453,-118.25289
37454,-116.6992
37455,-112.49678
37456,-112.14322
37457,-113.19884
37458,-115.267365
37459,-117.95239
37460,-120.85734
37461,-123.58558
37462,-125.74058
37463,-126.925865
37464,-126.811
37465,-125.449165
37466,-123.41283
37467,-121.29429
37468,-119.66091
37469,-119.02562
37470,-119.58552
37471,-121.109955
37472,-123.35204
37473,-126.08528
37474,-129.08966
37475,-132.18275
37476,-135.23323
37477,-138.1117
37478,-140.68633
37479,-142.83037
37480,-144.44646
37481,-145.47684
37482,-145.86537
37483,-145.5539
37484,-144.5124
37485,-142.87401
37486,-140.9929
37487,-139.23178
37488,-137.9428
37489,-137.43388
37490,-137.75641
37491,-138.61436
37492,-139.69853
37493,-140.71637
37494,-141.39229
37495,-141.54909
37496,-141.14293
37497,-140.135
37498,-138.48012
37499,-136.13307
37500,-133.04874
37501,-129.182
37502,-124.4878
37503,-123.92122
37504,-118.9811
37505,-111.763916
37506,-110.39853
37507,-109.92194
37508,-110.146324
37509,-110.88393
37510,-111.94689
37511,-113.14733
37512,-114.29733
37513,-115.20902
37514,-115.72589
37515,-115.874054
37516,-115.92682
37517,-116.16692
37518,-116.86525
37519,-118.25006
37520,-120.30142
37521,-122.66353
37522,-124.96757
37523,-126.86097
37524,-128.04015
37525,-128.48663
37526,-128.5677
37527,-128.6654
37528,-129.14322
37529,-130.31303
37530,-132.18683
37531,-134.37047
37532,-136.45436
37533,-138.04842
37534,-138.80693
37535,-138.6416
37536,-137.81264
37537,-136.59361
37538,-135.24147
37539,-134.00078
37540,-133.04416
37541,-132.44691
37542,-132.28064
37543,-132.62157
37544,-133.53001
37545,-134.97409
37546,-136.7968
37547,-138.83643
37548,-140.9373
37549,-142.94373
37550,-144.70003
37551,-146.05049
37552,-146.83951
37553,-146.9113
37554,-145.80193
37555,-143.93796
37556,-143.35448
37557,-143.48752
37558,-144.20041
37559,-145.35652
37560,-146.81924
37561,-148.45193
37562,-150.11812
37563,-151.68117
37564,-153.00648
37565,-153.97102
37566,-154.46725
37567,-154.3882
37568,-153.62616
37569,-152.10942
37570,-149.97562
37571,-147.64603
37572,-145.55292
37573,-144.11505
37574,-143.69914
37575,-144.37015
37576,-145.78453
37577,-147.58315
37578,-149.4264
37579,-151.00388
37580,-152.17355
37581,-153.02142
37582,-153.64236
37583,-154.12024
37584,-154.53204
37585,-154.91489
37586,-155.25194
37587,-155.52412
37588,-155.71503
37589,-155.81477
37590,-155.85153
37591,-155.90486
37592,-156.05641
37593,-156.38528
37594,-156.96112
37595,-157.79802
37596,-158.83492
37597,-160.00787
37598,-161.25659
37599,-162.5207
37600,-163.73991
37601,-164.85388
37602,-165.80229
37603,-166.5248
37604,-166.63757
37605,-166.02725
37606,-165.73041
37607,-165.51231
37608,-165.335
37609,-165.16064
37610,-164.9513
37611,-164.6691
37612,-164.27615
37613,-163.73457
37614,-163.02686
37615,-162.2544
37616,-161.67944
37617,-161.57051
37618,-162.18845
37619,-163.73718
37620,-166.09032
37621,-168.67442
37622,-170.89882
37623,-172.19426
37624,-172.07376
37625,-170.5293
37626,-168.20201
37627,-165.75903
37628,-163.83691
37629,-162.98378
37630,-163.23445
37631,-163.92876
37632,-164.37944
37633,-163.93263
37634,-162.02766
37635,-158.64708
37636,-154.50949
37637,-150.36288
37638,-146.92017
37639,-144.81885
37640,-144.25931
37641,-144.85036
37642,-146.17802
37643,-147.85695
37644,-149.5306
37645,-151.01059
37646,-152.33589
37647,-153.55426
37648,-154.70251
37649,-155.8175
37650,-156.93602
37651,-158.09492
37652,-159.3309
37653,-160.68059
37654,-160.43343
37655,-158.07843
37656,-158.8483
37657,-161.21873
37658,-164.72754
37659,-168.91295
37660,-173.31355
37661,-177.46828
37662,-180.9162
37663,-183.19643
37664,-183.91083
37665,-183.02744
37666,-181.01054
37667,-178.34482
37668,-175.49178
37669,-172.87503
37670,-170.6969
37671,-168.85953
37672,-167.25317
37673,-165.78235
37674,-164.36514
37675,-162.99841
37676,-161.78561
37677,-160.83446
37678,-160.2475
37679,-160.10532
37680,-160.36049
37681,-160.79248
37682,-161.17404
37683,-161.2861
37684,-160.93849
37685,-160.10843
37686,-158.99982
37687,-157.82552
37688,-156.78755
37689,-156.07477
37690,-155.79979
37691,-155.9719
37692,-156.59639
37693,-157.68341
37694,-159.2336
37695,-161.19151
37696,-163.4261
37697,-165.80334
37698,-168.1929
37699,-170.46439
37700,-172.48744
37701,-174.13174
37702,-175.26689
37703,-175.7624
37704,-175.36382
37705,-174.10468
37706,-172.7069
37707,-171.17815
37708,-169.63417
37709,-168.19067
37710,-166.96332
37711,-166.06783
37712,-165.61984
37713,-165.73502
37714,-166.48947
37715,-167.7301
37716,-168.99338
37717,-169.8037
37718,-169.70023
37719,-168.28326
37720,-165.50897
37721,-161.81624
37722,-157.66324
37723,-153.4853
37724,-149.70259
37725,-146.64642
37726,-144.52795
37727,-143.55351
37728,-143.93517
37729,-145.81635
37730,-148.94157
37731,-152.51572
37732,-155.72324
37733,-157.77458
37734,-157.98625
37735,-156.29102
37736,-153.45685
37737,-150.28452
37738,-147.53525
37739,-145.89296
37740,-145.5927
37741,-146.26181
37742,-147.5043
37743,-148.9534
37744,-150.26917
37745,-151.26726
37746,-151.97394
37747,-152.42354
37748,-152.6403
37749,-152.64853
37750,-152.47244
37751,-152.13634
37752,-151.66444
37753,-151.08104
37754,-149.0545
37755,-144.9369
37756,-142.45216
37757,-140.82709
37758,-139.97757
37759,-139.81969
37760,-140.26949
37761,-141.24307
37762,-142.65654
37763,-144.426
37764,-146.46895
37765,-148.71144
37766,-151.09082
37767,-153.54488
37768,-156.01086
37769,-158.42911
37770,-160.75743
37771,-162.97736
37772,-165.07137
37773,-167.02083
37774,-168.81708
37775,-170.51024
37776,-172.2297
37777,-174.108
37778,-176.27383
37779,-178.8164
37780,-181.59546
37781,-184.15999
37782,-186.04675
37783,-186.80725
37784,-186.07193
37785,-183.93167
37786,-181.10211
37787,-178.3247
37788,-176.31151
37789,-175.69633
37790,-176.65921
37791,-178.76532
37792,-181.5558
37793,-184.60127
37794,-187.49435
37795,-189.95432
37796,-191.8717
37797,-193.14384
37798,-193.65988
37799,-193.30887
37800,-191.97975
37801,-189.56145
37802,-185.94278
37803,-181.01239
37804,-177.58728
37805,-178.77718
37806,-179.5577
37807,-180.51991
37808,-181.48335
37809,-182.26761
37810,-182.69226
37811,-182.57677
37812,-181.74066
37813,-180.00327
37814,-177.24211
37815,-173.67287
37816,-169.97003
37817,-166.82678
37818,-164.9144
37819,-164.79729
37820,-166.42064
37821,-168.89165
37822,-171.28523
37823,-172.71657
37824,-172.41573
37825,-170.27995
37826,-167.11124
37827,-163.74796
37828,-160.98576
37829,-159.52992
37830,-159.56073
37831,-160.54778
37832,-161.933
37833,-163.19258
37834,-163.86356
37835,-163.8367
37836,-163.48155
37837,-163.1865
37838,-163.31699
37839,-164.2036
37840,-165.97374
37841,-168.47977
37842,-171.56345
37843,-175.07967
37844,-178.87659
37845,-182.76318
37846,-186.495
37847,-189.82573
37848,-192.51144
37849,-194.30817
37850,-194.97183
37851,-194.25803
37852,-191.92215
37853,-187.7192
37854,-184.94232
37855,-186.93011
37856,-187.1373
37857,-186.83072
37858,-186.15675
37859,-185.26111
37860,-184.2889
37861,-183.38527
37862,-182.69542
37863,-182.36493
37864,-182.50714
37865,-183.04636
37866,-183.65053
37867,-183.97775
37868,-183.69879
37869,-182.54077
37870,-180.55833
37871,-178.24991
37872,-176.13216
37873,-174.70085
37874,-174.38765
37875,-175.25032
37876,-176.84062
37877,-178.69043
37878,-180.35603
37879,-181.43141
37880,-181.73003
37881,-181.36258
37882,-180.45164
37883,-179.10553
37884,-177.43124
37885,-175.52696
37886,-173.47911
37887,-171.37364
37888,-169.2969
37889,-167.33203
37890,-165.54265
37891,-163.9663
37892,-162.63939
37893,-161.59956
37894,-160.88063
37895,-160.49525
37896,-160.42722
37897,-160.65915
37898,-161.17499
37899,-161.9587
37900,-162.9941
37901,-164.26503
37902,-165.75528
37903,-167.44855
37904,-167.90677
37905,-166.07164
37906,-165.22806
37907,-164.74411
37908,-164.56952
37909,-164.654
37910,-164.94725
37911,-165.39902
37912,-165.95892
37913,-166.57664
37914,-167.2018
37915,-167.78363
37916,-168.27092
37917,-168.61246
37918,-168.75697
37919,-168.65372
37920,-168.25473
37921,-167.51575
37922,-166.39267
37923,-164.84125
37924,-162.84071
37925,-160.50722
37926,-158.14232
37927,-156.05501
37928,-154.5453
37929,-153.87115
37930,-154.0458
37931,-154.75148
37932,-155.65755
37933,-156.4494
37934,-156.85028
37935,-156.80406
37936,-156.55322
37937,-156.35188
37938,-156.43983
37939,-157.02747
37940,-158.1537
37941,-159.62544
37942,-161.24066
37943,-162.80849
37944,-164.15665
37945,-165.22122
37946,-166.085
37947,-166.83647
37948,-167.55708
37949,-168.32838
37950,-169.23183
37951,-170.34889
37952,-171.76112
37953,-173.54996
37954,-174.40959
37955,-173.04254
37956,-172.07814
37957,-171.0872
37958,-170.07776
37959,-169.05777
37960,-168.03531
37961,-167.01839
37962,-166.01505
37963,-165.03328
37964,-164.09137
37965,-163.26706
37966,-162.71861
37967,-162.60748
37968,-163.0912
37969,-164.28615
37970,-166.06964
37971,-167.9954
37972,-169.60463
37973,-170.45396
37974,-170.16628
37975,-168.74918
37976,-166.73203
37977,-164.6649
37978,-163.07329
37979,-162.41731
37980,-162.77823
37981,-163.72403
37982,-164.8029
37983,-165.58757
37984,-165.69463
37985,-164.99557
37986,-163.70714
37987,-162.05962
37988,-160.26682
37989,-158.52272
37990,-156.9048
37991,-155.33286
37992,-153.72061
37993,-151.98921
37994,-150.07999
37995,-148.05084
37996,-146.11765
37997,-144.5024
37998,-143.41956
37999,-143.08345
38000,-143.7085
38001,-145.50896
38002,-148.699
38003,-153.49277
38004,-157.65562
38005,-158.21985
38006,-158.5773
38007,-158.4325
38008,-157.96687
38009,-157.362
38010,-156.79948
38011,-156.4609
38012,-156.52786
38013,-157.18193
38014,-158.5602
38015,-160.54166
38016,-162.65596
38017,-164.41924
38018,-165.3644
38019,-165.10568
38020,-163.73015
38021,-161.96579
38022,-160.56589
38023,-160.25322
38024,-161.64815
38025,-164.77617
38026,-168.85793
38027,-173.08334
38028,-176.68129
38029,-178.96832
38030,-179.77011
38031,-179.60217
38032,-179.0075
38033,-178.4966
38034,-178.5136
38035,-179.11723
38036,-179.84375
38037,-180.20862
38038,-179.75221
38039,-178.08556
38040,-175.23137
38041,-171.7706
38042,-168.30704
38043,-165.418
38044,-163.61893
38045,-163.0655
38046,-163.42647
38047,-164.3515
38048,-165.51372
38049,-166.58632
38050,-167.24254
38051,-167.15558
38052,-165.99854
38053,-163.44429
38054,-162.97488
38055,-167.6178
38056,-169.44295
38057,-170.18063
38058,-170.12968
38059,-169.58896
38060,-168.85759
38061,-168.23473
38062,-168.01953
38063,-168.51122
38064,-169.95467
38065,-172.28018
38066,-174.99217
38067,-177.57852
38068,-179.54753
38069,-180.48384
38070,-180.41553
38071,-179.97194
38072,-179.8065
38073,-180.54417
38074,-182.73425
38075,-186.48688
38076,-191.31792
38077,-201.72006
38078,-207.21458
38079,-212.3195
38080,-211.53159
38081,-214.31862
38082,-215.14667
38083,-213.48222
38084,-208.9223
38085,-206.82921
38086,-198.60683
38087,-190.70601
38088,-184.52934
38089,-176.30014
38090,-176.20497
38091,-178.0277
38092,-180.49738
38093,-182.41103
38094,-182.68573
38095,-180.93375
38096,-177.70952
38097,-173.60591
38098,-169.17154
38099,-164.9552
38100,-161.5058
38101,-159.37187
38102,-159.10176
38103,-161.24327
38104,-164.3755
38105,-165.98985
38106,-168.02985
38107,-170.09962
38108,-172.09557
38109,-173.91415
38110,-175.45174
38111,-176.6047
38112,-177.2695
38113,-177.34238
38114,-176.75668
38115,-175.66064
38116,-174.49394
38117,-173.7079
38118,-173.74
38119,-174.95369
38120,-177.28268
38121,-180.07912
38122,-182.6724
38123,-184.41988
38124,-184.76512
38125,-183.65361
38126,-181.71143
38127,-179.59238
38128,-177.91827
38129,-177.23318
38130,-177.62836
38131,-178.58194
38132,-179.54784
38133,-180.0092
38134,-179.52393
38135,-178.08391
38136,-176.2695
38137,-174.68484
38138,-173.90622
38139,-174.43636
38140,-176.35208
38141,-179.15332
38142,-182.31737
38143,-185.34952
38144,-187.7943
38145,-189.42433
38146,-190.32133
38147,-190.57938
38148,-190.27776
38149,-189.49591
38150,-188.31332
38151,-186.80945
38152,-185.06381
38153,-183.15596
38154,-181.87947
38155,-181.65501
38156,-180.57109
38157,-179.07744
38158,-177.26526
38159,-175.22575
38160,-173.05017
38161,-170.82982
38162,-168.65593
38163,-166.61977
38164,-164.81668
38165,-163.36565
38166,-162.41782
38167,-162.1255
38168,-162.63943
38169,-164.06677
38170,-166.26138
38171,-168.73442
38172,-170.98383
38173,-172.52396
38174,-172.93356
38175,-172.16548
38176,-170.67972
38177,-168.95645
38178,-167.4519
38179,-166.57076
38180,-166.41716
38181,-166.68864
38182,-167.06664
38183,-167.2522
38184,-166.97731
38185,-166.15466
38186,-164.9415
38187,-163.50475
38188,-161.99962
38189,-160.58324
38190,-159.42303
38191,-158.70049
38192,-158.59756
38193,-159.29553
38194,-160.94202
38195,-163.48962
38196,-166.62685
38197,-170.03198
38198,-173.39622
38199,-176.41074
38200,-178.7667
38201,-180.15526
38202,-180.26733
38203,-178.7936
38204,-179.52864
38205,-190.65729
38206,-188.4208
38207,-189.65253
38208,-189.61806
38209,-188.58344
38210,-186.81479
38211,-184.57867
38212,-182.14159
38213,-179.7703
38214,-177.72447
38215,-176.22275
38216,-175.42827
38217,-175.50188
38218,-176.60689
38219,-178.85239
38220,-182.03253
38221,-185.51537
38222,-188.65231
38223,-190.81523
38224,-191.46312
38225,-190.56223
38226,-188.76704
38227,-186.76045
38228,-185.19312
38229,-184.63194
38230,-185.15686
38231,-186.18788
38232,-187.11867
38233,-187.37437
38234,-186.47646
38235,-184.50679
38236,-182.30743
38237,-180.7516
38238,-180.67636
38239,-182.78041
38240,-186.96028
38241,-192.0272
38242,-196.7506
38243,-199.95201
38244,-200.58617
38245,-198.38284
38246,-194.12419
38247,-193.63704
38248,-187.69981
38249,-182.09166
38250,-172.59163
38251,-169.97829
38252,-170.02937
38253,-173.52147
38254,-176.65726
38255,-174.6163
38256,-174.37105
38257,-174.58582
38258,-175.08047
38259,-175.67499
38260,-176.18935
38261,-176.44354
38262,-176.2575
38263,-175.45119
38264,-173.88443
38265,-171.64906
38266,-169.1517
38267,-166.81158
38268,-165.03297
38269,-164.16098
38270,-164.19731
38271,-164.67859
38272,-165.12337
38273,-165.07243
38274,-164.13194
38275,-162.28809
38276,-160.04187
38277,-157.91475
38278,-156.40358
38279,-155.94234
38280,-156.59973
38281,-157.94997
38282,-159.54819
38283,-160.97331
38284,-161.85843
38285,-162.15083
38286,-162.22359
38287,-162.46628
38288,-163.2482
38289,-164.8841
38290,-167.37189
38291,-170.28075
38292,-173.16331
38293,-175.59273
38294,-177.18945
38295,-177.84795
38296,-177.8341
38297,-177.42859
38298,-176.89445
38299,-176.49481
38300,-176.49284
38301,-177.15161
38302,-178.73415
38303,-181.50328
38304,-184.13095
38305,-184.6578
38306,-185.07019
38307,-185.18774
38308,-185.10356
38309,-184.91078
38310,-184.70256
38311,-184.57208
38312,-184.61243
38313,-184.91682
38314,-185.5645
38315,-186.55424
38316,-187.77573
38317,-189.11426
38318,-190.46037
38319,-191.70538
38320,-192.74533
38321,-193.4826
38322,-193.81981
38323,-193.65923
38324,-192.92007
38325,-191.61998
38326,-189.91017
38327,-187.94743
38328,-185.88223
38329,-183.85765
38330,-181.9738
38331,-180.27237
38332,-178.79272
38333,-177.57692
38334,-176.66039
38335,-176.03914
38336,-175.6562
38337,-175.45245
38338,-175.37123
38339,-175.36827
38340,-175.47073
38341,-175.8026
38342,-176.4917
38343,-177.66124
38344,-179.40584
38345,-181.65474
38346,-184.11284
38347,-186.47633
38348,-188.4522
38349,-189.74721
38350,-190.06819
38351,-189.12166
38352,-186.6139
38353,-182.2509
38354,-181.47284
38355,-171.72984
38356,-169.91643
38357,-169.93642
38358,-171.25856
38359,-173.3523
38360,-175.68755
38361,-177.7344
38362,-178.96304
38363,-178.84349
38364,-176.94736
38365,-173.43855
38366,-169.28452
38367,-165.48566
38368,-163.0043
38369,-162.67699
38370,-164.6111
38371,-167.9274
38372,-171.70882
38373,-175.08589
38374,-177.27596
38375,-177.99779
38376,-177.64966
38377,-176.65683
38378,-175.41235
38379,-174.28587
38380,-173.50914
38381,-173.12724
38382,-173.17778
38383,-173.70721
38384,-174.73918
38385,-176.16496
38386,-177.6964
38387,-179.03833
38388,-179.90414
38389,-180.03911
38390,-179.3735
38391,-178.0887
38392,-176.37608
38393,-174.4152
38394,-172.38467
38395,-170.45718
38396,-168.7974
38397,-167.5696
38398,-166.93843
38399,-167.06856
38400,-168.12445
38401,-170.27057
38402,-173.6713
38403,-178.49068
38404,-182.84459
38405,-183.96101
38406,-184.1918
38407,-183.45892
38408,-181.96835
38409,-179.92612
38410,-177.53845
38411,-175.0116
38412,-172.55191
38413,-170.36574
38414,-168.634
38415,-167.39032
38416,-166.46854
38417,-165.69473
38418,-164.90451
38419,-163.9636
38420,-162.91266
38421,-162.0296
38422,-161.60149
38423,-161.9041
38424,-163.16856
38425,-165.36711
38426,-168.12158
38427,-171.04034
38428,-173.74863
38429,-175.9098
38430,-177.40926
38431,-178.43271
38432,-179.1778
38433,-179.8279
38434,-180.54326
38435,-181.34946
38436,-182.0897
38437,-182.59993
38438,-182.7248
38439,-182.33237
38440,-181.42795
38441,-180.20258
38442,-178.85475
38443,-177.57431
38444,-176.53009
38445,-175.76903
38446,-175.17314
38447,-174.61778
38448,-173.98613
38449,-173.16144
38450,-172.02695
38451,-170.46585
38452,-168.3613
38453,-165.59644
38454,-165.65887
38455,-170.8645
38456,-172.52673
38457,-172.66112
38458,-171.66177
38459,-169.9225
38460,-167.837
38461,-165.79906
38462,-164.20262
38463,-163.44188
38464,-163.83987
38465,-165.30511
38466,-167.18488
38467,-168.80507
38468,-169.51884
38469,-168.76923
38470,-166.52101
38471,-163.44608
38472,-160.24484
38473,-157.58426
38474,-156.06741
38475,-155.92523
38476,-156.88489
38477,-158.65405
38478,-160.9647
38479,-163.55328
38480,-166.18236
38481,-168.64972
38482,-170.75447
38483,-172.29402
38484,-173.09909
38485,-173.19492
38486,-172.87004
38487,-172.42345
38488,-172.1417
38489,-172.27989
38490,-172.91179
38491,-173.86504
38492,-174.95772
38493,-176.0195
38494,-176.88908
38495,-177.45746
38496,-177.68648
38497,-177.54079
38498,-176.98154
38499,-175.96986
38500,-174.46687
38501,-172.43356
38502,-169.83092
38503,-166.61995
38504,-165.37721
38505,-167.79488
38506,-167.5573
38507,-166.20383
38508,-164.08296
38509,-161.54329
38510,-158.93369
38511,-156.60289
38512,-154.89973
38513,-154.17291
38514,-154.69685
38515,-156.31558
38516,-158.29031
38517,-159.85995
38518,-160.29149
38519,-158.95808
38520,-155.85196
38521,-151.80435
38522,-147.67972
38523,-144.30261
38524,-142.40924
38525,-142.2232
38526,-143.27461
38527,-145.06685
38528,-147.13683
38529,-149.05566
38530,-150.59311
38531,-151.78773
38532,-152.68842
38533,-153.33116
38534,-153.74706
38535,-153.939
38536,-153.87148
38537,-153.50768
38538,-152.81245
38539,-151.77496
38540,-150.52544
38541,-149.38506
38542,-148.68237
38543,-148.7368
38544,-149.8173
38545,-151.89983
38546,-154.56375
38547,-157.3734
38548,-159.9121
38549,-161.76335
38550,-162.51047
38551,-161.73671
38552,-159.02487
38553,-153.95755
38554,-149.73174
38555,-150.27756
38556,-150.01212
38557,-149.87422
38558,-149.90231
38559,-150.13475
38560,-150.60997
38561,-151.36638
38562,-152.44238
38563,-153.87637
38564,-155.69273
38565,-157.83466
38566,-160.13554
38567,-162.42453
38568,-164.53598
38569,-166.32356
38570,-167.7533
38571,-168.94315
38572,-170.01707
38573,-171.09187
38574,-172.26369
38575,-173.50833
38576,-174.63869
38577,-175.46121
38578,-175.7902
38579,-175.47101
38580,-174.52972
38581,-173.23749
38582,-171.87512
38583,-170.71199
38584,-169.98721
38585,-169.7645
38586,-169.8698
38587,-170.11977
38588,-170.34239
38589,-170.39195
38590,-170.2756
38591,-170.20746
38592,-170.40982
38593,-171.09506
38594,-172.44423
38595,-174.4564
38596,-176.88422
38597,-179.47078
38598,-181.97095
38599,-184.13966
38600,-185.73175
38601,-186.50208
38602,-186.20523
38603,-184.59569
38604,-185.26727
38605,-190.6436
38606,-191.60205
38607,-190.44676
38608,-187.75044
38609,-184.08665
38610,-180.02977
38611,-176.15456
38612,-173.03581
38613,-171.24803
38614,-171.27959
38615,-173.11937
38616,-176.0804
38617,-179.44958
38618,-182.54646
38619,-184.75687
38620,-185.85037
38621,-186.11653
38622,-185.86569
38623,-185.38365
38624,-184.93925
38625,-184.70204
38626,-184.70715
38627,-184.98412
38628,-185.569
38629,-186.47816
38630,-187.61389
38631,-188.72404
38632,-189.55011
38633,-189.8411
38634,-189.37988
38635,-188.14743
38636,-186.3933
38637,-184.37802
38638,-182.34961
38639,-180.53185
38640,-179.00845
38641,-177.673
38642,-176.41144
38643,-175.11873
38644,-173.7115
38645,-172.23192
38646,-170.89236
38647,-169.912
38648,-169.50186
38649,-169.87286
38650,-171.2359
38651,-173.80171
38652,-177.78085
38653,-188.3836
38654,-186.41856
38655,-182.89749
38656,-181.40308
38657,-180.38504
38658,-179.7524
38659,-179.41408
38660,-179.27917
38661,-179.25668
38662,-179.25566
38663,-179.18518
38664,-178.98053
38665,-178.72939
38666,-178.72603
38667,-179.27284
38668,-180.66241
38669,-183.12448
38670,-186.52454
38671,-190.23492
38672,-193.60878
38673,-196.0228
38674,-196.9438
38675,-196.36333
38676,-194.985
38677,-193.54199
38678,-192.73416
38679,-193.16441
38680,-194.87148
38681,-197.1299
38682,-199.18358
38683,-200.31285
38684,-199.89586
38685,-197.88089
38686,-194.98997
38687,-191.97775
38688,-189.56285
38689,-188.36743
38690,-188.45363
38691,-189.12466
38692,-189.65326
38693,-189.3482
38694,-187.60704
38695,-184.34315
38696,-180.17003
38697,-175.73021
38698,-171.63342
38699,-168.48926
38700,-166.9071
38701,-167.49577
38702,-170.86345
38703,-182.6172
38704,-187.41908
38705,-180.49707
38706,-183.87468
38707,-194.50864
38708,-201.59247
38709,-209.321
38710,-216.89021
38711,-223.49666
38712,-228.33691
38713,-225.60648
38714,-224.63922
38715,-220.5813
38716,-219.68512
38717,-213.2537
38718,-207.54045
38719,-198.6672
38720,-196.98906
38721,-196.82129
38722,-197.43636
38723,-198.15643
38724,-198.36063
38725,-197.75668
38726,-196.498
38727,-194.75615
38728,-192.68187
38729,-190.4212
38730,-188.0931
38731,-185.77942
38732,-183.56062
38733,-181.5189
38734,-179.73318
38735,-178.26375
38736,-177.14554
38737,-176.41254
38738,-176.0999
38739,-176.2346
38740,-176.79643
38741,-177.70116
38742,-178.86205
38743,-180.19543
38744,-181.6169
38745,-183.03754
38746,-184.36235
38747,-185.49608
38748,-186.34383
38749,-186.8105
38750,-186.80095
38751,-186.21928
38752,-184.96916
38753,-182.95386
38754,-183.1254
38755,-187.63287
38756,-189.3979
38757,-189.85106
38758,-189.15477
38759,-187.47197
38760,-184.96593
38761,-181.80035
38762,-178.1392
38763,-174.14667
38764,-170.00328
38765,-165.983
38766,-162.48639
38767,-159.91907
38768,-158.68045
38769,-159.09967
38770,-161.09816
38771,-164.0455
38772,-167.29027
38773,-170.20764
38774,-172.22975
38775,-173.1187
38776,-173.08347
38777,-172.35051
38778,-171.12512
38779,-169.6172
38780,-168.06316
38781,-166.73534
38782,-165.90741
38783,-165.85135
38784,-166.7848
38785,-168.61089
38786,-170.80713
38787,-172.83441
38788,-174.17398
38789,-174.38026
38790,-173.43231
38791,-171.88503
38792,-170.31639
38793,-169.27696
38794,-169.25705
38795,-170.39627
38796,-172.35942
38797,-174.79277
38798,-177.36533
38799,-179.74617
38800,-181.60449
38801,-182.60934
38802,-182.4295
38803,-180.73367
38804,-181.41156
38805,-192.58217
38806,-189.99713
38807,-190.67793
38808,-189.96776
38809,-188.21031
38810,-185.74953
38811,-182.9298
38812,-180.0956
38813,-177.59149
38814,-175.71141
38815,-174.45488
38816,-173.42276
38817,-172.20003
38818,-170.39061
38819,-167.66515
38820,-164.0822
38821,-160.22635
38822,-156.70317
38823,-154.09312
38824,-152.90176
38825,-153.20023
38826,-154.4717
38827,-156.17677
38828,-157.80437
38829,-158.89912
38830,-159.32901
38831,-159.39972
38832,-159.43391
38833,-159.7334
38834,-160.56346
38835,-161.97719
38836,-163.7403
38837,-165.6075
38838,-167.34718
38839,-168.74945
38840,-169.73015
38841,-170.3755
38842,-170.77832
38843,-171.02335
38844,-171.18954
38845,-171.3222
38846,-171.42096
38847,-171.48367
38848,-171.51039
38849,-171.50116
38850,-171.456
38851,-171.37498
38852,-171.25812
38853,-171.10553
38854,-173.01074
38855,-177.87117
38856,-179.79967
38857,-180.29237
38858,-179.7031
38859,-178.386
38860,-176.69554
38861,-174.98636
38862,-173.61308
38863,-172.9304
38864,-173.2404
38865,-174.53954
38866,-176.41074
38867,-178.42076
38868,-180.15611
38869,-181.23787
38870,-181.4868
38871,-180.99446
38872,-179.86316
38873,-178.18243
38874,-176.06566
38875,-173.76466
38876,-171.7189
38877,-170.37532
38878,-170.1719
38879,-171.4693
38880,-174.1804
38881,-177.61214
38882,-181.04794
38883,-183.80055
38884,-185.25598
38885,-185.22592
38886,-184.09901
38887,-182.28731
38888,-180.17572
38889,-178.11452
38890,-176.25179
38891,-174.46138
38892,-172.60608
38893,-170.56178
38894,-168.22879
38895,-165.64972
38896,-163.06009
38897,-160.70306
38898,-158.81255
38899,-157.62247
38900,-157.36662
38901,-158.27873
38902,-160.5924
38903,-164.54105
38904,-166.5742
38905,-163.524
38906,-163.10028
38907,-163.66443
38908,-164.95255
38909,-166.70091
38910,-168.64592
38911,-170.52406
38912,-172.07175
38913,-173.02545
38914,-173.16954
38915,-172.56897
38916,-171.66917
38917,-170.93039
38918,-170.79457
38919,-171.64473
38920,-173.52136
38921,-176.0011
38922,-178.64293
38923,-181.02855
38924,-182.78105
38925,-183.76111
38926,-184.14915
38927,-184.13303
38928,-183.87958
38929,-183.53854
38930,-183.17572
38931,-182.74544
38932,-182.19968
38933,-181.4987
38934,-180.60625
38935,-179.491
38936,-178.12735
38937,-176.49225
38938,-174.56474
38939,-172.33652
38940,-169.86447
38941,-167.29265
38942,-164.7696
38943,-162.44057
38944,-160.44467
38945,-158.88411
38946,-157.81062
38947,-157.2739
38948,-157.32597
38949,-158.01869
38950,-159.40364
38951,-161.53209
38952,-164.45476
38953,-168.22205
38954,-170.31166
38955,-167.27844
38956,-162.44218
38957,-160.95671
38958,-153.34155
38959,-145.11615
38960,-136.79915
38961,-128.908
38962,-121.95883
38963,-116.46673
38964,-107.86796
38965,-106.14514
38966,-105.6672
38967,-105.779396
38968,-105.856026
38969,-105.33652
38970,-104.03999
38971,-102.299706
38972,-100.468575
38973,-98.87464
38974,-97.79728
38975,-97.23353
38976,-96.79813
38977,-96.090836
38978,-94.72949
38979,-92.3884
38980,-89.06966
38981,-85.21899
38982,-81.29891
38983,-77.75029
38984,-74.972374
38985,-73.12467
38986,-72.04212
38987,-71.54654
38988,-71.4749
38989,-71.67748
38990,-72.08315
38991,-72.72743
38992,-73.6503
38993,-74.8866
38994,-76.450745
38995,-78.23903
38996,-79.9871
38997,-81.4212
38998,-82.27292
38999,-82.27286
39000,-81.152
39001,-78.64251
39002,-74.47843
39003,-73.396454
39004,-67.92376
39005,-61.829517
39006,-61.90344
39007,-63.071617
39008,-64.90747
39009,-66.98419
39010,-68.8751
39011,-70.15409
39012,-70.395905
39013,-69.17631
39014,-66.16298
39015,-61.551094
39016,-61.248524
39017,-56.190052
39018,-47.274693
39019,-45.29774
39020,-45.454468
39021,-47.122845
39022,-49.640476
39023,-52.37914
39024,-54.750633
39025,-56.40907
39026,-57.338943
39027,-57.540165
39028,-56.997322
39029,-55.717422
39030,-53.83876
39031,-51.677567
39032,-49.557358
39033,-47.79294
39034,-46.675625
39035,-46.361206
39036,-46.821163
39037,-48.018368
39038,-49.92395
39039,-52.48216
39040,-55.48226
39041,-58.502323
39042,-61.11015
39043,-62.883408
39044,-63.459225
39045,-62.81759
39046,-61.40293
39047,-59.67909
39048,-58.087456
39049,-57.069084
39050,-57.065228
39051,-58.518078
39052,-61.871174
39053,-72.569695
39054,-68.837135
39055,-64.698715
39056,-60.108986
39057,-52.191998
39058,-50.666622
39059,-50.25141
39060,-50.66418
39061,-51.621834
39062,-52.840546
39063,-54.03601
39064,-54.951824
39065,-55.494892
39066,-55.794228
39067,-55.988907
39068,-56.20775
39069,-56.577457
39070,-57.21303
39071,-58.21352
39072,-59.677353
39073,-61.70379
39074,-64.35616
39075,-67.48808
39076,-70.66781
39077,-73.45078
39078,-75.405975
39079,-76.167946
39080,-75.74965
39081,-74.67652
39082,-73.49459
39083,-72.72535
39084,-72.82457
39085,-73.866455
39086,-75.40733
39087,-76.981346
39088,-78.14647
39089,-78.52727
39090,-78.13919
39091,-77.5277
39092,-77.2598
39093,-77.87739
39094,-79.84775
39095,-83.20067
39096,-87.37127
39097,-91.7696
39098,-95.83398
39099,-99.00334
39100,-100.71755
39101,-100.417175
39102,-97.54377
39103,-96.540085
39104,-91.27181
39105,-86.75231
39106,-86.54707
39107,-86.56007
39108,-86.70826
39109,-86.90883
39110,-87.078766
39111,-87.1352
39112,-86.99523
39113,-86.57594
39114,-85.814476
39115,-84.76455
39116,-83.637535
39117,-82.65119
39118,-82.01556
39119,-81.91474
39120,-82.38155
39121,-83.243645
39122,-84.32023
39123,-85.44012
39124,-86.437706
39125,-87.18046
39126,-87.58065
39127,-87.55228
39128,-87.007355
39129,-85.89148
39130,-84.34631
39131,-82.77878
39132,-81.60624
39133,-81.233376
39134,-81.99789
39135,-83.84658
39136,-86.195724
39137,-88.43944
39138,-89.99659
39139,-90.363525
39140,-89.48704
39141,-87.92418
39142,-86.25529
39143,-85.030975
39144,-84.74069
39145,-85.51727
39146,-87.01013
39147,-88.84958
39148,-90.68907
39149,-92.18252
39150,-92.984375
39151,-92.749596
39152,-91.13383
39153,-87.79345
39154,-86.75153
39155,-92.08076
39156,-95.59605
39157,-98.64068
39158,-101.198975
39159,-103.255226
39160,-104.79383
39161,-105.79911
39162,-106.255356
39163,-106.146904
39164,-105.47388
39165,-104.328705
39166,-102.928764
39167,-101.49615
39168,-100.2468
39169,-99.37729
39170,-98.97071
39171,-98.956955
39172,-99.25991
39173,-99.81055
39174,-100.53176
39175,-101.29892
39176,-101.923035
39177,-102.212685
39178,-101.979355
39179,-101.08795
39180,-99.71303
39181,-98.44761
39182,-97.89834
39183,-98.65056
39184,-101.17954
39185,-105.32135
39186,-110.045425
39187,-114.287674
39188,-117.0269
39189,-117.37907
39190,-115.24827
39191,-111.60444
39192,-107.459
39193,-103.77244
39194,-101.408585
39195,-100.669
39196,-101.09376
39197,-102.19386
39198,-103.51669
39199,-104.609665
39200,-105.02016
39201,-104.295876
39202,-101.98466
39203,-97.63478
39204,-94.72411
39205,-97.02632
39206,-97.60096
39207,-97.72214
39208,-97.49172
39209,-97.01124
39210,-96.38208
39211,-95.70552
39212,-95.08254
39213,-94.614006
39214,-94.37462
39215,-94.287346
39216,-94.06984
39217,-93.4315
39218,-92.091484
39219,-89.83148
39220,-86.79691
39221,-83.62514
39222,-80.972305
39223,-79.47077
39224,-79.66898
39225,-81.62561
39226,-84.73432
39227,-88.36034
39228,-91.89953
39229,-94.795555
39230,-96.77157
39231,-97.92925
39232,-98.38532
39233,-98.23824
39234,-97.595215
39235,-96.614365
39236,-95.52292
39237,-94.550705
39238,-93.92416
39239,-93.84101
39240,-94.33195
39241,-95.20119
39242,-96.244026
39243,-97.26643
39244,-98.08511
39245,-98.57868
39246,-98.70976
39247,-98.44444
39248,-97.7446
39249,-96.57224
39250,-94.88941
39251,-92.65814
39252,-89.8405
39253,-86.39867
39254,-88.01243
39255,-103.217636
39256,-107.70395
39257,-104.53247
39258,-104.149574
39259,-101.9997
39260,-98.52646
39261,-94.17313
39262,-89.38264
39263,-84.59757
39264,-80.23424
39265,-76.55888
39266,-73.635
39267,-71.51832
39268,-70.27442
39269,-69.9521
39270,-70.50146
39271,-71.738434
39272,-73.473175
39273,-75.52183
39274,-77.70658
39275,-79.88594
39276,-81.96761
39277,-83.8614
39278,-85.47485
39279,-86.72203
39280,-87.55439
39281,-87.974174
39282,-87.98562
39283,-87.59061
39284,-86.799286
39285,-85.669426
39286,-84.32356
39287,-82.88671
39288,-81.480835
39289,-80.23003
39290,-79.271255
39291,-78.75886
39292,-78.848015
39293,-79.693115
39294,-81.419624
39295,-83.98296
39296,-87.10649
39297,-90.50046
39298,-93.88401
39299,-96.97594
39300,-99.4958
39301,-101.16447
39302,-101.70427
39303,-100.83834
39304,-99.67101
39305,-99.76483
39306,-99.277374
39307,-98.618996
39308,-97.89374
39309,-97.20746
39310,-96.66793
39311,-96.38471
39312,-96.46911
39313,-97.03383
39314,-98.15666
39315,-99.70624
39316,-101.26705
39317,-102.41287
39318,-102.731674
39319,-101.871956
39320,-99.831726
39321,-97.08181
39322,-94.111145
39323,-91.385544
39324,-89.31392
39325,-87.97559
39326,-87.00394
39327,-86.01437
39328,-84.643166
39329,-82.5701
39330,-79.72936
39331,-76.39955
39332,-72.87247
39333,-69.42275
39334,-66.29675
39335,-63.578915
39336,-61.1347
39337,-58.82026
39338,-56.501728
39339,-54.068863
39340,-51.550518
39341,-49.16413
39342,-47.135033
39343,-45.679592
39344,-44.984715
39345,-45.06604
39346,-45.705803
39347,-46.67462
39348,-47.75321
39349,-48.721893
39350,-49.3608
39351,-49.45009
39352,-48.77013
39353,-47.10167
39354,-46.808647
39355,-49.938587
39356,-51.087643
39357,-51.409645
39358,-51.117588
39359,-50.42382
39360,-49.54015
39361,-48.67789
39362,-48.046444
39363,-47.85126
39364,-48.26283
39365,-49.268513
39366,-50.608707
39367,-52.012627
39368,-53.22203
39369,-53.99314
39370,-54.15705
39371,-53.645916
39372,-52.39845
39373,-50.3507
39374,-47.47255
39375,-43.921444
39376,-40.108086
39377,-36.454407
39378,-33.370716
39379,-31.229286
39380,-30.179127
39381,-30.064837
39382,-30.715725
39383,-31.97417
39384,-33.670376
39385,-35.566868
39386,-37.334003
39387,-38.637024
39388,-39.14546
39389,-38.5868
39390,-37.022526
39391,-34.96753
39392,-32.957325
39393,-31.505756
39394,-31.067274
39395,-31.750908
39396,-33.193478
39397,-35.005653
39398,-36.817574
39399,-38.258724
39400,-38.958637
39401,-38.54752
39402,-36.656773
39403,-32.91991
39404,-38.099926
39405,-69.408676
39406,-74.56286
39407,-79.21512
39408,-74.35309
39409,-70.92999
39410,-69.88685
39411,-62.159428
39412,-53.679596
39413,-45.374466
39414,-38.098587
39415,-32.31308
39416,-22.951803
39417,-19.927105
39418,-18.176548
39419,-17.617807
39420,-18.049408
39421,-19.105778
39422,-20.409864
39423,-21.590221
39424,-22.32383
39425,-22.572464
39426,-22.687263
39427,-23.04128
39428,-23.990808
39429,-25.817106
39430,-28.360317
39431,-30.854565
39432,-32.49817
39433,-32.517296
39434,-30.284426
39435,-26.003159
39436,-20.999311
39437,-16.645773
39438,-14.2597065
39439,-14.987255
39440,-18.957962
39441,-29.883963
39442,-36.368687
39443,-42.064133
39444,-40.752064
39445,-41.95717
39446,-41.210842
39447,-39.09454
39448,-36.1419
39449,-32.884712
39450,-29.85367
39451,-27.579285
39452,-26.592827
39453,-27.427803
39454,-29.9991
39455,-33.494064
39456,-37.902985
39457,-42.780106
39458,-47.73474
39459,-52.377064
39460,-56.31862
39461,-59.172688
39462,-60.554203
39463,-60.07971
39464,-57.453674
39465,-52.88306
39466,-52.253407
39467,-46.476055
39468,-41.427086
39469,-32.891094
39470,-31.132772
39471,-30.710835
39472,-31.14894
39473,-32.000145
39474,-32.85046
39475,-33.487946
39476,-33.977177
39477,-34.39633
39478,-34.810413
39479,-35.26509
39480,-35.695732
39481,-35.887737
39482,-35.619045
39483,-34.67496
39484,-32.87325
39485,-30.216475
39486,-26.957819
39487,-23.362366
39488,-19.683353
39489,-16.166096
39490,-13.013357
39491,-10.370472
39492,-8.379963
39493,-7.18754
39494,-6.9121065
39495,-7.5114627
39496,-8.720718
39497,-10.258963
39498,-11.853034
39499,-13.229201
39500,-14.11383
39501,-14.233841
39502,-13.31735
39503,-11.094184
39504,-7.7094984
39505,-5.4147067
39506,-6.8632417
39507,-10.738374
39508,-21.356142
39509,-28.016941
39510,-35.013115
39511,-41.636093
39512,-47.180485
39513,-45.945522
39514,-47.323593
39515,-46.227425
39516,-43.27334
39517,-39.10805
39518,-34.34259
39519,-29.566158
39520,-25.255856
39521,-21.738817
39522,-19.335567
39523,-18.375109
39524,-19.112371
39525,-21.355898
39526,-24.296862
39527,-27.084631
39528,-28.89303
39529,-29.008076
39530,-27.359558
39531,-24.750694
39532,-22.027004
39533,-19.99207
39534,-19.36734
39535,-20.399616
39536,-22.683918
39537,-25.775152
39538,-29.25312
39539,-32.715313
39540,-35.87197
39541,-38.587963
39542,-40.736237
39543,-42.18263
39544,-42.818985
39545,-42.68821
39546,-42.03861
39547,-41.12847
39548,-40.20696
39549,-39.523525
39550,-39.328197
39551,-39.87182
39552,-41.4063
39553,-44.18473
39554,-44.36396
39555,-38.60651
39556,-35.49541
39557,-33.404892
39558,-32.168427
39559,-31.619267
39560,-31.590254
39561,-31.913784
39562,-32.421837
39563,-32.946167
39564,-33.341755
39565,-33.59951
39566,-33.895866
39567,-34.416843
39568,-35.34013
39569,-36.815372
39570,-38.832752
39571,-41.16533
39572,-43.572926
39573,-45.824364
39574,-47.705788
39575,-49.102356
39576,-50.033894
39577,-50.52811
39578,-50.608036
39579,-50.31084
39580,-49.749706
39581,-49.140633
39582,-48.70454
39583,-48.655544
39584,-49.163094
39585,-50.165813
39586,-51.293133
39587,-52.159527
39588,-52.395294
39589,-51.681244
39590,-49.97627
39591,-47.615143
39592,-44.952385
39593,-42.3279
39594,-40.048233
39595,-38.21416
39596,-36.645912
39597,-35.151875
39598,-33.554295
39599,-31.676247
39600,-29.341476
39601,-26.374317
39602,-22.59962
39603,-17.842619
39604,-17.027645
39605,-11.308006
39606,-2.4933226
39607,0.17440142
39608,2.036417
39609,3.4362314
39610,4.719155
39611,-641.88446
39612,-595.41296
39613,-531.64923
39614,-447.64627
39615,-354.59317
39616,-257.60135
39617,-174.18849
39618,-111.24859
39619,-65.33226
39620,-42.695225
39621,-31.579897
39622,-26.820568
39623,-24.574951
39624,-21.605927
39625,-15.775252
39626,-6.549929
39627,5.87209
39628,20.63496
39629,35.8439
39630,48.163918
39631,54.473495
39632,54.55474
39633,51.154274
39634,48.441963
39635,48.96559
39636,51.7438
39637,54.32816
39638,54.758087
39639,52.52456
39640,48.45752
39641,43.688286
39642,39.239777
39643,35.98125
39644,34.535393
39645,35.083817
39646,37.289406
39647,40.58551
39648,44.34998
39649,48.005543
39650,51.09509
39651,53.33099
39652,54.617725
39653,55.047653
39654,54.96622
39655,54.981163
39656,54.830536
39657,53.985317
39658,52.024345
39659,48.82843
39660,44.687263
39661,40.30299
39662,36.69005
39663,34.97206
39664,35.9716
39665,39.39209
39666,43.72168
39667,47.57297
39668,50.193645
39669,51.422573
39670,51.417927
39671,50.26702
39672,47.686012
39673,43.124283
39674,35.96785
39675,25.987452
39676,13.960865
39677,1.6853354
39678,-8.239874
39679,-13.166454
39680,-12.642189
39681,-9.582832
39682,-7.5197415
39683,-9.812037
39684,-19.873634
39685,-39.70157
39686,-67.1954
39687,-97.19616
39688,-121.762085
39689,-131.98965
39690,-124.43302
39691,-104.81091
39692,-80.812836
39693,-58.89257
39694,-43.40073
39695,-35.648464
39696,-34.33195
39697,-38.242046
39698,-46.60768
39699,-58.816414
39700,-74.20405
39701,-91.903366
39702,-110.74872
39703,-129.23792
39704,-137.73726
39705,-133.9632
39706,-146.28836
39707,-171.56422
39708,-207.38498
39709,-250.73499
39710,-297.39243
39711,-341.73267
39712,-376.92694
39713,-395.53534
39714,-391.5502
39715,-366.69943
39716,-332.91647
39717,-302.96768
39718,-287.83228
39719,-296.6098
39720,-331.73907
39721,-384.16367
39722,-439.93954
39723,-481.5554
39724,-491.13373
39725,-463.20166
39726,-411.5057
39727,-353.0897
39728,-302.16168
39729,-268.71143
39730,-255.5784
39731,-258.22818
39732,-271.61148
39733,-291.02158
39734,-311.86365
39735,-331.74896
39736,-352.23453
39737,-375.97742
39738,-405.93796
39739,-445.2002
39740,-495.46268
39741,-555.6967
39742,-623.8745
39743,3.1246016
39744,0.10777775
39745,-2.746413
39746,-5.4245486
39747,-7.918092
39748,-10.215409
39749,-12.304614
39750,-14.173525
39751,-15.809226
39752,-17.19703
39753,-18.32049
39754,-23.374413
39755,-38.978794
39756,-37.74887
39757,-37.675526
39758,-34.569954
39759,-29.226768
39760,-27.432493
39761,-19.967705
39762,-12.606612
39763,-6.1171536
39764,-1.18674
39765,-633.4994
39766,-588.45465
39767,-569.93933
39768,-568.3108
39769,-575.4321
39770,-586.3082
39771,-600.3401
39772,-617.90454
39773,-639.41
39774,-665.0069
39775,3.6389995
39776,2.6084585
39777,1.9383361
39778,1.8422526
39779,2.5145016
39780,4.0396085
39781,-641.8944
39782,-574.9833
39783,-497.41864
39784,-413.81177
39785,-331.24734
39786,-258.86353
39787,-203.31506
39788,-168.5621
39789,-156.97089
39790,-168.08615
39791,-197.32904
39792,-239.34877
39793,-287.28366
39794,-332.3767
39795,-367.81677
39796,-392.54712
39797,-407.48206
39798,-414.09186
39799,-414.22726
39800,-409.96432
39801,-403.4818
39802,-396.98117
39803,-392.6488
39804,-395.91376
39805,-404.4814
39806,-398.33133
39807,-380.01334
39808,-352.27856
39809,-317.99414
39810,-279.92654
39811,-240.59752
39812,-202.1976
39813,-166.5275
39814,-134.88725
39815,-107.72965
39816,-84.66394
39817,-65.19677
39818,-48.886143
39819,-35.296997
39820,-23.852715
39821,-13.805878
39822,-4.5175967
39823,4.4872375
39824,13.486159
39825,22.409536
39826,30.85726
39827,38.425423
39828,44.790504
39829,49.732727
39830,53.15585
39831,54.93022
39832,54.63616
39833,51.460102
39834,44.138046
39835,31.267845
39836,12.180509
39837,-12.743505
39838,-42.044662
39839,-73.38198
39840,-104.60859
39841,-134.97253
39842,-164.46623
39843,-193.47815
39844,-222.6041
39845,-251.95895
39846,-280.60052
39847,-307.2186
39848,-330.382
39849,-348.58813
39850,-360.33255
39851,-364.1946
39852,-358.93945
39853,-343.63528
39854,-349.03244
39855,-403.47156
39856,-435.43033
39857,4.510195
39858,4.891751
39859,-436.6613
39860,-421.10956
39861,-405.74948
39862,-395.14618
39863,-393.69827
39864,-405.42426
39865,-431.56274
39866,3.0101733
39867,0.74882513
39868,-1.3453442
39869,-2.9845998
39870,-4.1133385
39871,-4.98144
39872,-5.8005347
39873,-6.7475214
39874,-7.9676223
39875,-9.432966
39876,-10.897724
39877,-12.154727
39878,-13.018973
39879,-13.332935
39880,-13.0769005
39881,-12.383559
39882,-11.336427
39883,-9.990094
39884,-23.414288
39885,-6.794886
39886,-5.4333487
39887,-4.5673347
39888,-4.433938
39889,-5.2512035
39890,-6.961269
39891,-24.128769
39892,-11.35827
39893,-13.25062
39894,-14.421753
39895,-14.7337885
39896,-14.363078
39897,-13.422571
39898,-11.982985
39899,-10.104872
39900,-7.8354163
39901,-5.208091
39902,-2.2445166
39903,-13.957642
39904,1.6201131
39905,-2.3774276
39906,-3.9905877
39907,-5.3347507
39908,-6.401067
39909,-7.181733
39910,-7.6694517
39911,-7.857261
39912,-7.738569
39913,-7.3071613
39914,-6.565049
39915,-5.5569305
39916,-4.371627
39917,-3.0752394
39918,-1.7225864
39919,-0.37350377
39920,0.8740661
39921,1.8779105
39922,2.5037866
39923,2.6140428
39924,2.08339
39925,0.9123307
39926,-0.72809243
39927,-2.6792123
39928,-4.7853494
39929,-6.880351
39930,-8.796241
39931,-10.36962
39932,-11.437043
39933,-11.84477
39934,-11.50125
39935,-10.563402
39936,-9.432352
39937,-8.381075
39938,-7.619762
39939,-7.313404
39940,-7.399961
39941,-7.55749
39942,-7.5500317
39943,-7.1751876
39944,-6.273986
39945,-4.9017515
39946,-3.3336642
39947,-1.7496755
39948,-0.28749853
39949,0.9148486
39950,1.7121234
39951,1.9472158
39952,1.4472625
39953,0.018067047
39954,-1.5134871
39955,-1.3390591
39956,-0.09783724
39957,1.6386853
39958,3.566586
39959,-9.576974
39960,-420.8159
39961,-397.78366
39962,-389.98993
39963,-402.74548
39964,-441.81335
39965,0.3925079
39966,-4.188286
39967,-8.573502
39968,-11.847065
39969,-13.164206
39970,-12.484614
39971,-10.7500515
39972,-8.632289
39973,-6.5395064
39974,-4.7134795
39975,-2.9966488
39976,-0.85941035
39977,2.0335462
39978,5.9355645
39979,-368.615
39980,-272.80258
39981,-184.46854
39982,-116.362206
39983,-83.57538
39984,-83.52732
39985,-117.93987
39986,-188.99289
39987,-278.56885
39988,-373.5509
39989,-441.9088
39990,2.8549423
39991,4.160615
39992,-426.93393
39993,-370.24
39994,-306.55463
39995,-244.83289
39996,-191.05373
39997,-149.00133
39998,-120.91304
39999,-108.440155
40000,-114.11059
40001,-143.29932
40002,-206.71848
40003,-328.46124
40004,-4.2317076
40005,-1.9704701
40006,-2.3624384
40007,-0.9516632
40008,1.4907837
40009,4.38594
40010,-425.28577
40011,-372.7383
40012,-334.1196
40013,-316.19675
40014,-325.0825
40015,-363.2582
40016,-426.32733
40017,0.14132054
40018,-19.350729
40019,-8.166968
40020,-10.933449
40021,-12.753916
40022,-13.731376
40023,-13.944259
40024,-13.515322
40025,-12.75817
40026,-12.167086
40027,-12.109786
40028,-12.92132
40029,-14.8954935
40030,-17.872019
40031,-21.049759
40032,-23.691772
40033,-25.046185
40034,-24.528217
40035,-22.558346
40036,-20.497252
40037,-19.040398
40038,-18.552557
40039,-19.303833
40040,-21.082037
40041,-23.10645
40042,-24.853832
40043,-25.832989
40044,-25.624796
40045,-24.388613
40046,-22.862011
40047,-21.418652
40048,-20.245647
40049,-19.497536
40050,-19.334814
40051,-34.951454
40052,-21.598234
40053,-24.616755
40054,-26.7235
40055,-25.467604
40056,-26.25488
40057,-26.762014
40058,-26.461372
40059,-26.0
40060,-26.0
40061,-26.0
40062,-26.0
40063,-26.0
40064,-26.0
40065,-26.0
40066,-41.0
40067,-41.0
40068,-26.0
40069,-26.0
40070,-26.0
40071,-26.0
40072,-26.0
40073,-26.0
40074,-26.0
40075,-26.0
40076,-26.0
40077,-26.0
40078,-26.0
40079,-26.0
40080,-26.0
40081,-26.0
40082,-26.0
40083,-26.0
40084,-26.0
40085,-26.0
40086,-26.0
40087,-26.0
40088,-26.0
40089,-26.0
40090,-26.0
40091,-26.0
40092,-26.0
40093,-25.870413
40094,-25.55452
40095,-25.793213
40096,-41.339546
40097,-26.00927
40098,-26.0
40099,-26.0
40100,-26.0
40101,-26.0
40102,-26.0
40103,-26.0
40104,-26.0
40105,-26.0
40106,-26.0
40107,-26.0
40108,-26.0
40109,-26.0
40110,-26.0
40111,-26.0
40112,-26.0
40113,-26.0
40114,-26.0
40115,-26.0
40116,-26.0
40117,-26.0
40118,-26.0
40119,-26.0
40120,-26.0
40121,-26.0
40122,-26.0
40123,-26.0
40124,-26.0
40125,-26.0
40126,-26.0
40127,-26.0
40128,-26.0
40129,-26.0
40130,-26.0
40131,-26.0
40132,-26.0
40133,-26.0
40134,-26.0
40135,-26.0
40136,-26.0
40137,-26.0
40138,-26.0
40139,-26.0
40140,-26.0
40141,-26.0
40142,-26.0
40143,-26.0
40144,-26.0
40145,-26.0
40146,-26.0
40147,-26.0
40148,-26.0
40149,-26.0
40150,-26.0
40151,-26.0
40152,-26.0
40153,-26.0
40154,-26.0
40155,-26.0
40156,-26.0
40157,-26.0
40158,-24.39459
40159,-20.865442
40160,-19.758026
40161,-18.969643
40162,-18.47724
40163,-18.345154
40164,-18.623594
40165,-19.256624
40166,-20.070446
40167,-20.94131
40168,-21.753876
40169,-22.398218
40170,-22.845213
40171,-23.158226
40172,-23.357662
40173,-38.447098
40174,-23.439621
40175,-23.399122
40176,-23.439737
40177,-23.642342
40178,-24.077282
40179,-24.763481
40180,-25.419613
40181,-25.443604
40182,-24.432291
40183,-22.134293
40184,-18.572903
40185,-14.502978
40186,-10.993778
40187,-8.364696
40188,-6.873704
40189,-6.858381
40190,-8.136608
40191,-9.765121
40192,-10.927615
40193,-10.813427
40194,-8.814964
40195,-5.271464
40196,-1.3097404
40197,2.513046
40198,5.859614
40199,-405.64435
40200,-372.35294
40201,-374.30035
40202,-423.14572
40203,-22.158348
40204,-5.6270957
40205,2.2149541
40206,2.5180304
40207,1.7599149
40208,0.10913784
40209,-2.1414614
40210,-4.6236115
40211,-6.9160256
40212,-23.565235
40213,-9.121092
40214,-8.265115
40215,-6.1803575
40216,-3.5169134
40217,-0.6730162
40218,2.0953524
40219,4.581252
40220,-432.79272
40221,-391.81308
40222,-357.64993
40223,-329.22595
40224,-305.70865
40225,-286.83328
40226,-273.0367
40227,-264.90497
40228,-263.0928
40229,-268.26996
40230,-280.49274
40231,-298.73087
40232,-321.69382
40233,-347.9647
40234,-376.03482
40235,-404.92578
40236,-434.6914
40237,3.2930107
40238,1.6678975
40239,-0.013030533
40240,-1.8022662
40241,-3.7962108
40242,-21.092216
40243,-8.792416
40244,-11.977391
40245,-15.528235
40246,-19.029295
40247,-22.056036
40248,-24.17265
40249,-24.94452
40250,-24.024672
40251,-21.261662
40252,-16.751158
40253,-10.744795
40254,-6.7096834
40255,-7.1415396
40256,-21.95634
40257,-7.3754373
40258,-8.339591
40259,-9.734436
40260,-11.410936
40261,-13.194891
40262,-14.892492
40263,-16.296202
40264,-17.234112
40265,-17.770792
40266,-18.24339
40267,-18.8906
40268,-19.904585
40269,-21.444164
40270,-23.449186
40271,-25.590012
40272,-27.621262
40273,-27.98971
40274,-26.112843
40275,-26.0
40276,-26.0
40277,-26.0
40278,-25.242779
40279,-20.886948
40280,-14.080333
40281,-10.274031
40282,-7.624003
40283,-6.423827
40284,-7.1819854
40285,-9.843798
40286,-13.405126
40287,-16.894215
40288,-19.185251
40289,-19.237469
40290,-17.288048
40291,-14.944766
40292,-13.103429
40293,-12.249
40294,-12.757339
40295,-14.513391
40296,-16.792072
40297,-19.071514
40298,-20.83797
40299,-21.52567
40300,-20.614054
40301,-17.763653
40302,-12.915007
40303,-6.226788
40304,-6.679004
40305,-1.7850187
40306,-0.25095636
40307,0.9032153
40308,1.6648635
40309,2.0315871
40310,2.0074985
40311,1.6008742
40312,0.8227124
40313,-0.3143491
40314,-1.7814233
40315,-3.4592657
40316,-20.1083
40317,-6.4934974
40318,-7.3887625
40319,-7.612224
40320,-7.1904793
40321,-6.379952
40322,-5.364537
40323,-4.2811537
40324,-3.241162
40325,-2.2767437
40326,-1.3380198
40327,-0.40349376
40328,0.53721195
40329,1.4976097
40330,2.506281
40331,3.6089914
40332,4.847382
40333,-431.99347
40334,-401.7574
40335,-371.46274
40336,-347.389
40337,-335.93054
40338,-343.4747
40339,-376.57855
40340,-436.99292
40341,-0.21989343
40342,-4.2381425
40343,-6.8925242
40344,-7.3034086
40345,-5.5283675
40346,-2.6536822
40347,0.5933871
40348,3.7826285
40349,-442.7877
40350,-395.9998
40351,-372.73352
40352,-380.83676
40353,-431.37048
40354,4.4245253
40355,-350.57623
40356,-282.42752
40357,-244.28868
40358,-223.6993
40359,-215.23164
40360,-214.5896
40361,-217.95042
40362,-221.56067
40363,-221.59305
40364,-214.72017
40365,-200.62064
40366,-183.10896
40367,-166.4492
40368,-154.34676
40369,-149.7614
40370,-153.41187
40371,-162.86607
40372,-174.99461
40373,-186.40552
40374,-193.67375
40375,-195.01587
40376,-191.41061
40377,-184.5119
40378,-175.97014
40379,-167.15665
40380,-158.15213
40381,-147.29608
40382,-132.78127
40383,-113.198685
40384,-88.1807
40385,-60.29567
40386,-34.787575
40387,-15.58433
40388,-4.841604
40389,-3.8630304
40390,-12.941747
40391,-30.302378
40392,-52.900883
40393,-75.71775
40394,-92.168365
40395,-98.120895
40396,-95.14941
40397,-86.68062
40398,-76.21644
40399,-66.919044
40400,-61.536865
40401,-62.67525
40402,-73.41724
40403,-98.2997
40404,-113.811516
40405,-88.77514
40406,-74.26895
40407,-66.81645
40408,-64.440506
40409,-65.57087
40410,-68.79818
40411,-72.71029
40412,-75.813034
40413,-76.53961
40414,-73.57226
40415,-67.081795
40416,-59.26582
40417,-52.51601
40418,-48.95438
40419,-50.498814
40420,-58.522648
40421,-73.661545
40422,-96.77465
40423,-129.124
40424,-171.98618
40425,-224.76575
40426,-282.75464
40427,-338.28055
40428,-381.6167
40429,-403.0199
40430,-399.05316
40431,-376.2091
40432,-343.37897
40433,-308.86493
40434,-279.30814
40435,-257.4236
40436,-241.46846
40437,-229.13994
40438,-218.39706
40439,-207.5426
40440,-196.04361
40441,-184.91257
40442,-175.3816
40443,-168.58595
40444,-165.42055
40445,-165.61247
40446,-167.15613
40447,-167.67378
40448,-164.79305
40449,-156.26004
40450,-140.18626
40451,-115.42005
40452,-82.042206
40453,-41.985428
40454,-12.057059
40455,-5.4125295
40456,-3.4792545
40457,-5.590238
40458,-11.311175
40459,-20.426807
40460,-32.779396
40461,-48.138775
40462,-66.104645
40463,-86.04091
40464,-107.0577
40465,-128.10011
40466,-148.05777
40467,-165.71698
40468,-179.78807
40469,-189.16943
40470,-194.00493
40471,-196.32277
40472,-198.62704
40473,-203.47705
40474,-213.17279
40475,-227.9272
40476,-244.47049
40477,-258.3996
40478,-264.95035
40479,-259.9714
40480,-243.43845
40481,-220.98683
40482,-198.84749
40483,-182.37457
40484,-175.75212
40485,-179.90804
40486,-191.25789
40487,-205.19144
40488,-216.67679
40489,-220.69695
40490,-214.8808
40491,-201.12381
40492,-182.30417
40493,-161.16924
40494,-140.12825
40495,-120.983116
40496,-104.87393
40497,-92.650055
40498,-85.04348
40499,-82.81119
40500,-86.921646
40501,-98.78226
40502,-120.505295
40503,-155.2123
40504,-201.62442
40505,-246.83298
40506,-282.0626
40507,-307.05704
40508,-322.41913
40509,-329.4273
40510,-329.77682
40511,-325.374
40512,-318.19064
40513,-310.1654
40514,-303.14426
40515,-298.83743
40516,-298.8405
40517,-304.76688
40518,-318.37988
40519,-341.38925
40520,-373.7102
40521,-411.9372
40522,3.8326247
40523,2.1838584
40524,1.2166528
40525,0.9877993
40526,1.291017
40527,1.9523165
40528,2.8329654
40529,-11.184985
40530,4.84387
40531,-435.91504
40532,-413.50394
40533,-390.55652
40534,-367.60202
40535,-346.49207
40536,-330.8696
40537,-324.53653
40538,-331.39346
40539,-355.30228
40540,-396.75998
40541,3.6412444
40542,0.83483374
40543,-1.1734799
40544,-1.862702
40545,-1.2100875
40546,0.22298118
40547,2.006222
40548,3.827304
40549,5.405348
40550,-427.18674
40551,-416.36838
40552,-425.9879
40553,3.2836616
40554,-1.4112488
40555,-12.752575
40556,-12.982519
40557,-17.554495
40558,-21.158884
40559,-38.473392
40560,-24.214172
40561,-23.21363
40562,-35.48825
40563,-16.232574
40564,-10.860937
40565,-10.362082
40566,-5.8614807
40567,2.1844432
40568,3.0541348
40569,0.7454845
40570,-5.019056
40571,-18.096144
40572,-27.044107
40573,-34.805565
40574,-46.67812
40575,-26.909386
40576,-26.0
40577,-26.0
40578,-26.0
40579,-26.0
40580,-26.0
40581,-26.0
40582,-26.0
40583,-26.0
40584,-26.0
40585,-26.0
40586,-26.0
40587,-26.0
40588,-26.0
40589,-41.0
40590,-26.0
40591,-26.0
40592,-41.0
40593,-26.0
40594,-23.764257
40595,-18.648676
40596,-16.461
40597,-14.881523
40598,-13.92567
40599,-13.8030615
40600,-14.791706
40601,-17.253998
40602,-21.690023
40603,-28.46972
40604,-31.635038
40605,-26.0
40606,-26.0
40607,-26.0
40608,-26.0
40609,-26.0
40610,-26.0
40611,-25.106873
40612,-21.342146
40613,-17.811749
40614,-19.058449
40615,-21.589321
40616,-24.39593
40617,-26.697556
40618,-27.621124
40619,-26.43203
40620,-23.60914
40621,-20.705847
40622,-18.3755
40623,-16.851328
40624,-31.309414
40625,-16.729225
40626,-17.903025
40627,-19.849424
40628,-22.653334
40629,-26.347258
40630,-28.984968
40631,-27.595633
40632,-26.0
40633,-26.0
40634,-26.0
40635,-26.0
40636,-26.0
40637,-23.594193
40638,-18.448915
40639,-17.563564
40640,-18.240452
40641,-19.43244
40642,-20.959393
40643,-22.660152
40644,-24.328102
40645,-25.897055
40646,-27.41099
40647,-27.570518
40648,-26.0
40649,-26.0
40650,-26.0
40651,-26.0
40652,-26.0
40653,-26.0
40654,-41.0
40655,-26.0
40656,-41.0
40657,-41.0
40658,-26.0
40659,-26.0
40660,-26.0
40661,-26.0
40662,-26.0
40663,-26.0
40664,-26.0
40665,-26.0
40666,-26.0
40667,-26.0
40668,-41.0
40669,-41.0
40670,-26.0
40671,-26.0
40672,-26.0
40673,-26.0
40674,-26.0
40675,-26.0
40676,-26.0
40677,-41.0
40678,-26.0
40679,-26.0
40680,-26.0
40681,-26.0
40682,-26.0
40683,-26.0
40684,-26.0
40685,-26.0
40686,-26.0
40687,-26.0
40688,-26.0
40689,-26.0
40690,-26.0
40691,-26.0
40692,-26.0
40693,-26.0
40694,-26.0
40695,-26.0
40696,-26.0
40697,-26.0
40698,-26.0
40699,-26.0
40700,-26.0
40701,-26.0
40702,-26.0
40703,-26.0
40704,-26.0
40705,-26.0
40706,-26.0
40707,-26.0
40708,-26.0
40709,-26.0
40710,-26.0
40711,-41.0
40712,-26.0
40713,-26.0
40714,-26.0
40715,-26.0
40716,-26.0
40717,-26.0
40718,-28.244173
40719,-7.0356236
40720,3.1994653
40721,12.117303
40722,19.230251
40723,24.152328
40724,26.537016
40725,25.8898
40726,21.430904
40727,12.814955
40728,1.3986037
40729,-10.074132
40730,-17.706062
40731,-17.596447
40732,-9.1906185
40733,3.404618
40734,15.790633
40735,25.008715
40736,29.653816
40737,29.844887
40738,26.804287
40739,21.699951
40740,15.926848
40741,11.262613
40742,8.969067
40743,8.936211
40744,10.597558
40745,13.3087225
40746,16.475534
40747,19.823364
40748,23.482584
40749,27.599356
40750,32.224712
40751,37.25065
40752,42.236866
40753,46.519962
40754,49.698223
40755,51.701942
40756,52.698807
40757,52.99103
40758,52.89121
40759,52.61913
40760,52.397556
40761,52.485428
40762,53.0897
40763,54.15721
40764,55.045177
40765,54.06859
40766,47.50266
40767,32.233707
40768,17.42757
40769,6.811437
40770,1.1782104
40771,-0.3434318
40772,0.5926763
40773,2.118982
40774,2.4107616
40775,-0.37049004
40776,-8.180001
40777,-22.133324
40778,-41.05497
40779,-62.249043
40780,-81.654236
40781,-94.4979
40782,-98.106514
40783,-93.93134
40784,-84.7233
40785,-73.28652
40786,-62.06437
40787,-52.595604
40788,-45.41051
40789,-40.828743
40790,-39.200436
40791,-40.843674
40792,-45.44056
40793,-51.537487
40794,-57.278416
40795,-60.617123
40796,-59.6531
40797,-53.89466
40798,-44.889507
40799,-34.533485
40800,-24.47877
40801,-15.899505
40802,-8.807964
40803,-1.9220014
40804,6.0217757
40805,15.839622
40806,27.482943
40807,39.240547
40808,48.41913
40809,53.554405
40810,54.91572
40811,54.16444
40812,53.496315
40813,54.2567
40814,55.026615
40815,49.17755
40816,27.000793
40817,21.366718
40818,19.254423
40819,24.631163
40820,34.130444
40821,43.955986
40822,51.199474
40823,54.5772
40824,54.595203
40825,53.144566
40826,52.447437
40827,53.30189
40828,54.56325
40829,55.063972
40830,54.747314
40831,54.48189
40832,54.754074
40833,54.954704
40834,54.487392
40835,53.56308
40836,53.06812
40837,53.494083
40838,54.294865
40839,54.84823
40840,55.009293
40841,54.99225
40842,54.81357
40843,54.070293
40844,52.40162
40845,49.922184
40846,47.298553
40847,45.228474
40848,43.79776
40849,42.760433
40850,41.746326
40851,40.36982
40852,38.56226
40853,36.8631
40854,36.050434
40855,36.9164
40856,39.92733
40857,44.546413
40858,49.275658
40859,52.851707
40860,54.71224
40861,55.04928
40862,54.630066
40863,54.38206
40864,54.74279
40865,54.775856
40866,51.01787
40867,40.08539
40868,28.580729
40869,19.663874
40870,14.316483
40871,12.147304
40872,12.061475
40873,12.710638
40874,12.722952
40875,10.712879
40876,5.3442864
40877,-3.4671392
40878,-13.059915
40879,-19.24644
40880,-17.358034
40881,-4.4739084
40882,16.181261
40883,35.946507
40884,48.8427
40885,54.130703
40886,55.040283
40887,54.967857
40888,54.323086
40889,51.81821
40890,46.890972
40891,40.741375
40892,35.163498
40893,30.496393
40894,26.131777
40895,21.016783
40896,13.804872
40897,3.3101354
40898,-10.975262
40899,-29.302427
40900,-51.80106
40901,-78.39138
40902,-108.08628
40903,-138.17638
40904,-164.77138
40905,-183.26773
40906,-189.31705
40907,-181.6897
40908,-163.80457
40909,-140.17825
40910,-114.980934
40911,-91.67506
40912,-72.904396
40913,-60.64536
40914,-56.642982
40915,-63.148247
40916,-75.46885
40917,-79.31391
40918,-75.39656
40919,-65.39147
40920,-51.296238
40921,-35.13042
40922,-18.704342
40923,-3.463787
40924,9.588484
40925,19.893166
40926,27.317392
40927,32.24422
40928,35.42986
40929,37.49977
40930,38.918922
40931,40.059036
40932,41.231236
40933,42.691658
40934,44.62629
40935,47.10276
40936,49.949802
40937,52.572437
40938,54.277576
40939,54.95363
40940,55.028477
40941,54.996628
40942,54.757313
40943,53.520863
40944,50.458866
40945,45.2894
40946,38.49573
40947,30.739618
40948,21.86651
40949,11.108505
40950,-2.7849488
40951,-21.44183
40952,-45.726646
40953,-74.12815
40954,-103.38549
40955,-128.93643
40956,-145.7375
40957,-150.83974
40958,-145.2128
40959,-131.30527
40960,-111.92664
40961,-89.85728
40962,-67.562065
40963,-47.010277
40964,-29.60851
40965,-16.244913
40966,7.7025023
40967,35.734142
40968,52.198776
40969,54.904587
40970,55.03792
40971,54.96545
40972,54.96495
40973,54.540215
40974,53.314297
40975,51.50069
40976,49.880444
40977,49.030254
40978,48.604927
40979,47.893585
40980,46.00163
40981,41.65126
40982,33.66731
40983,22.606333
40984,11.08869
40985,3.4868536
40986,4.262152
40987,13.988355
40988,27.949123
40989,40.970715
40990,49.859455
40991,54.05639
40992,55.08123
40993,54.753613
40994,54.15244
40995,53.76279
40996,53.699905
40997,53.870476
40998,54.104362
40999,54.26329
41000,54.25049
41001,53.935917
41002,53.10087
41003,51.537354
41004,49.149242
41005,46.046326
41006,42.557392
41007,38.9774
41008,35.24049
41009,31.069448
41010,26.049698
41011,19.61065
41012,10.978199
41013,-0.90393627
41014,-17.486237
41015,-40.755936
41016,-56.900745
41017,-48.45342
41018,-46.306015
41019,-48.8665
41020,-55.240772
41021,-64.64445
41022,-76.24335
41023,-89.04597
41024,-101.84897
41025,-113.23544
41026,-121.81267
41027,-127.267426
41028,-131.06795
41029,-135.1566
41030,-141.5651
41031,-152.25671
41032,-168.0521
41033,-187.75618
41034,-209.49841
41035,-231.06158
41036,-250.05882
41037,-265.0106
41038,-276.15887
41039,-284.20734
41040,-289.80408
41041,-293.0701
41042,-292.1826
41043,-282.71466
41044,-260.03384
41045,-220.76628
41046,-164.8768
41047,-104.683334
41048,-43.45727
41049,3.6143723
41050,32.556587
41051,50.74633
41052,54.6068
41053,54.734703
41054,53.727566
41055,52.264652
41056,49.978096
41057,45.99503
41058,39.404114
41059,29.129675
41060,13.814757
41061,-8.243477
41062,-39.17968
41063,-81.66542
41064,-144.02997
41065,-220.40091
41066,-327.35828
41067,-462.1436
41068,-570.6774
41069,-642.63855
41070,3.7140431
41071,3.200087
41072,3.5152063
41073,4.362585
41074,-658.6031
41075,-634.0588
41076,-616.0708
41077,-607.0711
41078,-604.44135
41079,-604.62634
41080,-604.1567
41081,-599.8403
41082,-589.922
41083,-574.75604
41084,-555.1863
41085,-532.08044
41086,-506.46634
41087,-480.3074
41088,-456.81076
41089,-439.07086
41090,-429.83707
41091,-431.26874
41092,-442.7772
41093,-459.52048
41094,-475.4873
41095,-484.35352
41096,-480.501
41097,-463.26675
41098,-439.1037
41099,-415.61884
41100,-399.82108
41101,-397.49615
41102,-409.35306
41103,-428.40897
41104,-445.5828
41105,-451.22162
41106,-436.68964
41107,-400.25717
41108,-349.75705
41109,-294.40503
41110,-241.91734
41111,-198.10274
41112,-167.03152
41113,-151.80899
41114,-155.96895
41115,-185.48517
41116,-224.15916
41117,-228.78545
41118,-211.8852
41119,-177.77852
41120,-132.34193
41121,-82.05448
41122,-38.276302
41123,3.3395772
41124,33.30417
41125,48.62119
41126,47.986706
41127,31.86991
41128,2.480261
41129,-36.399464
41130,-74.715225
41131,-116.86751
41132,-154.05127
41133,-186.47932
41134,-216.54636
41135,-247.80695
41136,-284.32474
41137,-328.18256
41138,-377.24335
41139,-427.6766
41140,2.4853508
41141,-14.217743
41142,-0.1900889
41143,-0.5163471
41144,-0.2759945
41145,0.46577418
41146,1.622572
41147,2.9751616
41148,4.155427
41149,4.841964
41150,4.7181087
41151,3.4968612
41152,1.2168227
41153,-1.6077902
41154,-4.4468474
41155,-6.7540083
41156,-8.026811
41157,-8.177699
41158,-7.6374497
41159,-6.7283807
41160,-20.6645
41161,-4.605203
41162,-18.674107
41163,-2.9787302
41164,-2.6238444
41165,-2.7205424
41166,-3.301236
41167,-3.7841132
41168,-3.3183844
41169,-2.177827
41170,-0.3684849
41171,2.052509
41172,5.0020437
41173,-406.7359
41174,-336.6324
41175,-265.92093
41176,-197.64523
41177,-134.03624
41178,-81.66046
41179,-32.041237
41180,8.020707
41181,36.126877
41182,49.22545
41183,45.255024
41184,24.940683
41185,-8.148481
41186,-48.194767
41187,-83.78718
41188,-119.92324
41189,-147.89825
41190,-165.09917
41191,-170.3591
41192,-165.70589
41193,-156.95949
41194,-150.45003
41195,-152.18156
41196,-167.79523
41197,-199.60732
41198,-243.22342
41199,-290.91614
41200,-332.32822
41201,-356.25476
41202,-358.52924
41203,-347.05493
41204,-332.57022
41205,-325.29456
41206,-334.15237
41207,-362.97455
41208,-407.5792
41209,-461.19925
41210,-515.33
41211,-559.44135
41212,-581.5686
41213,-569.8345
41214,-514.9256
41215,-413.50113
41216,-325.9677
41217,-298.0755
41218,-280.5488
41219,-267.39188
41220,-257.32922
41221,-249.2485
41222,-242.10863
41223,-234.90654
41224,-226.70126
41225,-216.65422
41226,-203.96477
41227,-187.42374
41228,-165.30432
41229,-136.3846
41230,-100.497665
41231,-59.357986
41232,-18.223816
41233,10.685762
41234,38.377064
41235,50.06728
41236,54.165146
41237,54.97138
41238,55.02447
41239,54.995995
41240,54.85612
41241,53.934196
41242,50.3652
41243,41.878548
41244,27.170872
41245,6.717591
41246,-17.19841
41247,-42.630978
41248,-70.84549
41249,-105.30392
41250,-151.278
41251,-215.65157
41252,-307.92673
41253,-414.25595
41254,-6.424733
41255,-6.453034
41256,-9.551151
41257,-10.600716
41258,-10.429348
41259,-9.756124
41260,-24.105318
41261,-8.91598
41262,-9.60681
41263,-11.645394
41264,-15.629997
41265,-22.444069
41266,-35.363033
41267,-31.081892
41268,-41.124165
41269,-26.0
41270,-26.0
41271,-26.0
41272,-26.0
41273,-26.0
41274,-26.0
41275,-26.0
41276,-26.0
41277,-26.0
41278,-26.0
41279,-26.0
41280,-26.0
41281,-26.0
41282,-26.0
41283,-26.0
41284,-26.0
41285,-26.0
41286,-26.0
41287,-26.0
41288,-26.0
41289,-26.0
41290,-26.0
41291,-26.0
41292,-26.0
41293,-26.0
41294,-26.0
41295,-26.0
41296,-26.0
41297,-26.0
41298,-26.0
41299,-26.0
41300,-26.0
41301,-26.0
41302,-26.0
41303,-26.0
41304,-26.0
41305,-26.0
41306,-26.0
41307,-26.0
41308,-26.0
41309,-26.0
41310,-26.0
41311,-26.0
41312,-26.0
41313,-26.0
41314,-26.0
41315,-26.0
41316,-26.0
41317,-26.0
41318,-26.0
41319,-26.0
41320,-26.0
41321,-26.0
41322,-26.0
41323,-26.0
41324,-26.0
41325,-26.0
41326,-26.0
41327,-26.0
41328,-26.0
41329,-26.0
41330,-26.0
41331,-41.0
41332,-26.0
41333,-26.0
41334,-26.0
41335,-26.0
41336,-26.0
41337,-26.0
41338,-26.0
41339,-26.0
41340,-26.0
41341,-26.0
41342,-26.0
41343,-26.0
41344,-26.0
41345,-26.0
41346,-26.0
41347,-26.0
41348,-26.0
41349,-26.0
41350,-26.0
41351,-26.0
41352,-26.0
41353,-26.0
41354,-26.0
41355,-26.0
41356,-26.0
41357,-26.0
41358,-26.0
41359,-26.0
41360,-26.0
41361,-26.0
41362,-26.0
41363,-26.0
41364,-26.0
41365,-26.0
41366,-26.0
41367,-26.0
41368,-26.0
41369,-41.0
41370,-26.0
41371,-26.0
41372,-26.0
41373,-26.0
41374,-26.0
41375,-26.0
41376,-26.0
41377,-26.0
41378,-26.0
41379,-26.0
41380,-26.0
41381,-26.0
41382,-26.0
41383,-26.0
41384,-26.0
41385,-26.0
41386,-26.0
41387,-26.0
41388,-26.0
41389,-26.0
41390,-26.0
41391,-26.0
41392,-26.0
41393,-26.0
41394,-26.0
41395,-26.0
41396,-23.499002
41397,-16.553976
41398,-11.62939
41399,-9.117817
41400,-7.4480405
41401,-6.945801
41402,-7.619457
41403,-9.028656
41404,-10.830175
41405,-12.646258
41406,-14.057933
41407,-14.784552
41408,-14.759529
41409,-13.896595
41410,-12.121998
41411,-9.4001665
41412,-5.7187867
41413,-16.062965
41414,-0.3881989
41415,-385.81433
41416,-284.91138
41417,-267.9046
41418,-289.4462
41419,-340.0764
41420,-415.96484
41421,-0.40768844
41422,-5.867454
41423,-10.7603445
41424,-14.325889
41425,-15.786102
41426,-14.675058
41427,-11.682189
41428,-8.425763
41429,-5.76622
41430,-4.2151713
41431,-4.237901
41432,-5.8192573
41433,-8.263826
41434,-10.998321
41435,-13.421648
41436,-14.918598
41437,-15.253777
41438,-14.711178
41439,-13.482355
41440,-11.686939
41441,-9.442327
41442,-6.9413376
41443,-4.4418173
41444,-2.1200936
41445,-0.13936704
41446,1.3381298
41447,2.2492878
41448,-12.345628
41449,2.574102
41450,2.0179112
41451,1.0129344
41452,-0.33121604
41453,-1.7964016
41454,-3.164932
41455,-4.221169
41456,-4.773625
41457,-4.77174
41458,-4.33319
41459,-3.5420816
41460,-2.458158
41461,-16.134785
41462,0.3800951
41463,2.042316
41464,3.809709
41465,5.640867
41466,-412.62372
41467,-385.18628
41468,-377.36948
41469,-384.2096
41470,-401.86838
41471,-426.662
41472,3.9064207
41473,2.5978408
41474,1.7217484
41475,-13.484121
41476,2.1545784
41477,3.5446444
41478,5.302893
41479,-418.10855
41480,-385.27936
41481,-359.39325
41482,-342.07294
41483,-331.24295
41484,-324.3185
41485,-318.8686
41486,-312.7421
41487,-305.13745
41488,-297.18362
41489,-290.33365
41490,-285.96237
41491,-285.32468
41492,-289.16742
41493,-297.51068
41494,-310.2826
41495,-327.47644
41496,-348.95618
41497,-373.49408
41498,-398.0239
41499,-418.77316
41500,-431.69785
41501,-433.29797
41502,-423.7836
41503,-408.6792
41504,-394.35114
41505,-386.79004
41506,-391.25708
41507,-409.65686
41508,-438.72137
41509,2.7935445
41510,1.0076076
41511,-0.36169162
41512,-1.0179118
41513,-0.6884525
41514,0.8540808
41515,3.7788367
41516,5.8491783
41517,4.4936376
41518,3.0345209
41519,1.0378966
41520,-1.2503495
41521,-3.557115
41522,-5.588777
41523,-7.0419335
41524,-7.6224313
41525,-7.0730395
41526,-5.2741914
41527,-17.55899
41528,0.35803083
41529,3.0269814
41530,5.086948
41531,-435.46866
41532,-424.4608
41533,-429.70782
41534,-10.403949
41535,3.3398898
41536,2.144382
41537,1.0574557
41538,-0.14346203
41539,-1.6594257
41540,-3.6758313
41541,-6.337
41542,-9.465263
41543,-12.414513
41544,-14.532722
41545,-15.201294
41546,-13.988642
41547,-11.139627
41548,-7.475819
41549,-3.426201
41550,0.82315075
41551,5.123603
41552,-402.4388
41553,-328.57123
41554,-278.24512
41555,-255.93633
41556,-266.3934
41557,-312.51913
41558,-391.77844
41559,-5.006446
41560,-11.604893
41561,-17.75405
41562,-17.439789
41563,-19.545906
41564,-18.14687
41565,-12.977296
41566,-13.843928
41567,-31.793703
41568,-29.129824
41569,-28.776043
41570,-26.793194
41571,-25.408188
41572,-23.196295
41573,-20.441967
41574,-18.430876
41575,-16.902075
41576,-15.965583
41577,-15.588398
41578,-15.603746
41579,-15.985298
41580,-16.739405
41581,-32.834454
41582,-19.06186
41583,-20.004368
41584,-20.304604
41585,-19.656038
41586,-17.906097
41587,-15.441289
41588,-28.050144
41589,-11.106809
41590,-9.856316
41591,-9.528369
41592,-10.081664
41593,-11.142398
41594,-12.46846
41595,-13.834111
41596,-15.005008
41597,-15.863398
41598,-16.446487
41599,-16.747324
41600,-16.739721
41601,-16.42015
41602,-15.890191
41603,-15.354302
41604,-14.953078
41605,-14.8022995
41606,-14.998307
41607,-15.522019
41608,-16.22617
41609,-17.020294
41610,-17.831467
41611,-18.582216
41612,-19.192547
41613,-19.582357
41614,-19.674555
41615,-19.39858
41616,-14.465034
41617,-10.710444
41618,-4.4740534
41619,-3.6151237
41620,-3.3883572
41621,-3.7722945
41622,-4.617331
41623,-5.7051115
41624,-6.7767053
41625,-7.551101
41626,-7.791605
41627,-7.54554
41628,-7.1836267
41629,-6.975004
41630,-7.1375413
41631,-7.8458743
41632,-9.012666
41633,-10.222623
41634,-11.127421
41635,-11.413141
41636,-25.861275
41637,-9.708181
41638,-8.64278
41639,-8.130818
41640,-8.56538
41641,-10.2564
41642,-12.779691
41643,-14.676022
41644,-14.607652
41645,-11.533373
41646,-5.2505264
41647,-2.255366
41648,-423.065
41649,-273.8604
41650,-169.95708
41651,-109.75127
41652,-94.594475
41653,-106.35927
41654,-136.09242
41655,-174.94542
41656,-211.421
41657,-236.75787
41658,-251.11595
41659,-257.67514
41660,-260.18903
41661,-262.6271
41662,-269.04535
41663,-283.71426
41664,-311.502
41665,-358.5196
41666,-413.82892
41667,4.0603423
41668,2.9868138
41669,2.3664627
41670,2.1145058
41671,2.1499221
41672,2.3958633
41673,2.7793958
41674,3.2307208
41675,3.6820705
41676,4.064401
41677,4.2962995
41678,4.279987
41679,3.9167817
41680,3.1041892
41681,1.7819345
41682,0.17262405
41683,-1.1158881
41684,-1.4991182
41685,-0.46462494
41686,2.2786708
41687,6.291367
41688,-371.45312
41689,-299.39374
41690,-248.25005
41691,-225.73923
41692,-232.68364
41693,-262.1033
41694,-305.93243
41695,-354.57196
41696,-396.65906
41697,-424.7479
41698,-440.28854
41699,4.7188616
41700,4.6458573
41701,4.4557714
41702,4.077884
41703,3.6202085
41704,3.1709905
41705,2.8034592
41706,2.5868704
41707,2.567205
41708,2.7613127
41709,3.1885927
41710,3.8699472
41711,4.8252697
41712,-433.55466
41713,-405.22043
41714,-371.34332
41715,-332.23895
41716,-389.28217
41717,-12.688143
41718,-2.7549596
41719,-445.71097
41720,-215.76306
41721,-33.565693
41722,44.302418
41723,2.803917
41724,-105.77804
41725,-205.74568
41726,-206.2969
41727,-116.95792
41728,-4.2004523
41729,50.013245
41730,25.699045
41731,-35.680893
41732,-71.84798
41733,-76.4439
41734,-57.05731
41735,-32.161053
41736,-15.052571
41737,-9.54563
41738,-12.629388
41739,-21.347843
41740,-32.892197
41741,-43.84496
41742,-50.934635
41743,-52.146988
41744,-46.175686
41745,-32.517494
41746,-12.200489
41747,10.883726
41748,31.076183
41749,44.891365
41750,51.966335
41751,54.374348
41752,54.85437
41753,54.865383
41754,54.551178
41755,53.74277
41756,52.579395
41757,51.468414
41758,50.655903
41759,50.23435
41760,50.214806
41761,50.550568
41762,51.157265
41763,51.930054
41764,52.759094
41765,53.542675
41766,53.73778
41767,52.865368
41768,52.10136
41769,51.59384
41770,51.385384
41771,51.465675
41772,51.788082
41773,52.284103
41774,52.875565
41775,53.484776
41776,54.03844
41777,54.46479
41778,54.722607
41779,54.83237
41780,54.81868
41781,54.602314
41782,53.936073
41783,52.55201
41784,50.35855
41785,47.5585
41786,44.65473
41787,42.242336
41788,40.736755
41789,40.403793
41790,41.36417
41791,43.51673
41792,46.35419
41793,49.07794
41794,51.137585
41795,52.33721
41796,52.707943
41797,52.421955
41798,51.88308
41799,51.694706
41800,52.475796
41801,54.133087
41802,54.84626
41803,51.57562
41804,41.822186
41805,24.631304
41806,0.9617419
41807,-27.036833
41808,-57.415825
41809,-88.3696
41810,-118.12151
41811,-144.97346
41812,-167.35603
41813,-183.88193
41814,-193.40323
41815,-195.07077
41816,-201.7552
41817,-225.61531
41818,-236.7335
41819,-237.39835
41820,-230.28297
41821,-218.32889
41822,-204.44
41823,-191.31026
41824,-181.37665
41825,-176.90132
41826,-179.71793
41827,-189.20906
41828,-200.7621
41829,-208.4701
41830,-206.13391
41831,-188.90909
41832,-158.3441
41833,-123.61644
41834,-93.45035
41835,-73.95674
41836,-69.14968
41837,-80.06706
41838,-103.80071
41839,-136.33026
41840,-171.97809
41841,-203.34354
41842,-225.02661
41843,-237.11755
41844,-241.64482
41845,-241.10193
41846,-237.94833
41847,-233.36836
41848,-226.6221
41849,-216.62492
41850,-202.42699
41851,-183.50603
41852,-160.8368
41853,-137.17215
41854,-115.16954
41855,-96.91202
41856,-83.82405
41857,-76.02066
41858,-72.13895
41859,-70.726776
41860,-70.46861
41861,-70.08939
41862,-68.32839
41863,-63.976112
41864,-55.97641
41865,-43.591187
41866,-48.061165
41867,-89.8699
41868,-112.625206
41869,-116.004036
41870,-103.41256
41871,-80.39213
41872,-52.880653
41873,-25.990438
41874,-3.3045774
41875,13.309346
41876,23.554699
41877,28.657036
41878,30.726309
41879,31.42767
41880,32.123386
41881,33.932198
41882,37.012657
41883,40.34063
41884,42.94785
41885,44.189236
41886,43.592392
41887,41.063457
41888,37.42881
41889,34.216522
41890,33.471165
41891,36.793392
41892,43.189693
41893,49.272614
41894,52.943363
41895,54.245712
41896,54.048923
41897,51.91765
41898,46.301052
41899,37.017544
41900,26.885826
41901,20.936108
41902,22.139477
41903,28.369356
41904,36.07218
41905,42.519547
41906,46.4691
41907,48.11672
41908,48.27589
41909,47.43754
41910,45.897953
41911,43.996567
41912,42.228848
41913,41.239952
41914,41.69883
41915,44.05328
41916,45.63983
41917,43.42213
41918,41.440823
41919,39.733932
41920,38.424652
41921,37.62326
41922,37.41995
41923,37.878796
41924,39.032677
41925,40.870987
41926,43.244965
41927,45.555313
41928,46.81928
41929,46.141636
41930,41.99996
41931,30.91778
41932,7.436967
41933,-37.80598
41934,-95.91969
41935,-168.30283
41936,-246.62517
41937,-316.79825
41938,-383.93097
41939,-440.34723
41940,-484.4902
41941,-515.534
41942,-532.14465
41943,-531.70575
41944,-511.90747
41945,-471.50455
41946,-411.75513
41947,-341.15558
41948,-275.2751
41949,-226.89645
41950,-205.08401
41951,-217.51927
41952,-267.27936
41953,-346.12238
41954,-438.25632
41955,-519.58954
41956,-561.656
41957,-549.95886
41958,-496.3156
41959,-420.0418
41960,-339.10278
41961,-267.57175
41962,-214.97665
41963,-187.56963
41964,-191.52539
41965,-238.06631
41966,-238.31372
41967,-117.986565
41968,-63.344883
41969,-40.83662
41970,-46.29005
41971,-69.238785
41972,-106.62741
41973,-153.61804
41974,-201.48566
41975,-237.59451
41976,-248.82597
41977,-232.0519
41978,-199.26523
41979,-164.63577
41980,-139.47879
41981,-131.83826
41982,-144.98062
41983,-176.78326
41984,-224.48395
41985,-284.382
41986,-350.69788
41987,-415.8393
41988,-471.3622
41989,-508.04623
41990,-516.7863
41991,-491.5271
41992,-437.42267
41993,-372.78802
41994,-315.42007
41995,-278.82898
41996,-272.4502
41997,-296.51376
41998,-336.95706
41999,-374.01013
42000,-384.43527
42001,-348.31345
42002,-268.8483
42003,-181.30554
42004,-102.646454
42005,-51.378456
42006,-24.715736
42007,-29.202457
42008,-56.49658
42009,-106.917046
42010,-184.77788
42011,-274.07156
42012,-366.65427
42013,-437.89706
42014,-474.8083
42015,-451.62784
42016,-409.81842
42017,-420.09042
42018,-428.76575
42019,-437.16144
42020,-446.16602
42021,-456.7011
42022,-469.7305
42023,-486.27722
42024,-507.4471
42025,-534.46405
42026,-568.5214
42027,-609.83307
42028,-656.8705
42029,2.88694
42030,0.8275168
42031,-1.0852765
42032,-2.7705834
42033,-4.1772714
42034,-5.256566
42035,-5.958681
42036,-6.242007
42037,-6.1119065
42038,-5.6382003
42039,-4.894805
42040,-3.9528177
42041,-2.892068
42042,-1.8440984
42043,-1.0114429
42044,-0.6015121
42045,-0.8194038
42046,-1.8372806
42047,-3.629675
42048,-5.896585
42049,-8.316806
42050,-10.57908
42051,-12.399593
42052,-13.655565
42053,-14.445519
42054,-14.882184
42055,-15.068942
42056,-15.111011
42057,-15.126322
42058,-15.250163
42059,-15.618925
42060,-16.368454
42061,-17.634867
42062,-19.55465
42063,-22.2648
42064,-25.902658
42065,-30.605894
42066,-33.749763
42067,-32.58552
42068,-32.133175
42069,-31.64929
42070,-31.16607
42071,-30.715727
42072,-30.330421
42073,-30.042404
42074,-29.883892
42075,-29.887133
42076,-30.085642
42077,-30.52011
42078,-31.240936
42079,-32.29918
42080,-33.745502
42081,-35.626675
42082,-37.966496
42083,-40.75722
42084,-43.989376
42085,-47.654823
42086,-51.720013
42087,-56.003555
42088,-60.12262
42089,-63.684727
42090,-66.30725
42091,-67.66524
42092,-67.76492
42093,-67.061356
42094,-66.028076
42095,-65.117
42096,-64.726295
42097,-64.94351
42098,-65.434494
42099,-65.84675
42100,-65.84742
42101,-65.16419
42102,-63.876247
42103,-62.539177
42104,-61.728493
42105,-61.997574
42106,-63.82519
42107,-67.252
42108,-71.72127
42109,-76.64828
42110,-81.47537
42111,-85.64505
42112,-88.60071
42113,-89.7865
42114,-88.647575
42115,-84.63017
42116,-84.12899
42117,-97.510155
42118,-95.005684
42119,-94.94662
42120,-92.98627
42121,-89.77579
42122,-85.965324
42123,-82.20419
42124,-79.141106
42125,-77.42475
42126,-77.614624
42127,-79.74936
42128,-83.15953
42129,-87.14504
42130,-91.03829
42131,-94.22223
42132,-96.374725
42133,-97.57317
42134,-97.91087
42135,-97.462036
42136,-96.31797
42137,-94.67004
42138,-92.84482
42139,-91.17418
42140,-89.98338
42141,-89.55951
42142,-89.96733
42143,-90.970314
42144,-92.31986
42145,-93.7816
42146,-95.16664
42147,-96.55094
42148,-98.36949
42149,-101.0714
42150,-105.08897
42151,-115.75496
42152,-122.82379
42153,-130.26607
42154,-137.02226
42155,-142.07141
42156,-139.50932
42157,-139.10545
42158,-136.54149
42159,-132.53389
42160,-127.7558
42161,-122.88043
42162,-118.580956
42163,-115.530075
42164,-114.400475
42165,-115.86511
42166,-117.45491
42167,-115.54682
42168,-114.268234
42169,-113.03409
42170,-111.88431
42171,-110.85896
42172,-109.997955
42173,-109.34129
42174,-108.92898
42175,-108.800995
42176,-108.98687
42177,-109.455124
42178,-110.09187
42179,-110.77991
42180,-111.40602
42181,-111.86495
42182,-112.0974
42183,-112.10634
42184,-111.89715
42185,-111.47223
42186,-110.83976
42187,-110.04209
42188,-109.16757
42189,-108.30636
42190,-107.54632
42191,-106.96927
42192,-106.62176
42193,-106.50231
42194,-106.607704
42195,-106.936966
42196,-107.49333
42197,-108.30415
42198,-109.42958
42199,-110.93102
42200,-112.86833
42201,-115.27417
42202,-118.02347
42203,-120.77746
42204,-123.18917
42205,-124.92193
42206,-125.678986
42207,-125.39508
42208,-124.318375
42209,-122.709045
42210,-120.81215
42211,-118.87277
42212,-117.135956
42213,-115.84674
42214,-115.25017
42215,-115.59129
42216,-116.02036
42217,-115.3088
42218,-114.93804
42219,-114.68008
42220,-114.536865
42221,-114.51045
42222,-114.60278
42223,-114.81592
42224,-115.15183
42225,-115.61254
42226,-116.191696
42227,-116.83478
42228,-117.42184
42229,-117.83038
42230,-117.941216
42231,-117.65325
42232,-116.97178
42233,-116.045975
42234,-115.0304
42235,-114.07285
42236,-113.30101
42237,-112.7265
42238,-112.203606
42239,-111.580635
42240,-110.71347
42241,-109.4919
42242,-108.00318
42243,-106.60185
42244,-105.65265
42245,-105.50757
42246,-106.4712
42247,-108.57292
42248,-111.468834
42249,-114.800545
42250,-118.227295
42251,-121.429726
42252,-124.212074
42253,-126.54603
42254,-128.40971
42255,-129.77313
42256,-130.60931
42257,-130.90866
42258,-130.68507
42259,-129.95328
42260,-128.72694
42261,-127.019745
42262,-124.84534
42263,-122.217384
42264,-119.1496
42265,-115.65564
42266,-116.60039
42267,-129.34088
42268,-125.88602
42269,-125.08513
42270,-123.16706
42271,-121.36021
42272,-120.89287
42273,-122.99338
42274,-133.89034
42275,-144.8117
42276,-166.65883
42277,-188.4514
42278,-211.67677
42279,-232.74716
42280,-248.21121
42281,-250.03009
42282,-242.57446
42283,-238.50359
42284,-225.63557
42285,-211.65323
42286,-199.03261
42287,-188.99292
42288,-181.04234
42289,-174.61458
42290,-169.22472
42291,-159.43288
42292,-155.05682
42293,-151.263
42294,-148.23157
42295,-146.12608
42296,-145.07608
42297,-145.01385
42298,-145.60468
42299,-146.50363
42300,-147.3787
42301,-147.94844
42302,-148.2259
42303,-148.62253
42304,-149.5651
42305,-151.46132
42306,-154.65973
42307,-159.16599
42308,-169.52196
42309,-175.25175
42310,-180.90215
42311,-186.02005
42312,-185.15251
42313,-187.84637
42314,-188.64786
42315,-187.10214
42316,-185.85269
42317,-175.51628
42318,-169.58702
42319,-161.01233
42320,-159.41574
42321,-159.422
42322,-160.65666
42323,-162.74586
42324,-165.31618
42325,-167.99449
42326,-170.42761
42327,-172.37662
42328,-173.75723
42329,-174.49118
42330,-174.4929
42331,-173.69843
42332,-172.16864
42333,-170.13412
42334,-167.83215
42335,-165.4921
42336,-163.32965
42337,-161.48111
42338,-159.97505
42339,-158.83585
42340,-158.09297
42341,-157.76157
42342,-157.77364
42343,-157.9486
42344,-158.10155
42345,-158.05283
42346,-157.64084
42347,-156.80852
42348,-155.6404
42349,-154.22647
42350,-152.64995
42351,-150.99518
42352,-149.3528
42353,-147.82196
42354,-146.50215
42355,-145.49246
42356,-144.88272
42357,-144.70938
42358,-144.93652
42359,-145.5256
42360,-146.4414
42361,-147.6487
42362,-149.11229
42363,-150.79698
42364,-152.66745
42365,-154.6885
42366,-158.71165
42367,-169.91367
42368,-166.98436
42369,-166.7695
42370,-164.81653
42371,-161.67345
42372,-157.88892
42373,-154.01195
42374,-150.59166
42375,-148.17697
42376,-147.24026
42377,-147.80948
42378,-149.31107
42379,-151.14853
42380,-152.75436
42381,-153.61462
42382,-153.52663
42383,-152.7091
42384,-151.39703
42385,-149.8053
42386,-148.14595
42387,-146.61392
42388,-145.38129
42389,-144.61903
42390,-144.49933
42391,-145.16574
42392,-146.59561
42393,-148.54144
42394,-150.74716
42395,-152.96744
42396,-154.97469
42397,-156.64346
42398,-157.98682
42399,-159.02315
42400,-159.76416
42401,-160.23425
42402,-160.5317
42403,-160.8546
42404,-161.40495
42405,-162.38008
42406,-163.94052
42407,-166.03418
42408,-168.3208
42409,-170.44905
42410,-172.0814
42411,-172.8803
42412,-172.50806
42413,-170.6267
42414,-166.89796
42415,-165.98341
42416,-159.96793
42417,-152.41765
42418,-151.2261
42419,-151.3219
42420,-152.43883
42421,-154.31084
42422,-156.67197
42423,-159.25642
42424,-161.79834
42425,-164.03204
42426,-165.7161
42427,-166.75005
42428,-167.22466
42429,-167.23802
42430,-166.87921
42431,-166.27713
42432,-165.79227
42433,-166.09897
42434,-167.88365
42435,-171.81737
42436,-183.39865
42437,-192.1281
42438,-201.1577
42439,-208.58954
42440,-207.59073
42441,-206.60484
42442,-200.69719
42443,-197.14096
42444,-188.30876
42445,-181.47308
42446,-173.62883
42447,-175.1622
42448,-179.2836
42449,-184.11952
42450,-187.90254
42451,-189.05359
42452,-187.08362
42453,-182.98167
42454,-177.79785
42455,-177.51366
42456,-168.04016
42457,-164.87605
42458,-162.9608
42459,-162.21158
42460,-162.5722
42461,-163.9866
42462,-166.39867
42463,-169.75238
42464,-173.99168
42465,-179.06055
42466,-180.6341
42467,-175.25772
42468,-172.31726
42469,-170.06987
42470,-168.40543
42471,-167.2138
42472,-166.38493
42473,-165.80884
42474,-165.3755
42475,-164.97495
42476,-164.5297
42477,-164.15086
42478,-164.2051
42479,-165.06895
42480,-167.10674
42481,-170.6007
42482,-175.3578
42483,-185.5419
42484,-185.29243
42485,-188.77977
42486,-190.27826
42487,-189.66695
42488,-187.64532
42489,-184.94666
42490,-182.26604
42491,-180.23164
42492,-179.08086
42493,-178.52136
42494,-178.2396
42495,-177.94725
42496,-177.3991
42497,-176.60043
42498,-175.8959
42499,-175.6437
42500,-176.18584
42501,-177.79926
42502,-180.38354
42503,-183.32744
42504,-185.99968
42505,-187.79355
42506,-188.1756
42507,-187.03961
42508,-184.85875
42509,-182.12991
42510,-179.3229
42511,-176.90767
42512,-175.35411
42513,-175.13193
42514,-176.71045
42515,-180.55849
42516,-183.38603
42517,-181.04274
42518,-179.23512
42519,-177.21185
42520,-175.09537
42521,-173.00815
42522,-171.07262
42523,-169.41127
42524,-168.14648
42525,-167.40068
42526,-167.27176
42527,-167.7154
42528,-168.49475
42529,-169.36542
42530,-170.09225
42531,-170.4608
42532,-170.37622
42533,-169.90608
42534,-169.12434
42535,-168.09717
42536,-166.8999
42537,-165.66098
42538,-164.5808
42539,-163.86247
42540,-163.70576
42541,-164.2705
42542,-165.48526
42543,-166.96536
42544,-168.31403
42545,-169.14949
42546,-169.1456
42547,-168.29947
42548,-167.0466
42549,-165.83968
42550,-165.11075
42551,-165.2423
42552,-166.33003
42553,-168.08124
42554,-170.188
42555,-172.36118
42556,-174.32979
42557,-175.92847
42558,-177.13486
42559,-177.9322
42560,-178.29694
42561,-178.20544
42562,-177.63416
42563,-176.55943
42564,-174.95767
42565,-172.80527
42566,-173.79102
42567,-185.78163
42568,-185.43158
42569,-189.2235
42570,-192.19037
42571,-194.36511
42572,-195.78069
42573,-196.47002
42574,-196.46605
42575,-195.80177
42576,-194.522
42577,-192.74031
42578,-190.66362
42579,-188.50267
42580,-186.46397
42581,-184.73607
42582,-183.40381
42583,-182.41125
42584,-181.69693
42585,-181.20592
42586,-180.88307
42587,-180.67114
42588,-180.50963
42589,-180.3361
42590,-180.08643
42591,-179.70163
42592,-179.1586
42593,-178.48325
42594,-177.70413
42595,-176.8484
42596,-175.94646
42597,-175.04356
42598,-174.20476
42599,-173.49657
42600,-172.9853
42601,-172.71957
42602,-172.64215
42603,-172.55215
42604,-172.24338
42605,-171.51668
42606,-170.2024
42607,-168.30063
42608,-166.04172
42609,-163.66525
42610,-161.39986
42611,-159.47418
42612,-158.11679
42613,-157.55612
42614,-158.02048
42615,-159.73796
42616,-162.53635
42617,-164.83836
42618,-165.11511
42619,-164.13936
42620,-162.25871
42621,-159.821
42622,-157.17398
42623,-154.66542
42624,-152.64305
42625,-151.45425
42626,-151.37988
42627,-152.3146
42628,-153.6304
42629,-154.67911
42630,-154.83752
42631,-153.56685
42632,-150.81953
42633,-147.21378
42634,-143.39381
42635,-139.97197
42636,-137.49329
42637,-136.11209
42638,-135.454
42639,-135.12431
42640,-134.75365
42641,-134.01587
42642,-132.83595
42643,-131.47873
42644,-130.22212
42645,-129.32758
42646,-129.0314
42647,-129.42374
42648,-130.39673
42649,-131.83498
42650,-133.63254
42651,-135.6792
42652,-137.8405
42653,-139.94873
42654,-141.83508
42655,-143.33218
42656,-144.29155
42657,-144.67357
42658,-144.58615
42659,-144.14288
42660,-143.4503
42661,-142.61494
42662,-141.74335
42663,-140.94202
42664,-140.31755
42665,-139.97649
42666,-139.54207
42667,-138.88728
42668,-139.35092
42669,-140.48102
42670,-142.11017
42671,-144.07114
42672,-146.19667
42673,-148.31947
42674,-150.27237
42675,-151.88818
42676,-153.00946
42677,-153.5357
42678,-153.44331
42679,-152.71176
42680,-151.31676
42681,-149.25314
42682,-146.62671
42683,-143.69356
42684,-140.7157
42685,-137.94789
42686,-135.62721
42687,-133.88805
42688,-132.72571
42689,-132.1301
42690,-132.09798
42691,-132.61421
42692,-133.59529
42693,-134.86487
42694,-136.24323
42695,-137.55502
42696,-138.64362
42697,-139.46063
42698,-140.10449
42699,-140.67918
42700,-141.2816
42701,-141.99582
42702,-142.83081
42703,-143.69391
42704,-144.4885
42705,-145.12297
42706,-145.5112
42707,-145.5998
42708,-145.37946
42709,-144.84254
42710,-143.97943
42711,-142.78036
42712,-141.23569
42713,-139.3357
42714,-137.07074
42715,-134.43109
42716,-131.69432
42717,-130.06578
42718,-130.51732
42719,-132.3023
42720,-135.00038
42721,-138.19118
42722,-141.45428
42723,-144.3695
42724,-146.51665
42725,-147.47552
42726,-146.89406
42727,-144.81721
42728,-141.82742
42729,-138.52814
42730,-135.49713
42731,-133.26184
42732,-132.05763
42733,-131.72433
42734,-132.08672
42735,-132.9886
42736,-134.27208
42737,-135.769
42738,-137.2977
42739,-138.67593
42740,-139.72215
42741,-140.28784
42742,-140.41708
42743,-140.41443
42744,-140.59445
42745,-141.25926
42746,-142.66548
42747,-144.80614
42748,-147.31721
42749,-149.82112
42750,-151.95738
42751,-153.40408
42752,-154.06273
42753,-154.13754
42754,-153.84427
42755,-153.38435
42756,-152.94743
42757,-152.65509
42758,-152.53665
42759,-152.6178
42760,-152.92871
42761,-153.49954
42762,-154.36043
42763,-155.54147
42764,-157.07285
42765,-158.98466
42766,-161.23203
42767,-163.57559
42768,-165.80109
42769,-167.90283
42770,-169.83649
42771,-171.55753
42772,-173.02158
42773,-174.18414
42774,-175.00081
42775,-175.42711
42776,-175.43579
42777,-175.09958
42778,-174.62682
42779,-174.23123
42780,-174.1201
42781,-174.46407
42782,-175.22058
42783,-176.05852
42784,-176.63538
42785,-176.62234
42786,-175.7431
42787,-174.0265
42788,-171.91536
42789,-169.86894
42790,-168.32701
42791,-167.67058
42792,-167.93927
42793,-168.71048
42794,-169.5436
42795,-170.02008
42796,-169.77226
42797,-168.72748
42798,-167.2129
42799,-165.57169
42800,-164.12782
42801,-163.17467
42802,-162.82693
42803,-162.95729
42804,-163.42902
42805,-164.11685
42806,-164.89897
42807,-165.67276
42808,-166.36153
42809,-166.88962
42810,-167.18015
42811,-167.15622
42812,-166.74089
42813,-165.85725
42814,-164.42833
42815,-162.3772
42816,-162.09427
42817,-165.60608
42818,-167.67905
42819,-169.29839
42820,-170.5355
42821,-171.46188
42822,-172.14894
42823,-172.66818
42824,-173.0911
42825,-173.48915
42826,-173.92264
42827,-174.38704
42828,-174.78969
42829,-175.03456
42830,-175.02985
42831,-174.70409
42832,-174.10493
42833,-173.44135
42834,-172.92876
42835,-172.77486
42836,-173.15645
42837,-174.07141
42838,-175.27486
42839,-176.51254
42840,-177.54172
42841,-178.14053
42842,-178.2084
42843,-177.8091
42844,-177.01285
42845,-175.88214
42846,-174.48717
42847,-172.94284
42848,-171.42479
42849,-170.11105
42850,-169.1768
42851,-168.78282
42852,-169.00687
42853,-169.81433
42854,-171.16609
42855,-173.02843
42856,-175.35448
42857,-178.02089
42858,-180.80069
42859,-183.46294
42860,-185.78168
42861,-187.53084
42862,-188.48442
42863,-188.4162
42864,-187.09973
42865,-184.30846
42866,-184.42267
42867,-195.93152
42868,-193.70161
42869,-194.85727
42870,-194.70503
42871,-193.55194
42872,-191.70529
42873,-189.47264
42874,-187.1618
42875,-185.0806
42876,-183.5085
42877,-182.56018
42878,-182.12694
42879,-182.09099
42880,-182.34529
42881,-182.7836
42882,-183.30489
42883,-183.81506
42884,-184.22029
42885,-184.4264
42886,-184.35019
42887,-183.97214
42888,-183.35907
42889,-182.58124
42890,-181.70486
42891,-180.78961
42892,-179.85721
42893,-178.87776
42894,-177.81943
42895,-176.65277
42896,-175.35571
42897,-173.94916
42898,-172.51231
42899,-171.12657
42900,-169.87064
42901,-168.8106
42902,-167.93877
42903,-167.14786
42904,-166.3266
42905,-165.36845
42906,-164.18645
42907,-162.80698
42908,-161.41017
42909,-160.1822
42910,-159.30188
42911,-158.94795
42912,-159.29921
42913,-160.53432
42914,-162.83188
42915,-166.37042
42916,-168.31325
42917,-166.37344
42918,-167.06569
42919,-168.79999
42920,-171.19853
42921,-173.88365
42922,-176.47786
42923,-178.60378
42924,-179.88399
42925,-179.94087
42926,-178.47247
42927,-175.61789
42928,-172.1146
42929,-168.72456
42930,-166.18146
42931,-165.12692
42932,-165.66835
42933,-167.19002
42934,-169.04794
42935,-170.63315
42936,-171.40033
42937,-171.17421
42938,-170.28082
42939,-169.06602
42940,-167.85194
42941,-166.92593
42942,-166.37341
42943,-166.00613
42944,-165.62517
42945,-165.0446
42946,-164.10532
42947,-162.80367
42948,-161.34686
42949,-159.95035
42950,-158.81949
42951,-158.1392
42952,-157.97499
42953,-158.23076
42954,-158.80418
42955,-159.60066
42956,-160.53177
42957,-161.54471
42958,-162.63515
42959,-163.80052
42960,-165.03598
42961,-166.33672
42962,-167.69786
42963,-169.11461
42964,-170.58206
42965,-172.09547
42966,-174.2631
42967,-177.05894
42968,-178.27458
42969,-178.54955
42970,-178.06909
42971,-177.0185
42972,-175.58319
42973,-173.94865
42974,-172.30046
42975,-170.82417
42976,-169.69264
42977,-169.00539
42978,-168.76219
42979,-168.95901
42980,-169.59654
42981,-170.66571
42982,-172.1013
42983,-173.76187
42984,-175.50296
42985,-177.1839
42986,-178.6772
42987,-179.93283
42988,-181.00546
42989,-181.95406
42990,-182.83247
42991,-183.67941
42992,-184.44533
42993,-184.96106
42994,-185.05266
42995,-184.55176
42996,-183.33516
42997,-181.5422
42998,-179.66823
42999,-178.22307
43000,-177.69965
43001,-178.51169
43002,-180.61363
43003,-183.33807
43004,-185.99342
43005,-187.91776
43006,-188.51875
43007,-187.60802
43008,-185.54498
43009,-182.71153
43010,-179.46382
43011,-176.15819
43012,-173.15114
43013,-170.799
43014,-169.4581
43015,-169.4845
43016,-170.28668
43017,-170.58347
43018,-171.06744
43019,-171.60567
43020,-172.15636
43021,-172.67773
43022,-173.12804
43023,-173.46552
43024,-173.6484
43025,-173.63489
43026,-173.40251
43027,-173.04112
43028,-172.79262
43029,-172.90495
43030,-173.61884
43031,-175.12541
43032,-177.3283
43033,-179.74171
43034,-181.86482
43035,-183.21529
43036,-183.38538
43037,-182.40157
43038,-180.879
43039,-179.45682
43040,-178.74632
43041,-179.26692
43042,-181.00407
43043,-183.2202
43044,-185.14934
43045,-186.06012
43046,-185.31754
43047,-182.84839
43048,-179.34149
43049,-175.51712
43050,-172.05978
43051,-169.58215
43052,-168.27876
43053,-167.77759
43054,-167.68393
43055,-167.6301
43056,-167.28455
43057,-166.52594
43058,-165.51779
43059,-164.43495
43060,-163.43881
43061,-162.69096
43062,-162.35312
43063,-162.58708
43064,-163.55473
43065,-165.41803
43066,-167.32619
43067,-168.23766
43068,-169.7115
43069,-171.31493
43070,-172.90022
43071,-174.31975
43072,-175.4258
43073,-176.07079
43074,-176.10701
43075,-175.3867
43076,-173.79184
43077,-171.37761
43078,-168.43411
43079,-165.26085
43080,-162.14622
43081,-159.36229
43082,-157.08607
43083,-155.36581
43084,-154.24467
43085,-153.77197
43086,-153.97806
43087,-154.78381
43088,-155.96178
43089,-157.27876
43090,-158.50876
43091,-159.44695
43092,-160.0118
43093,-160.28897
43094,-160.3704
43095,-160.34023
43096,-160.28372
43097,-160.29388
43098,-160.47385
43099,-160.92725
43100,-161.75711
43101,-163.04477
43102,-164.74492
43103,-166.64093
43104,-168.50963
43105,-170.13591
43106,-171.32524
43107,-172.00218
43108,-172.25243
43109,-172.16812
43110,-171.83365
43111,-171.33348
43112,-170.75204
43113,-170.17381
43114,-169.6832
43115,-169.36465
43116,-167.139
43117,-161.91682
43118,-159.43398
43119,-158.34125
43120,-158.37465
43121,-159.27045
43122,-160.76508
43123,-162.59514
43124,-164.49718
43125,-166.20796
43126,-167.48611
43127,-168.21811
43128,-168.46342
43129,-168.28835
43130,-167.75087
43131,-166.92136
43132,-165.94156
43133,-165.05019
43134,-164.48978
43135,-164.49812
43136,-165.27983
43137,-166.84654
43138,-168.94847
43139,-171.3258
43140,-173.73126
43141,-175.91748
43142,-177.63646
43143,-178.63918
43144,-178.67651
43145,-177.49924
43146,-174.92744
43147,-171.18524
43148,-167.04504
43149,-163.30144
43150,-160.72298
43151,-159.98099
43152,-161.1829
43153,-163.67314
43154,-166.76668
43155,-169.81543
43156,-172.23494
43157,-173.80893
43158,-174.81973
43159,-175.56929
43160,-176.33578
43161,-177.39746
43162,-179.03252
43163,-181.51904
43164,-185.13504
43165,-190.15819
43166,-201.92067
43167,-209.4312
43168,-215.35255
43169,-220.14513
43170,-218.8014
43171,-221.31387
43172,-222.67493
43173,-222.87685
43174,-221.91202
43175,-219.77277
43176,-216.49191
43177,-212.33833
43178,-207.90164
43179,-203.78558
43180,-200.57906
43181,-198.7863
43182,-198.42169
43183,-198.8355
43184,-199.35083
43185,-199.32246
43186,-198.17455
43187,-195.734
43188,-192.3744
43189,-188.49234
43190,-184.45876
43191,-180.62823
43192,-177.25912
43193,-174.47935
43194,-172.4114
43195,-171.18384
43196,-170.89214
43197,-171.43906
43198,-172.46663
43199,-173.60661
43200,-174.5034
43201,-174.84761
43202,-174.59921
43203,-174.083
43204,-173.63823
43205,-173.58685
43206,-174.20874
43207,-175.5393
43208,-177.28297
43209,-179.1311
43210,-180.79103
43211,-181.96992
43212,-182.37505
43213,-181.71347
43214,-179.69205
43215,-176.01741
43216,-170.75214
43217,-170.4874
43218,-162.08182
43219,-159.8881
43220,-158.70853
43221,-158.34549
43222,-158.60155
43223,-159.27937
43224,-160.18172
43225,-161.11136
43226,-161.89742
43227,-162.5222
43228,-163.17535
43229,-164.05461
43230,-165.34782
43231,-167.21191
43232,-169.62451
43233,-172.32062
43234,-175.02574
43235,-177.47711
43236,-179.4416
43237,-180.8585
43238,-181.9007
43239,-182.7503
43240,-183.57831
43241,-184.53479
43242,-185.6478
43243,-186.78004
43244,-187.78766
43245,-188.5346
43246,-188.91225
43247,-188.97165
43248,-188.98007
43249,-189.21365
43250,-189.93822
43251,-191.37112
43252,-193.44814
43253,-195.72348
43254,-197.73622
43255,-199.0435
43256,-199.25922
43257,-198.32729
43258,-196.63968
43259,-194.607
43260,-192.61894
43261,-191.06534
43262,-190.3359
43263,-190.82016
43264,-192.9073
43265,-196.98608
43266,-199.00485
43267,-194.42488
43268,-190.84863
43269,-187.20493
43270,-183.625
43271,-180.24017
43272,-177.18161
43273,-174.58052
43274,-172.56801
43275,-171.27515
43276,-170.81848
43277,-171.23004
43278,-172.42758
43279,-174.32434
43280,-176.83905
43281,-179.88219
43282,-183.31639
43283,-186.9394
43284,-190.54643
43285,-193.9358
43286,-196.9105
43287,-199.30154
43288,-200.97787
43289,-201.80988
43290,-201.66606
43291,-200.44588
43292,-198.22894
43293,-195.33952
43294,-192.11237
43295,-188.87077
43296,-185.91843
43297,-183.44374
43298,-181.47894
43299,-180.04971
43300,-179.18929
43301,-178.91803
43302,-179.18184
43303,-179.82587
43304,-180.69127
43305,-181.62407
43306,-182.48569
43307,-183.22736
43308,-183.92194
43309,-184.64711
43310,-185.47487
43311,-186.47705
43312,-187.72559
43313,-189.29236
43314,-191.24922
43315,-193.66803
43316,-194.88982
43317,-193.67494
43318,-193.93825
43319,-194.74536
43320,-195.88612
43321,-197.15057
43322,-198.3287
43323,-199.21056
43324,-199.58612
43325,-199.24536
43326,-198.02545
43327,-196.03891
43328,-193.771
43329,-191.72017
43330,-190.36598
43331,-190.11009
43332,-190.90448
43333,-192.09216
43334,-192.99286
43335,-192.95642
43336,-191.42607
43337,-188.38217
43338,-184.53406
43339,-180.62224
43340,-177.35396
43341,-175.35034
43342,-174.72935
43343,-174.92717
43344,-175.35332
43345,-175.45026
43346,-174.72072
43347,-173.01627
43348,-170.6612
43349,-167.99872
43350,-165.34976
43351,-163.00836
43352,-161.11281
43353,-159.5905
43354,-158.36038
43355,-157.35133
43356,-156.49825
43357,-155.77159
43358,-155.18996
43359,-154.77377
43360,-154.54082
43361,-154.50887
43362,-154.69545
43363,-155.11794
43364,-155.79353
43365,-156.7393
43366,-156.75412
43367,-154.72997
43368,-153.13806
43369,-151.68698
43370,-150.47919
43371,-149.61716
43372,-149.20317
43373,-149.33936
43374,-150.12782
43375,-151.67043
43376,-154.02036
43377,-156.94786
43378,-159.84036
43379,-162.07066
43380,-163.02972
43381,-162.20839
43382,-159.67862
43383,-156.30038
43384,-152.96494
43385,-150.52603
43386,-149.72475
43387,-150.64804
43388,-152.49751
43389,-154.44095
43390,-155.68872
43391,-155.54492
43392,-153.85857
43393,-151.21686
43394,-148.2358
43395,-145.49628
43396,-143.52786
43397,-142.56184
43398,-142.42561
43399,-142.9311
43400,-143.90965
43401,-145.18929
43402,-146.57924
43403,-147.86307
43404,-148.82341
43405,-149.24411
43406,-148.93619
43407,-147.86864
43408,-146.22443
43409,-144.19484
43410,-141.96088
43411,-139.70372
43412,-137.60439
43413,-135.84404
43414,-134.60368
43415,-134.06447
43416,-135.60605
43417,-140.18658
43418,-144.8177
43419,-149.66612
43420,-154.44496
43421,-158.8675
43422,-162.64708
43423,-165.49701
43424,-167.13054
43425,-167.26076
43426,-165.66019
43427,-162.44862
43428,-158.21672
43429,-153.5741
43430,-149.10818
43431,-145.36954
43432,-142.69374
43433,-141.12566
43434,-140.69896
43435,-141.46117
43436,-143.40703
43437,-146.22412
43438,-149.18419
43439,-151.54335
43440,-152.57764
43441,-151.67322
43442,-148.8566
43443,-145.02222
43444,-141.0984
43445,-137.97227
43446,-136.42616
43447,-136.63513
43448,-137.95224
43449,-139.69914
43450,-141.2372
43451,-141.99881
43452,-141.83014
43453,-141.13719
43454,-140.34743
43455,-139.8616
43456,-140.03836
43457,-140.99243
43458,-142.50807
43459,-144.35696
43460,-146.32668
43461,-148.20474
43462,-149.77873
43463,-150.83633
43464,-151.16505
43465,-150.55241
43466,-147.98334
43467,-144.16205
43468,-143.39426
43469,-144.34798
43470,-146.6153
43471,-149.7885
43472,-153.46004
43473,-157.22247
43474,-160.66852
43475,-163.39096
43476,-165.03957
43477,-165.59561
43478,-165.4892
43479,-165.16805
43480,-165.05869
43481,-165.54262
43482,-166.74005
43483,-168.41747
43484,-170.32755
43485,-172.23985
43486,-173.93484
43487,-175.25526
43488,-176.12842
43489,-176.4849
43490,-176.25124
43491,-175.36192
43492,-173.7978
43493,-171.60266
43494,-168.82278
43495,-165.50146
43496,-161.7186
43497,-157.76611
43498,-154.22334
43499,-151.68092
43500,-150.7155
43501,-151.80615
43502,-154.8668
43503,-159.04626
43504,-163.46437
43505,-167.27812
43506,-169.72997
43507,-170.55768
43508,-170.16992
43509,-169.0017
43510,-167.45627
43511,-165.93701
43512,-164.84746
43513,-164.59108
43514,-165.57114
43515,-168.19075
43516,-167.64537
43517,-164.90228
43518,-156.0954
43519,-153.92744
43520,-153.08852
43521,-153.26915
43522,-154.16014
43523,-155.45238
43524,-156.83687
43525,-158.00471
43526,-158.68347
43527,-158.81253
43528,-158.61841
43529,-158.33871
43530,-158.19737
43531,-158.39352
43532,-158.98213
43533,-159.82306
43534,-160.76863
43535,-161.68045
43536,-162.43364
43537,-162.98193
43538,-163.38528
43539,-163.70786
43540,-164.00867
43541,-164.34888
43542,-164.8019
43543,-165.45766
43544,-166.40672
43545,-167.7388
43546,-169.50734
43547,-171.55415
43548,-173.43494
43549,-174.69408
43550,-174.88968
43551,-173.64822
43552,-170.9956
43553,-167.49916
43554,-163.7482
43555,-160.30644
43556,-157.68394
43557,-156.0783
43558,-155.26416
43559,-154.99966
43560,-155.0633
43561,-155.23354
43562,-155.28891
43563,-155.00803
43564,-154.16937
43565,-152.5514
43566,-152.33594
43567,-155.45743
43568,-156.96712
43569,-157.92033
43570,-158.48381
43571,-158.82436
43572,-159.10881
43573,-159.50404
43574,-160.17688
43575,-161.29416
43576,-162.9844
43577,-165.15404
43578,-167.40848
43579,-169.34166
43580,-170.56187
43581,-170.76106
43582,-170.11797
43583,-169.47102
43584,-169.68488
43585,-171.59244
43586,-175.88127
43587,-187.39626
43588,-194.8428
43589,-201.88347
43590,-207.23619
43591,-204.77144
43592,-204.24724
43593,-201.6265
43594,-197.92308
43595,-194.09576
43596,-191.01158
43597,-189.00034
43598,-187.663
43599,-186.57062
43600,-185.32887
43601,-183.59254
43602,-181.30208
43603,-178.78514
43604,-176.38512
43605,-174.42703
43606,-173.20212
43607,-172.80489
43608,-173.06358
43609,-173.79587
43610,-174.83215
43611,-176.00296
43612,-177.13878
43613,-178.07014
43614,-178.62755
43615,-178.64154
43616,-177.71782
43617,-176.04608
43618,-174.99161
43619,-174.26942
43620,-173.85867
43621,-173.73862
43622,-173.88846
43623,-174.28745
43624,-174.9148
43625,-175.7498
43626,-176.75192
43627,-177.7661
43628,-178.48183
43629,-178.58258
43630,-177.75905
43631,-175.77771
43632,-172.84659
43633,-169.77223
43634,-167.38551
43635,-166.48872
43636,-167.7616
43637,-171.17372
43638,-175.73384
43639,-180.41411
43640,-184.23317
43641,-186.32178
43642,-186.46115
43643,-185.31429
43644,-183.57997
43645,-181.91562
43646,-180.91162
43647,-180.76717
43648,-181.15121
43649,-181.71152
43650,-182.12122
43651,-182.10162
43652,-181.65524
43653,-181.16512
43654,-181.02983
43655,-181.62968
43656,-183.28416
43657,-185.95953
43658,-189.1437
43659,-192.30591
43660,-194.93819
43661,-196.53261
43662,-196.58095
43663,-194.57433
43664,-190.00319
43665,-187.35692
43666,-182.30322
43667,-180.53447
43668,-180.45488
43669,-179.27484
43670,-177.21802
43671,-174.50839
43672,-171.37
43673,-168.02704
43674,-164.70372
43675,-161.62431
43676,-158.99876
43677,-156.9544
43678,-155.50659
43679,-154.66635
43680,-154.45
43681,-154.86633
43682,-155.88057
43683,-157.39883
43684,-159.32497
43685,-161.56569
43686,-164.01546
43687,-166.49756
43688,-168.73897
43689,-170.46289
43690,-171.39705
43691,-171.31384
43692,-170.24498
43693,-168.57399
43694,-166.69829
43695,-164.99886
43696,-163.83429
43697,-163.43373
43698,-163.85107
43699,-165.13327
43700,-167.33559
43701,-170.4748
43702,-174.3445
43703,-178.43611
43704,-182.2296
43705,-185.21938
43706,-186.95323
43707,-187.28976
43708,-186.50859
43709,-184.9065
43710,-182.76045
43711,-180.34758
43712,-177.94519
43713,-175.83054
43714,-174.2809
43715,-173.57343
43716,-174.74901
43717,-177.79509
43718,-179.58858
43719,-180.80705
43720,-181.53033
43721,-181.83832
43722,-181.81084
43723,-181.52786
43724,-181.0693
43725,-180.5151
43726,-179.95117
43727,-179.49759
43728,-179.32097
43729,-179.58969
43730,-180.47
43731,-182.08961
43732,-184.3535
43733,-186.86491
43734,-189.2153
43735,-191.01044
43736,-191.90598
43737,-191.84752
43738,-191.17393
43739,-190.24004
43740,-189.38235
43741,-188.90665
43742,-188.94022
43743,-189.36841
43744,-190.06674
43745,-190.92227
43746,-191.8175
43747,-192.60875
43748,-193.1166
43749,-193.1602
43750,-192.56033
43751,-191.18556
43752,-189.18243
43753,-187.07477
43754,-185.40195
43755,-184.68541
43756,-185.36906
43757,-187.4467
43758,-190.30272
43759,-193.29744
43760,-195.82054
43761,-197.26161
43762,-197.00996
43763,-194.45413
43764,-188.98164
43765,-184.97879
43766,-177.26521
43767,-171.98962
43768,-171.09901
43769,-170.73358
43770,-170.795
43771,-171.18501
43772,-171.80533
43773,-172.55771
43774,-173.34392
43775,-174.06578
43776,-174.63423
43777,-175.01366
43778,-175.24086
43779,-175.35538
43780,-175.39343
43781,-175.38914
43782,-175.36488
43783,-175.32701
43784,-175.28127
43785,-175.23416
43786,-175.19186
43787,-175.15836
43788,-175.13487
43789,-175.1224
43790,-175.12224
43791,-175.14243
43792,-175.2312
43793,-175.49127
43794,-176.02737
43795,-176.94165
43796,-178.31012
43797,-180.05623
43798,-181.89702
43799,-183.5414
43800,-184.70815
43801,-185.15929
43802,-184.90881
43803,-184.31213
43804,-183.73863
43805,-183.5414
43806,-184.02928
43807,-185.25363
43808,-186.91676
43809,-188.70734
43810,-190.33043
43811,-191.49133
43812,-191.89516
43813,-191.24695
43814,-189.25143
43815,-185.61314
43816,-183.44485
43817,-185.75436
43818,-185.97379
43819,-185.50371
43820,-184.58572
43821,-183.46126
43822,-182.37088
43823,-181.55429
43824,-181.25063
43825,-181.6989
43826,-183.07854
43827,-185.22318
43828,-187.49786
43829,-189.24968
43830,-189.84843
43831,-188.76402
43832,-186.04793
43833,-182.54073
43834,-179.11609
43835,-176.61089
43836,-175.74594
43837,-176.56767
43838,-178.20897
43839,-179.76715
43840,-180.38329
43841,-179.30489
43842,-176.39761
43843,-172.36574
43844,-167.9477
43845,-163.84262
43846,-160.68266
43847,-158.71138
43848,-157.64583
43849,-157.18245
43850,-157.04291
43851,-156.97495
43852,-156.87766
43853,-156.85504
43854,-157.01913
43855,-157.47197
43856,-158.29979
43857,-159.49689
43858,-160.93336
43859,-162.47435
43860,-163.99094
43861,-165.35414
43862,-166.43498
43863,-167.10435
43864,-167.2331
43865,-166.69199
43866,-164.87338
43867,-162.52339
43868,-162.71622
43869,-164.29082
43870,-166.79129
43871,-169.76213
43872,-172.74796
43873,-175.29347
43874,-176.94348
43875,-177.24248
43876,-175.82893
43877,-172.88919
43878,-169.35277
43879,-166.1795
43880,-164.29398
43881,-164.4942
43882,-166.84464
43883,-170.41695
43884,-174.24474
43885,-177.40955
43886,-179.09349
43887,-179.06143
43888,-177.86809
43889,-176.09984
43890,-174.3058
43891,-172.97752
43892,-172.27031
43893,-171.88394
43894,-171.5001
43895,-170.82228
43896,-169.59673
43897,-167.81868
43898,-165.82074
43899,-163.94894
43900,-162.53326
43901,-161.87314
43902,-162.09119
43903,-163.07031
43904,-164.68416
43905,-166.8178
43906,-169.34587
43907,-172.08173
43908,-174.75565
43909,-177.09486
43910,-178.83046
43911,-179.69354
43912,-179.41498
43913,-177.7255
43914,-174.35556
43915,-169.03535
43916,-165.61876
43917,-167.92894
43918,-168.18488
43919,-167.85912
43920,-167.09052
43921,-166.01794
43922,-164.78032
43923,-163.5166
43924,-162.3658
43925,-161.46687
43926,-160.93414
43927,-160.73917
43928,-160.65973
43929,-160.46626
43930,-159.93837
43931,-158.89452
43932,-157.37923
43933,-155.74318
43934,-154.34895
43935,-153.54457
43936,-153.6339
43937,-154.66429
43938,-156.336
43939,-158.3359
43940,-160.36761
43941,-162.16182
43942,-163.60646
43943,-164.80232
43944,-165.85847
43945,-166.87387
43946,-167.9478
43947,-169.18253
43948,-170.684
43949,-172.5584
43950,-174.91154
43951,-177.82457
43952,-181.23387
43953,-184.88025
43954,-188.49683
43955,-191.82622
43956,-194.63467
43957,-196.82642
43958,-198.49243
43959,-199.73125
43960,-200.63257
43961,-201.28616
43962,-201.78177
43963,-202.2092
43964,-202.65822
43965,-203.21866
43966,-208.28674
43967,-224.54454
43968,-229.47766
43969,-226.20718
43970,-225.44502
43971,-222.90515
43972,-219.3035
43973,-215.35718
43974,-211.78407
43975,-209.30208
43976,-208.53699
43977,-209.58127
43978,-211.80432
43979,-214.5459
43980,-217.18028
43981,-219.13652
43982,-220.15987
43983,-220.42459
43984,-220.12315
43985,-219.42798
43986,-218.48906
43987,-217.32521
43988,-215.77716
43989,-213.6779
43990,-210.86873
43991,-207.23381
43992,-202.90727
43993,-198.36267
43994,-194.08829
43995,-190.55643
43996,-188.18422
43997,-187.06897
43998,-186.87471
43999,-187.24786
44000,-187.85565
44001,-188.3943
44002,-188.72826
44003,-188.94957
44004,-189.15958
44005,-189.44887
44006,-189.89262
44007,-190.47725
44008,-191.06851
44009,-191.52744
44010,-191.72072
44011,-191.51501
44012,-190.77695
44013,-189.37311
44014,-187.16998
44015,-184.03403
44016,-183.51836
44017,-188.28574
44018,-189.932
44019,-190.21565
44020,-189.38177
44021,-187.67581
44022,-185.3433
44023,-182.63005
44024,-179.78197
44025,-177.04501
44026,-174.65111
44027,-172.75044
44028,-171.38248
44029,-170.58226
44030,-170.39001
44031,-170.82953
44032,-171.8293
44033,-173.18854
44034,-174.70145
44035,-176.16841
44036,-177.39635
44037,-178.23
44038,-178.56512
44039,-178.29964
44040,-177.32883
44041,-175.58911
44042,-173.256
44043,-170.82915
44044,-168.82132
44045,-167.72972
44046,-167.9754
44047,-169.53696
44048,-171.79425
44049,-174.10391
44050,-175.85136
44051,-176.49953
44052,-175.96193
44053,-174.76266
44054,-173.45027
44055,-172.54436
44056,-172.50798
44057,-173.4748
44058,-175.13242
44059,-177.15103
44060,-179.2222
44061,-181.03748
44062,-182.28847
44063,-182.6667
44064,-181.86359
44065,-179.57019
44066,-176.48625
44067,-174.59143
44068,-174.07831
44069,-174.59738
44070,-175.95375
44071,-177.9525
44072,-180.39897
44073,-183.09856
44074,-185.85664
44075,-188.47873
44076,-190.77475
44077,-192.57991
44078,-193.76398
44079,-194.19794
44080,-193.75113
44081,-192.32458
44082,-190.00462
44083,-187.12877
44084,-184.04514
44085,-181.09003
44086,-178.58636
44087,-176.77881
44088,-175.80592
44089,-175.802
44090,-176.90623
44091,-179.22937
44092,-182.71791
44093,-187.09566
44094,-192.07791
44095,-202.3907
44096,-207.73155
44097,-207.6311
44098,-211.39372
44099,-213.31438
44100,-212.69772
44101,-208.98148
44102,-207.38467
44103,-199.18964
44104,-190.7268
44105,-183.27785
44106,-178.00264
44107,-170.35464
44108,-169.83089
44109,-170.89037
44110,-173.03824
44111,-175.78018
44112,-178.62216
44113,-181.07042
44114,-182.63113
44115,-182.81033
44116,-180.5299
44117,-176.93996
44118,-176.66693
44119,-178.20325
44120,-181.05325
44121,-184.72177
44122,-188.71426
44123,-192.53635
44124,-195.69383
44125,-197.69249
44126,-198.10432
44127,-196.88853
44128,-194.52966
44129,-191.53432
44130,-188.38478
44131,-185.52843
44132,-183.20915
44133,-181.39467
44134,-180.04138
44135,-179.11879
44136,-178.60136
44137,-178.49242
44138,-178.83437
44139,-179.67107
44140,-181.0446
44141,-182.96852
44142,-185.29106
44143,-187.63641
44144,-189.62009
44145,-190.86807
44146,-191.05669
44147,-190.15465
44148,-188.52736
44149,-186.55658
44150,-184.6055
44151,-183.00485
44152,-181.89671
44153,-181.16737
44154,-180.69275
44155,-180.361
44156,-180.06381
44157,-179.71384
44158,-179.25221
44159,-178.6211
44160,-177.76138
44161,-176.61383
44162,-175.11932
44163,-173.21864
44164,-170.8526
44165,-167.96202
44166,-168.10156
44167,-173.95728
44168,-177.29533
44169,-179.69482
44170,-181.27696
44171,-182.16322
44172,-182.475
44173,-182.3338
44174,-181.86113
44175,-181.17857
44176,-180.3887
44177,-179.4837
44178,-178.30592
44179,-176.69168
44180,-174.48447
44181,-171.57816
44182,-168.1606
44183,-164.8181
44184,-162.15286
44185,-160.74806
44186,-161.08803
44187,-163.08444
44188,-165.8739
44189,-168.56331
44190,-170.29698
44191,-170.34161
44192,-168.67586
44193,-166.24324
44194,-164.02594
44195,-162.96043
44196,-163.84311
44197,-166.65814
44198,-170.2903
44199,-173.58232
44200,-175.42978
44201,-174.88905
44202,-171.95155
44203,-167.87727
44204,-163.97781
44205,-161.50494
44206,-161.56337
44207,-164.4051
44208,-169.12836
44209,-179.78722
44210,-185.49173
44211,-190.35266
44212,-188.4809
44213,-188.9865
44214,-185.97806
44215,-183.5619
44216,-177.89844
44217,-176.50378
44218,-178.23535
44219,-179.8251
44220,-181.22992
44221,-182.40659
44222,-183.31204
44223,-183.90306
44224,-184.13647
44225,-183.96916
44226,-183.36818
44227,-182.3605
44228,-181.05429
44229,-179.56097
44230,-177.98816
44231,-176.44702
44232,-175.06914
44233,-174.01381
44234,-173.4414
44235,-173.51096
44236,-174.3407
44237,-175.8121
44238,-177.4861
44239,-178.91095
44240,-179.6504
44241,-179.32823
44242,-177.91827
44243,-175.86906
44244,-173.64828
44245,-171.70128
44246,-170.42352
44247,-169.92117
44248,-169.90831
44249,-170.08362
44250,-170.16454
44251,-169.9077
44252,-169.29813
44253,-168.63004
44254,-168.20995
44255,-168.32948
44256,-169.25021
44257,-171.05835
44258,-173.60277
44259,-176.72308
44260,-180.27037
44261,-184.0957
44262,-188.0502
44263,-191.98508
44264,-195.75153
44265,-199.20084
44266,-201.19255
44267,-200.89777
44268,-200.64638
44269,-200.10428
44270,-199.32309
44271,-198.3544
44272,-197.24982
44273,-196.061
44274,-194.83958
44275,-193.63719
44276,-192.49626
44277,-191.40572
44278,-190.28171
44279,-189.03764
44280,-187.59016
44281,-185.88312
44282,-184.0182
44283,-182.31097
44284,-181.08583
44285,-180.65681
44286,-181.27675
44287,-182.84274
44288,-184.77025
44289,-186.45573
44290,-187.31868
44291,-186.87057
44292,-185.15866
44293,-182.95697
44294,-181.06934
44295,-180.26526
44296,-181.20784
44297,-183.9431
44298,-187.6816
44299,-191.60132
44300,-194.92049
44301,-196.9323
44302,-197.36433
44303,-196.53345
44304,-194.78058
44305,-192.41907
44306,-189.75116
44307,-187.01297
44308,-184.3508
44309,-181.90721
44310,-179.82901
44311,-178.26295
44312,-177.3558
44313,-177.25418
44314,-178.10469
44315,-180.05379
44316,-180.74059
44317,-178.34789
44318,-178.44366
44319,-179.65358
44320,-181.64343
44321,-184.07942
44322,-186.62778
44323,-188.95494
44324,-190.72733
44325,-191.61133
44326,-191.33643
44327,-189.99997
44328,-188.1984
44329,-186.5488
44330,-185.6448
44331,-186.00694
44332,-187.73141
44333,-190.34003
44334,-193.33165
44335,-196.23279
44336,-198.63156
44337,-200.47348
44338,-202.18852
44339,-204.22627
44340,-207.01349
44341,-210.87756
44342,-215.5698
44343,-220.06111
44344,-223.29082
44345,-224.23442
44346,-222.02904
44347,-216.75952
44348,-214.80084
44349,-207.58711
44350,-201.49388
44351,-192.74107
44352,-191.64449
44353,-192.2952
44354,-193.7346
44355,-195.06306
44356,-195.4709
44357,-194.66881
44358,-193.0729
44359,-191.12839
44360,-189.24727
44361,-187.84172
44362,-187.32376
44363,-188.10524
44364,-190.59763
44365,-195.2119
44366,-196.28125
44367,-194.04503
44368,-186.43599
44369,-185.68729
44370,-186.34222
44371,-187.9449
44372,-190.0399
44373,-192.1722
44374,-193.8868
44375,-194.72884
44376,-194.32216
44377,-192.75003
44378,-190.71902
44379,-188.96158
44380,-188.18082
44381,-188.96646
44382,-191.25017
44383,-194.07246
44384,-196.43854
44385,-197.3962
44386,-196.1209
44387,-192.53375
44388,-187.56836
44389,-187.20126
44390,-177.36208
44391,-173.88457
44392,-172.04475
44393,-171.3632
44394,-171.33043
44395,-171.47313
44396,-171.36714
44397,-170.87222
44398,-170.23276
44399,-169.70825
44400,-169.54005
44401,-169.93127
44402,-170.86385
44403,-172.02
44404,-173.07031
44405,-173.69965
44406,-173.63028
44407,-172.80247
44408,-171.45166
44409,-169.8251
44410,-168.1561
44411,-166.6779
44412,-165.62378
44413,-165.22704
44414,-165.72073
44415,-167.33803
44416,-170.06741
44417,-172.89491
44418,-174.62558
44419,-175.61775
44420,-175.95107
44421,-175.70526
44422,-174.96004
44423,-173.79518
44424,-172.29047
44425,-170.52577
44426,-168.58856
44427,-166.61084
44428,-164.78496
44429,-163.30566
44430,-162.36472
44431,-162.11502
44432,-162.48361
44433,-163.09142
44434,-163.5477
44435,-163.4762
44436,-162.56303
44437,-160.85614
44438,-158.89397
44439,-157.23431
44440,-156.41151
44441,-156.87788
44442,-158.60983
44443,-160.93942
44444,-163.17409
44445,-164.65218
44446,-164.80107
44447,-163.56563
44448,-161.59187
44449,-159.55356
44450,-158.09113
44451,-157.76692
44452,-158.68933
44453,-160.35223
44454,-162.22577
44455,-163.80959
44456,-164.65877
44457,-164.64932
44458,-164.0923
44459,-163.31564
44460,-162.62677
44461,-162.33301
44462,-162.74164
44463,-164.15994
44464,-166.895
44465,-171.2536
44466,-174.00787
44467,-172.1417
44468,-172.64113
44469,-174.00838
44470,-175.98828
44471,-178.32596
44472,-180.76651
44473,-183.05515
44474,-184.9371
44475,-186.1576
44476,-186.50224
44477,-185.9922
44478,-184.96779
44479,-183.78246
44480,-182.77461
44481,-182.24094
44482,-182.23589
44483,-182.48555
44484,-182.70288
44485,-182.61649
44486,-181.99336
44487,-180.82419
44488,-179.40279
44489,-178.0353
44490,-177.01334
44491,-176.6003
44492,-176.8944
44493,-177.7704
44494,-179.09418
44495,-180.74225
44496,-182.58961
44497,-184.50182
44498,-186.33171
44499,-187.93167
44500,-189.1546
44501,-189.87364
44502,-190.07918
44503,-189.92065
44504,-189.55396
44505,-189.12747
44506,-188.77478
44507,-188.5426
44508,-188.36028
44509,-188.15228
44510,-187.84868
44511,-187.37958
44512,-186.67497
44513,-185.66498
44514,-184.2796
44515,-182.44888
44516,-180.4914
44517,-179.01535
44518,-177.7765
44519,-176.76793
44520,-175.96588
44521,-175.34651
44522,-174.88596
44523,-174.56046
44524,-174.34618
44525,-174.21935
44526,-174.16078
44527,-174.17842
44528,-174.31683
44529,-174.62201
44530,-175.13828
44531,-175.89403
44532,-176.82582
44533,-177.74554
44534,-178.4602
44535,-178.78279
44536,-178.56306
44537,-177.86543
44538,-177.04512
44539,-176.4689
44540,-176.48991
44541,-177.4005
44542,-179.14114
44543,-181.17574
44544,-182.9494
44545,-183.93016
44546,-183.66145
44547,-182.12689
44548,-179.9068
44549,-177.60596
44550,-175.80092
44551,-175.00697
44552,-175.38289
44553,-176.6046
44554,-178.32893
44555,-180.23596
44556,-182.03352
44557,-183.59074
44558,-184.9951
44559,-186.34276
44560,-187.7195
44561,-189.21117
44562,-190.90349
44563,-192.88228
44564,-195.23325
44565,-198.04214
44566,-199.41379
44567,-197.54413
44568,-196.32367
44569,-195.14514
44570,-194.04306
44571,-193.05191
44572,-192.20613
44573,-191.54025
44574,-191.08871
44575,-190.886
44576,-190.97063
44577,-191.40471
44578,-192.28223
44579,-193.6985
44580,-195.74728
44581,-198.48857
44582,-201.78622
44583,-205.23863
44584,-208.43355
44585,-210.97133
44586,-212.50453
44587,-212.98967
44588,-212.79575
44589,-212.3092
44590,-211.89732
44591,-211.86615
44592,-212.16513
44593,-212.2599
44594,-211.59575
44595,-209.64044
44596,-205.97917
44597,-200.88176
44598,-200.54884
44599,-191.22134
44600,-189.09622
44601,-190.1844
44602,-194.42186
44603,-205.29073
44604,-211.21687
44605,-210.69693
44606,-212.38652
44607,-210.8646
44608,-206.96419
44609,-206.57227
44610,-200.51869
44611,-194.63423
44612,-189.74994
44613,-181.69635
44614,-181.30301
44615,-184.3981
44616,-185.97475
44617,-180.87039
44618,-179.8619
44619,-180.52534
44620,-182.35477
44621,-184.84473
44622,-187.49031
44623,-189.7868
44624,-191.2295
44625,-191.3135
44626,-189.624
44627,-186.27135
44628,-182.0794
44629,-177.90172
44630,-174.55852
44631,-172.77235
44632,-172.69917
44633,-173.72745
44634,-175.21555
44635,-176.55878
44636,-177.21431
44637,-176.998
44638,-176.21182
44639,-175.17712
44640,-174.19212
44641,-173.53558
44642,-173.3723
44643,-173.71257
44644,-174.56065
44645,-175.92816
44646,-177.7978
44647,-179.98491
44648,-182.07805
44649,-183.65689
44650,-184.31189
44651,-183.71481
44652,-182.01175
44653,-179.9919
44654,-178.4707
44655,-178.23315
44656,-179.96065
44657,-183.73438
44658,-188.8233
44659,-199.46486
44660,-204.9359
44661,-204.5137
44662,-207.47533
44663,-208.0972
44664,-205.65427
44665,-204.4196
44666,-194.81964
44667,-198.11057
44668,-199.03737
44669,-199.44455
44670,-199.48305
44671,-199.304
44672,-199.05852
44673,-198.89775
44674,-198.97287
44675,-199.43497
44676,-200.42413
44677,-202.01595
44678,-204.19884
44679,-206.95753
44680,-210.28096
44681,-214.09665
44682,-217.97556
44683,-221.00552
44684,-222.25404
44685,-220.81029
44686,-215.92929
44687,-212.84056
44688,-203.10136
44689,-193.33018
44690,-185.08493
44691,-179.75252
44692,-172.73192
44693,-173.08502
44694,-174.82098
44695,-177.01387
44696,-178.80545
44697,-179.72638
44698,-179.83376
44699,-179.20552
44700,-177.89442
44701,-175.97273
44702,-173.62491
44703,-171.18776
44704,-169.0041
44705,-167.4096
44706,-166.70264
44707,-166.96512
44708,-167.98601
44709,-169.54277
44710,-171.42703
44711,-173.43039
44712,-175.34453
44713,-176.9611
44714,-178.07188
44715,-178.46844
44716,-180.41333
44717,-185.61237
44718,-188.43242
44719,-190.03825
44720,-190.57834
44721,-190.20137
44722,-189.05608
44723,-187.29132
44724,-185.05602
44725,-182.49931
44726,-179.79205
44727,-177.232
44728,-175.2887
44729,-174.43858
44730,-175.14961
44731,-177.78908
44732,-182.14069
44733,-187.19876
44734,-191.92746
44735,-195.32898
44736,-196.52806
44737,-195.36276
44738,-192.63902
44739,-189.20332
44740,-185.85724
44741,-183.3216
44742,-181.84552
44743,-181.03847
44744,-180.48419
44745,-179.79683
44746,-178.6463
44747,-177.0258
44748,-175.36696
44749,-174.11903
44750,-173.71034
44751,-174.50056
44752,-176.45076
44753,-178.98257
44754,-181.49654
44755,-183.41908
44756,-184.24066
44757,-183.82365
44758,-182.53459
44759,-180.76045
44760,-178.86444
44761,-177.20995
44762,-176.16023
44763,-176.0786
44764,-177.32808
44765,-180.2714
44766,-181.10072
44767,-176.34702
44768,-174.42476
44769,-173.54759
44770,-173.42444
44771,-173.76451
44772,-174.27715
44773,-174.67178
44774,-174.65782
44775,-173.94469
44776,-172.29597
44777,-169.79053
44778,-166.93466
44779,-164.252
44780,-162.2457
44781,-161.35413
44782,-161.63913
44783,-162.65291
44784,-163.92778
44785,-165.02066
44786,-165.53847
44787,-165.37848
44788,-164.83127
44789,-164.20285
44790,-163.78053
44791,-163.83679
44792,-164.55789
44793,-166.01346
44794,-168.26842
44795,-171.39333
44796,-175.41147
44797,-180.07216
44798,-184.75409
44799,-188.8216
44800,-191.6569
44801,-192.72876
44802,-192.01096
44803,-190.16248
44804,-187.87064
44805,-185.79094
44806,-184.51599
44807,-184.2722
44808,-184.78972
44809,-185.77866
44810,-186.97282
44811,-188.10612
44812,-188.91252
44813,-189.12589
44814,-188.48009
44815,-186.70872
44816,-185.50418
44817,-186.82608
44818,-187.40413
44819,-187.84079
44820,-188.19322
44821,-188.5186
44822,-188.87408
44823,-189.31685
44824,-189.90405
44825,-190.69286
44826,-191.72986
44827,-193.00049
44828,-194.40706
44829,-195.84862
44830,-197.22818
44831,-198.44849
44832,-199.41122
44833,-200.01654
44834,-200.1645
44835,-199.75519
44836,-198.72119
44837,-197.18431
44838,-195.52307
44839,-194.12666
44840,-193.37225
44841,-193.57593
44842,-194.69952
44843,-196.22484
44844,-197.61432
44845,-198.35336
44846,-197.98965
44847,-196.43416
44848,-194.0908
44849,-191.3841
44850,-188.71547
44851,-186.45433
44852,-184.78314
44853,-183.63094
44854,-182.91632
44855,-182.5701
44856,-182.53201
44857,-182.79465
44858,-183.42209
44859,-184.48123
44860,-186.03552
44861,-188.14848
44862,-190.88353
44863,-194.30406
44864,-198.47337
44865,-203.45479
44866,-206.10696
44867,-203.41014
44868,-201.55473
44869,-199.55385
44870,-197.4393
44871,-195.2429
44872,-192.99646
44873,-190.73181
44874,-188.48074
44875,-186.27512
44876,-184.1533
44877,-182.19197
44878,-180.51965
44879,-179.26697
44880,-178.56203
44881,-178.50156
44882,-178.99968
44883,-179.72333
44884,-180.32962
44885,-180.48756
44886,-179.91286
44887,-178.59401
44888,-176.88918
44889,-175.1714
44890,-173.79622
44891,-173.08662
44892,-173.17604
44893,-173.94142
44894,-175.24945
44895,-176.97916
44896,-179.00679
44897,-181.19244
44898,-183.37419
44899,-185.3893
44900,-187.07607
44901,-188.28818
44902,-188.96829
44903,-189.17987
44904,-188.99132
44905,-188.46518
44906,-187.66736
44907,-186.6826
44908,-185.62102
44909,-184.59384
44910,-183.71114
44911,-183.08289
44912,-182.81908
44913,-183.0297
44914,-183.82466
44915,-185.3139
44916,-186.22981
44917,-185.07553
44918,-184.07878
44919,-182.9856
44920,-181.87892
44921,-180.8417
44922,-179.95692
44923,-179.30754
44924,-178.97646
44925,-179.04666
44926,-179.57927
44927,-180.5086
44928,-181.59537
44929,-182.58867
44930,-183.24303
44931,-183.336
44932,-182.78342
44933,-181.68915
44934,-180.16696
44935,-178.3242
44936,-176.27238
44937,-174.13498
44938,-172.05075
44939,-170.16072
44940,-168.60689
44941,-167.50859
44942,-166.84737
44943,-166.4173
44944,-166.00586
44945,-165.40999
44946,-164.46121
44947,-163.19066
44948,-161.89969
44949,-160.90019
44950,-160.49109
44951,-160.92316
44952,-162.1679
44953,-163.8187
44954,-165.45416
44955,-166.6707
44956,-167.10773
44957,-166.65628
44958,-165.54836
44959,-164.02904
44960,-162.32693
44961,-160.67023
44962,-159.2869
44963,-158.40443
44964,-158.25005
44965,-159.05055
44966,-161.00995
44967,-162.99243
44968,-162.79512
44969,-161.01884
44970,-157.78304
44971,-153.20697
44972,-152.40994
44973,-145.51134
44974,-137.63057
44975,-128.88701
44976,-119.43949
44977,-109.67499
44978,-100.28849
44979,-91.984764
44980,-85.45138
44981,-76.29622
44982,-74.67297
44983,-75.12071
44984,-77.153854
44985,-80.31484
44986,-84.12778
44987,-88.01587
44988,-91.266304
44989,-93.16133
44990,-92.99074
44991,-90.18792
44992,-85.01446
44993,-83.85125
44994,-78.120445
44995,-69.188095
44996,-68.24486
44997,-70.463066
44998,-74.62947
44999,-79.4678
45000,-83.76326
45001,-86.42577
45002,-87.09173
45003,-86.38082
45004,-84.951965
45005,-83.41648
45006,-82.33389
45007,-81.96546
45008,-82.16861
45009,-82.78444
45010,-83.67315
45011,-84.694824
45012,-85.70947
45013,-86.57709
45014,-87.15762
45015,-87.3111
45016,-86.82876
45017,-85.96665
45018,-85.601295
45019,-85.52933
45020,-85.72486
45021,-86.16209
45022,-86.8151
45023,-87.65797
45024,-88.6648
45025,-89.80964
45026,-91.07102
45027,-92.453415
45028,-93.99641
45029,-95.74103
45030,-97.72665
45031,-99.96293
45032,-102.28703
45033,-104.302376
45034,-105.60325
45035,-105.79526
45036,-104.56413
45037,-102.06038
45038,-99.063416
45039,-96.37651
45040,-94.77255
45041,-94.91427
45042,-96.824066
45043,-99.655754
45044,-102.52827
45045,-104.60155
45046,-105.135506
45047,-103.96958
45048,-101.72758
45049,-99.063324
45050,-96.59283
45051,-94.881516
45052,-94.20296
45053,-94.43526
45054,-95.44132
45055,-97.10276
45056,-99.297646
45057,-101.88386
45058,-104.6919
45059,-107.551216
45060,-110.29259
45061,-112.7468
45062,-114.74477
45063,-116.117355
45064,-116.69557
45065,-116.31037
45066,-114.31232
45067,-111.52469
45068,-111.2504
45069,-112.3858
45070,-114.56144
45071,-117.40772
45072,-120.55476
45073,-123.63276
45074,-126.271965
45075,-128.10266
45076,-128.81865
45077,-128.4823
45078,-127.654945
45079,-126.91699
45080,-126.82481
45081,-127.85736
45082,-130.04283
45083,-132.79942
45084,-135.52191
45085,-137.6346
45086,-138.62129
45087,-138.31216
45088,-137.00626
45089,-135.02051
45090,-132.64948
45091,-130.18622
45092,-127.91467
45093,-126.10669
45094,-125.03349
45095,-124.96703
45096,-126.13236
45097,-128.4825
45098,-131.60204
45099,-135.06158
45100,-138.44934
45101,-141.37524
45102,-143.57474
45103,-144.95302
45104,-145.4217
45105,-144.88428
45106,-143.27472
45107,-140.70528
45108,-137.52942
45109,-134.11003
45110,-130.79839
45111,-127.9458
45112,-125.90343
45113,-125.02239
45114,-125.653885
45115,-128.14911
45116,-131.13373
45117,-132.59076
45118,-134.73155
45119,-137.16382
45120,-139.84251
45121,-142.7228
45122,-145.75964
45123,-148.90816
45124,-152.12341
45125,-155.3605
45126,-158.55992
45127,-161.57748
45128,-164.15424
45129,-166.02684
45130,-166.93735
45131,-166.6708
45132,-165.26222
45133,-163.08559
45134,-160.52844
45135,-157.96225
45136,-155.73848
45137,-154.09186
45138,-153.0991
45139,-152.83067
45140,-153.3646
45141,-154.73679
45142,-156.73837
45143,-158.82904
45144,-160.45593
45145,-161.082
45146,-160.24948
45147,-157.96196
45148,-154.84843
45149,-151.56252
45150,-148.72823
45151,-146.90044
45152,-146.2327
45153,-146.3354
45154,-146.79803
45155,-147.2361
45156,-147.3017
45157,-146.85835
45158,-146.05615
45159,-145.05608
45160,-144.00552
45161,-143.05185
45162,-142.34236
45163,-142.02441
45164,-142.24535
45165,-143.15245
45166,-146.20241
45167,-151.56697
45168,-154.66864
45169,-156.59511
45170,-157.54076
45171,-157.70004
45172,-157.26747
45173,-156.43753
45174,-155.4049
45175,-154.36423
45176,-153.48949
45177,-152.83446
45178,-152.29025
45179,-151.7416
45180,-151.08107
45181,-150.2205
45182,-149.184
45183,-148.14761
45184,-147.29333
45185,-146.79579
45186,-146.8104
45187,-147.38069
45188,-148.39882
45189,-149.75113
45190,-151.33116
45191,-153.02298
45192,-154.65526
45193,-155.98157
45194,-156.7526
45195,-156.72264
45196,-155.69194
45197,-153.72906
45198,-151.26599
45199,-148.74886
45200,-146.6065
45201,-145.228
45202,-144.77095
45203,-145.07993
45204,-145.98737
45205,-147.34074
45206,-148.98898
45207,-150.78912
45208,-152.60916
45209,-154.3175
45210,-155.78214
45211,-156.87088
45212,-157.45168
45213,-157.3924
45214,-156.56079
45215,-154.82469
45216,-153.03094
45217,-152.74567
45218,-153.3265
45219,-154.65828
45220,-156.59888
45221,-159.00624
45222,-161.73833
45223,-164.65318
45224,-167.60876
45225,-170.46317
45226,-173.07774
45227,-175.33276
45228,-177.13411
45229,-178.3887
45230,-179.00215
45231,-178.90125
45232,-178.1358
45233,-176.92262
45234,-175.48514
45235,-174.039
45236,-172.78145
45237,-171.803
45238,-171.04959
45239,-170.46129
45240,-169.98518
45241,-169.56609
45242,-169.1359
45243,-168.60909
45244,-167.89938
45245,-166.92142
45246,-165.61407
45247,-164.05775
45248,-162.52467
45249,-161.2945
45250,-160.63777
45251,-160.77379
45252,-161.62436
45253,-162.7086
45254,-163.52997
45255,-163.61125
45256,-162.54321
45257,-160.31296
45258,-157.44427
45259,-154.48236
45260,-151.9468
45261,-150.35713
45262,-150.23276
45263,-152.09277
45264,-156.45595
45265,-168.84029
45266,-175.43622
45267,-171.5411
45268,-173.78966
45269,-176.02316
45270,-178.15894
45271,-180.11427
45272,-181.80644
45273,-183.15274
45274,-184.07043
45275,-184.47676
45276,-184.30232
45277,-183.55571
45278,-182.35124
45279,-180.80745
45280,-179.03798
45281,-177.16312
45282,-175.34201
45283,-173.78651
45284,-172.71046
45285,-172.3252
45286,-172.8009
45287,-174.0688
45288,-175.73677
45289,-177.39992
45290,-178.66898
45291,-179.21054
45292,-179.01636
45293,-178.5188
45294,-178.16792
45295,-178.39291
45296,-179.56143
45297,-181.6843
45298,-184.28922
45299,-186.8849
45300,-189.00311
45301,-190.24084
45302,-190.5739
45303,-190.49141
45304,-190.50356
45305,-191.09615
45306,-192.69357
45307,-195.36296
45308,-198.68758
45309,-202.23138
45310,-205.58153
45311,-208.32523
45312,-210.04956
45313,-210.34132
45314,-208.78679
45315,-204.97163
45316,-201.33908
45317,-200.94
45318,-199.43686
45319,-197.8004
45320,-196.26305
45321,-195.05717
45322,-194.41527
45323,-194.56961
45324,-195.75232
45325,-198.1954
45326,-202.05403
45327,-207.03807
45328,-217.25465
45329,-216.78719
45330,-219.74757
45331,-220.36507
45332,-218.55396
45333,-215.1597
45334,-211.06891
45335,-207.12575
45336,-204.09694
45337,-202.29622
45338,-201.42258
45339,-201.14923
45340,-201.17854
45341,-201.22186
45342,-201.0426
45343,-200.47437
45344,-199.35373
45345,-197.5138
45346,-194.82411
45347,-191.3661
45348,-187.50879
45349,-183.63338
45350,-180.10748
45351,-177.2665
45352,-175.2585
45353,-173.97777
45354,-173.3083
45355,-173.14635
45356,-173.38858
45357,-173.93494
45358,-174.68948
45359,-175.55646
45360,-176.43999
45361,-177.24411
45362,-177.87292
45363,-178.23053
45364,-178.22096
45365,-177.74826
45366,-182.92139
45367,-201.8865
45368,-208.10657
45369,-205.51129
45370,-204.89001
45371,-202.03424
45372,-197.73761
45373,-192.79541
45374,-188.00395
45375,-184.15968
45376,-181.96704
45377,-181.59653
45378,-182.49551
45379,-184.08266
45380,-185.81137
45381,-187.17392
45382,-187.88725
45383,-187.9725
45384,-187.46304
45385,-186.3778
45386,-184.74678
45387,-182.66429
45388,-180.31209
45389,-177.8754
45390,-175.53535
45391,-173.46446
45392,-171.78433
45393,-170.54793
45394,-169.80537
45395,-169.61009
45396,-170.00456
45397,-170.96758
45398,-172.3917
45399,-174.16617
45400,-176.18439
45401,-178.33278
45402,-180.45708
45403,-182.34796
45404,-183.79399
45405,-184.5862
45406,-184.54735
45407,-183.68463
45408,-182.2554
45409,-180.52708
45410,-178.7554
45411,-177.19617
45412,-176.10515
45413,-175.73796
45414,-176.35027
45415,-178.19742
45416,-179.15936
45417,-176.97382
45418,-175.89203
45419,-175.11954
45420,-174.58224
45421,-174.20601
45422,-173.9168
45423,-173.64052
45424,-173.3031
45425,-172.83047
45426,-172.16693
45427,-171.36308
45428,-170.61394
45429,-170.12007
45430,-170.07526
45431,-170.6438
45432,-171.81895
45433,-173.36235
45434,-175.02655
45435,-176.57523
45436,-177.78667
45437,-178.52371
45438,-178.76384
45439,-178.48906
45440,-177.67587
45441,-176.32333
45442,-174.56163
45443,-172.69867
45444,-171.04947
45445,-169.92064
45446,-169.57066
45447,-169.97844
45448,-170.7445
45449,-171.45454
45450,-171.7123
45451,-171.16583
45452,-169.72064
45453,-167.63101
45454,-165.16518
45455,-162.57486
45456,-160.10284
45457,-157.94038
45458,-156.20883
45459,-155.02666
45460,-154.51572
45461,-154.79778
45462,-155.99464
45463,-158.22795
45464,-161.61938
45465,-166.29042
45466,-177.2668
45467,-182.91672
45468,-180.63441
45469,-181.40997
45470,-180.60248
45471,-178.57143
45472,-175.67674
45473,-172.27876
45474,-168.73795
45475,-165.41493
45476,-162.6498
45477,-160.66362
45478,-159.51627
45479,-159.26125
45480,-159.95972
45481,-161.6374
45482,-164.11446
45483,-166.9327
45484,-169.62318
45485,-171.73058
45486,-172.85658
45487,-172.93562
45488,-172.35272
45489,-171.51085
45490,-170.79161
45491,-170.52945
45492,-170.784
45493,-171.24294
45494,-171.57932
45495,-171.48384
45496,-170.7068
45497,-169.34454
45498,-167.96242
45499,-167.1444
45500,-167.452
45501,-169.35625
45502,-172.80228
45503,-177.02408
45504,-181.22823
45505,-184.6557
45506,-186.62315
45507,-186.88663
45508,-185.79787
45509,-183.73271
45510,-181.03894
45511,-178.0647
45512,-175.15825
45513,-172.66786
45514,-170.94179
45515,-170.32806
45516,-169.01717
45517,-165.51724
45518,-164.47446
45519,-164.71295
45520,-165.93373
45521,-167.83798
45522,-170.12712
45523,-172.50262
45524,-174.66615
45525,-176.31926
45526,-177.19734
45527,-177.23221
45528,-176.62189
45529,-175.57515
45530,-174.28798
45531,-172.95465
45532,-171.75812
45533,-170.86601
45534,-170.4454
45535,-170.66402
45536,-171.64984
45537,-173.30023
45538,-175.20036
45539,-176.92326
45540,-178.05684
45541,-178.24052
45542,-177.41388
45543,-175.92291
45544,-174.13004
45545,-172.37854
45546,-170.98735
45547,-170.13452
45548,-169.80687
45549,-169.98369
45550,-170.65341
45551,-171.8038
45552,-173.41917
45553,-175.4792
45554,-177.96338
45555,-180.85132
45556,-184.10268
45557,-187.56078
45558,-190.91113
45559,-193.83325
45560,-196.01398
45561,-197.14008
45562,-196.8981
45563,-194.97415
45564,-191.05399
45565,-189.8229
45566,-180.50471
45567,-182.93198
45568,-184.58588
45569,-186.55681
45570,-188.74774
45571,-191.06168
45572,-193.40155
45573,-195.67043
45574,-197.77127
45575,-199.60707
45576,-201.08212
45577,-202.10759
45578,-202.60439
45579,-202.49365
45580,-201.69609
45581,-200.17061
45582,-198.09879
45583,-195.96422
45584,-194.26317
45585,-193.47775
45586,-194.02225
45587,-195.9187
45588,-198.6577
45589,-201.70862
45590,-204.56622
45591,-206.765
45592,-208.0688
45593,-208.55267
45594,-208.3044
45595,-207.39716
45596,-205.91727
45597,-204.0269
45598,-201.99123
45599,-200.07991
45600,-198.55768
45601,-197.64545
45602,-197.30937
45603,-197.17023
45604,-196.8347
45605,-195.92567
45606,-194.1179
45607,-191.38754
45608,-188.1197
45609,-184.7166
45610,-181.56128
45611,-179.03671
45612,-177.5258
45613,-177.41115
45614,-179.07504
45615,-182.8993
45616,-186.39981
45617,-186.10463
45618,-185.78737
45619,-185.02606
45620,-183.9401
45621,-182.64896
45622,-181.27214
45623,-179.92911
45624,-178.7394
45625,-177.82251
45626,-177.27888
45627,-177.09787
45628,-177.11858
45629,-177.17413
45630,-177.10481
45631,-176.77214
45632,-176.16156
45633,-175.42609
45634,-174.72556
45635,-174.2118
45636,-174.01663
45637,-174.15555
45638,-174.48663
45639,-174.86166
45640,-175.13998
45641,-175.20807
45642,-175.10999
45643,-175.10353
45644,-175.45496
45645,-176.42024
45646,-178.1997
45647,-180.67027
45648,-183.27081
45649,-185.42322
45650,-186.57008
45651,-186.24727
45652,-184.53314
45653,-182.24203
45654,-180.21857
45655,-179.27263
45656,-180.10977
45657,-182.83008
45658,-186.71426
45659,-191.01091
45660,-195.00827
45661,-197.99474
45662,-199.25854
45663,-198.08699
45664,-193.76611
45665,-190.58028
45666,-183.91798
45667,-180.5106
45668,-181.02266
45669,-181.79355
45670,-182.71246
45671,-183.66858
45672,-184.55113
45673,-185.24922
45674,-185.65215
45675,-185.64905
45676,-185.17082
45677,-184.3915
45678,-183.81444
45679,-183.95633
45680,-185.31815
45681,-188.28993
45682,-192.619
45683,-197.18292
45684,-200.82529
45685,-202.43105
45686,-201.05714
45687,-196.76617
45688,-195.98743
45689,-190.20956
45690,-180.85802
45691,-179.1794
45692,-180.38333
45693,-183.27576
45694,-186.60765
45695,-189.19798
45696,-190.00006
45697,-188.7466
45698,-186.22725
45699,-183.27519
45700,-180.6741
45701,-179.12436
45702,-178.84108
45703,-179.38194
45704,-180.27834
45705,-181.09315
45706,-181.42914
45707,-181.12036
45708,-180.31407
45709,-179.17026
45710,-177.83388
45711,-176.45006
45712,-175.16396
45713,-174.12057
45714,-173.46506
45715,-173.34244
45716,-171.05785
45717,-165.4977
45718,-164.60146
45719,-166.14337
45720,-169.47821
45721,-173.96169
45722,-178.9502
45723,-183.80057
45724,-187.87
45725,-190.51556
45726,-191.18124
45727,-189.81738
45728,-187.06175
45729,-183.58067
45730,-180.00864
45731,-176.92645
45732,-174.60208
45733,-172.87917
45734,-171.58423
45735,-170.56404
45736,-169.66684
45737,-168.7492
45738,-167.679
45739,-166.32455
45740,-164.5536
45741,-162.25769
45742,-159.46703
45743,-156.39967
45744,-153.28099
45745,-150.32756
45746,-147.75377
45747,-145.76231
45748,-144.54
45749,-144.27287
45750,-145.14786
45751,-147.30199
45752,-150.58392
45753,-154.4517
45754,-158.3486
45755,-161.73686
45756,-164.12775
45757,-165.31725
45758,-165.4869
45759,-164.83315
45760,-163.53418
45761,-161.76814
45762,-159.71338
45763,-157.54822
45764,-155.451
45765,-153.60008
45766,-152.2763
45767,-151.6685
45768,-151.50664
45769,-151.77472
45770,-152.4257
45771,-153.41248
45772,-154.68806
45773,-156.20535
45774,-157.91737
45775,-159.77704
45776,-161.72568
45777,-163.63702
45778,-165.29326
45779,-166.47299
45780,-166.95912
45781,-166.57301
45782,-165.35905
45783,-163.66406
45784,-161.84686
45785,-160.25195
45786,-159.19043
45787,-158.77989
45788,-158.87578
45789,-159.32321
45790,-159.97995
45791,-160.71956
45792,-161.50717
45793,-162.43202
45794,-163.58812
45795,-165.06354
45796,-166.92485
45797,-169.11351
45798,-171.40157
45799,-173.55457
45800,-175.34619
45801,-176.57774
45802,-177.2117
45803,-177.4289
45804,-177.41875
45805,-177.36038
45806,-177.41666
45807,-177.65591
45808,-178.01843
45809,-178.43932
45810,-178.8599
45811,-179.22136
45812,-179.46501
45813,-179.53212
45814,-179.3639
45815,-178.90164
45816,-178.98326
45817,-179.85071
45818,-178.89156
45819,-177.05913
45820,-174.74191
45821,-172.32867
45822,-170.2082
45823,-168.76936
45824,-168.40082
45825,-169.49107
45826,-172.339
45827,-176.72453
45828,-181.72543
45829,-186.39267
45830,-189.81116
45831,-191.18031
45832,-190.36584
45833,-188.13737
45834,-185.30185
45835,-182.62415
45836,-180.78911
45837,-180.01419
45838,-179.88373
45839,-179.95663
45840,-179.82205
45841,-179.1137
45842,-177.72414
45843,-175.89699
45844,-173.88988
45845,-171.94392
45846,-170.3007
45847,-169.20494
45848,-168.90558
45849,-169.65161
45850,-171.69171
45851,-175.19644
45852,-179.8838
45853,-184.85938
45854,-189.20546
45855,-192.03366
45856,-192.56145
45857,-190.62329
45858,-186.89143
45859,-182.07306
45860,-181.83661
45861,-176.85098
45862,-167.78513
45863,-165.30757
45864,-165.08633
45865,-167.78864
45866,-172.43971
45867,-175.97708
45868,-178.10707
45869,-179.19644
45870,-179.40536
45871,-178.894
45872,-177.82256
45873,-176.35136
45874,-174.64102
45875,-172.85219
45876,-171.13579
45877,-169.5847
45878,-168.21315
45879,-167.03244
45880,-166.05746
45881,-165.30765
45882,-164.83015
45883,-164.71016
45884,-165.03357
45885,-165.88416
45886,-167.32553
45887,-169.30212
45888,-171.59721
45889,-173.98862
45890,-176.26282
45891,-178.21597
45892,-179.69675
45893,-180.62453
45894,-180.92188
45895,-180.5085
45896,-179.33194
45897,-177.50063
45898,-175.34076
45899,-173.18755
45900,-171.36604
45901,-170.16267
45902,-169.63936
45903,-169.55391
45904,-169.652
45905,-169.69391
45906,-169.45885
45907,-168.83656
45908,-167.86644
45909,-166.59377
45910,-165.05647
45911,-163.2925
45912,-161.33951
45913,-159.23517
45914,-157.01697
45915,-154.72226
45916,-153.80334
45917,-154.99437
45918,-154.4804
45919,-153.17857
45920,-151.27885
45921,-148.97118
45922,-146.44554
45923,-143.89168
45924,-141.4994
45925,-139.45833
45926,-137.9398
45927,-137.00981
45928,-136.59163
45929,-136.60301
45930,-136.96844
45931,-137.60727
45932,-138.40834
45933,-139.2196
45934,-139.88724
45935,-140.25949
45936,-140.20004
45937,-139.66302
45938,-138.725
45939,-137.46715
45940,-135.9648
45941,-134.30443
45942,-132.63763
45943,-131.20412
45944,-130.24695
45945,-130.0049
45946,-130.68636
45947,-132.32307
45948,-134.70787
45949,-137.62444
45950,-140.86795
45951,-144.23149
45952,-147.49492
45953,-150.42035
45954,-152.7693
45955,-154.30408
45956,-154.82394
45957,-154.3424
45958,-153.16342
45959,-151.60214
45960,-149.96004
45961,-148.53864
45962,-147.63937
45963,-147.5637
45964,-148.61305
45965,-151.08865
45966,-152.23007
45967,-149.08781
45968,-147.13968
45969,-145.44101
45970,-143.96313
45971,-142.6775
45972,-141.55548
45973,-140.56847
45974,-139.68784
45975,-138.88506
45976,-138.15009
45977,-137.58098
45978,-137.422
45979,-137.92305
45980,-139.32693
45981,-141.82385
45982,-145.29823
45983,-149.22078
45984,-153.04642
45985,-156.25023
45986,-158.38115
45987,-159.41756
45988,-159.91937
45989,-160.46902
45990,-161.62123
45991,-163.84508
45992,-167.11206
45993,-170.72043
45994,-173.94246
45995,-176.08292
45996,-176.53285
45997,-175.18665
45998,-172.621
45999,-169.44006
46000,-166.21606
46001,-163.47565
46002,-161.48021
46003,-160.13158
46004,-159.3175
46005,-158.94278
46006,-158.91031
46007,-159.11119
46008,-159.42044
46009,-159.7125
46010,-159.86258
46011,-159.74593
46012,-159.23778
46013,-158.21326
46014,-156.54758
46015,-154.11584
46016,-152.68884
46017,-154.07463
46018,-154.78842
46019,-155.4807
46020,-156.20805
46021,-157.0272
46022,-157.99469
46023,-159.16719
46024,-160.60132
46025,-162.3537
46026,-164.45416
46027,-166.77684
46028,-168.98508
46029,-170.73415
46030,-171.68921
46031,-171.56392
46032,-170.35294
46033,-168.43217
46034,-166.19276
46035,-164.00781
46036,-162.21896
46037,-160.98488
46038,-160.21622
46039,-159.81392
46040,-159.69086
46041,-159.76724
46042,-160.00644
46043,-160.43022
46044,-161.0627
46045,-161.92502
46046,-163.02332
46047,-164.27548
46048,-165.47992
46049,-166.43047
46050,-166.92665
46051,-166.79771
46052,-166.04604
46053,-164.90845
46054,-163.6311
46055,-162.44905
46056,-161.57965
46057,-161.13844
46058,-161.10274
46059,-161.44441
46060,-162.14201
46061,-163.17401
46062,-164.51901
46063,-166.1555
46064,-168.06203
46065,-170.21712
46066,-169.90608
46067,-165.56926
46068,-164.11563
46069,-163.87444
46070,-164.4822
46071,-165.57578
46072,-166.79224
46073,-167.76866
46074,-168.1422
46075,-167.5499
46076,-165.69447
46077,-162.66103
46078,-159.053
46079,-155.49466
46080,-152.58557
46081,-150.8617
46082,-150.48994
46083,-151.13765
46084,-152.4529
46085,-154.10788
46086,-155.8094
46087,-157.46533
46088,-159.25563
46089,-161.37082
46090,-163.9883
46091,-167.24942
46092,-171.0866
46093,-175.14925
46094,-179.0759
46095,-182.5188
46096,-185.16933
46097,-186.94656
46098,-188.07808
46099,-188.80391
46100,-189.34933
46101,-189.90918
46102,-190.5004
46103,-190.89871
46104,-190.87007
46105,-190.1919
46106,-188.6747
46107,-186.32286
46108,-183.40353
46109,-180.19472
46110,-176.96205
46111,-173.97125
46112,-171.48798
46113,-169.77785
46114,-169.10625
46115,-169.7385
46116,-169.5401
46117,-166.4576
46118,-165.18198
46119,-164.77965
46120,-165.13737
46121,-166.14207
46122,-167.68066
46123,-169.64014
46124,-171.90744
46125,-174.36966
46126,-176.9124
46127,-179.4128
46128,-181.73648
46129,-183.74872
46130,-185.31519
46131,-186.3378
46132,-186.92888
46133,-187.4857
46134,-188.41716
46135,-190.11858
46136,-192.89577
46137,-196.53542
46138,-200.1213
46139,-202.70929
46140,-203.38835
46141,-201.37778
46142,-196.65915
46143,-195.2506
46144,-188.2153
46145,-181.56877
46146,-176.24115
46147,-167.66498
46148,-165.59866
46149,-164.7736
46150,-164.95352
46151,-165.89459
46152,-167.30734
46153,-168.84068
46154,-170.14125
46155,-170.85855
46156,-170.6902
46157,-169.61362
46158,-167.98523
46159,-166.17667
46160,-164.54153
46161,-163.43346
46162,-163.206
46163,-164.21257
46164,-166.80641
46165,-171.34033
46166,-174.28702
46167,-171.67229
46168,-170.0963
46169,-168.59773
46170,-167.26967
46171,-166.20508
46172,-165.49702
46173,-165.23854
46174,-165.52254
46175,-166.442
46176,-168.05125
46177,-170.18002
46178,-172.35423
46179,-174.088
46180,-174.90988
46181,-174.42302
46182,-172.6642
46183,-170.25821
46184,-167.85373
46185,-166.07144
46186,-165.46501
46187,-166.19853
46188,-167.90866
46189,-170.2115
46190,-172.7485
46191,-175.18248
46192,-177.29944
46193,-179.05217
46194,-180.39995
46195,-181.29416
46196,-181.68973
46197,-181.56262
46198,-180.91742
46199,-179.75975
46200,-178.0939
46201,-175.94475
46202,-173.45651
46203,-170.93515
46204,-168.69328
46205,-167.03569
46206,-166.22794
46207,-166.30757
46208,-167.0035
46209,-168.0326
46210,-169.1265
46211,-170.01698
46212,-170.43575
46213,-170.11446
46214,-168.7847
46215,-166.17784
46216,-164.52519
46217,-166.36444
46218,-167.46873
46219,-168.5175
46220,-169.50165
46221,-170.41191
46222,-171.239
46223,-171.97375
46224,-172.60713
46225,-173.13026
46226,-173.5426
46227,-173.8917
46228,-174.29008
46229,-174.85295
46230,-175.69252
46231,-176.90244
46232,-178.46782
46233,-180.22675
46234,-182.01173
46235,-183.66219
46236,-185.03412
46237,-186.07953
46238,-186.88037
46239,-187.52385
46240,-188.09094
46241,-188.64618
46242,-189.15836
46243,-189.46638
46244,-189.40388
46245,-188.81067
46246,-187.55666
46247,-185.68774
46248,-183.48854
46249,-181.25339
46250,-179.2653
46251,-177.77444
46252,-176.83925
46253,-176.25859
46254,-175.82097
46255,-175.32716
46256,-174.59912
46257,-173.58093
46258,-172.3825
46259,-171.12025
46260,-169.90276
46261,-168.83852
46262,-168.03604
46263,-167.60384
46264,-167.65033
46265,-168.28394
46266,-169.09357
46267,-169.29306
46268,-169.23578
46269,-168.91583
46270,-168.35767
46271,-167.58574
46272,-166.62457
46273,-165.49858
46274,-164.23222
46275,-162.84998
46276,-161.37856
46277,-159.85782
46278,-158.34538
46279,-156.89964
46280,-155.57811
46281,-154.43152
46282,-153.4716
46283,-152.65735
46284,-151.9456
46285,-151.29572
46286,-150.68404
46287,-150.18488
46288,-150.0054
46289,-150.35791
46290,-151.4483
46291,-153.4384
46292,-156.23448
46293,-159.39688
46294,-162.47278
46295,-165.02597
46296,-166.67438
46297,-167.35002
46298,-167.4104
46299,-167.22974
46300,-167.16199
46301,-167.51947
46302,-168.37221
46303,-169.46184
46304,-170.51727
46305,-171.2831
46306,-171.52954
46307,-171.1761
46308,-170.34453
46309,-169.1646
46310,-167.75641
46311,-166.24011
46312,-164.73595
46313,-163.36409
46314,-162.24467
46315,-161.49794
46316,-160.80699
46317,-159.59459
46318,-158.30801
46319,-157.00797
46320,-155.79385
46321,-154.76512
46322,-154.02118
46323,-153.66147
46324,-153.78539
46325,-154.49231
46326,-155.84166
46327,-157.66052
46328,-159.46156
46329,-160.74535
46330,-161.02751
46331,-159.9121
46332,-157.51782
46333,-154.66101
46334,-152.1856
46335,-150.90208
46336,-151.51846
46337,-154.14702
46338,-158.09425
46339,-162.63577
46340,-167.08635
46341,-170.80548
46342,-173.41156
46343,-174.87306
46344,-175.17207
46345,-174.27376
46346,-172.18349
46347,-169.14044
46348,-165.70078
46349,-162.43346
46350,-159.89243
46351,-158.56918
46352,-158.59245
46353,-159.60002
46354,-161.21078
46355,-163.06712
46356,-164.84048
46357,-166.37045
46358,-167.72409
46359,-168.97726
46360,-170.19511
46361,-171.44258
46362,-172.78465
46363,-174.2861
46364,-176.01146
46365,-178.02522
46366,-176.75269
46367,-174.99857
46368,-166.9042
46369,-165.47894
46370,-165.4138
46371,-166.40039
46372,-168.13065
46373,-170.29678
46374,-172.59125
46375,-174.70662
46376,-176.3595
46377,-177.40575
46378,-177.88991
46379,-177.86392
46380,-177.3708
46381,-176.46788
46382,-175.2951
46383,-174.10466
46384,-173.15308
46385,-172.69174
46386,-172.92387
46387,-173.77411
46388,-174.78964
46389,-175.50293
46390,-175.46426
46391,-174.29471
46392,-172.02597
46393,-169.24704
46394,-166.56921
46395,-164.57742
46396,-163.76907
46397,-164.13338
46398,-164.97151
46399,-165.5579
46400,-165.20001
46401,-163.30324
46402,-159.84373
46403,-155.57147
46404,-151.26692
46405,-147.67296
46406,-145.4519
46407,-144.80997
46408,-145.3379
46409,-146.60263
46410,-148.20093
46411,-149.73062
46412,-150.79053
46413,-150.98056
46414,-149.90163
46415,-147.15555
46416,-146.03702
46417,-150.18208
46418,-153.11551
46419,-155.79247
46420,-158.12001
46421,-160.00557
46422,-161.35689
46423,-162.0818
46424,-162.08846
46425,-161.28491
46426,-159.6131
46427,-157.21109
46428,-154.48286
46429,-151.84279
46430,-149.6925
46431,-148.39362
46432,-148.07593
46433,-148.55537
46434,-149.6357
46435,-151.13557
46436,-152.86885
46437,-154.62172
46438,-156.14297
46439,-157.17978
46440,-157.48096
46441,-156.84258
46442,-155.33617
46443,-153.4068
46444,-151.5139
46445,-150.099
46446,-149.54759
46447,-149.91995
46448,-150.83623
46449,-151.89961
46450,-152.73424
46451,-153.00923
46452,-152.65515
46453,-151.95662
46454,-151.2119
46455,-150.7023
46456,-150.68036
46457,-151.23212
46458,-152.2182
46459,-153.49043
46460,-154.9115
46461,-156.34398
46462,-157.65044
46463,-158.69348
46464,-159.33554
46465,-159.43913
46466,-155.37175
46467,-151.16092
46468,-142.69736
46469,-142.05492
46470,-143.47318
46471,-146.1927
46472,-149.45451
46473,-152.49983
46474,-154.57018
46475,-154.90688
46476,-152.88153
46477,-148.62434
46478,-148.29387
46479,-143.08939
46480,-134.16096
46481,-132.52211
46482,-133.39548
46483,-135.93365
46484,-139.24846
46485,-142.50313
46486,-144.94507
46487,-146.30898
46488,-146.98923
46489,-147.40543
46490,-147.94557
46491,-148.94434
46492,-150.42574
46493,-151.99342
46494,-153.23488
46495,-153.75786
46496,-153.2277
46497,-151.64546
46498,-149.46683
46499,-147.16527
46500,-145.1926
46501,-143.95343
46502,-143.5784
46503,-143.82735
46504,-144.4457
46505,-145.19687
46506,-145.86647
46507,-146.36911
46508,-146.79408
46509,-147.2374
46510,-147.78673
46511,-148.52972
46512,-149.55402
46513,-150.94731
46514,-152.79723
46515,-155.19142
46516,-157.71982
46517,-159.3653
46518,-160.06705
46519,-160.08078
46520,-159.5732
46521,-158.71121
46522,-157.66171
46523,-156.59158
46524,-155.66786
46525,-155.05742
46526,-154.902
46527,-155.19624
46528,-155.73605
46529,-156.3095
46530,-156.71425
46531,-156.77051
46532,-156.4294
46533,-155.81929
46534,-155.07556
46535,-154.325
46536,-153.68967
46537,-153.26321
46538,-153.10103
46539,-153.257
46540,-153.78683
46541,-154.73476
46542,-156.07791
46543,-157.70268
46544,-159.49205
46545,-161.33331
46546,-163.1097
46547,-164.68079
46548,-165.87408
46549,-166.51585
46550,-166.43382
46551,-165.49069
46552,-163.75284
46553,-161.56259
46554,-159.27324
46555,-157.22499
46556,-155.7353
46557,-154.9893
46558,-154.99304
46559,-155.74557
46560,-157.25456
46561,-159.52756
46562,-162.5722
46563,-166.39606
46564,-171.00664
46565,-181.41147
46566,-177.53517
46567,-175.33604
46568,-166.05551
46569,-162.67793
46570,-160.13344
46571,-158.35042
46572,-157.25186
46573,-156.75217
46574,-156.7587
46575,-157.17546
46576,-157.90149
46577,-158.80827
46578,-159.73065
46579,-160.50626
46580,-160.97894
46581,-161.02226
46582,-160.65999
46583,-160.118
46584,-159.63293
46585,-159.43465
46586,-159.70567
46587,-160.34312
46588,-160.85655
46589,-160.74141
46590,-159.51245
46591,-156.75505
46592,-152.46365
46593,-152.18668
46594,-146.49358
46595,-140.92642
46596,-135.97931
46597,-126.87229
46598,-123.45492
46599,-120.562485
46600,-118.0478
46601,-115.76212
46602,-113.54853
46603,-111.23899
46604,-108.66467
46605,-105.656975
46606,-102.07549
46607,-97.94565
46608,-93.51747
46609,-89.04893
46610,-84.786514
46611,-80.976036
46612,-77.86275
46613,-75.6915
46614,-74.706985
46615,-75.15393
46616,-79.10361
46617,-91.01466
46618,-88.141
46619,-87.65029
46620,-85.13192
46621,-81.17272
46622,-76.358
46623,-71.271835
46624,-66.49702
46625,-62.615303
46626,-60.128258
46627,-59.073193
46628,-58.857273
46629,-58.85986
46630,-58.488613
46631,-57.215942
46632,-54.892277
46633,-51.880608
46634,-48.56563
46635,-45.307404
46636,-42.444813
46637,-40.196693
46638,-38.61932
46639,-37.761806
46640,-37.680935
46641,-38.40065
46642,-39.751934
46643,-41.302094
46644,-42.60443
46645,-43.223965
46646,-42.791443
46647,-41.316814
46648,-39.324604
46649,-37.36268
46650,-35.95471
46651,-35.558765
46652,-36.25056
46653,-37.58351
46654,-39.083347
46655,-40.298206
46656,-40.82437
46657,-40.538986
46658,-39.701206
46659,-38.58872
46660,-37.461468
46661,-36.579227
46662,-36.20178
46663,-36.58939
46664,-38.003094
46665,-40.704918
46666,-43.331177
46667,-44.11946
46668,-45.487576
46669,-46.955452
46670,-48.431667
46671,-49.82481
46672,-51.0435
46673,-51.99644
46674,-52.592464
46675,-52.740505
46676,-52.37732
46677,-51.60102
46678,-50.728592
46679,-50.086823
46680,-49.992363
46681,-50.716763
46682,-52.26715
46683,-54.29024
46684,-56.415306
46685,-58.28779
46686,-59.58651
46687,-60.1841
46688,-60.21519
46689,-59.823086
46690,-59.13562
46691,-58.286957
46692,-57.458435
46693,-56.89657
46694,-56.851894
46695,-57.573677
46696,-59.262856
46697,-61.829765
46698,-64.78814
46699,-67.63437
46700,-69.88433
46701,-71.1109
46702,-71.21145
46703,-70.522575
46704,-69.39965
46705,-68.17746
46706,-67.156204
46707,-66.434494
46708,-65.83755
46709,-65.179115
46710,-64.28586
46711,-62.98446
46712,-61.10166
46713,-58.464413
46714,-54.89992
46715,-50.23596
46716,-48.950768
46717,-54.78877
46718,-57.77959
46719,-59.79541
46720,-61.01501
46721,-61.616173
46722,-61.77597
46723,-61.670982
46724,-61.477325
46725,-61.370857
46726,-61.50498
46727,-61.903553
46728,-62.414577
46729,-62.87818
46730,-63.142456
46731,-63.077953
46732,-62.686184
46733,-62.146576
46734,-61.645996
46735,-61.36284
46736,-61.454292
46737,-61.954346
46738,-62.72968
46739,-63.63949
46740,-64.5506
46741,-65.333855
46742,-65.884094
46743,-66.12875
46744,-65.9967
46745,-65.41523
46746,-64.33181
46747,-62.810734
46748,-61.074635
46749,-59.352676
46750,-57.86647
46751,-56.8183
46752,-56.298367
46753,-56.244614
46754,-56.588306
46755,-57.267643
46756,-58.21734
46757,-59.35189
46758,-60.558517
46759,-61.72308
46760,-62.732758
46761,-63.474728
46762,-63.83625
46763,-63.70467
46764,-62.96744
46765,-61.51217
46766,-60.58586
46767,-61.94248
46768,-63.817966
46769,-66.151245
46770,-68.68183
46771,-71.148994
46772,-73.29203
46773,-74.85042
46774,-75.56386
46775,-75.17242
46776,-73.48415
46777,-70.700035
46778,-67.552895
46779,-64.79618
46780,-63.157795
46781,-63.262646
46782,-65.13391
46783,-67.975586
46784,-70.954025
46785,-73.2726
46786,-74.23889
46787,-73.7654
46788,-72.58389
46789,-71.459366
46790,-71.117645
46791,-72.19079
46792,-74.76442
46793,-78.181335
46794,-81.75174
46795,-84.82028
46796,-86.803406
46797,-87.53454
46798,-87.41168
46799,-86.85539
46800,-86.259026
46801,-85.986496
46802,-86.23151
46803,-86.957085
46804,-88.11712
46805,-89.67639
46806,-91.59675
46807,-93.8228
46808,-96.27594
46809,-98.87667
46810,-101.54651
46811,-104.20704
46812,-106.77986
46813,-109.18662
46814,-111.348915
46815,-113.18848
46816,-110.05059
46817,-104.58119
46818,-99.19755
46819,-91.22606
46820,-90.30779
46821,-91.08433
46822,-93.196915
46823,-96.28617
46824,-99.99205
46825,-103.95433
46826,-107.82085
46827,-111.28743
46828,-114.11491
46829,-116.06673
46830,-116.90329
46831,-116.433784
46832,-114.750755
46833,-112.33015
46834,-109.662544
46835,-107.219986
46836,-105.43631
46837,-104.52351
46838,-104.393585
46839,-104.94694
46840,-106.09836
46841,-107.7418
46842,-109.65061
46843,-111.43466
46844,-112.69752
46845,-113.0506
46846,-112.15241
46847,-109.934326
46848,-106.6971
46849,-102.75559
46850,-98.40685
46851,-93.93207
46852,-89.520615
46853,-85.237915
46854,-81.144485
46855,-77.306816
46856,-73.80059
46857,-70.75531
46858,-68.37341
46859,-66.86034
46860,-66.41849
46861,-67.250755
46862,-69.5606
46863,-73.552
46864,-84.42915
46865,-92.39592
46866,-99.12409
46867,-95.88407
46868,-98.60248
46869,-101.30122
46870,-103.96292
46871,-106.57024
46872,-109.10589
46873,-111.55252
46874,-113.89282
46875,-116.10945
46876,-118.1779
46877,-120.03161
46878,-121.54721
46879,-122.5991
46880,-123.06444
46881,-122.8475
46882,-122.01001
46883,-120.82679
46884,-119.58082
46885,-118.54484
46886,-117.95628
46887,-117.84755
46888,-117.97346
46889,-118.07822
46890,-117.91928
46891,-117.28383
46892,-116.130844
46893,-114.65217
46894,-113.048515
46895,-111.50948
46896,-110.196785
46897,-109.111
46898,-108.034546
46899,-106.741356
46900,-105.0159
46901,-102.698616
46902,-99.9546
46903,-97.38839
46904,-95.62133
46905,-95.253746
46906,-96.79913
46907,-100.26336
46908,-104.96366
46909,-115.18925
46910,-120.2618
46911,-119.50336
46912,-122.236465
46913,-122.78396
46914,-120.46873
46915,-119.61391
46916,-112.4216
46917,-125.97928
46918,-125.24645
46919,-128.10428
46920,-129.83202
46921,-130.70859
46922,-131.01286
46923,-131.02353
46924,-131.01944
46925,-131.27933
46926,-132.05032
46927,-133.39565
46928,-135.1295
46929,-137.05655
46930,-138.99345
46931,-140.77084
46932,-142.30008
46933,-143.60197
46934,-144.70154
46935,-145.61844
46936,-146.37894
46937,-147.04645
46938,-147.73509
46939,-148.56088
46940,-149.63744
46941,-151.04906
46942,-152.70988
46943,-154.3038
46944,-155.50577
46945,-156.00188
46946,-155.5324
46947,-154.15352
46948,-152.34914
46949,-150.61995
46950,-149.44632
46951,-149.24016
46952,-150.01678
46953,-151.25465
46954,-152.41145
46955,-152.97081
46956,-152.4795
46957,-150.85225
46958,-148.5018
46959,-145.86043
46960,-143.33664
46961,-141.33887
46962,-140.27556
46963,-140.55502
46964,-142.58551
46965,-146.77502
46966,-150.17134
46967,-149.25926
46968,-149.43565
46969,-149.7465
46970,-150.12648
46971,-150.51031
46972,-150.83276
46973,-151.02846
46974,-151.03217
46975,-150.77856
46976,-150.21526
46977,-149.36469
46978,-148.3507
46979,-147.30104
46980,-146.3387
46981,-145.57562
46982,-145.06007
46983,-144.75404
46984,-144.61627
46985,-144.6096
46986,-144.70203
46987,-144.89127
46988,-145.21545
46989,-145.71426
46990,-146.4254
46991,-147.38188
46992,-148.58981
46993,-150.01846
46994,-151.63585
46995,-153.41173
46996,-155.31009
46997,-157.26196
46998,-159.15369
46999,-160.86975
47000,-162.2969
47001,-163.32652
47002,-163.87704
47003,-163.9036
47004,-163.36275
47005,-162.20926
47006,-160.41965
47007,-158.09676
47008,-155.51474
47009,-152.9545
47010,-150.68869
47011,-148.99002
47012,-148.13112
47013,-148.38452
47014,-150.02264
47015,-153.3178
47016,-154.99202
47017,-152.27794
47018,-152.65845
47019,-154.36641
47020,-157.01445
47021,-160.2153
47022,-163.58188
47023,-166.72725
47024,-169.26428
47025,-170.8054
47026,-171.029
47027,-169.99992
47028,-168.30722
47029,-166.56093
47030,-165.3465
47031,-165.16637
47032,-166.03972
47033,-167.33136
47034,-168.38081
47035,-168.55923
47036,-167.32265
47037,-164.6205
47038,-161.07129
47039,-157.32031
47040,-153.98128
47041,-151.60408
47042,-150.36804
47043,-149.95073
47044,-150.01028
47045,-150.229
47046,-150.3275
47047,-150.24863
47048,-150.23607
47049,-150.54517
47050,-151.41675
47051,-153.0305
47052,-155.21088
47053,-157.30148
47054,-158.6274
47055,-158.53676
47056,-156.46762
47057,-152.3831
47058,-151.95793
47059,-145.8952
47060,-139.86418
47061,-134.53386
47062,-125.572876
47063,-123.649445
47064,-124.43173
47065,-128.58823
47066,-133.04099
47067,-133.62323
47068,-135.61136
47069,-137.98634
47070,-140.5932
47071,-143.27698
47072,-145.88274
47073,-148.25554
47074,-150.24042
47075,-151.68242
47076,-152.45883
47077,-152.63474
47078,-152.52942
47079,-152.472
47080,-152.77951
47081,-153.7252
47082,-155.3285
47083,-157.26514
47084,-159.19733
47085,-160.80312
47086,-161.79962
47087,-162.13405
47088,-162.06593
47089,-161.8671
47090,-161.79463
47091,-162.07346
47092,-162.73907
47093,-163.5707
47094,-164.33774
47095,-164.82222
47096,-164.82497
47097,-164.25502
47098,-163.16794
47099,-161.625
47100,-159.68083
47101,-157.41098
47102,-155.01297
47103,-152.84929
47104,-151.28897
47105,-150.69304
47106,-151.36409
47107,-153.26549
47108,-155.90147
47109,-158.7586
47110,-161.34572
47111,-163.17163
47112,-163.74501
47113,-162.57428
47114,-159.16736
47115,-158.0317
47116,-148.88365
47117,-151.72316
47118,-152.21786
47119,-152.13164
47120,-151.63763
47121,-150.9091
47122,-150.1192
47123,-149.4411
47124,-149.04796
47125,-149.11278
47126,-149.77922
47127,-151.01996
47128,-152.5763
47129,-154.18065
47130,-155.57648
47131,-156.53441
47132,-156.9825
47133,-157.06206
47134,-156.92262
47135,-156.7036
47136,-156.53532
47137,-156.49596
47138,-156.59285
47139,-156.83075
47140,-157.21759
47141,-157.75069
47142,-158.36472
47143,-158.90968
47144,-159.23233
47145,-159.18338
47146,-158.6439
47147,-157.67105
47148,-156.56047
47149,-155.61717
47150,-155.13475
47151,-155.367
47152,-156.33672
47153,-157.75385
47154,-159.31627
47155,-160.73695
47156,-161.75278
47157,-162.24016
47158,-162.2641
47159,-161.89662
47160,-161.19992
47161,-160.23528
47162,-159.06349
47163,-157.7453
47164,-156.34158
47165,-154.91357
47166,-151.48375
47167,-150.06088
47168,-141.17093
47169,-138.62265
47170,-137.25471
47171,-136.90627
47172,-137.41692
47173,-138.62651
47174,-140.3751
47175,-142.50246
47176,-144.84024
47177,-147.17755
47178,-149.24663
47179,-150.7774
47180,-151.50282
47181,-151.20596
47182,-149.95984
47183,-148.2303
47184,-146.49883
47185,-145.22871
47186,-144.82324
47187,-145.33556
47188,-146.3444
47189,-147.41072
47190,-148.11836
47191,-148.09636
47192,-147.23604
47193,-145.78357
47194,-143.99884
47195,-142.12488
47196,-140.39146
47197,-138.95187
47198,-137.85571
47199,-137.1486
47200,-136.88097
47201,-137.0849
47202,-137.68584
47203,-138.46515
47204,-139.19849
47205,-139.6684
47206,-139.68625
47207,-139.23187
47208,-138.5132
47209,-137.74655
47210,-137.13622
47211,-136.88356
47212,-137.18541
47213,-138.23251
47214,-140.21065
47215,-143.3034
47216,-147.2157
47217,-150.34128
47218,-151.42035
47219,-151.12088
47220,-149.74823
47221,-147.61137
47222,-145.02248
47223,-142.29579
47224,-139.74294
47225,-137.66644
47226,-136.30823
47227,-135.60945
47228,-135.11023
47229,-134.33922
47230,-132.85013
47231,-130.24995
47232,-126.42445
47233,-121.63271
47234,-121.15121
47235,-115.242195
47236,-109.154335
47237,-103.03734
47238,-96.90537
47239,-90.77053
47240,-84.654305
47241,-78.57012
47242,-72.47549
47243,-66.25103
47244,-59.774673
47245,-52.927895
47246,-45.63761
47247,-38.09566
47248,-30.8501
47249,-24.458693
47250,-19.4592
47251,-11.291617
47252,-9.831387
47253,-9.179352
47254,-8.384672
47255,-6.5240927
47256,-2.7741117
47257,-1.8886572
47258,-569.64264
47259,-396.7975
47260,-242.4869
47261,-119.712875
47262,-33.78028
47263,17.296051
47264,41.23243
47265,53.761787
47266,55.000782
47267,54.98028
47268,54.21507
47269,52.390766
47270,49.38907
47271,45.266403
47272,40.263836
47273,34.797733
47274,29.431147
47275,24.825365
47276,21.619864
47277,20.074286
47278,19.833836
47279,20.339401
47280,21.010206
47281,21.324465
47282,21.033236
47283,20.274076
47284,19.26863
47285,18.24768
47286,17.404985
47287,16.637281
47288,15.372838
47289,12.8935795
47290,8.36163
47291,0.8936532
47292,-9.405092
47293,-20.181244
47294,-27.769045
47295,-28.036951
47296,-18.03995
47297,0.5164125
47298,21.092726
47299,37.98952
47300,48.557827
47301,53.32483
47302,54.76049
47303,54.939053
47304,54.62333
47305,53.729477
47306,51.445747
47307,46.36693
47308,37.46478
47309,24.714148
47310,9.363749
47311,-6.056907
47312,-18.070055
47313,-22.92273
47314,-17.60095
47315,-1.1883991
47316,8.756865
47317,-6.0380855
47318,-21.70909
47319,-37.47069
47320,-51.89668
47321,-63.378708
47322,-70.27444
47323,-71.10025
47324,-64.766884
47325,-50.858288
47326,-30.29984
47327,-6.904786
47328,13.5848255
47329,27.701742
47330,34.546726
47331,34.0504
47332,25.626812
47333,9.176574
47334,-13.592092
47335,-37.428493
47336,-54.178818
47337,-58.259995
47338,-51.244373
47339,-37.39427
47340,-21.108679
47341,-5.9066978
47342,6.3454695
47343,15.295932
47344,20.969378
47345,23.365585
47346,22.303452
47347,17.596136
47348,9.359798
47349,-2.1955674
47350,-16.609692
47351,-33.078506
47352,-50.988304
47353,-70.558464
47354,-92.314926
47355,-116.89508
47356,-144.94958
47357,-176.49579
47358,-210.27267
47359,-244.36392
47360,-276.45667
47361,-303.9423
47362,-324.06845
47363,-334.1429
47364,-331.77936
47365,-315.18817
47366,-266.5854
47367,-192.17015
47368,-153.3236
47369,-137.96156
47370,-139.26828
47371,-152.88719
47372,-175.32207
47373,-202.82559
47374,-230.77243
47375,-253.51718
47376,-265.31827
47377,-264.04163
47378,-253.4285
47379,-238.59015
47380,-224.36487
47381,-214.74529
47382,-211.0023
47383,-210.78667
47384,-211.06123
47385,-208.81024
47386,-201.67738
47387,-190.97992
47388,-183.08324
47389,-185.08261
47390,-204.59006
47391,-250.25916
47392,-325.40622
47393,-423.09912
47394,-505.32
47395,-556.26404
47396,-541.827
47397,-459.74493
47398,-348.4248
47399,-233.37033
47400,-143.01659
47401,-81.33783
47402,-53.662704
47403,-43.674717
47404,-43.182053
47405,-46.12102
47406,-47.070957
47407,-43.122562
47408,-35.443336
47409,-26.056744
47410,-16.754913
47411,-8.990262
47412,-3.9059114
47413,-2.5130765
47414,-6.017195
47415,-16.291677
47416,-5.5839133
47417,30.861586
47418,49.6027
47419,53.162727
47420,53.40918
47421,51.775078
47422,47.460186
47423,39.715015
47424,29.212463
47425,18.515646
47426,11.315054
47427,9.426117
47428,10.7033825
47429,11.929065
47430,9.9584255
47431,1.517223
47432,-15.989585
47433,-42.528896
47434,-75.94399
47435,-111.60834
47436,-142.79536
47437,-163.88226
47438,-173.44415
47439,-171.98148
47440,-160.85075
47441,-142.2411
47442,-120.06976
47443,-99.890526
47444,-86.521545
47445,-84.067665
47446,-96.59116
47447,-125.842155
47448,-167.54314
47449,-213.41515
47450,-251.44794
47451,-268.30307
47452,-258.72485
47453,-231.14267
47454,-196.96184
47455,-166.02586
47456,-145.37054
47457,-136.98064
47458,-137.53304
47459,-143.18147
47460,-150.2129
47461,-154.71854
47462,-152.65459
47463,-140.27554
47464,-114.94264
47465,-76.30593
47466,-50.245506
47467,-59.07094
47468,-61.883743
47469,-60.233925
47470,-55.438435
47471,-48.884
47472,-41.88731
47473,-35.62223
47474,-31.116236
47475,-29.312717
47476,-31.07063
47477,-36.65822
47478,-45.324547
47479,-56.00827
47480,-67.43351
47481,-78.19791
47482,-87.61027
47483,-96.37192
47484,-105.61988
47485,-116.63304
47486,-130.9487
47487,-150.88852
47488,-180.132
47489,-223.65965
47490,-288.25577
47491,-386.9612
47492,-511.14758
47493,-649.47284
47494,-5.024979
47495,-2.3346508
47496,-1.1843214
47497,3.3223586
47498,-585.4107
47499,-445.35864
47500,-339.14706
47501,-277.64615
47502,-270.55933
47503,-300.03827
47504,-353.91064
47505,-418.82907
47506,-478.4251
47507,-520.5802
47508,-544.8191
47509,-554.49603
47510,-553.76447
47511,-547.13074
47512,-539.1546
47513,-534.313
47514,-537.0369
47515,-551.91473
47516,-577.5958
47517,-601.81616
47518,-619.3471
47519,-632.0407
47520,-641.8586
47521,-650.86456
47522,-661.19464
47523,4.481069
47524,3.629006
47525,2.435277
47526,0.83114487
47527,-1.1176113
47528,-3.1584144
47529,-5.0243163
47530,-6.455777
47531,-7.235027
47532,-7.3850994
47533,-7.2588024
47534,-7.2298994
47535,-7.6581607
47536,-8.839646
47537,-10.695951
47538,-12.631355
47539,-14.014136
47540,-14.234494
47541,-12.777025
47542,-9.661043
47543,-5.6306114
47544,-1.4665204
47545,2.0866952
47546,4.367915
47547,5.188625
47548,-664.8097
47549,4.347229
47550,3.6860883
47551,3.4683757
47552,3.8336523
47553,4.506339
47554,-663.46484
47555,-653.198
47556,-654.72565
47557,4.6893034
47558,3.6335204
47559,2.5283525
47560,1.6398877
47561,1.2341026
47562,1.5760918
47563,2.9293668
47564,-661.8877
47565,-571.38306
47566,-548.8217
47567,-2.237394
47568,-1.0021679
47569,-3.135773
47570,-4.035586
47571,-4.090234
47572,-3.6832595
47573,-3.1953163
47574,-3.005767
47575,-3.494216
47576,-4.986224
47577,-7.4850345
47578,-10.545898
47579,-13.690148
47580,-16.45589
47581,-18.430866
47582,-19.48978
47583,-19.899551
47584,-19.950218
47585,-19.914211
47586,-20.046322
47587,-20.501884
47588,-21.300287
47589,-22.453125
47590,-23.977833
47591,-25.874819
47592,-28.044897
47593,-30.252337
47594,-32.25344
47595,-33.81058
47596,-34.719738
47597,-34.9708
47598,-34.817566
47599,-34.527084
47600,-34.354332
47601,-34.526283
47602,-35.107605
47603,-35.94159
47604,-36.859913
47605,-37.70397
47606,-38.335655
47607,-38.736095
47608,-39.048904
47609,-39.425858
47610,-40.01143
47611,-40.95018
47612,-42.386787
47613,-44.466213
47614,-47.333595
47615,-51.13427
47616,-53.69949
47617,-52.838196
47618,-52.843952
47619,-52.879948
47620,-52.8304
47621,-52.579575
47622,-52.011917
47623,-51.012066
47624,-49.464874
47625,-47.255577
47626,-44.3123
47627,-40.810772
47628,-37.26188
47629,-34.190746
47630,-32.106903
47631,-31.457033
47632,-32.317097
47633,-34.255245
47634,-36.81115
47635,-39.544903
47636,-42.05149
47637,-44.134388
47638,-45.881927
47639,-47.396942
47640,-48.769382
47641,-50.087204
47642,-51.427505
47643,-52.852707
47644,-54.42452
47645,-56.205284
47646,-58.25505
47647,-60.62031
47648,-63.329006
47649,-66.40829
47650,-69.88601
47651,-73.78938
47652,-78.142296
47653,-82.96417
47654,-93.2742
47655,-99.09175
47656,-105.39776
47657,-111.95009
47658,-118.20386
47659,-123.60124
47660,-122.5958
47661,-124.637886
47662,-124.175995
47663,-120.657974
47664,-118.53281
47665,-107.2526
47666,-99.520935
47667,-98.10303
47668,-97.71516
47669,-96.29462
47670,-94.15759
47671,-91.62138
47672,-89.0042
47673,-86.62515
47674,-84.80396
47675,-83.86118
47676,-84.053116
47677,-85.25943
47678,-86.84833
47679,-88.167046
47680,-88.58715
47681,-87.56558
47682,-85.054726
47683,-81.677284
47684,-78.08169
47685,-74.88351
47686,-72.63045
47687,-71.47868
47688,-71.05397
47689,-70.95997
47690,-70.82473
47691,-70.3078
47692,-69.25432
47693,-67.761185
47694,-65.93559
47695,-63.872498
47696,-61.65712
47697,-59.319332
47698,-56.814205
47699,-54.093452
47700,-51.112133
47701,-47.852943
47702,-44.45947
47703,-41.293377
47704,-38.725574
47705,-37.116924
47706,-36.785454
47707,-37.795784
47708,-39.865795
47709,-42.69463
47710,-45.995533
47711,-49.480804
47712,-52.86242
47713,-55.852398
47714,-58.1631
47715,-59.50737
47716,-62.02706
47717,-67.348915
47718,-69.93963
47719,-70.98548
47720,-70.6838
47721,-69.23095
47722,-66.822624
47723,-63.654163
47724,-59.92053
47725,-55.816433
47726,-51.54375
47727,-47.347546
47728,-43.531494
47729,-40.4016
47730,-38.26135
47731,-37.350624
47732,-37.535004
47733,-38.168602
47734,-38.57859
47735,-38.114418
47736,-36.238956
47737,-33.069946
47738,-29.612034
47739,-26.909464
47740,-25.965828
47741,-27.645075
47742,-31.973255
47743,-42.81297
47744,-48.943123
47745,-54.18415
47746,-52.48996
47747,-53.584908
47748,-53.237705
47749,-52.267406
47750,-51.4465
47751,-51.452217
47752,-52.39469
47753,-53.61095
47754,-54.404366
47755,-54.11648
47756,-52.176975
47757,-48.511795
47758,-43.717346
47759,-43.41875
47760,-38.208447
47761,-28.67728
47762,-25.415628
47763,-24.015787
47764,-25.075281
47765,-29.199577
47766,-32.194996
47767,-29.051886
47768,-27.561396
47769,-26.403877
47770,-25.474257
47771,-24.66669
47772,-23.874584
47773,-22.990637
47774,-21.906721
47775,-20.513918
47776,-18.715841
47777,-16.489862
47778,-13.913844
47779,-11.070621
47780,-8.038022
47781,-4.892719
47782,-1.7075931
47783,1.4494045
47784,4.511044
47785,-620.21735
47786,-558.49457
47787,-505.65
47788,-462.0034
47789,-427.77658
47790,-403.20493
47791,-387.7913
47792,-376.3028
47793,-356.61496
47794,-316.4262
47795,-247.35335
47796,-156.3465
47797,-56.114742
47798,15.765811
47799,46.97413
47800,49.41567
47801,51.474247
47802,54.327194
47803,46.31867
47804,21.252174
47805,-29.685686
47806,-92.687294
47807,-142.87856
47808,-182.22939
47809,-206.15141
47810,-218.87311
47811,-226.49043
47812,-235.85933
47813,-254.35765
47814,-290.5188
47815,-355.53604
47816,-390.10995
47817,-323.80087
47818,-292.40103
47819,-285.42087
47820,-296.70984
47821,-321.55145
47822,-355.4519
47823,-393.34427
47824,-429.20667
47825,-456.09637
47826,-467.50833
47827,-462.71893
47828,-449.7685
47829,-438.39438
47830,-437.9544
47831,-456.6214
47832,-495.25928
47833,-542.1395
47834,-580.7535
47835,-592.6893
47836,-562.527
47837,-493.0641
47838,-409.81625
47839,-337.7585
47840,-294.96097
47841,-294.43924
47842,-341.80908
47843,-431.30478
47844,-557.7775
47845,-2.0382257
47846,-6.9835296
47847,-5.4809065
47848,-7.749716
47849,-9.059129
47850,-9.649651
47851,-9.756996
47852,-9.601095
47853,-9.3813505
47854,-9.295541
47855,-9.54231
47856,-10.294709
47857,-11.574922
47858,-13.197142
47859,-14.961569
47860,-16.676592
47861,-18.150599
47862,-19.192184
47863,-19.610445
47864,-19.215103
47865,-17.816818
47866,-15.556408
47867,-13.479541
47868,-12.480645
47869,-12.269734
47870,-12.7589855
47871,-13.860125
47872,-15.484361
47873,-17.542423
47874,-19.944664
47875,-22.601194
47876,-25.419338
47877,-28.291475
47878,-31.08947
47879,-33.684097
47880,-35.94723
47881,-37.76813
47882,-39.136536
47883,-40.178936
47884,-41.028778
47885,-41.81324
47886,-42.64238
47887,-43.52722
47888,-44.343937
47889,-44.96207
47890,-45.25727
47891,-45.127296
47892,-44.597443
47893,-43.86648
47894,-43.141205
47895,-42.620438
47896,-42.49564
47897,-42.91559
47898,-43.97086
47899,-45.74943
47900,-48.34214
47901,-51.79429
47902,-55.885338
47903,-60.03192
47904,-63.63288
47905,-66.10432
47906,-66.93936
47907,-66.07276
47908,-64.036804
47909,-61.3877
47910,-58.650993
47911,-56.350002
47912,-55.007168
47913,-55.145493
47914,-57.290092
47915,-61.96916
47916,-66.19727
47917,-66.04463
47918,-66.63567
47919,-67.1798
47920,-67.678856
47921,-68.13519
47922,-68.5517
47923,-68.93159
47924,-69.27846
47925,-69.59617
47926,-69.88609
47927,-70.13429
47928,-70.30589
47929,-70.36523
47930,-70.27765
47931,-70.02087
47932,-69.64395
47933,-69.29285
47934,-69.117455
47935,-69.26296
47936,-69.855675
47937,-70.9132
47938,-72.30592
47939,-73.89773
47940,-75.559364
47941,-77.171326
47942,-78.671486
47943,-80.07554
47944,-81.40245
47945,-82.66763
47946,-83.87082
47947,-84.921036
47948,-85.60411
47949,-85.70105
47950,-84.998726
47951,-83.33363
47952,-80.82959
47953,-77.9994
47954,-75.370766
47955,-73.45267
47956,-72.691574
47957,-73.170555
47958,-74.47943
47959,-76.187
47960,-77.88474
47961,-79.16382
47962,-79.615524
47963,-78.83148
47964,-76.40385
47965,-71.92586
47966,-66.87162
47967,-64.45097
47968,-63.940964
47969,-64.85569
47970,-66.78698
47971,-69.32533
47972,-72.06022
47973,-74.58068
47974,-76.47581
47975,-77.33505
47976,-76.82486
47977,-75.05724
47978,-72.74715
47979,-70.63327
47980,-69.425156
47981,-69.74102
47982,-71.665764
47983,-74.55939
47984,-77.749794
47985,-80.59815
47986,-82.5278
47987,-83.32489
47988,-83.26692
47989,-82.65123
47990,-81.751686
47991,-80.83251
47992,-80.103264
47993,-79.699486
47994,-79.75379
47995,-80.402405
47996,-81.745865
47997,-83.676674
47998,-85.80514
47999,-87.729744
48000,-89.06243
48001,-89.467964
48002,-88.91772
48003,-87.79825
48004,-86.51243
48005,-85.44304
48006,-84.940125
48007,-85.16258
48008,-86.0106
48009,-87.37388
48010,-89.15447
48011,-91.254234
48012,-93.57504
48013,-96.018715
48014,-98.48713
48015,-100.88214
48016,-105.55137
48017,-118.68312
48018,-123.65514
48019,-121.83833
48020,-123.38154
48021,-123.43303
48022,-122.14076
48023,-119.65267
48024,-116.116684
48025,-111.68086
48026,-106.51809
48027,-105.945625
48028,-100.47576
48029,-90.62779
48030,-86.91126
48031,-84.77797
48032,-84.3445
48033,-85.27306
48034,-87.207634
48035,-89.8132
48036,-92.75222
48037,-95.67465
48038,-98.21387
48039,-100.00268
48040,-100.674904
48041,-99.93788
48042,-97.92485
48043,-95.345505
48044,-92.93146
48045,-91.38643
48046,-91.33354
48047,-92.92702
48048,-95.68526
48049,-99.10092
48050,-102.69654
48051,-106.028725
48052,-108.853745
48053,-111.198006
48054,-113.09858
48055,-114.57957
48056,-115.66517
48057,-116.380104
48058,-116.74999
48059,-116.80043
48060,-116.55701
48061,-116.045204
48062,-115.29067
48063,-114.318954
48064,-113.15558
48065,-111.82613
48066,-112.08453
48067,-114.961174
48068,-116.03926
48069,-116.3168
48070,-115.96722
48071,-115.163765
48072,-114.07971
48073,-112.88824
48074,-111.762634
48075,-110.87609
48076,-110.37792
48077,-110.27889
48078,-110.40194
48079,-110.562805
48080,-110.58623
48081,-110.33817
48082,-109.92462
48083,-109.77628
48084,-110.336296
48085,-112.03247
48086,-115.21038
48087,-119.73756
48088,-124.834045
48089,-129.69481
48090,-133.54614
48091,-135.71002
48092,-136.0621
48093,-135.22754
48094,-133.86015
48095,-132.57776
48096,-131.93346
48097,-132.10358
48098,-132.75433
48099,-133.53258
48100,-134.10948
48101,-134.20184
48102,-133.79019
48103,-133.21248
48104,-132.82031
48105,-132.94815
48106,-133.88159
48107,-135.62285
48108,-137.7903
48109,-139.98769
48110,-141.83725
48111,-142.96121
48112,-142.98177
48113,-141.52104
48114,-138.20099
48115,-137.64359
48116,-128.68489
48117,-130.40895
48118,-130.31357
48119,-129.80824
48120,-129.02551
48121,-128.09784
48122,-127.15774
48123,-126.33795
48124,-125.771454
48125,-125.591415
48126,-125.89773
48127,-126.59484
48128,-127.322815
48129,-127.7117
48130,-127.40451
48131,-126.10905
48132,-123.909676
48133,-121.40025
48134,-119.19418
48135,-117.8804
48136,-117.974304
48137,-119.56402
48138,-122.15902
48139,-125.24653
48140,-128.3414
48141,-131.00702
48142,-133.08778
48143,-134.80869
48144,-136.40913
48145,-138.1103
48146,-140.09937
48147,-142.36618
48148,-144.63377
48149,-146.61488
48150,-148.03505
48151,-148.6482
48152,-148.37312
48153,-147.35211
48154,-145.73602
48155,-143.66495
48156,-141.27884
48157,-138.7163
48158,-136.11421
48159,-133.60927
48160,-131.33829
48161,-129.43805
48162,-128.0452
48163,-127.296425
48164,-127.3284
48165,-128.27777
48166,-127.72129
48167,-123.72753
48168,-121.91777
48169,-121.08304
48170,-121.03476
48171,-121.58432
48172,-122.54308
48173,-123.72246
48174,-124.93387
48175,-125.98875
48176,-126.707535
48177,-126.96225
48178,-126.69494
48179,-125.85028
48180,-124.3697
48181,-122.22157
48182,-119.53133
48183,-116.63687
48184,-113.88423
48185,-111.60905
48186,-110.11872
48187,-109.55572
48188,-109.83951
48189,-110.880936
48190,-112.601555
48191,-114.91437
48192,-117.68238
48193,-120.70129
48194,-123.76402
48195,-126.666954
48196,-129.22884
48197,-131.39958
48198,-133.3063
48199,-135.08284
48200,-136.85464
48201,-138.72606
48202,-140.67976
48203,-142.53372
48204,-144.09955
48205,-145.19681
48206,-145.67413
48207,-145.54936
48208,-145.06944
48209,-144.4901
48210,-144.05615
48211,-144.01236
48212,-144.60355
48213,-146.07443
48214,-148.66963
48215,-152.63371
48216,-153.27942
48217,-151.69394
48218,-143.44312
48219,-141.4335
48220,-140.4431
48221,-140.25012
48222,-140.63281
48223,-141.36958
48224,-142.23875
48225,-143.01874
48226,-143.5154
48227,-143.69386
48228,-143.73499
48229,-143.82799
48230,-144.15164
48231,-144.85681
48232,-145.93163
48233,-147.14423
48234,-148.25415
48235,-149.0316
48236,-149.27344
48237,-148.9313
48238,-148.16667
48239,-147.14906
48240,-146.03793
48241,-144.98137
48242,-144.0609
48243,-143.26791
48244,-142.59033
48245,-142.02042
48246,-141.55661
48247,-141.2335
48248,-141.13454
48249,-141.34503
48250,-141.948
48251,-143.00175
48252,-144.42152
48253,-145.92876
48254,-147.23753
48255,-148.07123
48256,-148.1917
48257,-147.58473
48258,-146.53929
48259,-145.35596
48260,-144.32098
48261,-143.7205
48262,-143.84067
48263,-144.96756
48264,-147.38724
48265,-151.38557
48266,-162.37022
48267,-168.7708
48268,-167.09482
48269,-168.48972
48270,-168.30899
48271,-166.90627
48272,-164.63562
48273,-161.85141
48274,-158.90804
48275,-156.16006
48276,-153.92873
48277,-152.34074
48278,-151.2598
48279,-150.53935
48280,-150.04546
48281,-149.66774
48282,-149.43295
48283,-149.55345
48284,-150.2486
48285,-151.72897
48286,-154.15222
48287,-157.36913
48288,-160.81526
48289,-163.91037
48290,-166.09418
48291,-166.88559
48292,-166.26405
48293,-164.83304
48294,-163.22086
48295,-162.02606
48296,-161.77563
48297,-162.57916
48298,-163.98149
48299,-165.50537
48300,-166.70079
48301,-167.17703
48302,-166.88791
48303,-166.25403
48304,-165.71442
48305,-165.68588
48306,-166.5308
48307,-168.29582
48308,-170.60002
48309,-173.04588
48310,-175.25648
48311,-176.85483
48312,-177.46396
48313,-176.70663
48314,-174.20532
48315,-169.58203
48316,-164.52554
48317,-162.21306
48318,-161.18631
48319,-161.26491
48320,-162.17972
48321,-163.66168
48322,-165.44194
48323,-167.25172
48324,-168.82224
48325,-169.8848
48326,-170.2096
48327,-169.79378
48328,-168.94193
48329,-167.97072
48330,-167.18237
48331,-166.84076
48332,-166.98727
48333,-167.36197
48334,-167.69312
48335,-167.7234
48336,-167.23096
48337,-166.20035
48338,-164.89577
48339,-163.59238
48340,-162.55211
48341,-162.00977
48342,-162.04248
48343,-162.51393
48344,-163.27959
48345,-164.20506
48346,-165.1561
48347,-165.9988
48348,-166.59941
48349,-166.82439
48350,-166.54002
48351,-165.65048
48352,-164.27975
48353,-162.84961
48354,-161.7937
48355,-161.5313
48356,-162.4253
48357,-164.51036
48358,-167.37712
48359,-170.59901
48360,-173.77097
48361,-176.48795
48362,-178.34499
48363,-178.93686
48364,-177.85812
48365,-174.70282
48366,-170.23457
48367,-166.68806
48368,-164.27437
48369,-162.71321
48370,-161.87631
48371,-161.63545
48372,-161.86261
48373,-162.42964
48374,-163.20851
48375,-164.07121
48376,-164.88943
48377,-165.53314
48378,-165.87
48379,-165.76753
48380,-165.09337
48381,-163.74892
48382,-161.83228
48383,-159.7081
48384,-157.75163
48385,-156.32536
48386,-155.74628
48387,-156.06766
48388,-156.98557
48389,-158.18231
48390,-159.35736
48391,-160.24808
48392,-160.81226
48393,-161.30595
48394,-161.99683
48395,-163.13837
48396,-164.94241
48397,-167.37985
48398,-170.09514
48399,-172.72021
48400,-174.90266
48401,-176.33003
48402,-176.92242
48403,-176.91495
48404,-176.55519
48405,-176.0759
48406,-175.68877
48407,-175.48366
48408,-175.38521
48409,-175.31148
48410,-175.1884
48411,-174.94188
48412,-174.49786
48413,-173.78224
48414,-172.72092
48415,-171.2398
48416,-169.26604
48417,-167.31621
48418,-166.36272
48419,-166.05638
48420,-166.27602
48421,-166.90053
48422,-167.80884
48423,-168.87988
48424,-169.99268
48425,-171.02621
48426,-171.87036
48427,-172.47829
48428,-172.88904
48429,-173.14488
48430,-173.28412
48431,-173.34436
48432,-173.3592
48433,-173.357
48434,-173.36584
48435,-173.41412
48436,-173.53136
48437,-173.75372
48438,-174.12665
48439,-174.69576
48440,-175.50632
48441,-176.59026
48442,-177.90233
48443,-179.29263
48444,-180.60716
48445,-181.69688
48446,-182.44371
48447,-182.90913
48448,-183.39832
48449,-184.22597
48450,-185.69536
48451,-188.05196
48452,-191.20653
48453,-194.61644
48454,-197.72125
48455,-199.98206
48456,-200.91762
48457,-200.38205
48458,-198.6846
48459,-196.15347
48460,-193.0957
48461,-189.81859
48462,-186.62949
48463,-183.8358
48464,-181.74484
48465,-180.66382
48466,-179.66151
48467,-177.28603
48468,-175.10527
48469,-173.00876
48470,-171.09921
48471,-169.47945
48472,-168.2521
48473,-167.5198
48474,-167.3842
48475,-167.94498
48476,-169.2625
48477,-171.1803
48478,-173.24928
48479,-175.00948
48480,-176.01561
48481,-175.87737
48482,-174.52017
48483,-172.29712
48484,-169.57935
48485,-166.71884
48486,-164.0422
48487,-161.72519
48488,-159.7386
48489,-158.04562
48490,-156.61952
48491,-155.42717
48492,-154.39577
48493,-153.39893
48494,-152.30829
48495,-150.99779
48496,-149.3694
48497,-147.4909
48498,-145.65512
48499,-144.16356
48500,-143.30682
48501,-143.32741
48502,-144.18776
48503,-145.47105
48504,-146.7461
48505,-147.60016
48506,-147.66508
48507,-146.83116
48508,-145.33862
48509,-143.44122
48510,-141.37605
48511,-139.38014
48512,-137.69046
48513,-136.54398
48514,-136.17747
48515,-136.8277
48516,-140.49644
48517,-152.17146
48518,-150.23335
48519,-151.36082
48520,-150.91197
48521,-149.24487
48522,-146.71767
48523,-143.68869
48524,-140.51614
48525,-137.55821
48526,-135.1362
48527,-133.35754
48528,-132.04033
48529,-130.9914
48530,-130.03157
48531,-129.01389
48532,-127.98003
48533,-127.226845
48534,-127.06088
48535,-127.776405
48536,-129.60481
48537,-132.413
48538,-135.57426
48539,-138.44313
48540,-140.39787
48541,-140.89546
48542,-139.85106
48543,-137.79994
48544,-135.30118
48545,-132.88434
48546,-131.02374
48547,-129.8741
48548,-129.15709
48549,-128.57796
48550,-127.86264
48551,-126.78414
48552,-125.388794
48553,-124.09281
48554,-123.32662
48555,-123.50285
48556,-124.97383
48557,-127.74188
48558,-131.33507
48559,-135.26341
48560,-139.0597
48561,-142.25685
48562,-144.38786
48563,-144.98575
48564,-143.58328
48565,-139.71295
48566,-135.39809
48567,-134.19026
48568,-133.88988
48569,-134.50089
48570,-135.80289
48571,-137.57547
48572,-139.5983
48573,-141.65108
48574,-143.51344
48575,-144.96513
48576,-145.8134
48577,-146.02487
48578,-145.7823
48579,-145.27669
48580,-144.68872
48581,-144.1869
48582,-143.86853
48583,-143.73457
48584,-143.78238
48585,-144.01375
48586,-144.42343
48587,-144.9637
48588,-145.52966
48589,-146.01416
48590,-146.31291
48591,-146.33441
48592,-146.06245
48593,-145.58258
48594,-144.9842
48595,-144.35197
48596,-143.77498
48597,-143.36906
48598,-143.28595
48599,-143.67874
48600,-144.69887
48601,-146.46475
48602,-148.90355
48603,-151.68362
48604,-154.46333
48605,-156.91364
48606,-158.7393
48607,-159.84181
48608,-160.38885
48609,-160.55844
48610,-160.51596
48611,-160.42677
48612,-160.45625
48613,-160.76979
48614,-161.53271
48615,-162.91006
48616,-165.80753
48617,-169.71912
48618,-170.94868
48619,-170.59938
48620,-168.99275
48621,-166.45096
48622,-163.2967
48623,-159.85329
48624,-156.44446
48625,-153.39429
48626,-150.99358
48627,-149.33871
48628,-148.26271
48629,-147.58856
48630,-147.15207
48631,-146.80598
48632,-146.50072
48633,-146.31876
48634,-146.3477
48635,-146.6689
48636,-147.3489
48637,-148.36803
48638,-149.58997
48639,-150.87384
48640,-152.08452
48641,-153.0825
48642,-153.70422
48643,-153.7533
48644,-153.03206
48645,-151.34427
48646,-148.55229
48647,-144.85992
48648,-140.93336
48649,-137.4569
48650,-135.09236
48651,-134.41028
48652,-135.45137
48653,-137.53922
48654,-139.97014
48655,-142.07483
48656,-143.25072
48657,-143.28206
48658,-142.47713
48659,-141.16417
48660,-139.64638
48661,-138.22696
48662,-137.20901
48663,-136.89572
48664,-137.59009
48665,-139.59511
48666,-140.55534
48667,-138.17194
48668,-137.5678
48669,-137.67078
48670,-138.31638
48671,-139.34021
48672,-140.5778
48673,-141.86479
48674,-143.03667
48675,-143.92906
48676,-144.40013
48677,-144.4397
48678,-144.2158
48679,-143.90338
48680,-143.66869
48681,-143.65582
48682,-143.87901
48683,-144.1769
48684,-144.38133
48685,-144.33267
48686,-143.88481
48687,-142.97075
48688,-141.6306
48689,-139.90869
48690,-137.84409
48691,-135.49771
48692,-133.05688
48693,-130.8802
48694,-129.33273
48695,-128.77135
48696,-129.49896
48697,-131.50594
48698,-134.35912
48699,-137.60916
48700,-140.82712
48701,-143.62799
48702,-145.88107
48703,-147.8001
48704,-149.61197
48705,-151.527
48706,-153.72949
48707,-156.25243
48708,-158.92398
48709,-161.56442
48710,-164.00397
48711,-166.07274
48712,-167.60089
48713,-168.41856
48714,-168.35577
48715,-167.2425
48716,-164.38199
48717,-159.86336
48718,-156.01541
48719,-152.49522
48720,-149.37791
48721,-146.73868
48722,-144.65263
48723,-143.1949
48724,-142.44063
48725,-142.46492
48726,-143.31143
48727,-144.84088
48728,-146.66637
48729,-148.39159
48730,-149.63211
48731,-150.0514
48732,-149.59122
48733,-148.56984
48734,-147.32039
48735,-146.15782
48736,-145.37321
48737,-145.1184
48738,-145.3566
48739,-146.0438
48740,-147.14507
48741,-148.61203
48742,-150.31842
48743,-152.03256
48744,-153.5187
48745,-154.54622
48746,-154.91446
48747,-154.59775
48748,-153.80707
48749,-152.76237
48750,-151.67201
48751,-150.73154
48752,-150.06296
48753,-149.68869
48754,-149.62747
48755,-149.9029
48756,-150.52385
48757,-151.41342
48758,-152.37845
48759,-153.22142
48760,-153.7504
48761,-153.7737
48762,-153.09952
48763,-151.53616
48764,-148.89189
48765,-144.97498
48766,-142.62991
48767,-144.88184
48768,-146.32086
48769,-147.79529
48770,-149.26796
48771,-150.70177
48772,-152.05957
48773,-153.30415
48774,-154.39845
48775,-155.30524
48776,-155.98688
48777,-156.40305
48778,-156.50975
48779,-156.26291
48780,-155.6185
48781,-154.55508
48782,-153.1821
48783,-151.78632
48784,-150.6614
48785,-150.09259
48786,-150.31375
48787,-151.26138
48788,-152.46938
48789,-153.4562
48790,-153.75955
48791,-152.98276
48792,-151.11053
48793,-148.64429
48794,-146.10573
48795,-143.99173
48796,-142.73326
48797,-142.37825
48798,-142.45592
48799,-142.47565
48800,-141.97174
48801,-140.54822
48802,-138.21454
48803,-135.52933
48804,-133.07224
48805,-131.39664
48806,-130.99869
48807,-132.04257
48808,-134.2432
48809,-137.29825
48810,-140.92702
48811,-144.84875
48812,-148.78282
48813,-152.4487
48814,-155.56584
48815,-157.8538
48816,-159.91295
48817,-162.50058
48818,-164.14232
48819,-165.18558
48820,-165.71175
48821,-165.80219
48822,-165.53828
48823,-165.00145
48824,-164.27309
48825,-163.43466
48826,-162.56892
48827,-161.76619
48828,-161.12712
48829,-160.75278
48830,-160.74362
48831,-161.18593
48832,-162.08278
48833,-163.32481
48834,-164.79832
48835,-166.39496
48836,-168.00237
48837,-169.48477
48838,-170.67464
48839,-171.40318
48840,-171.50311
48841,-170.83606
48842,-169.43198
48843,-167.54906
48844,-165.45459
48845,-163.40504
48846,-161.63652
48847,-160.26642
48848,-159.25122
48849,-158.5412
48850,-158.0943
48851,-157.86668
48852,-157.80428
48853,-157.83914
48854,-157.90279
48855,-157.92744
48856,-157.85487
48857,-157.68274
48858,-157.48434
48859,-157.33589
48860,-157.30992
48861,-157.47911
48862,-157.91602
48863,-158.69324
48864,-159.88333
48865,-161.55885
48866,-162.64026
48867,-162.12325
48868,-162.28548
48869,-162.65256
48870,-163.15263
48871,-163.71385
48872,-164.2643
48873,-164.73216
48874,-165.04552
48875,-165.13255
48876,-164.93663
48877,-164.48955
48878,-163.94316
48879,-163.4539
48880,-163.17255
48881,-163.22789
48882,-163.62094
48883,-164.17982
48884,-164.72586
48885,-165.08861
48886,-165.12102
48887,-164.81108
48888,-164.33002
48889,-163.85622
48890,-163.55934
48891,-163.59401
48892,-164.0276
48893,-164.80925
48894,-165.88353
48895,-167.20064
48896,-168.70941
48897,-170.35088
48898,-172.05536
48899,-173.7528
48900,-175.37363
48901,-176.8543
48902,-178.16594
48903,-179.32677
48904,-180.35678
48905,-181.2738
48906,-182.08714
48907,-182.75679
48908,-183.1759
48909,-183.23491
48910,-182.82747
48911,-181.84709
48912,-180.18738
48913,-177.74179
48914,-174.40376
48915,-170.06668
48916,-166.56497
48917,-166.15141
48918,-165.87042
48919,-165.99805
48920,-166.38217
48921,-166.87067
48922,-167.3115
48923,-167.55255
48924,-167.44179
48925,-166.82709
48926,-165.59628
48927,-163.86954
48928,-162.08179
48929,-160.68045
48930,-160.09787
48931,-160.69017
48932,-162.37077
48933,-164.45396
48934,-166.23103
48935,-167.0219
48936,-166.23485
48937,-163.79193
48938,-160.31166
48939,-156.44041
48940,-152.79158
48941,-149.93727
48942,-148.20947
48943,-147.61519
48944,-148.14868
48945,-149.81989
48946,-152.60555
48947,-156.28989
48948,-160.39659
48949,-164.43951
48950,-167.9452
48951,-170.48538
48952,-171.89407
48953,-172.36043
48954,-172.08759
48955,-171.26176
48956,-170.0674
48957,-168.67805
48958,-167.2526
48959,-165.94922
48960,-164.92691
48961,-164.34454
48962,-164.36102
48963,-165.13522
48964,-166.8259
48965,-169.59174
48966,-171.03174
48967,-169.02684
48968,-168.82076
48969,-169.25427
48970,-170.11195
48971,-171.17845
48972,-172.23848
48973,-173.07681
48974,-173.47815
48975,-173.22717
48976,-172.15349
48977,-170.34816
48978,-168.2566
48979,-166.33844
48980,-165.03651
48981,-164.72897
48982,-165.41904
48983,-166.60219
48984,-167.75421
48985,-168.37515
48986,-168.03644
48987,-166.72372
48988,-164.98409
48989,-163.38696
48990,-162.47504
48991,-162.72952
48992,-164.27501
48993,-166.75307
48994,-169.7867
48995,-173.02208
48996,-176.13689
48997,-178.99074
48998,-181.6897
48999,-184.34943
49000,-187.07387
49001,-189.93932
49002,-192.8612
49003,-195.53719
49004,-197.65622
49005,-198.91756
49006,-199.06981
49007,-198.1501
49008,-196.58687
49009,-194.82494
49010,-193.29082
49011,-192.41112
49012,-192.61224
49013,-194.32037
49014,-197.96109
49015,-208.95935
49016,-208.02719
49017,-205.45044
49018,-204.36723
49019,-203.3349
49020,-202.25517
49021,-201.0298
49022,-199.56053
49023,-197.74916
49024,-195.49731
49025,-192.70677
49026,-189.34409
49027,-185.75378
49028,-182.7929
49029,-181.33948
49030,-182.24667
49031,-186.1975
49032,-197.89174
49033,-205.70001
49034,-212.94272
49035,-218.005
49036,-214.46393
49037,-212.01596
49038,-206.87933
49039,-205.3391
49040,-198.6118
49041,-192.8134
49042,-183.46867
49043,-180.29953
49044,-177.9948
49045,-176.28131
49046,-174.90755
49047,-173.74554
49048,-172.83499
49049,-172.22215
49050,-171.94542
49051,-172.0289
49052,-172.4141
49053,-172.93044
49054,-173.40317
49055,-173.66272
49056,-173.57295
49057,-173.19208
49058,-172.84138
49059,-172.85226
49060,-173.5424
49061,-175.2283
49062,-178.22577
49063,-182.85008
49064,-194.41635
49065,-203.23927
49066,-201.7825
49067,-198.25523
49068,-188.6368
49069,-185.05652
49070,-182.36624
49071,-180.41826
49072,-179.06544
49073,-178.161
49074,-177.55847
49075,-177.11166
49076,-176.68805
49077,-176.23358
49078,-175.80072
49079,-175.44612
49080,-175.22148
49081,-175.1693
49082,-175.27933
49083,-175.4695
49084,-175.655
49085,-175.75429
49086,-175.69188
49087,-175.42728
49088,-174.96738
49089,-174.32094
49090,-173.49437
49091,-172.49973
49092,-171.38179
49093,-170.22993
49094,-169.1351
49095,-168.18623
49096,-167.45842
49097,-166.94777
49098,-166.5433
49099,-166.12982
49100,-165.59706
49101,-164.85146
49102,-163.896
49103,-162.86472
49104,-161.89673
49105,-161.12483
49106,-160.66837
49107,-160.5689
49108,-160.76254
49109,-161.18135
49110,-161.76233
49111,-162.44246
49112,-163.1587
49113,-163.84805
49114,-164.44739
49115,-164.8936
49116,-165.46844
49117,-165.91847
49118,-164.74709
49119,-162.68425
49120,-160.08856
49121,-157.3187
49122,-154.73352
49123,-152.69177
49124,-151.55219
49125,-151.67337
49126,-153.34856
49127,-156.4924
49128,-160.50723
49129,-164.77577
49130,-168.70567
49131,-171.76268
49132,-173.74901
49133,-174.9224
49134,-175.55853
49135,-175.91138
49136,-176.20741
49137,-176.51299
49138,-176.67737
49139,-176.54128
49140,-175.95567
49141,-174.80371
49142,-173.15569
49143,-171.33537
49144,-169.67688
49145,-168.5021
49146,-168.08592
49147,-168.42952
49148,-169.16345
49149,-169.9038
49150,-170.28435
49151,-169.98746
49152,-168.97667
49153,-167.59686
49154,-166.20808
49155,-165.15224
49156,-164.73819
49157,-165.0826
49158,-166.04196
49159,-167.46255
49160,-169.20322
49161,-171.12276
49162,-173.08003
49163,-174.93398
49164,-176.54341
49165,-177.7673
49166,-176.73656
49167,-173.01498
49168,-172.13329
49169,-172.54753
49170,-173.82219
49171,-175.52208
49172,-177.21231
49173,-178.45811
49174,-178.82462
49175,-177.87682
49176,-175.26625
49177,-171.14899
49178,-166.36578
49179,-161.78546
49180,-158.24428
49181,-156.46674
49182,-156.52892
49183,-157.62924
49184,-158.93248
49185,-159.64555
49186,-159.07437
49187,-157.09921
49188,-154.37865
49189,-151.60176
49190,-149.42073
49191,-148.40807
49192,-148.67441
49193,-149.70503
49194,-150.96129
49195,-151.93451
49196,-152.17741
49197,-151.5986
49198,-150.58861
49199,-149.55667
49200,-148.88908
49201,-148.93767
49202,-149.8553
49203,-151.52502
49204,-153.81966
49205,-156.62482
49206,-159.81776
49207,-163.22614
49208,-166.61063
49209,-169.72931
49210,-172.3436
49211,-174.21477
49212,-175.10408
49213,-174.7726
49214,-172.98123
49215,-169.49062
49216,-167.45338
49217,-169.98712
49218,-170.69957
49219,-170.90623
49220,-170.80629
49221,-170.59903
49222,-170.48372
49223,-170.65965
49224,-171.32614
49225,-172.68239
49226,-174.8851
49227,-177.84431
49228,-181.13596
49229,-184.32303
49230,-186.98468
49231,-188.73964
49232,-189.43777
49233,-189.24213
49234,-188.3283
49235,-186.85721
49236,-184.98085
49237,-182.79906
49238,-180.3408
49239,-177.6322
49240,-174.70271
49241,-171.60547
49242,-168.53067
49243,-165.85449
49244,-163.9604
49245,-163.22296
49246,-163.95316
49247,-166.09384
49248,-169.08955
49249,-172.36577
49250,-175.372
49251,-177.61353
49252,-178.91939
49253,-179.55688
49254,-179.81079
49255,-179.94492
49256,-180.201
49257,-180.69063
49258,-181.34929
49259,-182.10555
49260,-182.8962
49261,-183.65817
49262,-184.3283
49263,-184.84348
49264,-185.1406
49265,-185.15646
49266,-185.35757
49267,-185.78804
49268,-184.7802
49269,-182.98332
49270,-180.67557
49271,-178.13521
49272,-175.64062
49273,-173.47021
49274,-171.90239
49275,-171.2154
49276,-171.63583
49277,-173.0906
49278,-175.10101
49279,-177.17236
49280,-178.82968
49281,-179.64996
49282,-179.51291
49283,-178.7085
49284,-177.54315
49285,-176.30388
49286,-175.26463
49287,-174.6231
49288,-174.47351
49289,-174.90605
49290,-176.01567
49291,-177.86478
49292,-180.32623
49293,-183.01637
49294,-185.54158
49295,-187.52045
49296,-188.61366
49297,-188.72652
49298,-188.09593
49299,-186.9724
49300,-185.59068
49301,-184.1759
49302,-182.8963
49303,-181.84305
49304,-181.10416
49305,-180.77121
49306,-180.91312
49307,-181.46678
49308,-182.19025
49309,-182.83447
49310,-183.15894
49311,-182.92305
49312,-181.88623
49313,-179.80768
49314,-176.44649
49315,-171.56155
49316,-170.09166
49317,-164.04697
49318,-156.4729
49319,-156.02148
49320,-157.11865
49321,-159.19115
49322,-161.66615
49323,-163.97101
49324,-165.53328
49325,-165.78041
49326,-164.25017
49327,-161.12357
49328,-157.4535
49329,-154.32777
49330,-152.79251
49331,-153.74991
49332,-157.26764
49333,-162.28407
49334,-172.6948
49335,-172.45033
49336,-175.612
49337,-176.88281
49338,-176.83473
49339,-176.07408
49340,-175.16618
49341,-174.631
49342,-174.72345
49343,-175.33928
49344,-176.35995
49345,-177.68402
49346,-179.20508
49347,-180.78711
49348,-182.25409
49349,-183.42839
49350,-184.13431
49351,-184.23613
49352,-183.83133
49353,-183.33339
49354,-183.16855
49355,-183.74802
49356,-185.41774
49357,-188.14433
49358,-191.38112
49359,-194.56117
49360,-197.14215
49361,-198.5816
49362,-198.33676
49363,-195.86418
49364,-190.61942
49365,-187.05702
49366,-180.81973
49367,-178.58974
49368,-180.38158
49369,-182.51111
49370,-184.7488
49371,-186.86516
49372,-188.6307
49373,-189.81593
49374,-190.19125
49375,-189.52693
49376,-187.65115
49377,-184.72922
49378,-181.38422
49379,-178.25813
49380,-175.97144
49381,-175.06845
49382,-175.65215
49383,-177.22792
49384,-179.27766
49385,-181.31197
49386,-182.88834
49387,-183.83571
49388,-184.35072
49389,-184.644
49390,-184.90733
49391,-185.30426
49392,-185.84178
49393,-186.31537
49394,-186.5124
49395,-186.23073
49396,-185.29268
49397,-183.65999
49398,-181.48312
49399,-178.92088
49400,-176.1238
49401,-173.24641
49402,-170.46341
49403,-167.97647
49404,-165.98866
49405,-164.70203
49406,-164.28532
49407,-164.71402
49408,-165.70157
49409,-166.95128
49410,-168.17918
49411,-169.1013
49412,-169.43369
49413,-168.89223
49414,-167.19272
49415,-164.05061
49416,-161.21295
49417,-160.74593
49418,-159.37248
49419,-157.82727
49420,-156.27481
49421,-154.87956
49422,-153.80582
49423,-153.21783
49424,-153.27971
49425,-154.1554
49426,-155.95645
49427,-158.49072
49428,-161.15514
49429,-163.33069
49430,-164.4181
49431,-163.90517
49432,-161.78755
49433,-158.74904
49434,-155.50084
49435,-152.72137
49436,-151.04413
49437,-150.84096
49438,-152.12975
49439,-154.91467
49440,-159.21658
49441,-169.98717
49442,-176.77666
49443,-183.59245
49444,-189.42184
49445,-188.27834
49446,-189.31259
49447,-187.47661
49448,-183.80981
49449,-179.39719
49450,-175.2733
49451,-172.36717
49452,-170.991
49453,-170.62167
49454,-170.70285
49455,-170.71826
49456,-170.1998
49457,-168.95833
49458,-167.18285
49459,-165.07727
49460,-162.82762
49461,-160.61984
49462,-158.63994
49463,-157.07394
49464,-156.10779
49465,-155.92734
49466,-156.35701
49467,-156.59059
49468,-156.31302
49469,-155.76315
49470,-155.06271
49471,-154.33356
49472,-153.69745
49473,-153.2762
49474,-153.1917
49475,-153.56564
49476,-154.48787
49477,-155.86179
49478,-157.33868
49479,-158.56012
49480,-159.17986
49481,-158.89726
49482,-157.67809
49483,-155.84859
49484,-153.74928
49485,-151.70346
49486,-150.00284
49487,-148.75499
49488,-147.81816
49489,-147.041
49490,-146.28415
49491,-145.43019
49492,-144.48964
49493,-143.64609
49494,-143.08983
49495,-143.0029
49496,-143.549
49497,-144.78629
49498,-146.62985
49499,-148.98926
49500,-151.78098
49501,-154.9007
49502,-158.12375
49503,-161.06226
49504,-163.32217
49505,-164.51723
49506,-164.31721
49507,-162.71844
49508,-160.1598
49509,-157.09778
49510,-153.96794
49511,-151.20593
49512,-149.24734
49513,-148.52759
49514,-149.482
49515,-152.54555
49516,-155.04536
49517,-153.67892
49518,-153.3187
49519,-153.23604
49520,-153.47542
49521,-154.08144
49522,-155.09854
49523,-156.5713
49524,-158.54419
49525,-161.06174
49526,-164.13966
49527,-167.62703
49528,-171.14705
49529,-174.31442
49530,-176.7546
49531,-178.1431
49532,-178.44623
49533,-178.02469
49534,-177.25482
49535,-176.49445
49536,-176.05716
49537,-175.99918
49538,-176.02812
49539,-175.83772
49540,-175.13823
49541,-173.69916
49542,-171.63412
49543,-169.52327
49544,-167.96547
49545,-167.53728
49546,-168.72092
49547,-171.45149
49548,-174.92357
49549,-178.30333
49550,-180.7925
49551,-181.69476
49552,-180.90593
49553,-179.1246
49554,-177.08194
49555,-175.47139
49556,-174.91107
49557,-175.58151
49558,-177.07034
49559,-178.94183
49560,-180.7887
49561,-182.2037
49562,-182.77963
49563,-182.10905
49564,-179.78424
49565,-175.39699
49566,-173.15895
49567,-177.43008
49568,-179.73099
49569,-181.56874
49570,-183.02211
49571,-184.1699
49572,-185.09084
49573,-185.8638
49574,-186.56757
49575,-187.28096
49576,-188.06949
49577,-188.92104
49578,-189.71834
49579,-190.3399
49580,-190.66927
49581,-190.59859
49582,-190.07082
49583,-189.09772
49584,-187.6938
49585,-185.87044
49586,-183.65308
49587,-181.14989
49588,-178.58119
49589,-176.1718
49590,-174.14117
49591,-172.68956
49592,-171.90474
49593,-171.72241
49594,-172.0722
49595,-172.89107
49596,-174.11964
49597,-175.72041
49598,-177.68532
49599,-180.00743
49600,-182.6785
49601,-185.66641
49602,-188.8009
49603,-191.72447
49604,-194.07234
49605,-195.48842
49606,-195.6619
49607,-194.54546
49608,-192.44942
49609,-189.69897
49610,-186.6027
49611,-183.4693
49612,-180.60753
49613,-178.32611
49614,-176.93364
49615,-176.7386
49616,-177.96106
49617,-181.5029
49618,-193.52808
49619,-202.5379
49620,-212.52132
49621,-222.46904
49622,-231.3732
49623,-238.22601
49624,-237.01848
49625,-236.73883
49626,-231.58467
49627,-226.99283
49628,-215.0919
49629,-203.09393
49630,-193.1355
49631,-187.09915
49632,-180.39935
49633,-181.46428
49634,-183.64357
49635,-185.38388
49636,-185.29622
49637,-182.94147
49638,-179.1684
49639,-174.87859
49640,-170.91313
49641,-168.03261
49642,-166.5282
49643,-166.05524
49644,-166.24387
49645,-166.75487
49646,-167.28165
49647,-167.70734
49648,-168.1717
49649,-168.82474
49650,-169.80397
49651,-171.21555
49652,-172.98187
49653,-174.77695
49654,-176.26505
49655,-177.12227
49656,-177.07246
49657,-176.11766
49658,-174.6368
49659,-173.02394
49660,-171.65546
49661,-170.90761
49662,-171.15657
49663,-172.77832
49664,-176.14854
49665,-186.64252
49666,-183.00407
49667,-180.15121
49668,-172.46309
49669,-171.79707
49670,-172.6061
49671,-174.34392
49672,-176.4648
49673,-178.42339
49674,-179.67441
49675,-179.67241
49676,-177.96756
49677,-174.6667
49678,-170.63219
49679,-166.75725
49680,-163.89943
49681,-162.8161
49682,-163.68317
49683,-165.88966
49684,-168.79433
49685,-171.79362
49686,-174.33362
49687,-176.14526
49688,-177.34573
49689,-178.06721
49690,-178.42357
49691,-178.52664
49692,-178.4764
49693,-178.35683
49694,-178.2512
49695,-178.24368
49696,-178.39891
49697,-178.66888
49698,-178.85295
49699,-178.74425
49700,-178.14326
49701,-176.88394
49702,-174.99477
49703,-172.76712
49704,-170.49994
49705,-168.47621
49706,-166.94354
49707,-165.95886
49708,-165.32266
49709,-164.82634
49710,-164.27518
49711,-163.47633
49712,-162.23907
49713,-160.37462
49714,-157.6958
49715,-154.0173
49716,-149.6056
49717,-146.08585
49718,-144.8161
49719,-144.99815
49720,-146.24084
49721,-148.15366
49722,-150.3465
49723,-152.42976
49724,-154.01399
49725,-154.70976
49726,-154.1938
49727,-152.52731
49728,-150.29265
49729,-148.09229
49730,-146.50366
49731,-146.03426
49732,-146.78648
49733,-148.31454
49734,-150.1513
49735,-151.85582
49736,-153.00644
49737,-153.29561
49738,-152.57011
49739,-150.68234
49740,-147.47696
49741,-142.87001
49742,-142.19409
49743,-136.34604
49744,-131.24426
49745,-122.77931
49746,-121.70502
49747,-122.98376
49748,-125.50655
49749,-128.12306
49750,-129.73425
49751,-129.38565
49752,-126.96347
49753,-123.49213
49754,-120.03939
49755,-117.61815
49756,-117.12467
49757,-118.77883
49758,-121.8848
49759,-125.71142
49760,-129.57114
49761,-132.77657
49762,-134.64029
49763,-134.47498
49764,-131.59305
49765,-130.30676
49766,-120.80836
49767,-123.99944
49768,-124.93308
49769,-125.33471
49770,-125.27854
49771,-124.83887
49772,-124.089905
49773,-123.10562
49774,-121.95974
49775,-120.725464
49776,-119.46902
49777,-118.21673
49778,-116.94103
49779,-115.612526
49780,-114.204544
49781,-112.69935
49782,-111.13002
49783,-109.59841
49784,-108.20909
49785,-107.06353
49786,-106.24994
49787,-105.778656
49788,-105.55467
49789,-105.47893
49790,-105.457504
49791,-105.4083
49792,-105.31776
49793,-105.2651
49794,-105.33308
49795,-105.60013
49796,-106.1344
49797,-106.94417
49798,-107.95674
49799,-109.09627
49800,-110.29075
49801,-111.46934
49802,-112.56765
49803,-113.53002
49804,-114.30116
49805,-114.82535
49806,-115.05931
49807,-115.0321
49808,-114.87086
49809,-114.70633
49810,-114.664665
49811,-114.871925
49812,-115.45422
49813,-116.537605
49814,-118.24826
49815,-120.7122
49816,-123.30423
49817,-124.289505
49818,-123.30316
49819,-121.02855
49820,-117.910576
49821,-114.39424
49822,-110.92438
49823,-107.94567
49824,-105.902794
49825,-105.24038
49826,-106.316124
49827,-108.98089
49828,-112.3975
49829,-115.69963
49830,-118.05238
49831,-118.740974
49832,-117.748276
49833,-116.00181
49834,-114.46602
49835,-114.06116
49836,-115.5781
49837,-119.05061
49838,-123.48643
49839,-127.854324
49840,-131.17314
49841,-132.56749
49842,-131.77168
49843,-129.34486
49844,-125.87816
49845,-121.92334
49846,-118.00203
49847,-114.4595
49848,-111.40213
49849,-108.92722
49850,-107.14363
49851,-106.14234
49852,-105.91113
49853,-106.29779
49854,-107.14464
49855,-108.30056
49856,-109.62385
49857,-111.02861
49858,-112.50464
49859,-114.04448
49860,-115.6369
49861,-117.2706
49862,-118.934006
49863,-120.61552
49864,-122.30328
49865,-123.98546
49866,-123.63283
49867,-119.93283
49868,-117.857735
49869,-116.39768
49870,-115.446014
49871,-114.89594
49872,-114.6406
49873,-114.57299
49874,-114.58604
49875,-114.57258
49876,-114.43919
49877,-114.17281
49878,-113.86902
49879,-113.62755
49880,-113.54284
49881,-113.69183
49882,-114.04922
49883,-114.451614
49884,-114.730255
49885,-114.72298
49886,-114.27852
49887,-113.30904
49888,-111.81262
49889,-109.790596
49890,-107.240234
49891,-104.192856
49892,-100.87779
49893,-97.79224
49894,-95.44356
49895,-94.32619
49896,-94.84957
49897,-96.926765
49898,-99.79773
49899,-102.67518
49900,-104.80364
49901,-105.52839
49902,-104.778786
49903,-103.27473
49904,-101.76648
49905,-100.96619
49906,-101.49916
49907,-103.48584
49908,-106.36252
49909,-109.53843
49910,-112.45536
49911,-114.555176
49912,-115.28001
49913,-114.07208
49914,-110.37399
49915,-108.62903
49916,-103.56849
49917,-100.96857
49918,-102.58688
49919,-104.57867
49920,-106.81291
49921,-109.15867
49922,-111.48491
49923,-113.66071
49924,-115.55512
49925,-117.03726
49926,-117.989685
49927,-118.372955
49928,-118.25332
49929,-117.701004
49930,-116.781204
49931,-115.56939
49932,-114.200615
49933,-112.89063
49934,-111.85825
49935,-111.31849
49936,-111.452545
49937,-112.24511
49938,-113.41498
49939,-114.670616
49940,-115.73322
49941,-116.35927
49942,-116.51009
49943,-116.424446
49944,-116.35164
49945,-116.52775
49946,-117.158554
49947,-118.27401
49948,-119.66609
49949,-121.11758
49950,-122.42265
49951,-123.397354
49952,-123.98407
49953,-124.29653
49954,-124.45492
49955,-124.57117
49956,-124.74901
49957,-125.04356
49958,-125.44444
49959,-125.938736
49960,-126.516655
49961,-127.16848
49962,-127.88437
49963,-128.65466
49964,-129.46953
49965,-130.31927
49966,-129.14957
49967,-125.09493
49968,-123.965805
49969,-124.37115
49970,-126.036354
49971,-128.68692
49972,-132.04814
49973,-135.84541
49974,-139.8041
49975,-143.6496
49976,-147.11455
49977,-149.97314
49978,-152.05545
49979,-153.1937
49980,-153.21739
49981,-151.99234
49982,-149.59593
49983,-146.39247
49984,-142.75749
49985,-139.05283
49986,-135.62395
49987,-132.72044
49988,-130.46228
49989,-128.9645
49990,-128.34828
49991,-128.69548
49992,-129.85928
49993,-131.3832
49994,-132.79886
49995,-133.65291
49996,-133.55913
49997,-132.52188
49998,-131.07335
49999,-129.76321
50000,-129.11307
